timestamp_utc=2026-09-03T08:07:28Z
--- versions ---
<elan-home>/bin/lake
Lake version 5.0.0-src+5d86aa4 (Lean version 4.29.0-rc3)
<elan-home>/bin/lean
Lean (version 4.29.0-rc3, arm64-apple-darwin24.6.0, commit 5d86aa4032284a5242470e95fbe25f1ff506763d, Release)
<elan-home>/bin/elan
elan 4.2.0 (861dbdae2 2026-02-25)
--- root modules ---
### NumStability.lean
import NumStability.All

/-!
# NumStability compatibility entry point

This module preserves the pre-migration behavior of `import NumStability` by
re-exporting the complete tree.  New downstream code should prefer the narrowest
entry point that supplies the declarations it uses.
-/
### NumStability/All.lean
import NumStability.Algorithms
import NumStability.Analysis
import NumStability.FloatingPoint
import NumStability.Source

/-!
# Complete NumStability tree

This is the explicit complete-tree entry point, including reusable mathematics,
book correspondence, audit capstones, and case studies.
-/
### NumStability/Core.lean
import NumStability.Analysis.Error.Measures.All
import NumStability.Analysis.FirstOrderFramework
import NumStability.Analysis.FloatingPointArithmetic.ErrorModels.All
import NumStability.Analysis.Rounding
import NumStability.Analysis.Stability
import NumStability.FloatingPoint.Model

/-!
# Reusable NumStability foundations

This entry point exposes the source-independent floating-point model and the
small foundational error-analysis surface.  It is deliberately narrower than
`NumStability.All`; algorithm-family entry points will be added as their APIs are
classified during migration.
-/
### NumStability/FloatingPoint.lean
import NumStability.FloatingPoint.FusedMultiplyAdd.All
import NumStability.FloatingPoint.IEEE
import NumStability.FloatingPoint.Model
import NumStability.FloatingPoint.OperationLaws

/-!
# Floating-point foundations

Complete reusable entry point for floating-point models, IEEE-facing
operations, and general operation laws.
-/
### NumStability/Analysis.lean
import NumStability.Algorithms.LinearSystems.CramersRule.Core
import NumStability.Algorithms.MatrixEquations.Sylvester.BackwardError.Specification
import NumStability.Algorithms.MatrixEquations.Sylvester.Conditioning.FirstOrder
import NumStability.Algorithms.MatrixEquations.Sylvester.Conditioning.SingularValue
import NumStability.Algorithms.MatrixEquations.Sylvester.Conditioning.StructuredLyapunov
import NumStability.Algorithms.MatrixEquations.Sylvester.Conditioning.StructuredSylvester
import NumStability.Algorithms.MatrixEquations.Sylvester.Equation.Basic
import NumStability.Algorithms.MatrixEquations.Sylvester.Equation.Diagonal
import NumStability.Algorithms.MatrixEquations.Sylvester.Equation.Lyapunov
import NumStability.Algorithms.MatrixEquations.Sylvester.Perturbation.Basic
import NumStability.Analysis.AlternativeNumberSystems
import NumStability.Analysis.Approximation.SineTaylor.OddDegreeFiveError.Theorems
import NumStability.Analysis.Asymptotics
import NumStability.Analysis.BeneficialRounding
import NumStability.Analysis.BrentBaseOptimality
import NumStability.Analysis.Chopping
import NumStability.Analysis.ComplexArithmetic
import NumStability.Analysis.ComplexSqrt
import NumStability.Analysis.ConditionEstimatorLowerBound
import NumStability.Analysis.Conditioning
import NumStability.Analysis.CStarMatrices
import NumStability.Analysis.Equidistribution
import NumStability.Analysis.Error.MatrixProducts
import NumStability.Analysis.Error.Measures.All
import NumStability.Analysis.Error.RoundingProducts.All
import NumStability.Analysis.Error.RoundingProducts.Core
import NumStability.Analysis.FiniteProbability
import NumStability.Analysis.FirstOrder
import NumStability.Analysis.FirstOrderFramework
import NumStability.Analysis.FloatingPointArithmetic.DoubleRounding.All
import NumStability.Analysis.FloatingPointArithmetic.ErrorModels.All
import NumStability.Analysis.FloatingPointArithmetic.Format
import NumStability.Analysis.FloatingPointArithmetic.IeeeSpecialValueOperations.Results
import NumStability.Analysis.FloatingPointArithmetic.MidpointRounding.All
import NumStability.Analysis.FloatingPointArithmetic.MidpointRounding.DecimalTieExamples
import NumStability.Analysis.FloatingPointArithmetic.NearestRoundingError
import NumStability.Analysis.FloatingPointArithmetic.TrigonometricCancellation.All
import NumStability.Analysis.FloatingPointArithmetic.TrigonometricCancellation.Core
import NumStability.Analysis.ForwardError
import NumStability.Analysis.FunctionalCalculus
import NumStability.Analysis.Heron
import NumStability.Analysis.LeadingDigits
import NumStability.Analysis.LinearOperators
import NumStability.Analysis.LinearOperators.MatrixPowers.Semiconvergence.All
import NumStability.Analysis.MatrixAlgebra
import NumStability.Analysis.MatrixEquations.SylvesterExistence
import NumStability.Analysis.MatrixNorms
import NumStability.Analysis.MatrixSpectral
import NumStability.Analysis.Monotonicity
import NumStability.Analysis.Nonassociativity
import NumStability.Analysis.OperatorNorms
import NumStability.Analysis.Perturbation
import NumStability.Analysis.PerturbationTheory
import NumStability.Analysis.Polynomials
import NumStability.Analysis.Probability
import NumStability.Analysis.Probability.Haar.NormalizedOrthogonalMatrixLaw
import NumStability.Analysis.ProblemDependentStability.All
import NumStability.Analysis.ProblemDependentStability.HessenbergDeterminant
import NumStability.Analysis.Quadratic
import NumStability.Analysis.RelativePrecision
import NumStability.Analysis.Rounding
import NumStability.Analysis.SemiconvergentSpectral
import NumStability.Analysis.SingularValues
import NumStability.Analysis.Stability
import NumStability.Analysis.StatisticalRounding
import NumStability.Analysis.Statistics.SampleVariance.All
import NumStability.Analysis.Statistics.SampleVariance.RoundingErrorBounds.Theorems
import NumStability.Analysis.SubtractionFold
import NumStability.Analysis.Summation
import NumStability.Analysis.TestMatrices
import NumStability.Analysis.TieRules
import NumStability.Analysis.VectorNorms
import NumStability.FloatingPoint.FusedMultiplyAdd.Core
import NumStability.FloatingPoint.FusedMultiplyAdd.DotProductCounts
import NumStability.Source.Higham.Chapter01.Problem01.RelativeError.All
import NumStability.Source.Higham.Chapter01.Problem02.NearIntegerTable.Basic
import NumStability.Source.Higham.Chapter01.Problem03.CancellationRewrites.Algebra
import NumStability.Source.Higham.Chapter01.Problem05.CompensatedLogarithm.Basic
import NumStability.Source.Higham.Chapter01.Problem06.CalculatorWords.Basic
import NumStability.Source.Higham.Chapter01.Problem08.MullerRecurrence.Basic
import NumStability.Source.Higham.Chapter01.Problem09.CramersRule.ForwardError
import NumStability.Source.Higham.Chapter01.Problem10.TwoPassSampleVariance.RemainderBound.Theorem
import NumStability.Source.Higham.Chapter01.Section03.ErrorSources.All
import NumStability.Source.Higham.Chapter01.Section07.Cancellation.All
import NumStability.Source.Higham.Chapter01.Section07.TrigonometricCancellation.Example
import NumStability.Source.Higham.Chapter01.Section09.SampleVariance.IeeeSingleOnePassCounterexample.Results
import NumStability.Source.Higham.Chapter01.Section10.CramersRule.PrintedComparison
import NumStability.Source.Higham.Chapter01.Section11.Accumulation.Basic
import NumStability.Source.Higham.Chapter01.Section12.InstabilityWithoutCancellation.PivotingExample
import NumStability.Source.Higham.Chapter01.Section13.IncreasingPrecision.BinaryStorageExamples
import NumStability.Source.Higham.Chapter01.Section14.CancellationOfRoundingErrors.Algorithm02RoundedCore
import NumStability.Source.Higham.Chapter01.Section16.ProblemDependentStability.ExactExample
import NumStability.Source.Higham.Chapter01.Section16.ProblemDependentStability.Table13IeeeSingle
import NumStability.Source.Higham.Chapter01.Section17
import NumStability.Source.Higham.Chapter02.Problem01.FloatingPointCounts.Basic
import NumStability.Source.Higham.Chapter02.Problem03.AdjacentPrecisionValues.Results.Theorems
import NumStability.Source.Higham.Chapter02.Problem05.BinaryOneTenth.Basic
import NumStability.Source.Higham.Chapter02.Problem06.IntegerRepresentability.Basic
import NumStability.Source.Higham.Chapter02.Problem08.MidpointRounding.Counterexample
import NumStability.Source.Higham.Chapter02.Problem09.DoubleRounding.Counterexample.Results
import NumStability.Source.Higham.Chapter02.Problem10.DivisionRoundTrip.ExhaustiveBinary64.Results
import NumStability.Source.Higham.Chapter02.Problem12.ReciprocalProduct.Results.Theorems
import NumStability.Source.Higham.Chapter02.Problem13.ReciprocalProductThreshold.Results.Theorems
import NumStability.Source.Higham.Chapter02.Problem14.UnitRoundoffProbe.IeeeExamples.Results
import NumStability.Source.Higham.Chapter02.Problem18.ExactSubtractionCounterexample.Basic
import NumStability.Source.Higham.Chapter02.Problem19.GradualUnderflowExactness.Basic
import NumStability.Source.Higham.Chapter02.Problem20.SquareRootIdentities.Basic
import NumStability.Source.Higham.Chapter02.Problem21.HypotenuseNormalization.StandardModelCounterexample.Results
import NumStability.Source.Higham.Chapter02.Problem24.GuardDigitCancellation.Basic
import NumStability.Source.Higham.Chapter02.Problem25.NonzeroEvaluation.IeeeFiniteSystems.Results
import NumStability.Source.Higham.Chapter02.Problem26.ExactProduct.Discrepancy
import NumStability.Source.Higham.Chapter02.Problem27.KahanDeterminant.Basic
import NumStability.Source.Higham.Chapter02.Problem28.IterativeDivisionTermination.UnderflowAwareConvergence.Results
import NumStability.Source.Higham.Chapter02.Problems15And16.SpecialValueProbes.Basic
import NumStability.Source.Higham.Chapter02.Section04.NoGuardModel.All
import NumStability.Source.Higham.Chapter02.Section06.Discriminant.FusedMultiplyAdd.Counterexample.Results
import NumStability.Source.Higham.Chapter02.Section06.Discriminant.StandardModel.Counterexample.Results
import NumStability.Source.Higham.Chapter02.Section06.FusedMultiplyAdd.DotProductCount
import NumStability.Source.Higham.Chapter02.Section06.ReciprocalIteration.Basic
import NumStability.Source.Higham.Chapter02.Section10.ArctangentRange.Counterexample.Results
import NumStability.Source.Higham.Chapter02.Section10.Tablemaker.FiniteSeparation.Basic
import NumStability.Source.Higham.Chapter02.Section10.Tablemaker.FiniteSeparation.Results.Theorems
import NumStability.Source.Higham.Chapter02.Section11.AccuracyTests.CodySineResults.Theorems
import NumStability.Source.Higham.Chapter03.Problem02.ProductBounds.PositiveFactors
import NumStability.Source.Higham.Chapter06
import NumStability.Source.Higham.Chapter07.Equation17.KahanConditioningExample
import NumStability.Source.Higham.Chapter07.LinearSystemsConditioning.Theorem03.RectangularResults
import NumStability.Source.Higham.Chapter07.LinearSystemsConditioning.Theorem05.RowInfinityScaleCounterexample.Theorems
import NumStability.Source.Higham.Chapter16.Foundations.Core
import NumStability.Source.Higham.Chapter16.Section02.SylvesterAndLyapunovBackwardError.Equation10
import NumStability.Source.Higham.Chapter16.Section02.SylvesterAndLyapunovBackwardError.Equation11
import NumStability.Source.Higham.Chapter16.Section02.SylvesterAndLyapunovBackwardError.Equation12
import NumStability.Source.Higham.Chapter16.Section02.SylvesterAndLyapunovBackwardError.Equation21
import NumStability.Source.Higham.Chapter16.Section02.SylvesterAndLyapunovBackwardError.LyapunovDefinition
import NumStability.Source.Higham.Chapter16.Section03.PerturbationAndConditioning.Equation22
import NumStability.Source.Higham.Chapter16.Section03.PerturbationAndConditioning.Equation23
import NumStability.Source.Higham.Chapter16.Section03.PerturbationAndConditioning.Equation24
import NumStability.Source.Higham.Chapter16.Section03.PerturbationAndConditioning.Equation25
import NumStability.Source.Higham.Chapter16.Section03.PerturbationAndConditioning.Equation26
import NumStability.Source.Higham.Chapter16.Section03.PerturbationAndConditioning.Equation27
import NumStability.Source.Higham.Chapter16.Section04.PracticalErrorBounds.Equation28
import NumStability.Source.Higham.Chapter17.Equation22
import NumStability.Source.Higham.Chapter18.Section01.MatrixPowerBounds.NamedBounds.SpijkerKreissUnconditional

/-!
# Analysis aggregate

Declaration-free aggregate for the reusable analysis subtree.
-/
### NumStability/Algorithms.lean
import NumStability.Algorithms.AitkenDenominator
import NumStability.Algorithms.Arithmetic.DotProduct.NoGuard
import NumStability.Algorithms.BlockDotProduct
import NumStability.Algorithms.Cholesky.CholeskyDemmel
import NumStability.Algorithms.Cholesky.CholeskyFl
import NumStability.Algorithms.Cholesky.CholeskyNonsym
import NumStability.Algorithms.Cholesky.CholeskySpec
import NumStability.Algorithms.ComplexBackwardError
import NumStability.Algorithms.CondEstimation
import NumStability.Algorithms.ContinuedFraction
import NumStability.Algorithms.DotProduct
import NumStability.Algorithms.ExtendedPrecisionDotProduct
import NumStability.Algorithms.FastMatMul
import NumStability.Algorithms.GridPoints
import NumStability.Algorithms.LinearSystems
import NumStability.Algorithms.LinearSystems.Cholesky.ErrorAnalysis.PositivePivots.Certificate
import NumStability.Algorithms.LinearSystems.Cholesky.Perturbation
import NumStability.Algorithms.LinearSystems.Cholesky.PositiveSemidefinite.KahanTelescope.Identity
import NumStability.Algorithms.LinearSystems.Cholesky.PositiveSemidefinite.PivotedFactorization.Existence
import NumStability.Algorithms.LinearSystems.Cholesky.PositiveSemidefinite.StageEmbedding.InteriorMass
import NumStability.Algorithms.LinearSystems.Cholesky.Solve
import NumStability.Algorithms.LinearSystems.Iterative.Stationary.Semiconvergence.All
import NumStability.Algorithms.LinearSystems.LeastSquares
import NumStability.Algorithms.LinearSystems.LU.BlockLU
import NumStability.Algorithms.LinearSystems.LU.Doolittle.Assembly.Core
import NumStability.Algorithms.LinearSystems.QR.GivensMatrixStep
import NumStability.Algorithms.LinearSystems.QR.GivensQR
import NumStability.Algorithms.LinearSystems.QR.GivensSpec
import NumStability.Algorithms.LinearSystems.QR.GramSchmidt
import NumStability.Algorithms.LinearSystems.QR.GramSchmidtPolar
import NumStability.Algorithms.LinearSystems.QR.HouseholderApply
import NumStability.Algorithms.LinearSystems.QR.HouseholderConstruction2
import NumStability.Algorithms.LinearSystems.QR.HouseholderMatrixStep
import NumStability.Algorithms.LinearSystems.QR.HouseholderOneStep
import NumStability.Algorithms.LinearSystems.QR.HouseholderQR
import NumStability.Algorithms.LinearSystems.QR.HouseholderReflector
import NumStability.Algorithms.LinearSystems.QR.HouseholderSpec
import NumStability.Algorithms.LinearSystems.QR.QRSolve
import NumStability.Algorithms.LinearSystems.SymmetricIndefinite.Aasen.AasenCoupledFp
import NumStability.Algorithms.LinearSystems.SymmetricIndefinite.Aasen.AasenFactorResidual
import NumStability.Algorithms.LinearSystems.SymmetricIndefinite.BlockLDLT.BunchTridiagonalFactorBound
import NumStability.Algorithms.LinearSystems.SymmetricIndefinite.BlockLDLT.BunchTridiagonalGrowth
import NumStability.Algorithms.LinearSystems.SymmetricIndefinite.BlockLDLT.BunchTridiagonalGrowthInvariant
import NumStability.Algorithms.LinearSystems.SymmetricIndefinite.BlockLDLT.BunchTridiagonalSparseFactor
import NumStability.Algorithms.LinearSystems.SymmetricIndefinite.BlockLDLT.BunchTridiagonalSparseSolve
import NumStability.Algorithms.LinearSystems.SymmetricIndefinite.ErrorAnalysis
import NumStability.Algorithms.LinearSystems.SymmetricIndefinite.Pivoting
import NumStability.Algorithms.LinearSystems.Underdetermined.MinimumNorm.Solvers.Executor.Core
import NumStability.Algorithms.LogExpProduct
import NumStability.Algorithms.LU.GaussianElimination
import NumStability.Algorithms.LU.GrowthFactor
import NumStability.Algorithms.LU.LUSolve
import NumStability.Algorithms.LU.SpecialMatrices
import NumStability.Algorithms.LU.Tridiagonal
import NumStability.Algorithms.LU.TridiagonalCond
import NumStability.Algorithms.LU.TridiagonalRecurrence
import NumStability.Algorithms.MatMul
import NumStability.Algorithms.MatMulBackwardError
import NumStability.Algorithms.MatrixEquations
import NumStability.Algorithms.MatrixInversion.LUFactors
import NumStability.Algorithms.MatrixInversion.Residuals
import NumStability.Algorithms.MatrixInversion.Triangular
import NumStability.Algorithms.MatSeqProduct
import NumStability.Algorithms.MatVec
import NumStability.Algorithms.MMatrix
import NumStability.Algorithms.NeumaierCompensatedFiniteFormat
import NumStability.Algorithms.Norm2
import NumStability.Algorithms.NormEstimation
import NumStability.Algorithms.OuterProduct
import NumStability.Algorithms.PolynomialEvaluation.DerivativeEvaluation.ErrorBounds
import NumStability.Algorithms.PriestAccuracy
import NumStability.Algorithms.PriestDefectBounded
import NumStability.Algorithms.Quadrature
import NumStability.Algorithms.RankOneUpdate
import NumStability.Algorithms.SquareDifference
import NumStability.Algorithms.Summation
import NumStability.Algorithms.Sylvester
import NumStability.Algorithms.TestMatrices.UpperTriangularStress
import NumStability.Algorithms.TreeDotProduct
import NumStability.Analysis.ConditionEstimatorLowerBound
import NumStability.Analysis.CStarMatrices.FiniteMatrixAlgebra
import NumStability.Analysis.LinearOperators.MatrixPowers.ExactNormBounds.NormalMatrices
import NumStability.Analysis.LinearOperators.MatrixPowers.Henrici.NormalCharacterization
import NumStability.Analysis.LinearOperators.MatrixPowers.Henrici.SchurBinomialBounds
import NumStability.Analysis.LinearOperators.MatrixPowers.Semiconvergence.All
import NumStability.Analysis.LinearOperators.MatrixPowers.Spijker.ArcLengthPowerBounds
import NumStability.Analysis.LinearOperators.MatrixPowers.Spijker.FiniteDimensionalPowerBounds
import NumStability.Analysis.LinearOperators.MatrixPowers.Spijker.PlanarArcLength
import NumStability.Analysis.LinearOperators.MatrixPowers.Spijker.PlanarCrossingBounds
import NumStability.Analysis.LinearOperators.MatrixPowers.Spijker.ResolventCoefficients
import NumStability.Analysis.LinearOperators.NumericalRadius.Berger.GeneralPowerInequality
import NumStability.Analysis.LinearOperators.Schur.Complex.NormalTriangular
import NumStability.Analysis.MatrixEquations.SylvesterExistence
import NumStability.Analysis.MatrixNorms.SpectralExtrema.PrincipalSubmatrices.Bounds
import NumStability.Analysis.Perturbation.LeastSquares
import NumStability.Analysis.Probability.Gaussian.AbsoluteMoment
import NumStability.Analysis.SemiconvergentExistenceGaps
import NumStability.Analysis.SemiconvergentSpectral
import NumStability.Source.Higham.Chapter03.Problem11.KahanAbsoluteValue.IeeeDoubleTrace.Results
import NumStability.Source.Higham.Chapter04
import NumStability.Source.Higham.Chapter04.Problem02.WilkinsonAttainability.IeeeDoubleTrace.Results
import NumStability.Source.Higham.Chapter05.Algorithm01.ComplexHorner.ErrorBounds.Theorems
import NumStability.Source.Higham.Chapter05.Section02.BidiagonalDerivativeAnalysis.Results.Theorems
import NumStability.Source.Higham.Chapter05.Section02.DerivativeError.Results.Theorems
import NumStability.Source.Higham.Chapter05.Section04.PatersonStockmeyer.Results.Theorems
import NumStability.Source.Higham.Chapter05.Section05.FastPolynomialEvaluation.Results.Theorems
import NumStability.Source.Higham.Chapter06.Asides
import NumStability.Source.Higham.Chapter06.BlockAntidiagonalNorm
import NumStability.Source.Higham.Chapter06.Lemma06
import NumStability.Source.Higham.Chapter06.Lemma06.OperatorTwoNormBound
import NumStability.Source.Higham.Chapter07.Equation26.RumpCycle.Results.Theorems
import NumStability.Source.Higham.Chapter08.Equation02.TriangularSubstitution.RelativeInfinityNormBounds.Theorems
import NumStability.Source.Higham.Chapter08.Equation15.FanInExecutor.FirstOrderResidual
import NumStability.Source.Higham.Chapter08.Equation15.GlobalEnvelopeCounterexample.LocalCancellationResults.Theorems
import NumStability.Source.Higham.Chapter08.Equation18.FanInExecutor.FirstOrderForwardError
import NumStability.Source.Higham.Chapter08.Problem02.ComparisonMatrixWitness.ArbitraryRatios.Theorems
import NumStability.Source.Higham.Chapter08.Problem07.DiagonalScaling.Results.Theorems
import NumStability.Source.Higham.Chapter08.Problem08.SingleEntrySingularity.Results.Theorems
import NumStability.Source.Higham.Chapter08.Problem09.KahanSingularValues.Results.Theorems
import NumStability.Source.Higham.Chapter08.Section03.TriangularSystems.ComparisonConditioningResults.Theorems
import NumStability.Source.Higham.Chapter08.Section03.TriangularSystems.InverseNormResults.Theorems
import NumStability.Source.Higham.Chapter09
import NumStability.Source.Higham.Chapter10.Equation07.AbsoluteFactorNorm
import NumStability.Source.Higham.Chapter10.Equation29.Mathias
import NumStability.Source.Higham.Chapter10.Equation29.Mathias.RoundedSchur.Bounds
import NumStability.Source.Higham.Chapter10.Equation30.ComplexPositiveDefinite.NoPivotLU.SourceBounds
import NumStability.Source.Higham.Chapter10.Lemma11.PivotSequenceStability
import NumStability.Source.Higham.Chapter10.Lemma13.KahanSharpness
import NumStability.Source.Higham.Chapter10.Lemma13.KahanSharpness.OperatorNorm.SourceBound
import NumStability.Source.Higham.Chapter10.Lemma13.KahanSharpness.UnboundedGrowth.Construction
import NumStability.Source.Higham.Chapter10.Problem01.PositiveSemidefiniteEntries.EntryBounds.Results
import NumStability.Source.Higham.Chapter10.Problem03.ArbitraryEvaluationOrder
import NumStability.Source.Higham.Chapter10.Problem04.UnpivotedGrowth.PositivePivots.Bounds
import NumStability.Source.Higham.Chapter10.Section01.Factorization.ExistenceUniqueness.Results
import NumStability.Source.Higham.Chapter10.Section02.ErrorAnalysis.FactorizationAndSolve.Bounds
import NumStability.Source.Higham.Chapter10.Section03.PositiveSemidefinite.ConstructiveFactorization.Existence
import NumStability.Source.Higham.Chapter10.Section03.PositiveSemidefinite.PivotingAndScaling.Results
import NumStability.Source.Higham.Chapter10.Section03.PositiveSemidefinite.QuadraticFormBounds.WeightedNorm
import NumStability.Source.Higham.Chapter10.Section03.PositiveSemidefinite.TrailingTermination.Bound
import NumStability.Source.Higham.Chapter10.Section04.PositiveDefiniteSymmetricPart.LUGrowth.Equation29
import NumStability.Source.Higham.Chapter10.Section04.PositiveDefiniteSymmetricPart.SchurStages.Bounds
import NumStability.Source.Higham.Chapter10.Theorem06.RoundedCholesky.ForwardError.ActualAlgorithm
import NumStability.Source.Higham.Chapter10.Theorem07.FailureVacuity
import NumStability.Source.Higham.Chapter10.Theorem07.SuccessThreshold.Factorization
import NumStability.Source.Higham.Chapter10.Theorem08.ComponentwisePerturbation.NormalizedResolvent.SourceBound
import NumStability.Source.Higham.Chapter10.Theorem08.NormwiseDiscrepancy.Counterexample.Uniqueness
import NumStability.Source.Higham.Chapter10.Theorem14.CompletePivotedPSD
import NumStability.Source.Higham.Chapter10.Theorem14.CompletePivotedPSD.ActualComputation.ErrorBounds
import NumStability.Source.Higham.Chapter10.Theorem14.CompletePivotedPSD.RankSensitiveError.Bounds
import NumStability.Source.Higham.Chapter10.Theorem14.CompletePivotedPSD.RoundedErrorAnalysis.Bounds
import NumStability.Source.Higham.Chapter10.Theorem14.CompletePivotedPSD.SchurPerturbation.Family
import NumStability.Source.Higham.Chapter10.Theorem14.CompletePivotedPSD.SuccessfulRun.StageBounds
import NumStability.Source.Higham.Chapter11
import NumStability.Source.Higham.Chapter11.Theorem07.TridiagonalTwoByTwoResidual
import NumStability.Source.Higham.Chapter12
import NumStability.Source.Higham.Chapter13.BlockLU
import NumStability.Source.Higham.Chapter13.DemmelSharpMultiplier
import NumStability.Source.Higham.Chapter14
import NumStability.Source.Higham.Chapter14.Section03.ResidualOperatorTwoNorm
import NumStability.Source.Higham.Chapter15
import NumStability.Source.Higham.Chapter17
import NumStability.Source.Higham.Chapter17.Results.All
import NumStability.Source.Higham.Chapter18.Section01.MatrixPowerBounds.NamedBounds.SpijkerKreissUnconditional
import NumStability.Source.Higham.Chapter19
import NumStability.Source.Higham.Chapter20
import NumStability.Source.Higham.Chapter22
import NumStability.Source.Higham.Chapter24
import NumStability.Source.Higham.Chapter25
import NumStability.Source.Higham.Chapter26
import NumStability.Source.Higham.Chapter27
import NumStability.Source.Higham.Chapter28

/-!
# Algorithms aggregate

Declaration-free aggregate for the algorithms subtree.
-/
### NumStability/Source.lean
import NumStability.Source.Higham
import NumStability.Source.Higham.Chapter01.Problem10.TwoPassSampleVariance.RemainderBound.Theorem
import NumStability.Source.Higham.Chapter01.Section09.SampleVariance.IeeeSingleOnePassCounterexample.Results
import NumStability.Source.Higham.Chapter01.Section13.IncreasingPrecision.BinaryStorageExamples
import NumStability.Source.Higham.Chapter01.Section14.CancellationOfRoundingErrors.Algorithm02RoundedCore
import NumStability.Source.Higham.Chapter02.Problem03.AdjacentPrecisionValues.Results.Theorems
import NumStability.Source.Higham.Chapter02.Problem12.ReciprocalProduct.Results.Theorems
import NumStability.Source.Higham.Chapter02.Problem13.ReciprocalProductThreshold.Results.Theorems
import NumStability.Source.Higham.Chapter02.Problem14.UnitRoundoffProbe.IeeeExamples.Results
import NumStability.Source.Higham.Chapter02.Problem21.HypotenuseNormalization.StandardModelCounterexample.Results
import NumStability.Source.Higham.Chapter02.Problem28.IterativeDivisionTermination.UnderflowAwareConvergence.Results
import NumStability.Source.Higham.Chapter02.Section06.Discriminant.FusedMultiplyAdd.Counterexample.Results
import NumStability.Source.Higham.Chapter02.Section06.Discriminant.StandardModel.Counterexample.Results
import NumStability.Source.Higham.Chapter02.Section10.ArctangentRange.Counterexample.Results
import NumStability.Source.Higham.Chapter02.Section10.Tablemaker.FiniteSeparation.Results.Theorems
import NumStability.Source.Higham.Chapter02.Section11.AccuracyTests.CodySineResults.Theorems
import NumStability.Source.Higham.Chapter03.Problem11.KahanAbsoluteValue.IeeeDoubleTrace.Results
import NumStability.Source.Higham.Chapter04.Problem02.WilkinsonAttainability.IeeeDoubleTrace.Results
import NumStability.Source.Higham.Chapter05.Algorithm01.ComplexHorner.ErrorBounds.Theorems
import NumStability.Source.Higham.Chapter05.Section02.BidiagonalDerivativeAnalysis.Results.Theorems
import NumStability.Source.Higham.Chapter05.Section02.DerivativeError.Results.Theorems
import NumStability.Source.Higham.Chapter05.Section04.PatersonStockmeyer.Results.Theorems
import NumStability.Source.Higham.Chapter05.Section05.FastPolynomialEvaluation.Results.Theorems
import NumStability.Source.Higham.Chapter07.Equation17.KahanConditioningExample
import NumStability.Source.Higham.Chapter07.Equation26.RumpCycle.Results.Theorems
import NumStability.Source.Higham.Chapter07.LinearSystemsConditioning.Theorem03.RectangularResults
import NumStability.Source.Higham.Chapter07.LinearSystemsConditioning.Theorem05.RowInfinityScaleCounterexample.Theorems
import NumStability.Source.Higham.Chapter08.Equation02.TriangularSubstitution.RelativeInfinityNormBounds.Theorems
import NumStability.Source.Higham.Chapter08.Equation15.GlobalEnvelopeCounterexample.LocalCancellationResults.Theorems
import NumStability.Source.Higham.Chapter08.Problem02.ComparisonMatrixWitness.ArbitraryRatios.Theorems
import NumStability.Source.Higham.Chapter08.Problem07.DiagonalScaling.Results.Theorems
import NumStability.Source.Higham.Chapter08.Problem08.SingleEntrySingularity.Results.Theorems
import NumStability.Source.Higham.Chapter08.Problem09.KahanSingularValues.Results.Theorems
import NumStability.Source.Higham.Chapter08.Section03.TriangularSystems.ComparisonConditioningResults.Theorems
import NumStability.Source.Higham.Chapter08.Section03.TriangularSystems.InverseNormResults.Theorems

/-!
# NumStability source correspondence

Canonical entry point for modules tied to numbered books and papers. Reusable
analysis and algorithms must not depend on this surface.
-/
### NumStability/Higham.lean
import NumStability.Source.Higham

/-!
# Compatibility entry point for Higham correspondence

This historical entry point forwards to `NumStability.Source.Higham`.
Downstream code should use the canonical source entry point.
-/
--- all Lean files including ignored ---
NumStability.lean
NumStability/Algorithms.lean
NumStability/Algorithms/AccumulatorSum.lean
NumStability/Algorithms/AitkenDenominator.lean
NumStability/Algorithms/Arithmetic/DotProduct/NoGuard.lean
NumStability/Algorithms/Arithmetic/DotProduct/NoGuard/Core.lean
NumStability/Algorithms/Arithmetic/DotProduct/NoGuard/Tree.lean
NumStability/Algorithms/AutomaticErrorAnalysis/Higham26.lean
NumStability/Algorithms/AutomaticErrorAnalysis/Higham26SourceSearch.lean
NumStability/Algorithms/BlockDotProduct.lean
NumStability/Algorithms/Ch10ActualSourceClosure.lean
NumStability/Algorithms/Ch10Ch14Lemma66Op2Bridge.lean
NumStability/Algorithms/Ch10ComplexPositiveDefiniteSourceClosure.lean
NumStability/Algorithms/Ch10KahanSharpness.lean
NumStability/Algorithms/Ch10KahanSharpnessSource.lean
NumStability/Algorithms/Ch10Lemma1011Source.lean
NumStability/Algorithms/Ch10PivotedPSDSourceClosure.lean
NumStability/Algorithms/Ch10Theorem107FailureVacuity.lean
NumStability/Algorithms/Ch10Theorem108Componentwise.lean
NumStability/Algorithms/Ch10Theorem108Source.lean
NumStability/Algorithms/Ch14AsymptoticFamilies.lean
NumStability/Algorithms/Ch14BlockTriInverse.lean
NumStability/Algorithms/Ch14Cor146UniformInverseBridge.lean
NumStability/Algorithms/Ch14Cor147FinalDivisionFamilyClosure.lean
NumStability/Algorithms/Ch14Cor147SourceDomainConstructor.lean
NumStability/Algorithms/Ch14Corollary146Closure.lean
NumStability/Algorithms/Ch14Corollary146Concrete.lean
NumStability/Algorithms/Ch14Corollary146SourceClosure.lean
NumStability/Algorithms/Ch14Corollary147.lean
NumStability/Algorithms/Ch14Corollary147Closure.lean
NumStability/Algorithms/Ch14Corollary147Concrete.lean
NumStability/Algorithms/Ch14Corollary147SourceClosure.lean
NumStability/Algorithms/Ch14Corollary147WeakFamily.lean
NumStability/Algorithms/Ch14ForwardErrorEndpoint.lean
NumStability/Algorithms/Ch14GJEActualDoolittleAdapter.lean
NumStability/Algorithms/Ch14GJEAsymptoticFamilies.lean
NumStability/Algorithms/Ch14GJEFinalDivisionClosure.lean
NumStability/Algorithms/Ch14GJEOperationalBridge.lean
NumStability/Algorithms/Ch14GJEPrintedEnvelopeClosure.lean
NumStability/Algorithms/Ch14GJESourceAccumulationBridge.lean
NumStability/Algorithms/Ch14GJETheorem145SourceClosure.lean
NumStability/Algorithms/Ch14GaussJordanAccumulation.lean
NumStability/Algorithms/Ch14GaussJordanQConstruction.lean
NumStability/Algorithms/Ch14GaussJordanSPDCorollary.lean
NumStability/Algorithms/Ch14GaussJordanSourceClosure.lean
NumStability/Algorithms/Ch14GaussJordanStep.lean
NumStability/Algorithms/Ch14HymanDeterminant.lean
NumStability/Algorithms/Ch14Method1BWhole.lean
NumStability/Algorithms/Ch14Method2C.lean
NumStability/Algorithms/Ch14Method2CWhole.lean
NumStability/Algorithms/Ch14Method2Loop.lean
NumStability/Algorithms/Ch14MethodDLeftResidual.lean
NumStability/Algorithms/Ch14MethodDProductDischarge.lean
NumStability/Algorithms/Ch14MethodDUpperCertificate.lean
NumStability/Algorithms/Ch14MethodsBC.lean
NumStability/Algorithms/Ch14Problem1413Boundary.lean
NumStability/Algorithms/Ch14Problem142.lean
NumStability/Algorithms/Ch14Problem142Families.lean
NumStability/Algorithms/Ch14Problem142Method2B.lean
NumStability/Algorithms/Ch14ProductErrorNotation.lean
NumStability/Algorithms/Ch14SchulzIteration.lean
NumStability/Algorithms/Ch14SchulzRectangular.lean
NumStability/Algorithms/Ch14SchulzSpectralConvergence.lean
NumStability/Algorithms/Ch14SourceCorrections.lean
NumStability/Algorithms/Ch15CondEstimators.lean
NumStability/Algorithms/Ch15DixonClosure.lean
NumStability/Algorithms/Ch15DixonProbability.lean
NumStability/Algorithms/Ch4KahanFiniteFamily.lean
NumStability/Algorithms/Ch5DerivativeError.lean
NumStability/Algorithms/Ch5LejaProducer.lean
NumStability/Algorithms/Ch5NewtonForm.lean
NumStability/Algorithms/Ch5SourceClosure.lean
NumStability/Algorithms/Chapter06Lemma66.lean
NumStability/Algorithms/Chapter14Problem1415Weyl.lean
NumStability/Algorithms/Chapter15CondEst.lean
NumStability/Algorithms/Cholesky/Aasen118ReducedCh11Closure.lean
NumStability/Algorithms/Cholesky/AasenAdjacentPivotOperationalMiddleCh11.lean
NumStability/Algorithms/Cholesky/AasenAdjacentPivotResidualDomainCh11Discrepancy.lean
NumStability/Algorithms/Cholesky/AasenAdjacentPivotSourceResidualCh11Closure.lean
NumStability/Algorithms/Cholesky/AasenAdjacentPivotTridiagExecutorCh11Closure.lean
NumStability/Algorithms/Cholesky/AasenAdjacentPivotTridiagForwardCounterexampleCh11.lean
NumStability/Algorithms/Cholesky/AasenCoupledFpCh11Closure.lean
NumStability/Algorithms/Cholesky/AasenDirect118Ch11Closure.lean
NumStability/Algorithms/Cholesky/AasenDirectTridiagGEPPSolveCh11Closure.lean
NumStability/Algorithms/Cholesky/AasenFactorNormCh11Closure.lean
NumStability/Algorithms/Cholesky/AasenFactorResidualCh11Closure.lean
NumStability/Algorithms/Cholesky/AasenGrowthCh11Closure.lean
NumStability/Algorithms/Cholesky/AasenMiddleGEPPCh11Counterexample.lean
NumStability/Algorithms/Cholesky/AasenOriginalCoordinateCorrectionCh11.lean
NumStability/Algorithms/Cholesky/AasenPermutationSourceCorrectionCh11.lean
NumStability/Algorithms/Cholesky/AasenPrintedCoefficientAlgebraCh11Closure.lean
NumStability/Algorithms/Cholesky/AasenSourceSharpFactorResidualCh11Closure.lean
NumStability/Algorithms/Cholesky/AasenTheorem118ScalarEdgeCh11Discrepancy.lean
NumStability/Algorithms/Cholesky/AasenTridiagGEPPCh11Closure.lean
NumStability/Algorithms/Cholesky/AasenUnitOuterSolveCh11Closure.lean
NumStability/Algorithms/Cholesky/BlockLDLTAllOneByOnePrintedCh11Closure.lean
NumStability/Algorithms/Cholesky/BlockLDLTBunchTridiagonalCh11Closure.lean
NumStability/Algorithms/Cholesky/BlockLDLTMixedPivotCh11Closure.lean
NumStability/Algorithms/Cholesky/BlockLDLTSolveBackwardCh11Closure.lean
NumStability/Algorithms/Cholesky/BunchKaufmanSolveCh11Closure.lean
NumStability/Algorithms/Cholesky/BunchTridiagonalActualSolveCh11Closure.lean
NumStability/Algorithms/Cholesky/BunchTridiagonalCapstoneCh11Closure.lean
NumStability/Algorithms/Cholesky/BunchTridiagonalFactorBoundCh11Closure.lean
NumStability/Algorithms/Cholesky/BunchTridiagonalGrowthCh11Closure.lean
NumStability/Algorithms/Cholesky/BunchTridiagonalGrowthInvariantCh11Closure.lean
NumStability/Algorithms/Cholesky/BunchTridiagonalHFactorCh11Closure.lean
NumStability/Algorithms/Cholesky/BunchTridiagonalSparseFactorCh11Closure.lean
NumStability/Algorithms/Cholesky/BunchTridiagonalSparseSolveCh11Closure.lean
NumStability/Algorithms/Cholesky/CholeskyDemmel.lean
NumStability/Algorithms/Cholesky/CholeskyFl.lean
NumStability/Algorithms/Cholesky/CholeskyIndefinite.lean
NumStability/Algorithms/Cholesky/CholeskyNonsym.lean
NumStability/Algorithms/Cholesky/CholeskyPSD.lean
NumStability/Algorithms/Cholesky/CholeskyPerturbation.lean
NumStability/Algorithms/Cholesky/CholeskySolve.lean
NumStability/Algorithms/Cholesky/CholeskySpec.lean
NumStability/Algorithms/Cholesky/Higham1014Equation1022.lean
NumStability/Algorithms/Cholesky/Higham1014SourceError.lean
NumStability/Algorithms/Cholesky/Higham1014SourceSuccess.lean
NumStability/Algorithms/Cholesky/Higham1029Source.lean
NumStability/Algorithms/Cholesky/Higham10Problem10_3.lean
NumStability/Algorithms/Cholesky/Higham10Theorem10_7Source.lean
NumStability/Algorithms/Cholesky/Higham11BunchActualSharpGrowthClosure.lean
NumStability/Algorithms/Cholesky/Higham11BunchExactTrace.lean
NumStability/Algorithms/Cholesky/Higham11BunchKaufmanActualSelector.lean
NumStability/Algorithms/Cholesky/Higham11BunchKaufmanExactGrowth.lean
NumStability/Algorithms/Cholesky/Higham11BunchKaufmanExactGrowthArithmetic.lean
NumStability/Algorithms/Cholesky/Higham11BunchKaufmanExactTrace.lean
NumStability/Algorithms/Cholesky/Higham11BunchKaufmanExplicitInverseSolve.lean
NumStability/Algorithms/Cholesky/Higham11BunchKaufmanExplicitInverseTerminalClosedForm.lean
NumStability/Algorithms/Cholesky/Higham11BunchKaufmanRoundedAccumulated.lean
NumStability/Algorithms/Cholesky/Higham11BunchKaufmanRoundedBridge.lean
NumStability/Algorithms/Cholesky/Higham11BunchKaufmanRoundedClosure.lean
NumStability/Algorithms/Cholesky/Higham11BunchKaufmanRoundedExecution.lean
NumStability/Algorithms/Cholesky/Higham11BunchKaufmanRoundedFactors.lean
NumStability/Algorithms/Cholesky/Higham11BunchKaufmanRoundedGlobal.lean
NumStability/Algorithms/Cholesky/Higham11BunchKaufmanRoundedGrowth.lean
NumStability/Algorithms/Cholesky/Higham11BunchKaufmanRoundedGrowthSolve.lean
NumStability/Algorithms/Cholesky/Higham11BunchKaufmanRoundedMiddleSolve.lean
NumStability/Algorithms/Cholesky/Higham11BunchKaufmanRoundedSolve.lean
NumStability/Algorithms/Cholesky/Higham11BunchKaufmanRoundedTerminal.lean
NumStability/Algorithms/Cholesky/Higham11BunchKaufmanRoundedTerminalClosedForm.lean
NumStability/Algorithms/Cholesky/Higham11BunchKaufmanSourceCorrection.lean
NumStability/Algorithms/Cholesky/Higham11BunchSharpGrowthBridge.lean
NumStability/Algorithms/Cholesky/Higham11BunchTraceHadamard.lean
NumStability/Algorithms/Cholesky/Higham11Chapter9ActualExecutorBridge.lean
NumStability/Algorithms/Cholesky/Higham11Chapter9BridgeClosure.lean
NumStability/Algorithms/Cholesky/Higham11RookExactTrace.lean
NumStability/Algorithms/Cholesky/Higham11RookExecutorAdapter.lean
NumStability/Algorithms/Cholesky/Higham11RookRoundedGap.lean
NumStability/Algorithms/Cholesky/Higham11RookSourceClosure.lean
NumStability/Algorithms/Cholesky/Higham11SkewActualSelector.lean
NumStability/Algorithms/Cholesky/Higham11SkewExactTrace.lean
NumStability/Algorithms/Cholesky/Higham11SkewSourceCorrection.lean
NumStability/Algorithms/Cholesky/HighamMathiasFirstBreakdown.lean
NumStability/Algorithms/Cholesky/HighamMathiasSource.lean
NumStability/Algorithms/Cholesky/TwoByTwoSchurStepCh11Closure.lean
NumStability/Algorithms/Circulant/Higham24.lean
NumStability/Algorithms/Circulant/Higham24BackwardStability.lean
NumStability/Algorithms/Circulant/Higham24ForwardError.lean
NumStability/Algorithms/Circulant/Higham24ForwardPerturbation.lean
NumStability/Algorithms/Circulant/Higham24InverseFFT.lean
NumStability/Algorithms/Circulant/Higham24LiteralSolver.lean
NumStability/Algorithms/Circulant/Higham24Rounded.lean
NumStability/Algorithms/Circulant/Higham24Structured.lean
NumStability/Algorithms/CompensatedSum.lean
NumStability/Algorithms/ComplexBackwardError.lean
NumStability/Algorithms/CondEstimation.lean
NumStability/Algorithms/ContinuedFraction.lean
NumStability/Algorithms/DotProduct.lean
NumStability/Algorithms/DoublyCompensatedSum.lean
NumStability/Algorithms/ExtendedPrecisionDotProduct.lean
NumStability/Algorithms/FFT/Higham24.lean
NumStability/Algorithms/FFT/Higham24Radix2.lean
NumStability/Algorithms/FastMatMul.lean
NumStability/Algorithms/FastMatMul/Higham23.lean
NumStability/Algorithms/FastMatMul/Higham23Bini.lean
NumStability/Algorithms/FastMatMul/Higham23Problem23_8.lean
NumStability/Algorithms/FastMatMul/Higham23Recursive.lean
NumStability/Algorithms/FastMatMul/Higham23Remaining.lean
NumStability/Algorithms/FastMatMul/Higham23ThreeMStrassen.lean
NumStability/Algorithms/FastMatMul/Internal/LegacyBounds.lean
NumStability/Algorithms/FastMatMul/Recurrences.lean
NumStability/Algorithms/ForwardSub.lean
NumStability/Algorithms/GaussJordan.lean
NumStability/Algorithms/GaussJordanPivoting.lean
NumStability/Algorithms/GridPoints.lean
NumStability/Algorithms/Higham5FastPolynomialEvaluation.lean
NumStability/Algorithms/Higham5PatersonStockmeyer.lean
NumStability/Algorithms/Higham726Rump.lean
NumStability/Algorithms/HighamChapter10.lean
NumStability/Algorithms/HighamChapter11.lean
NumStability/Algorithms/HighamChapter12.lean
NumStability/Algorithms/HighamChapter12Ch9GenericSolverBridge.lean
NumStability/Algorithms/HighamChapter12Ch9SolverBridge.lean
NumStability/Algorithms/HighamChapter12OmegaDiscontinuity.lean
NumStability/Algorithms/HighamChapter12Problem12_2.lean
NumStability/Algorithms/HighamChapter15BoydBridges.lean
NumStability/Algorithms/HighamChapter15BoydConcreteLemma3.lean
NumStability/Algorithms/HighamChapter15BoydLocalStability.lean
NumStability/Algorithms/HighamChapter15BoydRowwiseDomain.lean
NumStability/Algorithms/HighamChapter15BoydScalar.lean
NumStability/Algorithms/HighamChapter15BoydSourceClosure.lean
NumStability/Algorithms/HighamChapter15BoydSourceDomain.lean
NumStability/Algorithms/HighamChapter15BoydSourceLocal.lean
NumStability/Algorithms/HighamChapter15BoydSourceSecondDerivative.lean
NumStability/Algorithms/HighamChapter15BoydUniqueness.lean
NumStability/Algorithms/HighamChapter15Ch7PracticalBoundBridge.lean
NumStability/Algorithms/HighamChapter15ConvergenceProse.lean
NumStability/Algorithms/HighamChapter15RectTermination.lean
NumStability/Algorithms/HighamChapter3NoGuardDotBridge.lean
NumStability/Algorithms/HighamChapter4KaoWangScope.lean
NumStability/Algorithms/HighamChapter5ComplexAlgorithm51.lean
NumStability/Algorithms/HighamChapter8.lean
NumStability/Algorithms/HighamChapter8FanInClosure.lean
NumStability/Algorithms/HighamChapter8Lemma88SourceDiscrepancy.lean
NumStability/Algorithms/HighamChapter9.lean
NumStability/Algorithms/HighamChapter9CompletePivotSharpClosure.lean
NumStability/Algorithms/HighamChapter9ComplexClosure.lean
NumStability/Algorithms/HighamChapter9ComputedCorrection.lean
NumStability/Algorithms/HighamChapter9DoolittleClosure.lean
NumStability/Algorithms/HighamChapter9Theorem914Actual.lean
NumStability/Algorithms/HighamChapter9Theorem914DiagDominant.lean
NumStability/Algorithms/HighamChapter9Theorem914Primitive.lean
NumStability/Algorithms/HighamChapter9Theorem97Classification.lean
NumStability/Algorithms/HighamChapter9Theorem99Closure.lean
NumStability/Algorithms/HighamChapter9Theorem99ComplexClosure.lean
NumStability/Algorithms/HighamChapters1To9SourceClosure.lean
NumStability/Algorithms/HighamLemma88Entrywise.lean
NumStability/Algorithms/Horner.lean
NumStability/Algorithms/InsertionSum.lean
NumStability/Algorithms/InverseBounds.lean
NumStability/Algorithms/IterativeRefinement.lean
NumStability/Algorithms/KahanAbsolute.lean
NumStability/Algorithms/KahanCompensatedFiniteFormat.lean
NumStability/Algorithms/LU/BlockLU.lean
NumStability/Algorithms/LU/BlockLUArbitraryNormSourceClosure.lean
NumStability/Algorithms/LU/BlockLUComputationSourceClosure.lean
NumStability/Algorithms/LU/BlockLUFirstOrderFamilies.lean
NumStability/Algorithms/LU/BlockLUPointRowGrowthSourceClosure.lean
NumStability/Algorithms/LU/BlockLURowSourceClosure.lean
NumStability/Algorithms/LU/BlockLUSPDFamilies.lean
NumStability/Algorithms/LU/BlockLUSPDSourceClosure.lean
NumStability/Algorithms/LU/BlockLUScalarGrowthBridge.lean
NumStability/Algorithms/LU/BlockLUSourceClosure.lean
NumStability/Algorithms/LU/BlockLUTable13_1Families.lean
NumStability/Algorithms/LU/BlockLUVarying.lean
NumStability/Algorithms/LU/Doolittle.lean
NumStability/Algorithms/LU/GaussianElimination.lean
NumStability/Algorithms/LU/GrowthFactor.lean
NumStability/Algorithms/LU/Higham13DemmelSharpMultiplier.lean
NumStability/Algorithms/LU/Higham15Problem15_4.lean
NumStability/Algorithms/LU/Higham15Problem15_6.lean
NumStability/Algorithms/LU/Higham15Problem15_6Closure.lean
NumStability/Algorithms/LU/Higham15Problem15_6Operational.lean
NumStability/Algorithms/LU/LUSolve.lean
NumStability/Algorithms/LU/SpecialMatrices.lean
NumStability/Algorithms/LU/Tridiagonal.lean
NumStability/Algorithms/LU/TridiagonalCond.lean
NumStability/Algorithms/LU/TridiagonalCondCh15.lean
NumStability/Algorithms/LU/TridiagonalCondCh15Closure.lean
NumStability/Algorithms/LU/TridiagonalCondCh15IkebeClosure.lean
NumStability/Algorithms/LU/TridiagonalRecurrence.lean
NumStability/Algorithms/LeastSquares/Higham20Algorithms.lean
NumStability/Algorithms/LeastSquares/Higham20AlternativeBound.lean
NumStability/Algorithms/LeastSquares/Higham20CrossProductExample.lean
NumStability/Algorithms/LeastSquares/Higham20EliminationActual.lean
NumStability/Algorithms/LeastSquares/Higham20Equations.lean
NumStability/Algorithms/LeastSquares/Higham20ExampleCondition.lean
NumStability/Algorithms/LeastSquares/Higham20GeneralWedin.lean
NumStability/Algorithms/LeastSquares/Higham20Lemma20_11.lean
NumStability/Algorithms/LeastSquares/Higham20Lemma20_12.lean
NumStability/Algorithms/LeastSquares/Higham20MGSStability.lean
NumStability/Algorithms/LeastSquares/Higham20MPProse.lean
NumStability/Algorithms/LeastSquares/Higham20MinimumNormBackwardError.lean
NumStability/Algorithms/LeastSquares/Higham20NormalEquationsNorms.lean
NumStability/Algorithms/LeastSquares/Higham20Problem20_3.lean
NumStability/Algorithms/LeastSquares/Higham20Prose.lean
NumStability/Algorithms/LeastSquares/Higham20QuantitativeProse.lean
NumStability/Algorithms/LeastSquares/Higham20Refinement.lean
NumStability/Algorithms/LeastSquares/Higham20Remaining.lean
NumStability/Algorithms/LeastSquares/Higham20ResidualQuality.lean
NumStability/Algorithms/LeastSquares/Higham20RowSorting.lean
NumStability/Algorithms/LeastSquares/Higham20SourceAliases.lean
NumStability/Algorithms/LeastSquares/Higham20Theorem20_10.lean
NumStability/Algorithms/LeastSquares/Higham20Theorem20_3.lean
NumStability/Algorithms/LeastSquares/Higham20Theorem20_4Absorption.lean
NumStability/Algorithms/LeastSquares/Higham20Theorem20_7.lean
NumStability/Algorithms/LeastSquares/Higham20Theorem20_7ActualAssembly.lean
NumStability/Algorithms/LeastSquares/Higham20Theorem20_7ActualBackSub.lean
NumStability/Algorithms/LeastSquares/Higham20Theorem20_7ActualClosure.lean
NumStability/Algorithms/LeastSquares/Higham20Theorem20_7ActualGrowth.lean
NumStability/Algorithms/LeastSquares/Higham20Theorem20_7ActualRhs.lean
NumStability/Algorithms/LeastSquares/Higham20Theorem20_7ActualTrace.lean
NumStability/Algorithms/LeastSquares/Higham20Theorem20_7Contract.lean
NumStability/Algorithms/LeastSquares/Higham20Theorem20_7QdR.lean
NumStability/Algorithms/LeastSquares/Higham20Theorem20_7Runtime.lean
NumStability/Algorithms/LeastSquares/Higham20Theorem20_7SourceTrace.lean
NumStability/Algorithms/LeastSquares/Higham20Theorem20_8.lean
NumStability/Algorithms/LeastSquares/Higham20WeightedLimit.lean
NumStability/Algorithms/LeastSquares/Higham20ZeroDeltaB.lean
NumStability/Algorithms/LeastSquares/LSE.lean
NumStability/Algorithms/LeastSquares/LSNormalEquations.lean
NumStability/Algorithms/LeastSquares/LSPerturbation.lean
NumStability/Algorithms/LeastSquares/LSQRSolve.lean
NumStability/Algorithms/LinearSystems.lean
NumStability/Algorithms/LinearSystems/Cholesky.lean
NumStability/Algorithms/LinearSystems/Cholesky/ErrorAnalysis.lean
NumStability/Algorithms/LinearSystems/Cholesky/ErrorAnalysis/Certificates.lean
NumStability/Algorithms/LinearSystems/Cholesky/ErrorAnalysis/Demmel.lean
NumStability/Algorithms/LinearSystems/Cholesky/ErrorAnalysis/PositivePivots/Certificate.lean
NumStability/Algorithms/LinearSystems/Cholesky/Factorization.lean
NumStability/Algorithms/LinearSystems/Cholesky/Factorization/Spec.lean
NumStability/Algorithms/LinearSystems/Cholesky/Perturbation.lean
NumStability/Algorithms/LinearSystems/Cholesky/Perturbation/Basic.lean
NumStability/Algorithms/LinearSystems/Cholesky/PositiveSemidefinite.lean
NumStability/Algorithms/LinearSystems/Cholesky/PositiveSemidefinite/Basic.lean
NumStability/Algorithms/LinearSystems/Cholesky/PositiveSemidefinite/KahanMatrix.lean
NumStability/Algorithms/LinearSystems/Cholesky/PositiveSemidefinite/KahanTelescope/Identity.lean
NumStability/Algorithms/LinearSystems/Cholesky/PositiveSemidefinite/PivotedFactorization/Existence.lean
NumStability/Algorithms/LinearSystems/Cholesky/PositiveSemidefinite/ScaledStage.lean
NumStability/Algorithms/LinearSystems/Cholesky/PositiveSemidefinite/StageEmbedding/InteriorMass.lean
NumStability/Algorithms/LinearSystems/Cholesky/RoundedFactorization.lean
NumStability/Algorithms/LinearSystems/Cholesky/RoundedFactorization/Basic.lean
NumStability/Algorithms/LinearSystems/Cholesky/Solve.lean
NumStability/Algorithms/LinearSystems/Cholesky/Solve/Basic.lean
NumStability/Algorithms/LinearSystems/CramersRule/All.lean
NumStability/Algorithms/LinearSystems/CramersRule/Core.lean
NumStability/Algorithms/LinearSystems/GaussJordan.lean
NumStability/Algorithms/LinearSystems/GaussJordan/ErrorAnalysis.lean
NumStability/Algorithms/LinearSystems/GaussJordan/ErrorAnalysis/GaussJordan.lean
NumStability/Algorithms/LinearSystems/Iterative/Stationary/Convergence/Singular/FixedSubspaces.lean
NumStability/Algorithms/LinearSystems/Iterative/Stationary/ErrorAnalysis/Forward/ComplementDecomposition.lean
NumStability/Algorithms/LinearSystems/Iterative/Stationary/ErrorAnalysis/Local/OneStep.lean
NumStability/Algorithms/LinearSystems/Iterative/Stationary/ErrorAnalysis/Residual/Identities.lean
NumStability/Algorithms/LinearSystems/Iterative/Stationary/Execution/Computed/Model.lean
NumStability/Algorithms/LinearSystems/Iterative/Stationary/Projectors/Drazin/Algebra.lean
NumStability/Algorithms/LinearSystems/Iterative/Stationary/Recurrences/Affine/Unrolling.lean
NumStability/Algorithms/LinearSystems/Iterative/Stationary/Semiconvergence/All.lean
NumStability/Algorithms/LinearSystems/Iterative/Stationary/Semiconvergence/BlockForm/Existence.lean
NumStability/Algorithms/LinearSystems/Iterative/Stationary/Semiconvergence/BlockForm/ProjectorLimit.lean
NumStability/Algorithms/LinearSystems/Iterative/Stationary/Semiconvergence/Execution/RoundedCertificates.lean
NumStability/Algorithms/LinearSystems/Iterative/Stationary/Semiconvergence/Projectors/FixedRange.lean
NumStability/Algorithms/LinearSystems/Iterative/Stationary/Splittings/Core/Definitions.lean
NumStability/Algorithms/LinearSystems/Iterative/Stationary/Splittings/Scaling/Diagonal.lean
NumStability/Algorithms/LinearSystems/IterativeRefinement/All.lean
NumStability/Algorithms/LinearSystems/IterativeRefinement/Core.lean
NumStability/Algorithms/LinearSystems/LU.lean
NumStability/Algorithms/LinearSystems/LU/BlockLU.lean
NumStability/Algorithms/LinearSystems/LU/BlockLU/ArbitraryNorm.lean
NumStability/Algorithms/LinearSystems/LU/BlockLU/BlockMatrices.lean
NumStability/Algorithms/LinearSystems/LU/BlockLU/DiagonalDominance.lean
NumStability/Algorithms/LinearSystems/LU/BlockLU/Factorization.lean
NumStability/Algorithms/LinearSystems/LU/BlockLU/FactorizationError.lean
NumStability/Algorithms/LinearSystems/LU/BlockLU/FirstOrderFamilies.lean
NumStability/Algorithms/LinearSystems/LU/BlockLU/FirstOrderModels.lean
NumStability/Algorithms/LinearSystems/LU/BlockLU/GrowthBounds.lean
NumStability/Algorithms/LinearSystems/LU/BlockLU/OperatorTwo.lean
NumStability/Algorithms/LinearSystems/LU/BlockLU/PositiveDefinite.lean
NumStability/Algorithms/LinearSystems/LU/BlockLU/PositiveDefiniteFactorBounds.lean
NumStability/Algorithms/LinearSystems/LU/BlockLU/RecursiveFactorization.lean
NumStability/Algorithms/LinearSystems/LU/BlockLU/ResidualLifting.lean
NumStability/Algorithms/LinearSystems/LU/BlockLU/SchurComplement.lean
NumStability/Algorithms/LinearSystems/LU/BlockLU/SolveError.lean
NumStability/Algorithms/LinearSystems/LU/BlockLU/VaryingBlocks.lean
NumStability/Algorithms/LinearSystems/LU/BlockLU/VaryingBlocks/Algebra.lean
NumStability/Algorithms/LinearSystems/LU/BlockLU/VaryingBlocks/Basic.lean
NumStability/Algorithms/LinearSystems/LU/BlockLU/VaryingBlocks/RecursiveFactorization.lean
NumStability/Algorithms/LinearSystems/LU/BlockLU/VaryingBlocks/SchurComplement.lean
NumStability/Algorithms/LinearSystems/LU/BlockLU/VaryingBlocks/Uniqueness.lean
NumStability/Algorithms/LinearSystems/LU/Doolittle/All.lean
NumStability/Algorithms/LinearSystems/LU/Doolittle/Assembly/Core.lean
NumStability/Algorithms/LinearSystems/LU/Doolittle/BackwardError.lean
NumStability/Algorithms/LinearSystems/LU/Doolittle/Basic.lean
NumStability/Algorithms/LinearSystems/LU/Doolittle/Budgets.lean
NumStability/Algorithms/LinearSystems/LU/Doolittle/Certificates.lean
NumStability/Algorithms/LinearSystems/LU/Doolittle/RoundedEntries.lean
NumStability/Algorithms/LinearSystems/LU/NonsymmetricPositiveDefinite.lean
NumStability/Algorithms/LinearSystems/LU/NonsymmetricPositiveDefinite/Basic.lean
NumStability/Algorithms/LinearSystems/LeastSquares.lean
NumStability/Algorithms/LinearSystems/LeastSquares/AugmentedSystem.lean
NumStability/Algorithms/LinearSystems/LeastSquares/Basic.lean
NumStability/Algorithms/LinearSystems/LeastSquares/Equality/Basic.lean
NumStability/Algorithms/LinearSystems/LeastSquares/Equality/GQR.lean
NumStability/Algorithms/LinearSystems/LeastSquares/Equality/KKT.lean
NumStability/Algorithms/LinearSystems/LeastSquares/GramBasis.lean
NumStability/Algorithms/LinearSystems/LeastSquares/MGS.lean
NumStability/Algorithms/LinearSystems/LeastSquares/NormalEquations.lean
NumStability/Algorithms/LinearSystems/LeastSquares/QRSolve.lean
NumStability/Algorithms/LinearSystems/LeastSquares/RankGeometry.lean
NumStability/Algorithms/LinearSystems/LeastSquares/Refinement.lean
NumStability/Algorithms/LinearSystems/LeastSquares/RowSorting.lean
NumStability/Algorithms/LinearSystems/LeastSquares/StoredQR.lean
NumStability/Algorithms/LinearSystems/LeastSquares/TraceKernel.lean
NumStability/Algorithms/LinearSystems/QR.lean
NumStability/Algorithms/LinearSystems/QR/GivensMatrixStep.lean
NumStability/Algorithms/LinearSystems/QR/GivensQR.lean
NumStability/Algorithms/LinearSystems/QR/GivensSpec.lean
NumStability/Algorithms/LinearSystems/QR/GramSchmidt.lean
NumStability/Algorithms/LinearSystems/QR/GramSchmidtPolar.lean
NumStability/Algorithms/LinearSystems/QR/Householder/PanelApplication.lean
NumStability/Algorithms/LinearSystems/QR/Householder/StoredQR.lean
NumStability/Algorithms/LinearSystems/QR/Householder/TrailingPanels.lean
NumStability/Algorithms/LinearSystems/QR/HouseholderApply.lean
NumStability/Algorithms/LinearSystems/QR/HouseholderApplySupport.lean
NumStability/Algorithms/LinearSystems/QR/HouseholderConstruction2.lean
NumStability/Algorithms/LinearSystems/QR/HouseholderMatrixStep.lean
NumStability/Algorithms/LinearSystems/QR/HouseholderOneStep.lean
NumStability/Algorithms/LinearSystems/QR/HouseholderQApply.lean
NumStability/Algorithms/LinearSystems/QR/HouseholderQR.lean
NumStability/Algorithms/LinearSystems/QR/HouseholderQRSupport.lean
NumStability/Algorithms/LinearSystems/QR/HouseholderReflector.lean
NumStability/Algorithms/LinearSystems/QR/HouseholderSpec.lean
NumStability/Algorithms/LinearSystems/QR/HouseholderSpecSupport.lean
NumStability/Algorithms/LinearSystems/QR/QRSolve.lean
NumStability/Algorithms/LinearSystems/SymmetricIndefinite.lean
NumStability/Algorithms/LinearSystems/SymmetricIndefinite/Aasen.lean
NumStability/Algorithms/LinearSystems/SymmetricIndefinite/Aasen/AasenCoupledFp.lean
NumStability/Algorithms/LinearSystems/SymmetricIndefinite/Aasen/AasenFactorResidual.lean
NumStability/Algorithms/LinearSystems/SymmetricIndefinite/BlockLDLT.lean
NumStability/Algorithms/LinearSystems/SymmetricIndefinite/BlockLDLT/BunchTridiagonalFactorBound.lean
NumStability/Algorithms/LinearSystems/SymmetricIndefinite/BlockLDLT/BunchTridiagonalGrowth.lean
NumStability/Algorithms/LinearSystems/SymmetricIndefinite/BlockLDLT/BunchTridiagonalGrowthInvariant.lean
NumStability/Algorithms/LinearSystems/SymmetricIndefinite/BlockLDLT/BunchTridiagonalSparseFactor.lean
NumStability/Algorithms/LinearSystems/SymmetricIndefinite/BlockLDLT/BunchTridiagonalSparseSolve.lean
NumStability/Algorithms/LinearSystems/SymmetricIndefinite/ErrorAnalysis.lean
NumStability/Algorithms/LinearSystems/SymmetricIndefinite/ErrorAnalysis/BlockLDLT.lean
NumStability/Algorithms/LinearSystems/SymmetricIndefinite/ErrorAnalysis/BlockLDLTStep.lean
NumStability/Algorithms/LinearSystems/SymmetricIndefinite/ErrorAnalysis/Predicates.lean
NumStability/Algorithms/LinearSystems/SymmetricIndefinite/ErrorAnalysis/SkewSymmetric.lean
NumStability/Algorithms/LinearSystems/SymmetricIndefinite/Pivoting.lean
NumStability/Algorithms/LinearSystems/SymmetricIndefinite/Pivoting/Basic.lean
NumStability/Algorithms/LinearSystems/SymmetricIndefinite/Pivoting/Tridiagonal.lean
NumStability/Algorithms/LinearSystems/Triangular.lean
NumStability/Algorithms/LinearSystems/Triangular/BackSubstitution.lean
NumStability/Algorithms/LinearSystems/Triangular/Combined.lean
NumStability/Algorithms/LinearSystems/Triangular/ComparisonBounds.lean
NumStability/Algorithms/LinearSystems/Triangular/DiagonalDominance.lean
NumStability/Algorithms/LinearSystems/Triangular/ErrorAnalysis/All.lean
NumStability/Algorithms/LinearSystems/Triangular/ErrorAnalysis/NoGuardBackward.lean
NumStability/Algorithms/LinearSystems/Triangular/ErrorAnalysis/NoGuardForward.lean
NumStability/Algorithms/LinearSystems/Triangular/ForwardSubstitution.lean
NumStability/Algorithms/LinearSystems/Triangular/InverseBounds.lean
NumStability/Algorithms/LinearSystems/Underdetermined/BackwardError/Normwise/UnderdeterminedSolve.lean
NumStability/Algorithms/LinearSystems/Underdetermined/BackwardError/Rowwise/UnderdeterminedSolve.lean
NumStability/Algorithms/LinearSystems/Underdetermined/Conditioning/Componentwise/Radius.lean
NumStability/Algorithms/LinearSystems/Underdetermined/Conditioning/Componentwise/UnderdeterminedSolve.lean
NumStability/Algorithms/LinearSystems/Underdetermined/MinimumNorm/Pseudoinverse/UnderdeterminedSpec.lean
NumStability/Algorithms/LinearSystems/Underdetermined/MinimumNorm/Solvers/Executor/Core.lean
NumStability/Algorithms/LinearSystems/Underdetermined/MinimumNorm/Solvers/UnderdeterminedSolve.lean
NumStability/Algorithms/LinearSystems/Underdetermined/MinimumNorm/Solvers/UnderdeterminedSpec.lean
NumStability/Algorithms/LinearSystems/Underdetermined/MinimumNorm/Specifications/UnderdeterminedSolve.lean
NumStability/Algorithms/LinearSystems/Underdetermined/MinimumNorm/Specifications/UnderdeterminedSpec.lean
NumStability/Algorithms/LinearSystems/Underdetermined/Perturbation/Bounds/Core.lean
NumStability/Algorithms/LinearSystems/Underdetermined/Perturbation/Componentwise/Radius.lean
NumStability/Algorithms/LinearSystems/Underdetermined/Perturbation/Componentwise/UnderdeterminedSolve.lean
NumStability/Algorithms/LinearSystems/Underdetermined/Perturbation/FixedRadius/Radius.lean
NumStability/Algorithms/LinearSystems/Underdetermined/Perturbation/Radius/Core.lean
NumStability/Algorithms/LinearSystems/Underdetermined/Projectors/ComplementNorm/ProjectorNorm.lean
NumStability/Algorithms/LinearSystems/Underdetermined/QR/Foundations/UnderdeterminedSolve.lean
NumStability/Algorithms/LinearSystems/Underdetermined/QR/Givens/BackwardError/Core.lean
NumStability/Algorithms/LinearSystems/Underdetermined/QR/Givens/EndToEnd/Core.lean
NumStability/Algorithms/LinearSystems/Underdetermined/QR/Givens/Rounded/Core.lean
NumStability/Algorithms/LinearSystems/Underdetermined/QR/Givens/StoredReplay/Closure.lean
NumStability/Algorithms/LinearSystems/Underdetermined/QR/Givens/StoredReplay/EndToEnd/Core.lean
NumStability/Algorithms/LinearSystems/Underdetermined/QR/Givens/StoredReplay/RoundedReplay.lean
NumStability/Algorithms/LinearSystems/Underdetermined/QR/ModifiedGramSchmidt/CorrectedRecurrence/Core.lean
NumStability/Algorithms/LinearSystems/Underdetermined/QR/ModifiedGramSchmidt/Rounded/Core.lean
NumStability/Algorithms/LinearSystems/Underdetermined/QR/ModifiedGramSchmidt/RoundedReplay/RoundedReplay.lean
NumStability/Algorithms/LinearSystems/Underdetermined/RankStability/FullRowRank/UnderdeterminedSolve.lean
NumStability/Algorithms/LinearSystems/Underdetermined/SeminormalEquations/ConditionTransfer/Core.lean
NumStability/Algorithms/LinearSystems/Underdetermined/SeminormalEquations/EndToEnd/Core.lean
NumStability/Algorithms/LinearSystems/Underdetermined/SeminormalEquations/ForwardError/ActualOutput.lean
NumStability/Algorithms/LinearSystems/Underdetermined/SeminormalEquations/ForwardError/ComputedOutput/Core.lean
NumStability/Algorithms/LinearSystems/Underdetermined/SeminormalEquations/ForwardError/Forward.lean
NumStability/Algorithms/LinearSystems/Underdetermined/SeminormalEquations/ForwardError/RemainderBounds.lean
NumStability/Algorithms/LinearSystems/Underdetermined/SeminormalEquations/ForwardError/UnderdeterminedSolve.lean
NumStability/Algorithms/LinearSystems/Underdetermined/SeminormalEquations/Householder/EndToEnd.lean
NumStability/Algorithms/LinearSystems/Underdetermined/SeminormalEquations/Householder/Uniform.lean
NumStability/Algorithms/LinearSystems/Underdetermined/SeminormalEquations/HouseholderClosure/Closure.lean
NumStability/Algorithms/LinearSystems/Underdetermined/SeminormalEquations/HouseholderClosure/Uniform.lean
NumStability/Algorithms/LinearSystems/Underdetermined/SeminormalEquations/QRTransfer/EnvelopeTransfer.lean
NumStability/Algorithms/LinearSystems/Underdetermined/SeminormalEquations/QRTransfer/QRMajorant.lean
NumStability/Algorithms/LinearSystems/Underdetermined/SeminormalEquations/QRTransfer/Signed.lean
NumStability/Algorithms/LinearSystems/Underdetermined/SeminormalEquations/TriangularSolves/EnvelopeTransfer.lean
NumStability/Algorithms/LinearSystems/Underdetermined/SeminormalEquations/TriangularSolves/UnderdeterminedSolve.lean
NumStability/Algorithms/LinearSystems/Underdetermined/SeminormalEquations/Uniform/Core.lean
NumStability/Algorithms/LogExpProduct.lean
NumStability/Algorithms/MMatrix.lean
NumStability/Algorithms/MatMul.lean
NumStability/Algorithms/MatMulBackwardError.lean
NumStability/Algorithms/MatSeqProduct.lean
NumStability/Algorithms/MatVec.lean
NumStability/Algorithms/MatrixEquations.lean
NumStability/Algorithms/MatrixEquations/Sylvester.lean
NumStability/Algorithms/MatrixEquations/Sylvester/BackwardError.lean
NumStability/Algorithms/MatrixEquations/Sylvester/BackwardError/All.lean
NumStability/Algorithms/MatrixEquations/Sylvester/BackwardError/LyapunovSpectral.lean
NumStability/Algorithms/MatrixEquations/Sylvester/BackwardError/Specification.lean
NumStability/Algorithms/MatrixEquations/Sylvester/BackwardError/SylvesterSVD.lean
NumStability/Algorithms/MatrixEquations/Sylvester/Conditioning.lean
NumStability/Algorithms/MatrixEquations/Sylvester/Conditioning/All.lean
NumStability/Algorithms/MatrixEquations/Sylvester/Conditioning/AttainedMinima.lean
NumStability/Algorithms/MatrixEquations/Sylvester/Conditioning/AttainedMinima/All.lean
NumStability/Algorithms/MatrixEquations/Sylvester/Conditioning/AttainedMinima/BackwardError.lean
NumStability/Algorithms/MatrixEquations/Sylvester/Conditioning/AttainedMinima/Separation.lean
NumStability/Algorithms/MatrixEquations/Sylvester/Conditioning/AutomaticBounds.lean
NumStability/Algorithms/MatrixEquations/Sylvester/Conditioning/AutomaticBounds/All.lean
NumStability/Algorithms/MatrixEquations/Sylvester/Conditioning/AutomaticBounds/GramPositivity.lean
NumStability/Algorithms/MatrixEquations/Sylvester/Conditioning/FirstOrder.lean
NumStability/Algorithms/MatrixEquations/Sylvester/Conditioning/PracticalErrorBounds.lean
NumStability/Algorithms/MatrixEquations/Sylvester/Conditioning/PracticalEstimator.lean
NumStability/Algorithms/MatrixEquations/Sylvester/Conditioning/PracticalEstimator/All.lean
NumStability/Algorithms/MatrixEquations/Sylvester/Conditioning/PracticalEstimator/OneNorm.lean
NumStability/Algorithms/MatrixEquations/Sylvester/Conditioning/Separation.lean
NumStability/Algorithms/MatrixEquations/Sylvester/Conditioning/SigmaMinBounds.lean
NumStability/Algorithms/MatrixEquations/Sylvester/Conditioning/SigmaMinBounds/All.lean
NumStability/Algorithms/MatrixEquations/Sylvester/Conditioning/SigmaMinBounds/Lyapunov.lean
NumStability/Algorithms/MatrixEquations/Sylvester/Conditioning/SigmaMinBounds/StructuredSylvester.lean
NumStability/Algorithms/MatrixEquations/Sylvester/Conditioning/SigmaMinBounds/SylvesterPerturbation.lean
NumStability/Algorithms/MatrixEquations/Sylvester/Conditioning/SigmaMinBounds/Vectorized.lean
NumStability/Algorithms/MatrixEquations/Sylvester/Conditioning/SingularValue.lean
NumStability/Algorithms/MatrixEquations/Sylvester/Conditioning/StructuredLyapunov.lean
NumStability/Algorithms/MatrixEquations/Sylvester/Conditioning/StructuredSylvester.lean
NumStability/Algorithms/MatrixEquations/Sylvester/Equation.lean
NumStability/Algorithms/MatrixEquations/Sylvester/Equation/All.lean
NumStability/Algorithms/MatrixEquations/Sylvester/Equation/Basic.lean
NumStability/Algorithms/MatrixEquations/Sylvester/Equation/Diagonal.lean
NumStability/Algorithms/MatrixEquations/Sylvester/Equation/Lyapunov.lean
NumStability/Algorithms/MatrixEquations/Sylvester/Equation/Rectangular.lean
NumStability/Algorithms/MatrixEquations/Sylvester/Equation/SchurCoordinates.lean
NumStability/Algorithms/MatrixEquations/Sylvester/Equation/Vectorization.lean
NumStability/Algorithms/MatrixEquations/Sylvester/Equation/VectorizationIdentities.lean
NumStability/Algorithms/MatrixEquations/Sylvester/Equation/VectorizationIdentities/All.lean
NumStability/Algorithms/MatrixEquations/Sylvester/Equation/VectorizationIdentities/KroneckerPermutation.lean
NumStability/Algorithms/MatrixEquations/Sylvester/GeneralizedEquations.lean
NumStability/Algorithms/MatrixEquations/Sylvester/GeneralizedEquations/All.lean
NumStability/Algorithms/MatrixEquations/Sylvester/GeneralizedEquations/Basic.lean
NumStability/Algorithms/MatrixEquations/Sylvester/Perturbation.lean
NumStability/Algorithms/MatrixEquations/Sylvester/Perturbation/All.lean
NumStability/Algorithms/MatrixEquations/Sylvester/Perturbation/Basic.lean
NumStability/Algorithms/MatrixEquations/Sylvester/Perturbation/SeparationBounds.lean
NumStability/Algorithms/MatrixEquations/Sylvester/Perturbation/Vectorization.lean
NumStability/Algorithms/MatrixEquations/Sylvester/Solvers.lean
NumStability/Algorithms/MatrixEquations/Sylvester/Solvers/ComplexSchur.lean
NumStability/Algorithms/MatrixEquations/Sylvester/Solvers/ComplexSchur/All.lean
NumStability/Algorithms/MatrixEquations/Sylvester/Solvers/ComplexSchur/Existence.lean
NumStability/Algorithms/MatrixEquations/Sylvester/Solvers/ComplexSchur/SpectralSolvability.lean
NumStability/Algorithms/MatrixEquations/Sylvester/Solvers/ComplexSchur/VectorizedSolvability.lean
NumStability/Algorithms/MatrixEquations/Sylvester/Solvers/HessenbergSchur.lean
NumStability/Algorithms/MatrixEquations/Sylvester/Solvers/HessenbergSchur/All.lean
NumStability/Algorithms/MatrixEquations/Sylvester/Solvers/PivotedSmallBlocks.lean
NumStability/Algorithms/MatrixEquations/Sylvester/Solvers/PivotedSmallBlocks/All.lean
NumStability/Algorithms/MatrixEquations/Sylvester/Solvers/PivotedSmallBlocks/CompletePivot.lean
NumStability/Algorithms/MatrixEquations/Sylvester/Solvers/QuasiTriangularBartelsStewart.lean
NumStability/Algorithms/MatrixEquations/Sylvester/Solvers/QuasiTriangularBartelsStewart/All.lean
NumStability/Algorithms/MatrixEquations/Sylvester/Solvers/QuasiTriangularBartelsStewart/BlockTraversal.lean
NumStability/Algorithms/MatrixEquations/Sylvester/Solvers/QuasiTriangularBartelsStewart/Executor.lean
NumStability/Algorithms/MatrixEquations/Sylvester/Solvers/QuasiTriangularBartelsStewart/QuasiQuasiSolve.lean
NumStability/Algorithms/MatrixEquations/Sylvester/Solvers/QuasiTriangularBartelsStewart/QuasiTriangularSolve.lean
NumStability/Algorithms/MatrixEquations/Sylvester/Solvers/QuasiTriangularBartelsStewart/QuasiTriangularSylvester.lean
NumStability/Algorithms/MatrixEquations/Sylvester/Solvers/QuasiTriangularBartelsStewart/SmallSystemRounding.lean
NumStability/Algorithms/MatrixEquations/Sylvester/Solvers/TriangularBartelsStewart.lean
NumStability/Algorithms/MatrixEquations/Sylvester/Solvers/TriangularBartelsStewart/All.lean
NumStability/Algorithms/MatrixEquations/Sylvester/Solvers/TriangularBartelsStewart/EndToEnd.lean
NumStability/Algorithms/MatrixEquations/Sylvester/Solvers/TriangularBartelsStewart/ResidualAssembly.lean
NumStability/Algorithms/MatrixEquations/Sylvester/Solvers/TriangularBartelsStewart/RoundedSolve.lean
NumStability/Algorithms/MatrixInversion.lean
NumStability/Algorithms/MatrixInversion/LUFactors.lean
NumStability/Algorithms/MatrixInversion/LUFactors/ErrorAnalysis.lean
NumStability/Algorithms/MatrixInversion/LUFactors/ErrorAnalysis/MatrixInversion.lean
NumStability/Algorithms/MatrixInversion/LUFactors/Methods.lean
NumStability/Algorithms/MatrixInversion/LUFactors/Methods/MatrixInversion.lean
NumStability/Algorithms/MatrixInversion/Residuals.lean
NumStability/Algorithms/MatrixInversion/Residuals/MatrixInversion.lean
NumStability/Algorithms/MatrixInversion/Triangular.lean
NumStability/Algorithms/MatrixInversion/Triangular/ErrorAnalysis.lean
NumStability/Algorithms/MatrixInversion/Triangular/ErrorAnalysis/MatrixInversion.lean
NumStability/Algorithms/MatrixInversion/Triangular/Specifications.lean
NumStability/Algorithms/MatrixInversion/Triangular/Specifications/MatrixInversion.lean
NumStability/Algorithms/MatrixInversionMethod2BInstance.lean
NumStability/Algorithms/MatrixPowers.lean
NumStability/Algorithms/MatrixPowers/ComputedIteration.lean
NumStability/Algorithms/MatrixPowers/ComputedIteration/All.lean
NumStability/Algorithms/MatrixPowers/ComputedIteration/Model.lean
NumStability/Algorithms/MatrixPowersComplex.lean
NumStability/Algorithms/MatrixPowersJordan.lean
NumStability/Algorithms/MatrixPowersLp.lean
NumStability/Algorithms/MatrixPowersLpJordan.lean
NumStability/Algorithms/MatrixPowersPseudospectral.lean
NumStability/Algorithms/MatrixPowersPseudospectralCriterion.lean
NumStability/Algorithms/MatrixPowersSpectral.lean
NumStability/Algorithms/NeumaierCompensatedFiniteFormat.lean
NumStability/Algorithms/Nonlinear/Higham25.lean
NumStability/Algorithms/Nonlinear/Higham25EigenClosure.lean
NumStability/Algorithms/Nonlinear/Higham25Problem25_1.lean
NumStability/Algorithms/Norm2.lean
NumStability/Algorithms/NormEstimation.lean
NumStability/Algorithms/NormEstimation/OneNorm.lean
NumStability/Algorithms/NormEstimation/OneNorm/All.lean
NumStability/Algorithms/NormEstimation/OneNorm/FiniteIndex/Basic.lean
NumStability/Algorithms/NormEstimation/OneNorm/GeneralIndex.lean
NumStability/Algorithms/NormEstimation/OneNorm/LAPACK/Basic.lean
NumStability/Algorithms/NormEstimation/OneNorm/LINPACK/Basic.lean
NumStability/Algorithms/NormEstimation/OneNorm/PowerMethod/CondEstimation.lean
NumStability/Algorithms/NormEstimation/OneNorm/PowerMethod/PNormPowerMethod.lean
NumStability/Algorithms/NormEstimation/PNorm.lean
NumStability/Algorithms/NormEstimation/PNorm/All.lean
NumStability/Algorithms/NormEstimation/PNorm/Boyd.lean
NumStability/Algorithms/NormEstimation/PNorm/Boyd/Carrier/BoydInterface.lean
NumStability/Algorithms/NormEstimation/PNorm/Boyd/Carrier/BoydLocal.lean
NumStability/Algorithms/NormEstimation/PNorm/Boyd/Differentiation/BoydDomain.lean
NumStability/Algorithms/NormEstimation/PNorm/Boyd/Differentiation/BoydInterface.lean
NumStability/Algorithms/NormEstimation/PNorm/Boyd/Differentiation/BoydLocal.lean
NumStability/Algorithms/NormEstimation/PNorm/Boyd/Differentiation/PNormGeneral.lean
NumStability/Algorithms/NormEstimation/PNorm/Boyd/FixedPoints/BoydConcrete.lean
NumStability/Algorithms/NormEstimation/PNorm/Boyd/FixedPoints/BoydInterface.lean
NumStability/Algorithms/NormEstimation/PNorm/Boyd/FixedPoints/BoydLocal.lean
NumStability/Algorithms/NormEstimation/PNorm/Boyd/LocalStability/BoydConcrete.lean
NumStability/Algorithms/NormEstimation/PNorm/Boyd/LocalStability/BoydInterface.lean
NumStability/Algorithms/NormEstimation/PNorm/Boyd/LocalStability/BoydLocal.lean
NumStability/Algorithms/NormEstimation/PNorm/Boyd/LocalStability/BoydLocalStability.lean
NumStability/Algorithms/NormEstimation/PNorm/Boyd/RowwiseDomain/Basic.lean
NumStability/Algorithms/NormEstimation/PNorm/Boyd/Scalar/BoydDomain.lean
NumStability/Algorithms/NormEstimation/PNorm/Boyd/Scalar/BoydLocal.lean
NumStability/Algorithms/NormEstimation/PNorm/Boyd/Scalar/BoydRowwise.lean
NumStability/Algorithms/NormEstimation/PNorm/Boyd/SecondVariation/BoydConcrete.lean
NumStability/Algorithms/NormEstimation/PNorm/Boyd/SecondVariation/BoydLocal.lean
NumStability/Algorithms/NormEstimation/PNorm/Boyd/Uniqueness/Basic.lean
NumStability/Algorithms/NormEstimation/PNorm/Convergence/BoydConcrete.lean
NumStability/Algorithms/NormEstimation/PNorm/Convergence/BoydInterface.lean
NumStability/Algorithms/NormEstimation/PNorm/Convergence/ConvergenceStatements.lean
NumStability/Algorithms/NormEstimation/PNorm/Duality/BoydInterface.lean
NumStability/Algorithms/NormEstimation/PNorm/Duality/BoydUniqueness.lean
NumStability/Algorithms/NormEstimation/PNorm/Duality/ConvergenceStatements.lean
NumStability/Algorithms/NormEstimation/PNorm/Duality/PNormGeneral.lean
NumStability/Algorithms/NormEstimation/PNorm/Duality/PNormPowerMethod.lean
NumStability/Algorithms/NormEstimation/PNorm/Endpoints/ConvergenceStatements.lean
NumStability/Algorithms/NormEstimation/PNorm/Endpoints/PNormRectangular.lean
NumStability/Algorithms/NormEstimation/PNorm/OneAndInfinityNorms/Rectangular.lean
NumStability/Algorithms/NormEstimation/PNorm/OneAndInfinityNorms/Square.lean
NumStability/Algorithms/NormEstimation/PNorm/PowerMethod/BoydConcrete.lean
NumStability/Algorithms/NormEstimation/PNorm/PowerMethod/BoydInterface.lean
NumStability/Algorithms/NormEstimation/PNorm/PowerMethod/PNormGeneral.lean
NumStability/Algorithms/NormEstimation/PNorm/PowerMethod/PNormPowerMethod.lean
NumStability/Algorithms/NormEstimation/PNorm/Rectangular/BoydInterface.lean
NumStability/Algorithms/NormEstimation/PNorm/Rectangular/PNormGeneral.lean
NumStability/Algorithms/NormEstimation/PNorm/Rectangular/PNormRectangular.lean
NumStability/Algorithms/NormEstimation/PNorm/Rectangular/RectangularTermination.lean
NumStability/Algorithms/NormEstimation/TwoNorm.lean
NumStability/Algorithms/NormEstimation/TwoNorm/All.lean
NumStability/Algorithms/NormEstimation/TwoNorm/Dixon.lean
NumStability/Algorithms/NormEstimation/TwoNorm/Dixon/Algebra/CondEstimators.lean
NumStability/Algorithms/NormEstimation/TwoNorm/Dixon/Algebra/DixonCompletion.lean
NumStability/Algorithms/NormEstimation/TwoNorm/Dixon/PowerBounds/CondEstimators.lean
NumStability/Algorithms/NormEstimation/TwoNorm/Dixon/PowerBounds/DixonCompletion.lean
NumStability/Algorithms/NormEstimation/TwoNorm/Dixon/Probability/DixonCompletion.lean
NumStability/Algorithms/NormEstimation/TwoNorm/Dixon/Probability/DixonProbability.lean
NumStability/Algorithms/OrderingExamples.lean
NumStability/Algorithms/OuterProduct.lean
NumStability/Algorithms/PNormPowerMethod.lean
NumStability/Algorithms/PNormPowerMethodGeneralP.lean
NumStability/Algorithms/PNormPowerMethodRect.lean
NumStability/Algorithms/PairwiseSum.lean
NumStability/Algorithms/PlusMinusSum.lean
NumStability/Algorithms/PolynomialEvaluation/DerivativeEvaluation/ErrorBounds.lean
NumStability/Algorithms/PolynomialEvaluation/ElementaryErrorBounds.lean
NumStability/Algorithms/PolynomialEvaluation/MatrixNorms.lean
NumStability/Algorithms/PolynomialEvaluation/RootProduct.lean
NumStability/Algorithms/PriestAccuracy.lean
NumStability/Algorithms/PriestDefectBounded.lean
NumStability/Algorithms/PriestFiniteFormat.lean
NumStability/Algorithms/Problem44SixTerm.lean
NumStability/Algorithms/QR/GivensMatrixStep.lean
NumStability/Algorithms/QR/GivensQR.lean
NumStability/Algorithms/QR/GivensSpec.lean
NumStability/Algorithms/QR/GramSchmidt.lean
NumStability/Algorithms/QR/GramSchmidtPolar.lean
NumStability/Algorithms/QR/Higham19.lean
NumStability/Algorithms/QR/Higham19Alg11CGSRounded.lean
NumStability/Algorithms/QR/Higham19Alg12MGSClosure.lean
NumStability/Algorithms/QR/Higham19Alg12MGSNonbreakdown.lean
NumStability/Algorithms/QR/Higham19Alg12MGSPaddedClosure.lean
NumStability/Algorithms/QR/Higham19Alg12MGSRepair.lean
NumStability/Algorithms/QR/Higham19Alg12MGSRounded.lean
NumStability/Algorithms/QR/Higham19Alg12MGSSourceRate.lean
NumStability/Algorithms/QR/Higham19FormedQ.lean
NumStability/Algorithms/QR/Higham19Labels.lean
NumStability/Algorithms/QR/Higham19Lemma3ActualSequence.lean
NumStability/Algorithms/QR/Higham19Lemma7Gamma4.lean
NumStability/Algorithms/QR/Higham19Lemma9DisjointSweep.lean
NumStability/Algorithms/QR/Higham19PolarNearest.lean
NumStability/Algorithms/QR/Higham19Problem19_10.lean
NumStability/Algorithms/QR/Higham19Problem19_9.lean
NumStability/Algorithms/QR/Higham19Problem6ActualStep.lean
NumStability/Algorithms/QR/Higham19Sensitivity.lean
NumStability/Algorithms/QR/Higham19SensitivityClosure.lean
NumStability/Algorithms/QR/Higham19StoredLoop.lean
NumStability/Algorithms/QR/Higham19StoredLoopAllPivots.lean
NumStability/Algorithms/QR/Higham19StoredLoopStrongModel.lean
NumStability/Algorithms/QR/Higham19SunBischof.lean
NumStability/Algorithms/QR/Higham19Theorem10ActualMatrix.lean
NumStability/Algorithms/QR/Higham19Theorem5Nonbreakdown.lean
NumStability/Algorithms/QR/Higham19Theorem5SourceClosure.lean
NumStability/Algorithms/QR/Higham19Theorem6ActualSource.lean
NumStability/Algorithms/QR/Higham19Thm6ColPivot.lean
NumStability/Algorithms/QR/Higham19Thm6ColPivotFull.lean
NumStability/Algorithms/QR/Higham19Thm6CoxHigham.lean
NumStability/Algorithms/QR/Higham19Thm6CoxHighamAssembly.lean
NumStability/Algorithms/QR/Higham19Thm6CoxHighamConcrete.lean
NumStability/Algorithms/QR/Higham19Thm6CoxHighamFull.lean
NumStability/Algorithms/QR/Higham19Thm6Elementwise.lean
NumStability/Algorithms/QR/Higham19Thm6ElementwiseEntry.lean
NumStability/Algorithms/QR/Higham19Thm6ElementwisePackaged.lean
NumStability/Algorithms/QR/Higham19Thm6Final.lean
NumStability/Algorithms/QR/Higham19Thm6Pivoted.lean
NumStability/Algorithms/QR/Higham19Thm6RowSpecific.lean
NumStability/Algorithms/QR/Higham19Thm6StrongModel.lean
NumStability/Algorithms/QR/Higham19TurnbullAitken.lean
NumStability/Algorithms/QR/Higham19WYApplicationClosure.lean
NumStability/Algorithms/QR/HouseholderApply.lean
NumStability/Algorithms/QR/HouseholderApplySupport.lean
NumStability/Algorithms/QR/HouseholderConstruction2.lean
NumStability/Algorithms/QR/HouseholderMatrixStep.lean
NumStability/Algorithms/QR/HouseholderOneStep.lean
NumStability/Algorithms/QR/HouseholderQApply.lean
NumStability/Algorithms/QR/HouseholderQR.lean
NumStability/Algorithms/QR/HouseholderQRSupport.lean
NumStability/Algorithms/QR/HouseholderReflector.lean
NumStability/Algorithms/QR/HouseholderSpec.lean
NumStability/Algorithms/QR/HouseholderSpecSupport.lean
NumStability/Algorithms/QR/QRSolve.lean
NumStability/Algorithms/Quadrature.lean
NumStability/Algorithms/RankOneUpdate.lean
NumStability/Algorithms/RecursiveSum.lean
NumStability/Algorithms/SoftwareIssues/Higham27.lean
NumStability/Algorithms/SoftwareIssues/Higham27Pythag.lean
NumStability/Algorithms/SquareDifference.lean
NumStability/Algorithms/StationaryIteration.lean
NumStability/Algorithms/StationaryIterationDrazin.lean
NumStability/Algorithms/StationaryIterationRounded.lean
NumStability/Algorithms/StationaryIterationSemiconvergent.lean
NumStability/Algorithms/StationaryIterationSemiconvergentExistence.lean
NumStability/Algorithms/StationaryIterationSeries.lean
NumStability/Algorithms/SumTree.lean
NumStability/Algorithms/Summation.lean
NumStability/Algorithms/Summation/Accumulator.lean
NumStability/Algorithms/Summation/Compensated.lean
NumStability/Algorithms/Summation/Compensated/Alternative.lean
NumStability/Algorithms/Summation/Compensated/Alternative/Core.lean
NumStability/Algorithms/Summation/Compensated/Alternative/ErrorBounds.lean
NumStability/Algorithms/Summation/Compensated/CorrectionFormula.lean
NumStability/Algorithms/Summation/Compensated/FastTwoSum.lean
NumStability/Algorithms/Summation/Compensated/FiniteFormat.lean
NumStability/Algorithms/Summation/Compensated/Kahan.lean
NumStability/Algorithms/Summation/Compensated/Kahan/Coefficients.lean
NumStability/Algorithms/Summation/Compensated/Kahan/Coefficients/Affine.lean
NumStability/Algorithms/Summation/Compensated/Kahan/Coefficients/Coupled.lean
NumStability/Algorithms/Summation/Compensated/Kahan/Core.lean
NumStability/Algorithms/Summation/Compensated/Kahan/ErrorBounds.lean
NumStability/Algorithms/Summation/Compensated/Kahan/Exactness.lean
NumStability/Algorithms/Summation/Compensated/Kahan/Finite.lean
NumStability/Algorithms/Summation/Compensated/Kahan/FiniteErrorBounds.lean
NumStability/Algorithms/Summation/Compensated/Kahan/FiniteFormat.lean
NumStability/Algorithms/Summation/Compensated/Kahan/Internal/FinFold.lean
NumStability/Algorithms/Summation/Compensated/Kahan/LocalCoefficients.lean
NumStability/Algorithms/Summation/Compensated/Kahan/Majorants.lean
NumStability/Algorithms/Summation/Compensated/Neumaier/AdaptiveFiniteFormat.lean
NumStability/Algorithms/Summation/Compensated/Neumaier/All.lean
NumStability/Algorithms/Summation/Compensated/Neumaier/ExactResidual.lean
NumStability/Algorithms/Summation/Compensated/Neumaier/FiniteExecutor.lean
NumStability/Algorithms/Summation/Compensated/NoGuard.lean
NumStability/Algorithms/Summation/Compensated/NoGuard/CorrectionFormula.lean
NumStability/Algorithms/Summation/Compensated/NoGuard/Modified.lean
NumStability/Algorithms/Summation/Compensated/NoGuard/Ordinary.lean
NumStability/Algorithms/Summation/Compensated/Priest/All.lean
NumStability/Algorithms/Summation/Compensated/Priest/FiniteFormat.lean
NumStability/Algorithms/Summation/DoublyCompensated.lean
NumStability/Algorithms/Summation/Insertion.lean
NumStability/Algorithms/Summation/Insertion/ActiveList.lean
NumStability/Algorithms/Summation/Insertion/Executor.lean
NumStability/Algorithms/Summation/Insertion/RunningError.lean
NumStability/Algorithms/Summation/Insertion/Schedule.lean
NumStability/Algorithms/Summation/Insertion/ScheduleExecution.lean
NumStability/Algorithms/Summation/Pairwise.lean
NumStability/Algorithms/Summation/Pairwise/Core.lean
NumStability/Algorithms/Summation/PlusMinus.lean
NumStability/Algorithms/Summation/Recursive.lean
NumStability/Algorithms/Summation/Recursive/Core.lean
NumStability/Algorithms/Summation/Tree.lean
NumStability/Algorithms/Summation/Tree/ArbitraryOrderError/All.lean
NumStability/Algorithms/Summation/Tree/ArbitraryOrderError/PivotNormalized.lean
NumStability/Algorithms/Summation/Tree/Balanced.lean
NumStability/Algorithms/Summation/Tree/Chain.lean
NumStability/Algorithms/Summation/Tree/Core.lean
NumStability/Algorithms/Summation/Tree/RecursiveBridge.lean
NumStability/Algorithms/Sylvester.lean
NumStability/Algorithms/Sylvester/Higham16.lean
NumStability/Algorithms/Sylvester/Higham16AutoCondition.lean
NumStability/Algorithms/Sylvester/Higham16Eq9Assembly.lean
NumStability/Algorithms/Sylvester/Higham16Eq9EndToEnd.lean
NumStability/Algorithms/Sylvester/Higham16HessenbergRounded.lean
NumStability/Algorithms/Sylvester/Higham16HessenbergSchur.lean
NumStability/Algorithms/Sylvester/Higham16Lyapunov.lean
NumStability/Algorithms/Sylvester/Higham16LyapunovSigmaMin.lean
NumStability/Algorithms/Sylvester/Higham16Minimizers.lean
NumStability/Algorithms/Sylvester/Higham16NormEstimator.lean
NumStability/Algorithms/Sylvester/Higham16PerturbationSigmaMin.lean
NumStability/Algorithms/Sylvester/Higham16PivotedSmallBlocks.lean
NumStability/Algorithms/Sylvester/Higham16Problem16_2.lean
NumStability/Algorithms/Sylvester/Higham16Psi.lean
NumStability/Algorithms/Sylvester/Higham16PsiSigmaMin.lean
NumStability/Algorithms/Sylvester/Higham16QuasiQuasiRounded.lean
NumStability/Algorithms/Sylvester/Higham16QuasiQuasiSylvester.lean
NumStability/Algorithms/Sylvester/Higham16QuasiRoundedSolve.lean
NumStability/Algorithms/Sylvester/Higham16QuasiRoundedSylvester.lean
NumStability/Algorithms/Sylvester/Higham16RoundedExecutor.lean
NumStability/Algorithms/Sylvester/Higham16RoundedTriangular.lean
NumStability/Algorithms/Sylvester/Higham16Spectrum.lean
NumStability/Algorithms/Sylvester/Higham16SpectrumMinimizers.lean
NumStability/Algorithms/Sylvester/Higham16VecNorm.lean
NumStability/Algorithms/Sylvester/Higham16VecPermutationNotes.lean
NumStability/Algorithms/Sylvester/SylvesterBackward.lean
NumStability/Algorithms/Sylvester/SylvesterPerturbation.lean
NumStability/Algorithms/Sylvester/SylvesterSpec.lean
NumStability/Algorithms/TestMatrices/Higham28.lean
NumStability/Algorithms/TestMatrices/Higham28Asymptotics.lean
NumStability/Algorithms/TestMatrices/Higham28Cauchy.lean
NumStability/Algorithms/TestMatrices/Higham28Companion.lean
NumStability/Algorithms/TestMatrices/Higham28CompanionSpectral.lean
NumStability/Algorithms/TestMatrices/Higham28Contracts.lean
NumStability/Algorithms/TestMatrices/Higham28Exact.lean
NumStability/Algorithms/TestMatrices/Higham28GaussianAbsoluteMoment.lean
NumStability/Algorithms/TestMatrices/Higham28GaussianDirection.lean
NumStability/Algorithms/TestMatrices/Higham28GaussianOrthogonal.lean
NumStability/Algorithms/TestMatrices/Higham28GaussianQRHaar.lean
NumStability/Algorithms/TestMatrices/Higham28Ginibre.lean
NumStability/Algorithms/TestMatrices/Higham28GinibreAbsoluteDetRecurrence.lean
NumStability/Algorithms/TestMatrices/Higham28GinibreAtlas.lean
NumStability/Algorithms/TestMatrices/Higham28GinibreCharacteristicProduct.lean
NumStability/Algorithms/TestMatrices/Higham28GinibreComplexPairs.lean
NumStability/Algorithms/TestMatrices/Higham28GinibreCorollary31Factor.lean
NumStability/Algorithms/TestMatrices/Higham28GinibreDeterminantIntegral.lean
NumStability/Algorithms/TestMatrices/Higham28GinibreDeterminantMoment.lean
NumStability/Algorithms/TestMatrices/Higham28GinibreDimensionTwo.lean
NumStability/Algorithms/TestMatrices/Higham28GinibreExpectationGlue.lean
NumStability/Algorithms/TestMatrices/Higham28GinibreFiniteFormula.lean
NumStability/Algorithms/TestMatrices/Higham28GinibreGaussianBridge.lean
NumStability/Algorithms/TestMatrices/Higham28GinibreIncidence.lean
NumStability/Algorithms/TestMatrices/Higham28GinibreIntegral.lean
NumStability/Algorithms/TestMatrices/Higham28GinibreJointDensity.lean
NumStability/Algorithms/TestMatrices/Higham28GinibreMeasure.lean
NumStability/Algorithms/TestMatrices/Higham28GinibreMultiplicity.lean
NumStability/Algorithms/TestMatrices/Higham28GinibreOrthogonalFiber.lean
NumStability/Algorithms/TestMatrices/Higham28GinibreParity.lean
NumStability/Algorithms/TestMatrices/Higham28GinibrePlaneChart.lean
NumStability/Algorithms/TestMatrices/Higham28GinibrePlaneIncidence.lean
NumStability/Algorithms/TestMatrices/Higham28GinibrePlaneSylvester.lean
NumStability/Algorithms/TestMatrices/Higham28GinibreProjectiveIntegral.lean
NumStability/Algorithms/TestMatrices/Higham28GinibreRecurrence.lean
NumStability/Algorithms/TestMatrices/Higham28GinibreRoots.lean
NumStability/Algorithms/TestMatrices/Higham28GinibreSignedConclusion.lean
NumStability/Algorithms/TestMatrices/Higham28GinibreSignedExpectation.lean
NumStability/Algorithms/TestMatrices/Higham28GinibreSignedGaussian.lean
NumStability/Algorithms/TestMatrices/Higham28GinibreSignedIncidence.lean
NumStability/Algorithms/TestMatrices/Higham28GinibreSignedIncidenceAlgebra.lean
NumStability/Algorithms/TestMatrices/Higham28GinibreSignedKernel.lean
NumStability/Algorithms/TestMatrices/Higham28GinibreSignedRank.lean
NumStability/Algorithms/TestMatrices/Higham28GinibreSignedRankTransfer.lean
NumStability/Algorithms/TestMatrices/Higham28GinibreSignedScalar.lean
NumStability/Algorithms/TestMatrices/Higham28GinibreTraceDensity.lean
NumStability/Algorithms/TestMatrices/Higham28GinibreTruncatedIncidence.lean
NumStability/Algorithms/TestMatrices/Higham28HaarFibers.lean
NumStability/Algorithms/TestMatrices/Higham28HilbertAsymptotic.lean
NumStability/Algorithms/TestMatrices/Higham28HilbertCondition.lean
NumStability/Algorithms/TestMatrices/Higham28HilbertRatioDiscrepancy.lean
NumStability/Algorithms/TestMatrices/Higham28Moments.lean
NumStability/Algorithms/TestMatrices/Higham28OrthogonalCoordinates.lean
NumStability/Algorithms/TestMatrices/Higham28OrthogonalFibers.lean
NumStability/Algorithms/TestMatrices/Higham28OrthogonalHaar.lean
NumStability/Algorithms/TestMatrices/Higham28OrthogonalSphere.lean
NumStability/Algorithms/TestMatrices/Higham28Pascal.lean
NumStability/Algorithms/TestMatrices/Higham28PascalCondition.lean
NumStability/Algorithms/TestMatrices/Higham28PascalDualFlag.lean
NumStability/Algorithms/TestMatrices/Higham28PascalOscillation.lean
NumStability/Algorithms/TestMatrices/Higham28PascalOscillationCore.lean
NumStability/Algorithms/TestMatrices/Higham28PascalOscillationExact.lean
NumStability/Algorithms/TestMatrices/Higham28PascalSpectral.lean
NumStability/Algorithms/TestMatrices/Higham28PascalTotalPositivity.lean
NumStability/Algorithms/TestMatrices/Higham28Probability.lean
NumStability/Algorithms/TestMatrices/Higham28RandsvdNorm.lean
NumStability/Algorithms/TestMatrices/Higham28ReciprocalSPD.lean
NumStability/Algorithms/TestMatrices/Higham28ShiftedHilbert.lean
NumStability/Algorithms/TestMatrices/Higham28Stewart.lean
NumStability/Algorithms/TestMatrices/Higham28StewartHaar.lean
NumStability/Algorithms/TestMatrices/Higham28StewartRawFiber.lean
NumStability/Algorithms/TestMatrices/Higham28StewartRecursion.lean
NumStability/Algorithms/TestMatrices/Higham28ToeplitzCondition.lean
NumStability/Algorithms/TestMatrices/Higham28ToeplitzGeneral.lean
NumStability/Algorithms/TestMatrices/Higham28ToeplitzSpectrum.lean
NumStability/Algorithms/TestMatrices/UpperTriangularStress.lean
NumStability/Algorithms/TreeDotProduct.lean
NumStability/Algorithms/TriangularArbitraryOrder.lean
NumStability/Algorithms/TriangularForwardBound.lean
NumStability/Algorithms/TriangularForwardComparison.lean
NumStability/Algorithms/TriangularNoGuard.lean
NumStability/Algorithms/TriangularSolve.lean
NumStability/Algorithms/TriangularSolveCombined.lean
NumStability/Algorithms/Underdetermined/Higham21.lean
NumStability/Algorithms/Underdetermined/Higham21Attainability.lean
NumStability/Algorithms/Underdetermined/Higham21Condition.lean
NumStability/Algorithms/Underdetermined/Higham21Eq21_11Uniform.lean
NumStability/Algorithms/Underdetermined/Higham21Eq21_8.lean
NumStability/Algorithms/Underdetermined/Higham21Eq21_9.lean
NumStability/Algorithms/Underdetermined/Higham21Equation21_11.lean
NumStability/Algorithms/Underdetermined/Higham21Equation21_11Scalar.lean
NumStability/Algorithms/Underdetermined/Higham21Givens.lean
NumStability/Algorithms/Underdetermined/Higham21GivensClosure.lean
NumStability/Algorithms/Underdetermined/Higham21GivensRounded.lean
NumStability/Algorithms/Underdetermined/Higham21MGS.lean
NumStability/Algorithms/Underdetermined/Higham21MGSRounded.lean
NumStability/Algorithms/Underdetermined/Higham21Perturbation.lean
NumStability/Algorithms/Underdetermined/Higham21PerturbationRadius.lean
NumStability/Algorithms/Underdetermined/Higham21ProjectorNorm.lean
NumStability/Algorithms/Underdetermined/Higham21QRFoundations.lean
NumStability/Algorithms/Underdetermined/Higham21RankStability.lean
NumStability/Algorithms/Underdetermined/Higham21RowwiseMeasure.lean
NumStability/Algorithms/Underdetermined/Higham21SNEActualOutput.lean
NumStability/Algorithms/Underdetermined/Higham21SNEClosure.lean
NumStability/Algorithms/Underdetermined/Higham21SNEConditionTransfer.lean
NumStability/Algorithms/Underdetermined/Higham21SNEEnvelopeTransfer.lean
NumStability/Algorithms/Underdetermined/Higham21SNEForward.lean
NumStability/Algorithms/Underdetermined/Higham21SNEQRMajorant.lean
NumStability/Algorithms/Underdetermined/Higham21SNERemainderBounds.lean
NumStability/Algorithms/Underdetermined/Higham21SNESigned.lean
NumStability/Algorithms/Underdetermined/Higham21SNEUniform.lean
NumStability/Algorithms/Underdetermined/Higham21Theorem214SourceClosure.lean
NumStability/Algorithms/Underdetermined/Higham21Theorem21_3Attainment.lean
NumStability/Algorithms/Underdetermined/UnderdeterminedSolve.lean
NumStability/Algorithms/Underdetermined/UnderdeterminedSpec.lean
NumStability/Algorithms/Vandermonde/Higham22.lean
NumStability/Algorithms/Vandermonde/Higham22Ch12RefinementBridge.lean
NumStability/Algorithms/Vandermonde/Higham22ComplexConfluentRefinementBridge.lean
NumStability/Algorithms/Vandermonde/Higham22MonomialClosure.lean
NumStability/Algorithms/Vandermonde/Higham22Problem22_7.lean
NumStability/Algorithms/WilkinsonAttainability.lean
NumStability/All.lean
NumStability/Analysis.lean
NumStability/Analysis/Accumulation.lean
NumStability/Analysis/AccuracyTests.lean
NumStability/Analysis/AlternativeNumberSystems.lean
NumStability/Analysis/Approximation/SineTaylor/OddDegreeFiveError/Theorems.lean
NumStability/Analysis/Asymptotics.lean
NumStability/Analysis/Asymptotics/Bounds.lean
NumStability/Analysis/Asymptotics/ExponentialBounds.lean
NumStability/Analysis/BeneficialRounding.lean
NumStability/Analysis/BergerGeneral.lean
NumStability/Analysis/BergerInequality.lean
NumStability/Analysis/BergerResolvent.lean
NumStability/Analysis/BrentBaseOptimality.lean
NumStability/Analysis/CStarMatrices.lean
NumStability/Analysis/CStarMatrices/Basic.lean
NumStability/Analysis/CStarMatrices/Basic/All.lean
NumStability/Analysis/CStarMatrices/Basic/RealMatrixBridge.lean
NumStability/Analysis/CStarMatrices/FiniteMatrixAlgebra.lean
NumStability/Analysis/CStarMatrices/FiniteMatrixAlgebra/BlockDiagonal.lean
NumStability/Analysis/CStarMatrices/FiniteMatrixAlgebra/BlockDiagonalCompression.lean
NumStability/Analysis/CStarMatrices/FiniteMatrixAlgebra/ColumnPair.lean
NumStability/Analysis/CStarMatrices/FiniteMatrixAlgebra/ColumnPairPinching.lean
NumStability/Analysis/CStarMatrices/FiniteMatrixAlgebra/ColumnPairRangeProjection.lean
NumStability/Analysis/CStarMatrices/FiniteMatrixAlgebra/ColumnPairRangeReflection.lean
NumStability/Analysis/CStarMatrices/FiniteMatrixAlgebra/FiniteDimensional.lean
NumStability/Analysis/CStarMatrices/FiniteMatrixAlgebra/FiniteMatrixOrder.lean
NumStability/Analysis/CStarMatrices/FiniteMatrixAlgebra/FiniteRealEmbedding.lean
NumStability/Analysis/CStarMatrices/FiniteMatrixAlgebra/FiniteRealOrder.lean
NumStability/Analysis/CStarMatrices/FiniteMatrixAlgebra/ProjectionReflection.lean
NumStability/Analysis/CStarMatrices/FiniteMatrixAlgebra/RectangularCompression.lean
NumStability/Analysis/CStarMatrices/FiniteMatrixAlgebra/RectangularMultiplication.lean
NumStability/Analysis/CStarMatrices/FiniteMatrixAlgebra/ReflectionAverage.lean
NumStability/Analysis/CStarMatrices/FiniteMatrixAlgebra/StrictPositivity.lean
NumStability/Analysis/CStarMatrixBridge.lean
NumStability/Analysis/CalculatorWords.lean
NumStability/Analysis/CancellationOfRoundingErrors.lean
NumStability/Analysis/Ch17SemiconvergentBlockFormSourceClosure.lean
NumStability/Analysis/Chopping.lean
NumStability/Analysis/ComplexArithmetic.lean
NumStability/Analysis/ComplexSqrt.lean
NumStability/Analysis/ConditionEstimatorLowerBound.lean
NumStability/Analysis/Conditioning.lean
NumStability/Analysis/Conditioning/DistanceToSingularity.lean
NumStability/Analysis/Conditioning/InversePerturbation.lean
NumStability/Analysis/Conditioning/LinearSystems/All.lean
NumStability/Analysis/Conditioning/LinearSystems/InversePerturbation.lean
NumStability/Analysis/Conditioning/LinearSystems/PerronFrobenius.lean
NumStability/Analysis/Conditioning/LinearSystems/SubordinatePerturbation.lean
NumStability/Analysis/Counting.lean
NumStability/Analysis/CramersRule.lean
NumStability/Analysis/DoubleRounding.lean
NumStability/Analysis/DunfordResidue.lean
NumStability/Analysis/Equidistribution.lean
NumStability/Analysis/Equidistribution/AddCircle.lean
NumStability/Analysis/Error.lean
NumStability/Analysis/Error/MatrixProducts.lean
NumStability/Analysis/Error/MatrixProducts/Contracts.lean
NumStability/Analysis/Error/MatrixProducts/Contracts/MatrixInversion.lean
NumStability/Analysis/Error/MatrixProducts/EvaluationTrees.lean
NumStability/Analysis/Error/MatrixProducts/EvaluationTrees/ProductErrorNotation.lean
NumStability/Analysis/Error/Measures/AccuracyPrecision.lean
NumStability/Analysis/Error/Measures/All.lean
NumStability/Analysis/Error/Measures/Componentwise.lean
NumStability/Analysis/Error/Measures/ScalarDefinitions.lean
NumStability/Analysis/Error/Measures/ScalarProperties.lean
NumStability/Analysis/Error/Measures/ScalarWitnesses.lean
NumStability/Analysis/Error/RoundingProducts/All.lean
NumStability/Analysis/Error/RoundingProducts/Core.lean
NumStability/Analysis/FiniteProbability.lean
NumStability/Analysis/FirstOrder.lean
NumStability/Analysis/FirstOrder/AsymptoticFamilies.lean
NumStability/Analysis/FirstOrder/FixedPrecision.lean
NumStability/Analysis/FirstOrder/MatrixFamilies.lean
NumStability/Analysis/FirstOrder/MatrixFamilies/AsymptoticFamilies.lean
NumStability/Analysis/FirstOrderFramework.lean
NumStability/Analysis/FloatingPointArithmetic.lean
NumStability/Analysis/FloatingPointArithmetic/DoubleRounding/All.lean
NumStability/Analysis/FloatingPointArithmetic/DoubleRounding/FiniteNormalRange.lean
NumStability/Analysis/FloatingPointArithmetic/DoubleRounding/ToyBinary.lean
NumStability/Analysis/FloatingPointArithmetic/ErrorModels/Additive.lean
NumStability/Analysis/FloatingPointArithmetic/ErrorModels/AdditiveProperties.lean
NumStability/Analysis/FloatingPointArithmetic/ErrorModels/All.lean
NumStability/Analysis/FloatingPointArithmetic/ErrorModels/NoGuardBasic.lean
NumStability/Analysis/FloatingPointArithmetic/ErrorModels/NoGuardModel.lean
NumStability/Analysis/FloatingPointArithmetic/ExactSubtraction.lean
NumStability/Analysis/FloatingPointArithmetic/Format.lean
NumStability/Analysis/FloatingPointArithmetic/IeeeExceptions.lean
NumStability/Analysis/FloatingPointArithmetic/IeeeOperations.lean
NumStability/Analysis/FloatingPointArithmetic/IeeeSpecialValueOperations/Results.lean
NumStability/Analysis/FloatingPointArithmetic/IeeeValue.lean
NumStability/Analysis/FloatingPointArithmetic/MidpointRounding/All.lean
NumStability/Analysis/FloatingPointArithmetic/MidpointRounding/DecimalTieExamples.lean
NumStability/Analysis/FloatingPointArithmetic/NearestRoundingError.lean
NumStability/Analysis/FloatingPointArithmetic/RoundToEvenLocalError.lean
NumStability/Analysis/FloatingPointArithmetic/Rounding.lean
NumStability/Analysis/FloatingPointArithmetic/StandardModel.lean
NumStability/Analysis/FloatingPointArithmetic/TrigonometricCancellation/All.lean
NumStability/Analysis/FloatingPointArithmetic/TrigonometricCancellation/Core.lean
NumStability/Analysis/ForwardError.lean
NumStability/Analysis/FunctionalCalculus.lean
NumStability/Analysis/FunctionalCalculus/Resolvent.lean
NumStability/Analysis/FunctionalCalculus/Resolvent/All.lean
NumStability/Analysis/FunctionalCalculus/Resolvent/Analyticity.lean
NumStability/Analysis/FunctionalCalculus/Resolvent/DunfordResidue.lean
NumStability/Analysis/FusedMultiplyAdd.lean
NumStability/Analysis/HenriciExtremal.lean
NumStability/Analysis/HenriciSharpConstant.lean
NumStability/Analysis/HenriciSharpConstantExact.lean
NumStability/Analysis/Heron.lean
NumStability/Analysis/Higham6Asides.lean
NumStability/Analysis/Higham6BlockAntidiag.lean
NumStability/Analysis/HighamChapter2ElementaryFunctions.lean
NumStability/Analysis/HighamChapter2FmaDiscriminant.lean
NumStability/Analysis/HighamChapter2GradualUnderflowExact.lean
NumStability/Analysis/HighamChapter2Lindemann.lean
NumStability/Analysis/HighamChapter2PowerLeadingDigits.lean
NumStability/Analysis/HighamChapter2Tablemaker.lean
NumStability/Analysis/HighamChapter6Duality.lean
NumStability/Analysis/HighamChapter7.lean
NumStability/Analysis/HighamChapter7Rectangular.lean
NumStability/Analysis/IncreasingPrecision.lean
NumStability/Analysis/InstabilityWithoutCancellation.lean
NumStability/Analysis/InverseOpNorm2.lean
NumStability/Analysis/JordanNormalForm.lean
NumStability/Analysis/LeadingDigitDistribution.lean
NumStability/Analysis/LeadingDigits.lean
NumStability/Analysis/LeadingDigits/Decimal.lean
NumStability/Analysis/LeadingDigits/DecimalPowers.lean
NumStability/Analysis/LeadingDigits/Empirical.lean
NumStability/Analysis/LeadingDigits/LogarithmicDistribution.lean
NumStability/Analysis/LinearOperators.lean
NumStability/Analysis/LinearOperators/Basic.lean
NumStability/Analysis/LinearOperators/Jordan.lean
NumStability/Analysis/LinearOperators/Jordan/NormalForm.lean
NumStability/Analysis/LinearOperators/Jordan/NormalForm/All.lean
NumStability/Analysis/LinearOperators/Jordan/NormalForm/NilpotentChains.lean
NumStability/Analysis/LinearOperators/Jordan/NormalForm/PrimaryDecomposition.lean
NumStability/Analysis/LinearOperators/MatrixPowers.lean
NumStability/Analysis/LinearOperators/MatrixPowers/BaiDemmelGu.lean
NumStability/Analysis/LinearOperators/MatrixPowers/BaiDemmelGu/All.lean
NumStability/Analysis/LinearOperators/MatrixPowers/BaiDemmelGu/DistanceToInstability.lean
NumStability/Analysis/LinearOperators/MatrixPowers/BaiDemmelGu/StabilityRadius.lean
NumStability/Analysis/LinearOperators/MatrixPowers/ExactNormBounds.lean
NumStability/Analysis/LinearOperators/MatrixPowers/ExactNormBounds/All.lean
NumStability/Analysis/LinearOperators/MatrixPowers/ExactNormBounds/Complex.lean
NumStability/Analysis/LinearOperators/MatrixPowers/ExactNormBounds/NormalMatrices.lean
NumStability/Analysis/LinearOperators/MatrixPowers/ExactNormBounds/NormalMatrices/Powers.lean
NumStability/Analysis/LinearOperators/MatrixPowers/ExactNormBounds/Real.lean
NumStability/Analysis/LinearOperators/MatrixPowers/ExactNormBounds/Schur.lean
NumStability/Analysis/LinearOperators/MatrixPowers/ExactNormBounds/SpectralRadius.lean
NumStability/Analysis/LinearOperators/MatrixPowers/Gautschi.lean
NumStability/Analysis/LinearOperators/MatrixPowers/Gautschi/All.lean
NumStability/Analysis/LinearOperators/MatrixPowers/Gautschi/Bounds.lean
NumStability/Analysis/LinearOperators/MatrixPowers/Henrici.lean
NumStability/Analysis/LinearOperators/MatrixPowers/Henrici/All.lean
NumStability/Analysis/LinearOperators/MatrixPowers/Henrici/BinomialPowerBound.lean
NumStability/Analysis/LinearOperators/MatrixPowers/Henrici/DepartureFromNormality.lean
NumStability/Analysis/LinearOperators/MatrixPowers/Henrici/Extremal.lean
NumStability/Analysis/LinearOperators/MatrixPowers/Henrici/ImprovedConstant.lean
NumStability/Analysis/LinearOperators/MatrixPowers/Henrici/NormalCharacterization.lean
NumStability/Analysis/LinearOperators/MatrixPowers/Henrici/NormalCharacterization/Schur.lean
NumStability/Analysis/LinearOperators/MatrixPowers/Henrici/NormalMatrices.lean
NumStability/Analysis/LinearOperators/MatrixPowers/Henrici/SchurBinomialBounds.lean
NumStability/Analysis/LinearOperators/MatrixPowers/Henrici/SchurBinomialBounds/Estimates.lean
NumStability/Analysis/LinearOperators/MatrixPowers/Henrici/SharpConstant.lean
NumStability/Analysis/LinearOperators/MatrixPowers/JordanScaling.lean
NumStability/Analysis/LinearOperators/MatrixPowers/JordanScaling/All.lean
NumStability/Analysis/LinearOperators/MatrixPowers/JordanScaling/Complex.lean
NumStability/Analysis/LinearOperators/MatrixPowers/JordanScaling/RealDiagonal.lean
NumStability/Analysis/LinearOperators/MatrixPowers/JordanScaling/RealJordan.lean
NumStability/Analysis/LinearOperators/MatrixPowers/Kreiss.lean
NumStability/Analysis/LinearOperators/MatrixPowers/Kreiss/All.lean
NumStability/Analysis/LinearOperators/MatrixPowers/Kreiss/ResolventBound.lean
NumStability/Analysis/LinearOperators/MatrixPowers/Laszlo.lean
NumStability/Analysis/LinearOperators/MatrixPowers/Laszlo/All.lean
NumStability/Analysis/LinearOperators/MatrixPowers/Laszlo/NearestNormal.lean
NumStability/Analysis/LinearOperators/MatrixPowers/LpBounds.lean
NumStability/Analysis/LinearOperators/MatrixPowers/LpBounds/All.lean
NumStability/Analysis/LinearOperators/MatrixPowers/LpBounds/ComplexDiagonal.lean
NumStability/Analysis/LinearOperators/MatrixPowers/LpBounds/ComplexJordan.lean
NumStability/Analysis/LinearOperators/MatrixPowers/Semiconvergence/All.lean
NumStability/Analysis/LinearOperators/MatrixPowers/Semiconvergence/Limits/General.lean
NumStability/Analysis/LinearOperators/MatrixPowers/Semiconvergence/Limits/RealSpectrum.lean
NumStability/Analysis/LinearOperators/MatrixPowers/Semiconvergence/PrimarySplitting.lean
NumStability/Analysis/LinearOperators/MatrixPowers/Semiconvergence/QuasiTriangularBlockForm.lean
NumStability/Analysis/LinearOperators/MatrixPowers/Semiconvergence/TriangularBlockForm.lean
NumStability/Analysis/LinearOperators/MatrixPowers/Spijker.lean
NumStability/Analysis/LinearOperators/MatrixPowers/Spijker/All.lean
NumStability/Analysis/LinearOperators/MatrixPowers/Spijker/ArcLengthPowerBounds.lean
NumStability/Analysis/LinearOperators/MatrixPowers/Spijker/ArcLengthPowerBounds/FiniteDimension.lean
NumStability/Analysis/LinearOperators/MatrixPowers/Spijker/FiniteDimensionalPowerBounds.lean
NumStability/Analysis/LinearOperators/MatrixPowers/Spijker/FiniteDimensionalPowerBounds/Kreiss.lean
NumStability/Analysis/LinearOperators/MatrixPowers/Spijker/KreissBridge.lean
NumStability/Analysis/LinearOperators/MatrixPowers/Spijker/PlanarAlgebra.lean
NumStability/Analysis/LinearOperators/MatrixPowers/Spijker/PlanarAnalysis.lean
NumStability/Analysis/LinearOperators/MatrixPowers/Spijker/PlanarArcLength.lean
NumStability/Analysis/LinearOperators/MatrixPowers/Spijker/PlanarArcLength/Variation.lean
NumStability/Analysis/LinearOperators/MatrixPowers/Spijker/PlanarCrossingBounds.lean
NumStability/Analysis/LinearOperators/MatrixPowers/Spijker/PlanarCrossingBounds/Polynomial.lean
NumStability/Analysis/LinearOperators/MatrixPowers/Spijker/ProjectionIntegral.lean
NumStability/Analysis/LinearOperators/MatrixPowers/Spijker/Rational.lean
NumStability/Analysis/LinearOperators/MatrixPowers/Spijker/ResolventCoefficients.lean
NumStability/Analysis/LinearOperators/MatrixPowers/Spijker/ResolventCoefficients/Analytic.lean
NumStability/Analysis/LinearOperators/NumericalRadius.lean
NumStability/Analysis/LinearOperators/NumericalRadius/Berger.lean
NumStability/Analysis/LinearOperators/NumericalRadius/Berger/All.lean
NumStability/Analysis/LinearOperators/NumericalRadius/Berger/GeneralPowerInequality.lean
NumStability/Analysis/LinearOperators/NumericalRadius/Berger/GeneralPowerInequality/Powers.lean
NumStability/Analysis/LinearOperators/NumericalRadius/Berger/GeneralPowerInequality/PowersOfTwo.lean
NumStability/Analysis/LinearOperators/NumericalRadius/Berger/Hermitian.lean
NumStability/Analysis/LinearOperators/NumericalRadius/Berger/Internal/HermitianEuclideanSpaceNotation.lean
NumStability/Analysis/LinearOperators/NumericalRadius/Berger/PowerTwo.lean
NumStability/Analysis/LinearOperators/NumericalRadius/Core.lean
NumStability/Analysis/LinearOperators/NumericalRadius/Core/All.lean
NumStability/Analysis/LinearOperators/NumericalRadius/Core/Basic.lean
NumStability/Analysis/LinearOperators/NumericalRadius/Core/Internal/EuclideanSpaceNotation.lean
NumStability/Analysis/LinearOperators/Pseudospectra.lean
NumStability/Analysis/LinearOperators/Pseudospectra/Perturbation.lean
NumStability/Analysis/LinearOperators/Pseudospectra/Perturbation/All.lean
NumStability/Analysis/LinearOperators/Pseudospectra/Perturbation/ConvergenceCriterion.lean
NumStability/Analysis/LinearOperators/Pseudospectra/Perturbation/Definitions.lean
NumStability/Analysis/LinearOperators/Pseudospectra/Perturbation/LowerBounds.lean
NumStability/Analysis/LinearOperators/Pseudospectra/PowerBounds.lean
NumStability/Analysis/LinearOperators/Pseudospectra/PowerBounds/All.lean
NumStability/Analysis/LinearOperators/Pseudospectra/PowerBounds/Contour.lean
NumStability/Analysis/LinearOperators/Pseudospectra/Resolvent.lean
NumStability/Analysis/LinearOperators/Pseudospectra/Resolvent/All.lean
NumStability/Analysis/LinearOperators/Pseudospectra/Resolvent/Internal/ScalarNotation.lean
NumStability/Analysis/LinearOperators/Pseudospectra/Resolvent/LowerBounds.lean
NumStability/Analysis/LinearOperators/Schur.lean
NumStability/Analysis/LinearOperators/Schur/All.lean
NumStability/Analysis/LinearOperators/Schur/Complex/BlockEmbedding.lean
NumStability/Analysis/LinearOperators/Schur/Complex/Deflation.lean
NumStability/Analysis/LinearOperators/Schur/Complex/NormalTriangular.lean
NumStability/Analysis/LinearOperators/Schur/Complex/NormalTriangular/Diagonal.lean
NumStability/Analysis/LinearOperators/Schur/Complex/Triangulation.lean
NumStability/Analysis/LinearOperators/Schur/Real.lean
NumStability/Analysis/LinearOperators/Schur/Real/InvariantSubspace/Complexification.lean
NumStability/Analysis/LinearOperators/Schur/Real/InvariantSubspace/Existence.lean
NumStability/Analysis/LinearOperators/Schur/Real/InvariantSubspace/TwoByTwo.lean
NumStability/Analysis/LinearOperators/Schur/Real/QuasiTriangular/API.lean
NumStability/Analysis/LinearOperators/Schur/Real/QuasiTriangular/Basic.lean
NumStability/Analysis/LinearOperators/Schur/Real/QuasiTriangular/BlockEmbedding.lean
NumStability/Analysis/LinearOperators/Schur/Real/QuasiTriangular/Deflation.lean
NumStability/Analysis/LinearOperators/Schur/Real/QuasiTriangular/Existence.lean
NumStability/Analysis/LinearOperators/Schur/Real/QuasiTriangular/OrthogonalFrame.lean
NumStability/Analysis/LinearOperators/Schur/Real/QuasiTriangular/Reindex.lean
NumStability/Analysis/LinearOperators/Schur/Real/QuasiTriangular/TrailingConjugation.lean
NumStability/Analysis/LinearOperators/Schur/Real/Triangularization.lean
NumStability/Analysis/LinearOperators/Schur/Real/Triangularization/All.lean
NumStability/Analysis/LinearOperators/Schur/Real/Triangularization/SplitCharpoly.lean
NumStability/Analysis/LinearOperators/Triangularization.lean
NumStability/Analysis/MatrixAlgebra.lean
NumStability/Analysis/MatrixEquations/SylvesterExistence.lean
NumStability/Analysis/MatrixNorms.lean
NumStability/Analysis/MatrixNorms/Attainment.lean
NumStability/Analysis/MatrixNorms/Basic.lean
NumStability/Analysis/MatrixNorms/Comparisons.lean
NumStability/Analysis/MatrixNorms/EntrywiseAbsolute.lean
NumStability/Analysis/MatrixNorms/EntrywiseAbsolute/Basic.lean
NumStability/Analysis/MatrixNorms/EntrywiseMaximum.lean
NumStability/Analysis/MatrixNorms/Hadamard.lean
NumStability/Analysis/MatrixNorms/HadamardDeterminant.lean
NumStability/Analysis/MatrixNorms/Lp.lean
NumStability/Analysis/MatrixNorms/SpectralExtrema.lean
NumStability/Analysis/MatrixNorms/SpectralExtrema/Basic.lean
NumStability/Analysis/MatrixNorms/SpectralExtrema/PrincipalSubmatrices/Bounds.lean
NumStability/Analysis/MatrixNorms/SpectralRadius.lean
NumStability/Analysis/MatrixNorms/UnitarilyInvariant.lean
NumStability/Analysis/MatrixPowersBaiDemmelGu.lean
NumStability/Analysis/MatrixPowersBaiDemmelGuDistance.lean
NumStability/Analysis/MatrixPowersBinomialBound.lean
NumStability/Analysis/MatrixPowersGautschi.lean
NumStability/Analysis/MatrixPowersHenrici.lean
NumStability/Analysis/MatrixPowersHenriciNormal.lean
NumStability/Analysis/MatrixPowersKreiss.lean
NumStability/Analysis/MatrixPowersKreissSpijker.lean
NumStability/Analysis/MatrixPowersLaszlo.lean
NumStability/Analysis/MatrixPowersLp185Primary.lean
NumStability/Analysis/MatrixPowersSchur.lean
NumStability/Analysis/MatrixPowersSpijkerClosure.lean
NumStability/Analysis/MatrixPowersSpijkerPlanar.lean
NumStability/Analysis/MatrixPowersSpijkerPlanarAnalysis.lean
NumStability/Analysis/MatrixPowersSpijkerRational.lean
NumStability/Analysis/MatrixSpectral.lean
NumStability/Analysis/Midpoint.lean
NumStability/Analysis/Monotonicity.lean
NumStability/Analysis/MullerRecurrence.lean
NumStability/Analysis/NearInteger.lean
NumStability/Analysis/NilpotentJordanChain.lean
NumStability/Analysis/Nonassociativity.lean
NumStability/Analysis/NonrandomRounding.lean
NumStability/Analysis/NonrandomRounding/Conclusions.lean
NumStability/Analysis/NonrandomRounding/Core.lean
NumStability/Analysis/NonrandomRounding/GridVariation.lean
NumStability/Analysis/NonrandomRounding/SourceInterval.lean
NumStability/Analysis/NonrandomRounding/StoredGrid.lean
NumStability/Analysis/Norms.lean
NumStability/Analysis/Norms/Core.lean
NumStability/Analysis/NumericalRadius.lean
NumStability/Analysis/OperatorNorms.lean
NumStability/Analysis/OperatorNorms/Attainment.lean
NumStability/Analysis/OperatorNorms/Basic.lean
NumStability/Analysis/Perturbation.lean
NumStability/Analysis/Perturbation/LeastSquares.lean
NumStability/Analysis/Perturbation/LeastSquares/Absorption.lean
NumStability/Analysis/Perturbation/LeastSquares/AlternativeBound.lean
NumStability/Analysis/Perturbation/LeastSquares/AugmentedSystem.lean
NumStability/Analysis/Perturbation/LeastSquares/BackwardError.lean
NumStability/Analysis/Perturbation/LeastSquares/Basic.lean
NumStability/Analysis/Perturbation/LeastSquares/Conditioning.lean
NumStability/Analysis/Perturbation/LeastSquares/Contract.lean
NumStability/Analysis/Perturbation/LeastSquares/Equality/KKTInverse.lean
NumStability/Analysis/Perturbation/LeastSquares/Equality/MixedStability.lean
NumStability/Analysis/Perturbation/LeastSquares/Equality/Perturbation.lean
NumStability/Analysis/Perturbation/LeastSquares/Equality/RowwiseBackwardError.lean
NumStability/Analysis/Perturbation/LeastSquares/GramBasis.lean
NumStability/Analysis/Perturbation/LeastSquares/MinimumNorm.lean
NumStability/Analysis/Perturbation/LeastSquares/NormalEquations.lean
NumStability/Analysis/Perturbation/LeastSquares/Normwise.lean
NumStability/Analysis/Perturbation/LeastSquares/Projection.lean
NumStability/Analysis/Perturbation/LeastSquares/ResidualQuality.lean
NumStability/Analysis/Perturbation/LeastSquares/Wedin.lean
NumStability/Analysis/Perturbation/LeastSquares/WeightedLimit.lean
NumStability/Analysis/PerturbationTheory.lean
NumStability/Analysis/Polynomials.lean
NumStability/Analysis/Polynomials/RealRootCounting.lean
NumStability/Analysis/Probability.lean
NumStability/Analysis/Probability/Gaussian.lean
NumStability/Analysis/Probability/Gaussian/AbsoluteMoment.lean
NumStability/Analysis/Probability/Haar.lean
NumStability/Analysis/Probability/Haar/HomogeneousSpaceUniqueness.lean
NumStability/Analysis/Probability/Haar/NormalizedOrthogonalMatrixLaw.lean
NumStability/Analysis/Problem2_10.lean
NumStability/Analysis/Problem2_11.lean
NumStability/Analysis/Problem2_12.lean
NumStability/Analysis/Problem2_13.lean
NumStability/Analysis/Problem2_14.lean
NumStability/Analysis/Problem2_15_16.lean
NumStability/Analysis/Problem2_17.lean
NumStability/Analysis/Problem2_18.lean
NumStability/Analysis/Problem2_19.lean
NumStability/Analysis/Problem2_2.lean
NumStability/Analysis/Problem2_20.lean
NumStability/Analysis/Problem2_21.lean
NumStability/Analysis/Problem2_22.lean
NumStability/Analysis/Problem2_23.lean
NumStability/Analysis/Problem2_24.lean
NumStability/Analysis/Problem2_25.lean
NumStability/Analysis/Problem2_26.lean
NumStability/Analysis/Problem2_27.lean
NumStability/Analysis/Problem2_3.lean
NumStability/Analysis/Problem2_4.lean
NumStability/Analysis/Problem2_5.lean
NumStability/Analysis/Problem2_6.lean
NumStability/Analysis/Problem2_7.lean
NumStability/Analysis/ProblemDependentStability.lean
NumStability/Analysis/ProblemDependentStability/All.lean
NumStability/Analysis/ProblemDependentStability/HessenbergDeterminant.lean
NumStability/Analysis/PseudospectralLowerBound.lean
NumStability/Analysis/PseudospectralPowerBound.lean
NumStability/Analysis/PseudospectralResolvent.lean
NumStability/Analysis/Quadratic.lean
NumStability/Analysis/RealInvariantSubspace.lean
NumStability/Analysis/RealQuasiSchur.lean
NumStability/Analysis/RealSchurTriangulation.lean
NumStability/Analysis/RelativePrecision.lean
NumStability/Analysis/ResolventFunctionalCalculus.lean
NumStability/Analysis/Rounding.lean
NumStability/Analysis/RoundingProductBounds.lean
NumStability/Analysis/SampleVariance.lean
NumStability/Analysis/SchurTriangulation.lean
NumStability/Analysis/SemiconvergentBlockFormExists.lean
NumStability/Analysis/SemiconvergentExistenceComplete.lean
NumStability/Analysis/SemiconvergentExistenceFull.lean
NumStability/Analysis/SemiconvergentExistenceGaps.lean
NumStability/Analysis/SemiconvergentLimitGeneral.lean
NumStability/Analysis/SemiconvergentRealSpectrumComplete.lean
NumStability/Analysis/SemiconvergentSpectral.lean
NumStability/Analysis/SingularValues.lean
NumStability/Analysis/SingularValues/Basic.lean
NumStability/Analysis/SingularValues/InverseBounds.lean
NumStability/Analysis/SingularValues/InverseBounds/All.lean
NumStability/Analysis/SingularValues/InverseBounds/Gram.lean
NumStability/Analysis/SingularValues/InverseBounds/OperatorTwo.lean
NumStability/Analysis/SingularValues/InverseBounds/Rayleigh.lean
NumStability/Analysis/SingularValues/Realification.lean
NumStability/Analysis/SingularValues/RectangularGram.lean
NumStability/Analysis/SingularValues/RectangularRankFactorization.lean
NumStability/Analysis/SingularValues/WeylMirsky.lean
NumStability/Analysis/SpijkerProjectionIntegral.lean
NumStability/Analysis/Stability.lean
NumStability/Analysis/StatisticalRounding.lean
NumStability/Analysis/Statistics/SampleVariance/All.lean
NumStability/Analysis/Statistics/SampleVariance/Core.lean
NumStability/Analysis/Statistics/SampleVariance/RoundingErrorBounds/Theorems.lean
NumStability/Analysis/Statistics/SampleVariance/TwoPass.lean
NumStability/Analysis/Statistics/SampleVariance/Updating.lean
NumStability/Analysis/SubtractionFold.lean
NumStability/Analysis/Summation.lean
NumStability/Analysis/Summation/ErrorBounds.lean
NumStability/Analysis/Summation/Signs.lean
NumStability/Analysis/SylvesterSchurExistence.lean
NumStability/Analysis/TestMatrices.lean
NumStability/Analysis/TestMatrices/Cauchy/Basic.lean
NumStability/Analysis/TestMatrices/Cauchy/Cauchy.lean
NumStability/Analysis/TestMatrices/Cauchy/Contracts.lean
NumStability/Analysis/TestMatrices/Companion/Basic.lean
NumStability/Analysis/TestMatrices/Companion/Companion.lean
NumStability/Analysis/TestMatrices/Companion/CompanionSpectral.lean
NumStability/Analysis/TestMatrices/Companion/Contracts.lean
NumStability/Analysis/TestMatrices/Gaussian/GaussianDirection.lean
NumStability/Analysis/TestMatrices/Gaussian/GaussianOrthogonal.lean
NumStability/Analysis/TestMatrices/Hilbert/Asymptotics.lean
NumStability/Analysis/TestMatrices/Hilbert/Basic.lean
NumStability/Analysis/TestMatrices/Hilbert/Exact.lean
NumStability/Analysis/TestMatrices/Hilbert/HilbertAsymptotic.lean
NumStability/Analysis/TestMatrices/Hilbert/ShiftedHilbert.lean
NumStability/Analysis/TestMatrices/Orthogonal/Basic.lean
NumStability/Analysis/TestMatrices/Orthogonal/HaarFiberMeasure.lean
NumStability/Analysis/TestMatrices/Orthogonal/OrthogonalCoordinates.lean
NumStability/Analysis/TestMatrices/Orthogonal/OrthogonalFibers.lean
NumStability/Analysis/TestMatrices/Orthogonal/OrthogonalHaar.lean
NumStability/Analysis/TestMatrices/Orthogonal/OrthogonalSphere.lean
NumStability/Analysis/TestMatrices/Pascal/Basic.lean
NumStability/Analysis/TestMatrices/Pascal/Contracts.lean
NumStability/Analysis/TestMatrices/Pascal/Exact.lean
NumStability/Analysis/TestMatrices/Pascal/PascalDualFlag.lean
NumStability/Analysis/TestMatrices/Pascal/PascalOscillation.lean
NumStability/Analysis/TestMatrices/Pascal/PascalOscillationCore.lean
NumStability/Analysis/TestMatrices/Pascal/PascalSpectral.lean
NumStability/Analysis/TestMatrices/Pascal/PascalTotalPositivity.lean
NumStability/Analysis/TestMatrices/RandomSVD/Basic.lean
NumStability/Analysis/TestMatrices/RandomSVD/GroupLawRecursion.lean
NumStability/Analysis/TestMatrices/RandomSVD/Stewart.lean
NumStability/Analysis/TestMatrices/RandomSVD/StewartHaar.lean
NumStability/Analysis/TestMatrices/RandomSVD/StewartMeasurability.lean
NumStability/Analysis/TestMatrices/RandomSVD/StewartRecursion.lean
NumStability/Analysis/TestMatrices/RealGinibre/GinibreRoots.lean
NumStability/Analysis/TestMatrices/RealGinibre/ProjectiveWeightIntegral.lean
NumStability/Analysis/TestMatrices/Toeplitz/Basic.lean
NumStability/Analysis/TestMatrices/Toeplitz/Contracts.lean
NumStability/Analysis/TieRules.lean
NumStability/Analysis/TrigCancellation.lean
NumStability/Analysis/VectorNorms.lean
NumStability/Analysis/VectorNorms/Attainment.lean
NumStability/Analysis/VectorNorms/Basic.lean
NumStability/Analysis/VectorNorms/Duality.lean
NumStability/Analysis/VectorNorms/Interpolation.lean
NumStability/Core.lean
NumStability/FloatingPoint.lean
NumStability/FloatingPoint/FusedMultiplyAdd/All.lean
NumStability/FloatingPoint/FusedMultiplyAdd/Core.lean
NumStability/FloatingPoint/FusedMultiplyAdd/DotProductCounts.lean
NumStability/FloatingPoint/IEEE.lean
NumStability/FloatingPoint/IEEE/NaiveMaximum.lean
NumStability/FloatingPoint/Model.lean
NumStability/FloatingPoint/OperationLaws.lean
NumStability/Higham.lean
NumStability/Higham/Chapter02/Problem04.lean
NumStability/Higham/Chapter02/Problem07.lean
NumStability/Higham/Chapter02/Problem22.lean
NumStability/Higham/Chapter08/Lemma8_8Discrepancy.lean
NumStability/Higham/Chapter10/Theorem10_7.lean
NumStability/Higham/Chapter11/Theorem11_7Capstone.lean
NumStability/Higham/Chapter13/Table13_1.lean
NumStability/Higham/Chapter14/Discrepancies.lean
NumStability/Higham/Chapter20/SourceAliases.lean
NumStability/Higham/CrossChapter/Chapter02To03NoGuardDot.lean
NumStability/Higham/CrossChapter/Chapter07To15PracticalBound.lean
NumStability/Higham/CrossChapter/Chapter09To12GenericSolver.lean
NumStability/Higham/CrossChapter/Chapter09To12Solver.lean
NumStability/Source.lean
NumStability/Source/Higham.lean
NumStability/Source/Higham/Chapter01.lean
NumStability/Source/Higham/Chapter01/FloatingPointArithmetic/CancellationOfRoundingErrors.lean
NumStability/Source/Higham/Chapter01/FloatingPointArithmetic/IncreasingPrecision.lean
NumStability/Source/Higham/Chapter01/FloatingPointArithmetic/InstabilityWithoutCancellation.lean
NumStability/Source/Higham/Chapter01/Problem01/RelativeError/All.lean
NumStability/Source/Higham/Chapter01/Problem01/RelativeError/Bounds.lean
NumStability/Source/Higham/Chapter01/Problem02/NearIntegerTable/Basic.lean
NumStability/Source/Higham/Chapter01/Problem03/CancellationRewrites/Algebra.lean
NumStability/Source/Higham/Chapter01/Problem03/CancellationRewrites/All.lean
NumStability/Source/Higham/Chapter01/Problem05/CompensatedLogarithm/Basic.lean
NumStability/Source/Higham/Chapter01/Problem06/CalculatorWords/Basic.lean
NumStability/Source/Higham/Chapter01/Problem07/SampleVarianceConditioning/All.lean
NumStability/Source/Higham/Chapter01/Problem07/SampleVarianceConditioning/ConditionNumbers.lean
NumStability/Source/Higham/Chapter01/Problem08/MullerRecurrence/Basic.lean
NumStability/Source/Higham/Chapter01/Problem09/CramersRule/All.lean
NumStability/Source/Higham/Chapter01/Problem09/CramersRule/ForwardError.lean
NumStability/Source/Higham/Chapter01/Problem10/TwoPassSampleVariance/All.lean
NumStability/Source/Higham/Chapter01/Problem10/TwoPassSampleVariance/Bounds.lean
NumStability/Source/Higham/Chapter01/Problem10/TwoPassSampleVariance/RemainderBound/Theorem.lean
NumStability/Source/Higham/Chapter01/Section02/ErrorMeasures/All.lean
NumStability/Source/Higham/Chapter01/Section03/ErrorSources/All.lean
NumStability/Source/Higham/Chapter01/Section03/ErrorSources/Core.lean
NumStability/Source/Higham/Chapter01/Section04/AccuracyAndPrecision/All.lean
NumStability/Source/Higham/Chapter01/Section07/Cancellation/All.lean
NumStability/Source/Higham/Chapter01/Section07/Cancellation/Basic.lean
NumStability/Source/Higham/Chapter01/Section07/TrigonometricCancellation/All.lean
NumStability/Source/Higham/Chapter01/Section07/TrigonometricCancellation/Example.lean
NumStability/Source/Higham/Chapter01/Section09/SampleVariance/All.lean
NumStability/Source/Higham/Chapter01/Section09/SampleVariance/Examples.lean
NumStability/Source/Higham/Chapter01/Section09/SampleVariance/IeeeSingleOnePassCounterexample/Results.lean
NumStability/Source/Higham/Chapter01/Section10/CramersRule/All.lean
NumStability/Source/Higham/Chapter01/Section10/CramersRule/PrintedComparison.lean
NumStability/Source/Higham/Chapter01/Section11/Accumulation/Basic.lean
NumStability/Source/Higham/Chapter01/Section12/InstabilityWithoutCancellation/PivotingExample.lean
NumStability/Source/Higham/Chapter01/Section13/IncreasingPrecision/BinaryStorageExamples.lean
NumStability/Source/Higham/Chapter01/Section14/CancellationOfRoundingErrors/Algorithm02RoundedCore.lean
NumStability/Source/Higham/Chapter01/Section16/ProblemDependentStability/All.lean
NumStability/Source/Higham/Chapter01/Section16/ProblemDependentStability/ExactExample.lean
NumStability/Source/Higham/Chapter01/Section16/ProblemDependentStability/Table13IeeeSingle.lean
NumStability/Source/Higham/Chapter01/Section17.lean
NumStability/Source/Higham/Chapter01/Section17/ErrorSpread.lean
NumStability/Source/Higham/Chapter01/Section17/GridVariation.lean
NumStability/Source/Higham/Chapter01/Section17/HornerEvaluation.lean
NumStability/Source/Higham/Chapter01/Section17/SourceInterval.lean
NumStability/Source/Higham/Chapter01/Section17/StoredGrid.lean
NumStability/Source/Higham/Chapter02.lean
NumStability/Source/Higham/Chapter02/Equation06/NoGuardModel/All.lean
NumStability/Source/Higham/Chapter02/Equation08/AdditiveError/All.lean
NumStability/Source/Higham/Chapter02/FloatingPointArithmetic/AdditiveUnderflowModel.lean
NumStability/Source/Higham/Chapter02/FloatingPointArithmetic/Environment.lean
NumStability/Source/Higham/Chapter02/FloatingPointArithmetic/ExactSubtraction.lean
NumStability/Source/Higham/Chapter02/FloatingPointArithmetic/StandardModel.lean
NumStability/Source/Higham/Chapter02/Problem01/FloatingPointCounts/Basic.lean
NumStability/Source/Higham/Chapter02/Problem02.lean
NumStability/Source/Higham/Chapter02/Problem03/AdjacentPrecisionValues/Basic.lean
NumStability/Source/Higham/Chapter02/Problem03/AdjacentPrecisionValues/Results/Theorems.lean
NumStability/Source/Higham/Chapter02/Problem04.lean
NumStability/Source/Higham/Chapter02/Problem05/BinaryOneTenth/Basic.lean
NumStability/Source/Higham/Chapter02/Problem06/IntegerRepresentability/Basic.lean
NumStability/Source/Higham/Chapter02/Problem07.lean
NumStability/Source/Higham/Chapter02/Problem08/MidpointRounding/All.lean
NumStability/Source/Higham/Chapter02/Problem08/MidpointRounding/Counterexample.lean
NumStability/Source/Higham/Chapter02/Problem09/DoubleRounding/All.lean
NumStability/Source/Higham/Chapter02/Problem09/DoubleRounding/Counterexample.lean
NumStability/Source/Higham/Chapter02/Problem09/DoubleRounding/Counterexample/Results.lean
NumStability/Source/Higham/Chapter02/Problem10/DivisionRoundTrip/Basic.lean
NumStability/Source/Higham/Chapter02/Problem10/DivisionRoundTrip/ExhaustiveBinary64/Results.lean
NumStability/Source/Higham/Chapter02/Problem11.lean
NumStability/Source/Higham/Chapter02/Problem12/ReciprocalProduct/Basic.lean
NumStability/Source/Higham/Chapter02/Problem12/ReciprocalProduct/Results/Theorems.lean
NumStability/Source/Higham/Chapter02/Problem13/ReciprocalProductThreshold/Basic.lean
NumStability/Source/Higham/Chapter02/Problem13/ReciprocalProductThreshold/Results/Theorems.lean
NumStability/Source/Higham/Chapter02/Problem14/UnitRoundoffProbe/Basic.lean
NumStability/Source/Higham/Chapter02/Problem14/UnitRoundoffProbe/IeeeExamples/Results.lean
NumStability/Source/Higham/Chapter02/Problem18/ExactSubtractionCounterexample/Basic.lean
NumStability/Source/Higham/Chapter02/Problem19/GradualUnderflowExactness/Basic.lean
NumStability/Source/Higham/Chapter02/Problem20/SquareRootIdentities/Basic.lean
NumStability/Source/Higham/Chapter02/Problem21/HypotenuseNormalization/Basic.lean
NumStability/Source/Higham/Chapter02/Problem21/HypotenuseNormalization/StandardModelCounterexample/Results.lean
NumStability/Source/Higham/Chapter02/Problem22.lean
NumStability/Source/Higham/Chapter02/Problem23.lean
NumStability/Source/Higham/Chapter02/Problem24/GuardDigitCancellation/Basic.lean
NumStability/Source/Higham/Chapter02/Problem25/NonzeroEvaluation/Basic.lean
NumStability/Source/Higham/Chapter02/Problem25/NonzeroEvaluation/IeeeFiniteSystems/Results.lean
NumStability/Source/Higham/Chapter02/Problem26/ExactProduct/All.lean
NumStability/Source/Higham/Chapter02/Problem26/ExactProduct/Discrepancy.lean
NumStability/Source/Higham/Chapter02/Problem27/KahanDeterminant/Basic.lean
NumStability/Source/Higham/Chapter02/Problem28/IterativeDivisionTermination/Basic.lean
NumStability/Source/Higham/Chapter02/Problem28/IterativeDivisionTermination/UnderflowAwareConvergence/Results.lean
NumStability/Source/Higham/Chapter02/Problems15And16/SpecialValueProbes/Basic.lean
NumStability/Source/Higham/Chapter02/Section03/DoubleRounding/All.lean
NumStability/Source/Higham/Chapter02/Section03/DoubleRounding/Counterexample.lean
NumStability/Source/Higham/Chapter02/Section04/NoGuardModel/All.lean
NumStability/Source/Higham/Chapter02/Section04/NoGuardModel/BinaryT3Example.lean
NumStability/Source/Higham/Chapter02/Section06/Discriminant/FusedMultiplyAdd/Basic.lean
NumStability/Source/Higham/Chapter02/Section06/Discriminant/FusedMultiplyAdd/Counterexample/Results.lean
NumStability/Source/Higham/Chapter02/Section06/Discriminant/StandardModel/Basic.lean
NumStability/Source/Higham/Chapter02/Section06/Discriminant/StandardModel/Counterexample/Results.lean
NumStability/Source/Higham/Chapter02/Section06/FusedMultiplyAdd/All.lean
NumStability/Source/Higham/Chapter02/Section06/FusedMultiplyAdd/DotProductCount.lean
NumStability/Source/Higham/Chapter02/Section06/ReciprocalIteration/Basic.lean
NumStability/Source/Higham/Chapter02/Section07.lean
NumStability/Source/Higham/Chapter02/Section07/PowerLeadingDigits.lean
NumStability/Source/Higham/Chapter02/Section10/ArctangentRange/Basic.lean
NumStability/Source/Higham/Chapter02/Section10/ArctangentRange/Counterexample/Results.lean
NumStability/Source/Higham/Chapter02/Section10/Tablemaker/FiniteSeparation/Basic.lean
NumStability/Source/Higham/Chapter02/Section10/Tablemaker/FiniteSeparation/Results/Theorems.lean
NumStability/Source/Higham/Chapter02/Section10/Tablemaker/HermiteLindemann/Basic.lean
NumStability/Source/Higham/Chapter02/Section11/AccuracyTests/Basic.lean
NumStability/Source/Higham/Chapter02/Section11/AccuracyTests/CodySineResults/Theorems.lean
NumStability/Source/Higham/Chapter03.lean
NumStability/Source/Higham/Chapter03/Lemma01/RoundingProducts/All.lean
NumStability/Source/Higham/Chapter03/Lemma04/SmallUnitProductBounds/All.lean
NumStability/Source/Higham/Chapter03/Problem02/ProductBounds/All.lean
NumStability/Source/Higham/Chapter03/Problem02/ProductBounds/PositiveFactors.lean
NumStability/Source/Higham/Chapter03/Problem11/KahanAbsoluteValue/Basic.lean
NumStability/Source/Higham/Chapter03/Problem11/KahanAbsoluteValue/IeeeDoubleTrace/Results.lean
NumStability/Source/Higham/Chapter03/Section10/WilkinsonProductBound/All.lean
NumStability/Source/Higham/Chapter04.lean
NumStability/Source/Higham/Chapter04/Algorithm02.lean
NumStability/Source/Higham/Chapter04/Algorithm02/InitializationModelLimitations.lean
NumStability/Source/Higham/Chapter04/Algorithm03/Priest/All.lean
NumStability/Source/Higham/Chapter04/Algorithm03/Priest/SourceAssumptions.lean
NumStability/Source/Higham/Chapter04/Algorithm03/SourceClosure/Basic.lean
NumStability/Source/Higham/Chapter04/Equation05/OrderingExamples/Basic.lean
NumStability/Source/Higham/Chapter04/Equation07.lean
NumStability/Source/Higham/Chapter04/Equation07/AbstractModelCounterexample.lean
NumStability/Source/Higham/Chapter04/Equation07/NoGuardCounterexample.lean
NumStability/Source/Higham/Chapter04/Equation07/SterbenzCounterexamples.lean
NumStability/Source/Higham/Chapter04/Equation08.lean
NumStability/Source/Higham/Chapter04/Equation08/FiniteFamily.lean
NumStability/Source/Higham/Chapter04/Equation08/FiniteFormat.lean
NumStability/Source/Higham/Chapter04/Equation08/FiniteRouteLimitations.lean
NumStability/Source/Higham/Chapter04/Equation08/ModelStrength.lean
NumStability/Source/Higham/Chapter04/Equation08/ReturnedSum.lean
NumStability/Source/Higham/Chapter04/Equation09.lean
NumStability/Source/Higham/Chapter04/Equation09/Correction.lean
NumStability/Source/Higham/Chapter04/Equation09/FiniteFormat.lean
NumStability/Source/Higham/Chapter04/Equation09/ModelStrength.lean
NumStability/Source/Higham/Chapter04/Equation10.lean
NumStability/Source/Higham/Chapter04/Equation10/AbstractModel.lean
NumStability/Source/Higham/Chapter04/Equation10/FiniteFormat.lean
NumStability/Source/Higham/Chapter04/Equation10/Neumaier/AdaptiveBound.lean
NumStability/Source/Higham/Chapter04/Equation10/Neumaier/All.lean
NumStability/Source/Higham/Chapter04/Equation10/Neumaier/FiniteBound.lean
NumStability/Source/Higham/Chapter04/Equation10/Neumaier/ResidualBound.lean
NumStability/Source/Higham/Chapter04/Problem02/WilkinsonAttainability/Basic.lean
NumStability/Source/Higham/Chapter04/Problem02/WilkinsonAttainability/IeeeDoubleTrace/Results.lean
NumStability/Source/Higham/Chapter04/Problem03.lean
NumStability/Source/Higham/Chapter04/Problem04.lean
NumStability/Source/Higham/Chapter04/Problem10.lean
NumStability/Source/Higham/Chapter04/Section01.lean
NumStability/Source/Higham/Chapter04/Section01/InsertionExamples.lean
NumStability/Source/Higham/Chapter04/Section01/PairwiseSixTerm.lean
NumStability/Source/Higham/Chapter04/Section02.lean
NumStability/Source/Higham/Chapter04/Section02/KaoWangCitationDiscrepancy.lean
NumStability/Source/Higham/Chapter04/Section03.lean
NumStability/Source/Higham/Chapter04/Section03/FiniteFormat.lean
NumStability/Source/Higham/Chapter04/Section03/NoGuardKahanCounterexample.lean
NumStability/Source/Higham/Chapter05.lean
NumStability/Source/Higham/Chapter05/Algorithm01/ComplexHorner/Basic.lean
NumStability/Source/Higham/Chapter05/Algorithm01/ComplexHorner/ErrorBounds/Theorems.lean
NumStability/Source/Higham/Chapter05/Equation14/MatrixPolynomialForms/Basic.lean
NumStability/Source/Higham/Chapter05/Problem01/DifferentiatedHorner/Basic.lean
NumStability/Source/Higham/Chapter05/Problem02/PowerBuilding/Basic.lean
NumStability/Source/Higham/Chapter05/Problem03/EvenOddSplitting/Basic.lean
NumStability/Source/Higham/Chapter05/Problem04/LejaOrdering/Basic.lean
NumStability/Source/Higham/Chapter05/Problem06/MatrixPolynomialHorner/Basic.lean
NumStability/Source/Higham/Chapter05/Section01/Horner/Basic.lean
NumStability/Source/Higham/Chapter05/Section01/RelativeError/Basic.lean
NumStability/Source/Higham/Chapter05/Section02/BidiagonalDerivativeAnalysis/Basic.lean
NumStability/Source/Higham/Chapter05/Section02/BidiagonalDerivativeAnalysis/Results/Theorems.lean
NumStability/Source/Higham/Chapter05/Section02/DerivativeError/Basic.lean
NumStability/Source/Higham/Chapter05/Section02/DerivativeError/Results/Theorems.lean
NumStability/Source/Higham/Chapter05/Section02/DerivativeEvaluation/Bidiagonal.lean
NumStability/Source/Higham/Chapter05/Section02/DerivativeEvaluation/SyntheticDivision.lean
NumStability/Source/Higham/Chapter05/Section03/DividedDifferences/Basic.lean
NumStability/Source/Higham/Chapter05/Section03/LejaOrdering/Basic.lean
NumStability/Source/Higham/Chapter05/Section03/NewtonEvaluation/Basic.lean
NumStability/Source/Higham/Chapter05/Section03/NewtonEvaluation/HornerBasis.lean
NumStability/Source/Higham/Chapter05/Section03/ResidualUnwind/Basic.lean
NumStability/Source/Higham/Chapter05/Section04/PatersonStockmeyer/Basic.lean
NumStability/Source/Higham/Chapter05/Section04/PatersonStockmeyer/Results/Theorems.lean
NumStability/Source/Higham/Chapter05/Section05/FastPolynomialEvaluation/Basic.lean
NumStability/Source/Higham/Chapter05/Section05/FastPolynomialEvaluation/Results/Theorems.lean
NumStability/Source/Higham/Chapter06.lean
NumStability/Source/Higham/Chapter06/Asides.lean
NumStability/Source/Higham/Chapter06/Asides/ConditionNumberBounds.lean
NumStability/Source/Higham/Chapter06/Asides/EuclideanNormDifferentiability.lean
NumStability/Source/Higham/Chapter06/Asides/MaxNormInconsistency.lean
NumStability/Source/Higham/Chapter06/Asides/UnitaryInvariance.lean
NumStability/Source/Higham/Chapter06/BlockAntidiagonalNorm.lean
NumStability/Source/Higham/Chapter06/BlockAntidiagonalNorm/InducedLp.lean
NumStability/Source/Higham/Chapter06/BlockAntidiagonalNorm/OperatorTwo.lean
NumStability/Source/Higham/Chapter06/Equation01.lean
NumStability/Source/Higham/Chapter06/Equation02.lean
NumStability/Source/Higham/Chapter06/Lemma06.lean
NumStability/Source/Higham/Chapter06/Lemma06/Core/Results.lean
NumStability/Source/Higham/Chapter06/Lemma06/OperatorTwoNormBound.lean
NumStability/Source/Higham/Chapter06/Lemma06/OperatorTwoNormBound/Bridge.lean
NumStability/Source/Higham/Chapter06/Norms.lean
NumStability/Source/Higham/Chapter06/Problem01.lean
NumStability/Source/Higham/Chapter06/Problem05.lean
NumStability/Source/Higham/Chapter06/Problem09.lean
NumStability/Source/Higham/Chapter06/Problem10.lean
NumStability/Source/Higham/Chapter06/Theorem04.lean
NumStability/Source/Higham/Chapter06/Theorem05/DistanceToSingularity/All.lean
NumStability/Source/Higham/Chapter06/Theorem05/DistanceToSingularity/Chapter07Equation26.lean
NumStability/Source/Higham/Chapter07.lean
NumStability/Source/Higham/Chapter07/Corollary06/Equilibration/Basic.lean
NumStability/Source/Higham/Chapter07/Corollary06/LinearSystemsConditioning/All.lean
NumStability/Source/Higham/Chapter07/Corollary06/LinearSystemsConditioning/Basic.lean
NumStability/Source/Higham/Chapter07/Corollary06/LinearSystemsConditioning/Results.lean
NumStability/Source/Higham/Chapter07/Equation17/KahanConditioningExample.lean
NumStability/Source/Higham/Chapter07/Equation25/InverseConditioning/All.lean
NumStability/Source/Higham/Chapter07/Equation25/InverseConditioning/ExactPerturbation.lean
NumStability/Source/Higham/Chapter07/Equation25/SourceEndpoint/Basic.lean
NumStability/Source/Higham/Chapter07/Equation26/ComponentwiseDistance/Basic.lean
NumStability/Source/Higham/Chapter07/Equation26/DistanceToSingularity/Results.lean
NumStability/Source/Higham/Chapter07/Equation26/RumpCycle/Basic.lean
NumStability/Source/Higham/Chapter07/Equation26/RumpCycle/Results/Theorems.lean
NumStability/Source/Higham/Chapter07/LinearSystemsConditioning/All.lean
NumStability/Source/Higham/Chapter07/LinearSystemsConditioning/ComputedResidual.lean
NumStability/Source/Higham/Chapter07/LinearSystemsConditioning/ConditionNumbers.lean
NumStability/Source/Higham/Chapter07/LinearSystemsConditioning/Equation05.lean
NumStability/Source/Higham/Chapter07/LinearSystemsConditioning/Equation32.lean
NumStability/Source/Higham/Chapter07/LinearSystemsConditioning/Equation33.lean
NumStability/Source/Higham/Chapter07/LinearSystemsConditioning/ForwardErrorKernels.lean
NumStability/Source/Higham/Chapter07/LinearSystemsConditioning/Lemma09.lean
NumStability/Source/Higham/Chapter07/LinearSystemsConditioning/Problem01.lean
NumStability/Source/Higham/Chapter07/LinearSystemsConditioning/Problem02.lean
NumStability/Source/Higham/Chapter07/LinearSystemsConditioning/Problem04.lean
NumStability/Source/Higham/Chapter07/LinearSystemsConditioning/Problem05.lean
NumStability/Source/Higham/Chapter07/LinearSystemsConditioning/Problem06Columnwise.lean
NumStability/Source/Higham/Chapter07/LinearSystemsConditioning/Problem06Rowwise.lean
NumStability/Source/Higham/Chapter07/LinearSystemsConditioning/Problem07.lean
NumStability/Source/Higham/Chapter07/LinearSystemsConditioning/Problem08RectangularBackwardError.lean
NumStability/Source/Higham/Chapter07/LinearSystemsConditioning/Problem09Exact.lean
NumStability/Source/Higham/Chapter07/LinearSystemsConditioning/Problem09Linearized.lean
NumStability/Source/Higham/Chapter07/LinearSystemsConditioning/Problem10Bauer/Part01.lean
NumStability/Source/Higham/Chapter07/LinearSystemsConditioning/Problem10Bauer/Part02.lean
NumStability/Source/Higham/Chapter07/LinearSystemsConditioning/Problem10Bauer/Part03.lean
NumStability/Source/Higham/Chapter07/LinearSystemsConditioning/Problem10OneNorm.lean
NumStability/Source/Higham/Chapter07/LinearSystemsConditioning/Problem13SparseResidual.lean
NumStability/Source/Higham/Chapter07/LinearSystemsConditioning/Problem15Hadamard.lean
NumStability/Source/Higham/Chapter07/LinearSystemsConditioning/RectangularTheorems.lean
NumStability/Source/Higham/Chapter07/LinearSystemsConditioning/RowScaling.lean
NumStability/Source/Higham/Chapter07/LinearSystemsConditioning/Theorem02.lean
NumStability/Source/Higham/Chapter07/LinearSystemsConditioning/Theorem03/RectangularResults.lean
NumStability/Source/Higham/Chapter07/LinearSystemsConditioning/Theorem04.lean
NumStability/Source/Higham/Chapter07/LinearSystemsConditioning/Theorem05/Part01.lean
NumStability/Source/Higham/Chapter07/LinearSystemsConditioning/Theorem05/Part02.lean
NumStability/Source/Higham/Chapter07/LinearSystemsConditioning/Theorem05/Part03.lean
NumStability/Source/Higham/Chapter07/LinearSystemsConditioning/Theorem05/Part04.lean
NumStability/Source/Higham/Chapter07/LinearSystemsConditioning/Theorem05/Part05.lean
NumStability/Source/Higham/Chapter07/LinearSystemsConditioning/Theorem05/Part06.lean
NumStability/Source/Higham/Chapter07/LinearSystemsConditioning/Theorem05/RowInfinityScaleCounterexample/Theorems.lean
NumStability/Source/Higham/Chapter07/LinearSystemsConditioning/Theorem07FrobeniusScaling.lean
NumStability/Source/Higham/Chapter07/LinearSystemsConditioning/Theorem08Aliases.lean
NumStability/Source/Higham/Chapter08.lean
NumStability/Source/Higham/Chapter08/Equation02/TriangularSubstitution/RelativeInfinityNormBounds/Theorems.lean
NumStability/Source/Higham/Chapter08/Equation10/ColumnPivotedQR/Basic.lean
NumStability/Source/Higham/Chapter08/Equation14/FanInExecutor/All.lean
NumStability/Source/Higham/Chapter08/Equation14/FanInExecutor/Executor.lean
NumStability/Source/Higham/Chapter08/Equation14/FanInProduct/Basic.lean
NumStability/Source/Higham/Chapter08/Equation15/FanInExecutor/FirstOrderResidual.lean
NumStability/Source/Higham/Chapter08/Equation15/GlobalEnvelopeCounterexample/All.lean
NumStability/Source/Higham/Chapter08/Equation15/GlobalEnvelopeCounterexample/LocalCancellation.lean
NumStability/Source/Higham/Chapter08/Equation15/GlobalEnvelopeCounterexample/LocalCancellationResults/Theorems.lean
NumStability/Source/Higham/Chapter08/Equation15/GlobalEnvelopeCounterexample/RawCube.lean
NumStability/Source/Higham/Chapter08/Equation18/FanInExecutor/FirstOrderForwardError.lean
NumStability/Source/Higham/Chapter08/Lemma08/CorrectedCondition/All.lean
NumStability/Source/Higham/Chapter08/Lemma08/CorrectedCondition/RowDominance.lean
NumStability/Source/Higham/Chapter08/Lemma08/Entrywise/Basic.lean
NumStability/Source/Higham/Chapter08/Lemma08Discrepancy.lean
NumStability/Source/Higham/Chapter08/Problem01/NoGuardSubstitution/Aliases.lean
NumStability/Source/Higham/Chapter08/Problem01/NoGuardSubstitution/All.lean
NumStability/Source/Higham/Chapter08/Problem01/NoGuardSubstitution/BackwardSubstitution.lean
NumStability/Source/Higham/Chapter08/Problem01/NoGuardSubstitution/ForwardSubstitution.lean
NumStability/Source/Higham/Chapter08/Problem02/ComparisonMatrixWitness/All.lean
NumStability/Source/Higham/Chapter08/Problem02/ComparisonMatrixWitness/ArbitraryRatios/Theorems.lean
NumStability/Source/Higham/Chapter08/Problem02/ComparisonMatrixWitness/RatioWitness.lean
NumStability/Source/Higham/Chapter08/Problem03/UnitTriangularSubstitution/All.lean
NumStability/Source/Higham/Chapter08/Problem03/UnitTriangularSubstitution/Bound.lean
NumStability/Source/Higham/Chapter08/Problem04/MMatrixSubstitution/All.lean
NumStability/Source/Higham/Chapter08/Problem04/MMatrixSubstitution/Comparison.lean
NumStability/Source/Higham/Chapter08/Problem05/InverseNormBounds/All.lean
NumStability/Source/Higham/Chapter08/Problem05/InverseNormBounds/ZInverse.lean
NumStability/Source/Higham/Chapter08/Problem06/ComparisonInverseBounds/All.lean
NumStability/Source/Higham/Chapter08/Problem06/ComparisonInverseBounds/VectorBounds.lean
NumStability/Source/Higham/Chapter08/Problem07/DiagonalScaling/All.lean
NumStability/Source/Higham/Chapter08/Problem07/DiagonalScaling/Bounds.lean
NumStability/Source/Higham/Chapter08/Problem07/DiagonalScaling/Results/Theorems.lean
NumStability/Source/Higham/Chapter08/Problem08/SingleEntrySingularity/All.lean
NumStability/Source/Higham/Chapter08/Problem08/SingleEntrySingularity/RankOne.lean
NumStability/Source/Higham/Chapter08/Problem08/SingleEntrySingularity/Results/Theorems.lean
NumStability/Source/Higham/Chapter08/Problem09/KahanSingularValues/All.lean
NumStability/Source/Higham/Chapter08/Problem09/KahanSingularValues/KahanMatrix.lean
NumStability/Source/Higham/Chapter08/Problem09/KahanSingularValues/Results/Theorems.lean
NumStability/Source/Higham/Chapter08/Section01/BackwardErrorAnalysis/All.lean
NumStability/Source/Higham/Chapter08/Section01/BackwardErrorAnalysis/Core.lean
NumStability/Source/Higham/Chapter08/Section02/ForwardErrorAnalysis/All.lean
NumStability/Source/Higham/Chapter08/Section02/ForwardErrorAnalysis/ComparisonBounds.lean
NumStability/Source/Higham/Chapter08/Section02/ForwardErrorAnalysis/ComparisonBoundsPrelude.lean
NumStability/Source/Higham/Chapter08/Section02/ForwardErrorAnalysis/NormBounds.lean
NumStability/Source/Higham/Chapter08/Section03/BidiagonalComparison/Basic.lean
NumStability/Source/Higham/Chapter08/Section03/TriangularSystems/All.lean
NumStability/Source/Higham/Chapter08/Section03/TriangularSystems/ArbitraryOrder.lean
NumStability/Source/Higham/Chapter08/Section03/TriangularSystems/ComparisonConditioningResults/Theorems.lean
NumStability/Source/Higham/Chapter08/Section03/TriangularSystems/InverseBoundsLower.lean
NumStability/Source/Higham/Chapter08/Section03/TriangularSystems/InverseBoundsPrelude.lean
NumStability/Source/Higham/Chapter08/Section03/TriangularSystems/InverseBoundsUpper.lean
NumStability/Source/Higham/Chapter08/Section03/TriangularSystems/InverseNormResults/Theorems.lean
NumStability/Source/Higham/Chapter08/Section04/FanInAsymptotics/Basic.lean
NumStability/Source/Higham/Chapter08/Section04/FanInCore/All.lean
NumStability/Source/Higham/Chapter08/Section04/FanInCore/AllOrdersEnvelope.lean
NumStability/Source/Higham/Chapter08/Section04/FanInCore/Factors.lean
NumStability/Source/Higham/Chapter08/Section04/FanInCore/ResidualForwardBounds.lean
NumStability/Source/Higham/Chapter09.lean
NumStability/Source/Higham/Chapter09/CompletePivotSharpClosure.lean
NumStability/Source/Higham/Chapter09/ComplexClosure.lean
NumStability/Source/Higham/Chapter09/ComputedCorrection.lean
NumStability/Source/Higham/Chapter09/DoolittleClosure.lean
NumStability/Source/Higham/Chapter09/Problems.lean
NumStability/Source/Higham/Chapter09/Section01.lean
NumStability/Source/Higham/Chapter09/Section02.lean
NumStability/Source/Higham/Chapter09/Section03.lean
NumStability/Source/Higham/Chapter09/Section04.lean
NumStability/Source/Higham/Chapter09/Section05.lean
NumStability/Source/Higham/Chapter09/Section06.lean
NumStability/Source/Higham/Chapter09/Section08.lean
NumStability/Source/Higham/Chapter09/Section10.lean
NumStability/Source/Higham/Chapter09/Section11.lean
NumStability/Source/Higham/Chapter09/Theorem14/Actual.lean
NumStability/Source/Higham/Chapter09/Theorem14/DiagDominant.lean
NumStability/Source/Higham/Chapter09/Theorem14/Primitive.lean
NumStability/Source/Higham/Chapter09/Theorem15/Barrlund/Basic.lean
NumStability/Source/Higham/Chapter09/Theorem15/Sun/Basic.lean
NumStability/Source/Higham/Chapter09/Theorem914Actual.lean
NumStability/Source/Higham/Chapter09/Theorem914DiagDominant.lean
NumStability/Source/Higham/Chapter09/Theorem914Primitive.lean
NumStability/Source/Higham/Chapter09/Theorem97Classification.lean
NumStability/Source/Higham/Chapter09/Theorem99Closure.lean
NumStability/Source/Higham/Chapter09/Theorem99ComplexClosure.lean
NumStability/Source/Higham/Chapter10.lean
NumStability/Source/Higham/Chapter10/Equation07/AbsoluteFactorNorm.lean
NumStability/Source/Higham/Chapter10/Equation07/AbsoluteFactorNorm/Bridge.lean
NumStability/Source/Higham/Chapter10/Equation07/AbsoluteFactorNorm/Endpoints.lean
NumStability/Source/Higham/Chapter10/Equation29/Mathias.lean
NumStability/Source/Higham/Chapter10/Equation29/Mathias/Endpoints.lean
NumStability/Source/Higham/Chapter10/Equation29/Mathias/FirstBreakdown.lean
NumStability/Source/Higham/Chapter10/Equation29/Mathias/RoundedSchur/Bounds.lean
NumStability/Source/Higham/Chapter10/Equation29/Mathias/SourceIngredients.lean
NumStability/Source/Higham/Chapter10/Equation30/ComplexPositiveDefinite.lean
NumStability/Source/Higham/Chapter10/Equation30/ComplexPositiveDefinite/Endpoints.lean
NumStability/Source/Higham/Chapter10/Equation30/ComplexPositiveDefinite/NoPivotLU/SourceBounds.lean
NumStability/Source/Higham/Chapter10/Equation30/ComplexPositiveDefinite/SourceClosure.lean
NumStability/Source/Higham/Chapter10/Lemma11/PivotSequenceStability.lean
NumStability/Source/Higham/Chapter10/Lemma11/PivotSequenceStability/Endpoints.lean
NumStability/Source/Higham/Chapter10/Lemma11/PivotSequenceStability/SourceClosure.lean
NumStability/Source/Higham/Chapter10/Lemma13/KahanSharpness.lean
NumStability/Source/Higham/Chapter10/Lemma13/KahanSharpness/CompletePivotingBound.lean
NumStability/Source/Higham/Chapter10/Lemma13/KahanSharpness/Endpoints.lean
NumStability/Source/Higham/Chapter10/Lemma13/KahanSharpness/GramFamily.lean
NumStability/Source/Higham/Chapter10/Lemma13/KahanSharpness/Limit.lean
NumStability/Source/Higham/Chapter10/Lemma13/KahanSharpness/OperatorNorm/SourceBound.lean
NumStability/Source/Higham/Chapter10/Lemma13/KahanSharpness/UnboundedGrowth/Construction.lean
NumStability/Source/Higham/Chapter10/Problem01/PositiveSemidefiniteEntries.lean
NumStability/Source/Higham/Chapter10/Problem01/PositiveSemidefiniteEntries/Basic.lean
NumStability/Source/Higham/Chapter10/Problem01/PositiveSemidefiniteEntries/EntryBounds/Results.lean
NumStability/Source/Higham/Chapter10/Problem03/ArbitraryEvaluationOrder.lean
NumStability/Source/Higham/Chapter10/Problem03/ArbitraryEvaluationOrder/Basic.lean
NumStability/Source/Higham/Chapter10/Problem04/UnpivotedGrowth.lean
NumStability/Source/Higham/Chapter10/Problem04/UnpivotedGrowth/Basic.lean
NumStability/Source/Higham/Chapter10/Problem04/UnpivotedGrowth/PositivePivots/Bounds.lean
NumStability/Source/Higham/Chapter10/Problem08/LeadingMinorsCounterexample.lean
NumStability/Source/Higham/Chapter10/Problem08/LeadingMinorsCounterexample/Basic.lean
NumStability/Source/Higham/Chapter10/Section01/Factorization.lean
NumStability/Source/Higham/Chapter10/Section01/Factorization/Basic.lean
NumStability/Source/Higham/Chapter10/Section01/Factorization/ExistenceUniqueness/Results.lean
NumStability/Source/Higham/Chapter10/Section02/ErrorAnalysis.lean
NumStability/Source/Higham/Chapter10/Section02/ErrorAnalysis/Basic.lean
NumStability/Source/Higham/Chapter10/Section02/ErrorAnalysis/FactorizationAndSolve/Bounds.lean
NumStability/Source/Higham/Chapter10/Section03/PositiveSemidefinite.lean
NumStability/Source/Higham/Chapter10/Section03/PositiveSemidefinite/ConstructiveFactorization/Existence.lean
NumStability/Source/Higham/Chapter10/Section03/PositiveSemidefinite/Endpoints.lean
NumStability/Source/Higham/Chapter10/Section03/PositiveSemidefinite/Existence.lean
NumStability/Source/Higham/Chapter10/Section03/PositiveSemidefinite/PivotingAndScaling/Results.lean
NumStability/Source/Higham/Chapter10/Section03/PositiveSemidefinite/QuadraticFormBounds/WeightedNorm.lean
NumStability/Source/Higham/Chapter10/Section03/PositiveSemidefinite/SchurComplement.lean
NumStability/Source/Higham/Chapter10/Section03/PositiveSemidefinite/Termination.lean
NumStability/Source/Higham/Chapter10/Section03/PositiveSemidefinite/TrailingTermination/Bound.lean
NumStability/Source/Higham/Chapter10/Section03/PositiveSemidefinite/WNormBound.lean
NumStability/Source/Higham/Chapter10/Section04/PositiveDefiniteSymmetricPart.lean
NumStability/Source/Higham/Chapter10/Section04/PositiveDefiniteSymmetricPart/Endpoints.lean
NumStability/Source/Higham/Chapter10/Section04/PositiveDefiniteSymmetricPart/Equation29.lean
NumStability/Source/Higham/Chapter10/Section04/PositiveDefiniteSymmetricPart/LUGrowth/Equation29.lean
NumStability/Source/Higham/Chapter10/Section04/PositiveDefiniteSymmetricPart/SchurStages/Bounds.lean
NumStability/Source/Higham/Chapter10/Theorem06/RoundedCholesky.lean
NumStability/Source/Higham/Chapter10/Theorem06/RoundedCholesky/ActualClosure.lean
NumStability/Source/Higham/Chapter10/Theorem06/RoundedCholesky/Endpoints.lean
NumStability/Source/Higham/Chapter10/Theorem06/RoundedCholesky/ForwardError/ActualAlgorithm.lean
NumStability/Source/Higham/Chapter10/Theorem07.lean
NumStability/Source/Higham/Chapter10/Theorem07/Core/Results.lean
NumStability/Source/Higham/Chapter10/Theorem07/FailureVacuity.lean
NumStability/Source/Higham/Chapter10/Theorem07/FailureVacuity/Endpoints.lean
NumStability/Source/Higham/Chapter10/Theorem07/FailureVacuity/Vacuity.lean
NumStability/Source/Higham/Chapter10/Theorem07/SuccessThreshold/Factorization.lean
NumStability/Source/Higham/Chapter10/Theorem08/ComponentwisePerturbation.lean
NumStability/Source/Higham/Chapter10/Theorem08/ComponentwisePerturbation/Endpoints.lean
NumStability/Source/Higham/Chapter10/Theorem08/ComponentwisePerturbation/NormalizedResolvent/SourceBound.lean
NumStability/Source/Higham/Chapter10/Theorem08/ComponentwisePerturbation/Resolvent.lean
NumStability/Source/Higham/Chapter10/Theorem08/NormwiseDiscrepancy.lean
NumStability/Source/Higham/Chapter10/Theorem08/NormwiseDiscrepancy/Counterexample/Uniqueness.lean
NumStability/Source/Higham/Chapter10/Theorem08/NormwiseDiscrepancy/Endpoints.lean
NumStability/Source/Higham/Chapter10/Theorem08/NormwiseDiscrepancy/LiteralSource.lean
NumStability/Source/Higham/Chapter10/Theorem14/CompletePivotedPSD.lean
NumStability/Source/Higham/Chapter10/Theorem14/CompletePivotedPSD/ActualComputation/ErrorBounds.lean
NumStability/Source/Higham/Chapter10/Theorem14/CompletePivotedPSD/ActualRun.lean
NumStability/Source/Higham/Chapter10/Theorem14/CompletePivotedPSD/Endpoints.lean
NumStability/Source/Higham/Chapter10/Theorem14/CompletePivotedPSD/Equation22.lean
NumStability/Source/Higham/Chapter10/Theorem14/CompletePivotedPSD/PsdErrorAnalysis.lean
NumStability/Source/Higham/Chapter10/Theorem14/CompletePivotedPSD/RankSensitiveError/Bounds.lean
NumStability/Source/Higham/Chapter10/Theorem14/CompletePivotedPSD/RoundedErrorAnalysis/Bounds.lean
NumStability/Source/Higham/Chapter10/Theorem14/CompletePivotedPSD/SchurPerturbation/Family.lean
NumStability/Source/Higham/Chapter10/Theorem14/CompletePivotedPSD/SourceError.lean
NumStability/Source/Higham/Chapter10/Theorem14/CompletePivotedPSD/SourceSuccess.lean
NumStability/Source/Higham/Chapter10/Theorem14/CompletePivotedPSD/SuccessfulRun/StageBounds.lean
NumStability/Source/Higham/Chapter11.lean
NumStability/Source/Higham/Chapter11/Aasen118Reduced.lean
NumStability/Source/Higham/Chapter11/AasenAdjacentPivotOperationalMiddle.lean
NumStability/Source/Higham/Chapter11/AasenAdjacentPivotResidualDomain.lean
NumStability/Source/Higham/Chapter11/AasenAdjacentPivotSourceResidual.lean
NumStability/Source/Higham/Chapter11/AasenAdjacentPivotTridiagExecutor.lean
NumStability/Source/Higham/Chapter11/AasenAdjacentPivotTridiagForwardCounterexample.lean
NumStability/Source/Higham/Chapter11/AasenDirect118.lean
NumStability/Source/Higham/Chapter11/AasenDirectTridiagGEPPSolve.lean
NumStability/Source/Higham/Chapter11/AasenFactorNorm.lean
NumStability/Source/Higham/Chapter11/AasenGrowth.lean
NumStability/Source/Higham/Chapter11/AasenMiddleGEPPCh11Counterexample.lean
NumStability/Source/Higham/Chapter11/AasenOriginalCoordinateCorrection.lean
NumStability/Source/Higham/Chapter11/AasenPermutationSourceCorrection.lean
NumStability/Source/Higham/Chapter11/AasenPrintedCoefficientAlgebra.lean
NumStability/Source/Higham/Chapter11/AasenSourceSharpFactorResidual.lean
NumStability/Source/Higham/Chapter11/AasenTheorem118ScalarEdge.lean
NumStability/Source/Higham/Chapter11/AasenTridiagGEPP.lean
NumStability/Source/Higham/Chapter11/AasenUnitOuterSolve.lean
NumStability/Source/Higham/Chapter11/BlockLDLTAllOneByOnePrinted.lean
NumStability/Source/Higham/Chapter11/BlockLDLTBunchTridiagonal.lean
NumStability/Source/Higham/Chapter11/BlockLDLTMixedPivot.lean
NumStability/Source/Higham/Chapter11/BlockLDLTSolveBackward.lean
NumStability/Source/Higham/Chapter11/Bunch/ActualSharpGrowthClosure.lean
NumStability/Source/Higham/Chapter11/Bunch/ExactTrace.lean
NumStability/Source/Higham/Chapter11/Bunch/SharpGrowthBridge.lean
NumStability/Source/Higham/Chapter11/Bunch/TraceHadamard.lean
NumStability/Source/Higham/Chapter11/BunchKaufman/ActualSelector.lean
NumStability/Source/Higham/Chapter11/BunchKaufman/Exact/Growth.lean
NumStability/Source/Higham/Chapter11/BunchKaufman/Exact/GrowthArithmetic.lean
NumStability/Source/Higham/Chapter11/BunchKaufman/Exact/Trace.lean
NumStability/Source/Higham/Chapter11/BunchKaufman/ExplicitInverse/Solve.lean
NumStability/Source/Higham/Chapter11/BunchKaufman/ExplicitInverse/TerminalClosedForm.lean
NumStability/Source/Higham/Chapter11/BunchKaufman/Rounded/Accumulated.lean
NumStability/Source/Higham/Chapter11/BunchKaufman/Rounded/Bridge.lean
NumStability/Source/Higham/Chapter11/BunchKaufman/Rounded/Closure.lean
NumStability/Source/Higham/Chapter11/BunchKaufman/Rounded/Execution.lean
NumStability/Source/Higham/Chapter11/BunchKaufman/Rounded/Factors.lean
NumStability/Source/Higham/Chapter11/BunchKaufman/Rounded/Global.lean
NumStability/Source/Higham/Chapter11/BunchKaufman/Rounded/Growth.lean
NumStability/Source/Higham/Chapter11/BunchKaufman/Rounded/GrowthSolve.lean
NumStability/Source/Higham/Chapter11/BunchKaufman/Rounded/MiddleSolve.lean
NumStability/Source/Higham/Chapter11/BunchKaufman/Rounded/Solve.lean
NumStability/Source/Higham/Chapter11/BunchKaufman/Rounded/Terminal.lean
NumStability/Source/Higham/Chapter11/BunchKaufman/Rounded/TerminalClosedForm.lean
NumStability/Source/Higham/Chapter11/BunchKaufman/SourceCorrection.lean
NumStability/Source/Higham/Chapter11/BunchKaufmanSolve.lean
NumStability/Source/Higham/Chapter11/BunchTridiagonalActualSolve.lean
NumStability/Source/Higham/Chapter11/BunchTridiagonalHFactor.lean
NumStability/Source/Higham/Chapter11/Higham11BunchActualSharpGrowthClosure.lean
NumStability/Source/Higham/Chapter11/Higham11BunchExactTrace.lean
NumStability/Source/Higham/Chapter11/Higham11BunchKaufmanActualSelector.lean
NumStability/Source/Higham/Chapter11/Higham11BunchKaufmanExactGrowth.lean
NumStability/Source/Higham/Chapter11/Higham11BunchKaufmanExactGrowthArithmetic.lean
NumStability/Source/Higham/Chapter11/Higham11BunchKaufmanExactTrace.lean
NumStability/Source/Higham/Chapter11/Higham11BunchKaufmanExplicitInverseSolve.lean
NumStability/Source/Higham/Chapter11/Higham11BunchKaufmanExplicitInverseTerminalClosedForm.lean
NumStability/Source/Higham/Chapter11/Higham11BunchKaufmanRoundedAccumulated.lean
NumStability/Source/Higham/Chapter11/Higham11BunchKaufmanRoundedBridge.lean
NumStability/Source/Higham/Chapter11/Higham11BunchKaufmanRoundedClosure.lean
NumStability/Source/Higham/Chapter11/Higham11BunchKaufmanRoundedExecution.lean
NumStability/Source/Higham/Chapter11/Higham11BunchKaufmanRoundedFactors.lean
NumStability/Source/Higham/Chapter11/Higham11BunchKaufmanRoundedGlobal.lean
NumStability/Source/Higham/Chapter11/Higham11BunchKaufmanRoundedGrowth.lean
NumStability/Source/Higham/Chapter11/Higham11BunchKaufmanRoundedGrowthSolve.lean
NumStability/Source/Higham/Chapter11/Higham11BunchKaufmanRoundedMiddleSolve.lean
NumStability/Source/Higham/Chapter11/Higham11BunchKaufmanRoundedSolve.lean
NumStability/Source/Higham/Chapter11/Higham11BunchKaufmanRoundedTerminal.lean
NumStability/Source/Higham/Chapter11/Higham11BunchKaufmanRoundedTerminalClosedForm.lean
NumStability/Source/Higham/Chapter11/Higham11BunchKaufmanSourceCorrection.lean
NumStability/Source/Higham/Chapter11/Higham11BunchSharpGrowthBridge.lean
NumStability/Source/Higham/Chapter11/Higham11BunchTraceHadamard.lean
NumStability/Source/Higham/Chapter11/Higham11Chapter9ActualExecutorBridge.lean
NumStability/Source/Higham/Chapter11/Higham11Chapter9BridgeClosure.lean
NumStability/Source/Higham/Chapter11/Higham11RookExactTrace.lean
NumStability/Source/Higham/Chapter11/Higham11RookExecutorAdapter.lean
NumStability/Source/Higham/Chapter11/Higham11RookRoundedGap.lean
NumStability/Source/Higham/Chapter11/Higham11RookSourceClosure.lean
NumStability/Source/Higham/Chapter11/Higham11SkewActualSelector.lean
NumStability/Source/Higham/Chapter11/Higham11SkewExactTrace.lean
NumStability/Source/Higham/Chapter11/Higham11SkewSourceCorrection.lean
NumStability/Source/Higham/Chapter11/Problems.lean
NumStability/Source/Higham/Chapter11/Rook/ExactTrace.lean
NumStability/Source/Higham/Chapter11/Rook/ExecutorAdapter.lean
NumStability/Source/Higham/Chapter11/Rook/RoundedGap.lean
NumStability/Source/Higham/Chapter11/Rook/SourceClosure.lean
NumStability/Source/Higham/Chapter11/Section01/Basic.lean
NumStability/Source/Higham/Chapter11/Section01/CompletePivoting.lean
NumStability/Source/Higham/Chapter11/Section01/PartialPivoting.lean
NumStability/Source/Higham/Chapter11/Section01/RookPivoting.lean
NumStability/Source/Higham/Chapter11/Section01/Tridiagonal.lean
NumStability/Source/Higham/Chapter11/Section02/Aasen.lean
NumStability/Source/Higham/Chapter11/Section03/SkewSymmetric.lean
NumStability/Source/Higham/Chapter11/Skew/ActualSelector.lean
NumStability/Source/Higham/Chapter11/Skew/ExactTrace.lean
NumStability/Source/Higham/Chapter11/Skew/SourceCorrection.lean
NumStability/Source/Higham/Chapter11/Theorem07.lean
NumStability/Source/Higham/Chapter11/Theorem07/Core/Results.lean
NumStability/Source/Higham/Chapter11/Theorem07/TridiagonalTwoByTwoResidual.lean
NumStability/Source/Higham/Chapter11/Theorem07/TridiagonalTwoByTwoResidual/Basic.lean
NumStability/Source/Higham/Chapter11/TwoByTwoSchurStep.lean
NumStability/Source/Higham/Chapter12.lean
NumStability/Source/Higham/Chapter12/IterativeRefinement.lean
NumStability/Source/Higham/Chapter12/IterativeRefinement/All.lean
NumStability/Source/Higham/Chapter12/IterativeRefinement/Chapter12Bounds.lean
NumStability/Source/Higham/Chapter12/IterativeRefinement/ForwardErrorBounds/Results.lean
NumStability/Source/Higham/Chapter12/IterativeRefinement/LegacyChapter11Surface.lean
NumStability/Source/Higham/Chapter12/IterativeRefinement/Results/Theorems.lean
NumStability/Source/Higham/Chapter12/OmegaDiscontinuity.lean
NumStability/Source/Higham/Chapter12/Problem02.lean
NumStability/Source/Higham/Chapter13.lean
NumStability/Source/Higham/Chapter13/Algorithm01.lean
NumStability/Source/Higham/Chapter13/Algorithm03.lean
NumStability/Source/Higham/Chapter13/Algorithm04.lean
NumStability/Source/Higham/Chapter13/BlockLU.lean
NumStability/Source/Higham/Chapter13/DemmelSharpMultiplier.lean
NumStability/Source/Higham/Chapter13/Equation01.lean
NumStability/Source/Higham/Chapter13/Equation02.lean
NumStability/Source/Higham/Chapter13/Equation03.lean
NumStability/Source/Higham/Chapter13/Equation18.lean
NumStability/Source/Higham/Chapter13/Equation19.lean
NumStability/Source/Higham/Chapter13/Equation20.lean
NumStability/Source/Higham/Chapter13/Equation21.lean
NumStability/Source/Higham/Chapter13/Equation22.lean
NumStability/Source/Higham/Chapter13/Equation23.lean
NumStability/Source/Higham/Chapter13/Equation23/PointRowGrowth.lean
NumStability/Source/Higham/Chapter13/Equation23/ProductBounds/PointRow.lean
NumStability/Source/Higham/Chapter13/Equation24.lean
NumStability/Source/Higham/Chapter13/Equation25.lean
NumStability/Source/Higham/Chapter13/Equation25/BackwardError/Bounds.lean
NumStability/Source/Higham/Chapter13/Equation25/Factorization.lean
NumStability/Source/Higham/Chapter13/Equation25/Families.lean
NumStability/Source/Higham/Chapter13/Equation25/PartitionedComputation/Implementation1.lean
NumStability/Source/Higham/Chapter13/Equation26.lean
NumStability/Source/Higham/Chapter13/Lemma09.lean
NumStability/Source/Higham/Chapter13/Lemma10.lean
NumStability/Source/Higham/Chapter13/Lemma10/ConditionNumber.lean
NumStability/Source/Higham/Chapter13/Lemma10/SchurComplement.lean
NumStability/Source/Higham/Chapter13/Problem01.lean
NumStability/Source/Higham/Chapter13/Problem02.lean
NumStability/Source/Higham/Chapter13/Problem03.lean
NumStability/Source/Higham/Chapter13/Problem04.lean
NumStability/Source/Higham/Chapter13/Problem04/ActiveStageBounds.lean
NumStability/Source/Higham/Chapter13/Problem04/ActiveStageProducts.lean
NumStability/Source/Higham/Chapter13/Problem04/ActiveTailProducts.lean
NumStability/Source/Higham/Chapter13/Problem04/BlockInverseBounds.lean
NumStability/Source/Higham/Chapter13/Problem04/ComparisonChains.lean
NumStability/Source/Higham/Chapter13/Problem04/DeterminantChainProducts.lean
NumStability/Source/Higham/Chapter13/Problem04/FactorizationExistence.lean
NumStability/Source/Higham/Chapter13/Problem04/FactorizationProducts.lean
NumStability/Source/Higham/Chapter13/Problem04/FactorizationProducts/ComparisonUpdates.lean
NumStability/Source/Higham/Chapter13/Problem04/FactorizationProducts/DeterminantBounds.lean
NumStability/Source/Higham/Chapter13/Problem04/FactorizationProducts/InverseBounds.lean
NumStability/Source/Higham/Chapter13/Problem04/FactorizationProducts/LocalComparisons.lean
NumStability/Source/Higham/Chapter13/Problem04/FactorizationProducts/LowerBlockBudgets.lean
NumStability/Source/Higham/Chapter13/Problem04/GlobalTableauChain.lean
NumStability/Source/Higham/Chapter13/Problem04/GlobalTableauGrowth.lean
NumStability/Source/Higham/Chapter13/Problem04/GlobalTableauProducts.lean
NumStability/Source/Higham/Chapter13/Problem04/GlobalTableauProducts/ActiveSuffix.lean
NumStability/Source/Higham/Chapter13/Problem04/GlobalTableauProducts/DiagonalUpdate.lean
NumStability/Source/Higham/Chapter13/Problem04/GlobalTableauProducts/TailChain.lean
NumStability/Source/Higham/Chapter13/Problem04/HistoryEnvelope.lean
NumStability/Source/Higham/Chapter13/Problem04/InfNormGrowth.lean
NumStability/Source/Higham/Chapter13/Problem04/InverseRatioChain.lean
NumStability/Source/Higham/Chapter13/Problem04/LocalGrowth.lean
NumStability/Source/Higham/Chapter13/Problem04/LocalNormBounds.lean
NumStability/Source/Higham/Chapter13/Problem04/LowerComparisonChain.lean
NumStability/Source/Higham/Chapter13/Problem04/MatrixStageHistory.lean
NumStability/Source/Higham/Chapter13/Problem04/MatrixStages.lean
NumStability/Source/Higham/Chapter13/Problem04/OneStepProducts.lean
NumStability/Source/Higham/Chapter13/Problem04/ProductBounds.lean
NumStability/Source/Higham/Chapter13/Problem04/RecursiveBudgetChains.lean
NumStability/Source/Higham/Chapter13/Problem04/ScalarGrowthBridge.lean
NumStability/Source/Higham/Chapter13/Problem04/StageHistory.lean
NumStability/Source/Higham/Chapter13/Problem05.lean
NumStability/Source/Higham/Chapter13/Problem06.lean
NumStability/Source/Higham/Chapter13/Problem07.lean
NumStability/Source/Higham/Chapter13/Problem08.lean
NumStability/Source/Higham/Chapter13/Problem09.lean
NumStability/Source/Higham/Chapter13/Section01.lean
NumStability/Source/Higham/Chapter13/Section01/NormConventions.lean
NumStability/Source/Higham/Chapter13/Section01/OperationModelFamilies.lean
NumStability/Source/Higham/Chapter13/Section01/OperationModels.lean
NumStability/Source/Higham/Chapter13/Section01/StandardFactorization.lean
NumStability/Source/Higham/Chapter13/Section03.lean
NumStability/Source/Higham/Chapter13/Section03/ArbitraryNormDominance.lean
NumStability/Source/Higham/Chapter13/Section03/ColumnDominanceClosure.lean
NumStability/Source/Higham/Chapter13/Section03/RowDominanceClosure.lean
NumStability/Source/Higham/Chapter13/Section03/SPDFactorBounds.lean
NumStability/Source/Higham/Chapter13/Section03/SchurStageAnalysis.lean
NumStability/Source/Higham/Chapter13/Table01.lean
NumStability/Source/Higham/Chapter13/Table01/BackwardErrorBounds/Endpoints.lean
NumStability/Source/Higham/Chapter13/Table01/DiagonalDominance/Bounds.lean
NumStability/Source/Higham/Chapter13/Table01/Families.lean
NumStability/Source/Higham/Chapter13/Table01/ProductTransfers/Families.lean
NumStability/Source/Higham/Chapter13/Theorem02.lean
NumStability/Source/Higham/Chapter13/Theorem02/Factorization.lean
NumStability/Source/Higham/Chapter13/Theorem02/Uniqueness.lean
NumStability/Source/Higham/Chapter13/Theorem02/VaryingBlocks.lean
NumStability/Source/Higham/Chapter13/Theorem05.lean
NumStability/Source/Higham/Chapter13/Theorem05/ErrorAnalysis.lean
NumStability/Source/Higham/Chapter13/Theorem05/FamilyErrorAnalysis.lean
NumStability/Source/Higham/Chapter13/Theorem05/Recurrences.lean
NumStability/Source/Higham/Chapter13/Theorem06.lean
NumStability/Source/Higham/Chapter13/Theorem06/AssumptionModel.lean
NumStability/Source/Higham/Chapter13/Theorem06/Computation.lean
NumStability/Source/Higham/Chapter13/Theorem06/FactorAndSolve.lean
NumStability/Source/Higham/Chapter13/Theorem07.lean
NumStability/Source/Higham/Chapter13/Theorem07/OneStep.lean
NumStability/Source/Higham/Chapter13/Theorem07/PivotExistence.lean
NumStability/Source/Higham/Chapter13/Theorem08.lean
NumStability/Source/Higham/Chapter13/Theorem08/OneStep.lean
NumStability/Source/Higham/Chapter14.lean
NumStability/Source/Higham/Chapter14/Algorithm04.lean
NumStability/Source/Higham/Chapter14/Algorithm04/Accumulation.lean
NumStability/Source/Higham/Chapter14/Algorithm04/Accumulation/GJESourceAccumulationBridge.lean
NumStability/Source/Higham/Chapter14/Algorithm04/Accumulation/GaussJordanAccumulation.lean
NumStability/Source/Higham/Chapter14/Algorithm04/Execution.lean
NumStability/Source/Higham/Chapter14/Algorithm04/Execution/GJEActualDoolittleAdapter.lean
NumStability/Source/Higham/Chapter14/Algorithm04/Execution/GJEFinalDivisionClosure.lean
NumStability/Source/Higham/Chapter14/Algorithm04/Execution/GJEOperationalBridge.lean
NumStability/Source/Higham/Chapter14/Algorithm04/Execution/GaussJordanSourceClosure.lean
NumStability/Source/Higham/Chapter14/Algorithm04/FinalDivisionStage/FinalizedErrorFamilies.lean
NumStability/Source/Higham/Chapter14/Algorithm04/Pivoting.lean
NumStability/Source/Higham/Chapter14/Algorithm04/Pivoting/GaussJordanPivoting.lean
NumStability/Source/Higham/Chapter14/Algorithm04/SecondStage.lean
NumStability/Source/Higham/Chapter14/Algorithm04/SecondStage/GaussJordanQConstruction.lean
NumStability/Source/Higham/Chapter14/Algorithm04/SecondStage/GaussJordanStep.lean
NumStability/Source/Higham/Chapter14/Corollary06.lean
NumStability/Source/Higham/Chapter14/Corollary06/FinalizedRunRegularity/UniformInverseRegularity.lean
NumStability/Source/Higham/Chapter14/Corollary06/SPD.lean
NumStability/Source/Higham/Chapter14/Corollary06/SPD/Closure.lean
NumStability/Source/Higham/Chapter14/Corollary06/SPD/Concrete.lean
NumStability/Source/Higham/Chapter14/Corollary06/SPD/GaussJordanSPDCorollary.lean
NumStability/Source/Higham/Chapter14/Corollary06/SPD/SourceClosure.lean
NumStability/Source/Higham/Chapter14/Corollary06/SPD/UniformInverseBridge.lean
NumStability/Source/Higham/Chapter14/Corollary07.lean
NumStability/Source/Higham/Chapter14/Corollary07/DiagonalDominance.lean
NumStability/Source/Higham/Chapter14/Corollary07/DiagonalDominance/Basic.lean
NumStability/Source/Higham/Chapter14/Corollary07/DiagonalDominance/Closure.lean
NumStability/Source/Higham/Chapter14/Corollary07/DiagonalDominance/Concrete.lean
NumStability/Source/Higham/Chapter14/Corollary07/DiagonalDominance/FinalDivisionFamilyClosure.lean
NumStability/Source/Higham/Chapter14/Corollary07/DiagonalDominance/SourceClosure.lean
NumStability/Source/Higham/Chapter14/Corollary07/DiagonalDominance/SourceDomainConstructor.lean
NumStability/Source/Higham/Chapter14/Corollary07/DiagonalDominance/WeakFamily.lean
NumStability/Source/Higham/Chapter14/Corollary07/FinalizedRunFamilies/ResidualAndForwardEnvelopes.lean
NumStability/Source/Higham/Chapter14/Corollary07/PrintedTraceFamilies/ResidualAndForwardEndpoints.lean
NumStability/Source/Higham/Chapter14/Corollary07/RowDominantCertificates/CumulativeProductBounds.lean
NumStability/Source/Higham/Chapter14/Corollary07/WeakDominanceFamilies/ResidualAndForwardBounds.lean
NumStability/Source/Higham/Chapter14/Discrepancies.lean
NumStability/Source/Higham/Chapter14/Equation34.lean
NumStability/Source/Higham/Chapter14/Equation34/DeterminantFromLU.lean
NumStability/Source/Higham/Chapter14/Equation34/DeterminantFromLU/MatrixInversion.lean
NumStability/Source/Higham/Chapter14/Equation35.lean
NumStability/Source/Higham/Chapter14/Equation35/HymanBlockFactorization.lean
NumStability/Source/Higham/Chapter14/Equation35/HymanBlockFactorization/MatrixInversion.lean
NumStability/Source/Higham/Chapter14/Equation36.lean
NumStability/Source/Higham/Chapter14/Equation36/HymanDeterminant.lean
NumStability/Source/Higham/Chapter14/Equation36/HymanDeterminant/MatrixInversion.lean
NumStability/Source/Higham/Chapter14/Problem02.lean
NumStability/Source/Higham/Chapter14/Problem02/TriangularInversion.lean
NumStability/Source/Higham/Chapter14/Problem02/TriangularInversion/Basic.lean
NumStability/Source/Higham/Chapter14/Problem02/TriangularInversion/Families.lean
NumStability/Source/Higham/Chapter14/Problem02/TriangularInversion/Method2B.lean
NumStability/Source/Higham/Chapter14/Problem02/TriangularInversion/TwoBlockFamilies/Derivations.lean
NumStability/Source/Higham/Chapter14/Problem02/TriangularInversion/TwoBlockFirstOrder/Derivations.lean
NumStability/Source/Higham/Chapter14/Problem02/TriangularInversion/TwoBlockMethod2B/FirstOrderBound.lean
NumStability/Source/Higham/Chapter14/Problem03.lean
NumStability/Source/Higham/Chapter14/Problem03/ResidualComparison.lean
NumStability/Source/Higham/Chapter14/Problem03/ResidualComparison/MatrixInversion.lean
NumStability/Source/Higham/Chapter14/Problem04.lean
NumStability/Source/Higham/Chapter14/Problem04/ResidualCounterexample.lean
NumStability/Source/Higham/Chapter14/Problem04/ResidualCounterexample/MatrixInversion.lean
NumStability/Source/Higham/Chapter14/Problem05.lean
NumStability/Source/Higham/Chapter14/Problem05/InverseBasedSolve.lean
NumStability/Source/Higham/Chapter14/Problem05/InverseBasedSolve/AsymptoticFamilies.lean
NumStability/Source/Higham/Chapter14/Problem05/InverseBasedSolve/ForwardErrorEndpoint.lean
NumStability/Source/Higham/Chapter14/Problem05/InverseBasedSolve/MatrixInversion.lean
NumStability/Source/Higham/Chapter14/Problem07.lean
NumStability/Source/Higham/Chapter14/Problem07/OnesVector.lean
NumStability/Source/Higham/Chapter14/Problem07/OnesVector/MatrixInversion.lean
NumStability/Source/Higham/Chapter14/Problem08.lean
NumStability/Source/Higham/Chapter14/Problem08/ComplexInverseRealBlock.lean
NumStability/Source/Higham/Chapter14/Problem08/ComplexInverseRealBlock/MatrixInversion.lean
NumStability/Source/Higham/Chapter14/Problem10.lean
NumStability/Source/Higham/Chapter14/Problem10/EntryPerturbation.lean
NumStability/Source/Higham/Chapter14/Problem10/EntryPerturbation/MatrixInversion.lean
NumStability/Source/Higham/Chapter14/Problem11.lean
NumStability/Source/Higham/Chapter14/Problem11/HadamardCondition.lean
NumStability/Source/Higham/Chapter14/Problem11/HadamardCondition/MatrixInversion.lean
NumStability/Source/Higham/Chapter14/Problem12.lean
NumStability/Source/Higham/Chapter14/Problem12/ConditionNumberExamples/StressAndPeiMatrices.lean
NumStability/Source/Higham/Chapter14/Problem12/HadamardExamples.lean
NumStability/Source/Higham/Chapter14/Problem12/HadamardExamples/MatrixInversion.lean
NumStability/Source/Higham/Chapter14/Problem13.lean
NumStability/Source/Higham/Chapter14/Problem13/ConditionNumberBounds/UnitRowAndScalarCase.lean
NumStability/Source/Higham/Chapter14/Problem13/GEJBound.lean
NumStability/Source/Higham/Chapter14/Problem13/GEJBound/MatrixInversion.lean
NumStability/Source/Higham/Chapter14/Problem14.lean
NumStability/Source/Higham/Chapter14/Problem14/FloatingPointDeterminant/HymanBackwardError.lean
NumStability/Source/Higham/Chapter14/Problem14/HymanDeterminant.lean
NumStability/Source/Higham/Chapter14/Problem14/HymanDeterminant/MatrixInversion.lean
NumStability/Source/Higham/Chapter14/Problem15.lean
NumStability/Source/Higham/Chapter14/Problem15/DeterminantPerturbation.lean
NumStability/Source/Higham/Chapter14/Problem15/DeterminantPerturbation/MatrixInversion.lean
NumStability/Source/Higham/Chapter14/Problem15/SingularValueGuards/DeterminantSignAndRelativeBounds.lean
NumStability/Source/Higham/Chapter14/Section01.lean
NumStability/Source/Higham/Chapter14/Section01/InverseErrorAnalysis.lean
NumStability/Source/Higham/Chapter14/Section01/InverseErrorAnalysis/AsymptoticFamilies.lean
NumStability/Source/Higham/Chapter14/Section01/InverseErrorAnalysis/ComposedCoefficientFamilies/RemainderAsymptotics.lean
NumStability/Source/Higham/Chapter14/Section01/InverseErrorAnalysis/ForwardErrorEndpoint.lean
NumStability/Source/Higham/Chapter14/Section01/InverseErrorAnalysis/MatrixInversion.lean
NumStability/Source/Higham/Chapter14/Section01/InverseErrorAnalysis/ScaledPerturbationEndpoints/ForwardError.lean
NumStability/Source/Higham/Chapter14/Section01/ProductErrorNotation.lean
NumStability/Source/Higham/Chapter14/Section01/ProductErrorNotation/ProductErrorNotation.lean
NumStability/Source/Higham/Chapter14/Section02.lean
NumStability/Source/Higham/Chapter14/Section02/TriangularInversion.lean
NumStability/Source/Higham/Chapter14/Section02/TriangularInversion/Method1.lean
NumStability/Source/Higham/Chapter14/Section02/TriangularInversion/Method1/AsymptoticFamilies.lean
NumStability/Source/Higham/Chapter14/Section02/TriangularInversion/Method1/ForwardErrorEndpoint.lean
NumStability/Source/Higham/Chapter14/Section02/TriangularInversion/Method1B.lean
NumStability/Source/Higham/Chapter14/Section02/TriangularInversion/Method1B/BlockResidual/WholeMatrixBounds.lean
NumStability/Source/Higham/Chapter14/Section02/TriangularInversion/Method1B/BlockTriInverse.lean
NumStability/Source/Higham/Chapter14/Section02/TriangularInversion/Method1B/Method1BWhole.lean
NumStability/Source/Higham/Chapter14/Section02/TriangularInversion/Method2.lean
NumStability/Source/Higham/Chapter14/Section02/TriangularInversion/Method2/Method2Loop.lean
NumStability/Source/Higham/Chapter14/Section02/TriangularInversion/Method2B.lean
NumStability/Source/Higham/Chapter14/Section02/TriangularInversion/Method2B/MatrixInversion.lean
NumStability/Source/Higham/Chapter14/Section02/TriangularInversion/Method2B/MatrixInversionMethod2BInstance.lean
NumStability/Source/Higham/Chapter14/Section02/TriangularInversion/Method2C.lean
NumStability/Source/Higham/Chapter14/Section02/TriangularInversion/Method2C/BlockResidual/LeftResidualBounds.lean
NumStability/Source/Higham/Chapter14/Section02/TriangularInversion/Method2C/Method2C.lean
NumStability/Source/Higham/Chapter14/Section02/TriangularInversion/Method2C/Method2CWhole.lean
NumStability/Source/Higham/Chapter14/Section02/TriangularInversion/Method2C/WholeMatrixResidual/LeftResidualBounds.lean
NumStability/Source/Higham/Chapter14/Section03.lean
NumStability/Source/Higham/Chapter14/Section03/LUFactorInversion.lean
NumStability/Source/Higham/Chapter14/Section03/LUFactorInversion/MethodB.lean
NumStability/Source/Higham/Chapter14/Section03/LUFactorInversion/MethodB/MethodsBC.lean
NumStability/Source/Higham/Chapter14/Section03/LUFactorInversion/MethodC.lean
NumStability/Source/Higham/Chapter14/Section03/LUFactorInversion/MethodC/MethodsBC.lean
NumStability/Source/Higham/Chapter14/Section03/LUFactorInversion/MethodD.lean
NumStability/Source/Higham/Chapter14/Section03/LUFactorInversion/MethodD/MatrixInversion.lean
NumStability/Source/Higham/Chapter14/Section03/LUFactorInversion/MethodD/MethodDLeftResidual.lean
NumStability/Source/Higham/Chapter14/Section03/LUFactorInversion/MethodD/MethodDProductDischarge.lean
NumStability/Source/Higham/Chapter14/Section03/LUFactorInversion/MethodD/MethodDUpperCertificate.lean
NumStability/Source/Higham/Chapter14/Section03/ResidualOperatorTwoNorm.lean
NumStability/Source/Higham/Chapter14/Section03/ResidualOperatorTwoNorm/Bridge.lean
NumStability/Source/Higham/Chapter14/Section05.lean
NumStability/Source/Higham/Chapter14/Section05/RectangularIteration.lean
NumStability/Source/Higham/Chapter14/Section05/SpectralConvergence.lean
NumStability/Source/Higham/Chapter14/Section05/SquareIteration.lean
NumStability/Source/Higham/Chapter14/Theorem05.lean
NumStability/Source/Higham/Chapter14/Theorem05/EliminationFamilies/CoefficientAsymptotics.lean
NumStability/Source/Higham/Chapter14/Theorem05/ForwardError.lean
NumStability/Source/Higham/Chapter14/Theorem05/ForwardError/GJEAsymptoticFamilies.lean
NumStability/Source/Higham/Chapter14/Theorem05/ForwardError/GJEFinalDivisionClosure.lean
NumStability/Source/Higham/Chapter14/Theorem05/ForwardError/GJEPrintedEnvelopeClosure.lean
NumStability/Source/Higham/Chapter14/Theorem05/ForwardError/GJETheorem145SourceClosure.lean
NumStability/Source/Higham/Chapter14/Theorem05/ForwardError/GaussJordanQConstruction.lean
NumStability/Source/Higham/Chapter14/Theorem05/PrintedEnvelopes/CorrectionBounds.lean
NumStability/Source/Higham/Chapter14/Theorem05/PrintedTrace/VanishingEndpoints.lean
NumStability/Source/Higham/Chapter15.lean
NumStability/Source/Higham/Chapter15/Algorithm01/PNormPowerMethod/ConvergenceStatements.lean
NumStability/Source/Higham/Chapter15/Algorithm01/PNormPowerMethod/PNormPowerMethod.lean
NumStability/Source/Higham/Chapter15/Algorithm01/PNormPowerMethod/PNormRectangular.lean
NumStability/Source/Higham/Chapter15/Algorithm03/OneNormPowerMethod/Basic.lean
NumStability/Source/Higham/Chapter15/Algorithm04/LAPACKNormEstimator/Basic.lean
NumStability/Source/Higham/Chapter15/Algorithm04/LAPACKNormEstimator/ConditionEstimate/Bounds.lean
NumStability/Source/Higham/Chapter15/Algorithm05/LINPACKConditionEstimator/Basic.lean
NumStability/Source/Higham/Chapter15/Algorithm05/LINPACKConditionEstimator/InverseNormBound/TriangularSolve.lean
NumStability/Source/Higham/Chapter15/Equation02/Subgradient/PNormGeneral.lean
NumStability/Source/Higham/Chapter15/Equation02/Subgradient/PNormPowerMethod.lean
NumStability/Source/Higham/Chapter15/Equation03/GradientQuotient/ConvergenceStatements.lean
NumStability/Source/Higham/Chapter15/Equation03/GradientQuotient/PNormGeneral.lean
NumStability/Source/Higham/Chapter15/Equation03/GradientQuotient/PNormPowerMethod.lean
NumStability/Source/Higham/Chapter15/Equation04/NormalizedDualDiscrepancy/Basic.lean
NumStability/Source/Higham/Chapter15/Equation05/SubgradientInequality/Basic.lean
NumStability/Source/Higham/Chapter15/Equation06/LAPACKCounterexample/Basic.lean
NumStability/Source/Higham/Chapter15/Equation07/DixonBound/Basic.lean
NumStability/Source/Higham/Chapter15/Lemma02/PNormPowerMethod/BoydInterface.lean
NumStability/Source/Higham/Chapter15/Lemma02/PNormPowerMethod/BoydUniqueness.lean
NumStability/Source/Higham/Chapter15/Lemma02/PNormPowerMethod/PNormPowerMethod.lean
NumStability/Source/Higham/Chapter15/Lemma02/PNormPowerMethod/PNormRectangular.lean
NumStability/Source/Higham/Chapter15/Problem04/LUConditionBounds/Basic.lean
NumStability/Source/Higham/Chapter15/Problem06/TridiagonalInverseNorm/Recurrences/ArrayExecution.lean
NumStability/Source/Higham/Chapter15/Problem06/TridiagonalInverseNorm/Recurrences/EntryFormulas.lean
NumStability/Source/Higham/Chapter15/Problem06/TridiagonalInverseNorm/Recurrences/FactorizationAndNorm.lean
NumStability/Source/Higham/Chapter15/Problem06/TridiagonalInverseNorm/TridiagonalInverse.lean
NumStability/Source/Higham/Chapter15/Problem06/TridiagonalInverseNorm/TridiagonalInverseCompletion.lean
NumStability/Source/Higham/Chapter15/Problem06/TridiagonalInverseNorm/TridiagonalInverseRuns.lean
NumStability/Source/Higham/Chapter15/Section01/ConditionNumbers/CondEstimation.lean
NumStability/Source/Higham/Chapter15/Section01/ConditionNumbers/ConditionEstimators.lean
NumStability/Source/Higham/Chapter15/Section02/Boyd/Corrections/BoydConcrete.lean
NumStability/Source/Higham/Chapter15/Section02/Boyd/Corrections/BoydLocal.lean
NumStability/Source/Higham/Chapter15/Section02/Boyd/Corrections/BoydLocalStability.lean
NumStability/Source/Higham/Chapter15/Section02/Boyd/Corrections/ConvergenceStatements.lean
NumStability/Source/Higham/Chapter15/Section02/Boyd/EndpointTermination/ConvergenceStatements.lean
NumStability/Source/Higham/Chapter15/Section02/Boyd/EndpointTermination/InfinityCounterexample/Trace.lean
NumStability/Source/Higham/Chapter15/Section02/Boyd/EndpointTermination/RectangularTermination.lean
NumStability/Source/Higham/Chapter15/Section02/Boyd/GlobalConvergence/BoydInterface.lean
NumStability/Source/Higham/Chapter15/Section02/Boyd/GlobalConvergence/BoydUniqueness.lean
NumStability/Source/Higham/Chapter15/Section02/Boyd/GlobalConvergence/ConvergenceStatements.lean
NumStability/Source/Higham/Chapter15/Section02/Boyd/GlobalConvergence/ScalarCase/Iteration.lean
NumStability/Source/Higham/Chapter15/Section02/Boyd/LocalConvergence/BoydConcrete.lean
NumStability/Source/Higham/Chapter15/Section02/Boyd/LocalConvergence/BoydInterface.lean
NumStability/Source/Higham/Chapter15/Section02/Boyd/LocalConvergence/BoydLocal.lean
NumStability/Source/Higham/Chapter15/Section02/Boyd/LocalConvergence/BoydLocalStability.lean
NumStability/Source/Higham/Chapter15/Section02/Boyd/LocalConvergence/ConstrainedLagrangian/Differentiation.lean
NumStability/Source/Higham/Chapter15/Section02/Boyd/SourceDomain/BoydCompletion.lean
NumStability/Source/Higham/Chapter15/Section02/Boyd/SourceDomain/BoydConcrete.lean
NumStability/Source/Higham/Chapter15/Section02/Boyd/SourceDomain/BoydDomain.lean
NumStability/Source/Higham/Chapter15/Section02/Boyd/SourceDomain/BoydLocal.lean
NumStability/Source/Higham/Chapter15/Section02/Boyd/SourceDomain/BoydRowwise.lean
NumStability/Source/Higham/Chapter15/Section02/Boyd/SourceDomain/SecondDerivative/Rowwise.lean
NumStability/Source/Higham/Chapter15/Section02/Boyd/SourceDomain/StrongLocalMaximum/Convergence.lean
NumStability/Source/Higham/Chapter15/Section06/TridiagonalLUConditionBounds/ExactBounds.lean
NumStability/Source/Higham/Chapter15/Theorem06/Dixon/Basic.lean
NumStability/Source/Higham/Chapter15/Theorem07/TridiagonalLU/Basic.lean
NumStability/Source/Higham/Chapter15/Theorem08/TridiagonalDiagonalDominance/Basic.lean
NumStability/Source/Higham/Chapter15/Theorem09/Ikebe/Basic.lean
NumStability/Source/Higham/Chapter15/Theorem09/Ikebe/IrreducibleRightInverse/RankOneStructure.lean
NumStability/Source/Higham/Chapter16.lean
NumStability/Source/Higham/Chapter16/Foundations/Core.lean
NumStability/Source/Higham/Chapter16/HessenbergSchur/Results.lean
NumStability/Source/Higham/Chapter16/HessenbergSchur/Rounded.lean
NumStability/Source/Higham/Chapter16/Minimizers/Results.lean
NumStability/Source/Higham/Chapter16/Problem02.lean
NumStability/Source/Higham/Chapter16/Problem02/LyapunovIntegral.lean
NumStability/Source/Higham/Chapter16/Problem02/LyapunovIntegral/All.lean
NumStability/Source/Higham/Chapter16/Problem02/LyapunovIntegral/Results.lean
NumStability/Source/Higham/Chapter16/Problem02/Results/Core.lean
NumStability/Source/Higham/Chapter16/QuasiRounded/Solve.lean
NumStability/Source/Higham/Chapter16/QuasiRounded/Sylvester.lean
NumStability/Source/Higham/Chapter16/Section01.lean
NumStability/Source/Higham/Chapter16/Section01/SylvesterEquation.lean
NumStability/Source/Higham/Chapter16/Section01/SylvesterEquation/All.lean
NumStability/Source/Higham/Chapter16/Section01/SylvesterEquation/ComplexSolvability.lean
NumStability/Source/Higham/Chapter16/Section01/SylvesterEquation/ComplexSolvability/All.lean
NumStability/Source/Higham/Chapter16/Section01/SylvesterEquation/ComplexSolvability/SchurFactors.lean
NumStability/Source/Higham/Chapter16/Section01/SylvesterEquation/ComplexSolvability/SpectralCriterion.lean
NumStability/Source/Higham/Chapter16/Section01/SylvesterEquation/ComplexSolvability/Vectorized.lean
NumStability/Source/Higham/Chapter16/Section01/SylvesterEquation/Equation01.lean
NumStability/Source/Higham/Chapter16/Section01/SylvesterEquation/Equation02.lean
NumStability/Source/Higham/Chapter16/Section01/SylvesterEquation/Equation03.lean
NumStability/Source/Higham/Chapter16/Section01/SylvesterEquation/VectorizationNotes.lean
NumStability/Source/Higham/Chapter16/Section01/SylvesterEquation/VectorizationNotes/All.lean
NumStability/Source/Higham/Chapter16/Section01/SylvesterEquation/VectorizationNotes/Notes.lean
NumStability/Source/Higham/Chapter16/Section02.lean
NumStability/Source/Higham/Chapter16/Section02/BartelsStewart.lean
NumStability/Source/Higham/Chapter16/Section02/BartelsStewart/Equation09.lean
NumStability/Source/Higham/Chapter16/Section02/BartelsStewart/Equation09/All.lean
NumStability/Source/Higham/Chapter16/Section02/BartelsStewart/Equation09/Assembly.lean
NumStability/Source/Higham/Chapter16/Section02/BartelsStewart/Equation09/EndToEnd.lean
NumStability/Source/Higham/Chapter16/Section02/BartelsStewart/Equations04To08.lean
NumStability/Source/Higham/Chapter16/Section02/BartelsStewart/Equations04To08/All.lean
NumStability/Source/Higham/Chapter16/Section02/BartelsStewart/Equations04To08/HessenbergRounded.lean
NumStability/Source/Higham/Chapter16/Section02/BartelsStewart/Equations04To08/HessenbergSchur.lean
NumStability/Source/Higham/Chapter16/Section02/BartelsStewart/Equations04To08/PivotedSmallBlocks.lean
NumStability/Source/Higham/Chapter16/Section02/BartelsStewart/Equations04To08/QuasiQuasiRounded.lean
NumStability/Source/Higham/Chapter16/Section02/BartelsStewart/Equations04To08/QuasiQuasiSylvester.lean
NumStability/Source/Higham/Chapter16/Section02/BartelsStewart/Equations04To08/QuasiRoundedSylvester.lean
NumStability/Source/Higham/Chapter16/Section02/BartelsStewart/Equations04To08/RoundedExecutor.lean
NumStability/Source/Higham/Chapter16/Section02/BartelsStewart/Equations04To08/RoundedTriangular.lean
NumStability/Source/Higham/Chapter16/Section02/BartelsStewart/Equations04To08/Spectrum.lean
NumStability/Source/Higham/Chapter16/Section02/BartelsStewart/Equations04To08/Vectorized.lean
NumStability/Source/Higham/Chapter16/Section02/RealSchurDecomposition/All.lean
NumStability/Source/Higham/Chapter16/Section02/RealSchurDecomposition/InvariantSubspace.lean
NumStability/Source/Higham/Chapter16/Section02/RealSchurDecomposition/QuasiTriangular.lean
NumStability/Source/Higham/Chapter16/Section02/SylvesterAndLyapunovBackwardError.lean
NumStability/Source/Higham/Chapter16/Section02/SylvesterAndLyapunovBackwardError/All.lean
NumStability/Source/Higham/Chapter16/Section02/SylvesterAndLyapunovBackwardError/AttainedMinima.lean
NumStability/Source/Higham/Chapter16/Section02/SylvesterAndLyapunovBackwardError/AttainedMinima/All.lean
NumStability/Source/Higham/Chapter16/Section02/SylvesterAndLyapunovBackwardError/AttainedMinima/Equations15And21.lean
NumStability/Source/Higham/Chapter16/Section02/SylvesterAndLyapunovBackwardError/Equation09.lean
NumStability/Source/Higham/Chapter16/Section02/SylvesterAndLyapunovBackwardError/Equation10.lean
NumStability/Source/Higham/Chapter16/Section02/SylvesterAndLyapunovBackwardError/Equation11.lean
NumStability/Source/Higham/Chapter16/Section02/SylvesterAndLyapunovBackwardError/Equation12.lean
NumStability/Source/Higham/Chapter16/Section02/SylvesterAndLyapunovBackwardError/Equation13.lean
NumStability/Source/Higham/Chapter16/Section02/SylvesterAndLyapunovBackwardError/Equation15.lean
NumStability/Source/Higham/Chapter16/Section02/SylvesterAndLyapunovBackwardError/Equation16.lean
NumStability/Source/Higham/Chapter16/Section02/SylvesterAndLyapunovBackwardError/Equation18.lean
NumStability/Source/Higham/Chapter16/Section02/SylvesterAndLyapunovBackwardError/Equation19.lean
NumStability/Source/Higham/Chapter16/Section02/SylvesterAndLyapunovBackwardError/Equation21.lean
NumStability/Source/Higham/Chapter16/Section02/SylvesterAndLyapunovBackwardError/LyapunovDefinition.lean
NumStability/Source/Higham/Chapter16/Section03.lean
NumStability/Source/Higham/Chapter16/Section03/PerturbationAndConditioning.lean
NumStability/Source/Higham/Chapter16/Section03/PerturbationAndConditioning/All.lean
NumStability/Source/Higham/Chapter16/Section03/PerturbationAndConditioning/AttainedSeparation.lean
NumStability/Source/Higham/Chapter16/Section03/PerturbationAndConditioning/AttainedSeparation/All.lean
NumStability/Source/Higham/Chapter16/Section03/PerturbationAndConditioning/AttainedSeparation/Equation26.lean
NumStability/Source/Higham/Chapter16/Section03/PerturbationAndConditioning/AutomaticBounds.lean
NumStability/Source/Higham/Chapter16/Section03/PerturbationAndConditioning/AutomaticBounds/All.lean
NumStability/Source/Higham/Chapter16/Section03/PerturbationAndConditioning/AutomaticBounds/Results/Core.lean
NumStability/Source/Higham/Chapter16/Section03/PerturbationAndConditioning/Equation22.lean
NumStability/Source/Higham/Chapter16/Section03/PerturbationAndConditioning/Equation23.lean
NumStability/Source/Higham/Chapter16/Section03/PerturbationAndConditioning/Equation24.lean
NumStability/Source/Higham/Chapter16/Section03/PerturbationAndConditioning/Equation25.lean
NumStability/Source/Higham/Chapter16/Section03/PerturbationAndConditioning/Equation26.lean
NumStability/Source/Higham/Chapter16/Section03/PerturbationAndConditioning/Equation27.lean
NumStability/Source/Higham/Chapter16/Section03/PerturbationAndConditioning/LyapunovSolutions.lean
NumStability/Source/Higham/Chapter16/Section03/PerturbationAndConditioning/SigmaMinCorollaries.lean
NumStability/Source/Higham/Chapter16/Section03/PerturbationAndConditioning/SigmaMinCorollaries/All.lean
NumStability/Source/Higham/Chapter16/Section03/PerturbationAndConditioning/SigmaMinCorollaries/Lyapunov.lean
NumStability/Source/Higham/Chapter16/Section03/PerturbationAndConditioning/SigmaMinCorollaries/StructuredSylvester.lean
NumStability/Source/Higham/Chapter16/Section03/PerturbationAndConditioning/SigmaMinCorollaries/SylvesterPerturbation.lean
NumStability/Source/Higham/Chapter16/Section03/PerturbationAndConditioning/SigmaMinCorollaries/Vectorized.lean
NumStability/Source/Higham/Chapter16/Section04.lean
NumStability/Source/Higham/Chapter16/Section04/PracticalErrorBounds.lean
NumStability/Source/Higham/Chapter16/Section04/PracticalErrorBounds/All.lean
NumStability/Source/Higham/Chapter16/Section04/PracticalErrorBounds/Equation28.lean
NumStability/Source/Higham/Chapter16/Section04/PracticalErrorBounds/Equation29.lean
NumStability/Source/Higham/Chapter16/Section04/PracticalErrorBounds/Equation29Extensions.lean
NumStability/Source/Higham/Chapter16/Section04/PracticalErrorBounds/Equation29Extensions/All.lean
NumStability/Source/Higham/Chapter16/Section04/PracticalErrorBounds/Equation29Extensions/Minimizers.lean
NumStability/Source/Higham/Chapter16/Section04/PracticalErrorBounds/Equation29Extensions/Spectrum.lean
NumStability/Source/Higham/Chapter16/Section04/PracticalErrorBounds/Equation29Extensions/Vectorized.lean
NumStability/Source/Higham/Chapter16/Section04/PracticalErrorBounds/NormEstimator.lean
NumStability/Source/Higham/Chapter16/Section04/PracticalErrorBounds/NormEstimator/All.lean
NumStability/Source/Higham/Chapter16/Section04/PracticalErrorBounds/NormEstimator/Equation29.lean
NumStability/Source/Higham/Chapter16/Section05.lean
NumStability/Source/Higham/Chapter16/Section05/GeneralizedMatrixEquations/All.lean
NumStability/Source/Higham/Chapter16/Section05/GeneralizedMatrixEquations/Equation30.lean
NumStability/Source/Higham/Chapter16/Section05/GeneralizedMatrixEquations/Equation31.lean
NumStability/Source/Higham/Chapter16/Section05/GeneralizedMatrixEquations/Equation32.lean
NumStability/Source/Higham/Chapter16/Spectrum/Minimizers.lean
NumStability/Source/Higham/Chapter16/Spectrum/Results.lean
NumStability/Source/Higham/Chapter16/VecNorm/Results.lean
NumStability/Source/Higham/Chapter16/VecPermutation/Notes.lean
NumStability/Source/Higham/Chapter17.lean
NumStability/Source/Higham/Chapter17/Equation01/ComputedIteration/Results.lean
NumStability/Source/Higham/Chapter17/Equation02/LocalError/Results.lean
NumStability/Source/Higham/Chapter17/Equation03/ComputedRecurrence/Results.lean
NumStability/Source/Higham/Chapter17/Equation04/FixedPoint/Results.lean
NumStability/Source/Higham/Chapter17/Equation05/ErrorExpansion/Results.lean
NumStability/Source/Higham/Chapter17/Equation06/ComponentwiseForward/Results.lean
NumStability/Source/Higham/Chapter17/Equation07/NormwiseGrowth/Results.lean
NumStability/Source/Higham/Chapter17/Equation08.lean
NumStability/Source/Higham/Chapter17/Equation08/NormwiseForward/Results.lean
NumStability/Source/Higham/Chapter17/Equation09/ComponentwiseGrowth/Results.lean
NumStability/Source/Higham/Chapter17/Equation10/LocalErrorSimplification/Results.lean
NumStability/Source/Higham/Chapter17/Equation12.lean
NumStability/Source/Higham/Chapter17/Equation12/PartialSumBound/Results.lean
NumStability/Source/Higham/Chapter17/Equation13/ComponentwiseForward/Results.lean
NumStability/Source/Higham/Chapter17/Equation15.lean
NumStability/Source/Higham/Chapter17/Equation15/NormwiseForward/Results.lean
NumStability/Source/Higham/Chapter17/Equation16.lean
NumStability/Source/Higham/Chapter17/Equation16/Jacobi/Results.lean
NumStability/Source/Higham/Chapter17/Equation17.lean
NumStability/Source/Higham/Chapter17/Equation17/SOR/Results.lean
NumStability/Source/Higham/Chapter17/Equation18/ResidualRecurrence/Results.lean
NumStability/Source/Higham/Chapter17/Equation19/ResidualBound/Results.lean
NumStability/Source/Higham/Chapter17/Equation20.lean
NumStability/Source/Higham/Chapter17/Equation20/ResidualSigma/Results.lean
NumStability/Source/Higham/Chapter17/Equation21/SingularIteration/Results.lean
NumStability/Source/Higham/Chapter17/Equation22.lean
NumStability/Source/Higham/Chapter17/Equation27/SingularErrorSplit/Results.lean
NumStability/Source/Higham/Chapter17/Equation28/SingularErrorSplit/Results.lean
NumStability/Source/Higham/Chapter17/Equation29/SingularSource/Results.lean
NumStability/Source/Higham/Chapter17/Equation33/StoppingTests/Results.lean
NumStability/Source/Higham/Chapter17/Problem01.lean
NumStability/Source/Higham/Chapter17/Results/All.lean
NumStability/Source/Higham/Chapter17/Results/Equation08/GeometricSummability.lean
NumStability/Source/Higham/Chapter17/Results/Equation12/AttainedPartialSumBound.lean
NumStability/Source/Higham/Chapter17/Results/Equation15/UniformForwardBound.lean
NumStability/Source/Higham/Chapter17/Results/Equation16/JacobiForwardBound.lean
NumStability/Source/Higham/Chapter17/Results/Equation17/SORForwardBound.lean
NumStability/Source/Higham/Chapter17/Results/Equation20/DiagonalizableBounds.lean
NumStability/Source/Higham/Chapter17/Results/Equation20/ResidualSigmaEnvelope.lean
NumStability/Source/Higham/Chapter17/Results/Equation27/SingularErrorSplit.lean
NumStability/Source/Higham/Chapter17/Results/Equation29/SingularBounds.lean
NumStability/Source/Higham/Chapter17/Results/Section01/RoundedExecution.lean
NumStability/Source/Higham/Chapter17/Results/Section04/DrazinConsequences.lean
NumStability/Source/Higham/Chapter17/Results/Series.lean
NumStability/Source/Higham/Chapter17/Section02/ScaleIndependence/Results.lean
NumStability/Source/Higham/Chapter17/Section04/PrintedConclusions/Results.lean
NumStability/Source/Higham/Chapter18.lean
NumStability/Source/Higham/Chapter18/Section01.lean
NumStability/Source/Higham/Chapter18/Section01/MatrixPowerBounds.lean
NumStability/Source/Higham/Chapter18/Section01/MatrixPowerBounds/Equations04And05.lean
NumStability/Source/Higham/Chapter18/Section01/MatrixPowerBounds/Equations04And05/All.lean
NumStability/Source/Higham/Chapter18/Section01/MatrixPowerBounds/Equations04And05/Equation05Primary.lean
NumStability/Source/Higham/Chapter18/Section01/MatrixPowerBounds/Equations04And05/LpDiagonal.lean
NumStability/Source/Higham/Chapter18/Section01/MatrixPowerBounds/Equations04And05/LpJordan.lean
NumStability/Source/Higham/Chapter18/Section01/MatrixPowerBounds/Equations04And05/RealDiagonal.lean
NumStability/Source/Higham/Chapter18/Section01/MatrixPowerBounds/Equations04And05/RealJordan.lean
NumStability/Source/Higham/Chapter18/Section01/MatrixPowerBounds/NamedBounds.lean
NumStability/Source/Higham/Chapter18/Section01/MatrixPowerBounds/NamedBounds/All.lean
NumStability/Source/Higham/Chapter18/Section01/MatrixPowerBounds/NamedBounds/BaiDemmelGu.lean
NumStability/Source/Higham/Chapter18/Section01/MatrixPowerBounds/NamedBounds/BaiDemmelGuDistance.lean
NumStability/Source/Higham/Chapter18/Section01/MatrixPowerBounds/NamedBounds/BergerHermitian.lean
NumStability/Source/Higham/Chapter18/Section01/MatrixPowerBounds/NamedBounds/Gautschi.lean
NumStability/Source/Higham/Chapter18/Section01/MatrixPowerBounds/NamedBounds/HenriciDeparture.lean
NumStability/Source/Higham/Chapter18/Section01/MatrixPowerBounds/NamedBounds/HenriciExtremal.lean
NumStability/Source/Higham/Chapter18/Section01/MatrixPowerBounds/NamedBounds/HenriciImprovedConstant.lean
NumStability/Source/Higham/Chapter18/Section01/MatrixPowerBounds/NamedBounds/HenriciSharpConstant.lean
NumStability/Source/Higham/Chapter18/Section01/MatrixPowerBounds/NamedBounds/Kreiss.lean
NumStability/Source/Higham/Chapter18/Section01/MatrixPowerBounds/NamedBounds/Laszlo.lean
NumStability/Source/Higham/Chapter18/Section01/MatrixPowerBounds/NamedBounds/NumericalRadius.lean
NumStability/Source/Higham/Chapter18/Section01/MatrixPowerBounds/NamedBounds/SpijkerKreiss.lean
NumStability/Source/Higham/Chapter18/Section01/MatrixPowerBounds/NamedBounds/SpijkerKreissUnconditional.lean
NumStability/Source/Higham/Chapter18/Section01/MatrixPowerBounds/NamedBounds/SpijkerKreissUnconditional/Bounds.lean
NumStability/Source/Higham/Chapter18/Section01/MatrixPowerBounds/NamedBounds/SpijkerProjectionIntegral.lean
NumStability/Source/Higham/Chapter18/Section01/MatrixPowerBounds/NamedBounds/SpijkerRational.lean
NumStability/Source/Higham/Chapter18/Section01/SchurDecomposition/All.lean
NumStability/Source/Higham/Chapter18/Section01/SchurDecomposition/ComplexTriangulation.lean
NumStability/Source/Higham/Chapter18/Section02.lean
NumStability/Source/Higham/Chapter18/Section02/FinitePrecisionPowers.lean
NumStability/Source/Higham/Chapter18/Section02/FinitePrecisionPowers/Equations08To14.lean
NumStability/Source/Higham/Chapter18/Section02/FinitePrecisionPowers/Equations08To14/All.lean
NumStability/Source/Higham/Chapter18/Section02/FinitePrecisionPowers/Equations08To14/ComplexSimilarity.lean
NumStability/Source/Higham/Chapter18/Section02/FinitePrecisionPowers/Equations08To14/ComputedIteration.lean
NumStability/Source/Higham/Chapter18/Section02/FinitePrecisionPowers/Equations08To14/DunfordResidue.lean
NumStability/Source/Higham/Chapter18/Section02/FinitePrecisionPowers/Equations08To14/PowerBound.lean
NumStability/Source/Higham/Chapter18/Section02/FinitePrecisionPowers/Equations08To14/PseudospectralLowerBound.lean
NumStability/Source/Higham/Chapter18/Section02/FinitePrecisionPowers/Equations08To14/PseudospectralRadius.lean
NumStability/Source/Higham/Chapter18/Section02/FinitePrecisionPowers/Equations08To14/ResolventCalculus.lean
NumStability/Source/Higham/Chapter18/Section02/FinitePrecisionPowers/Equations08To14/ResolventLowerBound.lean
NumStability/Source/Higham/Chapter18/Section02/FinitePrecisionPowers/Theorems01And02.lean
NumStability/Source/Higham/Chapter18/Section02/FinitePrecisionPowers/Theorems01And02/All.lean
NumStability/Source/Higham/Chapter18/Section02/FinitePrecisionPowers/Theorems01And02/ComplexJordan.lean
NumStability/Source/Higham/Chapter18/Section02/FinitePrecisionPowers/Theorems01And02/PseudospectralCriterion.lean
NumStability/Source/Higham/Chapter18/Section02/FinitePrecisionPowers/Theorems01And02/PseudospectralPackaging.lean
NumStability/Source/Higham/Chapter18/Section02/FinitePrecisionPowers/Theorems01And02/RealCases.lean
NumStability/Source/Higham/Chapter18/Section02/FinitePrecisionPowers/Theorems01And02/RealJordan.lean
NumStability/Source/Higham/Chapter18/Section02/FinitePrecisionPowers/Theorems01And02/SpectralCriterion.lean
NumStability/Source/Higham/Chapter19.lean
NumStability/Source/Higham/Chapter19/Algorithm11/CGSRounded.lean
NumStability/Source/Higham/Chapter19/Algorithm12/MGSClosure.lean
NumStability/Source/Higham/Chapter19/Algorithm12/MGSNonbreakdown.lean
NumStability/Source/Higham/Chapter19/Algorithm12/MGSPaddedClosure.lean
NumStability/Source/Higham/Chapter19/Algorithm12/MGSRepair.lean
NumStability/Source/Higham/Chapter19/Algorithm12/MGSRounded.lean
NumStability/Source/Higham/Chapter19/Algorithm12/MGSSourceRate.lean
NumStability/Source/Higham/Chapter19/Core.lean
NumStability/Source/Higham/Chapter19/FormedQ.lean
NumStability/Source/Higham/Chapter19/Labels.lean
NumStability/Source/Higham/Chapter19/Lemma01/Construction2.lean
NumStability/Source/Higham/Chapter19/Lemma03/ActualSequence.lean
NumStability/Source/Higham/Chapter19/Lemma07/Gamma4.lean
NumStability/Source/Higham/Chapter19/Lemma09/DisjointSweep.lean
NumStability/Source/Higham/Chapter19/PolarNearest.lean
NumStability/Source/Higham/Chapter19/Problem06/ActualStep.lean
NumStability/Source/Higham/Chapter19/Problem09.lean
NumStability/Source/Higham/Chapter19/Problem10.lean
NumStability/Source/Higham/Chapter19/Sensitivity.lean
NumStability/Source/Higham/Chapter19/Sensitivity/Bounds/Results.lean
NumStability/Source/Higham/Chapter19/Sensitivity/Closure.lean
NumStability/Source/Higham/Chapter19/StoredLoop.lean
NumStability/Source/Higham/Chapter19/StoredLoop/AllPivots.lean
NumStability/Source/Higham/Chapter19/StoredLoop/Perturbation/Bridge.lean
NumStability/Source/Higham/Chapter19/StoredLoop/StrongModel.lean
NumStability/Source/Higham/Chapter19/SunBischof.lean
NumStability/Source/Higham/Chapter19/Theorem05/Nonbreakdown.lean
NumStability/Source/Higham/Chapter19/Theorem05/SourceClosure.lean
NumStability/Source/Higham/Chapter19/Theorem06/ActualSource.lean
NumStability/Source/Higham/Chapter19/Theorem06/ColumnPivot.lean
NumStability/Source/Higham/Chapter19/Theorem06/ColumnPivotFull.lean
NumStability/Source/Higham/Chapter19/Theorem06/CoxHigham.lean
NumStability/Source/Higham/Chapter19/Theorem06/CoxHighamAssembly.lean
NumStability/Source/Higham/Chapter19/Theorem06/CoxHighamConcrete.lean
NumStability/Source/Higham/Chapter19/Theorem06/CoxHighamFull.lean
NumStability/Source/Higham/Chapter19/Theorem06/Elementwise.lean
NumStability/Source/Higham/Chapter19/Theorem06/ElementwiseEntry.lean
NumStability/Source/Higham/Chapter19/Theorem06/ElementwisePackaged.lean
NumStability/Source/Higham/Chapter19/Theorem06/Final.lean
NumStability/Source/Higham/Chapter19/Theorem06/Pivoted.lean
NumStability/Source/Higham/Chapter19/Theorem06/RowSpecific.lean
NumStability/Source/Higham/Chapter19/Theorem06/StrongModel.lean
NumStability/Source/Higham/Chapter19/Theorem10/ActualMatrix.lean
NumStability/Source/Higham/Chapter19/TurnbullAitken.lean
NumStability/Source/Higham/Chapter19/WYApplicationClosure.lean
NumStability/Source/Higham/Chapter20.lean
NumStability/Source/Higham/Chapter20/Equation32.lean
NumStability/Source/Higham/Chapter20/Equations.lean
NumStability/Source/Higham/Chapter20/Equations/Core/Results.lean
NumStability/Source/Higham/Chapter20/Equations/WeightedLimit.lean
NumStability/Source/Higham/Chapter20/Examples/Condition.lean
NumStability/Source/Higham/Chapter20/Examples/CrossProduct.lean
NumStability/Source/Higham/Chapter20/Examples/GeneralRank.lean
NumStability/Source/Higham/Chapter20/Lemma06.lean
NumStability/Source/Higham/Chapter20/Lemma11.lean
NumStability/Source/Higham/Chapter20/Lemma11/Core/Results.lean
NumStability/Source/Higham/Chapter20/Lemma11/Support.lean
NumStability/Source/Higham/Chapter20/Lemma12.lean
NumStability/Source/Higham/Chapter20/MinimumNormBackwardError.lean
NumStability/Source/Higham/Chapter20/NormalEquations.lean
NumStability/Source/Higham/Chapter20/Problem03.lean
NumStability/Source/Higham/Chapter20/Problem05/MGSStability.lean
NumStability/Source/Higham/Chapter20/Prose.lean
NumStability/Source/Higham/Chapter20/Prose/Core/Results.lean
NumStability/Source/Higham/Chapter20/Prose/MoorePenrose.lean
NumStability/Source/Higham/Chapter20/Prose/Quantitative.lean
NumStability/Source/Higham/Chapter20/Remaining.lean
NumStability/Source/Higham/Chapter20/Section02/Algorithms.lean
NumStability/Source/Higham/Chapter20/Theorem01.lean
NumStability/Source/Higham/Chapter20/Theorem02/AlternativeBound.lean
NumStability/Source/Higham/Chapter20/Theorem03.lean
NumStability/Source/Higham/Chapter20/Theorem03/Core/Results.lean
NumStability/Source/Higham/Chapter20/Theorem03/QRSolve.lean
NumStability/Source/Higham/Chapter20/Theorem03/ResidualQuality.lean
NumStability/Source/Higham/Chapter20/Theorem03/ZeroDeltaB.lean
NumStability/Source/Higham/Chapter20/Theorem04.lean
NumStability/Source/Higham/Chapter20/Theorem04/Core/Results.lean
NumStability/Source/Higham/Chapter20/Theorem04/Refinement.lean
NumStability/Source/Higham/Chapter20/Theorem07.lean
NumStability/Source/Higham/Chapter20/Theorem07/ActualAssembly.lean
NumStability/Source/Higham/Chapter20/Theorem07/ActualBackSub.lean
NumStability/Source/Higham/Chapter20/Theorem07/ActualClosure.lean
NumStability/Source/Higham/Chapter20/Theorem07/ActualGrowth.lean
NumStability/Source/Higham/Chapter20/Theorem07/ActualRhs.lean
NumStability/Source/Higham/Chapter20/Theorem07/ActualTrace.lean
NumStability/Source/Higham/Chapter20/Theorem07/Contract.lean
NumStability/Source/Higham/Chapter20/Theorem07/Core/Results.lean
NumStability/Source/Higham/Chapter20/Theorem07/Elimination.lean
NumStability/Source/Higham/Chapter20/Theorem07/QdR.lean
NumStability/Source/Higham/Chapter20/Theorem07/RowPolicy.lean
NumStability/Source/Higham/Chapter20/Theorem07/Runtime.lean
NumStability/Source/Higham/Chapter20/Theorem07/SourceTrace.lean
NumStability/Source/Higham/Chapter20/Theorem08.lean
NumStability/Source/Higham/Chapter20/Theorem08/Core/Results.lean
NumStability/Source/Higham/Chapter20/Theorem08/LSE.lean
NumStability/Source/Higham/Chapter20/Theorem10.lean
NumStability/Source/Higham/Chapter21.lean
NumStability/Source/Higham/Chapter21/Attainability/Results.lean
NumStability/Source/Higham/Chapter21/Corrections/CorrectedMGS/RoundedReplay.lean
NumStability/Source/Higham/Chapter21/Corrections/Problem19_12/RoundedReplay.lean
NumStability/Source/Higham/Chapter21/Equation01/QRFoundations.lean
NumStability/Source/Higham/Chapter21/Equation01/UnderdeterminedSolve.lean
NumStability/Source/Higham/Chapter21/Equation02/UnderdeterminedSolve.lean
NumStability/Source/Higham/Chapter21/Equation03/QRFoundations.lean
NumStability/Source/Higham/Chapter21/Equation03/UnderdeterminedSolve.lean
NumStability/Source/Higham/Chapter21/Equation04/Pseudoinverse.lean
NumStability/Source/Higham/Chapter21/Equation04/QRFoundations.lean
NumStability/Source/Higham/Chapter21/Equation04/UnderdeterminedSpec.lean
NumStability/Source/Higham/Chapter21/Equation05/UnderdeterminedSolve.lean
NumStability/Source/Higham/Chapter21/Equation05/UnderdeterminedSpec.lean
NumStability/Source/Higham/Chapter21/Equation06/Perturbation.lean
NumStability/Source/Higham/Chapter21/Equation07/ConditionTransfer.lean
NumStability/Source/Higham/Chapter21/Equation07/UnderdeterminedSolve.lean
NumStability/Source/Higham/Chapter21/Equation08/EquationClosure.lean
NumStability/Source/Higham/Chapter21/Equation08/ProjectorNorm.lean
NumStability/Source/Higham/Chapter21/Equation08/Results/Core.lean
NumStability/Source/Higham/Chapter21/Equation09/EquationClosure.lean
NumStability/Source/Higham/Chapter21/Equation09/ProjectorNorm.lean
NumStability/Source/Higham/Chapter21/Equation09/Results/Core.lean
NumStability/Source/Higham/Chapter21/Equation10/Closure.lean
NumStability/Source/Higham/Chapter21/Equation10/RoundedReplay.lean
NumStability/Source/Higham/Chapter21/Equation10/UnderdeterminedSolve.lean
NumStability/Source/Higham/Chapter21/Equation11/ActualOutput.lean
NumStability/Source/Higham/Chapter21/Equation11/Closure.lean
NumStability/Source/Higham/Chapter21/Equation11/Equation.lean
NumStability/Source/Higham/Chapter21/Equation11/Forward.lean
NumStability/Source/Higham/Chapter21/Equation11/RemainderBounds.lean
NumStability/Source/Higham/Chapter21/Equation11/Results/Core.lean
NumStability/Source/Higham/Chapter21/Equation11/Scalar.lean
NumStability/Source/Higham/Chapter21/Equation11/ScalarCase/Core.lean
NumStability/Source/Higham/Chapter21/Equation11/UnderdeterminedSolve.lean
NumStability/Source/Higham/Chapter21/Equation11/Uniform.lean
NumStability/Source/Higham/Chapter21/Equation11/UniformClosure.lean
NumStability/Source/Higham/Chapter21/Equation11/UniformEnvelope/Core.lean
NumStability/Source/Higham/Chapter21/Lemma02/Symmetrization/UnderdeterminedSolve.lean
NumStability/Source/Higham/Chapter21/Lemma02/Symmetrization/UnderdeterminedSpec.lean
NumStability/Source/Higham/Chapter21/RowScalingInvariance.lean
NumStability/Source/Higham/Chapter21/Section03/MethodComparison/Core.lean
NumStability/Source/Higham/Chapter21/Theorem01/Attainability/Attainability.lean
NumStability/Source/Higham/Chapter21/Theorem01/ComponentwisePerturbation/Radius.lean
NumStability/Source/Higham/Chapter21/Theorem01/ComponentwisePerturbation/RankStability.lean
NumStability/Source/Higham/Chapter21/Theorem01/ComponentwisePerturbation/UnderdeterminedSpec.lean
NumStability/Source/Higham/Chapter21/Theorem03.lean
NumStability/Source/Higham/Chapter21/Theorem03/Attainment.lean
NumStability/Source/Higham/Chapter21/Theorem03/NormwiseBackwardError/UnderdeterminedSolve.lean
NumStability/Source/Higham/Chapter21/Theorem04.lean
NumStability/Source/Higham/Chapter21/Theorem04/GivensQMethod/Closure.lean
NumStability/Source/Higham/Chapter21/Theorem04/GivensQMethod/Core.lean
NumStability/Source/Higham/Chapter21/Theorem04/GivensQMethod/RoundedReplay.lean
NumStability/Source/Higham/Chapter21/Theorem04/HouseholderQMethod/UnderdeterminedSolve.lean
NumStability/Source/Higham/Chapter21/Theorem04/ModifiedGramSchmidtQMethod/Core.lean
NumStability/Source/Higham/Chapter21/Theorem04/ModifiedGramSchmidtQMethod/RoundedReplay.lean
NumStability/Source/Higham/Chapter21/Theorem04/RowwiseBackwardError.lean
NumStability/Source/Higham/Chapter21/Theorem04/SeminormalEquations/ActualOutput.lean
NumStability/Source/Higham/Chapter21/Theorem04/SeminormalEquations/Closure.lean
NumStability/Source/Higham/Chapter21/Theorem04/SeminormalEquations/EnvelopeTransfer.lean
NumStability/Source/Higham/Chapter21/Theorem04/SeminormalEquations/Forward.lean
NumStability/Source/Higham/Chapter21/Theorem04/SeminormalEquations/QRMajorant.lean
NumStability/Source/Higham/Chapter21/Theorem04/SeminormalEquations/RemainderBounds.lean
NumStability/Source/Higham/Chapter21/Theorem04/SeminormalEquations/Signed.lean
NumStability/Source/Higham/Chapter21/Theorem04/SeminormalEquations/Uniform.lean
NumStability/Source/Higham/Chapter21/Theorem04/SourceClosure/SourceClosure.lean
NumStability/Source/Higham/Chapter21/Theorem04/SourceClosure/Supplement/Core.lean
NumStability/Source/Higham/Chapter22.lean
NumStability/Source/Higham/Chapter22/MonomialResidual.lean
NumStability/Source/Higham/Chapter22/Problem07.lean
NumStability/Source/Higham/Chapter22/Section03.lean
NumStability/Source/Higham/Chapter22/Section03/ComplexConfluentRefinement.lean
NumStability/Source/Higham/Chapter22/Section03/RealRefinement.lean
NumStability/Source/Higham/Chapter22/VandermondeSystems.lean
NumStability/Source/Higham/Chapter23.lean
NumStability/Source/Higham/Chapter23/BalancedScaling.lean
NumStability/Source/Higham/Chapter23/BilinearAlgorithm.lean
NumStability/Source/Higham/Chapter23/BiniLotti.lean
NumStability/Source/Higham/Chapter23/BiniLotti/ExactMajorant.lean
NumStability/Source/Higham/Chapter23/BiniLotti/Execution.lean
NumStability/Source/Higham/Chapter23/BiniLotti/FirstOrder.lean
NumStability/Source/Higham/Chapter23/BiniLotti/RecursiveAlgebra.lean
NumStability/Source/Higham/Chapter23/BlockAlgorithms.lean
NumStability/Source/Higham/Chapter23/ConventionalMultiplication.lean
NumStability/Source/Higham/Chapter23/Equation11.lean
NumStability/Source/Higham/Chapter23/ErrorRecurrences.lean
NumStability/Source/Higham/Chapter23/GammaAsymptotics.lean
NumStability/Source/Higham/Chapter23/Problem08.lean
NumStability/Source/Higham/Chapter23/Theorem02.lean
NumStability/Source/Higham/Chapter23/Theorem02/ErrorBound.lean
NumStability/Source/Higham/Chapter23/Theorem02/ErrorRelations.lean
NumStability/Source/Higham/Chapter23/Theorem02/ExactMajorant.lean
NumStability/Source/Higham/Chapter23/Theorem02/Execution.lean
NumStability/Source/Higham/Chapter23/Theorem02/RecursiveMatrix.lean
NumStability/Source/Higham/Chapter23/Theorem03.lean
NumStability/Source/Higham/Chapter23/Theorem03/Certificates.lean
NumStability/Source/Higham/Chapter23/Theorem03/ErrorBound.lean
NumStability/Source/Higham/Chapter23/Theorem03/ExactMajorant.lean
NumStability/Source/Higham/Chapter23/Theorem03/Execution.lean
NumStability/Source/Higham/Chapter23/ThreeM.lean
NumStability/Source/Higham/Chapter23/ThreeMStrassen.lean
NumStability/Source/Higham/Chapter23/ThreeMStrassen/ExactMajorant.lean
NumStability/Source/Higham/Chapter23/ThreeMStrassen/Execution.lean
NumStability/Source/Higham/Chapter23/ThreeMStrassen/FirstOrder.lean
NumStability/Source/Higham/Chapter23/WinogradInnerProduct.lean
NumStability/Source/Higham/Chapter24.lean
NumStability/Source/Higham/Chapter24/CirculantForwardError.lean
NumStability/Source/Higham/Chapter24/CirculantSystems.lean
NumStability/Source/Higham/Chapter24/FFTBackwardStability.lean
NumStability/Source/Higham/Chapter24/ForwardFFTPerturbation.lean
NumStability/Source/Higham/Chapter24/FourierTransform.lean
NumStability/Source/Higham/Chapter24/InverseFFT.lean
NumStability/Source/Higham/Chapter24/Radix2FFT.lean
NumStability/Source/Higham/Chapter24/RoundedCirculantSolver.lean
NumStability/Source/Higham/Chapter24/RoundedDiagonalSolve.lean
NumStability/Source/Higham/Chapter24/StructuredMixedStability.lean
NumStability/Source/Higham/Chapter25.lean
NumStability/Source/Higham/Chapter25/Eigenproblem.lean
NumStability/Source/Higham/Chapter25/NonlinearSystems.lean
NumStability/Source/Higham/Chapter25/Problem01.lean
NumStability/Source/Higham/Chapter26.lean
NumStability/Source/Higham/Chapter26/AlternatingDirections.lean
NumStability/Source/Higham/Chapter26/AlternatingDirections/CrudeLineSearch.lean
NumStability/Source/Higham/Chapter26/AlternatingDirections/ExactExecution.lean
NumStability/Source/Higham/Chapter26/CubicRoots.lean
NumStability/Source/Higham/Chapter26/CubicRoots/DepressedCubic.lean
NumStability/Source/Higham/Chapter26/CubicRoots/MonicCubic.lean
NumStability/Source/Higham/Chapter26/Equation01.lean
NumStability/Source/Higham/Chapter26/Equation02.lean
NumStability/Source/Higham/Chapter26/Equation03.lean
NumStability/Source/Higham/Chapter26/Equation04.lean
NumStability/Source/Higham/Chapter26/Equation05.lean
NumStability/Source/Higham/Chapter26/Equation05/CardanoRoots.lean
NumStability/Source/Higham/Chapter26/Equation05/ComplexBranches.lean
NumStability/Source/Higham/Chapter26/Equation05/RealBranches.lean
NumStability/Source/Higham/Chapter26/Equation05/ZeroBranchDiscrepancy.lean
NumStability/Source/Higham/Chapter26/Equation06.lean
NumStability/Source/Higham/Chapter26/Equation07.lean
NumStability/Source/Higham/Chapter26/Equation08.lean
NumStability/Source/Higham/Chapter26/IntervalArithmetic.lean
NumStability/Source/Higham/Chapter26/IntervalArithmetic/DependencyExamples.lean
NumStability/Source/Higham/Chapter26/IntervalArithmetic/DirectedRounding.lean
NumStability/Source/Higham/Chapter26/IntervalArithmetic/ExactOperations.lean
NumStability/Source/Higham/Chapter26/MultidirectionalSearch.lean
NumStability/Source/Higham/Chapter26/MultidirectionalSearch/Execution.lean
NumStability/Source/Higham/Chapter26/MultidirectionalSearch/InitialSimplexGeometry.lean
NumStability/Source/Higham/Chapter26/MultidirectionalSearch/RegularSimplex.lean
NumStability/Source/Higham/Chapter26/MultidirectionalSearch/RightAngledSimplex.lean
NumStability/Source/Higham/Chapter26/MultidirectionalSearch/Simplex.lean
NumStability/Source/Higham/Chapter27.lean
NumStability/Source/Higham/Chapter27/Problem06.lean
NumStability/Source/Higham/Chapter27/SoftwareEnvironment.lean
NumStability/Source/Higham/Chapter28.lean
NumStability/Source/Higham/Chapter28/Equation01/HilbertInverse/Basic.lean
NumStability/Source/Higham/Chapter28/Equation01/HilbertInverse/Exact.lean
NumStability/Source/Higham/Chapter28/Equation02.lean
NumStability/Source/Higham/Chapter28/Equation02/DeterminantAsymptotics.lean
NumStability/Source/Higham/Chapter28/Equation02/ExactHilbertDeterminant/Basic.lean
NumStability/Source/Higham/Chapter28/Equation02/ExactHilbertDeterminant/Exact.lean
NumStability/Source/Higham/Chapter28/Equation02/RatioDiscrepancy.lean
NumStability/Source/Higham/Chapter28/Equation03/HilbertCholeskyFactor/Basic.lean
NumStability/Source/Higham/Chapter28/Equation03/HilbertCholeskyFactor/Exact.lean
NumStability/Source/Higham/Chapter28/Equation04/HilbertCholeskyInverse/Basic.lean
NumStability/Source/Higham/Chapter28/Section01.lean
NumStability/Source/Higham/Chapter28/Section01/Cauchy/Cauchy.lean
NumStability/Source/Higham/Chapter28/Section01/HilbertConditioning/Cauchy.lean
NumStability/Source/Higham/Chapter28/Section01/HilbertConditioning/ConditionLogRate.lean
NumStability/Source/Higham/Chapter28/Section01/HilbertConditioning/HilbertCondition.lean
NumStability/Source/Higham/Chapter28/Section02.lean
NumStability/Source/Higham/Chapter28/Section02/RealGinibre/Asymptotics/Asymptotics.lean
NumStability/Source/Higham/Chapter28/Section02/RealGinibre/FiniteExpectation/CharacteristicProductMoments.lean
NumStability/Source/Higham/Chapter28/Section02/RealGinibre/FiniteExpectation/ClosedFormAsymptotics.lean
NumStability/Source/Higham/Chapter28/Section02/RealGinibre/FiniteExpectation/ExpectedCountFormula.lean
NumStability/Source/Higham/Chapter28/Section02/RealGinibre/FiniteExpectation/Ginibre.lean
NumStability/Source/Higham/Chapter28/Section02/RealGinibre/FiniteExpectation/GinibreAbsoluteDetRecurrence.lean
NumStability/Source/Higham/Chapter28/Section02/RealGinibre/FiniteExpectation/GinibreCharacteristicProduct.lean
NumStability/Source/Higham/Chapter28/Section02/RealGinibre/FiniteExpectation/GinibreCorollary31Factor.lean
NumStability/Source/Higham/Chapter28/Section02/RealGinibre/FiniteExpectation/GinibreDeterminantMoment.lean
NumStability/Source/Higham/Chapter28/Section02/RealGinibre/FiniteExpectation/GinibreExpectationGlue.lean
NumStability/Source/Higham/Chapter28/Section02/RealGinibre/FiniteExpectation/GinibreFiniteFormula.lean
NumStability/Source/Higham/Chapter28/Section02/RealGinibre/FiniteExpectation/GinibreGaussianBridge.lean
NumStability/Source/Higham/Chapter28/Section02/RealGinibre/FiniteExpectation/GinibreRecurrence.lean
NumStability/Source/Higham/Chapter28/Section02/RealGinibre/FiniteExpectation/GinibreSignedExpectation.lean
NumStability/Source/Higham/Chapter28/Section02/RealGinibre/FiniteExpectation/Moments.lean
NumStability/Source/Higham/Chapter28/Section02/RealGinibre/Incidence/ExpectedCountTransfer.lean
NumStability/Source/Higham/Chapter28/Section02/RealGinibre/Incidence/GinibreIncidence.lean
NumStability/Source/Higham/Chapter28/Section02/RealGinibre/Incidence/GinibrePlaneIncidence.lean
NumStability/Source/Higham/Chapter28/Section02/RealGinibre/Incidence/GinibreSignedIncidenceAlgebra.lean
NumStability/Source/Higham/Chapter28/Section02/RealGinibre/Incidence/GinibreTruncatedIncidence.lean
NumStability/Source/Higham/Chapter28/Section02/RealGinibre/InvariantPlanes/DimensionTwoExact.lean
NumStability/Source/Higham/Chapter28/Section02/RealGinibre/InvariantPlanes/GinibreAtlas.lean
NumStability/Source/Higham/Chapter28/Section02/RealGinibre/InvariantPlanes/GinibreComplexPairs.lean
NumStability/Source/Higham/Chapter28/Section02/RealGinibre/InvariantPlanes/GinibreDimensionTwo.lean
NumStability/Source/Higham/Chapter28/Section02/RealGinibre/InvariantPlanes/GinibreOrthogonalFiber.lean
NumStability/Source/Higham/Chapter28/Section02/RealGinibre/InvariantPlanes/GinibrePlaneChart.lean
NumStability/Source/Higham/Chapter28/Section02/RealGinibre/InvariantPlanes/GinibrePlaneSylvester.lean
NumStability/Source/Higham/Chapter28/Section02/RealGinibre/InvariantPlanes/PlaneSylvesterJacobian.lean
NumStability/Source/Higham/Chapter28/Section02/RealGinibre/ProbabilityLaw/GinibreJointDensity.lean
NumStability/Source/Higham/Chapter28/Section02/RealGinibre/ProbabilityLaw/GinibreMeasure.lean
NumStability/Source/Higham/Chapter28/Section02/RealGinibre/ProbabilityLaw/GinibreTraceDensity.lean
NumStability/Source/Higham/Chapter28/Section02/RealGinibre/ProbabilityLaw/LebesgueMomentDensities.lean
NumStability/Source/Higham/Chapter28/Section02/RealGinibre/ProbabilityLaw/Probability.lean
NumStability/Source/Higham/Chapter28/Section02/RealGinibre/ProbabilityLaw/ProductLaw.lean
NumStability/Source/Higham/Chapter28/Section02/RealGinibre/RootMeasurability/EigenvalueCounts.lean
NumStability/Source/Higham/Chapter28/Section02/RealGinibre/RootMeasurability/GinibreMultiplicity.lean
NumStability/Source/Higham/Chapter28/Section02/RealGinibre/RootMeasurability/GinibreRoots.lean
NumStability/Source/Higham/Chapter28/Section02/RealGinibre/SignedIncidence/AlternatingRankSheets.lean
NumStability/Source/Higham/Chapter28/Section02/RealGinibre/SignedIncidence/GinibreParity.lean
NumStability/Source/Higham/Chapter28/Section02/RealGinibre/SignedIncidence/GinibreSignedConclusion.lean
NumStability/Source/Higham/Chapter28/Section02/RealGinibre/SignedIncidence/GinibreSignedGaussian.lean
NumStability/Source/Higham/Chapter28/Section02/RealGinibre/SignedIncidence/GinibreSignedIncidence.lean
NumStability/Source/Higham/Chapter28/Section02/RealGinibre/SignedIncidence/GinibreSignedKernel.lean
NumStability/Source/Higham/Chapter28/Section02/RealGinibre/SignedIncidence/GinibreSignedRank.lean
NumStability/Source/Higham/Chapter28/Section02/RealGinibre/SignedIncidence/GinibreSignedRankTransfer.lean
NumStability/Source/Higham/Chapter28/Section02/RealGinibre/SignedIncidence/GinibreSignedScalar.lean
NumStability/Source/Higham/Chapter28/Section02/RealGinibre/SignedIncidence/OneRootMomentReduction.lean
NumStability/Source/Higham/Chapter28/Section02/UniformPositive/PerronAlmostSure.lean
NumStability/Source/Higham/Chapter28/Section03.lean
NumStability/Source/Higham/Chapter28/Section03/RandomSVD/RandsvdNorm.lean
NumStability/Source/Higham/Chapter28/Section03/RandomSVD/SingleHouseholderRankTwo.lean
NumStability/Source/Higham/Chapter28/Section03/Theorem01/StewartHaar/GaussianQRHaar.lean
NumStability/Source/Higham/Chapter28/Section03/Theorem01/StewartHaar/HaarConclusion.lean
NumStability/Source/Higham/Chapter28/Section03/Theorem01/StewartHaar/QRFactorHaar.lean
NumStability/Source/Higham/Chapter28/Section03/Theorem01/StewartHaar/RawFiberConclusion.lean
NumStability/Source/Higham/Chapter28/Section03/Theorem01/StewartHaar/Stewart.lean
NumStability/Source/Higham/Chapter28/Section03/Theorem01/StewartHaar/StewartRawFiber.lean
NumStability/Source/Higham/Chapter28/Section04.lean
NumStability/Source/Higham/Chapter28/Section04/Pascal/IdentityCubeRoot.lean
NumStability/Source/Higham/Chapter28/Section04/Pascal/MomentMatrix.lean
NumStability/Source/Higham/Chapter28/Section04/Pascal/OptimalPerturbationRate.lean
NumStability/Source/Higham/Chapter28/Section04/Pascal/OscillationEigenbasis.lean
NumStability/Source/Higham/Chapter28/Section04/Pascal/OscillationSpectrum.lean
NumStability/Source/Higham/Chapter28/Section04/Pascal/Pascal.lean
NumStability/Source/Higham/Chapter28/Section04/Pascal/PascalCondition.lean
NumStability/Source/Higham/Chapter28/Section04/Pascal/PascalOscillation.lean
NumStability/Source/Higham/Chapter28/Section04/Pascal/PascalSpectral.lean
NumStability/Source/Higham/Chapter28/Section04/Pascal/SignChangeCount.lean
NumStability/Source/Higham/Chapter28/Section04/Pascal/SingularizingPerturbation.lean
NumStability/Source/Higham/Chapter28/Section04/Pascal/TotalPositivity.lean
NumStability/Source/Higham/Chapter28/Section04/ReciprocalSpectrumSPD/ReciprocalSPD.lean
NumStability/Source/Higham/Chapter28/Section04/ReciprocalSpectrumSPD/TriangularInvolution.lean
NumStability/Source/Higham/Chapter28/Section05.lean
NumStability/Source/Higham/Chapter28/Section05/TridiagonalToeplitz/CharacteristicPolynomial.lean
NumStability/Source/Higham/Chapter28/Section05/TridiagonalToeplitz/SecondDifferenceCondition.lean
NumStability/Source/Higham/Chapter28/Section05/TridiagonalToeplitz/SineEigenpairs.lean
NumStability/Source/Higham/Chapter28/Section05/TridiagonalToeplitz/SineEigenvectors.lean
NumStability/Source/Higham/Chapter28/Section05/TridiagonalToeplitz/ToeplitzCondition.lean
NumStability/Source/Higham/Chapter28/Section05/TridiagonalToeplitz/ToeplitzGeneral.lean
NumStability/Source/Higham/Chapter28/Section06.lean
NumStability/Source/Higham/Chapter28/Section06/Companion/CharacteristicPolynomial.lean
NumStability/Source/Higham/Chapter28/Section06/Companion/Companion.lean
NumStability/Source/Higham/Chapter28/Section06/Companion/CompanionSpectral.lean
NumStability/Source/Higham/Chapter28/Section06/Companion/Nonderogatory.lean
NumStability/Source/Higham/Chapter28/Section06/Companion/Normality.lean
NumStability/Source/Higham/Chapter28/Section06/Companion/SingularValues.lean
NumStability/Source/Higham/CrossChapter.lean
NumStability/Source/Higham/CrossChapter/LUSolverWeights.lean
NumStability/Source/Higham/CrossChapter/LUSolverWeights/Doolittle.lean
NumStability/Source/Higham/CrossChapter/LUSolverWeights/Factorization.lean
NumStability/Source/Higham/CrossChapter/NoGuardDotProduct.lean
NumStability/Source/Higham/CrossChapter/PracticalConditionBound.lean
NumStability/Source/Higham/CrossChapter/SymmetricIndefiniteLU/ActualExecutorBridge.lean
NumStability/Source/Higham/CrossChapter/SymmetricIndefiniteLU/BridgeClosure.lean
NumStability/Upstream/Lindemann/AlgebraicPart.lean
NumStability/Upstream/Lindemann/Basic.lean
NumStability/Upstream/Lindemann/FinsuppQuotient.lean
NumStability/Upstream/Lindemann/MonoidAlgebraCompat.lean
NumStability/Upstream/Lindemann/SymmetricEval.lean
docs/LibraryLookupChecks.lean
