name,module,kind,is_internal,is_private,has_body,type_direct_count,body_direct_count,classification,classification_explanation
NumStability.BasicOp.div,NumStability.FloatingPoint.Model,constructor,false,false,false,1,0,expected_environment_declaration,constructor declarations have no value body in this inventory
NumStability.FPModel.rec,NumStability.FloatingPoint.Model,recursor,false,false,false,31,0,expected_environment_declaration,recursor declarations have no value body in this inventory
NumStability.FPModel,NumStability.FloatingPoint.Model,inductive,false,false,false,0,0,expected_environment_declaration,inductive declarations have no value body in this inventory
NumStability.BasicOp.mul,NumStability.FloatingPoint.Model,constructor,false,false,false,1,0,expected_environment_declaration,constructor declarations have no value body in this inventory
NumStability.FPModel.mk,NumStability.FloatingPoint.Model,constructor,false,false,false,30,0,expected_environment_declaration,constructor declarations have no value body in this inventory
NumStability.BasicOp.add,NumStability.FloatingPoint.Model,constructor,false,false,false,1,0,expected_environment_declaration,constructor declarations have no value body in this inventory
NumStability.BasicOp.rec,NumStability.FloatingPoint.Model,recursor,false,false,false,5,0,expected_environment_declaration,recursor declarations have no value body in this inventory
NumStability.BasicOp,NumStability.FloatingPoint.Model,inductive,false,false,false,0,0,expected_environment_declaration,inductive declarations have no value body in this inventory
NumStability.BasicOp.sub,NumStability.FloatingPoint.Model,constructor,false,false,false,1,0,expected_environment_declaration,constructor declarations have no value body in this inventory
NumStability.IeeeExceptionFlag.invalidOperation,NumStability.Analysis.FloatingPointArithmetic.IeeeValue,constructor,false,false,false,1,0,expected_environment_declaration,constructor declarations have no value body in this inventory
NumStability.IeeeComparisonClass.less,NumStability.Analysis.FloatingPointArithmetic.IeeeValue,constructor,false,false,false,1,0,expected_environment_declaration,constructor declarations have no value body in this inventory
NumStability.IeeeComparisonClass,NumStability.Analysis.FloatingPointArithmetic.IeeeValue,inductive,false,false,false,0,0,expected_environment_declaration,inductive declarations have no value body in this inventory
NumStability.IeeeRoundingMode.towardPositive,NumStability.Analysis.FloatingPointArithmetic.IeeeValue,constructor,false,false,false,1,0,expected_environment_declaration,constructor declarations have no value body in this inventory
NumStability.IeeeRoundingMode.nearestEven,NumStability.Analysis.FloatingPointArithmetic.IeeeValue,constructor,false,false,false,1,0,expected_environment_declaration,constructor declarations have no value body in this inventory
NumStability.IeeeOperationResult,NumStability.Analysis.FloatingPointArithmetic.IeeeValue,inductive,false,false,false,0,0,expected_environment_declaration,inductive declarations have no value body in this inventory
NumStability.IeeeRoundingMode.towardZero,NumStability.Analysis.FloatingPointArithmetic.IeeeValue,constructor,false,false,false,1,0,expected_environment_declaration,constructor declarations have no value body in this inventory
NumStability.IeeeExceptionFlag.underflow,NumStability.Analysis.FloatingPointArithmetic.IeeeValue,constructor,false,false,false,1,0,expected_environment_declaration,constructor declarations have no value body in this inventory
NumStability.IeeeExceptionFlag.rec,NumStability.Analysis.FloatingPointArithmetic.IeeeValue,recursor,false,false,false,6,0,expected_environment_declaration,recursor declarations have no value body in this inventory
NumStability.IeeeExceptionFlag.divisionByZero,NumStability.Analysis.FloatingPointArithmetic.IeeeValue,constructor,false,false,false,1,0,expected_environment_declaration,constructor declarations have no value body in this inventory
NumStability.IeeeOperationResult.mk,NumStability.Analysis.FloatingPointArithmetic.IeeeValue,constructor,false,false,false,3,0,expected_environment_declaration,constructor declarations have no value body in this inventory
NumStability.IeeeValue.nan,NumStability.Analysis.FloatingPointArithmetic.IeeeValue,constructor,false,false,false,1,0,expected_environment_declaration,constructor declarations have no value body in this inventory
NumStability.IeeeComparisonClass.unordered,NumStability.Analysis.FloatingPointArithmetic.IeeeValue,constructor,false,false,false,1,0,expected_environment_declaration,constructor declarations have no value body in this inventory
NumStability.IeeeValue.finite,NumStability.Analysis.FloatingPointArithmetic.IeeeValue,constructor,false,false,false,2,0,expected_environment_declaration,constructor declarations have no value body in this inventory
NumStability.IeeeRoundingMode,NumStability.Analysis.FloatingPointArithmetic.IeeeValue,inductive,false,false,false,0,0,expected_environment_declaration,inductive declarations have no value body in this inventory
NumStability.IeeeComparisonClass.rec,NumStability.Analysis.FloatingPointArithmetic.IeeeValue,recursor,false,false,false,5,0,expected_environment_declaration,recursor declarations have no value body in this inventory
NumStability.IeeeComparisonClass.greater,NumStability.Analysis.FloatingPointArithmetic.IeeeValue,constructor,false,false,false,1,0,expected_environment_declaration,constructor declarations have no value body in this inventory
NumStability.IeeeValue.rec,NumStability.Analysis.FloatingPointArithmetic.IeeeValue,recursor,false,false,false,8,0,expected_environment_declaration,recursor declarations have no value body in this inventory
NumStability.IeeeValue.posZero,NumStability.Analysis.FloatingPointArithmetic.IeeeValue,constructor,false,false,false,1,0,expected_environment_declaration,constructor declarations have no value body in this inventory
NumStability.IeeeRoundingMode.rec,NumStability.Analysis.FloatingPointArithmetic.IeeeValue,recursor,false,false,false,5,0,expected_environment_declaration,recursor declarations have no value body in this inventory
NumStability.IeeeExceptionFlag.inexact,NumStability.Analysis.FloatingPointArithmetic.IeeeValue,constructor,false,false,false,1,0,expected_environment_declaration,constructor declarations have no value body in this inventory
NumStability.IeeeRoundingMode.towardNegative,NumStability.Analysis.FloatingPointArithmetic.IeeeValue,constructor,false,false,false,1,0,expected_environment_declaration,constructor declarations have no value body in this inventory
NumStability.IeeeValue.negZero,NumStability.Analysis.FloatingPointArithmetic.IeeeValue,constructor,false,false,false,1,0,expected_environment_declaration,constructor declarations have no value body in this inventory
NumStability.IeeeOperationResult.rec,NumStability.Analysis.FloatingPointArithmetic.IeeeValue,recursor,false,false,false,4,0,expected_environment_declaration,recursor declarations have no value body in this inventory
NumStability.IeeeExceptionFlag,NumStability.Analysis.FloatingPointArithmetic.IeeeValue,inductive,false,false,false,0,0,expected_environment_declaration,inductive declarations have no value body in this inventory
NumStability.IeeeValue,NumStability.Analysis.FloatingPointArithmetic.IeeeValue,inductive,false,false,false,0,0,expected_environment_declaration,inductive declarations have no value body in this inventory
NumStability.IeeeValue.negInf,NumStability.Analysis.FloatingPointArithmetic.IeeeValue,constructor,false,false,false,1,0,expected_environment_declaration,constructor declarations have no value body in this inventory
NumStability.IeeeComparisonClass.equal,NumStability.Analysis.FloatingPointArithmetic.IeeeValue,constructor,false,false,false,1,0,expected_environment_declaration,constructor declarations have no value body in this inventory
NumStability.IeeeExceptionFlag.overflow,NumStability.Analysis.FloatingPointArithmetic.IeeeValue,constructor,false,false,false,1,0,expected_environment_declaration,constructor declarations have no value body in this inventory
NumStability.IeeeValue.posInf,NumStability.Analysis.FloatingPointArithmetic.IeeeValue,constructor,false,false,false,1,0,expected_environment_declaration,constructor declarations have no value body in this inventory
NumStability.FloatingPointFormat.mk,NumStability.Analysis.FloatingPointArithmetic.Format,constructor,false,false,false,10,0,expected_environment_declaration,constructor declarations have no value body in this inventory
NumStability.FloatingPointFormat.rec,NumStability.Analysis.FloatingPointArithmetic.Format,recursor,false,false,false,11,0,expected_environment_declaration,recursor declarations have no value body in this inventory
NumStability.FloatingPointFormat,NumStability.Analysis.FloatingPointArithmetic.Format,inductive,false,false,false,0,0,expected_environment_declaration,inductive declarations have no value body in this inventory
NumStability.NoGuardFPModel.mk,NumStability.Analysis.FloatingPointArithmetic.ErrorModels.NoGuardModel,constructor,false,false,false,19,0,expected_environment_declaration,constructor declarations have no value body in this inventory
NumStability.NoGuardFPModel.rec,NumStability.Analysis.FloatingPointArithmetic.ErrorModels.NoGuardModel,recursor,false,false,false,20,0,expected_environment_declaration,recursor declarations have no value body in this inventory
NumStability.NoGuardFPModel,NumStability.Analysis.FloatingPointArithmetic.ErrorModels.NoGuardModel,inductive,false,false,false,0,0,expected_environment_declaration,inductive declarations have no value body in this inventory
NumStability.FiniteProbability,NumStability.Analysis.FiniteProbability,inductive,false,false,false,1,0,expected_environment_declaration,inductive declarations have no value body in this inventory
NumStability.FiniteProbability.mk,NumStability.Analysis.FiniteProbability,constructor,false,false,false,14,0,expected_environment_declaration,constructor declarations have no value body in this inventory
NumStability.FiniteProbability.rec,NumStability.Analysis.FiniteProbability,recursor,false,false,false,15,0,expected_environment_declaration,recursor declarations have no value body in this inventory
NumStability.Table41Method.pairwise,NumStability.Analysis.StatisticalRounding,constructor,false,false,false,1,0,expected_environment_declaration,constructor declarations have no value body in this inventory
NumStability.Table41Method.rec,NumStability.Analysis.StatisticalRounding,recursor,false,false,false,6,0,expected_environment_declaration,recursor declarations have no value body in this inventory
NumStability.StatisticalRoundingErrorModel.rec,NumStability.Analysis.StatisticalRounding,recursor,false,false,false,23,0,expected_environment_declaration,recursor declarations have no value body in this inventory
NumStability.Table41Method.recursiveIncreasing,NumStability.Analysis.StatisticalRounding,constructor,false,false,false,1,0,expected_environment_declaration,constructor declarations have no value body in this inventory
NumStability.Table41Method.recursiveDecreasing,NumStability.Analysis.StatisticalRounding,constructor,false,false,false,1,0,expected_environment_declaration,constructor declarations have no value body in this inventory
NumStability.Table41Method.insertion,NumStability.Analysis.StatisticalRounding,constructor,false,false,false,1,0,expected_environment_declaration,constructor declarations have no value body in this inventory
NumStability.Table41Distribution.rec,NumStability.Analysis.StatisticalRounding,recursor,false,false,false,3,0,expected_environment_declaration,recursor declarations have no value body in this inventory
NumStability.StatisticalRoundingErrorModel.mk,NumStability.Analysis.StatisticalRounding,constructor,false,false,false,22,0,expected_environment_declaration,constructor declarations have no value body in this inventory
NumStability.Table41Distribution.exponential,NumStability.Analysis.StatisticalRounding,constructor,false,false,false,1,0,expected_environment_declaration,constructor declarations have no value body in this inventory
NumStability.Table41Distribution.uniform,NumStability.Analysis.StatisticalRounding,constructor,false,false,false,1,0,expected_environment_declaration,constructor declarations have no value body in this inventory
NumStability.Table41Distribution,NumStability.Analysis.StatisticalRounding,inductive,false,false,false,0,0,expected_environment_declaration,inductive declarations have no value body in this inventory
NumStability.Table41Method.recursiveRandom,NumStability.Analysis.StatisticalRounding,constructor,false,false,false,1,0,expected_environment_declaration,constructor declarations have no value body in this inventory
NumStability.StatisticalRoundingErrorModel,NumStability.Analysis.StatisticalRounding,inductive,false,false,false,5,0,expected_environment_declaration,inductive declarations have no value body in this inventory
NumStability.Table41Method,NumStability.Analysis.StatisticalRounding,inductive,false,false,false,0,0,expected_environment_declaration,inductive declarations have no value body in this inventory
NumStability.SumTree.node,NumStability.Algorithms.Summation.Tree.Core,constructor,false,false,false,5,0,expected_environment_declaration,constructor declarations have no value body in this inventory
NumStability.SumTree,NumStability.Algorithms.Summation.Tree.Core,inductive,false,false,false,1,0,expected_environment_declaration,inductive declarations have no value body in this inventory
NumStability.SumTree.leaf,NumStability.Algorithms.Summation.Tree.Core,constructor,false,false,false,4,0,expected_environment_declaration,constructor declarations have no value body in this inventory
NumStability.SumTree.rec,NumStability.Algorithms.Summation.Tree.Core,recursor,false,false,false,9,0,expected_environment_declaration,recursor declarations have no value body in this inventory
NumStability.LUBackwardError.rec,NumStability.Algorithms.LU.GaussianElimination,recursor,false,false,false,29,0,expected_environment_declaration,recursor declarations have no value body in this inventory
NumStability.PermutedLUBackwardError.mk,NumStability.Algorithms.LU.GaussianElimination,constructor,false,false,false,29,0,expected_environment_declaration,constructor declarations have no value body in this inventory
NumStability.LUFactSpec.rec,NumStability.Algorithms.LU.GaussianElimination,recursor,false,false,false,21,0,expected_environment_declaration,recursor declarations have no value body in this inventory
NumStability.LUBackwardError,NumStability.Algorithms.LU.GaussianElimination,inductive,false,false,false,3,0,expected_environment_declaration,inductive declarations have no value body in this inventory
NumStability.LUBackwardError.mk,NumStability.Algorithms.LU.GaussianElimination,constructor,false,false,false,28,0,expected_environment_declaration,constructor declarations have no value body in this inventory
NumStability.PermutedLUBackwardError,NumStability.Algorithms.LU.GaussianElimination,inductive,false,false,false,3,0,expected_environment_declaration,inductive declarations have no value body in this inventory
NumStability.LUFactSpec,NumStability.Algorithms.LU.GaussianElimination,inductive,false,false,false,3,0,expected_environment_declaration,inductive declarations have no value body in this inventory
NumStability.PermutedLUBackwardError.rec,NumStability.Algorithms.LU.GaussianElimination,recursor,false,false,false,30,0,expected_environment_declaration,recursor declarations have no value body in this inventory
NumStability.PermutedLUFactSpec,NumStability.Algorithms.LU.GaussianElimination,inductive,false,false,false,3,0,expected_environment_declaration,inductive declarations have no value body in this inventory
NumStability.PermutedLUFactSpec.mk,NumStability.Algorithms.LU.GaussianElimination,constructor,false,false,false,21,0,expected_environment_declaration,constructor declarations have no value body in this inventory
NumStability.LUFactSpec.mk,NumStability.Algorithms.LU.GaussianElimination,constructor,false,false,false,20,0,expected_environment_declaration,constructor declarations have no value body in this inventory
NumStability.PermutedLUFactSpec.rec,NumStability.Algorithms.LU.GaussianElimination,recursor,false,false,false,22,0,expected_environment_declaration,recursor declarations have no value body in this inventory
NumStability.CholeskyBackwardError.rec,NumStability.Algorithms.LinearSystems.Cholesky.Factorization.Spec,recursor,false,false,false,27,0,expected_environment_declaration,recursor declarations have no value body in this inventory
NumStability.CholeskyFactSpec.rec,NumStability.Algorithms.LinearSystems.Cholesky.Factorization.Spec,recursor,false,false,false,20,0,expected_environment_declaration,recursor declarations have no value body in this inventory
NumStability.CholeskyBackwardError,NumStability.Algorithms.LinearSystems.Cholesky.Factorization.Spec,inductive,false,false,false,3,0,expected_environment_declaration,inductive declarations have no value body in this inventory
NumStability.CholeskyFactSpec.mk,NumStability.Algorithms.LinearSystems.Cholesky.Factorization.Spec,constructor,false,false,false,19,0,expected_environment_declaration,constructor declarations have no value body in this inventory
NumStability.CholeskyBackwardError.mk,NumStability.Algorithms.LinearSystems.Cholesky.Factorization.Spec,constructor,false,false,false,26,0,expected_environment_declaration,constructor declarations have no value body in this inventory
NumStability.CholeskyFactSpec,NumStability.Algorithms.LinearSystems.Cholesky.Factorization.Spec,inductive,false,false,false,3,0,expected_environment_declaration,inductive declarations have no value body in this inventory
NumStability.OneNormState.rec,NumStability.Algorithms.NormEstimation.OneNorm.PowerMethod.CondEstimation,recursor,false,false,false,5,0,expected_environment_declaration,recursor declarations have no value body in this inventory
NumStability.OneNormState,NumStability.Algorithms.NormEstimation.OneNorm.PowerMethod.CondEstimation,inductive,false,false,false,1,0,expected_environment_declaration,inductive declarations have no value body in this inventory
NumStability.OneNormState.mk,NumStability.Algorithms.NormEstimation.OneNorm.PowerMethod.CondEstimation,constructor,false,false,false,4,0,expected_environment_declaration,constructor declarations have no value body in this inventory
NumStability.StrassenErrorBound.rec,NumStability.Algorithms.FastMatMul.Internal.LegacyBounds,recursor,false,false,false,25,0,expected_environment_declaration,recursor declarations have no value body in this inventory
NumStability.BilinearAlgorithmError,NumStability.Algorithms.FastMatMul.Internal.LegacyBounds,inductive,false,false,false,2,0,expected_environment_declaration,inductive declarations have no value body in this inventory
NumStability.WinogradInnerProductError,NumStability.Algorithms.FastMatMul.Internal.LegacyBounds,inductive,false,false,false,3,0,expected_environment_declaration,inductive declarations have no value body in this inventory
NumStability.ThreeMMethodError,NumStability.Algorithms.FastMatMul.Internal.LegacyBounds,inductive,false,false,false,3,0,expected_environment_declaration,inductive declarations have no value body in this inventory
NumStability.ThreeMMethodError.mk,NumStability.Algorithms.FastMatMul.Internal.LegacyBounds,constructor,false,false,false,26,0,expected_environment_declaration,constructor declarations have no value body in this inventory
NumStability.BilinearAlgorithmError.mk,NumStability.Algorithms.FastMatMul.Internal.LegacyBounds,constructor,false,false,false,10,0,expected_environment_declaration,constructor declarations have no value body in this inventory
NumStability.ThreeMMethodError.rec,NumStability.Algorithms.FastMatMul.Internal.LegacyBounds,recursor,false,false,false,27,0,expected_environment_declaration,recursor declarations have no value body in this inventory
NumStability.BilinearAlgorithmError.rec,NumStability.Algorithms.FastMatMul.Internal.LegacyBounds,recursor,false,false,false,11,0,expected_environment_declaration,recursor declarations have no value body in this inventory
NumStability.StrassenErrorBound,NumStability.Algorithms.FastMatMul.Internal.LegacyBounds,inductive,false,false,false,3,0,expected_environment_declaration,inductive declarations have no value body in this inventory
NumStability.WinogradInnerProductError.mk,NumStability.Algorithms.FastMatMul.Internal.LegacyBounds,constructor,false,false,false,23,0,expected_environment_declaration,constructor declarations have no value body in this inventory
NumStability.WinogradInnerProductError.rec,NumStability.Algorithms.FastMatMul.Internal.LegacyBounds,recursor,false,false,false,24,0,expected_environment_declaration,recursor declarations have no value body in this inventory
NumStability.StrassenErrorBound.mk,NumStability.Algorithms.FastMatMul.Internal.LegacyBounds,constructor,false,false,false,24,0,expected_environment_declaration,constructor declarations have no value body in this inventory
NumStability.StrassenRecurrence,NumStability.Algorithms.FastMatMul.Recurrences,inductive,false,false,false,2,0,expected_environment_declaration,inductive declarations have no value body in this inventory
NumStability.StrassenRecurrence.rec,NumStability.Algorithms.FastMatMul.Recurrences,recursor,false,false,false,26,0,expected_environment_declaration,recursor declarations have no value body in this inventory
NumStability.WinogradStrassenRecurrence.mk,NumStability.Algorithms.FastMatMul.Recurrences,constructor,false,false,false,25,0,expected_environment_declaration,constructor declarations have no value body in this inventory
NumStability.StrassenRecurrence.mk,NumStability.Algorithms.FastMatMul.Recurrences,constructor,false,false,false,25,0,expected_environment_declaration,constructor declarations have no value body in this inventory
NumStability.WinogradStrassenRecurrence.rec,NumStability.Algorithms.FastMatMul.Recurrences,recursor,false,false,false,26,0,expected_environment_declaration,recursor declarations have no value body in this inventory
NumStability.WinogradStrassenRecurrence,NumStability.Algorithms.FastMatMul.Recurrences,inductive,false,false,false,2,0,expected_environment_declaration,inductive declarations have no value body in this inventory
NumStability.Higham23BilinearAlgorithm.rec,NumStability.Source.Higham.Chapter23.BilinearAlgorithm,recursor,false,false,false,5,0,expected_environment_declaration,recursor declarations have no value body in this inventory
NumStability.Higham23BilinearAlgorithm.mk,NumStability.Source.Higham.Chapter23.BilinearAlgorithm,constructor,false,false,false,4,0,expected_environment_declaration,constructor declarations have no value body in this inventory
NumStability.Higham23BilinearAlgorithm,NumStability.Source.Higham.Chapter23.BilinearAlgorithm,inductive,false,false,false,1,0,expected_environment_declaration,inductive declarations have no value body in this inventory
NumStability.Higham23BiniCertificate.rec,NumStability.Source.Higham.Chapter23.BiniLotti.RecursiveAlgebra,recursor,false,false,false,7,0,expected_environment_declaration,recursor declarations have no value body in this inventory
NumStability.Higham23BiniCertificate,NumStability.Source.Higham.Chapter23.BiniLotti.RecursiveAlgebra,inductive,false,false,false,3,0,expected_environment_declaration,inductive declarations have no value body in this inventory
NumStability.Higham23BiniCertificate.mk,NumStability.Source.Higham.Chapter23.BiniLotti.RecursiveAlgebra,constructor,false,false,false,6,0,expected_environment_declaration,constructor declarations have no value body in this inventory
NumStability.Higham23Block2,NumStability.Source.Higham.Chapter23.BlockAlgorithms,inductive,false,false,false,0,0,expected_environment_declaration,inductive declarations have no value body in this inventory
NumStability.Higham23Block2.mk,NumStability.Source.Higham.Chapter23.BlockAlgorithms,constructor,false,false,false,1,0,expected_environment_declaration,constructor declarations have no value body in this inventory
NumStability.Higham23Block2.rec,NumStability.Source.Higham.Chapter23.BlockAlgorithms,recursor,false,false,false,2,0,expected_environment_declaration,recursor declarations have no value body in this inventory
NumStability.Higham23RecursiveCertificate,NumStability.Source.Higham.Chapter23.Theorem03.Certificates,inductive,false,false,false,3,0,expected_environment_declaration,inductive declarations have no value body in this inventory
NumStability.Higham23RecursiveCertificate.mk,NumStability.Source.Higham.Chapter23.Theorem03.Certificates,constructor,false,false,false,6,0,expected_environment_declaration,constructor declarations have no value body in this inventory
NumStability.Higham23RecursiveCertificate.rec,NumStability.Source.Higham.Chapter23.Theorem03.Certificates,recursor,false,false,false,7,0,expected_environment_declaration,recursor declarations have no value body in this inventory
NumStability.IsComplexVectorNorm.rec,NumStability.Analysis.VectorNorms.Basic,recursor,false,false,false,26,0,expected_environment_declaration,recursor declarations have no value body in this inventory
NumStability.IsRealVectorNormOnCVec,NumStability.Analysis.VectorNorms.Basic,inductive,false,false,false,3,0,expected_environment_declaration,inductive declarations have no value body in this inventory
NumStability.IsComplexVectorNorm,NumStability.Analysis.VectorNorms.Basic,inductive,false,false,false,3,0,expected_environment_declaration,inductive declarations have no value body in this inventory
NumStability.IsRealVectorNormOnCVec.mk,NumStability.Analysis.VectorNorms.Basic,constructor,false,false,false,26,0,expected_environment_declaration,constructor declarations have no value body in this inventory
NumStability.NormedCVec.mk,NumStability.Analysis.VectorNorms.Basic,constructor,false,false,false,4,0,expected_environment_declaration,constructor declarations have no value body in this inventory
NumStability.NormedCVec,NumStability.Analysis.VectorNorms.Basic,inductive,false,false,false,3,0,expected_environment_declaration,inductive declarations have no value body in this inventory
NumStability.IsComplexVectorNorm.mk,NumStability.Analysis.VectorNorms.Basic,constructor,false,false,false,25,0,expected_environment_declaration,constructor declarations have no value body in this inventory
NumStability.IsRealVectorNormOnCVec.rec,NumStability.Analysis.VectorNorms.Basic,recursor,false,false,false,27,0,expected_environment_declaration,recursor declarations have no value body in this inventory
NumStability.NormedCVec.rec,NumStability.Analysis.VectorNorms.Basic,recursor,false,false,false,5,0,expected_environment_declaration,recursor declarations have no value body in this inventory
NumStability.IsComplexVectorMapLinear.mk,NumStability.Analysis.LinearOperators.Basic,constructor,false,false,false,8,0,expected_environment_declaration,constructor declarations have no value body in this inventory
NumStability.IsComplexVectorMapLinear,NumStability.Analysis.LinearOperators.Basic,inductive,false,false,false,2,0,expected_environment_declaration,inductive declarations have no value body in this inventory
NumStability.IsComplexVectorMapLinear.rec,NumStability.Analysis.LinearOperators.Basic,recursor,false,false,false,9,0,expected_environment_declaration,recursor declarations have no value body in this inventory
NumStability.IsComplexLinearForm.rec,NumStability.Analysis.VectorNorms.Duality,recursor,false,false,false,14,0,expected_environment_declaration,recursor declarations have no value body in this inventory
NumStability.IsComplexLinearForm,NumStability.Analysis.VectorNorms.Duality,inductive,false,false,false,3,0,expected_environment_declaration,inductive declarations have no value body in this inventory
NumStability.IsDualFunctionalNormValue.mk,NumStability.Analysis.VectorNorms.Duality,constructor,false,false,false,9,0,expected_environment_declaration,constructor declarations have no value body in this inventory
NumStability.IsNormingFunctionalAt.rec,NumStability.Analysis.VectorNorms.Duality,recursor,false,false,false,15,0,expected_environment_declaration,recursor declarations have no value body in this inventory
NumStability.IsNormingFunctionalAt,NumStability.Analysis.VectorNorms.Duality,inductive,false,false,false,4,0,expected_environment_declaration,inductive declarations have no value body in this inventory
NumStability.IsDualFunctionalNormValue.rec,NumStability.Analysis.VectorNorms.Duality,recursor,false,false,false,10,0,expected_environment_declaration,recursor declarations have no value body in this inventory
NumStability.IsComplexLinearForm.mk,NumStability.Analysis.VectorNorms.Duality,constructor,false,false,false,13,0,expected_environment_declaration,constructor declarations have no value body in this inventory
NumStability.IsDualFunctionalNormValue,NumStability.Analysis.VectorNorms.Duality,inductive,false,false,false,4,0,expected_environment_declaration,inductive declarations have no value body in this inventory
NumStability.IsNormingFunctionalAt.mk,NumStability.Analysis.VectorNorms.Duality,constructor,false,false,false,14,0,expected_environment_declaration,constructor declarations have no value body in this inventory
NumStability.LpEndpointFiniteExponentCase.top,NumStability.Analysis.VectorNorms.Interpolation,constructor,false,false,false,4,0,expected_environment_declaration,constructor declarations have no value body in this inventory
NumStability.LpEndpointFiniteExponentCase,NumStability.Analysis.VectorNorms.Interpolation,inductive,false,false,false,1,0,expected_environment_declaration,inductive declarations have no value body in this inventory
NumStability.LpEndpointFiniteExponentCase.rec,NumStability.Analysis.VectorNorms.Interpolation,recursor,false,false,false,17,0,expected_environment_declaration,recursor declarations have no value body in this inventory
NumStability.LpEndpointFiniteExponentCase.finite,NumStability.Analysis.VectorNorms.Interpolation,constructor,false,false,false,8,0,expected_environment_declaration,constructor declarations have no value body in this inventory
NumStability.LpInterpolationData,NumStability.Analysis.VectorNorms.Interpolation,inductive,false,false,false,2,0,expected_environment_declaration,inductive declarations have no value body in this inventory
NumStability.LpEndpointFiniteExponentCase.one,NumStability.Analysis.VectorNorms.Interpolation,constructor,false,false,false,7,0,expected_environment_declaration,constructor declarations have no value body in this inventory
NumStability.LpInterpolationData.rec,NumStability.Analysis.VectorNorms.Interpolation,recursor,false,false,false,22,0,expected_environment_declaration,recursor declarations have no value body in this inventory
NumStability.LpInterpolationData.mk,NumStability.Analysis.VectorNorms.Interpolation,constructor,false,false,false,21,0,expected_environment_declaration,constructor declarations have no value body in this inventory
NumStability.Higham23TwoDotMode.add,NumStability.Source.Higham.Chapter23.ThreeM,constructor,false,false,false,1,0,expected_environment_declaration,constructor declarations have no value body in this inventory
NumStability.Higham23TwoDotMode.rec,NumStability.Source.Higham.Chapter23.ThreeM,recursor,false,false,false,3,0,expected_environment_declaration,recursor declarations have no value body in this inventory
NumStability.Higham23TwoDotMode,NumStability.Source.Higham.Chapter23.ThreeM,inductive,false,false,false,0,0,expected_environment_declaration,inductive declarations have no value body in this inventory
NumStability.Higham23TwoDotMode.sub,NumStability.Source.Higham.Chapter23.ThreeM,constructor,false,false,false,1,0,expected_environment_declaration,constructor declarations have no value body in this inventory
NumStability.PivotedCholeskySpec.mk,NumStability.Algorithms.LinearSystems.Cholesky.PositiveSemidefinite.Basic,constructor,false,false,false,22,0,expected_environment_declaration,constructor declarations have no value body in this inventory
NumStability.PivotedCholeskySpec,NumStability.Algorithms.LinearSystems.Cholesky.PositiveSemidefinite.Basic,inductive,false,false,false,3,0,expected_environment_declaration,inductive declarations have no value body in this inventory
NumStability.PivotedCholeskySpec.rec,NumStability.Algorithms.LinearSystems.Cholesky.PositiveSemidefinite.Basic,recursor,false,false,false,23,0,expected_environment_declaration,recursor declarations have no value body in this inventory
NumStability.GJEStage2Spec.rec,NumStability.Algorithms.LinearSystems.GaussJordan.ErrorAnalysis.GaussJordan,recursor,false,false,false,20,0,expected_environment_declaration,recursor declarations have no value body in this inventory
NumStability.GJEStage2Spec,NumStability.Algorithms.LinearSystems.GaussJordan.ErrorAnalysis.GaussJordan,inductive,false,false,false,3,0,expected_environment_declaration,inductive declarations have no value body in this inventory
NumStability.GJEStage2Spec.mk,NumStability.Algorithms.LinearSystems.GaussJordan.ErrorAnalysis.GaussJordan,constructor,false,false,false,19,0,expected_environment_declaration,constructor declarations have no value body in this inventory
NumStability.IsComplexMatrixSVD.rec,NumStability.Analysis.SingularValues.Basic,recursor,false,false,false,86,0,expected_environment_declaration,recursor declarations have no value body in this inventory
NumStability.IsComplexMatrixSVD.mk,NumStability.Analysis.SingularValues.Basic,constructor,false,false,false,85,0,expected_environment_declaration,constructor declarations have no value body in this inventory
NumStability.IsComplexMatrixSVD,NumStability.Analysis.SingularValues.Basic,inductive,false,false,false,21,0,expected_environment_declaration,inductive declarations have no value body in this inventory
NumStability.ComplexMatrixLpNormRieszThorinClosedCase,NumStability.Analysis.MatrixNorms.Comparisons,inductive,false,false,false,2,0,expected_environment_declaration,inductive declarations have no value body in this inventory
NumStability.ComplexMatrixLpNormRieszThorinClosedCase.finiteReal,NumStability.Analysis.MatrixNorms.Comparisons,constructor,false,false,false,5,0,expected_environment_declaration,constructor declarations have no value body in this inventory
NumStability.ComplexMatrixLpNormRieszThorinClosedCase.top_one_left,NumStability.Analysis.MatrixNorms.Comparisons,constructor,false,false,false,8,0,expected_environment_declaration,constructor declarations have no value body in this inventory
NumStability.ComplexMatrixLpNormRieszThorinClosedCase.theta_zero,NumStability.Analysis.MatrixNorms.Comparisons,constructor,false,false,false,16,0,expected_environment_declaration,constructor declarations have no value body in this inventory
NumStability.ComplexMatrixLpNormRieszThorinClosedCase.one_top,NumStability.Analysis.MatrixNorms.Comparisons,constructor,false,false,false,15,0,expected_environment_declaration,constructor declarations have no value body in this inventory
NumStability.ComplexMatrixLpNormRieszThorinClosedCase.top_one,NumStability.Analysis.MatrixNorms.Comparisons,constructor,false,false,false,15,0,expected_environment_declaration,constructor declarations have no value body in this inventory
NumStability.ComplexMatrixLpNormRieszThorinClosedCase.rec,NumStability.Analysis.MatrixNorms.Comparisons,recursor,false,false,false,35,0,expected_environment_declaration,recursor declarations have no value body in this inventory
NumStability.ComplexMatrixLpNormRieszThorinClosedCase.strict_eq_top,NumStability.Analysis.MatrixNorms.Comparisons,constructor,false,false,false,21,0,expected_environment_declaration,constructor declarations have no value body in this inventory
NumStability.ComplexMatrixLpNormRieszThorinClosedCase.finite_left_one_top,NumStability.Analysis.MatrixNorms.Comparisons,constructor,false,false,false,11,0,expected_environment_declaration,constructor declarations have no value body in this inventory
NumStability.ComplexMatrixLpNormRieszThorinClosedCase.strict_eq_one,NumStability.Analysis.MatrixNorms.Comparisons,constructor,false,false,false,19,0,expected_environment_declaration,constructor declarations have no value body in this inventory
NumStability.ComplexMatrixLpNormRieszThorinClosedCase.finite_left_top_one,NumStability.Analysis.MatrixNorms.Comparisons,constructor,false,false,false,8,0,expected_environment_declaration,constructor declarations have no value body in this inventory
NumStability.ComplexMatrixLpNormRieszThorinClosedCase.one_top_left,NumStability.Analysis.MatrixNorms.Comparisons,constructor,false,false,false,11,0,expected_environment_declaration,constructor declarations have no value body in this inventory
NumStability.ComplexMatrixLpNormRieszThorinClosedCase.theta_one,NumStability.Analysis.MatrixNorms.Comparisons,constructor,false,false,false,15,0,expected_environment_declaration,constructor declarations have no value body in this inventory
NumStability.JordanFormSpec.rec,NumStability.Analysis.LinearOperators.MatrixPowers.JordanScaling.RealDiagonal,recursor,false,false,false,42,0,expected_environment_declaration,recursor declarations have no value body in this inventory
NumStability.JordanFormSpec,NumStability.Analysis.LinearOperators.MatrixPowers.JordanScaling.RealDiagonal,inductive,false,false,false,7,0,expected_environment_declaration,inductive declarations have no value body in this inventory
NumStability.JordanFormSpec.mk,NumStability.Analysis.LinearOperators.MatrixPowers.JordanScaling.RealDiagonal,constructor,false,false,false,41,0,expected_environment_declaration,constructor declarations have no value body in this inventory
NumStability.ComputedIteration,NumStability.Algorithms.LinearSystems.Iterative.Stationary.Execution.Computed.Model,inductive,false,false,false,3,0,expected_environment_declaration,inductive declarations have no value body in this inventory
NumStability.ComputedIteration.rec,NumStability.Algorithms.LinearSystems.Iterative.Stationary.Execution.Computed.Model,recursor,false,false,false,19,0,expected_environment_declaration,recursor declarations have no value body in this inventory
NumStability.ComputedIteration.mk,NumStability.Algorithms.LinearSystems.Iterative.Stationary.Execution.Computed.Model,constructor,false,false,false,18,0,expected_environment_declaration,constructor declarations have no value body in this inventory
NumStability.SplittingSpec.rec,NumStability.Algorithms.LinearSystems.Iterative.Stationary.Splittings.Core.Definitions,recursor,false,false,false,11,0,expected_environment_declaration,recursor declarations have no value body in this inventory
NumStability.SplittingSpec,NumStability.Algorithms.LinearSystems.Iterative.Stationary.Splittings.Core.Definitions,inductive,false,false,false,3,0,expected_environment_declaration,inductive declarations have no value body in this inventory
NumStability.SplittingSpec.mk,NumStability.Algorithms.LinearSystems.Iterative.Stationary.Splittings.Core.Definitions,constructor,false,false,false,10,0,expected_environment_declaration,constructor declarations have no value body in this inventory
NumStability.IndexOneDrazinInverse,NumStability.Algorithms.LinearSystems.Iterative.Stationary.Projectors.Drazin.Algebra,inductive,false,false,false,3,0,expected_environment_declaration,inductive declarations have no value body in this inventory
NumStability.IndexOneDrazinInverse.mk,NumStability.Algorithms.LinearSystems.Iterative.Stationary.Projectors.Drazin.Algebra,constructor,false,false,false,6,0,expected_environment_declaration,constructor declarations have no value body in this inventory
NumStability.IndexOneDrazinInverse.rec,NumStability.Algorithms.LinearSystems.Iterative.Stationary.Projectors.Drazin.Algebra,recursor,false,false,false,7,0,expected_environment_declaration,recursor declarations have no value body in this inventory
NumStability.SolverSpec,NumStability.Algorithms.LinearSystems.IterativeRefinement.Core,inductive,false,false,false,3,0,expected_environment_declaration,inductive declarations have no value body in this inventory
NumStability.ResidualError,NumStability.Algorithms.LinearSystems.IterativeRefinement.Core,inductive,false,false,false,3,0,expected_environment_declaration,inductive declarations have no value body in this inventory
NumStability.SolverSpec.rec,NumStability.Algorithms.LinearSystems.IterativeRefinement.Core,recursor,false,false,false,21,0,expected_environment_declaration,recursor declarations have no value body in this inventory
NumStability.ComponentwiseBackwardError.rec,NumStability.Algorithms.LinearSystems.IterativeRefinement.Core,recursor,false,false,false,21,0,expected_environment_declaration,recursor declarations have no value body in this inventory
NumStability.ResidualError.mk,NumStability.Algorithms.LinearSystems.IterativeRefinement.Core,constructor,false,false,false,18,0,expected_environment_declaration,constructor declarations have no value body in this inventory
NumStability.ComponentwiseBackwardError,NumStability.Algorithms.LinearSystems.IterativeRefinement.Core,inductive,false,false,false,3,0,expected_environment_declaration,inductive declarations have no value body in this inventory
NumStability.ResidualError.rec,NumStability.Algorithms.LinearSystems.IterativeRefinement.Core,recursor,false,false,false,19,0,expected_environment_declaration,recursor declarations have no value body in this inventory
NumStability.SolverSpec.mk,NumStability.Algorithms.LinearSystems.IterativeRefinement.Core,constructor,false,false,false,20,0,expected_environment_declaration,constructor declarations have no value body in this inventory
NumStability.ComponentwiseBackwardError.mk,NumStability.Algorithms.LinearSystems.IterativeRefinement.Core,constructor,false,false,false,20,0,expected_environment_declaration,constructor declarations have no value body in this inventory
NumStability.MGSAugmentedLSFactorization.mk,NumStability.Algorithms.LinearSystems.LeastSquares.MGS,constructor,false,false,false,23,0,expected_environment_declaration,constructor declarations have no value body in this inventory
NumStability.MGSAugmentedLSFactorization.rec,NumStability.Algorithms.LinearSystems.LeastSquares.MGS,recursor,false,false,false,24,0,expected_environment_declaration,recursor declarations have no value body in this inventory
NumStability.MGSAugmentedLSFactorization,NumStability.Algorithms.LinearSystems.LeastSquares.MGS,inductive,false,false,false,3,0,expected_environment_declaration,inductive declarations have no value body in this inventory
NumStability.HouseholderVectorError.rec,NumStability.Algorithms.LinearSystems.QR.HouseholderSpec,recursor,false,false,false,29,0,expected_environment_declaration,recursor declarations have no value body in this inventory
NumStability.HouseholderVectorError,NumStability.Algorithms.LinearSystems.QR.HouseholderSpec,inductive,false,false,false,3,0,expected_environment_declaration,inductive declarations have no value body in this inventory
NumStability.HouseholderAppError.mk,NumStability.Algorithms.LinearSystems.QR.HouseholderSpec,constructor,false,false,false,15,0,expected_environment_declaration,constructor declarations have no value body in this inventory
NumStability.HouseholderAppError.rec,NumStability.Algorithms.LinearSystems.QR.HouseholderSpec,recursor,false,false,false,16,0,expected_environment_declaration,recursor declarations have no value body in this inventory
NumStability.HouseholderAppError,NumStability.Algorithms.LinearSystems.QR.HouseholderSpec,inductive,false,false,false,3,0,expected_environment_declaration,inductive declarations have no value body in this inventory
NumStability.HouseholderVectorError.mk,NumStability.Algorithms.LinearSystems.QR.HouseholderSpec,constructor,false,false,false,28,0,expected_environment_declaration,constructor declarations have no value body in this inventory
NumStability.HouseholderConstructionError,NumStability.Algorithms.LinearSystems.QR.HouseholderReflector,inductive,false,false,false,8,0,expected_environment_declaration,inductive declarations have no value body in this inventory
NumStability.HouseholderConstructionError.mk,NumStability.Algorithms.LinearSystems.QR.HouseholderReflector,constructor,false,false,false,32,0,expected_environment_declaration,constructor declarations have no value body in this inventory
NumStability.HouseholderConstructionError.rec,NumStability.Algorithms.LinearSystems.QR.HouseholderReflector,recursor,false,false,false,33,0,expected_environment_declaration,recursor declarations have no value body in this inventory
NumStability.ColumnwiseHouseholderStepError,NumStability.Algorithms.LinearSystems.QR.HouseholderMatrixStep,inductive,false,false,false,3,0,expected_environment_declaration,inductive declarations have no value body in this inventory
NumStability.ColumnwiseHouseholderStepError.mk,NumStability.Algorithms.LinearSystems.QR.HouseholderMatrixStep,constructor,false,false,false,15,0,expected_environment_declaration,constructor declarations have no value body in this inventory
NumStability.ColumnwiseHouseholderStepErrorRect.rec,NumStability.Algorithms.LinearSystems.QR.HouseholderMatrixStep,recursor,false,false,false,16,0,expected_environment_declaration,recursor declarations have no value body in this inventory
NumStability.ColumnwiseHouseholderStepErrorRect,NumStability.Algorithms.LinearSystems.QR.HouseholderMatrixStep,inductive,false,false,false,3,0,expected_environment_declaration,inductive declarations have no value body in this inventory
NumStability.ColumnwiseHouseholderStepError.rec,NumStability.Algorithms.LinearSystems.QR.HouseholderMatrixStep,recursor,false,false,false,16,0,expected_environment_declaration,recursor declarations have no value body in this inventory
NumStability.ColumnwiseHouseholderStepErrorRect.mk,NumStability.Algorithms.LinearSystems.QR.HouseholderMatrixStep,constructor,false,false,false,15,0,expected_environment_declaration,constructor declarations have no value body in this inventory
NumStability.HouseholderQRPanelQhatAccumError,NumStability.Algorithms.LinearSystems.QR.HouseholderQR,inductive,false,false,false,3,0,expected_environment_declaration,inductive declarations have no value body in this inventory
NumStability.HouseholderQRWitness,NumStability.Algorithms.LinearSystems.QR.HouseholderQR,inductive,false,false,false,1,0,expected_environment_declaration,inductive declarations have no value body in this inventory
NumStability.StructuredHouseholderQRBackwardError,NumStability.Algorithms.LinearSystems.QR.HouseholderQR,inductive,false,false,false,3,0,expected_environment_declaration,inductive declarations have no value body in this inventory
NumStability.StructuredHouseholderQRPanelHighamBackwardError.rec,NumStability.Algorithms.LinearSystems.QR.HouseholderQR,recursor,false,false,false,29,0,expected_environment_declaration,recursor declarations have no value body in this inventory
NumStability.StructuredHouseholderQRPanelExplicitBackwardError,NumStability.Algorithms.LinearSystems.QR.HouseholderQR,inductive,false,false,false,3,0,expected_environment_declaration,inductive declarations have no value body in this inventory
NumStability.HouseholderQRPanelResult.mk,NumStability.Algorithms.LinearSystems.QR.HouseholderQR,constructor,false,false,false,4,0,expected_environment_declaration,constructor declarations have no value body in this inventory
NumStability.HouseholderQRPanelComputedFactorsExplicitError.rec,NumStability.Algorithms.LinearSystems.QR.HouseholderQR,recursor,false,false,false,10,0,expected_environment_declaration,recursor declarations have no value body in this inventory
NumStability.HouseholderQRPanelExplicitBackwardError.rec,NumStability.Algorithms.LinearSystems.QR.HouseholderQR,recursor,false,false,false,17,0,expected_environment_declaration,recursor declarations have no value body in this inventory
NumStability.HouseholderQRPanelExplicitBackwardError,NumStability.Algorithms.LinearSystems.QR.HouseholderQR,inductive,false,false,false,3,0,expected_environment_declaration,inductive declarations have no value body in this inventory
NumStability.StructuredHouseholderQRPanelHighamBackwardError,NumStability.Algorithms.LinearSystems.QR.HouseholderQR,inductive,false,false,false,3,0,expected_environment_declaration,inductive declarations have no value body in this inventory
NumStability.HouseholderQRPanelComputedFactorsExplicitError,NumStability.Algorithms.LinearSystems.QR.HouseholderQR,inductive,false,false,false,4,0,expected_environment_declaration,inductive declarations have no value body in this inventory
NumStability.OrthogonalSequenceBackwardError.mk,NumStability.Algorithms.LinearSystems.QR.HouseholderQR,constructor,false,false,false,21,0,expected_environment_declaration,constructor declarations have no value body in this inventory
NumStability.HouseholderQRPanelColumnwiseBackwardError.mk,NumStability.Algorithms.LinearSystems.QR.HouseholderQR,constructor,false,false,false,21,0,expected_environment_declaration,constructor declarations have no value body in this inventory
NumStability.HouseholderPanelState,NumStability.Algorithms.LinearSystems.QR.HouseholderQR,inductive,false,false,false,0,0,expected_environment_declaration,inductive declarations have no value body in this inventory
NumStability.HouseholderQRPanelComputedFactorsResidualError.mk,NumStability.Algorithms.LinearSystems.QR.HouseholderQR,constructor,false,false,false,17,0,expected_environment_declaration,constructor declarations have no value body in this inventory
NumStability.HouseholderQRComputedFactorsExplicitError,NumStability.Algorithms.LinearSystems.QR.HouseholderQR,inductive,false,false,false,4,0,expected_environment_declaration,inductive declarations have no value body in this inventory
NumStability.HouseholderQRExplicitBackwardError.mk,NumStability.Algorithms.LinearSystems.QR.HouseholderQR,constructor,false,false,false,16,0,expected_environment_declaration,constructor declarations have no value body in this inventory
NumStability.HouseholderQRPanelQhatFixedAccumError.rec,NumStability.Algorithms.LinearSystems.QR.HouseholderQR,recursor,false,false,false,15,0,expected_environment_declaration,recursor declarations have no value body in this inventory
NumStability.HouseholderQRComputedFactors.mk,NumStability.Algorithms.LinearSystems.QR.HouseholderQR,constructor,false,false,false,4,0,expected_environment_declaration,constructor declarations have no value body in this inventory
NumStability.HouseholderQRComputedFactorsResidualError,NumStability.Algorithms.LinearSystems.QR.HouseholderQR,inductive,false,false,false,4,0,expected_environment_declaration,inductive declarations have no value body in this inventory
NumStability.HouseholderQRWitness.mk,NumStability.Algorithms.LinearSystems.QR.HouseholderQR,constructor,false,false,false,4,0,expected_environment_declaration,constructor declarations have no value body in this inventory
NumStability.StructuredHouseholderQRBackwardError.mk,NumStability.Algorithms.LinearSystems.QR.HouseholderQR,constructor,false,false,false,6,0,expected_environment_declaration,constructor declarations have no value body in this inventory
NumStability.HouseholderQRPanelQhatAccumError.mk,NumStability.Algorithms.LinearSystems.QR.HouseholderQR,constructor,false,false,false,14,0,expected_environment_declaration,constructor declarations have no value body in this inventory
NumStability.HouseholderQRComputedFactorsExplicitError.rec,NumStability.Algorithms.LinearSystems.QR.HouseholderQR,recursor,false,false,false,10,0,expected_environment_declaration,recursor declarations have no value body in this inventory
NumStability.HouseholderPanelState.rec,NumStability.Algorithms.LinearSystems.QR.HouseholderQR,recursor,false,false,false,5,0,expected_environment_declaration,recursor declarations have no value body in this inventory
NumStability.HouseholderQRPanelResult,NumStability.Algorithms.LinearSystems.QR.HouseholderQR,inductive,false,false,false,1,0,expected_environment_declaration,inductive declarations have no value body in this inventory
NumStability.HouseholderQRPanelQhatAccumError.rec,NumStability.Algorithms.LinearSystems.QR.HouseholderQR,recursor,false,false,false,15,0,expected_environment_declaration,recursor declarations have no value body in this inventory
NumStability.HouseholderPanelState.mk,NumStability.Algorithms.LinearSystems.QR.HouseholderQR,constructor,false,false,false,4,0,expected_environment_declaration,constructor declarations have no value body in this inventory
NumStability.HouseholderQRPanelComputedFactorsResidualError,NumStability.Algorithms.LinearSystems.QR.HouseholderQR,inductive,false,false,false,4,0,expected_environment_declaration,inductive declarations have no value body in this inventory
NumStability.StructuredHouseholderQRBackwardError.rec,NumStability.Algorithms.LinearSystems.QR.HouseholderQR,recursor,false,false,false,7,0,expected_environment_declaration,recursor declarations have no value body in this inventory
NumStability.HouseholderQRWitness.rec,NumStability.Algorithms.LinearSystems.QR.HouseholderQR,recursor,false,false,false,5,0,expected_environment_declaration,recursor declarations have no value body in this inventory
NumStability.HouseholderQRComputedFactorsExplicitError.mk,NumStability.Algorithms.LinearSystems.QR.HouseholderQR,constructor,false,false,false,9,0,expected_environment_declaration,constructor declarations have no value body in this inventory
NumStability.HouseholderQRExplicitBackwardError,NumStability.Algorithms.LinearSystems.QR.HouseholderQR,inductive,false,false,false,3,0,expected_environment_declaration,inductive declarations have no value body in this inventory
NumStability.HouseholderQRBackwardError.rec,NumStability.Algorithms.LinearSystems.QR.HouseholderQR,recursor,false,false,false,16,0,expected_environment_declaration,recursor declarations have no value body in this inventory
NumStability.HouseholderQRPanelComputedFactors.mk,NumStability.Algorithms.LinearSystems.QR.HouseholderQR,constructor,false,false,false,4,0,expected_environment_declaration,constructor declarations have no value body in this inventory
NumStability.HouseholderQRPanelBackwardError.mk,NumStability.Algorithms.LinearSystems.QR.HouseholderQR,constructor,false,false,false,16,0,expected_environment_declaration,constructor declarations have no value body in this inventory
NumStability.HouseholderQRPanelBackwardError,NumStability.Algorithms.LinearSystems.QR.HouseholderQR,inductive,false,false,false,3,0,expected_environment_declaration,inductive declarations have no value body in this inventory
NumStability.HouseholderQRPanelComputedFactors,NumStability.Algorithms.LinearSystems.QR.HouseholderQR,inductive,false,false,false,1,0,expected_environment_declaration,inductive declarations have no value body in this inventory
NumStability.OrthogonalSequenceBackwardError.rec,NumStability.Algorithms.LinearSystems.QR.HouseholderQR,recursor,false,false,false,22,0,expected_environment_declaration,recursor declarations have no value body in this inventory
NumStability.HouseholderQRPanelColumnwiseBackwardError.rec,NumStability.Algorithms.LinearSystems.QR.HouseholderQR,recursor,false,false,false,22,0,expected_environment_declaration,recursor declarations have no value body in this inventory
NumStability.HouseholderQRPanelQhatFixedAccumError,NumStability.Algorithms.LinearSystems.QR.HouseholderQR,inductive,false,false,false,3,0,expected_environment_declaration,inductive declarations have no value body in this inventory
NumStability.HouseholderQRBackwardError.mk,NumStability.Algorithms.LinearSystems.QR.HouseholderQR,constructor,false,false,false,15,0,expected_environment_declaration,constructor declarations have no value body in this inventory
NumStability.HouseholderQRPanelComputedFactorsResidualError.rec,NumStability.Algorithms.LinearSystems.QR.HouseholderQR,recursor,false,false,false,18,0,expected_environment_declaration,recursor declarations have no value body in this inventory
NumStability.HouseholderQRExplicitBackwardError.rec,NumStability.Algorithms.LinearSystems.QR.HouseholderQR,recursor,false,false,false,17,0,expected_environment_declaration,recursor declarations have no value body in this inventory
NumStability.OrthogonalSequenceBackwardError,NumStability.Algorithms.LinearSystems.QR.HouseholderQR,inductive,false,false,false,3,0,expected_environment_declaration,inductive declarations have no value body in this inventory
NumStability.HouseholderQRPanelExplicitBackwardError.mk,NumStability.Algorithms.LinearSystems.QR.HouseholderQR,constructor,false,false,false,16,0,expected_environment_declaration,constructor declarations have no value body in this inventory
NumStability.StructuredHouseholderQRPanelHighamBackwardError.mk,NumStability.Algorithms.LinearSystems.QR.HouseholderQR,constructor,false,false,false,28,0,expected_environment_declaration,constructor declarations have no value body in this inventory
NumStability.HouseholderQRPanelComputedFactorsExplicitError.mk,NumStability.Algorithms.LinearSystems.QR.HouseholderQR,constructor,false,false,false,9,0,expected_environment_declaration,constructor declarations have no value body in this inventory
NumStability.HouseholderQRPanelColumnwiseBackwardError,NumStability.Algorithms.LinearSystems.QR.HouseholderQR,inductive,false,false,false,3,0,expected_environment_declaration,inductive declarations have no value body in this inventory
NumStability.HouseholderQRPanelResult.rec,NumStability.Algorithms.LinearSystems.QR.HouseholderQR,recursor,false,false,false,5,0,expected_environment_declaration,recursor declarations have no value body in this inventory
NumStability.StructuredHouseholderQRPanelExplicitBackwardError.mk,NumStability.Algorithms.LinearSystems.QR.HouseholderQR,constructor,false,false,false,6,0,expected_environment_declaration,constructor declarations have no value body in this inventory
NumStability.HouseholderQRComputedFactorsResidualError.rec,NumStability.Algorithms.LinearSystems.QR.HouseholderQR,recursor,false,false,false,18,0,expected_environment_declaration,recursor declarations have no value body in this inventory
NumStability.StructuredHouseholderQRPanelExplicitBackwardError.rec,NumStability.Algorithms.LinearSystems.QR.HouseholderQR,recursor,false,false,false,7,0,expected_environment_declaration,recursor declarations have no value body in this inventory
NumStability.HouseholderQRComputedFactorsResidualError.mk,NumStability.Algorithms.LinearSystems.QR.HouseholderQR,constructor,false,false,false,17,0,expected_environment_declaration,constructor declarations have no value body in this inventory
NumStability.HouseholderQRPanelQhatFixedAccumError.mk,NumStability.Algorithms.LinearSystems.QR.HouseholderQR,constructor,false,false,false,14,0,expected_environment_declaration,constructor declarations have no value body in this inventory
NumStability.HouseholderQRBackwardError,NumStability.Algorithms.LinearSystems.QR.HouseholderQR,inductive,false,false,false,3,0,expected_environment_declaration,inductive declarations have no value body in this inventory
NumStability.HouseholderQRComputedFactors.rec,NumStability.Algorithms.LinearSystems.QR.HouseholderQR,recursor,false,false,false,5,0,expected_environment_declaration,recursor declarations have no value body in this inventory
NumStability.HouseholderQRComputedFactors,NumStability.Algorithms.LinearSystems.QR.HouseholderQR,inductive,false,false,false,1,0,expected_environment_declaration,inductive declarations have no value body in this inventory
NumStability.HouseholderQRPanelComputedFactors.rec,NumStability.Algorithms.LinearSystems.QR.HouseholderQR,recursor,false,false,false,5,0,expected_environment_declaration,recursor declarations have no value body in this inventory
NumStability.HouseholderQRPanelBackwardError.rec,NumStability.Algorithms.LinearSystems.QR.HouseholderQR,recursor,false,false,false,17,0,expected_environment_declaration,recursor declarations have no value body in this inventory
NumStability.HouseholderColumnwisePanelAppError.rec,NumStability.Algorithms.LinearSystems.QR.Householder.TrailingPanels,recursor,false,false,false,16,0,expected_environment_declaration,recursor declarations have no value body in this inventory
NumStability.HouseholderPanelAppError.rec,NumStability.Algorithms.LinearSystems.QR.Householder.TrailingPanels,recursor,false,false,false,17,0,expected_environment_declaration,recursor declarations have no value body in this inventory
NumStability.HouseholderPanelAppError.mk,NumStability.Algorithms.LinearSystems.QR.Householder.TrailingPanels,constructor,false,false,false,16,0,expected_environment_declaration,constructor declarations have no value body in this inventory
NumStability.HouseholderColumnwisePanelAppError,NumStability.Algorithms.LinearSystems.QR.Householder.TrailingPanels,inductive,false,false,false,3,0,expected_environment_declaration,inductive declarations have no value body in this inventory
NumStability.HouseholderColumnwisePanelAppError.mk,NumStability.Algorithms.LinearSystems.QR.Householder.TrailingPanels,constructor,false,false,false,15,0,expected_environment_declaration,constructor declarations have no value body in this inventory
NumStability.HouseholderPanelAppError,NumStability.Algorithms.LinearSystems.QR.Householder.TrailingPanels,inductive,false,false,false,3,0,expected_environment_declaration,inductive declarations have no value body in this inventory
NumStability.HouseholderQRPanelSolveBackwardError,NumStability.Algorithms.LinearSystems.QR.QRSolve,inductive,false,false,false,3,0,expected_environment_declaration,inductive declarations have no value body in this inventory
NumStability.HouseholderQRRhsPanelExplicitBackwardError,NumStability.Algorithms.LinearSystems.QR.QRSolve,inductive,false,false,false,3,0,expected_environment_declaration,inductive declarations have no value body in this inventory
NumStability.HouseholderQRRhsPanelBackwardError.rec,NumStability.Algorithms.LinearSystems.QR.QRSolve,recursor,false,false,false,19,0,expected_environment_declaration,recursor declarations have no value body in this inventory
NumStability.QRSolveBackwardError,NumStability.Algorithms.LinearSystems.QR.QRSolve,inductive,false,false,false,3,0,expected_environment_declaration,inductive declarations have no value body in this inventory
NumStability.HouseholderQRPanelSolveFixedBackwardError,NumStability.Algorithms.LinearSystems.QR.QRSolve,inductive,false,false,false,3,0,expected_environment_declaration,inductive declarations have no value body in this inventory
NumStability.HouseholderQRPanelSolveBackwardError.mk,NumStability.Algorithms.LinearSystems.QR.QRSolve,constructor,false,false,false,20,0,expected_environment_declaration,constructor declarations have no value body in this inventory
NumStability.HouseholderQRPanelSolveBackwardError.rec,NumStability.Algorithms.LinearSystems.QR.QRSolve,recursor,false,false,false,21,0,expected_environment_declaration,recursor declarations have no value body in this inventory
NumStability.HouseholderQRRhsPanelBackwardError,NumStability.Algorithms.LinearSystems.QR.QRSolve,inductive,false,false,false,3,0,expected_environment_declaration,inductive declarations have no value body in this inventory
NumStability.HouseholderQRPanelSolveFixedBackwardError.rec,NumStability.Algorithms.LinearSystems.QR.QRSolve,recursor,false,false,false,21,0,expected_environment_declaration,recursor declarations have no value body in this inventory
NumStability.HouseholderQRRhsPanelExplicitBackwardError.mk,NumStability.Algorithms.LinearSystems.QR.QRSolve,constructor,false,false,false,18,0,expected_environment_declaration,constructor declarations have no value body in this inventory
NumStability.QRSolveBackwardError.rec,NumStability.Algorithms.LinearSystems.QR.QRSolve,recursor,false,false,false,18,0,expected_environment_declaration,recursor declarations have no value body in this inventory
NumStability.HouseholderQRRhsPanelExplicitBackwardError.rec,NumStability.Algorithms.LinearSystems.QR.QRSolve,recursor,false,false,false,19,0,expected_environment_declaration,recursor declarations have no value body in this inventory
NumStability.HouseholderQRPanelSolveFixedBackwardError.mk,NumStability.Algorithms.LinearSystems.QR.QRSolve,constructor,false,false,false,20,0,expected_environment_declaration,constructor declarations have no value body in this inventory
NumStability.QRSolveBackwardError.mk,NumStability.Algorithms.LinearSystems.QR.QRSolve,constructor,false,false,false,17,0,expected_environment_declaration,constructor declarations have no value body in this inventory
NumStability.HouseholderQRRhsPanelBackwardError.mk,NumStability.Algorithms.LinearSystems.QR.QRSolve,constructor,false,false,false,18,0,expected_environment_declaration,constructor declarations have no value body in this inventory
NumStability.MGSProblem1912CSDiagonalFactorData.rec,NumStability.Algorithms.LinearSystems.QR.GramSchmidt,recursor,false,false,false,32,0,expected_environment_declaration,recursor declarations have no value body in this inventory
NumStability.ModifiedGramSchmidtQRSensitivityBridge.rec,NumStability.Algorithms.LinearSystems.QR.GramSchmidt,recursor,false,false,false,21,0,expected_environment_declaration,recursor declarations have no value body in this inventory
NumStability.ModifiedGramSchmidtBackwardError.mk,NumStability.Algorithms.LinearSystems.QR.GramSchmidt,constructor,false,false,false,22,0,expected_environment_declaration,constructor declarations have no value body in this inventory
NumStability.ClassicalGramSchmidtState.rec,NumStability.Algorithms.LinearSystems.QR.GramSchmidt,recursor,false,false,false,15,0,expected_environment_declaration,recursor declarations have no value body in this inventory
NumStability.ModifiedGramSchmidtQRSensitivitySourceOutput.rec,NumStability.Algorithms.LinearSystems.QR.GramSchmidt,recursor,false,false,false,21,0,expected_environment_declaration,recursor declarations have no value body in this inventory
NumStability.MGSProblem1912PolarFactorData,NumStability.Algorithms.LinearSystems.QR.GramSchmidt,inductive,false,false,false,3,0,expected_environment_declaration,inductive declarations have no value body in this inventory
NumStability.ModifiedGramSchmidtState.mk,NumStability.Algorithms.LinearSystems.QR.GramSchmidt,constructor,false,false,false,8,0,expected_environment_declaration,constructor declarations have no value body in this inventory
NumStability.ModifiedGramSchmidtQRSensitivitySourceOutput.mk,NumStability.Algorithms.LinearSystems.QR.GramSchmidt,constructor,false,false,false,20,0,expected_environment_declaration,constructor declarations have no value body in this inventory
NumStability.MGSProblem1912CSDiagonalFactorData,NumStability.Algorithms.LinearSystems.QR.GramSchmidt,inductive,false,false,false,3,0,expected_environment_declaration,inductive declarations have no value body in this inventory
NumStability.ModifiedGramSchmidtQRSensitivityBridge,NumStability.Algorithms.LinearSystems.QR.GramSchmidt,inductive,false,false,false,3,0,expected_environment_declaration,inductive declarations have no value body in this inventory
NumStability.MGSProblem1912PolarFactorData.rec,NumStability.Algorithms.LinearSystems.QR.GramSchmidt,recursor,false,false,false,17,0,expected_environment_declaration,recursor declarations have no value body in this inventory
NumStability.MGSProblem1912CSDiagonalFactorData.mk,NumStability.Algorithms.LinearSystems.QR.GramSchmidt,constructor,false,false,false,31,0,expected_environment_declaration,constructor declarations have no value body in this inventory
NumStability.ModifiedGramSchmidtQRSensitivityBridge.mk,NumStability.Algorithms.LinearSystems.QR.GramSchmidt,constructor,false,false,false,20,0,expected_environment_declaration,constructor declarations have no value body in this inventory
NumStability.ModifiedGramSchmidtBackwardError,NumStability.Algorithms.LinearSystems.QR.GramSchmidt,inductive,false,false,false,3,0,expected_environment_declaration,inductive declarations have no value body in this inventory
NumStability.MGSProblem1912PolarFactorData.mk,NumStability.Algorithms.LinearSystems.QR.GramSchmidt,constructor,false,false,false,16,0,expected_environment_declaration,constructor declarations have no value body in this inventory
NumStability.MGSProblem1912CorrectionMapData.mk,NumStability.Algorithms.LinearSystems.QR.GramSchmidt,constructor,false,false,false,14,0,expected_environment_declaration,constructor declarations have no value body in this inventory
NumStability.MGSProblem1912CorrectionMap.mk,NumStability.Algorithms.LinearSystems.QR.GramSchmidt,constructor,false,false,false,14,0,expected_environment_declaration,constructor declarations have no value body in this inventory
NumStability.MGSProblem1912CSPolarInput.mk,NumStability.Algorithms.LinearSystems.QR.GramSchmidt,constructor,false,false,false,12,0,expected_environment_declaration,constructor declarations have no value body in this inventory
NumStability.MGSProblem1912CSPolarInput,NumStability.Algorithms.LinearSystems.QR.GramSchmidt,inductive,false,false,false,3,0,expected_environment_declaration,inductive declarations have no value body in this inventory
NumStability.ClassicalGramSchmidtState.mk,NumStability.Algorithms.LinearSystems.QR.GramSchmidt,constructor,false,false,false,14,0,expected_environment_declaration,constructor declarations have no value body in this inventory
NumStability.MGSProblem1912CorrectionMap.rec,NumStability.Algorithms.LinearSystems.QR.GramSchmidt,recursor,false,false,false,15,0,expected_environment_declaration,recursor declarations have no value body in this inventory
NumStability.MGSProblem1912CorrectionMapData.rec,NumStability.Algorithms.LinearSystems.QR.GramSchmidt,recursor,false,false,false,15,0,expected_environment_declaration,recursor declarations have no value body in this inventory
NumStability.MGSProblem1912CorrectionMap,NumStability.Algorithms.LinearSystems.QR.GramSchmidt,inductive,false,false,false,3,0,expected_environment_declaration,inductive declarations have no value body in this inventory
NumStability.MGSProblem1912CorrectionMapData,NumStability.Algorithms.LinearSystems.QR.GramSchmidt,inductive,false,false,false,3,0,expected_environment_declaration,inductive declarations have no value body in this inventory
NumStability.ModifiedGramSchmidtBackwardError.rec,NumStability.Algorithms.LinearSystems.QR.GramSchmidt,recursor,false,false,false,23,0,expected_environment_declaration,recursor declarations have no value body in this inventory
NumStability.ModifiedGramSchmidtQRSensitivitySourceOutput,NumStability.Algorithms.LinearSystems.QR.GramSchmidt,inductive,false,false,false,3,0,expected_environment_declaration,inductive declarations have no value body in this inventory
NumStability.ModifiedGramSchmidtState.rec,NumStability.Algorithms.LinearSystems.QR.GramSchmidt,recursor,false,false,false,9,0,expected_environment_declaration,recursor declarations have no value body in this inventory
NumStability.ModifiedGramSchmidtState,NumStability.Algorithms.LinearSystems.QR.GramSchmidt,inductive,false,false,false,3,0,expected_environment_declaration,inductive declarations have no value body in this inventory
NumStability.MGSProblem1912CSPolarInput.rec,NumStability.Algorithms.LinearSystems.QR.GramSchmidt,recursor,false,false,false,13,0,expected_environment_declaration,recursor declarations have no value body in this inventory
NumStability.ClassicalGramSchmidtState,NumStability.Algorithms.LinearSystems.QR.GramSchmidt,inductive,false,false,false,3,0,expected_environment_declaration,inductive declarations have no value body in this inventory
NumStability.RectRankFactorization.rec,NumStability.Analysis.SingularValues.RectangularRankFactorization,recursor,false,false,false,13,0,expected_environment_declaration,recursor declarations have no value body in this inventory
NumStability.RectRankFactorization,NumStability.Analysis.SingularValues.RectangularRankFactorization,inductive,false,false,false,3,0,expected_environment_declaration,inductive declarations have no value body in this inventory
NumStability.RectRankFactorization.mk,NumStability.Analysis.SingularValues.RectangularRankFactorization,constructor,false,false,false,12,0,expected_environment_declaration,constructor declarations have no value body in this inventory
NumStability.GivensCoeffError,NumStability.Algorithms.LinearSystems.QR.GivensSpec,inductive,false,false,false,1,0,expected_environment_declaration,inductive declarations have no value body in this inventory
NumStability.GivensCoeffError.mk,NumStability.Algorithms.LinearSystems.QR.GivensSpec,constructor,false,false,false,19,0,expected_environment_declaration,constructor declarations have no value body in this inventory
NumStability.GivensAppError.rec,NumStability.Algorithms.LinearSystems.QR.GivensSpec,recursor,false,false,false,16,0,expected_environment_declaration,recursor declarations have no value body in this inventory
NumStability.GivensAppError.mk,NumStability.Algorithms.LinearSystems.QR.GivensSpec,constructor,false,false,false,15,0,expected_environment_declaration,constructor declarations have no value body in this inventory
NumStability.GivensCoeffError.rec,NumStability.Algorithms.LinearSystems.QR.GivensSpec,recursor,false,false,false,20,0,expected_environment_declaration,recursor declarations have no value body in this inventory
NumStability.SparseGivensAppError.rec,NumStability.Algorithms.LinearSystems.QR.GivensSpec,recursor,false,false,false,17,0,expected_environment_declaration,recursor declarations have no value body in this inventory
NumStability.GivensAppError,NumStability.Algorithms.LinearSystems.QR.GivensSpec,inductive,false,false,false,3,0,expected_environment_declaration,inductive declarations have no value body in this inventory
NumStability.SparseGivensAppError,NumStability.Algorithms.LinearSystems.QR.GivensSpec,inductive,false,false,false,3,0,expected_environment_declaration,inductive declarations have no value body in this inventory
NumStability.SparseGivensAppError.mk,NumStability.Algorithms.LinearSystems.QR.GivensSpec,constructor,false,false,false,16,0,expected_environment_declaration,constructor declarations have no value body in this inventory
NumStability.ColumnwiseGivensStepError.mk,NumStability.Algorithms.LinearSystems.QR.GivensMatrixStep,constructor,false,false,false,15,0,expected_environment_declaration,constructor declarations have no value body in this inventory
NumStability.ColumnwiseGivensStepError.rec,NumStability.Algorithms.LinearSystems.QR.GivensMatrixStep,recursor,false,false,false,16,0,expected_environment_declaration,recursor declarations have no value body in this inventory
NumStability.ColumnwiseGivensStepError,NumStability.Algorithms.LinearSystems.QR.GivensMatrixStep,inductive,false,false,false,3,0,expected_environment_declaration,inductive declarations have no value body in this inventory
NumStability.ColumnwiseGivensStepErrorRect,NumStability.Algorithms.LinearSystems.QR.GivensMatrixStep,inductive,false,false,false,3,0,expected_environment_declaration,inductive declarations have no value body in this inventory
NumStability.SparseColumnwiseGivensStepErrorRect.mk,NumStability.Algorithms.LinearSystems.QR.GivensMatrixStep,constructor,false,false,false,16,0,expected_environment_declaration,constructor declarations have no value body in this inventory
NumStability.ColumnwiseGivensStepErrorRect.mk,NumStability.Algorithms.LinearSystems.QR.GivensMatrixStep,constructor,false,false,false,15,0,expected_environment_declaration,constructor declarations have no value body in this inventory
NumStability.ColumnwiseGivensStepErrorRect.rec,NumStability.Algorithms.LinearSystems.QR.GivensMatrixStep,recursor,false,false,false,16,0,expected_environment_declaration,recursor declarations have no value body in this inventory
NumStability.SparseColumnwiseGivensStepErrorRect,NumStability.Algorithms.LinearSystems.QR.GivensMatrixStep,inductive,false,false,false,3,0,expected_environment_declaration,inductive declarations have no value body in this inventory
NumStability.SparseColumnwiseGivensStepErrorRect.rec,NumStability.Algorithms.LinearSystems.QR.GivensMatrixStep,recursor,false,false,false,17,0,expected_environment_declaration,recursor declarations have no value body in this inventory
NumStability.GivensQRTask.mk,NumStability.Algorithms.LinearSystems.QR.GivensQR,constructor,false,false,false,6,0,expected_environment_declaration,constructor declarations have no value body in this inventory
NumStability.GivensQRTask.rec,NumStability.Algorithms.LinearSystems.QR.GivensQR,recursor,false,false,false,7,0,expected_environment_declaration,recursor declarations have no value body in this inventory
NumStability.GivensQRTask,NumStability.Algorithms.LinearSystems.QR.GivensQR,inductive,false,false,false,1,0,expected_environment_declaration,inductive declarations have no value body in this inventory
NumStability.GivensQRBackwardError.rec,NumStability.Algorithms.LinearSystems.QR.GivensQR,recursor,false,false,false,16,0,expected_environment_declaration,recursor declarations have no value body in this inventory
NumStability.GivensQRBackwardError.mk,NumStability.Algorithms.LinearSystems.QR.GivensQR,constructor,false,false,false,15,0,expected_environment_declaration,constructor declarations have no value body in this inventory
NumStability.GivensQRBackwardError,NumStability.Algorithms.LinearSystems.QR.GivensQR,inductive,false,false,false,3,0,expected_environment_declaration,inductive declarations have no value body in this inventory
H19.Theorem19_4.HouseholderQRBackwardError.mk,NumStability.Source.Higham.Chapter19.Core,constructor,false,false,false,19,0,expected_environment_declaration,constructor declarations have no value body in this inventory
H19.Theorem19_13.sourceFaithfulHouseholderNormalization.rec,NumStability.Source.Higham.Chapter19.Core,recursor,false,false,false,23,0,expected_environment_declaration,recursor declarations have no value body in this inventory
H19.Theorem19_4.HouseholderQRComponentwiseBackwardError.rec,NumStability.Source.Higham.Chapter19.Core,recursor,false,false,false,28,0,expected_environment_declaration,recursor declarations have no value body in this inventory
H19.Theorem19_13.storedSignedSequenceOneTailReflectorFacts,NumStability.Source.Higham.Chapter19.Core,inductive,false,false,false,9,0,expected_environment_declaration,inductive declarations have no value body in this inventory
H19.Theorem19_13.sourceFaithfulHouseholderNormalization,NumStability.Source.Higham.Chapter19.Core,inductive,false,false,false,8,0,expected_environment_declaration,inductive declarations have no value body in this inventory
H19.Theorem19_4.HouseholderQRComponentwiseBackwardError,NumStability.Source.Higham.Chapter19.Core,inductive,false,false,false,3,0,expected_environment_declaration,inductive declarations have no value body in this inventory
H19.Theorem19_13.storedSignedSequenceFirstTwoReflectorData.rec,NumStability.Source.Higham.Chapter19.Core,recursor,false,false,false,52,0,expected_environment_declaration,recursor declarations have no value body in this inventory
H19.Theorem19_10.GivensQRBackwardError.mk,NumStability.Source.Higham.Chapter19.Core,constructor,false,false,false,19,0,expected_environment_declaration,constructor declarations have no value body in this inventory
H19.Theorem19_13.storedSignedSequenceFirstTwoFullStageFacts.mk,NumStability.Source.Higham.Chapter19.Core,constructor,false,false,false,58,0,expected_environment_declaration,constructor declarations have no value body in this inventory
H19.Theorem19_13.storedSignedSequenceFirstTwoTailReflectorFacts.mk,NumStability.Source.Higham.Chapter19.Core,constructor,false,false,false,59,0,expected_environment_declaration,constructor declarations have no value body in this inventory
H19.Theorem19_13.storedSignedSequenceFirstTwoReflectorData.mk,NumStability.Source.Higham.Chapter19.Core,constructor,false,false,false,51,0,expected_environment_declaration,constructor declarations have no value body in this inventory
H19.Theorem19_13.storedSignedSequenceOneTailReflectorFacts.mk,NumStability.Source.Higham.Chapter19.Core,constructor,false,false,false,38,0,expected_environment_declaration,constructor declarations have no value body in this inventory
H19.Theorem19_10.GivensQRBackwardError,NumStability.Source.Higham.Chapter19.Core,inductive,false,false,false,3,0,expected_environment_declaration,inductive declarations have no value body in this inventory
H19.Theorem19_13.storedSignedSequenceOneTailFullStageFacts.rec,NumStability.Source.Higham.Chapter19.Core,recursor,false,false,false,42,0,expected_environment_declaration,recursor declarations have no value body in this inventory
H19.Theorem19_13.storedSignedSequenceOneTailNormalizedFacts.mk,NumStability.Source.Higham.Chapter19.Core,constructor,false,false,false,31,0,expected_environment_declaration,constructor declarations have no value body in this inventory
H19.Theorem19_13.storedSignedSequenceOneReflectorData.rec,NumStability.Source.Higham.Chapter19.Core,recursor,false,false,false,38,0,expected_environment_declaration,recursor declarations have no value body in this inventory
H19.Theorem19_13.storedSignedSequenceOneTailNormalizedFacts,NumStability.Source.Higham.Chapter19.Core,inductive,false,false,false,9,0,expected_environment_declaration,inductive declarations have no value body in this inventory
H19.Theorem19_13.storedSignedSequenceOneTailFullStageFacts.mk,NumStability.Source.Higham.Chapter19.Core,constructor,false,false,false,41,0,expected_environment_declaration,constructor declarations have no value body in this inventory
H19.Theorem19_10.GivensQRBackwardError.rec,NumStability.Source.Higham.Chapter19.Core,recursor,false,false,false,20,0,expected_environment_declaration,recursor declarations have no value body in this inventory
H19.Theorem19_13.sourceFaithfulHouseholderNormalization.mk,NumStability.Source.Higham.Chapter19.Core,constructor,false,false,false,22,0,expected_environment_declaration,constructor declarations have no value body in this inventory
H19.Theorem19_4.HouseholderQRComponentwiseBackwardError.mk,NumStability.Source.Higham.Chapter19.Core,constructor,false,false,false,27,0,expected_environment_declaration,constructor declarations have no value body in this inventory
H19.Theorem19_13.storedSignedSequenceFirstTwoTailNormalizedFacts,NumStability.Source.Higham.Chapter19.Core,inductive,false,false,false,9,0,expected_environment_declaration,inductive declarations have no value body in this inventory
H19.Theorem19_4.HouseholderQRBackwardError,NumStability.Source.Higham.Chapter19.Core,inductive,false,false,false,3,0,expected_environment_declaration,inductive declarations have no value body in this inventory
H19.Theorem19_13.storedSignedSequenceOneTailReflectorFacts.rec,NumStability.Source.Higham.Chapter19.Core,recursor,false,false,false,39,0,expected_environment_declaration,recursor declarations have no value body in this inventory
H19.Theorem19_13.storedSignedSequenceFirstTwoReflectorData,NumStability.Source.Higham.Chapter19.Core,inductive,false,false,false,9,0,expected_environment_declaration,inductive declarations have no value body in this inventory
H19.Theorem19_13.storedSignedSequenceFirstTwoTailNormalizedFacts.mk,NumStability.Source.Higham.Chapter19.Core,constructor,false,false,false,38,0,expected_environment_declaration,constructor declarations have no value body in this inventory
H19.Theorem19_13.storedSignedSequenceOneReflectorData,NumStability.Source.Higham.Chapter19.Core,inductive,false,false,false,9,0,expected_environment_declaration,inductive declarations have no value body in this inventory
H19.Theorem19_13.storedSignedSequenceOneTailFullStageFacts,NumStability.Source.Higham.Chapter19.Core,inductive,false,false,false,9,0,expected_environment_declaration,inductive declarations have no value body in this inventory
H19.Theorem19_13.storedSignedSequenceFirstTwoTailReflectorFacts.rec,NumStability.Source.Higham.Chapter19.Core,recursor,false,false,false,60,0,expected_environment_declaration,recursor declarations have no value body in this inventory
H19.Theorem19_13.storedSignedSequenceFirstTwoFullStageFacts.rec,NumStability.Source.Higham.Chapter19.Core,recursor,false,false,false,59,0,expected_environment_declaration,recursor declarations have no value body in this inventory
H19.Theorem19_4.HouseholderQRBackwardError.rec,NumStability.Source.Higham.Chapter19.Core,recursor,false,false,false,20,0,expected_environment_declaration,recursor declarations have no value body in this inventory
H19.Theorem19_13.storedSignedSequenceFirstTwoFullStageFacts,NumStability.Source.Higham.Chapter19.Core,inductive,false,false,false,9,0,expected_environment_declaration,inductive declarations have no value body in this inventory
H19.Theorem19_13.storedSignedSequenceFirstTwoTailReflectorFacts,NumStability.Source.Higham.Chapter19.Core,inductive,false,false,false,9,0,expected_environment_declaration,inductive declarations have no value body in this inventory
H19.Theorem19_13.storedSignedSequenceFirstTwoTailNormalizedFacts.rec,NumStability.Source.Higham.Chapter19.Core,recursor,false,false,false,39,0,expected_environment_declaration,recursor declarations have no value body in this inventory
H19.Theorem19_13.storedSignedSequenceOneTailNormalizedFacts.rec,NumStability.Source.Higham.Chapter19.Core,recursor,false,false,false,32,0,expected_environment_declaration,recursor declarations have no value body in this inventory
H19.Theorem19_13.storedSignedSequenceOneReflectorData.mk,NumStability.Source.Higham.Chapter19.Core,constructor,false,false,false,37,0,expected_environment_declaration,constructor declarations have no value body in this inventory
NumStability.RectMoorePenrosePseudoinverse.mk,NumStability.Algorithms.LinearSystems.Underdetermined.MinimumNorm.Pseudoinverse.UnderdeterminedSpec,constructor,false,false,false,7,0,expected_environment_declaration,constructor declarations have no value body in this inventory
NumStability.RectMoorePenrosePseudoinverse.rec,NumStability.Algorithms.LinearSystems.Underdetermined.MinimumNorm.Pseudoinverse.UnderdeterminedSpec,recursor,false,false,false,8,0,expected_environment_declaration,recursor declarations have no value body in this inventory
NumStability.RectMoorePenrosePseudoinverse,NumStability.Algorithms.LinearSystems.Underdetermined.MinimumNorm.Pseudoinverse.UnderdeterminedSpec,inductive,false,false,false,3,0,expected_environment_declaration,inductive declarations have no value body in this inventory
NumStability.RectMinNormSolution.rec,NumStability.Algorithms.LinearSystems.Underdetermined.MinimumNorm.Specifications.UnderdeterminedSpec,recursor,false,false,false,10,0,expected_environment_declaration,recursor declarations have no value body in this inventory
NumStability.MinNormSolution.mk,NumStability.Algorithms.LinearSystems.Underdetermined.MinimumNorm.Specifications.UnderdeterminedSpec,constructor,false,false,false,7,0,expected_environment_declaration,constructor declarations have no value body in this inventory
NumStability.RectMinNormSolution,NumStability.Algorithms.LinearSystems.Underdetermined.MinimumNorm.Specifications.UnderdeterminedSpec,inductive,false,false,false,3,0,expected_environment_declaration,inductive declarations have no value body in this inventory
NumStability.RectMinNormSolution.mk,NumStability.Algorithms.LinearSystems.Underdetermined.MinimumNorm.Specifications.UnderdeterminedSpec,constructor,false,false,false,9,0,expected_environment_declaration,constructor declarations have no value body in this inventory
NumStability.MinNormSolution,NumStability.Algorithms.LinearSystems.Underdetermined.MinimumNorm.Specifications.UnderdeterminedSpec,inductive,false,false,false,3,0,expected_environment_declaration,inductive declarations have no value body in this inventory
NumStability.MinNormSolution.rec,NumStability.Algorithms.LinearSystems.Underdetermined.MinimumNorm.Specifications.UnderdeterminedSpec,recursor,false,false,false,8,0,expected_environment_declaration,recursor declarations have no value body in this inventory
NumStability.WedinPerturbationBound,NumStability.Analysis.Perturbation.LeastSquares.Wedin,inductive,false,false,false,3,0,expected_environment_declaration,inductive declarations have no value body in this inventory
NumStability.WedinPerturbationBound.rec,NumStability.Analysis.Perturbation.LeastSquares.Wedin,recursor,false,false,false,31,0,expected_environment_declaration,recursor declarations have no value body in this inventory
NumStability.WedinPerturbationBound.mk,NumStability.Analysis.Perturbation.LeastSquares.Wedin,constructor,false,false,false,30,0,expected_environment_declaration,constructor declarations have no value body in this inventory
NumStability.StoredQRSourceOffDiagonalControl.mk,NumStability.Algorithms.LinearSystems.LeastSquares.StoredQR,constructor,false,false,false,49,0,expected_environment_declaration,constructor declarations have no value body in this inventory
NumStability.StoredQROffDiagonalControlInvariant.mk,NumStability.Algorithms.LinearSystems.LeastSquares.StoredQR,constructor,false,false,false,48,0,expected_environment_declaration,constructor declarations have no value body in this inventory
NumStability.StoredQRSourceOffDiagonalControl,NumStability.Algorithms.LinearSystems.LeastSquares.StoredQR,inductive,false,false,false,6,0,expected_environment_declaration,inductive declarations have no value body in this inventory
NumStability.StoredQROffDiagonalControlInvariant.rec,NumStability.Algorithms.LinearSystems.LeastSquares.StoredQR,recursor,false,false,false,49,0,expected_environment_declaration,recursor declarations have no value body in this inventory
NumStability.StoredQROffDiagonalControlInvariant,NumStability.Algorithms.LinearSystems.LeastSquares.StoredQR,inductive,false,false,false,6,0,expected_environment_declaration,inductive declarations have no value body in this inventory
NumStability.StoredQRSourceOffDiagonalControl.rec,NumStability.Algorithms.LinearSystems.LeastSquares.StoredQR,recursor,false,false,false,50,0,expected_environment_declaration,recursor declarations have no value body in this inventory
NumStability.Higham20AugmentedRefinementRun.mk,NumStability.Algorithms.LinearSystems.LeastSquares.Refinement,constructor,false,false,false,12,0,expected_environment_declaration,constructor declarations have no value body in this inventory
NumStability.Higham20DirectLSRefinementStep,NumStability.Algorithms.LinearSystems.LeastSquares.Refinement,inductive,false,false,false,3,0,expected_environment_declaration,inductive declarations have no value body in this inventory
NumStability.Higham20CorrectedSeminormalEquationsStep.mk,NumStability.Algorithms.LinearSystems.LeastSquares.Refinement,constructor,false,false,false,8,0,expected_environment_declaration,constructor declarations have no value body in this inventory
NumStability.Higham20AugmentedRefinementStep.rec,NumStability.Algorithms.LinearSystems.LeastSquares.Refinement,recursor,false,false,false,12,0,expected_environment_declaration,recursor declarations have no value body in this inventory
NumStability.Higham20SeminormalEquationsSolve.rec,NumStability.Algorithms.LinearSystems.LeastSquares.Refinement,recursor,false,false,false,15,0,expected_environment_declaration,recursor declarations have no value body in this inventory
NumStability.Higham20AugmentedRefinementStep,NumStability.Algorithms.LinearSystems.LeastSquares.Refinement,inductive,false,false,false,3,0,expected_environment_declaration,inductive declarations have no value body in this inventory
NumStability.Higham20SeminormalEquationsSolve,NumStability.Algorithms.LinearSystems.LeastSquares.Refinement,inductive,false,false,false,3,0,expected_environment_declaration,inductive declarations have no value body in this inventory
NumStability.Higham20DirectLSRefinementStep.mk,NumStability.Algorithms.LinearSystems.LeastSquares.Refinement,constructor,false,false,false,8,0,expected_environment_declaration,constructor declarations have no value body in this inventory
NumStability.Higham20AugmentedRefinementRun,NumStability.Algorithms.LinearSystems.LeastSquares.Refinement,inductive,false,false,false,3,0,expected_environment_declaration,inductive declarations have no value body in this inventory
NumStability.Higham20AugmentedRefinementStep.mk,NumStability.Algorithms.LinearSystems.LeastSquares.Refinement,constructor,false,false,false,11,0,expected_environment_declaration,constructor declarations have no value body in this inventory
NumStability.Higham20SeminormalEquationsSolve.mk,NumStability.Algorithms.LinearSystems.LeastSquares.Refinement,constructor,false,false,false,14,0,expected_environment_declaration,constructor declarations have no value body in this inventory
NumStability.Higham20DirectLSRefinementStep.rec,NumStability.Algorithms.LinearSystems.LeastSquares.Refinement,recursor,false,false,false,9,0,expected_environment_declaration,recursor declarations have no value body in this inventory
NumStability.Higham20DirectLSRefinementRun.rec,NumStability.Algorithms.LinearSystems.LeastSquares.Refinement,recursor,false,false,false,13,0,expected_environment_declaration,recursor declarations have no value body in this inventory
NumStability.Higham20CorrectedSeminormalEquationsStep.rec,NumStability.Algorithms.LinearSystems.LeastSquares.Refinement,recursor,false,false,false,9,0,expected_environment_declaration,recursor declarations have no value body in this inventory
NumStability.Higham20AugmentedRefinementRun.rec,NumStability.Algorithms.LinearSystems.LeastSquares.Refinement,recursor,false,false,false,13,0,expected_environment_declaration,recursor declarations have no value body in this inventory
NumStability.Higham20CorrectedSeminormalEquationsStep,NumStability.Algorithms.LinearSystems.LeastSquares.Refinement,inductive,false,false,false,3,0,expected_environment_declaration,inductive declarations have no value body in this inventory
NumStability.Higham20DirectLSRefinementRun,NumStability.Algorithms.LinearSystems.LeastSquares.Refinement,inductive,false,false,false,3,0,expected_environment_declaration,inductive declarations have no value body in this inventory
NumStability.Higham20DirectLSRefinementRun.mk,NumStability.Algorithms.LinearSystems.LeastSquares.Refinement,constructor,false,false,false,12,0,expected_environment_declaration,constructor declarations have no value body in this inventory
NumStability.GramProductError.mk,NumStability.Analysis.Perturbation.LeastSquares.NormalEquations,constructor,false,false,false,18,0,expected_environment_declaration,constructor declarations have no value body in this inventory
NumStability.GramConditionSquared.rec,NumStability.Analysis.Perturbation.LeastSquares.NormalEquations,recursor,false,false,false,14,0,expected_environment_declaration,recursor declarations have no value body in this inventory
NumStability.GramVecError,NumStability.Analysis.Perturbation.LeastSquares.NormalEquations,inductive,false,false,false,3,0,expected_environment_declaration,inductive declarations have no value body in this inventory
NumStability.GramConditionSquared.mk,NumStability.Analysis.Perturbation.LeastSquares.NormalEquations,constructor,false,false,false,13,0,expected_environment_declaration,constructor declarations have no value body in this inventory
NumStability.GramVecError.mk,NumStability.Analysis.Perturbation.LeastSquares.NormalEquations,constructor,false,false,false,18,0,expected_environment_declaration,constructor declarations have no value body in this inventory
NumStability.GramVecError.rec,NumStability.Analysis.Perturbation.LeastSquares.NormalEquations,recursor,false,false,false,19,0,expected_environment_declaration,recursor declarations have no value body in this inventory
NumStability.GramProductError,NumStability.Analysis.Perturbation.LeastSquares.NormalEquations,inductive,false,false,false,3,0,expected_environment_declaration,inductive declarations have no value body in this inventory
NumStability.GramProductError.rec,NumStability.Analysis.Perturbation.LeastSquares.NormalEquations,recursor,false,false,false,19,0,expected_environment_declaration,recursor declarations have no value body in this inventory
NumStability.GramConditionSquared,NumStability.Analysis.Perturbation.LeastSquares.NormalEquations,inductive,false,false,false,2,0,expected_environment_declaration,inductive declarations have no value body in this inventory
NumStability.LSAugmentedPerturbation,NumStability.Analysis.Perturbation.LeastSquares.Basic,inductive,false,false,false,3,0,expected_environment_declaration,inductive declarations have no value body in this inventory
NumStability.LSAugmentedPerturbation.mk,NumStability.Analysis.Perturbation.LeastSquares.Basic,constructor,false,false,false,19,0,expected_environment_declaration,constructor declarations have no value body in this inventory
NumStability.LSAugmentedPerturbation.rec,NumStability.Analysis.Perturbation.LeastSquares.Basic,recursor,false,false,false,20,0,expected_environment_declaration,recursor declarations have no value body in this inventory
NumStability.LSQRSolveBackwardError.mk,NumStability.Analysis.Perturbation.LeastSquares.BackwardError,constructor,false,false,false,17,0,expected_environment_declaration,constructor declarations have no value body in this inventory
NumStability.LSQRSolveBackwardError,NumStability.Analysis.Perturbation.LeastSquares.BackwardError,inductive,false,false,false,3,0,expected_environment_declaration,inductive declarations have no value body in this inventory
NumStability.LSQRSolveBackwardError.rec,NumStability.Analysis.Perturbation.LeastSquares.BackwardError,recursor,false,false,false,18,0,expected_environment_declaration,recursor declarations have no value body in this inventory
NumStability.ComplexMatrixFixedUnitaryInvariantNorm,NumStability.Analysis.MatrixNorms.UnitarilyInvariant,inductive,false,false,false,1,0,expected_environment_declaration,inductive declarations have no value body in this inventory
NumStability.ComplexMatrixFixedUnitaryInvariantNorm.mk,NumStability.Analysis.MatrixNorms.UnitarilyInvariant,constructor,false,false,false,50,0,expected_environment_declaration,constructor declarations have no value body in this inventory
NumStability.ComplexMatrixFixedUnitaryInvariantNorm.rec,NumStability.Analysis.MatrixNorms.UnitarilyInvariant,recursor,false,false,false,51,0,expected_environment_declaration,recursor declarations have no value body in this inventory
NumStability.ComplexMatrixOperatorIdealNormFamily.mk,NumStability.Analysis.MatrixNorms.UnitarilyInvariant,constructor,false,false,false,14,0,expected_environment_declaration,constructor declarations have no value body in this inventory
NumStability.ComplexMatrixOperatorIdealNormFamily.rec,NumStability.Analysis.MatrixNorms.UnitarilyInvariant,recursor,false,false,false,15,0,expected_environment_declaration,recursor declarations have no value body in this inventory
NumStability.ComplexMatrixOperatorIdealNormFamily,NumStability.Analysis.MatrixNorms.UnitarilyInvariant,inductive,false,false,false,0,0,expected_environment_declaration,inductive declarations have no value body in this inventory
NumStability.ComplexMatrixFixedOperatorIdealNorm,NumStability.Analysis.MatrixNorms.UnitarilyInvariant,inductive,false,false,false,1,0,expected_environment_declaration,inductive declarations have no value body in this inventory
NumStability.ComplexMatrixFixedOperatorIdealNorm.mk,NumStability.Analysis.MatrixNorms.UnitarilyInvariant,constructor,false,false,false,14,0,expected_environment_declaration,constructor declarations have no value body in this inventory
NumStability.ComplexMatrixFixedOperatorIdealNorm.rec,NumStability.Analysis.MatrixNorms.UnitarilyInvariant,recursor,false,false,false,15,0,expected_environment_declaration,recursor declarations have no value body in this inventory
NumStability.StoredQRDisplayedRowBudgetControl.mk,NumStability.Source.Higham.Chapter20.Theorem03.QRSolve,constructor,false,false,false,24,0,expected_environment_declaration,constructor declarations have no value body in this inventory
NumStability.StoredQRDisplayedRowBudgetControl.rec,NumStability.Source.Higham.Chapter20.Theorem03.QRSolve,recursor,false,false,false,25,0,expected_environment_declaration,recursor declarations have no value body in this inventory
NumStability.StoredQRDisplayedRowBudgetControl,NumStability.Source.Higham.Chapter20.Theorem03.QRSolve,inductive,false,false,false,12,0,expected_environment_declaration,inductive declarations have no value body in this inventory
NumStability.DoolittleLU.mk,NumStability.Algorithms.LinearSystems.LU.Doolittle.Basic,constructor,false,false,false,38,0,expected_environment_declaration,constructor declarations have no value body in this inventory
NumStability.DoolittleLU,NumStability.Algorithms.LinearSystems.LU.Doolittle.Basic,inductive,false,false,false,4,0,expected_environment_declaration,inductive declarations have no value body in this inventory
NumStability.DoolittleLU.rec,NumStability.Algorithms.LinearSystems.LU.Doolittle.Basic,recursor,false,false,false,39,0,expected_environment_declaration,recursor declarations have no value body in this inventory
NumStability.DoolittleDenseLoopAbsBudgetCertificate.mk,NumStability.Algorithms.LinearSystems.LU.Doolittle.Certificates,constructor,false,false,false,35,0,expected_environment_declaration,constructor declarations have no value body in this inventory
NumStability.DoolittleDenseLoopCertificate.rec,NumStability.Algorithms.LinearSystems.LU.Doolittle.Certificates,recursor,false,false,false,36,0,expected_environment_declaration,recursor declarations have no value body in this inventory
NumStability.DoolittleDenseLoopCertificate.mk,NumStability.Algorithms.LinearSystems.LU.Doolittle.Certificates,constructor,false,false,false,35,0,expected_environment_declaration,constructor declarations have no value body in this inventory
NumStability.DoolittleDenseLoopAbsBudgetCertificate,NumStability.Algorithms.LinearSystems.LU.Doolittle.Certificates,inductive,false,false,false,4,0,expected_environment_declaration,inductive declarations have no value body in this inventory
NumStability.DoolittleDenseLoopCertificate,NumStability.Algorithms.LinearSystems.LU.Doolittle.Certificates,inductive,false,false,false,4,0,expected_environment_declaration,inductive declarations have no value body in this inventory
NumStability.DoolittleDenseLoopAbsBudgetCertificate.rec,NumStability.Algorithms.LinearSystems.LU.Doolittle.Certificates,recursor,false,false,false,36,0,expected_environment_declaration,recursor declarations have no value body in this inventory
NumStability.UndetRowwiseBackwardErrorFeasible.rec,NumStability.Algorithms.LinearSystems.Underdetermined.BackwardError.Rowwise.UnderdeterminedSolve,recursor,false,false,false,18,0,expected_environment_declaration,recursor declarations have no value body in this inventory
NumStability.UndetRowwiseBackwardErrorFeasible.mk,NumStability.Algorithms.LinearSystems.Underdetermined.BackwardError.Rowwise.UnderdeterminedSolve,constructor,false,false,false,17,0,expected_environment_declaration,constructor declarations have no value body in this inventory
NumStability.UndetRowwiseBackwardErrorFeasible,NumStability.Algorithms.LinearSystems.Underdetermined.BackwardError.Rowwise.UnderdeterminedSolve,inductive,false,false,false,3,0,expected_environment_declaration,inductive declarations have no value body in this inventory
NumStability.QMethodBackwardStable.rec,NumStability.Source.Higham.Chapter21.Theorem04.HouseholderQMethod.UnderdeterminedSolve,recursor,false,false,false,18,0,expected_environment_declaration,recursor declarations have no value body in this inventory
NumStability.QMethodBackwardStable,NumStability.Source.Higham.Chapter21.Theorem04.HouseholderQMethod.UnderdeterminedSolve,inductive,false,false,false,3,0,expected_environment_declaration,inductive declarations have no value body in this inventory
NumStability.QMethodBackwardStable.mk,NumStability.Source.Higham.Chapter21.Theorem04.HouseholderQMethod.UnderdeterminedSolve,constructor,false,false,false,17,0,expected_environment_declaration,constructor declarations have no value body in this inventory
NumStability.KielbasinskiSchwetlickUndet.rec,NumStability.Source.Higham.Chapter21.Lemma02.Symmetrization.UnderdeterminedSpec,recursor,false,false,false,24,0,expected_environment_declaration,recursor declarations have no value body in this inventory
NumStability.KielbasinskiSchwetlickUndet.mk,NumStability.Source.Higham.Chapter21.Lemma02.Symmetrization.UnderdeterminedSpec,constructor,false,false,false,23,0,expected_environment_declaration,constructor declarations have no value body in this inventory
NumStability.KielbasinskiSchwetlickUndet,NumStability.Source.Higham.Chapter21.Lemma02.Symmetrization.UnderdeterminedSpec,inductive,false,false,false,3,0,expected_environment_declaration,inductive declarations have no value body in this inventory
NumStability.DemmelHighamPerturbation.rec,NumStability.Source.Higham.Chapter21.Theorem01.ComponentwisePerturbation.UnderdeterminedSpec,recursor,false,false,false,23,0,expected_environment_declaration,recursor declarations have no value body in this inventory
NumStability.DemmelHighamPerturbation.mk,NumStability.Source.Higham.Chapter21.Theorem01.ComponentwisePerturbation.UnderdeterminedSpec,constructor,false,false,false,22,0,expected_environment_declaration,constructor declarations have no value body in this inventory
NumStability.DemmelHighamPerturbation,NumStability.Source.Higham.Chapter21.Theorem01.ComponentwisePerturbation.UnderdeterminedSpec,inductive,false,false,false,3,0,expected_environment_declaration,inductive declarations have no value body in this inventory
NumStability.GQRAQTallCase,NumStability.Algorithms.LinearSystems.LeastSquares.Equality.GQR,inductive,false,false,false,6,0,expected_environment_declaration,inductive declarations have no value body in this inventory
NumStability.GQRAQTallAssocCase,NumStability.Algorithms.LinearSystems.LeastSquares.Equality.GQR,inductive,false,false,false,6,0,expected_environment_declaration,inductive declarations have no value body in this inventory
NumStability.GQRAQWideAssocCase.rec,NumStability.Algorithms.LinearSystems.LeastSquares.Equality.GQR,recursor,false,false,false,11,0,expected_environment_declaration,recursor declarations have no value body in this inventory
NumStability.GQRAQTallAssocCase.mk,NumStability.Algorithms.LinearSystems.LeastSquares.Equality.GQR,constructor,false,false,false,10,0,expected_environment_declaration,constructor declarations have no value body in this inventory
NumStability.GQRAQTallCase.mk,NumStability.Algorithms.LinearSystems.LeastSquares.Equality.GQR,constructor,false,false,false,10,0,expected_environment_declaration,constructor declarations have no value body in this inventory
NumStability.GQRAQTallCase.rec,NumStability.Algorithms.LinearSystems.LeastSquares.Equality.GQR,recursor,false,false,false,11,0,expected_environment_declaration,recursor declarations have no value body in this inventory
NumStability.GeneralizedQRFactorization.rec,NumStability.Algorithms.LinearSystems.LeastSquares.Equality.GQR,recursor,false,false,false,16,0,expected_environment_declaration,recursor declarations have no value body in this inventory
NumStability.GQRAQWideCase.rec,NumStability.Algorithms.LinearSystems.LeastSquares.Equality.GQR,recursor,false,false,false,11,0,expected_environment_declaration,recursor declarations have no value body in this inventory
NumStability.GeneralizedQRFactorization.mk,NumStability.Algorithms.LinearSystems.LeastSquares.Equality.GQR,constructor,false,false,false,15,0,expected_environment_declaration,constructor declarations have no value body in this inventory
NumStability.GQRAQWideAssocCase.mk,NumStability.Algorithms.LinearSystems.LeastSquares.Equality.GQR,constructor,false,false,false,10,0,expected_environment_declaration,constructor declarations have no value body in this inventory
NumStability.GQRAQWideAssocCase,NumStability.Algorithms.LinearSystems.LeastSquares.Equality.GQR,inductive,false,false,false,6,0,expected_environment_declaration,inductive declarations have no value body in this inventory
NumStability.GQRAQTallAssocCase.rec,NumStability.Algorithms.LinearSystems.LeastSquares.Equality.GQR,recursor,false,false,false,11,0,expected_environment_declaration,recursor declarations have no value body in this inventory
NumStability.GQRAQWideCase,NumStability.Algorithms.LinearSystems.LeastSquares.Equality.GQR,inductive,false,false,false,6,0,expected_environment_declaration,inductive declarations have no value body in this inventory
NumStability.GeneralizedQRFactorization,NumStability.Algorithms.LinearSystems.LeastSquares.Equality.GQR,inductive,false,false,false,6,0,expected_environment_declaration,inductive declarations have no value body in this inventory
NumStability.GQRAQWideCase.mk,NumStability.Algorithms.LinearSystems.LeastSquares.Equality.GQR,constructor,false,false,false,10,0,expected_environment_declaration,constructor declarations have no value body in this inventory
NumStability.BlockLUFactSpec.mk,NumStability.Algorithms.LinearSystems.LU.BlockLU.Factorization,constructor,false,false,false,17,0,expected_environment_declaration,constructor declarations have no value body in this inventory
NumStability.BlockLUFactSpec.rec,NumStability.Algorithms.LinearSystems.LU.BlockLU.Factorization,recursor,false,false,false,18,0,expected_environment_declaration,recursor declarations have no value body in this inventory
NumStability.BlockLUFactSpec,NumStability.Algorithms.LinearSystems.LU.BlockLU.Factorization,inductive,false,false,false,3,0,expected_environment_declaration,inductive declarations have no value body in this inventory
NumStability.BlockLUBackwardError.rec,NumStability.Algorithms.LinearSystems.LU.BlockLU.FactorizationError,recursor,false,false,false,28,0,expected_environment_declaration,recursor declarations have no value body in this inventory
NumStability.BlockLUBackwardError.mk,NumStability.Algorithms.LinearSystems.LU.BlockLU.FactorizationError,constructor,false,false,false,27,0,expected_environment_declaration,constructor declarations have no value body in this inventory
NumStability.BlockLUBackwardError,NumStability.Algorithms.LinearSystems.LU.BlockLU.FactorizationError,inductive,false,false,false,7,0,expected_environment_declaration,inductive declarations have no value body in this inventory
NumStability.RoundoffFamily.mk,NumStability.Analysis.FirstOrder.AsymptoticFamilies,constructor,false,false,false,15,0,expected_environment_declaration,constructor declarations have no value body in this inventory
NumStability.RoundoffFamily.rec,NumStability.Analysis.FirstOrder.AsymptoticFamilies,recursor,false,false,false,16,0,expected_environment_declaration,recursor declarations have no value body in this inventory
NumStability.RoundoffFamily,NumStability.Analysis.FirstOrder.AsymptoticFamilies,inductive,false,false,false,1,0,expected_environment_declaration,inductive declarations have no value body in this inventory
NumStability.Higham13LocalLUFamilySpec.mk,NumStability.Algorithms.LinearSystems.LU.BlockLU.FirstOrderFamilies,constructor,false,false,false,26,0,expected_environment_declaration,constructor declarations have no value body in this inventory
NumStability.Higham13LocalLUFamilySpec,NumStability.Algorithms.LinearSystems.LU.BlockLU.FirstOrderFamilies,inductive,false,false,false,10,0,expected_environment_declaration,inductive declarations have no value body in this inventory
NumStability.Higham13SubtractionFamilySpec,NumStability.Algorithms.LinearSystems.LU.BlockLU.FirstOrderFamilies,inductive,false,false,false,10,0,expected_environment_declaration,inductive declarations have no value body in this inventory
NumStability.Higham13SubtractionFamilySpec.mk,NumStability.Algorithms.LinearSystems.LU.BlockLU.FirstOrderFamilies,constructor,false,false,false,27,0,expected_environment_declaration,constructor declarations have no value body in this inventory
NumStability.Higham13MatMulFamilySpec.rec,NumStability.Algorithms.LinearSystems.LU.BlockLU.FirstOrderFamilies,recursor,false,false,false,27,0,expected_environment_declaration,recursor declarations have no value body in this inventory
NumStability.Higham13BlockSolveFamilySpec,NumStability.Algorithms.LinearSystems.LU.BlockLU.FirstOrderFamilies,inductive,false,false,false,10,0,expected_environment_declaration,inductive declarations have no value body in this inventory
NumStability.Higham13DiagonalBlockSolveFamilySpec,NumStability.Algorithms.LinearSystems.LU.BlockLU.FirstOrderFamilies,inductive,false,false,false,10,0,expected_environment_declaration,inductive declarations have no value body in this inventory
NumStability.Higham13MatMulFamilySpec,NumStability.Algorithms.LinearSystems.LU.BlockLU.FirstOrderFamilies,inductive,false,false,false,10,0,expected_environment_declaration,inductive declarations have no value body in this inventory
NumStability.Higham13TriangularSolveFamilySpec,NumStability.Algorithms.LinearSystems.LU.BlockLU.FirstOrderFamilies,inductive,false,false,false,10,0,expected_environment_declaration,inductive declarations have no value body in this inventory
NumStability.Higham13TriangularSolveFamilySpec.mk,NumStability.Algorithms.LinearSystems.LU.BlockLU.FirstOrderFamilies,constructor,false,false,false,27,0,expected_environment_declaration,constructor declarations have no value body in this inventory
NumStability.Higham13BlockSolveFamilySpec.mk,NumStability.Algorithms.LinearSystems.LU.BlockLU.FirstOrderFamilies,constructor,false,false,false,27,0,expected_environment_declaration,constructor declarations have no value body in this inventory
NumStability.Higham13DiagonalBlockSolveFamilySpec.mk,NumStability.Algorithms.LinearSystems.LU.BlockLU.FirstOrderFamilies,constructor,false,false,false,26,0,expected_environment_declaration,constructor declarations have no value body in this inventory
NumStability.Higham13TriangularSolveFamilySpec.rec,NumStability.Algorithms.LinearSystems.LU.BlockLU.FirstOrderFamilies,recursor,false,false,false,28,0,expected_environment_declaration,recursor declarations have no value body in this inventory
NumStability.Higham13LocalLUFamilySpec.rec,NumStability.Algorithms.LinearSystems.LU.BlockLU.FirstOrderFamilies,recursor,false,false,false,27,0,expected_environment_declaration,recursor declarations have no value body in this inventory
NumStability.Higham13SubtractionFamilySpec.rec,NumStability.Algorithms.LinearSystems.LU.BlockLU.FirstOrderFamilies,recursor,false,false,false,28,0,expected_environment_declaration,recursor declarations have no value body in this inventory
NumStability.Higham13MatMulFamilySpec.mk,NumStability.Algorithms.LinearSystems.LU.BlockLU.FirstOrderFamilies,constructor,false,false,false,26,0,expected_environment_declaration,constructor declarations have no value body in this inventory
NumStability.Higham13RightTriangularSolveFamilySpec,NumStability.Algorithms.LinearSystems.LU.BlockLU.FirstOrderFamilies,inductive,false,false,false,10,0,expected_environment_declaration,inductive declarations have no value body in this inventory
NumStability.Higham13BlockSolveFamilySpec.rec,NumStability.Algorithms.LinearSystems.LU.BlockLU.FirstOrderFamilies,recursor,false,false,false,28,0,expected_environment_declaration,recursor declarations have no value body in this inventory
NumStability.Higham13DiagonalBlockSolveFamilySpec.rec,NumStability.Algorithms.LinearSystems.LU.BlockLU.FirstOrderFamilies,recursor,false,false,false,27,0,expected_environment_declaration,recursor declarations have no value body in this inventory
NumStability.Higham13RightTriangularSolveFamilySpec.mk,NumStability.Algorithms.LinearSystems.LU.BlockLU.FirstOrderFamilies,constructor,false,false,false,27,0,expected_environment_declaration,constructor declarations have no value body in this inventory
NumStability.Higham13RightTriangularSolveFamilySpec.rec,NumStability.Algorithms.LinearSystems.LU.BlockLU.FirstOrderFamilies,recursor,false,false,false,28,0,expected_environment_declaration,recursor declarations have no value body in this inventory
NumStability.MatMulFirstOrderSpec.rec,NumStability.Algorithms.LinearSystems.LU.BlockLU.FirstOrderModels,recursor,false,false,false,15,0,expected_environment_declaration,recursor declarations have no value body in this inventory
NumStability.TriangularSolveFirstOrderSpec,NumStability.Algorithms.LinearSystems.LU.BlockLU.FirstOrderModels,inductive,false,false,false,3,0,expected_environment_declaration,inductive declarations have no value body in this inventory
NumStability.LocalLUFirstOrderSpec,NumStability.Algorithms.LinearSystems.LU.BlockLU.FirstOrderModels,inductive,false,false,false,3,0,expected_environment_declaration,inductive declarations have no value body in this inventory
NumStability.DiagonalBlockSolveFirstOrderSpec.mk,NumStability.Algorithms.LinearSystems.LU.BlockLU.FirstOrderModels,constructor,false,false,false,14,0,expected_environment_declaration,constructor declarations have no value body in this inventory
NumStability.BlockSolveFirstOrderSpec,NumStability.Algorithms.LinearSystems.LU.BlockLU.FirstOrderModels,inductive,false,false,false,3,0,expected_environment_declaration,inductive declarations have no value body in this inventory
NumStability.RightTriangularSolveFirstOrderSpec,NumStability.Algorithms.LinearSystems.LU.BlockLU.FirstOrderModels,inductive,false,false,false,3,0,expected_environment_declaration,inductive declarations have no value body in this inventory
NumStability.PartitionedLUFirstOrderSpec.mk,NumStability.Algorithms.LinearSystems.LU.BlockLU.FirstOrderModels,constructor,false,false,false,15,0,expected_environment_declaration,constructor declarations have no value body in this inventory
NumStability.RightTriangularSolveFirstOrderSpec.mk,NumStability.Algorithms.LinearSystems.LU.BlockLU.FirstOrderModels,constructor,false,false,false,14,0,expected_environment_declaration,constructor declarations have no value body in this inventory
NumStability.MatMulFirstOrderSpec,NumStability.Algorithms.LinearSystems.LU.BlockLU.FirstOrderModels,inductive,false,false,false,3,0,expected_environment_declaration,inductive declarations have no value body in this inventory
NumStability.RightTriangularSolveFirstOrderSpec.rec,NumStability.Algorithms.LinearSystems.LU.BlockLU.FirstOrderModels,recursor,false,false,false,15,0,expected_environment_declaration,recursor declarations have no value body in this inventory
NumStability.MatMulFirstOrderSpec.mk,NumStability.Algorithms.LinearSystems.LU.BlockLU.FirstOrderModels,constructor,false,false,false,14,0,expected_environment_declaration,constructor declarations have no value body in this inventory
NumStability.DiagonalBlockSolveFirstOrderSpec,NumStability.Algorithms.LinearSystems.LU.BlockLU.FirstOrderModels,inductive,false,false,false,3,0,expected_environment_declaration,inductive declarations have no value body in this inventory
NumStability.SubtractionFirstOrderSpec,NumStability.Algorithms.LinearSystems.LU.BlockLU.FirstOrderModels,inductive,false,false,false,2,0,expected_environment_declaration,inductive declarations have no value body in this inventory
NumStability.SubtractionFirstOrderSpec.mk,NumStability.Algorithms.LinearSystems.LU.BlockLU.FirstOrderModels,constructor,false,false,false,17,0,expected_environment_declaration,constructor declarations have no value body in this inventory
NumStability.DiagonalBlockSolveFirstOrderSpec.rec,NumStability.Algorithms.LinearSystems.LU.BlockLU.FirstOrderModels,recursor,false,false,false,15,0,expected_environment_declaration,recursor declarations have no value body in this inventory
NumStability.TriangularSolveFirstOrderSpec.mk,NumStability.Algorithms.LinearSystems.LU.BlockLU.FirstOrderModels,constructor,false,false,false,14,0,expected_environment_declaration,constructor declarations have no value body in this inventory
NumStability.LocalLUFirstOrderSpec.mk,NumStability.Algorithms.LinearSystems.LU.BlockLU.FirstOrderModels,constructor,false,false,false,14,0,expected_environment_declaration,constructor declarations have no value body in this inventory
NumStability.BlockSolveFirstOrderSpec.mk,NumStability.Algorithms.LinearSystems.LU.BlockLU.FirstOrderModels,constructor,false,false,false,14,0,expected_environment_declaration,constructor declarations have no value body in this inventory
NumStability.LocalLUFirstOrderSpec.rec,NumStability.Algorithms.LinearSystems.LU.BlockLU.FirstOrderModels,recursor,false,false,false,15,0,expected_environment_declaration,recursor declarations have no value body in this inventory
NumStability.BlockSolveFirstOrderSpec.rec,NumStability.Algorithms.LinearSystems.LU.BlockLU.FirstOrderModels,recursor,false,false,false,15,0,expected_environment_declaration,recursor declarations have no value body in this inventory
NumStability.TriangularSolveFirstOrderSpec.rec,NumStability.Algorithms.LinearSystems.LU.BlockLU.FirstOrderModels,recursor,false,false,false,15,0,expected_environment_declaration,recursor declarations have no value body in this inventory
NumStability.PartitionedLUFirstOrderSpec.rec,NumStability.Algorithms.LinearSystems.LU.BlockLU.FirstOrderModels,recursor,false,false,false,16,0,expected_environment_declaration,recursor declarations have no value body in this inventory
NumStability.PartitionedLUFirstOrderSpec,NumStability.Algorithms.LinearSystems.LU.BlockLU.FirstOrderModels,inductive,false,false,false,3,0,expected_environment_declaration,inductive declarations have no value body in this inventory
NumStability.SubtractionFirstOrderSpec.rec,NumStability.Algorithms.LinearSystems.LU.BlockLU.FirstOrderModels,recursor,false,false,false,18,0,expected_environment_declaration,recursor declarations have no value body in this inventory
NumStability.Higham13VaryingBlockLUFactSpec,NumStability.Algorithms.LinearSystems.LU.BlockLU.VaryingBlocks.Basic,inductive,false,false,false,5,0,expected_environment_declaration,inductive declarations have no value body in this inventory
NumStability.Higham13VaryingBlockLUFactSpec.rec,NumStability.Algorithms.LinearSystems.LU.BlockLU.VaryingBlocks.Basic,recursor,false,false,false,19,0,expected_environment_declaration,recursor declarations have no value body in this inventory
NumStability.Higham13VaryingBlockLUFactSpec.mk,NumStability.Algorithms.LinearSystems.LU.BlockLU.VaryingBlocks.Basic,constructor,false,false,false,18,0,expected_environment_declaration,constructor declarations have no value body in this inventory
NumStability.HouseholderConstruction2Error.rec,NumStability.Algorithms.LinearSystems.QR.HouseholderConstruction2,recursor,false,false,false,33,0,expected_environment_declaration,recursor declarations have no value body in this inventory
NumStability.HouseholderConstruction2Error.mk,NumStability.Algorithms.LinearSystems.QR.HouseholderConstruction2,constructor,false,false,false,32,0,expected_environment_declaration,constructor declarations have no value body in this inventory
NumStability.HouseholderConstruction2Error,NumStability.Algorithms.LinearSystems.QR.HouseholderConstruction2,inductive,false,false,false,8,0,expected_environment_declaration,inductive declarations have no value body in this inventory
NumStability.HouseholderQRPanelApplyQFixedAccumulationCertificate.rec,NumStability.Algorithms.LinearSystems.QR.HouseholderQApply,recursor,false,false,false,11,0,expected_environment_declaration,recursor declarations have no value body in this inventory
NumStability.HouseholderQRPanelApplyQFixedAccumulationCertificate,NumStability.Algorithms.LinearSystems.QR.HouseholderQApply,inductive,false,false,false,4,0,expected_environment_declaration,inductive declarations have no value body in this inventory
NumStability.HouseholderQRPanelApplyQFixedAccumulationCertificate.mk,NumStability.Algorithms.LinearSystems.QR.HouseholderQApply,constructor,false,false,false,10,0,expected_environment_declaration,constructor declarations have no value body in this inventory
NumStability.BlockLDLTSpec,NumStability.Algorithms.LinearSystems.SymmetricIndefinite.ErrorAnalysis.BlockLDLT,inductive,false,false,false,3,0,expected_environment_declaration,inductive declarations have no value body in this inventory
NumStability.BlockLDLTBackwardError.mk,NumStability.Algorithms.LinearSystems.SymmetricIndefinite.ErrorAnalysis.BlockLDLT,constructor,false,false,false,30,0,expected_environment_declaration,constructor declarations have no value body in this inventory
NumStability.PivotSize.one,NumStability.Algorithms.LinearSystems.SymmetricIndefinite.ErrorAnalysis.BlockLDLT,constructor,false,false,false,1,0,expected_environment_declaration,constructor declarations have no value body in this inventory
NumStability.BunchKaufmanCase.rec,NumStability.Algorithms.LinearSystems.SymmetricIndefinite.ErrorAnalysis.BlockLDLT,recursor,false,false,false,6,0,expected_environment_declaration,recursor declarations have no value body in this inventory
NumStability.BunchKaufmanCase.case3,NumStability.Algorithms.LinearSystems.SymmetricIndefinite.ErrorAnalysis.BlockLDLT,constructor,false,false,false,1,0,expected_environment_declaration,constructor declarations have no value body in this inventory
NumStability.BunchKaufmanCase.noAction,NumStability.Algorithms.LinearSystems.SymmetricIndefinite.ErrorAnalysis.BlockLDLT,constructor,false,false,false,1,0,expected_environment_declaration,constructor declarations have no value body in this inventory
NumStability.AasenSpec.mk,NumStability.Algorithms.LinearSystems.SymmetricIndefinite.ErrorAnalysis.BlockLDLT,constructor,false,false,false,24,0,expected_environment_declaration,constructor declarations have no value body in this inventory
NumStability.BlockLDLTBackwardError.rec,NumStability.Algorithms.LinearSystems.SymmetricIndefinite.ErrorAnalysis.BlockLDLT,recursor,false,false,false,31,0,expected_environment_declaration,recursor declarations have no value body in this inventory
NumStability.BunchKaufmanCase.case1,NumStability.Algorithms.LinearSystems.SymmetricIndefinite.ErrorAnalysis.BlockLDLT,constructor,false,false,false,1,0,expected_environment_declaration,constructor declarations have no value body in this inventory
NumStability.AasenSpec.rec,NumStability.Algorithms.LinearSystems.SymmetricIndefinite.ErrorAnalysis.BlockLDLT,recursor,false,false,false,25,0,expected_environment_declaration,recursor declarations have no value body in this inventory
NumStability.AasenSpec,NumStability.Algorithms.LinearSystems.SymmetricIndefinite.ErrorAnalysis.BlockLDLT,inductive,false,false,false,3,0,expected_environment_declaration,inductive declarations have no value body in this inventory
NumStability.PivotSize.two,NumStability.Algorithms.LinearSystems.SymmetricIndefinite.ErrorAnalysis.BlockLDLT,constructor,false,false,false,1,0,expected_environment_declaration,constructor declarations have no value body in this inventory
NumStability.BlockLDLTBackwardError,NumStability.Algorithms.LinearSystems.SymmetricIndefinite.ErrorAnalysis.BlockLDLT,inductive,false,false,false,3,0,expected_environment_declaration,inductive declarations have no value body in this inventory
NumStability.BlockLDLTSpec.mk,NumStability.Algorithms.LinearSystems.SymmetricIndefinite.ErrorAnalysis.BlockLDLT,constructor,false,false,false,22,0,expected_environment_declaration,constructor declarations have no value body in this inventory
NumStability.SkewBlockLDLTSpec,NumStability.Algorithms.LinearSystems.SymmetricIndefinite.ErrorAnalysis.BlockLDLT,inductive,false,false,false,3,0,expected_environment_declaration,inductive declarations have no value body in this inventory
NumStability.BunchKaufmanCase.case4,NumStability.Algorithms.LinearSystems.SymmetricIndefinite.ErrorAnalysis.BlockLDLT,constructor,false,false,false,1,0,expected_environment_declaration,constructor declarations have no value body in this inventory
NumStability.BunchKaufmanCase,NumStability.Algorithms.LinearSystems.SymmetricIndefinite.ErrorAnalysis.BlockLDLT,inductive,false,false,false,0,0,expected_environment_declaration,inductive declarations have no value body in this inventory
NumStability.BlockLDLTSpec.rec,NumStability.Algorithms.LinearSystems.SymmetricIndefinite.ErrorAnalysis.BlockLDLT,recursor,false,false,false,23,0,expected_environment_declaration,recursor declarations have no value body in this inventory
NumStability.SkewBlockLDLTSpec.mk,NumStability.Algorithms.LinearSystems.SymmetricIndefinite.ErrorAnalysis.BlockLDLT,constructor,false,false,false,23,0,expected_environment_declaration,constructor declarations have no value body in this inventory
NumStability.PivotSize.rec,NumStability.Algorithms.LinearSystems.SymmetricIndefinite.ErrorAnalysis.BlockLDLT,recursor,false,false,false,3,0,expected_environment_declaration,recursor declarations have no value body in this inventory
NumStability.BunchKaufmanCase.case2,NumStability.Algorithms.LinearSystems.SymmetricIndefinite.ErrorAnalysis.BlockLDLT,constructor,false,false,false,1,0,expected_environment_declaration,constructor declarations have no value body in this inventory
NumStability.SkewBlockLDLTSpec.rec,NumStability.Algorithms.LinearSystems.SymmetricIndefinite.ErrorAnalysis.BlockLDLT,recursor,false,false,false,24,0,expected_environment_declaration,recursor declarations have no value body in this inventory
NumStability.PivotSize,NumStability.Algorithms.LinearSystems.SymmetricIndefinite.ErrorAnalysis.BlockLDLT,inductive,false,false,false,0,0,expected_environment_declaration,inductive declarations have no value body in this inventory
NumStability.TridiagData.mk,NumStability.Algorithms.LU.TridiagonalRecurrence,constructor,false,false,false,4,0,expected_environment_declaration,constructor declarations have no value body in this inventory
NumStability.TridiagData.rec,NumStability.Algorithms.LU.TridiagonalRecurrence,recursor,false,false,false,5,0,expected_environment_declaration,recursor declarations have no value body in this inventory
NumStability.IsTridiagLU.rec,NumStability.Algorithms.LU.TridiagonalRecurrence,recursor,false,false,false,18,0,expected_environment_declaration,recursor declarations have no value body in this inventory
NumStability.TridiagData,NumStability.Algorithms.LU.TridiagonalRecurrence,inductive,false,false,false,1,0,expected_environment_declaration,inductive declarations have no value body in this inventory
NumStability.IsTridiagLU.mk,NumStability.Algorithms.LU.TridiagonalRecurrence,constructor,false,false,false,17,0,expected_environment_declaration,constructor declarations have no value body in this inventory
NumStability.IsTridiagLU,NumStability.Algorithms.LU.TridiagonalRecurrence,inductive,false,false,false,3,0,expected_environment_declaration,inductive declarations have no value body in this inventory
NumStability.higham9_7_PartialPivotGEPPUTrace.done,NumStability.Source.Higham.Chapter09.Section02,constructor,false,false,false,6,0,expected_environment_declaration,constructor declarations have no value body in this inventory
NumStability.higham9_7_PartialPivotNoInterchangeTrace.below.rec,NumStability.Source.Higham.Chapter09.Section02,recursor,false,false,false,22,0,expected_environment_declaration,recursor declarations have no value body in this inventory
NumStability.higham9_7_PartialPivotGEPPUTrace.rec,NumStability.Source.Higham.Chapter09.Section02,recursor,false,false,false,22,0,expected_environment_declaration,recursor declarations have no value body in this inventory
NumStability.higham9_2_RectDoolittleRoundedPrefixTrace,NumStability.Source.Higham.Chapter09.Section02,inductive,false,false,false,6,0,expected_environment_declaration,inductive declarations have no value body in this inventory
NumStability.higham9_7_PartialPivotNoInterchangeTrace.below.step,NumStability.Source.Higham.Chapter09.Section02,constructor,false,false,false,19,0,expected_environment_declaration,constructor declarations have no value body in this inventory
NumStability.higham9_2_RectDoolittleRoundedStageTrace.mk,NumStability.Source.Higham.Chapter09.Section02,constructor,false,false,false,19,0,expected_environment_declaration,constructor declarations have no value body in this inventory
NumStability.higham9_2_RectDoolittleRoundedStageTransition.rec,NumStability.Source.Higham.Chapter09.Section02,recursor,false,false,false,21,0,expected_environment_declaration,recursor declarations have no value body in this inventory
NumStability.higham9_7_PartialPivotNoInterchangeTrace.step,NumStability.Source.Higham.Chapter09.Section02,constructor,false,false,false,17,0,expected_environment_declaration,constructor declarations have no value body in this inventory
NumStability.higham9_2_RectDoolittleRoundedStageTransition.mk,NumStability.Source.Higham.Chapter09.Section02,constructor,false,false,false,20,0,expected_environment_declaration,constructor declarations have no value body in this inventory
NumStability.higham9_7_PartialPivotGEPPUTrace,NumStability.Source.Higham.Chapter09.Section02,inductive,false,false,false,3,0,expected_environment_declaration,inductive declarations have no value body in this inventory
NumStability.higham9_2_RectDoolittleRoundedPrefixTrace.mk,NumStability.Source.Higham.Chapter09.Section02,constructor,false,false,false,19,0,expected_environment_declaration,constructor declarations have no value body in this inventory
NumStability.higham9_7_PartialPivotNoInterchangeTrace.below,NumStability.Source.Higham.Chapter09.Section02,inductive,false,false,false,4,0,expected_environment_declaration,inductive declarations have no value body in this inventory
NumStability.higham9_7_PartialPivotGEPPUTrace.below.done,NumStability.Source.Higham.Chapter09.Section02,constructor,false,false,false,8,0,expected_environment_declaration,constructor declarations have no value body in this inventory
NumStability.higham9_7_PartialPivotNoInterchangeTrace.done,NumStability.Source.Higham.Chapter09.Section02,constructor,false,false,false,6,0,expected_environment_declaration,constructor declarations have no value body in this inventory
NumStability.higham9_7_PartialPivotGEPPUTrace.step,NumStability.Source.Higham.Chapter09.Section02,constructor,false,false,false,20,0,expected_environment_declaration,constructor declarations have no value body in this inventory
NumStability.higham9_2_RectDoolittleDenseLoopCertificate.rec,NumStability.Source.Higham.Chapter09.Section02,recursor,false,false,false,32,0,expected_environment_declaration,recursor declarations have no value body in this inventory
NumStability.higham9_7_PartialPivotGEPPUTrace.below.step,NumStability.Source.Higham.Chapter09.Section02,constructor,false,false,false,22,0,expected_environment_declaration,constructor declarations have no value body in this inventory
NumStability.higham9_7_PartialPivotGEPPUTrace.below,NumStability.Source.Higham.Chapter09.Section02,inductive,false,false,false,4,0,expected_environment_declaration,inductive declarations have no value body in this inventory
NumStability.higham9_2_RectDoolittleRoundedStageTrace.rec,NumStability.Source.Higham.Chapter09.Section02,recursor,false,false,false,20,0,expected_environment_declaration,recursor declarations have no value body in this inventory
NumStability.higham9_7_PartialPivotNoInterchangeTrace.below.done,NumStability.Source.Higham.Chapter09.Section02,constructor,false,false,false,8,0,expected_environment_declaration,constructor declarations have no value body in this inventory
NumStability.higham9_2_RectDoolittleDenseLoopCertificate.mk,NumStability.Source.Higham.Chapter09.Section02,constructor,false,false,false,31,0,expected_environment_declaration,constructor declarations have no value body in this inventory
NumStability.higham9_2_RectDoolittleRoundedStageTrace,NumStability.Source.Higham.Chapter09.Section02,inductive,false,false,false,6,0,expected_environment_declaration,inductive declarations have no value body in this inventory
NumStability.higham9_2_RectDoolittleRoundedPrefixTrace.rec,NumStability.Source.Higham.Chapter09.Section02,recursor,false,false,false,20,0,expected_environment_declaration,recursor declarations have no value body in this inventory
NumStability.higham9_2_RectDoolittleRoundedStageTransition,NumStability.Source.Higham.Chapter09.Section02,inductive,false,false,false,6,0,expected_environment_declaration,inductive declarations have no value body in this inventory
NumStability.higham9_2_RectDoolittleDenseLoopAbsBudgetCertificate.rec,NumStability.Source.Higham.Chapter09.Section02,recursor,false,false,false,32,0,expected_environment_declaration,recursor declarations have no value body in this inventory
NumStability.higham9_2_RectDoolittleDenseLoopCertificate,NumStability.Source.Higham.Chapter09.Section02,inductive,false,false,false,6,0,expected_environment_declaration,inductive declarations have no value body in this inventory
NumStability.higham9_7_PartialPivotNoInterchangeTrace.rec,NumStability.Source.Higham.Chapter09.Section02,recursor,false,false,false,19,0,expected_environment_declaration,recursor declarations have no value body in this inventory
NumStability.higham9_7_PartialPivotNoInterchangeTrace,NumStability.Source.Higham.Chapter09.Section02,inductive,false,false,false,3,0,expected_environment_declaration,inductive declarations have no value body in this inventory
NumStability.higham9_2_RectDoolittleDenseLoopAbsBudgetCertificate,NumStability.Source.Higham.Chapter09.Section02,inductive,false,false,false,6,0,expected_environment_declaration,inductive declarations have no value body in this inventory
NumStability.higham9_2_RectDoolittleDenseLoopAbsBudgetCertificate.mk,NumStability.Source.Higham.Chapter09.Section02,constructor,false,false,false,31,0,expected_environment_declaration,constructor declarations have no value body in this inventory
NumStability.higham9_7_PartialPivotGEPPUTrace.below.rec,NumStability.Source.Higham.Chapter09.Section02,recursor,false,false,false,25,0,expected_environment_declaration,recursor declarations have no value body in this inventory
NumStability.higham_problem9_14_RecursiveFirstMethodLUFactSpec.rec,NumStability.Source.Higham.Chapter09.Section04,recursor,false,false,false,37,0,expected_environment_declaration,recursor declarations have no value body in this inventory
NumStability.higham_problem9_14_RecursiveFirstMethodTrace.below,NumStability.Source.Higham.Chapter09.Section04,inductive,false,false,false,4,0,expected_environment_declaration,inductive declarations have no value body in this inventory
NumStability.higham_problem9_14_RecursiveFirstMethodTrace,NumStability.Source.Higham.Chapter09.Section04,inductive,false,false,false,3,0,expected_environment_declaration,inductive declarations have no value body in this inventory
NumStability.higham_problem9_14_RecursiveFirstMethodLUFactSpec.done,NumStability.Source.Higham.Chapter09.Section04,constructor,false,false,false,6,0,expected_environment_declaration,constructor declarations have no value body in this inventory
NumStability.higham_problem9_14_FirstMethodTrace.step,NumStability.Source.Higham.Chapter09.Section04,constructor,false,false,false,16,0,expected_environment_declaration,constructor declarations have no value body in this inventory
NumStability.higham_problem9_14_FirstMethodTrace.below.rec,NumStability.Source.Higham.Chapter09.Section04,recursor,false,false,false,21,0,expected_environment_declaration,recursor declarations have no value body in this inventory
NumStability.higham9_8_ComplexCompletePermutedLUFactSpec.mk,NumStability.Source.Higham.Chapter09.Section04,constructor,false,false,false,32,0,expected_environment_declaration,constructor declarations have no value body in this inventory
NumStability.higham_problem9_14_PairwiseBubbleTrace.init,NumStability.Source.Higham.Chapter09.Section04,constructor,false,false,false,10,0,expected_environment_declaration,constructor declarations have no value body in this inventory
NumStability.higham_problem9_14_RecursiveFirstMethodTrace.below.rec,NumStability.Source.Higham.Chapter09.Section04,recursor,false,false,false,35,0,expected_environment_declaration,recursor declarations have no value body in this inventory
NumStability.higham_problem9_14_FirstMethodTrace.below,NumStability.Source.Higham.Chapter09.Section04,inductive,false,false,false,9,0,expected_environment_declaration,inductive declarations have no value body in this inventory
NumStability.higham_problem9_14_PairwiseBubbleTrace,NumStability.Source.Higham.Chapter09.Section04,inductive,false,false,false,8,0,expected_environment_declaration,inductive declarations have no value body in this inventory
NumStability.higham_problem9_14_RecursiveFirstMethodTrace.below.done,NumStability.Source.Higham.Chapter09.Section04,constructor,false,false,false,8,0,expected_environment_declaration,constructor declarations have no value body in this inventory
NumStability.higham_problem9_14_RecursiveFirstMethodLUFactSpec.below.step,NumStability.Source.Higham.Chapter09.Section04,constructor,false,false,false,37,0,expected_environment_declaration,constructor declarations have no value body in this inventory
NumStability.higham_problem9_14_RecursivePairwiseLUFactSpec.done,NumStability.Source.Higham.Chapter09.Section04,constructor,false,false,false,6,0,expected_environment_declaration,constructor declarations have no value body in this inventory
NumStability.higham_problem9_14_RecursivePairwiseBubbleTrace.below.done,NumStability.Source.Higham.Chapter09.Section04,constructor,false,false,false,8,0,expected_environment_declaration,constructor declarations have no value body in this inventory
NumStability.higham_problem9_14_RecursivePairwiseLUFactSpec.rec,NumStability.Source.Higham.Chapter09.Section04,recursor,false,false,false,24,0,expected_environment_declaration,recursor declarations have no value body in this inventory
NumStability.higham_problem9_14_RecursivePairwiseBubbleTrace.below.rec,NumStability.Source.Higham.Chapter09.Section04,recursor,false,false,false,19,0,expected_environment_declaration,recursor declarations have no value body in this inventory
NumStability.higham_problem9_14_PairwiseBubbleTrace.step,NumStability.Source.Higham.Chapter09.Section04,constructor,false,false,false,16,0,expected_environment_declaration,constructor declarations have no value body in this inventory
NumStability.higham_problem9_14_RecursivePairwiseBubbleTrace.done,NumStability.Source.Higham.Chapter09.Section04,constructor,false,false,false,6,0,expected_environment_declaration,constructor declarations have no value body in this inventory
NumStability.higham_problem9_14_FirstMethodTrace.init,NumStability.Source.Higham.Chapter09.Section04,constructor,false,false,false,9,0,expected_environment_declaration,constructor declarations have no value body in this inventory
NumStability.higham_problem9_14_RecursiveFirstMethodTrace.step,NumStability.Source.Higham.Chapter09.Section04,constructor,false,false,false,30,0,expected_environment_declaration,constructor declarations have no value body in this inventory
NumStability.higham_problem9_14_RecursivePairwiseLUFactSpec,NumStability.Source.Higham.Chapter09.Section04,inductive,false,false,false,3,0,expected_environment_declaration,inductive declarations have no value body in this inventory
NumStability.higham_problem9_14_RecursivePairwiseBubbleTrace.below,NumStability.Source.Higham.Chapter09.Section04,inductive,false,false,false,4,0,expected_environment_declaration,inductive declarations have no value body in this inventory
NumStability.higham_problem9_14_RecursivePairwiseBubbleTrace.below.step,NumStability.Source.Higham.Chapter09.Section04,constructor,false,false,false,16,0,expected_environment_declaration,constructor declarations have no value body in this inventory
NumStability.higham_problem9_14_RecursivePairwiseLUFactSpec.step,NumStability.Source.Higham.Chapter09.Section04,constructor,false,false,false,22,0,expected_environment_declaration,constructor declarations have no value body in this inventory
NumStability.higham_problem9_14_PairwiseBubbleTrace.rec,NumStability.Source.Higham.Chapter09.Section04,recursor,false,false,false,19,0,expected_environment_declaration,recursor declarations have no value body in this inventory
NumStability.higham9_8_ComplexCompletePermutedLUFactSpec,NumStability.Source.Higham.Chapter09.Section04,inductive,false,false,false,3,0,expected_environment_declaration,inductive declarations have no value body in this inventory
NumStability.higham_problem9_14_FirstMethodTrace,NumStability.Source.Higham.Chapter09.Section04,inductive,false,false,false,8,0,expected_environment_declaration,inductive declarations have no value body in this inventory
NumStability.higham_problem9_14_RecursivePairwiseLUFactSpec.below.done,NumStability.Source.Higham.Chapter09.Section04,constructor,false,false,false,8,0,expected_environment_declaration,constructor declarations have no value body in this inventory
NumStability.higham_problem9_14_RecursiveFirstMethodLUFactSpec.below,NumStability.Source.Higham.Chapter09.Section04,inductive,false,false,false,4,0,expected_environment_declaration,inductive declarations have no value body in this inventory
NumStability.higham_problem9_14_RecursiveFirstMethodTrace.rec,NumStability.Source.Higham.Chapter09.Section04,recursor,false,false,false,32,0,expected_environment_declaration,recursor declarations have no value body in this inventory
NumStability.higham_problem9_14_PairwiseBubbleTrace.below.init,NumStability.Source.Higham.Chapter09.Section04,constructor,false,false,false,12,0,expected_environment_declaration,constructor declarations have no value body in this inventory
NumStability.higham_problem9_14_RecursiveFirstMethodLUFactSpec,NumStability.Source.Higham.Chapter09.Section04,inductive,false,false,false,3,0,expected_environment_declaration,inductive declarations have no value body in this inventory
NumStability.higham_problem9_14_RecursivePairwiseLUFactSpec.below.rec,NumStability.Source.Higham.Chapter09.Section04,recursor,false,false,false,27,0,expected_environment_declaration,recursor declarations have no value body in this inventory
NumStability.higham_problem9_14_RecursiveFirstMethodTrace.done,NumStability.Source.Higham.Chapter09.Section04,constructor,false,false,false,6,0,expected_environment_declaration,constructor declarations have no value body in this inventory
NumStability.higham_problem9_14_RecursiveFirstMethodLUFactSpec.below.rec,NumStability.Source.Higham.Chapter09.Section04,recursor,false,false,false,40,0,expected_environment_declaration,recursor declarations have no value body in this inventory
NumStability.higham_problem9_14_FirstMethodTrace.below.step,NumStability.Source.Higham.Chapter09.Section04,constructor,false,false,false,18,0,expected_environment_declaration,constructor declarations have no value body in this inventory
NumStability.higham9_8_ComplexCompletePermutedLUFactSpec.rec,NumStability.Source.Higham.Chapter09.Section04,recursor,false,false,false,33,0,expected_environment_declaration,recursor declarations have no value body in this inventory
NumStability.higham_problem9_14_FirstMethodTrace.rec,NumStability.Source.Higham.Chapter09.Section04,recursor,false,false,false,18,0,expected_environment_declaration,recursor declarations have no value body in this inventory
NumStability.higham_problem9_14_RecursiveFirstMethodLUFactSpec.below.done,NumStability.Source.Higham.Chapter09.Section04,constructor,false,false,false,8,0,expected_environment_declaration,constructor declarations have no value body in this inventory
NumStability.higham_problem9_14_RecursivePairwiseBubbleTrace,NumStability.Source.Higham.Chapter09.Section04,inductive,false,false,false,3,0,expected_environment_declaration,inductive declarations have no value body in this inventory
NumStability.higham9_8_ComplexLUFactSpec,NumStability.Source.Higham.Chapter09.Section04,inductive,false,false,false,3,0,expected_environment_declaration,inductive declarations have no value body in this inventory
NumStability.higham_problem9_14_RecursiveFirstMethodTrace.below.step,NumStability.Source.Higham.Chapter09.Section04,constructor,false,false,false,32,0,expected_environment_declaration,constructor declarations have no value body in this inventory
NumStability.higham_problem9_14_FirstMethodTrace.below.init,NumStability.Source.Higham.Chapter09.Section04,constructor,false,false,false,11,0,expected_environment_declaration,constructor declarations have no value body in this inventory
NumStability.higham_problem9_14_RecursivePairwiseLUFactSpec.below,NumStability.Source.Higham.Chapter09.Section04,inductive,false,false,false,4,0,expected_environment_declaration,inductive declarations have no value body in this inventory
NumStability.higham9_8_ComplexLUFactSpec.mk,NumStability.Source.Higham.Chapter09.Section04,constructor,false,false,false,30,0,expected_environment_declaration,constructor declarations have no value body in this inventory
NumStability.higham_problem9_14_PairwiseBubbleTrace.below.rec,NumStability.Source.Higham.Chapter09.Section04,recursor,false,false,false,22,0,expected_environment_declaration,recursor declarations have no value body in this inventory
NumStability.higham_problem9_14_RecursivePairwiseBubbleTrace.step,NumStability.Source.Higham.Chapter09.Section04,constructor,false,false,false,14,0,expected_environment_declaration,constructor declarations have no value body in this inventory
NumStability.higham_problem9_14_RecursiveFirstMethodLUFactSpec.step,NumStability.Source.Higham.Chapter09.Section04,constructor,false,false,false,35,0,expected_environment_declaration,constructor declarations have no value body in this inventory
NumStability.higham_problem9_14_PairwiseBubbleTrace.below,NumStability.Source.Higham.Chapter09.Section04,inductive,false,false,false,9,0,expected_environment_declaration,inductive declarations have no value body in this inventory
NumStability.higham9_8_ComplexLUFactSpec.rec,NumStability.Source.Higham.Chapter09.Section04,recursor,false,false,false,31,0,expected_environment_declaration,recursor declarations have no value body in this inventory
NumStability.higham_problem9_14_RecursivePairwiseBubbleTrace.rec,NumStability.Source.Higham.Chapter09.Section04,recursor,false,false,false,16,0,expected_environment_declaration,recursor declarations have no value body in this inventory
NumStability.higham_problem9_14_PairwiseBubbleTrace.below.step,NumStability.Source.Higham.Chapter09.Section04,constructor,false,false,false,18,0,expected_environment_declaration,constructor declarations have no value body in this inventory
NumStability.higham_problem9_14_RecursivePairwiseLUFactSpec.below.step,NumStability.Source.Higham.Chapter09.Section04,constructor,false,false,false,24,0,expected_environment_declaration,constructor declarations have no value body in this inventory
NumStability.higham9_10_HessenbergGEPPTrace.rec,NumStability.Source.Higham.Chapter09.Section05,recursor,false,false,false,23,0,expected_environment_declaration,recursor declarations have no value body in this inventory
NumStability.higham9_10_HessenbergGEPPTrace.below.step,NumStability.Source.Higham.Chapter09.Section05,constructor,false,false,false,21,0,expected_environment_declaration,constructor declarations have no value body in this inventory
NumStability.higham9_10_HessenbergGEPPUTrace,NumStability.Source.Higham.Chapter09.Section05,inductive,false,false,false,3,0,expected_environment_declaration,inductive declarations have no value body in this inventory
NumStability.higham9_10_HessenbergGEPPTrace.below.init,NumStability.Source.Higham.Chapter09.Section05,constructor,false,false,false,10,0,expected_environment_declaration,constructor declarations have no value body in this inventory
NumStability.higham9_10_HessenbergGEPPUTrace.below.step,NumStability.Source.Higham.Chapter09.Section05,constructor,false,false,false,23,0,expected_environment_declaration,constructor declarations have no value body in this inventory
NumStability.higham9_10_HessenbergGEPPUTrace.rec,NumStability.Source.Higham.Chapter09.Section05,recursor,false,false,false,23,0,expected_environment_declaration,recursor declarations have no value body in this inventory
NumStability.higham9_10_HessenbergGEPPUTrace.below.done,NumStability.Source.Higham.Chapter09.Section05,constructor,false,false,false,8,0,expected_environment_declaration,constructor declarations have no value body in this inventory
NumStability.higham9_10_HessenbergGEPPUTrace.step,NumStability.Source.Higham.Chapter09.Section05,constructor,false,false,false,21,0,expected_environment_declaration,constructor declarations have no value body in this inventory
NumStability.higham9_10_HessenbergGEPPTrace.step,NumStability.Source.Higham.Chapter09.Section05,constructor,false,false,false,19,0,expected_environment_declaration,constructor declarations have no value body in this inventory
NumStability.higham9_10_HessenbergGEPPTrace.below.rec,NumStability.Source.Higham.Chapter09.Section05,recursor,false,false,false,26,0,expected_environment_declaration,recursor declarations have no value body in this inventory
NumStability.higham9_10_HessenbergGEPPTrace.below,NumStability.Source.Higham.Chapter09.Section05,inductive,false,false,false,4,0,expected_environment_declaration,inductive declarations have no value body in this inventory
NumStability.higham9_10_HessenbergGEPPTrace.init,NumStability.Source.Higham.Chapter09.Section05,constructor,false,false,false,8,0,expected_environment_declaration,constructor declarations have no value body in this inventory
NumStability.higham9_10_HessenbergGEPPUTrace.below.rec,NumStability.Source.Higham.Chapter09.Section05,recursor,false,false,false,26,0,expected_environment_declaration,recursor declarations have no value body in this inventory
NumStability.higham9_10_HessenbergGEPPUTrace.below,NumStability.Source.Higham.Chapter09.Section05,inductive,false,false,false,4,0,expected_environment_declaration,inductive declarations have no value body in this inventory
NumStability.higham9_10_HessenbergGEPPTrace,NumStability.Source.Higham.Chapter09.Section05,inductive,false,false,false,3,0,expected_environment_declaration,inductive declarations have no value body in this inventory
NumStability.higham9_10_HessenbergGEPPUTrace.done,NumStability.Source.Higham.Chapter09.Section05,constructor,false,false,false,6,0,expected_environment_declaration,constructor declarations have no value body in this inventory
NumStability.higham9_TracePivotingGrowthKind.completePivoting,NumStability.Source.Higham.Chapter09.Problems,constructor,false,false,false,1,0,expected_environment_declaration,constructor declarations have no value body in this inventory
NumStability.higham9_16_RookPivotGEUTrace.below.done,NumStability.Source.Higham.Chapter09.Problems,constructor,false,false,false,8,0,expected_environment_declaration,constructor declarations have no value body in this inventory
NumStability.higham9_8_CompletePivotGECPUTrace.step,NumStability.Source.Higham.Chapter09.Problems,constructor,false,false,false,20,0,expected_environment_declaration,constructor declarations have no value body in this inventory
NumStability.higham9_PivotingGrowthKind.rec,NumStability.Source.Higham.Chapter09.Problems,recursor,false,false,false,5,0,expected_environment_declaration,recursor declarations have no value body in this inventory
NumStability.higham9_8_CompletePivotGECPUTrace.below.rec,NumStability.Source.Higham.Chapter09.Problems,recursor,false,false,false,25,0,expected_environment_declaration,recursor declarations have no value body in this inventory
NumStability.higham9_16_RookPivotGEUTrace.done,NumStability.Source.Higham.Chapter09.Problems,constructor,false,false,false,6,0,expected_environment_declaration,constructor declarations have no value body in this inventory
NumStability.higham9_PivotingGrowthKind,NumStability.Source.Higham.Chapter09.Problems,inductive,false,false,false,0,0,expected_environment_declaration,inductive declarations have no value body in this inventory
NumStability.higham9_16_RookPivotGEUTrace.rec,NumStability.Source.Higham.Chapter09.Problems,recursor,false,false,false,22,0,expected_environment_declaration,recursor declarations have no value body in this inventory
NumStability.higham9_16_RookPivotGEUTrace.below.step,NumStability.Source.Higham.Chapter09.Problems,constructor,false,false,false,22,0,expected_environment_declaration,constructor declarations have no value body in this inventory
NumStability.higham9_8_CompletePivotGECPUTrace.below,NumStability.Source.Higham.Chapter09.Problems,inductive,false,false,false,4,0,expected_environment_declaration,inductive declarations have no value body in this inventory
NumStability.higham9_TracePivotingGrowthKind.partialPivoting,NumStability.Source.Higham.Chapter09.Problems,constructor,false,false,false,1,0,expected_environment_declaration,constructor declarations have no value body in this inventory
NumStability.higham9_8_ComplexCompletePivotGECPUTrace.done,NumStability.Source.Higham.Chapter09.Problems,constructor,false,false,false,6,0,expected_environment_declaration,constructor declarations have no value body in this inventory
NumStability.higham9_PivotingGrowthKind.partialPivoting,NumStability.Source.Higham.Chapter09.Problems,constructor,false,false,false,1,0,expected_environment_declaration,constructor declarations have no value body in this inventory
NumStability.higham9_8_ComplexCompletePivotGECPUTrace.rec,NumStability.Source.Higham.Chapter09.Problems,recursor,false,false,false,22,0,expected_environment_declaration,recursor declarations have no value body in this inventory
NumStability.higham9_PivotingGrowthKind.rookPivoting,NumStability.Source.Higham.Chapter09.Problems,constructor,false,false,false,1,0,expected_environment_declaration,constructor declarations have no value body in this inventory
NumStability.higham9_8_ComplexCompletePivotGECPUTrace.step,NumStability.Source.Higham.Chapter09.Problems,constructor,false,false,false,20,0,expected_environment_declaration,constructor declarations have no value body in this inventory
NumStability.higham9_8_ComplexCompletePivotGECPUTrace,NumStability.Source.Higham.Chapter09.Problems,inductive,false,false,false,3,0,expected_environment_declaration,inductive declarations have no value body in this inventory
NumStability.higham9_TracePivotingGrowthKind,NumStability.Source.Higham.Chapter09.Problems,inductive,false,false,false,0,0,expected_environment_declaration,inductive declarations have no value body in this inventory
NumStability.higham9_8_CompletePivotGECPUTrace,NumStability.Source.Higham.Chapter09.Problems,inductive,false,false,false,3,0,expected_environment_declaration,inductive declarations have no value body in this inventory
NumStability.higham9_TracePivotingGrowthKind.rookPivoting,NumStability.Source.Higham.Chapter09.Problems,constructor,false,false,false,1,0,expected_environment_declaration,constructor declarations have no value body in this inventory
NumStability.higham9_8_ComplexCompletePivotGECPUTrace.below.done,NumStability.Source.Higham.Chapter09.Problems,constructor,false,false,false,8,0,expected_environment_declaration,constructor declarations have no value body in this inventory
NumStability.higham9_8_CompletePivotGECPUTrace.below.done,NumStability.Source.Higham.Chapter09.Problems,constructor,false,false,false,8,0,expected_environment_declaration,constructor declarations have no value body in this inventory
NumStability.higham9_8_ComplexCompletePivotGECPUTrace.below.rec,NumStability.Source.Higham.Chapter09.Problems,recursor,false,false,false,25,0,expected_environment_declaration,recursor declarations have no value body in this inventory
NumStability.higham9_16_RookPivotGEUTrace.below.rec,NumStability.Source.Higham.Chapter09.Problems,recursor,false,false,false,25,0,expected_environment_declaration,recursor declarations have no value body in this inventory
NumStability.higham9_16_RookPivotGEUTrace.step,NumStability.Source.Higham.Chapter09.Problems,constructor,false,false,false,20,0,expected_environment_declaration,constructor declarations have no value body in this inventory
NumStability.higham9_8_CompletePivotGECPUTrace.done,NumStability.Source.Higham.Chapter09.Problems,constructor,false,false,false,6,0,expected_environment_declaration,constructor declarations have no value body in this inventory
NumStability.higham9_TracePivotingGrowthKind.rec,NumStability.Source.Higham.Chapter09.Problems,recursor,false,false,false,4,0,expected_environment_declaration,recursor declarations have no value body in this inventory
NumStability.higham9_16_RookPivotGEUTrace.below,NumStability.Source.Higham.Chapter09.Problems,inductive,false,false,false,4,0,expected_environment_declaration,inductive declarations have no value body in this inventory
NumStability.higham9_8_CompletePivotGECPUTrace.rec,NumStability.Source.Higham.Chapter09.Problems,recursor,false,false,false,22,0,expected_environment_declaration,recursor declarations have no value body in this inventory
NumStability.higham9_8_CompletePivotGECPUTrace.below.step,NumStability.Source.Higham.Chapter09.Problems,constructor,false,false,false,22,0,expected_environment_declaration,constructor declarations have no value body in this inventory
NumStability.higham9_PivotingGrowthKind.noPivot,NumStability.Source.Higham.Chapter09.Problems,constructor,false,false,false,1,0,expected_environment_declaration,constructor declarations have no value body in this inventory
NumStability.higham9_8_ComplexCompletePivotGECPUTrace.below,NumStability.Source.Higham.Chapter09.Problems,inductive,false,false,false,4,0,expected_environment_declaration,inductive declarations have no value body in this inventory
NumStability.higham9_PivotingGrowthKind.completePivoting,NumStability.Source.Higham.Chapter09.Problems,constructor,false,false,false,1,0,expected_environment_declaration,constructor declarations have no value body in this inventory
NumStability.higham9_16_RookPivotGEUTrace,NumStability.Source.Higham.Chapter09.Problems,inductive,false,false,false,3,0,expected_environment_declaration,inductive declarations have no value body in this inventory
NumStability.higham9_8_ComplexCompletePivotGECPUTrace.below.step,NumStability.Source.Higham.Chapter09.Problems,constructor,false,false,false,22,0,expected_environment_declaration,constructor declarations have no value body in this inventory
NumStability.higham11_4_BunchKaufmanActiveBranch.case3,NumStability.Source.Higham.Chapter11.Section01.PartialPivoting,constructor,false,false,false,1,0,expected_environment_declaration,constructor declarations have no value body in this inventory
NumStability.higham11_4_BunchKaufmanActiveBranch.case2,NumStability.Source.Higham.Chapter11.Section01.PartialPivoting,constructor,false,false,false,1,0,expected_environment_declaration,constructor declarations have no value body in this inventory
NumStability.higham11_4_BunchKaufmanActiveBranch,NumStability.Source.Higham.Chapter11.Section01.PartialPivoting,inductive,false,false,false,0,0,expected_environment_declaration,inductive declarations have no value body in this inventory
NumStability.higham11_4_BunchKaufmanActiveBranch.case4,NumStability.Source.Higham.Chapter11.Section01.PartialPivoting,constructor,false,false,false,1,0,expected_environment_declaration,constructor declarations have no value body in this inventory
NumStability.higham11_4_BunchKaufmanActiveBranch.case1,NumStability.Source.Higham.Chapter11.Section01.PartialPivoting,constructor,false,false,false,1,0,expected_environment_declaration,constructor declarations have no value body in this inventory
NumStability.higham11_4_BunchKaufmanActiveBranch.rec,NumStability.Source.Higham.Chapter11.Section01.PartialPivoting,recursor,false,false,false,5,0,expected_environment_declaration,recursor declarations have no value body in this inventory
NumStability.higham11_5_RookMultiplierOrigin.rec,NumStability.Source.Higham.Chapter11.Section01.RookPivoting,recursor,false,false,false,41,0,expected_environment_declaration,recursor declarations have no value body in this inventory
NumStability.higham11_5_RookMultiplierOrigin.zero,NumStability.Source.Higham.Chapter11.Section01.RookPivoting,constructor,false,false,false,5,0,expected_environment_declaration,constructor declarations have no value body in this inventory
NumStability.higham11_5_RookMultiplierOrigin.scalar,NumStability.Source.Higham.Chapter11.Section01.RookPivoting,constructor,false,false,false,17,0,expected_environment_declaration,constructor declarations have no value body in this inventory
NumStability.higham11_5_RookMultiplierOrigin,NumStability.Source.Higham.Chapter11.Section01.RookPivoting,inductive,false,false,false,1,0,expected_environment_declaration,inductive declarations have no value body in this inventory
NumStability.higham11_5_RookMultiplierOrigin.one,NumStability.Source.Higham.Chapter11.Section01.RookPivoting,constructor,false,false,false,5,0,expected_environment_declaration,constructor declarations have no value body in this inventory
NumStability.higham11_5_RookMultiplierOrigin.blockLeft,NumStability.Source.Higham.Chapter11.Section01.RookPivoting,constructor,false,false,false,34,0,expected_environment_declaration,constructor declarations have no value body in this inventory
NumStability.higham11_5_RookMultiplierOrigin.blockRight,NumStability.Source.Higham.Chapter11.Section01.RookPivoting,constructor,false,false,false,34,0,expected_environment_declaration,constructor declarations have no value body in this inventory
NumStability.Ch11Closure.AasenDirect.FlAasenState,NumStability.Algorithms.LinearSystems.SymmetricIndefinite.Aasen.AasenCoupledFp,inductive,false,false,false,1,0,expected_environment_declaration,inductive declarations have no value body in this inventory
NumStability.Ch11Closure.AasenDirect.FlAasenState.mk,NumStability.Algorithms.LinearSystems.SymmetricIndefinite.Aasen.AasenCoupledFp,constructor,false,false,false,4,0,expected_environment_declaration,constructor declarations have no value body in this inventory
NumStability.Ch11Closure.AasenDirect.FlAasenState.rec,NumStability.Algorithms.LinearSystems.SymmetricIndefinite.Aasen.AasenCoupledFp,recursor,false,false,false,5,0,expected_environment_declaration,recursor declarations have no value body in this inventory
NumStability.Ch11Closure.Mixed.PivotSchedule.consOne,NumStability.Source.Higham.Chapter11.BlockLDLTMixedPivot,constructor,false,false,false,7,0,expected_environment_declaration,constructor declarations have no value body in this inventory
NumStability.Ch11Closure.Mixed.PivotSchedule.rec,NumStability.Source.Higham.Chapter11.BlockLDLTMixedPivot,recursor,false,false,false,10,0,expected_environment_declaration,recursor declarations have no value body in this inventory
NumStability.Ch11Closure.Mixed.PivotSchedule.consTwo,NumStability.Source.Higham.Chapter11.BlockLDLTMixedPivot,constructor,false,false,false,7,0,expected_environment_declaration,constructor declarations have no value body in this inventory
NumStability.Ch11Closure.Mixed.PivotSchedule.nil,NumStability.Source.Higham.Chapter11.BlockLDLTMixedPivot,constructor,false,false,false,4,0,expected_environment_declaration,constructor declarations have no value body in this inventory
NumStability.Ch11Closure.Mixed.PivotSchedule,NumStability.Source.Higham.Chapter11.BlockLDLTMixedPivot,inductive,false,false,false,1,0,expected_environment_declaration,inductive declarations have no value body in this inventory
NumStability.HigherPrecisionRecursiveSumTrace.rec,NumStability.Algorithms.Summation.Recursive.Core,recursor,false,false,false,3,0,expected_environment_declaration,recursor declarations have no value body in this inventory
NumStability.HigherPrecisionRecursiveSumTrace.mk,NumStability.Algorithms.Summation.Recursive.Core,constructor,false,false,false,2,0,expected_environment_declaration,constructor declarations have no value body in this inventory
NumStability.HigherPrecisionRecursiveSumTrace,NumStability.Algorithms.Summation.Recursive.Core,inductive,false,false,false,0,0,expected_environment_declaration,inductive declarations have no value body in this inventory
NumStability.Higham21Lemma21_2SourceBundle,NumStability.Source.Higham.Chapter21.Lemma02.Symmetrization.UnderdeterminedSolve,inductive,false,false,false,3,0,expected_environment_declaration,inductive declarations have no value body in this inventory
NumStability.Higham21Lemma21_2SourceBundle.mk,NumStability.Source.Higham.Chapter21.Lemma02.Symmetrization.UnderdeterminedSolve,constructor,false,false,false,30,0,expected_environment_declaration,constructor declarations have no value body in this inventory
NumStability.Higham21Lemma21_2SourceBundle.rec,NumStability.Source.Higham.Chapter21.Lemma02.Symmetrization.UnderdeterminedSolve,recursor,false,false,false,31,0,expected_environment_declaration,recursor declarations have no value body in this inventory
NumStability.Higham21StoredGivensRotation.rec,NumStability.Algorithms.LinearSystems.Underdetermined.QR.Givens.StoredReplay.RoundedReplay,recursor,false,false,false,7,0,expected_environment_declaration,recursor declarations have no value body in this inventory
NumStability.Higham21StoredGivensRotation.mk,NumStability.Algorithms.LinearSystems.Underdetermined.QR.Givens.StoredReplay.RoundedReplay,constructor,false,false,false,6,0,expected_environment_declaration,constructor declarations have no value body in this inventory
NumStability.Higham21GivensFixedAccumulationCertificate.mk,NumStability.Algorithms.LinearSystems.Underdetermined.QR.Givens.StoredReplay.RoundedReplay,constructor,false,false,false,11,0,expected_environment_declaration,constructor declarations have no value body in this inventory
NumStability.Higham21StoredGivensRotation,NumStability.Algorithms.LinearSystems.Underdetermined.QR.Givens.StoredReplay.RoundedReplay,inductive,false,false,false,1,0,expected_environment_declaration,inductive declarations have no value body in this inventory
NumStability.Higham21GivensFixedAccumulationCertificate.rec,NumStability.Algorithms.LinearSystems.Underdetermined.QR.Givens.StoredReplay.RoundedReplay,recursor,false,false,false,12,0,expected_environment_declaration,recursor declarations have no value body in this inventory
NumStability.Higham21GivensFixedAccumulationCertificate,NumStability.Algorithms.LinearSystems.Underdetermined.QR.Givens.StoredReplay.RoundedReplay,inductive,false,false,false,6,0,expected_environment_declaration,inductive declarations have no value body in this inventory
NumStability.Higham21ConcreteGivensReplayStep.rec,NumStability.Algorithms.LinearSystems.Underdetermined.QR.Givens.StoredReplay.EndToEnd.Core,recursor,false,false,false,17,0,expected_environment_declaration,recursor declarations have no value body in this inventory
NumStability.Higham21ConcreteGivensReplayStep,NumStability.Algorithms.LinearSystems.Underdetermined.QR.Givens.StoredReplay.EndToEnd.Core,inductive,false,false,false,1,0,expected_environment_declaration,inductive declarations have no value body in this inventory
NumStability.Higham21ConcreteGivensReplayStep.mk,NumStability.Algorithms.LinearSystems.Underdetermined.QR.Givens.StoredReplay.EndToEnd.Core,constructor,false,false,false,16,0,expected_environment_declaration,constructor declarations have no value body in this inventory
NumStability.Higham21RowwiseBackwardErrorFeasible.rec,NumStability.Source.Higham.Chapter21.Theorem04.RowwiseBackwardError,recursor,false,false,false,21,0,expected_environment_declaration,recursor declarations have no value body in this inventory
NumStability.Higham21RowwiseBackwardErrorFeasible.mk,NumStability.Source.Higham.Chapter21.Theorem04.RowwiseBackwardError,constructor,false,false,false,20,0,expected_environment_declaration,constructor declarations have no value body in this inventory
NumStability.Higham21RowwiseBackwardErrorFeasible,NumStability.Source.Higham.Chapter21.Theorem04.RowwiseBackwardError,inductive,false,false,false,3,0,expected_environment_declaration,inductive declarations have no value body in this inventory
NumStability.Higham21MGSNaiveFormationErrorInterface.mk,NumStability.Algorithms.LinearSystems.Underdetermined.QR.ModifiedGramSchmidt.CorrectedRecurrence.Core,constructor,false,false,false,9,0,expected_environment_declaration,constructor declarations have no value body in this inventory
NumStability.Higham21MGSCorrectedRowwiseCertificate.rec,NumStability.Algorithms.LinearSystems.Underdetermined.QR.ModifiedGramSchmidt.CorrectedRecurrence.Core,recursor,false,false,false,29,0,expected_environment_declaration,recursor declarations have no value body in this inventory
NumStability.Higham21MGSCorrectedRowwiseCertificate,NumStability.Algorithms.LinearSystems.Underdetermined.QR.ModifiedGramSchmidt.CorrectedRecurrence.Core,inductive,false,false,false,8,0,expected_environment_declaration,inductive declarations have no value body in this inventory
NumStability.Higham21MGSNaiveFormationErrorInterface,NumStability.Algorithms.LinearSystems.Underdetermined.QR.ModifiedGramSchmidt.CorrectedRecurrence.Core,inductive,false,false,false,3,0,expected_environment_declaration,inductive declarations have no value body in this inventory
NumStability.Higham21MGSCorrectedBackwardRecurrence,NumStability.Algorithms.LinearSystems.Underdetermined.QR.ModifiedGramSchmidt.CorrectedRecurrence.Core,inductive,false,false,false,8,0,expected_environment_declaration,inductive declarations have no value body in this inventory
NumStability.Higham21MGSCorrectedBackwardRecurrence.mk,NumStability.Algorithms.LinearSystems.Underdetermined.QR.ModifiedGramSchmidt.CorrectedRecurrence.Core,constructor,false,false,false,20,0,expected_environment_declaration,constructor declarations have no value body in this inventory
NumStability.Higham21MGSNaiveFormationErrorInterface.rec,NumStability.Algorithms.LinearSystems.Underdetermined.QR.ModifiedGramSchmidt.CorrectedRecurrence.Core,recursor,false,false,false,10,0,expected_environment_declaration,recursor declarations have no value body in this inventory
NumStability.Higham21MGSCorrectedRowwiseCertificate.mk,NumStability.Algorithms.LinearSystems.Underdetermined.QR.ModifiedGramSchmidt.CorrectedRecurrence.Core,constructor,false,false,false,28,0,expected_environment_declaration,constructor declarations have no value body in this inventory
NumStability.Higham21MGSCorrectedBackwardRecurrence.rec,NumStability.Algorithms.LinearSystems.Underdetermined.QR.ModifiedGramSchmidt.CorrectedRecurrence.Core,recursor,false,false,false,21,0,expected_environment_declaration,recursor declarations have no value body in this inventory
NumStability.Higham21MGSRoundedSystemTransfer.rec,NumStability.Algorithms.LinearSystems.Underdetermined.QR.ModifiedGramSchmidt.RoundedReplay.RoundedReplay,recursor,false,false,false,22,0,expected_environment_declaration,recursor declarations have no value body in this inventory
NumStability.Higham21MGSRoundedSystemTransfer.mk,NumStability.Algorithms.LinearSystems.Underdetermined.QR.ModifiedGramSchmidt.RoundedReplay.RoundedReplay,constructor,false,false,false,21,0,expected_environment_declaration,constructor declarations have no value body in this inventory
NumStability.Higham21MGSRoundedSystemTransfer,NumStability.Algorithms.LinearSystems.Underdetermined.QR.ModifiedGramSchmidt.RoundedReplay.RoundedReplay,inductive,false,false,false,4,0,expected_environment_declaration,inductive declarations have no value body in this inventory
NumStability.Higham21MGSComparisonBound.mk,NumStability.Source.Higham.Chapter21.Section03.MethodComparison.Core,constructor,false,false,false,25,0,expected_environment_declaration,constructor declarations have no value body in this inventory
NumStability.Higham21MGSComparisonBound,NumStability.Source.Higham.Chapter21.Section03.MethodComparison.Core,inductive,false,false,false,1,0,expected_environment_declaration,inductive declarations have no value body in this inventory
NumStability.Higham21MGSComparisonBound.rec,NumStability.Source.Higham.Chapter21.Section03.MethodComparison.Core,recursor,false,false,false,26,0,expected_environment_declaration,recursor declarations have no value body in this inventory
NumStability.Higham21MGSSelectedRepair.rec,NumStability.Source.Higham.Chapter21.Corrections.CorrectedMGS.RoundedReplay,recursor,false,false,false,22,0,expected_environment_declaration,recursor declarations have no value body in this inventory
NumStability.Higham21MGSSelectedRepair,NumStability.Source.Higham.Chapter21.Corrections.CorrectedMGS.RoundedReplay,inductive,false,false,false,3,0,expected_environment_declaration,inductive declarations have no value body in this inventory
NumStability.Higham21MGSSelectedRepair.mk,NumStability.Source.Higham.Chapter21.Corrections.CorrectedMGS.RoundedReplay,constructor,false,false,false,21,0,expected_environment_declaration,constructor declarations have no value body in this inventory
NumStability.LogExpProductTrace,NumStability.Algorithms.LogExpProduct,inductive,false,false,false,1,0,expected_environment_declaration,inductive declarations have no value body in this inventory
NumStability.LogExpProductTrace.rec,NumStability.Algorithms.LogExpProduct,recursor,false,false,false,5,0,expected_environment_declaration,recursor declarations have no value body in this inventory
NumStability.LogExpProductTrace.mk,NumStability.Algorithms.LogExpProduct,constructor,false,false,false,4,0,expected_environment_declaration,constructor declarations have no value body in this inventory
NumStability.Wave16.Higham16CompletePivotPartitionPlan.mk,NumStability.Algorithms.MatrixEquations.Sylvester.Solvers.PivotedSmallBlocks.CompletePivot,constructor,false,false,false,20,0,expected_environment_declaration,constructor declarations have no value body in this inventory
NumStability.Wave16.Higham16CompletePivotPartitionPlan.rec,NumStability.Algorithms.MatrixEquations.Sylvester.Solvers.PivotedSmallBlocks.CompletePivot,recursor,false,false,false,21,0,expected_environment_declaration,recursor declarations have no value body in this inventory
NumStability.Wave16.Higham16CompletePivotPartitionPlan,NumStability.Algorithms.MatrixEquations.Sylvester.Solvers.PivotedSmallBlocks.CompletePivot,inductive,false,false,false,4,0,expected_environment_declaration,inductive declarations have no value body in this inventory
NumStability.Method2StrictTailKernelSpec,NumStability.Algorithms.MatrixInversion.Triangular.Specifications.MatrixInversion,inductive,false,false,false,4,0,expected_environment_declaration,inductive declarations have no value body in this inventory
NumStability.BlockMethod1BSpec.rec,NumStability.Algorithms.MatrixInversion.Triangular.Specifications.MatrixInversion,recursor,false,false,false,36,0,expected_environment_declaration,recursor declarations have no value body in this inventory
NumStability.Method2StrictTailKernelSpec.rec,NumStability.Algorithms.MatrixInversion.Triangular.Specifications.MatrixInversion,recursor,false,false,false,21,0,expected_environment_declaration,recursor declarations have no value body in this inventory
NumStability.BlockMethod1BSpec,NumStability.Algorithms.MatrixInversion.Triangular.Specifications.MatrixInversion,inductive,false,false,false,4,0,expected_environment_declaration,inductive declarations have no value body in this inventory
NumStability.Method2StrictTailKernelSpec.mk,NumStability.Algorithms.MatrixInversion.Triangular.Specifications.MatrixInversion,constructor,false,false,false,20,0,expected_environment_declaration,constructor declarations have no value body in this inventory
NumStability.Method2Spec,NumStability.Algorithms.MatrixInversion.Triangular.Specifications.MatrixInversion,inductive,false,false,false,4,0,expected_environment_declaration,inductive declarations have no value body in this inventory
NumStability.Method2Spec.mk,NumStability.Algorithms.MatrixInversion.Triangular.Specifications.MatrixInversion,constructor,false,false,false,36,0,expected_environment_declaration,constructor declarations have no value body in this inventory
NumStability.BlockMethod1BSpec.mk,NumStability.Algorithms.MatrixInversion.Triangular.Specifications.MatrixInversion,constructor,false,false,false,35,0,expected_environment_declaration,constructor declarations have no value body in this inventory
NumStability.Method2Spec.rec,NumStability.Algorithms.MatrixInversion.Triangular.Specifications.MatrixInversion,recursor,false,false,false,37,0,expected_environment_declaration,recursor declarations have no value body in this inventory
NumStability.FloatingPointFormat.GuardDigitBranchSubtractionData.rec,NumStability.Analysis.FloatingPointArithmetic.ExactSubtraction,recursor,false,false,false,19,0,expected_environment_declaration,recursor declarations have no value body in this inventory
NumStability.FloatingPointFormat.GuardDigitBranchSubtractionData.mk,NumStability.Analysis.FloatingPointArithmetic.ExactSubtraction,constructor,false,false,false,18,0,expected_environment_declaration,constructor declarations have no value body in this inventory
NumStability.FloatingPointFormat.GuardDigitBranchSubtractionData,NumStability.Analysis.FloatingPointArithmetic.ExactSubtraction,inductive,false,false,false,2,0,expected_environment_declaration,inductive declarations have no value body in this inventory
NumStability.CorrectionFormulaTrace.rec,NumStability.Algorithms.Summation.Compensated.CorrectionFormula,recursor,false,false,false,3,0,expected_environment_declaration,recursor declarations have no value body in this inventory
NumStability.CorrectionFormulaTrace,NumStability.Algorithms.Summation.Compensated.CorrectionFormula,inductive,false,false,false,0,0,expected_environment_declaration,inductive declarations have no value body in this inventory
NumStability.CorrectionFormulaTrace.mk,NumStability.Algorithms.Summation.Compensated.CorrectionFormula,constructor,false,false,false,2,0,expected_environment_declaration,constructor declarations have no value body in this inventory
NumStability.FastTwoSumFiniteCertificate.rec,NumStability.Algorithms.Summation.Compensated.FastTwoSum,recursor,false,false,false,13,0,expected_environment_declaration,recursor declarations have no value body in this inventory
NumStability.FastTwoSumFiniteCertificate.mk,NumStability.Algorithms.Summation.Compensated.FastTwoSum,constructor,false,false,false,12,0,expected_environment_declaration,constructor declarations have no value body in this inventory
NumStability.FastTwoSumFiniteCertificate,NumStability.Algorithms.Summation.Compensated.FastTwoSum,inductive,false,false,false,2,0,expected_environment_declaration,inductive declarations have no value body in this inventory
NumStability.NeumaierFFStepTrace,NumStability.Algorithms.Summation.Compensated.Neumaier.AdaptiveFiniteFormat,inductive,false,false,false,0,0,expected_environment_declaration,inductive declarations have no value body in this inventory
NumStability.NeumaierFFStepTrace.mk,NumStability.Algorithms.Summation.Compensated.Neumaier.AdaptiveFiniteFormat,constructor,false,false,false,2,0,expected_environment_declaration,constructor declarations have no value body in this inventory
NumStability.NeumaierFFStepTrace.rec,NumStability.Algorithms.Summation.Compensated.Neumaier.AdaptiveFiniteFormat,recursor,false,false,false,3,0,expected_environment_declaration,recursor declarations have no value body in this inventory
NumStability.NeumaierFiniteStepTrace.mk,NumStability.Algorithms.Summation.Compensated.Neumaier.FiniteExecutor,constructor,false,false,false,2,0,expected_environment_declaration,constructor declarations have no value body in this inventory
NumStability.NeumaierFiniteStepTrace.rec,NumStability.Algorithms.Summation.Compensated.Neumaier.FiniteExecutor,recursor,false,false,false,3,0,expected_environment_declaration,recursor declarations have no value body in this inventory
NumStability.NeumaierFiniteStepTrace,NumStability.Algorithms.Summation.Compensated.Neumaier.FiniteExecutor,inductive,false,false,false,0,0,expected_environment_declaration,inductive declarations have no value body in this inventory
NumStability.Ch15.SmoothPNormPair.rec,NumStability.Algorithms.NormEstimation.PNorm.PowerMethod.PNormPowerMethod,recursor,false,false,false,25,0,expected_environment_declaration,recursor declarations have no value body in this inventory
NumStability.Ch15.SmoothPNormPair.mk,NumStability.Algorithms.NormEstimation.PNorm.PowerMethod.PNormPowerMethod,constructor,false,false,false,24,0,expected_environment_declaration,constructor declarations have no value body in this inventory
NumStability.Ch15.SmoothPNormPair,NumStability.Algorithms.NormEstimation.PNorm.PowerMethod.PNormPowerMethod,inductive,false,false,false,1,0,expected_environment_declaration,inductive declarations have no value body in this inventory
NumStability.Ch15.PNormPair.rec,NumStability.Algorithms.NormEstimation.PNorm.PowerMethod.PNormPowerMethod,recursor,false,false,false,20,0,expected_environment_declaration,recursor declarations have no value body in this inventory
NumStability.Ch15.PNormPair,NumStability.Algorithms.NormEstimation.PNorm.PowerMethod.PNormPowerMethod,inductive,false,false,false,1,0,expected_environment_declaration,inductive declarations have no value body in this inventory
NumStability.Ch15.PNormPair.mk,NumStability.Algorithms.NormEstimation.PNorm.PowerMethod.PNormPowerMethod,constructor,false,false,false,19,0,expected_environment_declaration,constructor declarations have no value body in this inventory
NumStability.RectPNormPair,NumStability.Algorithms.NormEstimation.PNorm.Rectangular.PNormRectangular,inductive,false,false,false,1,0,expected_environment_declaration,inductive declarations have no value body in this inventory
NumStability.RectPNormPair.rec,NumStability.Algorithms.NormEstimation.PNorm.Rectangular.PNormRectangular,recursor,false,false,false,20,0,expected_environment_declaration,recursor declarations have no value body in this inventory
NumStability.RectPNormPair.mk,NumStability.Algorithms.NormEstimation.PNorm.Rectangular.PNormRectangular,constructor,false,false,false,19,0,expected_environment_declaration,constructor declarations have no value body in this inventory
NumStability.RectPNormPair.State.rec,NumStability.Algorithms.NormEstimation.PNorm.Rectangular.PNormRectangular,recursor,false,false,false,5,0,expected_environment_declaration,recursor declarations have no value body in this inventory
NumStability.RectPNormPair.State,NumStability.Algorithms.NormEstimation.PNorm.Rectangular.PNormRectangular,inductive,false,false,false,1,0,expected_environment_declaration,inductive declarations have no value body in this inventory
NumStability.RectPNormPair.State.mk,NumStability.Algorithms.NormEstimation.PNorm.Rectangular.PNormRectangular,constructor,false,false,false,4,0,expected_environment_declaration,constructor declarations have no value body in this inventory
NumStability.PrecisionMeasure.rec,NumStability.Analysis.Error.Measures.AccuracyPrecision,recursor,false,false,false,8,0,expected_environment_declaration,recursor declarations have no value body in this inventory
NumStability.PrecisionMeasure.mk,NumStability.Analysis.Error.Measures.AccuracyPrecision,constructor,false,false,false,7,0,expected_environment_declaration,constructor declarations have no value body in this inventory
NumStability.AccuracyMeasure,NumStability.Analysis.Error.Measures.AccuracyPrecision,inductive,false,false,false,0,0,expected_environment_declaration,inductive declarations have no value body in this inventory
NumStability.AccuracyMeasure.relative,NumStability.Analysis.Error.Measures.AccuracyPrecision,constructor,false,false,false,1,0,expected_environment_declaration,constructor declarations have no value body in this inventory
NumStability.AccuracyMeasure.rec,NumStability.Analysis.Error.Measures.AccuracyPrecision,recursor,false,false,false,3,0,expected_environment_declaration,recursor declarations have no value body in this inventory
NumStability.PrecisionMeasure,NumStability.Analysis.Error.Measures.AccuracyPrecision,inductive,false,false,false,0,0,expected_environment_declaration,inductive declarations have no value body in this inventory
NumStability.AccuracyMeasure.absolute,NumStability.Analysis.Error.Measures.AccuracyPrecision,constructor,false,false,false,1,0,expected_environment_declaration,constructor declarations have no value body in this inventory
NumStability.PriestStepTrace,NumStability.Algorithms.Summation.DoublyCompensated,inductive,false,false,false,0,0,expected_environment_declaration,inductive declarations have no value body in this inventory
NumStability.PriestStepTrace.mk,NumStability.Algorithms.Summation.DoublyCompensated,constructor,false,false,false,2,0,expected_environment_declaration,constructor declarations have no value body in this inventory
NumStability.PriestStepTrace.rec,NumStability.Algorithms.Summation.DoublyCompensated,recursor,false,false,false,3,0,expected_environment_declaration,recursor declarations have no value body in this inventory
NumStability.PriestState.mk,NumStability.Algorithms.Summation.DoublyCompensated,constructor,false,false,false,2,0,expected_environment_declaration,constructor declarations have no value body in this inventory
NumStability.PriestState.rec,NumStability.Algorithms.Summation.DoublyCompensated,recursor,false,false,false,3,0,expected_environment_declaration,recursor declarations have no value body in this inventory
NumStability.PriestState,NumStability.Algorithms.Summation.DoublyCompensated,inductive,false,false,false,0,0,expected_environment_declaration,inductive declarations have no value body in this inventory
NumStability.PriestStepExact.rec,NumStability.Algorithms.PriestAccuracy,recursor,false,false,false,19,0,expected_environment_declaration,recursor declarations have no value body in this inventory
NumStability.PriestStepExact.mk,NumStability.Algorithms.PriestAccuracy,constructor,false,false,false,18,0,expected_environment_declaration,constructor declarations have no value body in this inventory
NumStability.PriestStepExact,NumStability.Algorithms.PriestAccuracy,inductive,false,false,false,3,0,expected_environment_declaration,inductive declarations have no value body in this inventory
NumStability.DistillationState,NumStability.Algorithms.Summation.Accumulator,inductive,false,false,false,1,0,expected_environment_declaration,inductive declarations have no value body in this inventory
NumStability.DistillationState.rec,NumStability.Algorithms.Summation.Accumulator,recursor,false,false,false,10,0,expected_environment_declaration,recursor declarations have no value body in this inventory
NumStability.DistillationTrace,NumStability.Algorithms.Summation.Accumulator,inductive,false,false,false,8,0,expected_environment_declaration,inductive declarations have no value body in this inventory
NumStability.DistillationState.mk,NumStability.Algorithms.Summation.Accumulator,constructor,false,false,false,9,0,expected_environment_declaration,constructor declarations have no value body in this inventory
NumStability.DistillationTrace.mk,NumStability.Algorithms.Summation.Accumulator,constructor,false,false,false,19,0,expected_environment_declaration,constructor declarations have no value body in this inventory
NumStability.DistillationTrace.rec,NumStability.Algorithms.Summation.Accumulator,recursor,false,false,false,20,0,expected_environment_declaration,recursor declarations have no value body in this inventory
NumStability.AlternativeCompensatedStepTrace.rec,NumStability.Algorithms.Summation.Compensated.Alternative.Core,recursor,false,false,false,3,0,expected_environment_declaration,recursor declarations have no value body in this inventory
NumStability.AlternativeCompensatedStepTrace,NumStability.Algorithms.Summation.Compensated.Alternative.Core,inductive,false,false,false,0,0,expected_environment_declaration,inductive declarations have no value body in this inventory
NumStability.AlternativeCompensatedStepTrace.mk,NumStability.Algorithms.Summation.Compensated.Alternative.Core,constructor,false,false,false,2,0,expected_environment_declaration,constructor declarations have no value body in this inventory
NumStability.KahanState.rec,NumStability.Algorithms.Summation.Compensated.Kahan.Core,recursor,false,false,false,3,0,expected_environment_declaration,recursor declarations have no value body in this inventory
NumStability.KahanStepTrace,NumStability.Algorithms.Summation.Compensated.Kahan.Core,inductive,false,false,false,0,0,expected_environment_declaration,inductive declarations have no value body in this inventory
NumStability.KahanState.mk,NumStability.Algorithms.Summation.Compensated.Kahan.Core,constructor,false,false,false,2,0,expected_environment_declaration,constructor declarations have no value body in this inventory
NumStability.KahanStepTrace.rec,NumStability.Algorithms.Summation.Compensated.Kahan.Core,recursor,false,false,false,3,0,expected_environment_declaration,recursor declarations have no value body in this inventory
NumStability.KahanStepTrace.mk,NumStability.Algorithms.Summation.Compensated.Kahan.Core,constructor,false,false,false,2,0,expected_environment_declaration,constructor declarations have no value body in this inventory
NumStability.KahanState,NumStability.Algorithms.Summation.Compensated.Kahan.Core,inductive,false,false,false,0,0,expected_environment_declaration,inductive declarations have no value body in this inventory
NumStability.KahanStepDeltaWitness.rec,NumStability.Algorithms.Summation.Compensated.Kahan.LocalCoefficients,recursor,false,false,false,31,0,expected_environment_declaration,recursor declarations have no value body in this inventory
NumStability.KahanStepDeltaWitness.mk,NumStability.Algorithms.Summation.Compensated.Kahan.LocalCoefficients,constructor,false,false,false,30,0,expected_environment_declaration,constructor declarations have no value body in this inventory
NumStability.KahanStepDeltaWitness,NumStability.Algorithms.Summation.Compensated.Kahan.LocalCoefficients,inductive,false,false,false,3,0,expected_environment_declaration,inductive declarations have no value body in this inventory
NumStability.KahanAffineCoeffStep.mk,NumStability.Algorithms.Summation.Compensated.Kahan.Coefficients.Affine,constructor,false,false,false,2,0,expected_environment_declaration,constructor declarations have no value body in this inventory
NumStability.KahanAffineCoeffStep,NumStability.Algorithms.Summation.Compensated.Kahan.Coefficients.Affine,inductive,false,false,false,0,0,expected_environment_declaration,inductive declarations have no value body in this inventory
NumStability.KahanAffineCoeffStep.rec,NumStability.Algorithms.Summation.Compensated.Kahan.Coefficients.Affine,recursor,false,false,false,3,0,expected_environment_declaration,recursor declarations have no value body in this inventory
NumStability.KahanCoupledCoeffStep.mk,NumStability.Algorithms.Summation.Compensated.Kahan.Coefficients.Coupled,constructor,false,false,false,2,0,expected_environment_declaration,constructor declarations have no value body in this inventory
NumStability.KahanCoupledCoeffStep,NumStability.Algorithms.Summation.Compensated.Kahan.Coefficients.Coupled,inductive,false,false,false,0,0,expected_environment_declaration,inductive declarations have no value body in this inventory
NumStability.KahanCoupledCoeffStep.rec,NumStability.Algorithms.Summation.Compensated.Kahan.Coefficients.Coupled,recursor,false,false,false,3,0,expected_environment_declaration,recursor declarations have no value body in this inventory
NumStability.KahanAddSubFiniteRoundToEvenRealization.mk,NumStability.Algorithms.Summation.Compensated.Kahan.Finite,constructor,false,false,false,10,0,expected_environment_declaration,constructor declarations have no value body in this inventory
NumStability.KahanAddSubFiniteRoundToEvenRealization.rec,NumStability.Algorithms.Summation.Compensated.Kahan.Finite,recursor,false,false,false,11,0,expected_environment_declaration,recursor declarations have no value body in this inventory
NumStability.KahanAddSubFiniteRoundToEvenRealization,NumStability.Algorithms.Summation.Compensated.Kahan.Finite,inductive,false,false,false,2,0,expected_environment_declaration,inductive declarations have no value body in this inventory
NumStability.NoGuardCorrectionFormulaTrace.mk,NumStability.Algorithms.Summation.Compensated.NoGuard.CorrectionFormula,constructor,false,false,false,2,0,expected_environment_declaration,constructor declarations have no value body in this inventory
NumStability.NoGuardCorrectionFormulaTrace.rec,NumStability.Algorithms.Summation.Compensated.NoGuard.CorrectionFormula,recursor,false,false,false,3,0,expected_environment_declaration,recursor declarations have no value body in this inventory
NumStability.NoGuardCorrectionFormulaTrace,NumStability.Algorithms.Summation.Compensated.NoGuard.CorrectionFormula,inductive,false,false,false,0,0,expected_environment_declaration,inductive declarations have no value body in this inventory
NumStability.KahanModifiedNoGuardStepTrace.rec,NumStability.Algorithms.Summation.Compensated.NoGuard.Modified,recursor,false,false,false,3,0,expected_environment_declaration,recursor declarations have no value body in this inventory
NumStability.KahanModifiedNoGuardStepTrace.mk,NumStability.Algorithms.Summation.Compensated.NoGuard.Modified,constructor,false,false,false,2,0,expected_environment_declaration,constructor declarations have no value body in this inventory
NumStability.KahanModifiedNoGuardStepTrace,NumStability.Algorithms.Summation.Compensated.NoGuard.Modified,inductive,false,false,false,0,0,expected_environment_declaration,inductive declarations have no value body in this inventory
NumStability.PriestFiniteStepCondition.rec,NumStability.Algorithms.Summation.Compensated.Priest.FiniteFormat,recursor,false,false,false,18,0,expected_environment_declaration,recursor declarations have no value body in this inventory
NumStability.PriestFiniteStepCondition,NumStability.Algorithms.Summation.Compensated.Priest.FiniteFormat,inductive,false,false,false,3,0,expected_environment_declaration,inductive declarations have no value body in this inventory
NumStability.PriestFiniteStepCondition.mk,NumStability.Algorithms.Summation.Compensated.Priest.FiniteFormat,constructor,false,false,false,17,0,expected_environment_declaration,constructor declarations have no value body in this inventory
NumStability.HighamCh4KahanReturnedCounterexampleRounding.mk,NumStability.Source.Higham.Chapter04.Equation08.ReturnedSum,constructor,false,false,false,28,0,expected_environment_declaration,constructor declarations have no value body in this inventory
NumStability.HighamCh4KahanReturnedCounterexampleRounding.rec,NumStability.Source.Higham.Chapter04.Equation08.ReturnedSum,recursor,false,false,false,29,0,expected_environment_declaration,recursor declarations have no value body in this inventory
NumStability.HighamCh4KahanReturnedCounterexampleRounding,NumStability.Source.Higham.Chapter04.Equation08.ReturnedSum,inductive,false,false,false,2,0,expected_environment_declaration,inductive declarations have no value body in this inventory
NumStability.InsertionScheduleTree.SiblingLeafContract.below.rec,NumStability.Algorithms.Summation.Insertion.Schedule,recursor,false,false,false,15,0,expected_environment_declaration,recursor declarations have no value body in this inventory
NumStability.InsertionScheduleTree.SiblingLeafContract.rec,NumStability.Algorithms.Summation.Insertion.Schedule,recursor,false,false,false,11,0,expected_environment_declaration,recursor declarations have no value body in this inventory
NumStability.InsertionScheduleTree.SiblingLeafContract.below.inRight,NumStability.Algorithms.Summation.Insertion.Schedule,constructor,false,false,false,6,0,expected_environment_declaration,constructor declarations have no value body in this inventory
NumStability.InsertionScheduleTree.TwoSmallestDeepestExchangeBranch.nondegenerate,NumStability.Algorithms.Summation.Insertion.Schedule,constructor,false,false,false,18,0,expected_environment_declaration,constructor declarations have no value body in this inventory
NumStability.InsertionScheduleTree.TwoSmallestDeepestExchangeBranch.rightDeepestSecondSmallest,NumStability.Algorithms.Summation.Insertion.Schedule,constructor,false,false,false,18,0,expected_environment_declaration,constructor declarations have no value body in this inventory
NumStability.InsertionScheduleTree.TwoSmallestDeepestExchangeBranch.rightDeepestFirstSmallest,NumStability.Algorithms.Summation.Insertion.Schedule,constructor,false,false,false,18,0,expected_environment_declaration,constructor declarations have no value body in this inventory
NumStability.InsertionScheduleTree.GreedyInsertionTree.below,NumStability.Algorithms.Summation.Insertion.Schedule,inductive,false,false,false,2,0,expected_environment_declaration,inductive declarations have no value body in this inventory
NumStability.InsertionScheduleTree.GreedyInsertionTree,NumStability.Algorithms.Summation.Insertion.Schedule,inductive,false,false,false,1,0,expected_environment_declaration,inductive declarations have no value body in this inventory
NumStability.InsertionScheduleTree.SiblingLeafContract.inLeft,NumStability.Algorithms.Summation.Insertion.Schedule,constructor,false,false,false,4,0,expected_environment_declaration,constructor declarations have no value body in this inventory
NumStability.InsertionScheduleTree.SiblingLeafContract.below.inLeft,NumStability.Algorithms.Summation.Insertion.Schedule,constructor,false,false,false,6,0,expected_environment_declaration,constructor declarations have no value body in this inventory
NumStability.InsertionScheduleTree.TwoSmallestDeepestExchangeBranch.leftDeepestFirstSmallest,NumStability.Algorithms.Summation.Insertion.Schedule,constructor,false,false,false,18,0,expected_environment_declaration,constructor declarations have no value body in this inventory
NumStability.InsertionScheduleTree.SiblingLeafContract,NumStability.Algorithms.Summation.Insertion.Schedule,inductive,false,false,false,2,0,expected_environment_declaration,inductive declarations have no value body in this inventory
NumStability.InsertionScheduleTree.leaf,NumStability.Algorithms.Summation.Insertion.Schedule,constructor,false,false,false,2,0,expected_environment_declaration,constructor declarations have no value body in this inventory
NumStability.InsertionScheduleTree.GreedyInsertionTree.below.rec,NumStability.Algorithms.Summation.Insertion.Schedule,recursor,false,false,false,21,0,expected_environment_declaration,recursor declarations have no value body in this inventory
NumStability.InsertionScheduleTree.SiblingLeafContract.below,NumStability.Algorithms.Summation.Insertion.Schedule,inductive,false,false,false,3,0,expected_environment_declaration,inductive declarations have no value body in this inventory
NumStability.InsertionScheduleTree,NumStability.Algorithms.Summation.Insertion.Schedule,inductive,false,false,false,0,0,expected_environment_declaration,inductive declarations have no value body in this inventory
NumStability.InsertionScheduleTree.SiblingLeafContract.inRight,NumStability.Algorithms.Summation.Insertion.Schedule,constructor,false,false,false,4,0,expected_environment_declaration,constructor declarations have no value body in this inventory
NumStability.InsertionScheduleTree.GreedyInsertionTree.merge,NumStability.Algorithms.Summation.Insertion.Schedule,constructor,false,false,false,15,0,expected_environment_declaration,constructor declarations have no value body in this inventory
NumStability.InsertionScheduleTree.GreedyInsertionTree.below.merge,NumStability.Algorithms.Summation.Insertion.Schedule,constructor,false,false,false,17,0,expected_environment_declaration,constructor declarations have no value body in this inventory
NumStability.InsertionScheduleTree.TwoSmallestDeepestExchangeBranch.rec,NumStability.Algorithms.Summation.Insertion.Schedule,recursor,false,false,false,24,0,expected_environment_declaration,recursor declarations have no value body in this inventory
NumStability.InsertionScheduleTree.GreedyInsertionTree.leaf,NumStability.Algorithms.Summation.Insertion.Schedule,constructor,false,false,false,3,0,expected_environment_declaration,constructor declarations have no value body in this inventory
NumStability.InsertionScheduleTree.SiblingLeafContract.here,NumStability.Algorithms.Summation.Insertion.Schedule,constructor,false,false,false,7,0,expected_environment_declaration,constructor declarations have no value body in this inventory
NumStability.InsertionScheduleTree.TwoSmallestDeepestExchangeBranch,NumStability.Algorithms.Summation.Insertion.Schedule,inductive,false,false,false,4,0,expected_environment_declaration,inductive declarations have no value body in this inventory
NumStability.InsertionScheduleTree.GreedyInsertionTree.rec,NumStability.Algorithms.Summation.Insertion.Schedule,recursor,false,false,false,18,0,expected_environment_declaration,recursor declarations have no value body in this inventory
NumStability.InsertionScheduleTree.TwoSmallestDeepestExchangeBranch.leftDeepestSecondSmallest,NumStability.Algorithms.Summation.Insertion.Schedule,constructor,false,false,false,18,0,expected_environment_declaration,constructor declarations have no value body in this inventory
NumStability.InsertionScheduleTree.TwoSmallestDeepestExchangeBranch.noop,NumStability.Algorithms.Summation.Insertion.Schedule,constructor,false,false,false,6,0,expected_environment_declaration,constructor declarations have no value body in this inventory
NumStability.InsertionScheduleTree.GreedyInsertionTree.below.leaf,NumStability.Algorithms.Summation.Insertion.Schedule,constructor,false,false,false,6,0,expected_environment_declaration,constructor declarations have no value body in this inventory
NumStability.InsertionScheduleTree.node,NumStability.Algorithms.Summation.Insertion.Schedule,constructor,false,false,false,1,0,expected_environment_declaration,constructor declarations have no value body in this inventory
NumStability.InsertionScheduleTree.SiblingLeafContract.below.here,NumStability.Algorithms.Summation.Insertion.Schedule,constructor,false,false,false,10,0,expected_environment_declaration,constructor declarations have no value body in this inventory
NumStability.InsertionScheduleTree.rec,NumStability.Algorithms.Summation.Insertion.Schedule,recursor,false,false,false,4,0,expected_environment_declaration,recursor declarations have no value body in this inventory
NumStability.InsertionScheduleItemContract.mk,NumStability.Algorithms.Summation.Insertion.ScheduleExecution,constructor,false,false,false,8,0,expected_environment_declaration,constructor declarations have no value body in this inventory
NumStability.InsertionScheduleItemsContract.below,NumStability.Algorithms.Summation.Insertion.ScheduleExecution,inductive,false,false,false,5,0,expected_environment_declaration,inductive declarations have no value body in this inventory
NumStability.InsertionScheduleItemContract.rec,NumStability.Algorithms.Summation.Insertion.ScheduleExecution,recursor,false,false,false,9,0,expected_environment_declaration,recursor declarations have no value body in this inventory
NumStability.InsertionScheduleItemContract,NumStability.Algorithms.Summation.Insertion.ScheduleExecution,inductive,false,false,false,3,0,expected_environment_declaration,inductive declarations have no value body in this inventory
NumStability.InsertionScheduleItem.rec,NumStability.Algorithms.Summation.Insertion.ScheduleExecution,recursor,false,false,false,7,0,expected_environment_declaration,recursor declarations have no value body in this inventory
NumStability.InsertionScheduleItemsContract.below.rec,NumStability.Algorithms.Summation.Insertion.ScheduleExecution,recursor,false,false,false,12,0,expected_environment_declaration,recursor declarations have no value body in this inventory
NumStability.InsertionScheduleItemsContract.below.here,NumStability.Algorithms.Summation.Insertion.ScheduleExecution,constructor,false,false,false,9,0,expected_environment_declaration,constructor declarations have no value body in this inventory
NumStability.InsertionScheduleItemsContract.rec,NumStability.Algorithms.Summation.Insertion.ScheduleExecution,recursor,false,false,false,9,0,expected_environment_declaration,recursor declarations have no value body in this inventory
NumStability.InsertionScheduleItem.mk,NumStability.Algorithms.Summation.Insertion.ScheduleExecution,constructor,false,false,false,6,0,expected_environment_declaration,constructor declarations have no value body in this inventory
NumStability.InsertionScheduleItemsContract.below.tail,NumStability.Algorithms.Summation.Insertion.ScheduleExecution,constructor,false,false,false,8,0,expected_environment_declaration,constructor declarations have no value body in this inventory
NumStability.InsertionScheduleItemsContract.tail,NumStability.Algorithms.Summation.Insertion.ScheduleExecution,constructor,false,false,false,6,0,expected_environment_declaration,constructor declarations have no value body in this inventory
NumStability.InsertionScheduleItemsContract,NumStability.Algorithms.Summation.Insertion.ScheduleExecution,inductive,false,false,false,4,0,expected_environment_declaration,inductive declarations have no value body in this inventory
NumStability.InsertionScheduleItemsContract.here,NumStability.Algorithms.Summation.Insertion.ScheduleExecution,constructor,false,false,false,7,0,expected_environment_declaration,constructor declarations have no value body in this inventory
NumStability.InsertionScheduleItem,NumStability.Algorithms.Summation.Insertion.ScheduleExecution,inductive,false,false,false,1,0,expected_environment_declaration,inductive declarations have no value body in this inventory
NumStability.ComputedMatPowVec.mk,NumStability.Algorithms.MatrixPowers.ComputedIteration.Model,constructor,false,false,false,25,0,expected_environment_declaration,constructor declarations have no value body in this inventory
NumStability.ComputedMatPowVec,NumStability.Algorithms.MatrixPowers.ComputedIteration.Model,inductive,false,false,false,3,0,expected_environment_declaration,inductive declarations have no value body in this inventory
NumStability.ComputedMatPowVec.rec,NumStability.Algorithms.MatrixPowers.ComputedIteration.Model,recursor,false,false,false,26,0,expected_environment_declaration,recursor declarations have no value body in this inventory
NumStability.RationalOrderCertificate,NumStability.Analysis.LinearOperators.MatrixPowers.Spijker.Rational,inductive,false,false,false,2,0,expected_environment_declaration,inductive declarations have no value body in this inventory
NumStability.RationalOrderCertificate.rec,NumStability.Analysis.LinearOperators.MatrixPowers.Spijker.Rational,recursor,false,false,false,19,0,expected_environment_declaration,recursor declarations have no value body in this inventory
NumStability.RationalOrderCertificate.mk,NumStability.Analysis.LinearOperators.MatrixPowers.Spijker.Rational,constructor,false,false,false,18,0,expected_environment_declaration,constructor declarations have no value body in this inventory
NumStability.SpijkerPlanarAnalyticBridge.mk,NumStability.Analysis.LinearOperators.MatrixPowers.Spijker.PlanarAlgebra,constructor,false,false,false,88,0,expected_environment_declaration,constructor declarations have no value body in this inventory
NumStability.SpijkerPlanarAnalyticBridge.rec,NumStability.Analysis.LinearOperators.MatrixPowers.Spijker.PlanarAlgebra,recursor,false,false,false,89,0,expected_environment_declaration,recursor declarations have no value body in this inventory
NumStability.SpijkerPlanarAnalyticBridge,NumStability.Analysis.LinearOperators.MatrixPowers.Spijker.PlanarAlgebra,inductive,false,false,false,0,0,expected_environment_declaration,inductive declarations have no value body in this inventory
NumStability.Theorem20_10PartAPerturbationCertificate.rec,NumStability.Analysis.Perturbation.LeastSquares.Equality.MixedStability,recursor,false,false,false,22,0,expected_environment_declaration,recursor declarations have no value body in this inventory
NumStability.Theorem20_10PartBPerturbationCertificate,NumStability.Analysis.Perturbation.LeastSquares.Equality.MixedStability,inductive,false,false,false,6,0,expected_environment_declaration,inductive declarations have no value body in this inventory
NumStability.Theorem20_10PartAPerturbationCertificate,NumStability.Analysis.Perturbation.LeastSquares.Equality.MixedStability,inductive,false,false,false,6,0,expected_environment_declaration,inductive declarations have no value body in this inventory
NumStability.Theorem20_10PartBPerturbationCertificate.rec,NumStability.Analysis.Perturbation.LeastSquares.Equality.MixedStability,recursor,false,false,false,18,0,expected_environment_declaration,recursor declarations have no value body in this inventory
NumStability.Theorem20_10PartBPerturbationCertificate.mk,NumStability.Analysis.Perturbation.LeastSquares.Equality.MixedStability,constructor,false,false,false,17,0,expected_environment_declaration,constructor declarations have no value body in this inventory
NumStability.Theorem20_10PartAPerturbationCertificate.mk,NumStability.Analysis.Perturbation.LeastSquares.Equality.MixedStability,constructor,false,false,false,21,0,expected_environment_declaration,constructor declarations have no value body in this inventory
NumStability.Theorem20_7RowwiseBackwardError.mk,NumStability.Analysis.Perturbation.LeastSquares.Equality.RowwiseBackwardError,constructor,false,false,false,23,0,expected_environment_declaration,constructor declarations have no value body in this inventory
NumStability.Theorem20_7RowwiseBackwardError,NumStability.Analysis.Perturbation.LeastSquares.Equality.RowwiseBackwardError,inductive,false,false,false,7,0,expected_environment_declaration,inductive declarations have no value body in this inventory
NumStability.Theorem20_7RowwiseBackwardError.rec,NumStability.Analysis.Perturbation.LeastSquares.Equality.RowwiseBackwardError,recursor,false,false,false,24,0,expected_environment_declaration,recursor declarations have no value body in this inventory
NumStability.Hp48gSqrtSquareSurrogateLaws.rec,NumStability.Source.Higham.Chapter01.FloatingPointArithmetic.InstabilityWithoutCancellation,recursor,false,false,false,15,0,expected_environment_declaration,recursor declarations have no value body in this inventory
NumStability.Hp48gSqrtSquareSurrogateLaws.mk,NumStability.Source.Higham.Chapter01.FloatingPointArithmetic.InstabilityWithoutCancellation,constructor,false,false,false,14,0,expected_environment_declaration,constructor declarations have no value body in this inventory
NumStability.Hp48gSqrtSquareSurrogateLaws,NumStability.Source.Higham.Chapter01.FloatingPointArithmetic.InstabilityWithoutCancellation,inductive,false,false,false,1,0,expected_environment_declaration,inductive declarations have no value body in this inventory
NumStability.KahanAbsoluteAllOnePhaseLaws.rec,NumStability.Source.Higham.Chapter03.Problem11.KahanAbsoluteValue.Basic,recursor,false,false,false,17,0,expected_environment_declaration,recursor declarations have no value body in this inventory
NumStability.KahanAbsoluteAllOnePhaseLaws,NumStability.Source.Higham.Chapter03.Problem11.KahanAbsoluteValue.Basic,inductive,false,false,false,1,0,expected_environment_declaration,inductive declarations have no value body in this inventory
NumStability.KahanAbsoluteAllOnePhaseLaws.mk,NumStability.Source.Higham.Chapter03.Problem11.KahanAbsoluteValue.Basic,constructor,false,false,false,16,0,expected_environment_declaration,constructor declarations have no value body in this inventory
NumStability.PriestFiniteThreePairCertificates.rec,NumStability.Source.Higham.Chapter04.Algorithm03.Priest.SourceAssumptions,recursor,false,false,false,12,0,expected_environment_declaration,recursor declarations have no value body in this inventory
NumStability.PriestSourceInputAssumptions,NumStability.Source.Higham.Chapter04.Algorithm03.Priest.SourceAssumptions,inductive,false,false,false,9,0,expected_environment_declaration,inductive declarations have no value body in this inventory
NumStability.PriestFiniteExpansionStep.rec,NumStability.Source.Higham.Chapter04.Algorithm03.Priest.SourceAssumptions,recursor,false,false,false,19,0,expected_environment_declaration,recursor declarations have no value body in this inventory
NumStability.PriestSourceInputAssumptions.rec,NumStability.Source.Higham.Chapter04.Algorithm03.Priest.SourceAssumptions,recursor,false,false,false,27,0,expected_environment_declaration,recursor declarations have no value body in this inventory
NumStability.PriestFiniteExpansionStep,NumStability.Source.Higham.Chapter04.Algorithm03.Priest.SourceAssumptions,inductive,false,false,false,3,0,expected_environment_declaration,inductive declarations have no value body in this inventory
NumStability.PriestSourceInputAssumptions.mk,NumStability.Source.Higham.Chapter04.Algorithm03.Priest.SourceAssumptions,constructor,false,false,false,26,0,expected_environment_declaration,constructor declarations have no value body in this inventory
NumStability.PriestFiniteThreePairCertificates,NumStability.Source.Higham.Chapter04.Algorithm03.Priest.SourceAssumptions,inductive,false,false,false,3,0,expected_environment_declaration,inductive declarations have no value body in this inventory
NumStability.PriestFiniteExpansionStep.mk,NumStability.Source.Higham.Chapter04.Algorithm03.Priest.SourceAssumptions,constructor,false,false,false,18,0,expected_environment_declaration,constructor declarations have no value body in this inventory
NumStability.PriestFiniteThreePairCertificates.mk,NumStability.Source.Higham.Chapter04.Algorithm03.Priest.SourceAssumptions,constructor,false,false,false,11,0,expected_environment_declaration,constructor declarations have no value body in this inventory
NumStability.higham9_2_RectDoolittleSourceCertificate.mk,NumStability.Source.Higham.Chapter09.DoolittleClosure,constructor,false,false,false,43,0,expected_environment_declaration,constructor declarations have no value body in this inventory
NumStability.higham9_2_RectDoolittleSourceCertificate.rec,NumStability.Source.Higham.Chapter09.DoolittleClosure,recursor,false,false,false,44,0,expected_environment_declaration,recursor declarations have no value body in this inventory
NumStability.higham9_2_RectDoolittleSourceCertificate,NumStability.Source.Higham.Chapter09.DoolittleClosure,inductive,false,false,false,6,0,expected_environment_declaration,inductive declarations have no value body in this inventory
NumStability.PriestSourceArithmeticAssumptions,NumStability.Source.Higham.Chapter04.Algorithm03.SourceClosure.Basic,inductive,false,false,false,1,0,expected_environment_declaration,inductive declarations have no value body in this inventory
NumStability.PriestSourceOperationalLoopInvariants,NumStability.Source.Higham.Chapter04.Algorithm03.SourceClosure.Basic,inductive,false,false,false,9,0,expected_environment_declaration,inductive declarations have no value body in this inventory
NumStability.PriestSourceArithmeticAssumptions.rec,NumStability.Source.Higham.Chapter04.Algorithm03.SourceClosure.Basic,recursor,false,false,false,15,0,expected_environment_declaration,recursor declarations have no value body in this inventory
NumStability.PriestSourceOperationalLoopInvariants.mk,NumStability.Source.Higham.Chapter04.Algorithm03.SourceClosure.Basic,constructor,false,false,false,35,0,expected_environment_declaration,constructor declarations have no value body in this inventory
NumStability.PriestSourcePairLoopFacts.rec,NumStability.Source.Higham.Chapter04.Algorithm03.SourceClosure.Basic,recursor,false,false,false,15,0,expected_environment_declaration,recursor declarations have no value body in this inventory
NumStability.PriestSourceStepLoopFacts.rec,NumStability.Source.Higham.Chapter04.Algorithm03.SourceClosure.Basic,recursor,false,false,false,12,0,expected_environment_declaration,recursor declarations have no value body in this inventory
NumStability.PriestSourcePairLoopFacts.mk,NumStability.Source.Higham.Chapter04.Algorithm03.SourceClosure.Basic,constructor,false,false,false,14,0,expected_environment_declaration,constructor declarations have no value body in this inventory
NumStability.PriestSourceStepLoopFacts.mk,NumStability.Source.Higham.Chapter04.Algorithm03.SourceClosure.Basic,constructor,false,false,false,11,0,expected_environment_declaration,constructor declarations have no value body in this inventory
NumStability.PriestSourceArithmeticAssumptions.mk,NumStability.Source.Higham.Chapter04.Algorithm03.SourceClosure.Basic,constructor,false,false,false,14,0,expected_environment_declaration,constructor declarations have no value body in this inventory
NumStability.PriestSourceOperationalLoopInvariants.rec,NumStability.Source.Higham.Chapter04.Algorithm03.SourceClosure.Basic,recursor,false,false,false,36,0,expected_environment_declaration,recursor declarations have no value body in this inventory
NumStability.PriestSourceStepLoopFacts,NumStability.Source.Higham.Chapter04.Algorithm03.SourceClosure.Basic,inductive,false,false,false,3,0,expected_environment_declaration,inductive declarations have no value body in this inventory
NumStability.PriestSourcePairLoopFacts,NumStability.Source.Higham.Chapter04.Algorithm03.SourceClosure.Basic,inductive,false,false,false,2,0,expected_environment_declaration,inductive declarations have no value body in this inventory
NumStability.PsumSortedNeighborLogSearchTraceFrom,NumStability.Source.Higham.Chapter04.Equation05.OrderingExamples.Basic,inductive,false,false,false,3,0,expected_environment_declaration,inductive declarations have no value body in this inventory
NumStability.PsumLogSearchTraceFrom.below.rec,NumStability.Source.Higham.Chapter04.Equation05.OrderingExamples.Basic,recursor,false,false,false,27,0,expected_environment_declaration,recursor declarations have no value body in this inventory
NumStability.PsumGreedyOrderFrom.below,NumStability.Source.Higham.Chapter04.Equation05.OrderingExamples.Basic,inductive,false,false,false,3,0,expected_environment_declaration,inductive declarations have no value body in this inventory
NumStability.PsumLogSearchTraceFrom.nil,NumStability.Source.Higham.Chapter04.Equation05.OrderingExamples.Basic,constructor,false,false,false,6,0,expected_environment_declaration,constructor declarations have no value body in this inventory
NumStability.PsumSortedNeighborLogSearchTraceFrom.below.cons,NumStability.Source.Higham.Chapter04.Equation05.OrderingExamples.Basic,constructor,false,false,false,24,0,expected_environment_declaration,constructor declarations have no value body in this inventory
NumStability.PsumMinOrderFrom.below,NumStability.Source.Higham.Chapter04.Equation05.OrderingExamples.Basic,inductive,false,false,false,3,0,expected_environment_declaration,inductive declarations have no value body in this inventory
NumStability.PsumCountRBMap.EntryLogSearchTraceFrom.cons,NumStability.Source.Higham.Chapter04.Equation05.OrderingExamples.Basic,constructor,false,false,false,11,0,expected_environment_declaration,constructor declarations have no value body in this inventory
NumStability.PsumCountRBMap.EntryStep,NumStability.Source.Higham.Chapter04.Equation05.OrderingExamples.Basic,inductive,false,false,false,4,0,expected_environment_declaration,inductive declarations have no value body in this inventory
NumStability.PsumMinOrderFrom.cons,NumStability.Source.Higham.Chapter04.Equation05.OrderingExamples.Basic,constructor,false,false,false,15,0,expected_environment_declaration,constructor declarations have no value body in this inventory
NumStability.PsumGreedyOrderFrom.cons,NumStability.Source.Higham.Chapter04.Equation05.OrderingExamples.Basic,constructor,false,false,false,13,0,expected_environment_declaration,constructor declarations have no value body in this inventory
NumStability.PsumSortedNeighborLogSearchTraceFrom.rec,NumStability.Source.Higham.Chapter04.Equation05.OrderingExamples.Basic,recursor,false,false,false,27,0,expected_environment_declaration,recursor declarations have no value body in this inventory
NumStability.PsumLogSearchTraceFrom.below.nil,NumStability.Source.Higham.Chapter04.Equation05.OrderingExamples.Basic,constructor,false,false,false,9,0,expected_environment_declaration,constructor declarations have no value body in this inventory
NumStability.PsumGreedyOrderFrom.below.nil,NumStability.Source.Higham.Chapter04.Equation05.OrderingExamples.Basic,constructor,false,false,false,6,0,expected_environment_declaration,constructor declarations have no value body in this inventory
NumStability.PsumMinOrderFrom.below.nil,NumStability.Source.Higham.Chapter04.Equation05.OrderingExamples.Basic,constructor,false,false,false,6,0,expected_environment_declaration,constructor declarations have no value body in this inventory
NumStability.P91CancellationRounding.rec,NumStability.Source.Higham.Chapter04.Equation05.OrderingExamples.Basic,recursor,false,false,false,20,0,expected_environment_declaration,recursor declarations have no value body in this inventory
NumStability.PsumCountRBMap.EntryLogSearchTraceFrom.below.cons,NumStability.Source.Higham.Chapter04.Equation05.OrderingExamples.Basic,constructor,false,false,false,13,0,expected_environment_declaration,constructor declarations have no value body in this inventory
NumStability.PsumCountRBMap.EntryLogSearchTraceFrom.nil,NumStability.Source.Higham.Chapter04.Equation05.OrderingExamples.Basic,constructor,false,false,false,10,0,expected_environment_declaration,constructor declarations have no value body in this inventory
NumStability.PsumMinOrderFrom.nil,NumStability.Source.Higham.Chapter04.Equation05.OrderingExamples.Basic,constructor,false,false,false,3,0,expected_environment_declaration,constructor declarations have no value body in this inventory
NumStability.PsumLogSearchTraceFrom.below,NumStability.Source.Higham.Chapter04.Equation05.OrderingExamples.Basic,inductive,false,false,false,4,0,expected_environment_declaration,inductive declarations have no value body in this inventory
NumStability.PsumGreedyOrderFrom.nil,NumStability.Source.Higham.Chapter04.Equation05.OrderingExamples.Basic,constructor,false,false,false,3,0,expected_environment_declaration,constructor declarations have no value body in this inventory
NumStability.PsumCountRBMap.EntryLogSearchTraceFrom.below.rec,NumStability.Source.Higham.Chapter04.Equation05.OrderingExamples.Basic,recursor,false,false,false,21,0,expected_environment_declaration,recursor declarations have no value body in this inventory
NumStability.PsumCountRBMap.EntryLogSearchTraceFrom.below,NumStability.Source.Higham.Chapter04.Equation05.OrderingExamples.Basic,inductive,false,false,false,5,0,expected_environment_declaration,inductive declarations have no value body in this inventory
NumStability.PsumMinOrderFrom.below.rec,NumStability.Source.Higham.Chapter04.Equation05.OrderingExamples.Basic,recursor,false,false,false,21,0,expected_environment_declaration,recursor declarations have no value body in this inventory
NumStability.PsumGreedyOrderFrom.below.rec,NumStability.Source.Higham.Chapter04.Equation05.OrderingExamples.Basic,recursor,false,false,false,19,0,expected_environment_declaration,recursor declarations have no value body in this inventory
NumStability.PsumMinOrderFrom.below.cons,NumStability.Source.Higham.Chapter04.Equation05.OrderingExamples.Basic,constructor,false,false,false,17,0,expected_environment_declaration,constructor declarations have no value body in this inventory
NumStability.PsumGreedyOrderFrom.below.cons,NumStability.Source.Higham.Chapter04.Equation05.OrderingExamples.Basic,constructor,false,false,false,15,0,expected_environment_declaration,constructor declarations have no value body in this inventory
NumStability.PsumGreedyOrderFrom.rec,NumStability.Source.Higham.Chapter04.Equation05.OrderingExamples.Basic,recursor,false,false,false,16,0,expected_environment_declaration,recursor declarations have no value body in this inventory
NumStability.PsumCountRBMap.EntryLogSearchTraceFrom.below.nil,NumStability.Source.Higham.Chapter04.Equation05.OrderingExamples.Basic,constructor,false,false,false,12,0,expected_environment_declaration,constructor declarations have no value body in this inventory
NumStability.PsumMinOrderFrom.rec,NumStability.Source.Higham.Chapter04.Equation05.OrderingExamples.Basic,recursor,false,false,false,18,0,expected_environment_declaration,recursor declarations have no value body in this inventory
NumStability.PsumSortedNeighborLogSearchTraceFrom.nil,NumStability.Source.Higham.Chapter04.Equation05.OrderingExamples.Basic,constructor,false,false,false,6,0,expected_environment_declaration,constructor declarations have no value body in this inventory
NumStability.P91CancellationRounding,NumStability.Source.Higham.Chapter04.Equation05.OrderingExamples.Basic,inductive,false,false,false,2,0,expected_environment_declaration,inductive declarations have no value body in this inventory
NumStability.PsumSortedNeighborLogSearchTraceFrom.below.rec,NumStability.Source.Higham.Chapter04.Equation05.OrderingExamples.Basic,recursor,false,false,false,30,0,expected_environment_declaration,recursor declarations have no value body in this inventory
NumStability.PsumSortedNeighborLogSearchTraceFrom.below,NumStability.Source.Higham.Chapter04.Equation05.OrderingExamples.Basic,inductive,false,false,false,4,0,expected_environment_declaration,inductive declarations have no value body in this inventory
NumStability.PsumCountRBMap.EntryStep.mk,NumStability.Source.Higham.Chapter04.Equation05.OrderingExamples.Basic,constructor,false,false,false,25,0,expected_environment_declaration,constructor declarations have no value body in this inventory
NumStability.PsumCountRBMap.EntryLogSearchTraceFrom,NumStability.Source.Higham.Chapter04.Equation05.OrderingExamples.Basic,inductive,false,false,false,4,0,expected_environment_declaration,inductive declarations have no value body in this inventory
NumStability.PsumLogSearchTraceFrom.cons,NumStability.Source.Higham.Chapter04.Equation05.OrderingExamples.Basic,constructor,false,false,false,19,0,expected_environment_declaration,constructor declarations have no value body in this inventory
NumStability.PsumSortedNeighborLogSearchTraceFrom.below.nil,NumStability.Source.Higham.Chapter04.Equation05.OrderingExamples.Basic,constructor,false,false,false,9,0,expected_environment_declaration,constructor declarations have no value body in this inventory
NumStability.PsumCountRBMap.EntryStep.rec,NumStability.Source.Higham.Chapter04.Equation05.OrderingExamples.Basic,recursor,false,false,false,26,0,expected_environment_declaration,recursor declarations have no value body in this inventory
NumStability.PsumSortedNeighborLogSearchTraceFrom.cons,NumStability.Source.Higham.Chapter04.Equation05.OrderingExamples.Basic,constructor,false,false,false,22,0,expected_environment_declaration,constructor declarations have no value body in this inventory
NumStability.PsumMinOrderFrom,NumStability.Source.Higham.Chapter04.Equation05.OrderingExamples.Basic,inductive,false,false,false,2,0,expected_environment_declaration,inductive declarations have no value body in this inventory
NumStability.PsumGreedyOrderFrom,NumStability.Source.Higham.Chapter04.Equation05.OrderingExamples.Basic,inductive,false,false,false,2,0,expected_environment_declaration,inductive declarations have no value body in this inventory
NumStability.P91CancellationRounding.mk,NumStability.Source.Higham.Chapter04.Equation05.OrderingExamples.Basic,constructor,false,false,false,19,0,expected_environment_declaration,constructor declarations have no value body in this inventory
NumStability.PsumLogSearchTraceFrom.rec,NumStability.Source.Higham.Chapter04.Equation05.OrderingExamples.Basic,recursor,false,false,false,24,0,expected_environment_declaration,recursor declarations have no value body in this inventory
NumStability.PsumCountRBMap.EntryLogSearchTraceFrom.rec,NumStability.Source.Higham.Chapter04.Equation05.OrderingExamples.Basic,recursor,false,false,false,18,0,expected_environment_declaration,recursor declarations have no value body in this inventory
NumStability.PsumLogSearchTraceFrom,NumStability.Source.Higham.Chapter04.Equation05.OrderingExamples.Basic,inductive,false,false,false,3,0,expected_environment_declaration,inductive declarations have no value body in this inventory
NumStability.PsumLogSearchTraceFrom.below.cons,NumStability.Source.Higham.Chapter04.Equation05.OrderingExamples.Basic,constructor,false,false,false,21,0,expected_environment_declaration,constructor declarations have no value body in this inventory
NumStability.Problem44Term.four,NumStability.Source.Higham.Chapter04.Problem04,constructor,false,false,false,1,0,expected_environment_declaration,constructor declarations have no value body in this inventory
NumStability.Problem44Accumulator.negLarge,NumStability.Source.Higham.Chapter04.Problem04,constructor,false,false,false,1,0,expected_environment_declaration,constructor declarations have no value body in this inventory
NumStability.Problem44Term,NumStability.Source.Higham.Chapter04.Problem04,inductive,false,false,false,0,0,expected_environment_declaration,inductive declarations have no value body in this inventory
NumStability.Problem44Term.negM,NumStability.Source.Higham.Chapter04.Problem04,constructor,false,false,false,1,0,expected_environment_declaration,constructor declarations have no value body in this inventory
NumStability.Problem44Accumulator.small,NumStability.Source.Higham.Chapter04.Problem04,constructor,false,false,false,2,0,expected_environment_declaration,constructor declarations have no value body in this inventory
NumStability.Problem44Term.one,NumStability.Source.Higham.Chapter04.Problem04,constructor,false,false,false,1,0,expected_environment_declaration,constructor declarations have no value body in this inventory
NumStability.Problem44Accumulator.posLarge,NumStability.Source.Higham.Chapter04.Problem04,constructor,false,false,false,1,0,expected_environment_declaration,constructor declarations have no value body in this inventory
NumStability.Problem44Term.three,NumStability.Source.Higham.Chapter04.Problem04,constructor,false,false,false,1,0,expected_environment_declaration,constructor declarations have no value body in this inventory
NumStability.Problem44Accumulator,NumStability.Source.Higham.Chapter04.Problem04,inductive,false,false,false,0,0,expected_environment_declaration,inductive declarations have no value body in this inventory
NumStability.Problem44Term.rec,NumStability.Source.Higham.Chapter04.Problem04,recursor,false,false,false,7,0,expected_environment_declaration,recursor declarations have no value body in this inventory
NumStability.Problem44Term.posM,NumStability.Source.Higham.Chapter04.Problem04,constructor,false,false,false,1,0,expected_environment_declaration,constructor declarations have no value body in this inventory
NumStability.Problem44Term.two,NumStability.Source.Higham.Chapter04.Problem04,constructor,false,false,false,1,0,expected_environment_declaration,constructor declarations have no value body in this inventory
NumStability.Problem44Accumulator.rec,NumStability.Source.Higham.Chapter04.Problem04,recursor,false,false,false,5,0,expected_environment_declaration,recursor declarations have no value body in this inventory
NumStability.HighamChapter4KaoWang.IntegerAdditionTree,NumStability.Source.Higham.Chapter04.Section02.KaoWangCitationDiscrepancy,inductive,false,false,false,0,0,expected_environment_declaration,inductive declarations have no value body in this inventory
NumStability.HighamChapter4KaoWang.IsRecursiveOrderTree.below.addLeft,NumStability.Source.Higham.Chapter04.Section02.KaoWangCitationDiscrepancy,constructor,false,false,false,7,0,expected_environment_declaration,constructor declarations have no value body in this inventory
NumStability.HighamChapter4KaoWang.IsRecursiveOrderTree.leaf,NumStability.Source.Higham.Chapter04.Section02.KaoWangCitationDiscrepancy,constructor,false,false,false,3,0,expected_environment_declaration,constructor declarations have no value body in this inventory
NumStability.HighamChapter4KaoWang.IsRecursiveOrderTree.addLeft,NumStability.Source.Higham.Chapter04.Section02.KaoWangCitationDiscrepancy,constructor,false,false,false,5,0,expected_environment_declaration,constructor declarations have no value body in this inventory
NumStability.HighamChapter4KaoWang.IsRecursiveOrderTree.rec,NumStability.Source.Higham.Chapter04.Section02.KaoWangCitationDiscrepancy,recursor,false,false,false,8,0,expected_environment_declaration,recursor declarations have no value body in this inventory
NumStability.HighamChapter4KaoWang.IntegerAdditionTree.node,NumStability.Source.Higham.Chapter04.Section02.KaoWangCitationDiscrepancy,constructor,false,false,false,1,0,expected_environment_declaration,constructor declarations have no value body in this inventory
NumStability.HighamChapter4KaoWang.IsRecursiveOrderTree,NumStability.Source.Higham.Chapter04.Section02.KaoWangCitationDiscrepancy,inductive,false,false,false,1,0,expected_environment_declaration,inductive declarations have no value body in this inventory
NumStability.HighamChapter4KaoWang.IsRecursiveOrderTree.below.addRight,NumStability.Source.Higham.Chapter04.Section02.KaoWangCitationDiscrepancy,constructor,false,false,false,7,0,expected_environment_declaration,constructor declarations have no value body in this inventory
NumStability.HighamChapter4KaoWang.IntegerAdditionTree.rec,NumStability.Source.Higham.Chapter04.Section02.KaoWangCitationDiscrepancy,recursor,false,false,false,4,0,expected_environment_declaration,recursor declarations have no value body in this inventory
NumStability.HighamChapter4KaoWang.IsRecursiveOrderTree.below.leaf,NumStability.Source.Higham.Chapter04.Section02.KaoWangCitationDiscrepancy,constructor,false,false,false,6,0,expected_environment_declaration,constructor declarations have no value body in this inventory
NumStability.HighamChapter4KaoWang.IsRecursiveOrderTree.below.rec,NumStability.Source.Higham.Chapter04.Section02.KaoWangCitationDiscrepancy,recursor,false,false,false,12,0,expected_environment_declaration,recursor declarations have no value body in this inventory
NumStability.HighamChapter4KaoWang.IsRecursiveOrderTree.below,NumStability.Source.Higham.Chapter04.Section02.KaoWangCitationDiscrepancy,inductive,false,false,false,2,0,expected_environment_declaration,inductive declarations have no value body in this inventory
NumStability.HighamChapter4KaoWang.IntegerAdditionTree.leaf,NumStability.Source.Higham.Chapter04.Section02.KaoWangCitationDiscrepancy,constructor,false,false,false,2,0,expected_environment_declaration,constructor declarations have no value body in this inventory
NumStability.HighamChapter4KaoWang.IsRecursiveOrderTree.addRight,NumStability.Source.Higham.Chapter04.Section02.KaoWangCitationDiscrepancy,constructor,false,false,false,5,0,expected_environment_declaration,constructor declarations have no value body in this inventory
NumStability.Higham5QuinticData.rec,NumStability.Source.Higham.Chapter05.Section05.FastPolynomialEvaluation.Basic,recursor,false,false,false,3,0,expected_environment_declaration,recursor declarations have no value body in this inventory
NumStability.Higham5QuinticData,NumStability.Source.Higham.Chapter05.Section05.FastPolynomialEvaluation.Basic,inductive,false,false,false,0,0,expected_environment_declaration,inductive declarations have no value body in this inventory
NumStability.Higham5QuinticData.mk,NumStability.Source.Higham.Chapter05.Section05.FastPolynomialEvaluation.Basic,constructor,false,false,false,2,0,expected_environment_declaration,constructor declarations have no value body in this inventory
NumStability.Higham7_26RumpEigenpairCertificate.rec,NumStability.Source.Higham.Chapter07.Equation26.ComponentwiseDistance.Basic,recursor,false,false,false,29,0,expected_environment_declaration,recursor declarations have no value body in this inventory
NumStability.Higham7_26RumpEigenpairCertificate,NumStability.Source.Higham.Chapter07.Equation26.ComponentwiseDistance.Basic,inductive,false,false,false,3,0,expected_environment_declaration,inductive declarations have no value body in this inventory
NumStability.Higham7_26RumpEigenpairCertificate.mk,NumStability.Source.Higham.Chapter07.Equation26.ComponentwiseDistance.Basic,constructor,false,false,false,28,0,expected_environment_declaration,constructor declarations have no value body in this inventory
NumStability.Higham7_26FunctionalCycle.mk,NumStability.Source.Higham.Chapter07.Equation26.RumpCycle.Basic,constructor,false,false,false,14,0,expected_environment_declaration,constructor declarations have no value body in this inventory
NumStability.Higham7_26FunctionalCycle,NumStability.Source.Higham.Chapter07.Equation26.RumpCycle.Basic,inductive,false,false,false,0,0,expected_environment_declaration,inductive declarations have no value body in this inventory
NumStability.Higham7_26FunctionalCycle.rec,NumStability.Source.Higham.Chapter07.Equation26.RumpCycle.Basic,recursor,false,false,false,15,0,expected_environment_declaration,recursor declarations have no value body in this inventory
NumStability.higham9_14_CompletePivotReducedStageNorm.current,NumStability.Source.Higham.Chapter09.CompletePivotSharpClosure,constructor,false,false,false,25,0,expected_environment_declaration,constructor declarations have no value body in this inventory
NumStability.higham9_14_CompletePivotReducedStageNorm.below.current,NumStability.Source.Higham.Chapter09.CompletePivotSharpClosure,constructor,false,false,false,27,0,expected_environment_declaration,constructor declarations have no value body in this inventory
NumStability.higham9_14_CompletePivotReducedStageNorm.rec,NumStability.Source.Higham.Chapter09.CompletePivotSharpClosure,recursor,false,false,false,27,0,expected_environment_declaration,recursor declarations have no value body in this inventory
NumStability.higham9_14_CompletePivotReducedStageNorm.tail,NumStability.Source.Higham.Chapter09.CompletePivotSharpClosure,constructor,false,false,false,22,0,expected_environment_declaration,constructor declarations have no value body in this inventory
NumStability.higham9_14_CompletePivotReducedStageNorm.below.rec,NumStability.Source.Higham.Chapter09.CompletePivotSharpClosure,recursor,false,false,false,30,0,expected_environment_declaration,recursor declarations have no value body in this inventory
NumStability.higham9_14_CompletePivotReducedStageNorm.below,NumStability.Source.Higham.Chapter09.CompletePivotSharpClosure,inductive,false,false,false,5,0,expected_environment_declaration,inductive declarations have no value body in this inventory
NumStability.higham9_14_CompletePivotReducedStageNorm.below.tail,NumStability.Source.Higham.Chapter09.CompletePivotSharpClosure,constructor,false,false,false,24,0,expected_environment_declaration,constructor declarations have no value body in this inventory
NumStability.higham9_14_CompletePivotReducedStageNorm,NumStability.Source.Higham.Chapter09.CompletePivotSharpClosure,inductive,false,false,false,4,0,expected_environment_declaration,inductive declarations have no value body in this inventory
NumStability.higham9_ComplexGEPPActiveHistoryBound.skip,NumStability.Source.Higham.Chapter09.ComplexClosure,constructor,false,false,false,24,0,expected_environment_declaration,constructor declarations have no value body in this inventory
NumStability.higham9_ComplexPartialPivotGEPPUTrace.skip,NumStability.Source.Higham.Chapter09.ComplexClosure,constructor,false,false,false,17,0,expected_environment_declaration,constructor declarations have no value body in this inventory
NumStability.higham9_ComplexGEPPActiveHistoryBound.below.skip,NumStability.Source.Higham.Chapter09.ComplexClosure,constructor,false,false,false,26,0,expected_environment_declaration,constructor declarations have no value body in this inventory
NumStability.higham9_ComplexPartialPivotGEPPUTrace.below.skip,NumStability.Source.Higham.Chapter09.ComplexClosure,constructor,false,false,false,19,0,expected_environment_declaration,constructor declarations have no value body in this inventory
NumStability.higham9_ComplexGEPPActiveHistoryBound.below.pivot,NumStability.Source.Higham.Chapter09.ComplexClosure,constructor,false,false,false,29,0,expected_environment_declaration,constructor declarations have no value body in this inventory
NumStability.higham9_ComplexPartialPivotGEPPUTrace.below.pivot,NumStability.Source.Higham.Chapter09.ComplexClosure,constructor,false,false,false,22,0,expected_environment_declaration,constructor declarations have no value body in this inventory
NumStability.higham9_ComplexPartialPivotGEPPUTrace,NumStability.Source.Higham.Chapter09.ComplexClosure,inductive,false,false,false,3,0,expected_environment_declaration,inductive declarations have no value body in this inventory
NumStability.higham9_ComplexGEPPActiveHistoryBound,NumStability.Source.Higham.Chapter09.ComplexClosure,inductive,false,false,false,5,0,expected_environment_declaration,inductive declarations have no value body in this inventory
NumStability.higham9_ComplexGEPPActiveHistoryBound.below.done,NumStability.Source.Higham.Chapter09.ComplexClosure,constructor,false,false,false,11,0,expected_environment_declaration,constructor declarations have no value body in this inventory
NumStability.higham9_ComplexPartialPivotGEPPUTrace.below.done,NumStability.Source.Higham.Chapter09.ComplexClosure,constructor,false,false,false,8,0,expected_environment_declaration,constructor declarations have no value body in this inventory
NumStability.higham9_ComplexPartialPivotGEPPUTrace.below.rec,NumStability.Source.Higham.Chapter09.ComplexClosure,recursor,false,false,false,29,0,expected_environment_declaration,recursor declarations have no value body in this inventory
NumStability.higham9_ComplexGEPPActiveHistoryBound.below.rec,NumStability.Source.Higham.Chapter09.ComplexClosure,recursor,false,false,false,38,0,expected_environment_declaration,recursor declarations have no value body in this inventory
NumStability.higham9_ComplexGEPPActiveHistoryBound.rec,NumStability.Source.Higham.Chapter09.ComplexClosure,recursor,false,false,false,34,0,expected_environment_declaration,recursor declarations have no value body in this inventory
NumStability.higham9_ComplexPartialPivotGEPPUTrace.rec,NumStability.Source.Higham.Chapter09.ComplexClosure,recursor,false,false,false,25,0,expected_environment_declaration,recursor declarations have no value body in this inventory
NumStability.higham9_ComplexPartialPivotGEPPUTrace.pivot,NumStability.Source.Higham.Chapter09.ComplexClosure,constructor,false,false,false,20,0,expected_environment_declaration,constructor declarations have no value body in this inventory
NumStability.higham9_ComplexGEPPActiveHistoryBound.pivot,NumStability.Source.Higham.Chapter09.ComplexClosure,constructor,false,false,false,27,0,expected_environment_declaration,constructor declarations have no value body in this inventory
NumStability.higham9_ComplexPartialPivotGEPPUTrace.done,NumStability.Source.Higham.Chapter09.ComplexClosure,constructor,false,false,false,6,0,expected_environment_declaration,constructor declarations have no value body in this inventory
NumStability.higham9_ComplexGEPPActiveHistoryBound.done,NumStability.Source.Higham.Chapter09.ComplexClosure,constructor,false,false,false,8,0,expected_environment_declaration,constructor declarations have no value body in this inventory
NumStability.higham9_ComplexGEPPActiveHistoryBound.below,NumStability.Source.Higham.Chapter09.ComplexClosure,inductive,false,false,false,6,0,expected_environment_declaration,inductive declarations have no value body in this inventory
NumStability.higham9_ComplexPartialPivotGEPPUTrace.below,NumStability.Source.Higham.Chapter09.ComplexClosure,inductive,false,false,false,4,0,expected_environment_declaration,inductive declarations have no value body in this inventory
NumStability.higham9_7_LeadingTieGEPPTrace.step,NumStability.Source.Higham.Chapter09.Theorem97Classification,constructor,false,false,false,25,0,expected_environment_declaration,constructor declarations have no value body in this inventory
NumStability.higham9_7_LeadingTieGEPPTrace.below.rec,NumStability.Source.Higham.Chapter09.Theorem97Classification,recursor,false,false,false,30,0,expected_environment_declaration,recursor declarations have no value body in this inventory
NumStability.higham9_7_LeadingTieGEPPTrace.below,NumStability.Source.Higham.Chapter09.Theorem97Classification,inductive,false,false,false,4,0,expected_environment_declaration,inductive declarations have no value body in this inventory
NumStability.higham9_7_LeadingTieGEPPTrace.done,NumStability.Source.Higham.Chapter09.Theorem97Classification,constructor,false,false,false,8,0,expected_environment_declaration,constructor declarations have no value body in this inventory
NumStability.higham9_7_LeadingTieGEPPTrace,NumStability.Source.Higham.Chapter09.Theorem97Classification,inductive,false,false,false,3,0,expected_environment_declaration,inductive declarations have no value body in this inventory
NumStability.higham9_7_LeadingTieGEPPTrace.below.step,NumStability.Source.Higham.Chapter09.Theorem97Classification,constructor,false,false,false,27,0,expected_environment_declaration,constructor declarations have no value body in this inventory
NumStability.higham9_7_LeadingTieGEPPTrace.rec,NumStability.Source.Higham.Chapter09.Theorem97Classification,recursor,false,false,false,27,0,expected_environment_declaration,recursor declarations have no value body in this inventory
NumStability.higham9_7_LeadingTieGEPPTrace.below.done,NumStability.Source.Higham.Chapter09.Theorem97Classification,constructor,false,false,false,10,0,expected_environment_declaration,constructor declarations have no value body in this inventory
NumStability.Higham10KahanSharpnessSourceCertificate,NumStability.Source.Higham.Chapter10.Lemma13.KahanSharpness.GramFamily,inductive,false,false,false,2,0,expected_environment_declaration,inductive declarations have no value body in this inventory
NumStability.Higham10KahanSharpnessSourceCertificate.mk,NumStability.Source.Higham.Chapter10.Lemma13.KahanSharpness.GramFamily,constructor,false,false,false,43,0,expected_environment_declaration,constructor declarations have no value body in this inventory
NumStability.Higham10KahanSharpnessSourceCertificate.rec,NumStability.Source.Higham.Chapter10.Lemma13.KahanSharpness.GramFamily,recursor,false,false,false,44,0,expected_environment_declaration,recursor declarations have no value body in this inventory
NumStability.Higham10CpActualCertificate.rec,NumStability.Source.Higham.Chapter10.Theorem14.CompletePivotedPSD.ActualRun,recursor,false,false,false,36,0,expected_environment_declaration,recursor declarations have no value body in this inventory
NumStability.Higham10CompletePivotedPSDOutput.rec,NumStability.Source.Higham.Chapter10.Theorem14.CompletePivotedPSD.ActualRun,recursor,false,false,false,5,0,expected_environment_declaration,recursor declarations have no value body in this inventory
NumStability.Higham10CompletePivotedPSDOutput,NumStability.Source.Higham.Chapter10.Theorem14.CompletePivotedPSD.ActualRun,inductive,false,false,false,1,0,expected_environment_declaration,inductive declarations have no value body in this inventory
NumStability.Higham10CompletePivotedPSDOutput.mk,NumStability.Source.Higham.Chapter10.Theorem14.CompletePivotedPSD.ActualRun,constructor,false,false,false,4,0,expected_environment_declaration,constructor declarations have no value body in this inventory
NumStability.Higham10CpActualCertificate.mk,NumStability.Source.Higham.Chapter10.Theorem14.CompletePivotedPSD.ActualRun,constructor,false,false,false,35,0,expected_environment_declaration,constructor declarations have no value body in this inventory
NumStability.Higham10CpActualCertificate,NumStability.Source.Higham.Chapter10.Theorem14.CompletePivotedPSD.ActualRun,inductive,false,false,false,8,0,expected_environment_declaration,inductive declarations have no value body in this inventory
NumStability.Ch11Closure.AasenAdjacentGEPP.DGTTRFData,NumStability.Source.Higham.Chapter11.AasenAdjacentPivotTridiagExecutor,inductive,false,false,false,1,0,expected_environment_declaration,inductive declarations have no value body in this inventory
NumStability.Ch11Closure.AasenAdjacentGEPP.DGTTRFData.rec,NumStability.Source.Higham.Chapter11.AasenAdjacentPivotTridiagExecutor,recursor,false,false,false,6,0,expected_environment_declaration,recursor declarations have no value body in this inventory
NumStability.Ch11Closure.AasenAdjacentGEPP.DGTTRFData.mk,NumStability.Source.Higham.Chapter11.AasenAdjacentPivotTridiagExecutor,constructor,false,false,false,5,0,expected_environment_declaration,constructor declarations have no value body in this inventory
NumStability.Higham11ExactBunchTrace.two,NumStability.Source.Higham.Chapter11.Bunch.ExactTrace,constructor,false,false,false,25,0,expected_environment_declaration,constructor declarations have no value body in this inventory
NumStability.Higham11ExactBunchTrace.rec,NumStability.Source.Higham.Chapter11.Bunch.ExactTrace,recursor,false,false,false,31,0,expected_environment_declaration,recursor declarations have no value body in this inventory
NumStability.Higham11ExactBunchTrace.nil,NumStability.Source.Higham.Chapter11.Bunch.ExactTrace,constructor,false,false,false,5,0,expected_environment_declaration,constructor declarations have no value body in this inventory
NumStability.Higham11ExactBunchTrace,NumStability.Source.Higham.Chapter11.Bunch.ExactTrace,inductive,false,false,false,2,0,expected_environment_declaration,inductive declarations have no value body in this inventory
NumStability.Higham11ExactBunchTrace.one,NumStability.Source.Higham.Chapter11.Bunch.ExactTrace,constructor,false,false,false,25,0,expected_environment_declaration,constructor declarations have no value body in this inventory
NumStability.Higham11BunchSharpBlockCertificate.below.singleton,NumStability.Source.Higham.Chapter11.Bunch.SharpGrowthBridge,constructor,false,false,false,24,0,expected_environment_declaration,constructor declarations have no value body in this inventory
NumStability.Higham11BunchSharpBlockCertificate.singleton,NumStability.Source.Higham.Chapter11.Bunch.SharpGrowthBridge,constructor,false,false,false,21,0,expected_environment_declaration,constructor declarations have no value body in this inventory
NumStability.Higham11BunchSharpBlockCertificate.rec,NumStability.Source.Higham.Chapter11.Bunch.SharpGrowthBridge,recursor,false,false,false,34,0,expected_environment_declaration,recursor declarations have no value body in this inventory
NumStability.Higham11BunchSharpBlock,NumStability.Source.Higham.Chapter11.Bunch.SharpGrowthBridge,inductive,false,false,false,0,0,expected_environment_declaration,inductive declarations have no value body in this inventory
NumStability.Higham11BunchSharpBlock.mk,NumStability.Source.Higham.Chapter11.Bunch.SharpGrowthBridge,constructor,false,false,false,26,0,expected_environment_declaration,constructor declarations have no value body in this inventory
NumStability.Higham11BunchSharpBlockCertificate.below.cons,NumStability.Source.Higham.Chapter11.Bunch.SharpGrowthBridge,constructor,false,false,false,33,0,expected_environment_declaration,constructor declarations have no value body in this inventory
NumStability.Higham11BunchSharpBlock.rec,NumStability.Source.Higham.Chapter11.Bunch.SharpGrowthBridge,recursor,false,false,false,27,0,expected_environment_declaration,recursor declarations have no value body in this inventory
NumStability.Higham11BunchSharpBlockCertificate.cons,NumStability.Source.Higham.Chapter11.Bunch.SharpGrowthBridge,constructor,false,false,false,31,0,expected_environment_declaration,constructor declarations have no value body in this inventory
NumStability.Higham11BunchSharpBlockCertificate.below.rec,NumStability.Source.Higham.Chapter11.Bunch.SharpGrowthBridge,recursor,false,false,false,37,0,expected_environment_declaration,recursor declarations have no value body in this inventory
NumStability.Higham11BunchSharpBlockCertificate.below,NumStability.Source.Higham.Chapter11.Bunch.SharpGrowthBridge,inductive,false,false,false,3,0,expected_environment_declaration,inductive declarations have no value body in this inventory
NumStability.Higham11BunchSharpBlockCertificate,NumStability.Source.Higham.Chapter11.Bunch.SharpGrowthBridge,inductive,false,false,false,2,0,expected_environment_declaration,inductive declarations have no value body in this inventory
NumStability.Higham11BunchCertifiedExecution,NumStability.Source.Higham.Chapter11.Bunch.ActualSharpGrowthClosure,inductive,false,false,false,2,0,expected_environment_declaration,inductive declarations have no value body in this inventory
NumStability.Higham11BunchCertifiedExecution.ReachedPrefix,NumStability.Source.Higham.Chapter11.Bunch.ActualSharpGrowthClosure,inductive,false,false,false,3,0,expected_environment_declaration,inductive declarations have no value body in this inventory
NumStability.Higham11BunchCertifiedExecution.mk,NumStability.Source.Higham.Chapter11.Bunch.ActualSharpGrowthClosure,constructor,false,false,false,11,0,expected_environment_declaration,constructor declarations have no value body in this inventory
NumStability.Higham11BunchCertifiedExecution.ReachedPrefix.rec,NumStability.Source.Higham.Chapter11.Bunch.ActualSharpGrowthClosure,recursor,false,false,false,12,0,expected_environment_declaration,recursor declarations have no value body in this inventory
NumStability.Higham11BunchCertifiedExecution.rec,NumStability.Source.Higham.Chapter11.Bunch.ActualSharpGrowthClosure,recursor,false,false,false,12,0,expected_environment_declaration,recursor declarations have no value body in this inventory
NumStability.Higham11BunchCertifiedExecution.ReachedPrefix.mk,NumStability.Source.Higham.Chapter11.Bunch.ActualSharpGrowthClosure,constructor,false,false,false,11,0,expected_environment_declaration,constructor declarations have no value body in this inventory
NumStability.PrefixPrincipalMinor.mk,NumStability.Source.Higham.Chapter11.Bunch.TraceHadamard,constructor,false,false,false,25,0,expected_environment_declaration,constructor declarations have no value body in this inventory
NumStability.PrefixPrincipalMinor.rec,NumStability.Source.Higham.Chapter11.Bunch.TraceHadamard,recursor,false,false,false,26,0,expected_environment_declaration,recursor declarations have no value body in this inventory
NumStability.PrefixPrincipalMinor,NumStability.Source.Higham.Chapter11.Bunch.TraceHadamard,inductive,false,false,false,4,0,expected_environment_declaration,inductive declarations have no value body in this inventory
NumStability.Higham11ExactBunchKaufmanTrace,NumStability.Source.Higham.Chapter11.BunchKaufman.Exact.Trace,inductive,false,false,false,2,0,expected_environment_declaration,inductive declarations have no value body in this inventory
NumStability.Higham11ExactBunchKaufmanTrace.rec,NumStability.Source.Higham.Chapter11.BunchKaufman.Exact.Trace,recursor,false,false,false,35,0,expected_environment_declaration,recursor declarations have no value body in this inventory
NumStability.Higham11ExactBunchKaufmanTrace.case4,NumStability.Source.Higham.Chapter11.BunchKaufman.Exact.Trace,constructor,false,false,false,22,0,expected_environment_declaration,constructor declarations have no value body in this inventory
NumStability.Higham11ExactBunchKaufmanTrace.case3,NumStability.Source.Higham.Chapter11.BunchKaufman.Exact.Trace,constructor,false,false,false,22,0,expected_environment_declaration,constructor declarations have no value body in this inventory
NumStability.Higham11ExactBunchKaufmanTrace.nil,NumStability.Source.Higham.Chapter11.BunchKaufman.Exact.Trace,constructor,false,false,false,5,0,expected_environment_declaration,constructor declarations have no value body in this inventory
NumStability.Higham11ExactBunchKaufmanTrace.case1,NumStability.Source.Higham.Chapter11.BunchKaufman.Exact.Trace,constructor,false,false,false,22,0,expected_environment_declaration,constructor declarations have no value body in this inventory
NumStability.Higham11ExactBunchKaufmanTrace.case2,NumStability.Source.Higham.Chapter11.BunchKaufman.Exact.Trace,constructor,false,false,false,22,0,expected_environment_declaration,constructor declarations have no value body in this inventory
NumStability.Higham11ExactBunchKaufmanTrace.noAction,NumStability.Source.Higham.Chapter11.BunchKaufman.Exact.Trace,constructor,false,false,false,22,0,expected_environment_declaration,constructor declarations have no value body in this inventory
NumStability.Higham11RoundedBunchKaufmanExecution.case2,NumStability.Source.Higham.Chapter11.BunchKaufman.Rounded.Execution,constructor,false,false,false,23,0,expected_environment_declaration,constructor declarations have no value body in this inventory
NumStability.Higham11RoundedBunchKaufmanExecution.AllTwoSolveCertificates.below.noAction,NumStability.Source.Higham.Chapter11.BunchKaufman.Rounded.Execution,constructor,false,false,false,45,0,expected_environment_declaration,constructor declarations have no value body in this inventory
NumStability.Higham11RoundedBunchKaufmanExecution.AllTwoSolveCertificates.noAction,NumStability.Source.Higham.Chapter11.BunchKaufman.Rounded.Execution,constructor,false,false,false,43,0,expected_environment_declaration,constructor declarations have no value body in this inventory
NumStability.Higham11RoundedBunchKaufmanExecution.noAction,NumStability.Source.Higham.Chapter11.BunchKaufman.Rounded.Execution,constructor,false,false,false,23,0,expected_environment_declaration,constructor declarations have no value body in this inventory
NumStability.Higham11RoundedBunchKaufmanExecution.AllTwoSolveCertificates.below.case2,NumStability.Source.Higham.Chapter11.BunchKaufman.Rounded.Execution,constructor,false,false,false,45,0,expected_environment_declaration,constructor declarations have no value body in this inventory
NumStability.Higham11RoundedBunchKaufmanExecution.case4,NumStability.Source.Higham.Chapter11.BunchKaufman.Rounded.Execution,constructor,false,false,false,28,0,expected_environment_declaration,constructor declarations have no value body in this inventory
NumStability.Higham11RoundedBunchKaufmanExecution.AllTwoSolveCertificates.below.case1,NumStability.Source.Higham.Chapter11.BunchKaufman.Rounded.Execution,constructor,false,false,false,45,0,expected_environment_declaration,constructor declarations have no value body in this inventory
NumStability.Higham11RoundedBunchKaufmanExecution.AllTwoSolveCertificates.case3,NumStability.Source.Higham.Chapter11.BunchKaufman.Rounded.Execution,constructor,false,false,false,43,0,expected_environment_declaration,constructor declarations have no value body in this inventory
NumStability.Higham11RoundedBunchKaufmanExecution.case1,NumStability.Source.Higham.Chapter11.BunchKaufman.Rounded.Execution,constructor,false,false,false,23,0,expected_environment_declaration,constructor declarations have no value body in this inventory
NumStability.Higham11RoundedBunchKaufmanExecution.AllTwoSolveCertificates.below.nil,NumStability.Source.Higham.Chapter11.BunchKaufman.Rounded.Execution,constructor,false,false,false,28,0,expected_environment_declaration,constructor declarations have no value body in this inventory
NumStability.Higham11RoundedBunchKaufmanExecution.AllTwoSolveCertificates.below.case4Breakdown,NumStability.Source.Higham.Chapter11.BunchKaufman.Rounded.Execution,constructor,false,false,false,47,0,expected_environment_declaration,constructor declarations have no value body in this inventory
NumStability.Higham11RoundedBunchKaufmanExecution.case4Breakdown,NumStability.Source.Higham.Chapter11.BunchKaufman.Rounded.Execution,constructor,false,false,false,26,0,expected_environment_declaration,constructor declarations have no value body in this inventory
NumStability.Higham11RoundedBunchKaufmanExecution.AllTwoSolveCertificates.below,NumStability.Source.Higham.Chapter11.BunchKaufman.Rounded.Execution,inductive,false,false,false,25,0,expected_environment_declaration,inductive declarations have no value body in this inventory
NumStability.Higham11RoundedBunchKaufmanExecution.AllTwoSolveCertificates.below.case3,NumStability.Source.Higham.Chapter11.BunchKaufman.Rounded.Execution,constructor,false,false,false,45,0,expected_environment_declaration,constructor declarations have no value body in this inventory
NumStability.Higham11RoundedBunchKaufmanExecution.AllTwoSolveCertificates.case4,NumStability.Source.Higham.Chapter11.BunchKaufman.Rounded.Execution,constructor,false,false,false,61,0,expected_environment_declaration,constructor declarations have no value body in this inventory
NumStability.Higham11RoundedBunchKaufmanExecution.AllTwoSolveCertificates.below.case4,NumStability.Source.Higham.Chapter11.BunchKaufman.Rounded.Execution,constructor,false,false,false,63,0,expected_environment_declaration,constructor declarations have no value body in this inventory
NumStability.Higham11RoundedBunchKaufmanExecution.AllTwoSolveCertificates,NumStability.Source.Higham.Chapter11.BunchKaufman.Rounded.Execution,inductive,false,false,false,24,0,expected_environment_declaration,inductive declarations have no value body in this inventory
NumStability.Higham11RoundedBunchKaufmanExecution.AllTwoSolveCertificates.case2,NumStability.Source.Higham.Chapter11.BunchKaufman.Rounded.Execution,constructor,false,false,false,43,0,expected_environment_declaration,constructor declarations have no value body in this inventory
NumStability.Higham11RoundedBunchKaufmanExecution.rec,NumStability.Source.Higham.Chapter11.BunchKaufman.Rounded.Execution,recursor,false,false,false,42,0,expected_environment_declaration,recursor declarations have no value body in this inventory
NumStability.Higham11RoundedBunchKaufmanExecution,NumStability.Source.Higham.Chapter11.BunchKaufman.Rounded.Execution,inductive,false,false,false,3,0,expected_environment_declaration,inductive declarations have no value body in this inventory
NumStability.Higham11RoundedBunchKaufmanExecution.AllTwoSolveCertificates.below.rec,NumStability.Source.Higham.Chapter11.BunchKaufman.Rounded.Execution,recursor,false,false,false,89,0,expected_environment_declaration,recursor declarations have no value body in this inventory
NumStability.Higham11RoundedBunchKaufmanExecution.AllTwoSolveCertificates.case4Breakdown,NumStability.Source.Higham.Chapter11.BunchKaufman.Rounded.Execution,constructor,false,false,false,44,0,expected_environment_declaration,constructor declarations have no value body in this inventory
NumStability.Higham11RoundedBunchKaufmanExecution.AllTwoSolveCertificates.nil,NumStability.Source.Higham.Chapter11.BunchKaufman.Rounded.Execution,constructor,false,false,false,25,0,expected_environment_declaration,constructor declarations have no value body in this inventory
NumStability.Higham11RoundedBunchKaufmanExecution.nil,NumStability.Source.Higham.Chapter11.BunchKaufman.Rounded.Execution,constructor,false,false,false,6,0,expected_environment_declaration,constructor declarations have no value body in this inventory
NumStability.Higham11RoundedBunchKaufmanExecution.AllTwoSolveCertificates.case1,NumStability.Source.Higham.Chapter11.BunchKaufman.Rounded.Execution,constructor,false,false,false,43,0,expected_environment_declaration,constructor declarations have no value body in this inventory
NumStability.Higham11RoundedBunchKaufmanExecution.case3,NumStability.Source.Higham.Chapter11.BunchKaufman.Rounded.Execution,constructor,false,false,false,23,0,expected_environment_declaration,constructor declarations have no value body in this inventory
NumStability.Higham11RoundedBunchKaufmanExecution.AllTwoSolveCertificates.rec,NumStability.Source.Higham.Chapter11.BunchKaufman.Rounded.Execution,recursor,false,false,false,81,0,expected_environment_declaration,recursor declarations have no value body in this inventory
NumStability.Higham11RookExecutorAdapter.Higham11ExactRookTrace.nil,NumStability.Source.Higham.Chapter11.Rook.ExactTrace,constructor,false,false,false,5,0,expected_environment_declaration,constructor declarations have no value body in this inventory
NumStability.Higham11RookExecutorAdapter.Higham11ExactRookTrace.two,NumStability.Source.Higham.Chapter11.Rook.ExactTrace,constructor,false,false,false,18,0,expected_environment_declaration,constructor declarations have no value body in this inventory
NumStability.Higham11RookExecutorAdapter.Higham11ExactRookTrace.rec,NumStability.Source.Higham.Chapter11.Rook.ExactTrace,recursor,false,false,false,24,0,expected_environment_declaration,recursor declarations have no value body in this inventory
NumStability.Higham11RookExecutorAdapter.Higham11ExactRookTrace,NumStability.Source.Higham.Chapter11.Rook.ExactTrace,inductive,false,false,false,2,0,expected_environment_declaration,inductive declarations have no value body in this inventory
NumStability.Higham11RookExecutorAdapter.Higham11ExactRookTrace.one,NumStability.Source.Higham.Chapter11.Rook.ExactTrace,constructor,false,false,false,18,0,expected_environment_declaration,constructor declarations have no value body in this inventory
NumStability.Higham11ExactSkewTrace.noAction,NumStability.Source.Higham.Chapter11.Skew.ExactTrace,constructor,false,false,false,17,0,expected_environment_declaration,constructor declarations have no value body in this inventory
NumStability.Higham11ExactSkewTrace.nil,NumStability.Source.Higham.Chapter11.Skew.ExactTrace,constructor,false,false,false,5,0,expected_environment_declaration,constructor declarations have no value body in this inventory
NumStability.Higham11ExactSkewTrace,NumStability.Source.Higham.Chapter11.Skew.ExactTrace,inductive,false,false,false,2,0,expected_environment_declaration,inductive declarations have no value body in this inventory
NumStability.Higham11ExactSkewTrace.singleton,NumStability.Source.Higham.Chapter11.Skew.ExactTrace,constructor,false,false,false,6,0,expected_environment_declaration,constructor declarations have no value body in this inventory
NumStability.Higham11ExactSkewTrace.rec,NumStability.Source.Higham.Chapter11.Skew.ExactTrace,recursor,false,false,false,22,0,expected_environment_declaration,recursor declarations have no value body in this inventory
NumStability.Higham11ExactSkewTrace.two,NumStability.Source.Higham.Chapter11.Skew.ExactTrace,constructor,false,false,false,17,0,expected_environment_declaration,constructor declarations have no value body in this inventory
NumStability.Higham13BlockLUBudgetChain.succ,NumStability.Source.Higham.Chapter13.Equation22,constructor,false,false,false,41,0,expected_environment_declaration,constructor declarations have no value body in this inventory
NumStability.Higham13BlockLUBudgetChain,NumStability.Source.Higham.Chapter13.Equation22,inductive,false,false,false,11,0,expected_environment_declaration,inductive declarations have no value body in this inventory
NumStability.Higham13BlockLUBudgetChain.rec,NumStability.Source.Higham.Chapter13.Equation22,recursor,false,false,false,44,0,expected_environment_declaration,recursor declarations have no value body in this inventory
NumStability.Higham13BlockLUBudgetChain.below.one,NumStability.Source.Higham.Chapter13.Equation22,constructor,false,false,false,21,0,expected_environment_declaration,constructor declarations have no value body in this inventory
NumStability.Higham13BlockLUBudgetChain.one,NumStability.Source.Higham.Chapter13.Equation22,constructor,false,false,false,16,0,expected_environment_declaration,constructor declarations have no value body in this inventory
NumStability.Higham13BlockLUBudgetChain.below.succ,NumStability.Source.Higham.Chapter13.Equation22,constructor,false,false,false,43,0,expected_environment_declaration,constructor declarations have no value body in this inventory
NumStability.Higham13BlockLUBudgetChain.below.rec,NumStability.Source.Higham.Chapter13.Equation22,recursor,false,false,false,47,0,expected_environment_declaration,recursor declarations have no value body in this inventory
NumStability.Higham13BlockLUBudgetChain.below,NumStability.Source.Higham.Chapter13.Equation22,inductive,false,false,false,12,0,expected_environment_declaration,inductive declarations have no value body in this inventory
NumStability.Ch14Ext.Ch14Cor147ConcreteInverseEnvelopeBridge.mk,NumStability.Source.Higham.Chapter14.Corollary07.DiagonalDominance.Closure,constructor,false,false,false,30,0,expected_environment_declaration,constructor declarations have no value body in this inventory
NumStability.Ch14Ext.Ch14Cor147ConcreteInverseEnvelopeBridge,NumStability.Source.Higham.Chapter14.Corollary07.DiagonalDominance.Closure,inductive,false,false,false,4,0,expected_environment_declaration,inductive declarations have no value body in this inventory
NumStability.Ch14Ext.Ch14Cor147ConcreteInverseEnvelopeBridge.rec,NumStability.Source.Higham.Chapter14.Corollary07.DiagonalDominance.Closure,recursor,false,false,false,31,0,expected_environment_declaration,recursor declarations have no value body in this inventory
NumStability.PartitionedLUComputationFirstOrder.below.step,NumStability.Source.Higham.Chapter13.Theorem05.ErrorAnalysis,constructor,false,false,false,36,0,expected_environment_declaration,constructor declarations have no value body in this inventory
NumStability.PartitionedLUComputationFirstOrder.below.base,NumStability.Source.Higham.Chapter13.Theorem05.ErrorAnalysis,constructor,false,false,false,14,0,expected_environment_declaration,constructor declarations have no value body in this inventory
NumStability.PartitionedLUComputationFirstOrder.base,NumStability.Source.Higham.Chapter13.Theorem05.ErrorAnalysis,constructor,false,false,false,12,0,expected_environment_declaration,constructor declarations have no value body in this inventory
NumStability.PartitionedLUComputationFirstOrder.below,NumStability.Source.Higham.Chapter13.Theorem05.ErrorAnalysis,inductive,false,false,false,5,0,expected_environment_declaration,inductive declarations have no value body in this inventory
NumStability.PartitionedLUComputationFirstOrder,NumStability.Source.Higham.Chapter13.Theorem05.ErrorAnalysis,inductive,false,false,false,4,0,expected_environment_declaration,inductive declarations have no value body in this inventory
NumStability.PartitionedLUComputationFirstOrder.step,NumStability.Source.Higham.Chapter13.Theorem05.ErrorAnalysis,constructor,false,false,false,34,0,expected_environment_declaration,constructor declarations have no value body in this inventory
NumStability.PartitionedLUComputationFirstOrder.below.rec,NumStability.Source.Higham.Chapter13.Theorem05.ErrorAnalysis,recursor,false,false,false,39,0,expected_environment_declaration,recursor declarations have no value body in this inventory
NumStability.PartitionedLUComputationFirstOrder.rec,NumStability.Source.Higham.Chapter13.Theorem05.ErrorAnalysis,recursor,false,false,false,36,0,expected_environment_declaration,recursor declarations have no value body in this inventory
NumStability.Higham13PartitionedLUScalarFamilyComputation.rec,NumStability.Source.Higham.Chapter13.Theorem05.FamilyErrorAnalysis,recursor,false,false,false,25,0,expected_environment_declaration,recursor declarations have no value body in this inventory
NumStability.Higham13PartitionedLUScalarFamilyComputation.below.base,NumStability.Source.Higham.Chapter13.Theorem05.FamilyErrorAnalysis,constructor,false,false,false,19,0,expected_environment_declaration,constructor declarations have no value body in this inventory
NumStability.Higham13PartitionedLUScalarFamilyComputation,NumStability.Source.Higham.Chapter13.Theorem05.FamilyErrorAnalysis,inductive,false,false,false,4,0,expected_environment_declaration,inductive declarations have no value body in this inventory
NumStability.Higham13PartitionedLUScalarFamilyComputation.below.step,NumStability.Source.Higham.Chapter13.Theorem05.FamilyErrorAnalysis,constructor,false,false,false,25,0,expected_environment_declaration,constructor declarations have no value body in this inventory
NumStability.Higham13PartitionedLUScalarFamilyComputation.base,NumStability.Source.Higham.Chapter13.Theorem05.FamilyErrorAnalysis,constructor,false,false,false,17,0,expected_environment_declaration,constructor declarations have no value body in this inventory
NumStability.Higham13PartitionedLUScalarFamilyComputation.below.rec,NumStability.Source.Higham.Chapter13.Theorem05.FamilyErrorAnalysis,recursor,false,false,false,28,0,expected_environment_declaration,recursor declarations have no value body in this inventory
NumStability.Higham13PartitionedLUFamilySpec.rec,NumStability.Source.Higham.Chapter13.Theorem05.FamilyErrorAnalysis,recursor,false,false,false,27,0,expected_environment_declaration,recursor declarations have no value body in this inventory
NumStability.Higham13PartitionedLUScalarFamilyComputation.below,NumStability.Source.Higham.Chapter13.Theorem05.FamilyErrorAnalysis,inductive,false,false,false,5,0,expected_environment_declaration,inductive declarations have no value body in this inventory
NumStability.Higham13PartitionedLUFamilySpec.mk,NumStability.Source.Higham.Chapter13.Theorem05.FamilyErrorAnalysis,constructor,false,false,false,26,0,expected_environment_declaration,constructor declarations have no value body in this inventory
NumStability.Higham13PartitionedLUScalarFamilyComputation.step,NumStability.Source.Higham.Chapter13.Theorem05.FamilyErrorAnalysis,constructor,false,false,false,23,0,expected_environment_declaration,constructor declarations have no value body in this inventory
NumStability.Higham13PartitionedLUFamilySpec,NumStability.Source.Higham.Chapter13.Theorem05.FamilyErrorAnalysis,inductive,false,false,false,10,0,expected_environment_declaration,inductive declarations have no value body in this inventory
NumStability.Algorithm13_3Implementation2ExplicitInverseSpec.rec,NumStability.Source.Higham.Chapter13.Section01.OperationModels,recursor,false,false,false,10,0,expected_environment_declaration,recursor declarations have no value body in this inventory
NumStability.Algorithm13_3Implementation2ExplicitInverseSpec,NumStability.Source.Higham.Chapter13.Section01.OperationModels,inductive,false,false,false,3,0,expected_environment_declaration,inductive declarations have no value body in this inventory
NumStability.Algorithm13_3Implementation1LocalSpec,NumStability.Source.Higham.Chapter13.Section01.OperationModels,inductive,false,false,false,3,0,expected_environment_declaration,inductive declarations have no value body in this inventory
NumStability.Algorithm13_3Implementation1LocalSpec.mk,NumStability.Source.Higham.Chapter13.Section01.OperationModels,constructor,false,false,false,6,0,expected_environment_declaration,constructor declarations have no value body in this inventory
NumStability.Algorithm13_3Implementation2ExplicitInverseSpec.mk,NumStability.Source.Higham.Chapter13.Section01.OperationModels,constructor,false,false,false,9,0,expected_environment_declaration,constructor declarations have no value body in this inventory
NumStability.Algorithm13_3Implementation1LocalSpec.rec,NumStability.Source.Higham.Chapter13.Section01.OperationModels,recursor,false,false,false,7,0,expected_environment_declaration,recursor declarations have no value body in this inventory
NumStability.DemmelHighamSchreiber13_6SourcePath.mk,NumStability.Source.Higham.Chapter13.Theorem06.AssumptionModel,constructor,false,false,false,1,0,expected_environment_declaration,constructor declarations have no value body in this inventory
NumStability.DemmelHighamSchreiber13_6FactorizationResult,NumStability.Source.Higham.Chapter13.Theorem06.AssumptionModel,inductive,false,false,false,1,0,expected_environment_declaration,inductive declarations have no value body in this inventory
NumStability.DemmelHighamSchreiber13_6Theorem2_1Result.mk,NumStability.Source.Higham.Chapter13.Theorem06.AssumptionModel,constructor,false,false,false,4,0,expected_environment_declaration,constructor declarations have no value body in this inventory
NumStability.DemmelHighamSchreiber13_6FactorizationResult.rec,NumStability.Source.Higham.Chapter13.Theorem06.AssumptionModel,recursor,false,false,false,10,0,expected_environment_declaration,recursor declarations have no value body in this inventory
NumStability.DHSBlockBackSubstitutionSuffixRowsFirstOrderSpec.rec,NumStability.Source.Higham.Chapter13.Theorem06.AssumptionModel,recursor,false,false,false,36,0,expected_environment_declaration,recursor declarations have no value body in this inventory
NumStability.DHSBlockBackSubstitutionRowsFirstOrderSpec.mk,NumStability.Source.Higham.Chapter13.Theorem06.AssumptionModel,constructor,false,false,false,22,0,expected_environment_declaration,constructor declarations have no value body in this inventory
NumStability.DemmelHighamSchreiber13_6SolveResult,NumStability.Source.Higham.Chapter13.Theorem06.AssumptionModel,inductive,false,false,false,1,0,expected_environment_declaration,inductive declarations have no value body in this inventory
NumStability.DHSBlockBackSubstitutionFixedBlockRowsFirstOrderSpec.mk,NumStability.Source.Higham.Chapter13.Theorem06.AssumptionModel,constructor,false,false,false,38,0,expected_environment_declaration,constructor declarations have no value body in this inventory
NumStability.DHSBlockBackSubstitutionUpperRowsFirstOrderSpec,NumStability.Source.Higham.Chapter13.Theorem06.AssumptionModel,inductive,false,false,false,6,0,expected_environment_declaration,inductive declarations have no value body in this inventory
NumStability.DHSBlockForwardSubstitutionFirstOrderSpec.rec,NumStability.Source.Higham.Chapter13.Theorem06.AssumptionModel,recursor,false,false,false,16,0,expected_environment_declaration,recursor declarations have no value body in this inventory
NumStability.DemmelHighamSchreiber13_6SolveResult.rec,NumStability.Source.Higham.Chapter13.Theorem06.AssumptionModel,recursor,false,false,false,10,0,expected_environment_declaration,recursor declarations have no value body in this inventory
NumStability.DHSBlockForwardSubstitutionFirstOrderSpec,NumStability.Source.Higham.Chapter13.Theorem06.AssumptionModel,inductive,false,false,false,3,0,expected_environment_declaration,inductive declarations have no value body in this inventory
NumStability.DHSBlockForwardSubstitutionFirstOrderSpec.mk,NumStability.Source.Higham.Chapter13.Theorem06.AssumptionModel,constructor,false,false,false,15,0,expected_environment_declaration,constructor declarations have no value body in this inventory
NumStability.DemmelHighamSchreiber13_6SolveResult.mk,NumStability.Source.Higham.Chapter13.Theorem06.AssumptionModel,constructor,false,false,false,9,0,expected_environment_declaration,constructor declarations have no value body in this inventory
NumStability.DHSBlockBackSubstitutionFixedBlockRowsFirstOrderSpec,NumStability.Source.Higham.Chapter13.Theorem06.AssumptionModel,inductive,false,false,false,8,0,expected_environment_declaration,inductive declarations have no value body in this inventory
NumStability.DHSBlockBackSubstitutionFirstOrderSpec.rec,NumStability.Source.Higham.Chapter13.Theorem06.AssumptionModel,recursor,false,false,false,16,0,expected_environment_declaration,recursor declarations have no value body in this inventory
NumStability.DemmelHighamSchreiber13_6Estimates.mk,NumStability.Source.Higham.Chapter13.Theorem06.AssumptionModel,constructor,false,false,false,9,0,expected_environment_declaration,constructor declarations have no value body in this inventory
NumStability.DemmelHighamSchreiber13_6Estimates,NumStability.Source.Higham.Chapter13.Theorem06.AssumptionModel,inductive,false,false,false,1,0,expected_environment_declaration,inductive declarations have no value body in this inventory
NumStability.DHSBlockBackSubstitutionSuffixRowsFirstOrderSpec.mk,NumStability.Source.Higham.Chapter13.Theorem06.AssumptionModel,constructor,false,false,false,35,0,expected_environment_declaration,constructor declarations have no value body in this inventory
NumStability.DHSBlockBackSubstitutionRowsFirstOrderSpec.rec,NumStability.Source.Higham.Chapter13.Theorem06.AssumptionModel,recursor,false,false,false,23,0,expected_environment_declaration,recursor declarations have no value body in this inventory
NumStability.DHSBlockBackSubstitutionFirstOrderSpec.mk,NumStability.Source.Higham.Chapter13.Theorem06.AssumptionModel,constructor,false,false,false,15,0,expected_environment_declaration,constructor declarations have no value body in this inventory
NumStability.DHSBlockBackSubstitutionFixedBlockRowsFirstOrderSpec.rec,NumStability.Source.Higham.Chapter13.Theorem06.AssumptionModel,recursor,false,false,false,39,0,expected_environment_declaration,recursor declarations have no value body in this inventory
NumStability.DHSBlockBackSubstitutionRowsFirstOrderSpec,NumStability.Source.Higham.Chapter13.Theorem06.AssumptionModel,inductive,false,false,false,4,0,expected_environment_declaration,inductive declarations have no value body in this inventory
NumStability.DHSBlockBackSubstitutionUpperRowsFirstOrderSpec.rec,NumStability.Source.Higham.Chapter13.Theorem06.AssumptionModel,recursor,false,false,false,37,0,expected_environment_declaration,recursor declarations have no value body in this inventory
NumStability.DemmelHighamSchreiber13_6Theorem2_1Result,NumStability.Source.Higham.Chapter13.Theorem06.AssumptionModel,inductive,false,false,false,1,0,expected_environment_declaration,inductive declarations have no value body in this inventory
NumStability.DemmelHighamSchreiber13_6SourcePath,NumStability.Source.Higham.Chapter13.Theorem06.AssumptionModel,inductive,false,false,false,0,0,expected_environment_declaration,inductive declarations have no value body in this inventory
NumStability.DemmelHighamSchreiber13_6FactorizationResult.mk,NumStability.Source.Higham.Chapter13.Theorem06.AssumptionModel,constructor,false,false,false,9,0,expected_environment_declaration,constructor declarations have no value body in this inventory
NumStability.DHSBlockBackSubstitutionUpperRowsFirstOrderSpec.mk,NumStability.Source.Higham.Chapter13.Theorem06.AssumptionModel,constructor,false,false,false,36,0,expected_environment_declaration,constructor declarations have no value body in this inventory
NumStability.DHSBlockBackSubstitutionFirstOrderSpec,NumStability.Source.Higham.Chapter13.Theorem06.AssumptionModel,inductive,false,false,false,3,0,expected_environment_declaration,inductive declarations have no value body in this inventory
NumStability.DemmelHighamSchreiber13_6SourcePath.rec,NumStability.Source.Higham.Chapter13.Theorem06.AssumptionModel,recursor,false,false,false,2,0,expected_environment_declaration,recursor declarations have no value body in this inventory
NumStability.DemmelHighamSchreiber13_6Theorem2_1Result.rec,NumStability.Source.Higham.Chapter13.Theorem06.AssumptionModel,recursor,false,false,false,5,0,expected_environment_declaration,recursor declarations have no value body in this inventory
NumStability.DemmelHighamSchreiber13_6Estimates.rec,NumStability.Source.Higham.Chapter13.Theorem06.AssumptionModel,recursor,false,false,false,10,0,expected_environment_declaration,recursor declarations have no value body in this inventory
NumStability.DHSBlockBackSubstitutionSuffixRowsFirstOrderSpec,NumStability.Source.Higham.Chapter13.Theorem06.AssumptionModel,inductive,false,false,false,6,0,expected_environment_declaration,inductive declarations have no value body in this inventory
NumStability.Higham13Eq1322GlobalTableauSourceChain.succ,NumStability.Source.Higham.Chapter13.Problem04.GlobalTableauChain,constructor,false,false,false,58,0,expected_environment_declaration,constructor declarations have no value body in this inventory
NumStability.Higham13Eq1322GlobalTableauSourceChain,NumStability.Source.Higham.Chapter13.Problem04.GlobalTableauChain,inductive,false,false,false,15,0,expected_environment_declaration,inductive declarations have no value body in this inventory
NumStability.Higham13Eq1322GlobalTableauSourceChain.rec,NumStability.Source.Higham.Chapter13.Problem04.GlobalTableauChain,recursor,false,false,false,61,0,expected_environment_declaration,recursor declarations have no value body in this inventory
NumStability.Higham13Eq1322GlobalTableauSourceChain.below.one,NumStability.Source.Higham.Chapter13.Problem04.GlobalTableauChain,constructor,false,false,false,28,0,expected_environment_declaration,constructor declarations have no value body in this inventory
NumStability.Higham13Eq1322GlobalTableauSourceChain.one,NumStability.Source.Higham.Chapter13.Problem04.GlobalTableauChain,constructor,false,false,false,23,0,expected_environment_declaration,constructor declarations have no value body in this inventory
NumStability.Higham13Eq1322GlobalTableauSourceChain.below.succ,NumStability.Source.Higham.Chapter13.Problem04.GlobalTableauChain,constructor,false,false,false,60,0,expected_environment_declaration,constructor declarations have no value body in this inventory
NumStability.Higham13Eq1322GlobalTableauSourceChain.below.rec,NumStability.Source.Higham.Chapter13.Problem04.GlobalTableauChain,recursor,false,false,false,64,0,expected_environment_declaration,recursor declarations have no value body in this inventory
NumStability.Higham13Eq1322GlobalTableauSourceChain.below,NumStability.Source.Higham.Chapter13.Problem04.GlobalTableauChain,inductive,false,false,false,16,0,expected_environment_declaration,inductive declarations have no value body in this inventory
NumStability.Higham13Eq1322InverseRatioSourceChain.rec,NumStability.Source.Higham.Chapter13.Problem04.InverseRatioChain,recursor,false,false,false,57,0,expected_environment_declaration,recursor declarations have no value body in this inventory
NumStability.Higham13Eq1322InverseRatioSourceChain.succ,NumStability.Source.Higham.Chapter13.Problem04.InverseRatioChain,constructor,false,false,false,55,0,expected_environment_declaration,constructor declarations have no value body in this inventory
NumStability.Higham13Eq1322InverseRatioSourceChain.below.succ,NumStability.Source.Higham.Chapter13.Problem04.InverseRatioChain,constructor,false,false,false,57,0,expected_environment_declaration,constructor declarations have no value body in this inventory
NumStability.Higham13Eq1322InverseRatioSourceChain.one,NumStability.Source.Higham.Chapter13.Problem04.InverseRatioChain,constructor,false,false,false,24,0,expected_environment_declaration,constructor declarations have no value body in this inventory
NumStability.Higham13Eq1322InverseRatioSourceChain.below.one,NumStability.Source.Higham.Chapter13.Problem04.InverseRatioChain,constructor,false,false,false,29,0,expected_environment_declaration,constructor declarations have no value body in this inventory
NumStability.Higham13Eq1322InverseRatioSourceChain.below,NumStability.Source.Higham.Chapter13.Problem04.InverseRatioChain,inductive,false,false,false,12,0,expected_environment_declaration,inductive declarations have no value body in this inventory
NumStability.Higham13Eq1322InverseRatioSourceChain,NumStability.Source.Higham.Chapter13.Problem04.InverseRatioChain,inductive,false,false,false,11,0,expected_environment_declaration,inductive declarations have no value body in this inventory
NumStability.Higham13Eq1322InverseRatioSourceChain.below.rec,NumStability.Source.Higham.Chapter13.Problem04.InverseRatioChain,recursor,false,false,false,60,0,expected_environment_declaration,recursor declarations have no value body in this inventory
NumStability.Higham13Eq1322LowerComparisonSourceChain.succ,NumStability.Source.Higham.Chapter13.Problem04.LowerComparisonChain,constructor,false,false,false,70,0,expected_environment_declaration,constructor declarations have no value body in this inventory
NumStability.Higham13Eq1322LowerComparisonSourceChain.rec,NumStability.Source.Higham.Chapter13.Problem04.LowerComparisonChain,recursor,false,false,false,72,0,expected_environment_declaration,recursor declarations have no value body in this inventory
NumStability.Higham13Eq1322LowerComparisonSourceChain.below.one,NumStability.Source.Higham.Chapter13.Problem04.LowerComparisonChain,constructor,false,false,false,29,0,expected_environment_declaration,constructor declarations have no value body in this inventory
NumStability.Higham13Eq1322LowerComparisonSourceChain.below.succ,NumStability.Source.Higham.Chapter13.Problem04.LowerComparisonChain,constructor,false,false,false,72,0,expected_environment_declaration,constructor declarations have no value body in this inventory
NumStability.Higham13Eq1322LowerComparisonSourceChain.below,NumStability.Source.Higham.Chapter13.Problem04.LowerComparisonChain,inductive,false,false,false,12,0,expected_environment_declaration,inductive declarations have no value body in this inventory
NumStability.Higham13Eq1322LowerComparisonSourceChain,NumStability.Source.Higham.Chapter13.Problem04.LowerComparisonChain,inductive,false,false,false,11,0,expected_environment_declaration,inductive declarations have no value body in this inventory
NumStability.Higham13Eq1322LowerComparisonSourceChain.one,NumStability.Source.Higham.Chapter13.Problem04.LowerComparisonChain,constructor,false,false,false,24,0,expected_environment_declaration,constructor declarations have no value body in this inventory
NumStability.Higham13Eq1322LowerComparisonSourceChain.below.rec,NumStability.Source.Higham.Chapter13.Problem04.LowerComparisonChain,recursor,false,false,false,75,0,expected_environment_declaration,recursor declarations have no value body in this inventory
NumStability.Higham13Eq1322BaseInverseSourceChain.one,NumStability.Source.Higham.Chapter13.Problem04.ComparisonChains,constructor,false,false,false,24,0,expected_environment_declaration,constructor declarations have no value body in this inventory
NumStability.Higham13Eq1322BaseInverseSourceChain,NumStability.Source.Higham.Chapter13.Problem04.ComparisonChains,inductive,false,false,false,11,0,expected_environment_declaration,inductive declarations have no value body in this inventory
NumStability.Higham13Eq1322BaseInverseSourceChain.below,NumStability.Source.Higham.Chapter13.Problem04.ComparisonChains,inductive,false,false,false,12,0,expected_environment_declaration,inductive declarations have no value body in this inventory
NumStability.Higham13Eq1322BaseInverseSourceChain.below.one,NumStability.Source.Higham.Chapter13.Problem04.ComparisonChains,constructor,false,false,false,29,0,expected_environment_declaration,constructor declarations have no value body in this inventory
NumStability.Higham13Eq1322BaseInverseSourceChain.succ,NumStability.Source.Higham.Chapter13.Problem04.ComparisonChains,constructor,false,false,false,55,0,expected_environment_declaration,constructor declarations have no value body in this inventory
NumStability.Higham13Eq1322BaseInverseSourceChain.below.succ,NumStability.Source.Higham.Chapter13.Problem04.ComparisonChains,constructor,false,false,false,57,0,expected_environment_declaration,constructor declarations have no value body in this inventory
NumStability.Higham13Eq1322BaseInverseSourceChain.below.rec,NumStability.Source.Higham.Chapter13.Problem04.ComparisonChains,recursor,false,false,false,60,0,expected_environment_declaration,recursor declarations have no value body in this inventory
NumStability.Higham13Eq1322BaseInverseSourceChain.rec,NumStability.Source.Higham.Chapter13.Problem04.ComparisonChains,recursor,false,false,false,57,0,expected_environment_declaration,recursor declarations have no value body in this inventory
NumStability.Ch14Ext.Ch14GJEState.mk,NumStability.Source.Higham.Chapter14.Algorithm04.Pivoting.GaussJordanPivoting,constructor,false,false,false,4,0,expected_environment_declaration,constructor declarations have no value body in this inventory
NumStability.Ch14Ext.Ch14GJEState,NumStability.Source.Higham.Chapter14.Algorithm04.Pivoting.GaussJordanPivoting,inductive,false,false,false,1,0,expected_environment_declaration,inductive declarations have no value body in this inventory
NumStability.Ch14Ext.Ch14GJEState.rec,NumStability.Source.Higham.Chapter14.Algorithm04.Pivoting.GaussJordanPivoting,recursor,false,false,false,5,0,expected_environment_declaration,recursor declarations have no value body in this inventory
NumStability.Ch14Ext.Ch14GJEConcreteFamily,NumStability.Source.Higham.Chapter14.Theorem05.ForwardError.GJEAsymptoticFamilies,inductive,false,false,false,4,0,expected_environment_declaration,inductive declarations have no value body in this inventory
NumStability.Ch14Ext.Ch14GJEConcreteFamily.mk,NumStability.Source.Higham.Chapter14.Theorem05.ForwardError.GJEAsymptoticFamilies,constructor,false,false,false,41,0,expected_environment_declaration,constructor declarations have no value body in this inventory
NumStability.Ch14Ext.Ch14GJEConcreteFamily.rec,NumStability.Source.Higham.Chapter14.Theorem05.ForwardError.GJEAsymptoticFamilies,recursor,false,false,false,42,0,expected_environment_declaration,recursor declarations have no value body in this inventory
NumStability.Ch14Ext.Ch14Cor146SuccessfulRunFamily.mk,NumStability.Source.Higham.Chapter14.Corollary06.SPD.Closure,constructor,false,false,false,54,0,expected_environment_declaration,constructor declarations have no value body in this inventory
NumStability.Ch14Ext.Ch14Cor146UniformInverseRegularity.rec,NumStability.Source.Higham.Chapter14.Corollary06.SPD.Closure,recursor,false,false,false,17,0,expected_environment_declaration,recursor declarations have no value body in this inventory
NumStability.Ch14Ext.Ch14Cor146UniformInverseRegularity,NumStability.Source.Higham.Chapter14.Corollary06.SPD.Closure,inductive,false,false,false,5,0,expected_environment_declaration,inductive declarations have no value body in this inventory
NumStability.Ch14Ext.Ch14Cor146UniformInverseRegularity.mk,NumStability.Source.Higham.Chapter14.Corollary06.SPD.Closure,constructor,false,false,false,16,0,expected_environment_declaration,constructor declarations have no value body in this inventory
NumStability.Ch14Ext.Ch14Cor146SuccessfulRunFamily,NumStability.Source.Higham.Chapter14.Corollary06.SPD.Closure,inductive,false,false,false,4,0,expected_environment_declaration,inductive declarations have no value body in this inventory
NumStability.Ch14Ext.Ch14Cor146SuccessfulRunFamily.rec,NumStability.Source.Higham.Chapter14.Corollary06.SPD.Closure,recursor,false,false,false,55,0,expected_environment_declaration,recursor declarations have no value body in this inventory
NumStability.Ch14Ext.Ch14GJEFinalizedFamily.rec,NumStability.Source.Higham.Chapter14.Algorithm04.Execution.GJEFinalDivisionClosure,recursor,false,false,false,51,0,expected_environment_declaration,recursor declarations have no value body in this inventory
NumStability.Ch14Ext.Ch14Cor146FinalizedRunFamily,NumStability.Source.Higham.Chapter14.Algorithm04.Execution.GJEFinalDivisionClosure,inductive,false,false,false,4,0,expected_environment_declaration,inductive declarations have no value body in this inventory
NumStability.Ch14Ext.Ch14Cor146FinalizedRunFamily.rec,NumStability.Source.Higham.Chapter14.Algorithm04.Execution.GJEFinalDivisionClosure,recursor,false,false,false,31,0,expected_environment_declaration,recursor declarations have no value body in this inventory
NumStability.Ch14Ext.Ch14Cor146FinalizedRunFamily.mk,NumStability.Source.Higham.Chapter14.Algorithm04.Execution.GJEFinalDivisionClosure,constructor,false,false,false,30,0,expected_environment_declaration,constructor declarations have no value body in this inventory
NumStability.Ch14Ext.Ch14GJEFinalizedFamily.mk,NumStability.Source.Higham.Chapter14.Algorithm04.Execution.GJEFinalDivisionClosure,constructor,false,false,false,50,0,expected_environment_declaration,constructor declarations have no value body in this inventory
NumStability.Ch14Ext.Ch14GJEFinalizedFamily,NumStability.Source.Higham.Chapter14.Algorithm04.Execution.GJEFinalDivisionClosure,inductive,false,false,false,4,0,expected_environment_declaration,inductive declarations have no value body in this inventory
NumStability.Ch14Ext.Ch14Problem145RightFamily,NumStability.Source.Higham.Chapter14.Section01.InverseErrorAnalysis.AsymptoticFamilies,inductive,false,false,false,4,0,expected_environment_declaration,inductive declarations have no value body in this inventory
NumStability.Ch14Ext.Ch14Problem145RightFamily.mk,NumStability.Source.Higham.Chapter14.Section01.InverseErrorAnalysis.AsymptoticFamilies,constructor,false,false,false,34,0,expected_environment_declaration,constructor declarations have no value body in this inventory
NumStability.Ch14Ext.Ch14Problem145LeftFamily.mk,NumStability.Source.Higham.Chapter14.Section01.InverseErrorAnalysis.AsymptoticFamilies,constructor,false,false,false,34,0,expected_environment_declaration,constructor declarations have no value body in this inventory
NumStability.Ch14Ext.Ch14Eq143Family.rec,NumStability.Source.Higham.Chapter14.Section01.InverseErrorAnalysis.AsymptoticFamilies,recursor,false,false,false,35,0,expected_environment_declaration,recursor declarations have no value body in this inventory
NumStability.Ch14Ext.Ch14Problem145LeftFamily.rec,NumStability.Source.Higham.Chapter14.Section01.InverseErrorAnalysis.AsymptoticFamilies,recursor,false,false,false,35,0,expected_environment_declaration,recursor declarations have no value body in this inventory
NumStability.Ch14Ext.Ch14Eq146Family.rec,NumStability.Source.Higham.Chapter14.Section01.InverseErrorAnalysis.AsymptoticFamilies,recursor,false,false,false,24,0,expected_environment_declaration,recursor declarations have no value body in this inventory
NumStability.Ch14Ext.Ch14Eq146Family,NumStability.Source.Higham.Chapter14.Section01.InverseErrorAnalysis.AsymptoticFamilies,inductive,false,false,false,4,0,expected_environment_declaration,inductive declarations have no value body in this inventory
NumStability.Ch14Ext.Ch14Eq146Family.mk,NumStability.Source.Higham.Chapter14.Section01.InverseErrorAnalysis.AsymptoticFamilies,constructor,false,false,false,23,0,expected_environment_declaration,constructor declarations have no value body in this inventory
NumStability.Ch14Ext.Ch14Problem145RightFamily.rec,NumStability.Source.Higham.Chapter14.Section01.InverseErrorAnalysis.AsymptoticFamilies,recursor,false,false,false,35,0,expected_environment_declaration,recursor declarations have no value body in this inventory
NumStability.Ch14Ext.Ch14Problem145LeftFamily,NumStability.Source.Higham.Chapter14.Section01.InverseErrorAnalysis.AsymptoticFamilies,inductive,false,false,false,4,0,expected_environment_declaration,inductive declarations have no value body in this inventory
NumStability.Ch14Ext.Ch14Eq143Family.mk,NumStability.Source.Higham.Chapter14.Section01.InverseErrorAnalysis.AsymptoticFamilies,constructor,false,false,false,34,0,expected_environment_declaration,constructor declarations have no value body in this inventory
NumStability.Ch14Ext.Ch14Eq143Family,NumStability.Source.Higham.Chapter14.Section01.InverseErrorAnalysis.AsymptoticFamilies,inductive,false,false,false,4,0,expected_environment_declaration,inductive declarations have no value body in this inventory
NumStability.Method2BBlockUpdateSpec.rec,NumStability.Source.Higham.Chapter14.Section02.TriangularInversion.Method2B.MatrixInversion,recursor,false,false,false,19,0,expected_environment_declaration,recursor declarations have no value body in this inventory
NumStability.Method2BBlockUpdateSpec.mk,NumStability.Source.Higham.Chapter14.Section02.TriangularInversion.Method2B.MatrixInversion,constructor,false,false,false,18,0,expected_environment_declaration,constructor declarations have no value body in this inventory
NumStability.Method2BBlockUpdateSpec,NumStability.Source.Higham.Chapter14.Section02.TriangularInversion.Method2B.MatrixInversion,inductive,false,false,false,3,0,expected_environment_declaration,inductive declarations have no value body in this inventory
NumStability.Ch14Ext.Ch14Cor147WeakFamily,NumStability.Source.Higham.Chapter14.Corollary07.DiagonalDominance.WeakFamily,inductive,false,false,false,4,0,expected_environment_declaration,inductive declarations have no value body in this inventory
NumStability.Ch14Ext.Ch14Cor147WeakFamily.mk,NumStability.Source.Higham.Chapter14.Corollary07.DiagonalDominance.WeakFamily,constructor,false,false,false,24,0,expected_environment_declaration,constructor declarations have no value body in this inventory
NumStability.Ch14Ext.Ch14Cor147WeakFamily.rec,NumStability.Source.Higham.Chapter14.Corollary07.DiagonalDominance.WeakFamily,recursor,false,false,false,25,0,expected_environment_declaration,recursor declarations have no value body in this inventory
NumStability.Ch14Ext.Ch14Cor147SourceFamily.rec,NumStability.Source.Higham.Chapter14.Corollary07.DiagonalDominance.SourceClosure,recursor,false,false,false,52,0,expected_environment_declaration,recursor declarations have no value body in this inventory
NumStability.Ch14Ext.Ch14Cor147SourceFamily,NumStability.Source.Higham.Chapter14.Corollary07.DiagonalDominance.SourceClosure,inductive,false,false,false,4,0,expected_environment_declaration,inductive declarations have no value body in this inventory
NumStability.Ch14Ext.Ch14Cor147SourceFamily.mk,NumStability.Source.Higham.Chapter14.Corollary07.DiagonalDominance.SourceClosure,constructor,false,false,false,51,0,expected_environment_declaration,constructor declarations have no value body in this inventory
NumStability.Ch14Ext.Ch14GJEPrintedEnvelopeFamily.rec,NumStability.Source.Higham.Chapter14.Theorem05.ForwardError.GJEPrintedEnvelopeClosure,recursor,false,false,false,38,0,expected_environment_declaration,recursor declarations have no value body in this inventory
NumStability.Ch14Ext.Ch14GJEPrintedEnvelopeFamily.mk,NumStability.Source.Higham.Chapter14.Theorem05.ForwardError.GJEPrintedEnvelopeClosure,constructor,false,false,false,37,0,expected_environment_declaration,constructor declarations have no value body in this inventory
NumStability.Ch14Ext.Ch14GJEPrintedEnvelopeFamily,NumStability.Source.Higham.Chapter14.Theorem05.ForwardError.GJEPrintedEnvelopeClosure,inductive,false,false,false,2,0,expected_environment_declaration,inductive declarations have no value body in this inventory
NumStability.Ch14Ext.Ch14GJETheorem145SourceFamily.mk,NumStability.Source.Higham.Chapter14.Theorem05.ForwardError.GJETheorem145SourceClosure,constructor,false,false,false,47,0,expected_environment_declaration,constructor declarations have no value body in this inventory
NumStability.Ch14Ext.Ch14GJETheorem145SourceFamily,NumStability.Source.Higham.Chapter14.Theorem05.ForwardError.GJETheorem145SourceClosure,inductive,false,false,false,4,0,expected_environment_declaration,inductive declarations have no value body in this inventory
NumStability.Ch14Ext.Ch14GJETheorem145SourceFamily.rec,NumStability.Source.Higham.Chapter14.Theorem05.ForwardError.GJETheorem145SourceClosure,recursor,false,false,false,48,0,expected_environment_declaration,recursor declarations have no value body in this inventory
NumStability.Ch14Ext.Ch14Cor146SourceRunFamily,NumStability.Source.Higham.Chapter14.Corollary06.SPD.SourceClosure,inductive,false,false,false,4,0,expected_environment_declaration,inductive declarations have no value body in this inventory
NumStability.Ch14Ext.Ch14Cor146SourceRunFamily.rec,NumStability.Source.Higham.Chapter14.Corollary06.SPD.SourceClosure,recursor,false,false,false,34,0,expected_environment_declaration,recursor declarations have no value body in this inventory
NumStability.Ch14Ext.Ch14Cor146SourceRunFamily.mk,NumStability.Source.Higham.Chapter14.Corollary06.SPD.SourceClosure,constructor,false,false,false,33,0,expected_environment_declaration,constructor declarations have no value body in this inventory
NumStability.Ch14Ext.Ch14Cor147FinalizedRunFamily,NumStability.Source.Higham.Chapter14.Corollary07.DiagonalDominance.FinalDivisionFamilyClosure,inductive,false,false,false,4,0,expected_environment_declaration,inductive declarations have no value body in this inventory
NumStability.Ch14Ext.Ch14Cor147FinalizedRunFamily.mk,NumStability.Source.Higham.Chapter14.Corollary07.DiagonalDominance.FinalDivisionFamilyClosure,constructor,false,false,false,28,0,expected_environment_declaration,constructor declarations have no value body in this inventory
NumStability.Ch14Ext.Ch14Cor147FinalizedRunFamily.rec,NumStability.Source.Higham.Chapter14.Corollary07.DiagonalDominance.FinalDivisionFamilyClosure,recursor,false,false,false,29,0,expected_environment_declaration,recursor declarations have no value body in this inventory
NumStability.Ch14Ext.Higham14Problem142Method1BDerivation.rec,NumStability.Source.Higham.Chapter14.Problem02.TriangularInversion.Basic,recursor,false,false,false,30,0,expected_environment_declaration,recursor declarations have no value body in this inventory
NumStability.Ch14Ext.Higham14Problem142Method1BDerivation.leaf,NumStability.Source.Higham.Chapter14.Problem02.TriangularInversion.Basic,constructor,false,false,false,20,0,expected_environment_declaration,constructor declarations have no value body in this inventory
NumStability.Ch14Ext.Higham14Problem142Method2CDerivation.split,NumStability.Source.Higham.Chapter14.Problem02.TriangularInversion.Basic,constructor,false,false,false,21,0,expected_environment_declaration,constructor declarations have no value body in this inventory
NumStability.Ch14Ext.Higham14Problem142Method1BStepSpec.rec,NumStability.Source.Higham.Chapter14.Problem02.TriangularInversion.Basic,recursor,false,false,false,17,0,expected_environment_declaration,recursor declarations have no value body in this inventory
NumStability.Ch14Ext.Higham14Problem142Method2CStepSpec.rec,NumStability.Source.Higham.Chapter14.Problem02.TriangularInversion.Basic,recursor,false,false,false,17,0,expected_environment_declaration,recursor declarations have no value body in this inventory
NumStability.Ch14Ext.Higham14Problem142Method2CDerivation.rec,NumStability.Source.Higham.Chapter14.Problem02.TriangularInversion.Basic,recursor,false,false,false,30,0,expected_environment_declaration,recursor declarations have no value body in this inventory
NumStability.Ch14Ext.Higham14Problem142Method1BDerivation.split,NumStability.Source.Higham.Chapter14.Problem02.TriangularInversion.Basic,constructor,false,false,false,21,0,expected_environment_declaration,constructor declarations have no value body in this inventory
NumStability.Ch14Ext.Higham14Problem142Method2CDerivation.below.split,NumStability.Source.Higham.Chapter14.Problem02.TriangularInversion.Basic,constructor,false,false,false,23,0,expected_environment_declaration,constructor declarations have no value body in this inventory
NumStability.Ch14Ext.Higham14Problem142Method2CDerivation.below.leaf,NumStability.Source.Higham.Chapter14.Problem02.TriangularInversion.Basic,constructor,false,false,false,22,0,expected_environment_declaration,constructor declarations have no value body in this inventory
NumStability.Ch14Ext.Higham14Problem142Method1BDerivation.below,NumStability.Source.Higham.Chapter14.Problem02.TriangularInversion.Basic,inductive,false,false,false,5,0,expected_environment_declaration,inductive declarations have no value body in this inventory
NumStability.Ch14Ext.Higham14Problem142Method1BDerivation,NumStability.Source.Higham.Chapter14.Problem02.TriangularInversion.Basic,inductive,false,false,false,4,0,expected_environment_declaration,inductive declarations have no value body in this inventory
NumStability.Ch14Ext.Higham14Problem142Method1BStepSpec.mk,NumStability.Source.Higham.Chapter14.Problem02.TriangularInversion.Basic,constructor,false,false,false,16,0,expected_environment_declaration,constructor declarations have no value body in this inventory
NumStability.Ch14Ext.Higham14Problem142Method2CStepSpec.mk,NumStability.Source.Higham.Chapter14.Problem02.TriangularInversion.Basic,constructor,false,false,false,16,0,expected_environment_declaration,constructor declarations have no value body in this inventory
NumStability.Ch14Ext.Higham14Problem142Method1BDerivation.below.rec,NumStability.Source.Higham.Chapter14.Problem02.TriangularInversion.Basic,recursor,false,false,false,33,0,expected_environment_declaration,recursor declarations have no value body in this inventory
NumStability.Ch14Ext.Higham14Problem142Method1BDerivation.below.split,NumStability.Source.Higham.Chapter14.Problem02.TriangularInversion.Basic,constructor,false,false,false,23,0,expected_environment_declaration,constructor declarations have no value body in this inventory
NumStability.Ch14Ext.Higham14Problem142Method1BDerivation.below.leaf,NumStability.Source.Higham.Chapter14.Problem02.TriangularInversion.Basic,constructor,false,false,false,22,0,expected_environment_declaration,constructor declarations have no value body in this inventory
NumStability.Ch14Ext.Higham14Problem142Method2CDerivation.below,NumStability.Source.Higham.Chapter14.Problem02.TriangularInversion.Basic,inductive,false,false,false,5,0,expected_environment_declaration,inductive declarations have no value body in this inventory
NumStability.Ch14Ext.Higham14Problem142Method2CDerivation,NumStability.Source.Higham.Chapter14.Problem02.TriangularInversion.Basic,inductive,false,false,false,4,0,expected_environment_declaration,inductive declarations have no value body in this inventory
NumStability.Ch14Ext.Higham14Problem142Method1BStepSpec,NumStability.Source.Higham.Chapter14.Problem02.TriangularInversion.Basic,inductive,false,false,false,8,0,expected_environment_declaration,inductive declarations have no value body in this inventory
NumStability.Ch14Ext.Higham14Problem142Method2CStepSpec,NumStability.Source.Higham.Chapter14.Problem02.TriangularInversion.Basic,inductive,false,false,false,8,0,expected_environment_declaration,inductive declarations have no value body in this inventory
NumStability.Ch14Ext.Higham14Problem142Method2CDerivation.leaf,NumStability.Source.Higham.Chapter14.Problem02.TriangularInversion.Basic,constructor,false,false,false,20,0,expected_environment_declaration,constructor declarations have no value body in this inventory
NumStability.Ch14Ext.Higham14Problem142Method2CDerivation.below.rec,NumStability.Source.Higham.Chapter14.Problem02.TriangularInversion.Basic,recursor,false,false,false,33,0,expected_environment_declaration,recursor declarations have no value body in this inventory
NumStability.Ch14Ext.Higham14Problem142Method2BStepSpec.rec,NumStability.Source.Higham.Chapter14.Problem02.TriangularInversion.Method2B,recursor,false,false,false,17,0,expected_environment_declaration,recursor declarations have no value body in this inventory
NumStability.Ch14Ext.Higham14Problem142Method2BStepSpec,NumStability.Source.Higham.Chapter14.Problem02.TriangularInversion.Method2B,inductive,false,false,false,8,0,expected_environment_declaration,inductive declarations have no value body in this inventory
NumStability.Ch14Ext.Higham14Problem142Method2BStepSpec.mk,NumStability.Source.Higham.Chapter14.Problem02.TriangularInversion.Method2B,constructor,false,false,false,16,0,expected_environment_declaration,constructor declarations have no value body in this inventory
NumStability.Ch14Ext.Ch14Problem142Method1BFamilyDerivation.below.rec,NumStability.Source.Higham.Chapter14.Problem02.TriangularInversion.Families,recursor,false,false,false,35,0,expected_environment_declaration,recursor declarations have no value body in this inventory
NumStability.Ch14Ext.Ch14Problem142Method1BStepFamily.rec,NumStability.Source.Higham.Chapter14.Problem02.TriangularInversion.Families,recursor,false,false,false,17,0,expected_environment_declaration,recursor declarations have no value body in this inventory
NumStability.Ch14Ext.Ch14Problem142Method1BFamilyDerivation.rec,NumStability.Source.Higham.Chapter14.Problem02.TriangularInversion.Families,recursor,false,false,false,32,0,expected_environment_declaration,recursor declarations have no value body in this inventory
NumStability.Ch14Ext.Ch14Problem142Method1BFamilyDerivation.below.leaf,NumStability.Source.Higham.Chapter14.Problem02.TriangularInversion.Families,constructor,false,false,false,24,0,expected_environment_declaration,constructor declarations have no value body in this inventory
NumStability.Ch14Ext.Ch14Problem142Method2CFamilyDerivation,NumStability.Source.Higham.Chapter14.Problem02.TriangularInversion.Families,inductive,false,false,false,6,0,expected_environment_declaration,inductive declarations have no value body in this inventory
NumStability.Ch14Ext.Ch14Problem142Method2CStepFamily.rec,NumStability.Source.Higham.Chapter14.Problem02.TriangularInversion.Families,recursor,false,false,false,17,0,expected_environment_declaration,recursor declarations have no value body in this inventory
NumStability.Ch14Ext.Ch14Problem142Method2BStepFamily.rec,NumStability.Source.Higham.Chapter14.Problem02.TriangularInversion.Families,recursor,false,false,false,17,0,expected_environment_declaration,recursor declarations have no value body in this inventory
NumStability.Ch14Ext.Ch14MatMulFamilySpec,NumStability.Source.Higham.Chapter14.Problem02.TriangularInversion.Families,inductive,false,false,false,10,0,expected_environment_declaration,inductive declarations have no value body in this inventory
NumStability.Ch14Ext.Ch14Problem142Method1BStepFamily.mk,NumStability.Source.Higham.Chapter14.Problem02.TriangularInversion.Families,constructor,false,false,false,16,0,expected_environment_declaration,constructor declarations have no value body in this inventory
NumStability.Ch14Ext.Ch14Problem142Method2CFamilyDerivation.below.leaf,NumStability.Source.Higham.Chapter14.Problem02.TriangularInversion.Families,constructor,false,false,false,24,0,expected_environment_declaration,constructor declarations have no value body in this inventory
NumStability.Ch14Ext.Ch14Problem142Method2CFamilyDerivation.below.split,NumStability.Source.Higham.Chapter14.Problem02.TriangularInversion.Families,constructor,false,false,false,26,0,expected_environment_declaration,constructor declarations have no value body in this inventory
NumStability.Ch14Ext.Ch14Problem142Method2BStepFamily,NumStability.Source.Higham.Chapter14.Problem02.TriangularInversion.Families,inductive,false,false,false,10,0,expected_environment_declaration,inductive declarations have no value body in this inventory
NumStability.Ch14Ext.Ch14Problem142Method2CFamilyDerivation.below.rec,NumStability.Source.Higham.Chapter14.Problem02.TriangularInversion.Families,recursor,false,false,false,35,0,expected_environment_declaration,recursor declarations have no value body in this inventory
NumStability.Ch14Ext.Ch14RightTriangularSolveFamilySpec.mk,NumStability.Source.Higham.Chapter14.Problem02.TriangularInversion.Families,constructor,false,false,false,26,0,expected_environment_declaration,constructor declarations have no value body in this inventory
NumStability.Ch14Ext.Ch14TriangularSolveFamilySpec.mk,NumStability.Source.Higham.Chapter14.Problem02.TriangularInversion.Families,constructor,false,false,false,26,0,expected_environment_declaration,constructor declarations have no value body in this inventory
NumStability.Ch14Ext.Ch14RightTriangularSolveFamilySpec.rec,NumStability.Source.Higham.Chapter14.Problem02.TriangularInversion.Families,recursor,false,false,false,27,0,expected_environment_declaration,recursor declarations have no value body in this inventory
NumStability.Ch14Ext.Ch14Problem142Method1BFamilyDerivation.split,NumStability.Source.Higham.Chapter14.Problem02.TriangularInversion.Families,constructor,false,false,false,24,0,expected_environment_declaration,constructor declarations have no value body in this inventory
NumStability.Ch14Ext.Ch14Problem142Method1BFamilyDerivation.below.split,NumStability.Source.Higham.Chapter14.Problem02.TriangularInversion.Families,constructor,false,false,false,26,0,expected_environment_declaration,constructor declarations have no value body in this inventory
NumStability.Ch14Ext.Ch14Problem142Method2CStepFamily,NumStability.Source.Higham.Chapter14.Problem02.TriangularInversion.Families,inductive,false,false,false,10,0,expected_environment_declaration,inductive declarations have no value body in this inventory
NumStability.Ch14Ext.Ch14Problem142Method1BStepFamily,NumStability.Source.Higham.Chapter14.Problem02.TriangularInversion.Families,inductive,false,false,false,10,0,expected_environment_declaration,inductive declarations have no value body in this inventory
NumStability.Ch14Ext.Ch14Problem142Method1BFamilyDerivation,NumStability.Source.Higham.Chapter14.Problem02.TriangularInversion.Families,inductive,false,false,false,6,0,expected_environment_declaration,inductive declarations have no value body in this inventory
NumStability.Ch14Ext.Ch14RoundoffFamily.rec,NumStability.Source.Higham.Chapter14.Problem02.TriangularInversion.Families,recursor,false,false,false,16,0,expected_environment_declaration,recursor declarations have no value body in this inventory
NumStability.Ch14Ext.Ch14RoundoffFamily,NumStability.Source.Higham.Chapter14.Problem02.TriangularInversion.Families,inductive,false,false,false,1,0,expected_environment_declaration,inductive declarations have no value body in this inventory
NumStability.Ch14Ext.Ch14Problem142Method2CFamilyDerivation.rec,NumStability.Source.Higham.Chapter14.Problem02.TriangularInversion.Families,recursor,false,false,false,32,0,expected_environment_declaration,recursor declarations have no value body in this inventory
NumStability.Ch14Ext.Ch14Problem142Method2CStepFamily.mk,NumStability.Source.Higham.Chapter14.Problem02.TriangularInversion.Families,constructor,false,false,false,16,0,expected_environment_declaration,constructor declarations have no value body in this inventory
NumStability.Ch14Ext.Ch14Problem142Method1BFamilyDerivation.below,NumStability.Source.Higham.Chapter14.Problem02.TriangularInversion.Families,inductive,false,false,false,7,0,expected_environment_declaration,inductive declarations have no value body in this inventory
NumStability.Ch14Ext.Ch14RightTriangularSolveFamilySpec,NumStability.Source.Higham.Chapter14.Problem02.TriangularInversion.Families,inductive,false,false,false,10,0,expected_environment_declaration,inductive declarations have no value body in this inventory
NumStability.Ch14Ext.Ch14Problem142Method1BFamilyDerivation.leaf,NumStability.Source.Higham.Chapter14.Problem02.TriangularInversion.Families,constructor,false,false,false,22,0,expected_environment_declaration,constructor declarations have no value body in this inventory
NumStability.Ch14Ext.Ch14Problem142Method2BStepFamily.mk,NumStability.Source.Higham.Chapter14.Problem02.TriangularInversion.Families,constructor,false,false,false,16,0,expected_environment_declaration,constructor declarations have no value body in this inventory
NumStability.Ch14Ext.Ch14MatMulFamilySpec.mk,NumStability.Source.Higham.Chapter14.Problem02.TriangularInversion.Families,constructor,false,false,false,26,0,expected_environment_declaration,constructor declarations have no value body in this inventory
NumStability.Ch14Ext.Ch14RoundoffFamily.mk,NumStability.Source.Higham.Chapter14.Problem02.TriangularInversion.Families,constructor,false,false,false,15,0,expected_environment_declaration,constructor declarations have no value body in this inventory
NumStability.Ch14Ext.Ch14MatMulFamilySpec.rec,NumStability.Source.Higham.Chapter14.Problem02.TriangularInversion.Families,recursor,false,false,false,27,0,expected_environment_declaration,recursor declarations have no value body in this inventory
NumStability.Ch14Ext.Ch14TriangularSolveFamilySpec.rec,NumStability.Source.Higham.Chapter14.Problem02.TriangularInversion.Families,recursor,false,false,false,27,0,expected_environment_declaration,recursor declarations have no value body in this inventory
NumStability.Ch14Ext.Ch14Problem142Method2CFamilyDerivation.split,NumStability.Source.Higham.Chapter14.Problem02.TriangularInversion.Families,constructor,false,false,false,24,0,expected_environment_declaration,constructor declarations have no value body in this inventory
NumStability.Ch14Ext.Ch14Problem142Method2CFamilyDerivation.leaf,NumStability.Source.Higham.Chapter14.Problem02.TriangularInversion.Families,constructor,false,false,false,22,0,expected_environment_declaration,constructor declarations have no value body in this inventory
NumStability.Ch14Ext.Ch14TriangularSolveFamilySpec,NumStability.Source.Higham.Chapter14.Problem02.TriangularInversion.Families,inductive,false,false,false,10,0,expected_environment_declaration,inductive declarations have no value body in this inventory
NumStability.Ch14Ext.Ch14Problem142Method2CFamilyDerivation.below,NumStability.Source.Higham.Chapter14.Problem02.TriangularInversion.Families,inductive,false,false,false,7,0,expected_environment_declaration,inductive declarations have no value body in this inventory
NumStability.Ch14ProductTree.leaf,NumStability.Analysis.Error.MatrixProducts.EvaluationTrees.ProductErrorNotation,constructor,false,false,false,4,0,expected_environment_declaration,constructor declarations have no value body in this inventory
NumStability.Ch14RectProductTree,NumStability.Analysis.Error.MatrixProducts.EvaluationTrees.ProductErrorNotation,inductive,false,false,false,1,0,expected_environment_declaration,inductive declarations have no value body in this inventory
NumStability.Ch14RectProductTree.node,NumStability.Analysis.Error.MatrixProducts.EvaluationTrees.ProductErrorNotation,constructor,false,false,false,2,0,expected_environment_declaration,constructor declarations have no value body in this inventory
NumStability.Ch14ProductTree.node,NumStability.Analysis.Error.MatrixProducts.EvaluationTrees.ProductErrorNotation,constructor,false,false,false,2,0,expected_environment_declaration,constructor declarations have no value body in this inventory
NumStability.Ch14ProductTree.rec,NumStability.Analysis.Error.MatrixProducts.EvaluationTrees.ProductErrorNotation,recursor,false,false,false,6,0,expected_environment_declaration,recursor declarations have no value body in this inventory
NumStability.Ch14ProductTree,NumStability.Analysis.Error.MatrixProducts.EvaluationTrees.ProductErrorNotation,inductive,false,false,false,1,0,expected_environment_declaration,inductive declarations have no value body in this inventory
NumStability.Ch14RectProductTree.rec,NumStability.Analysis.Error.MatrixProducts.EvaluationTrees.ProductErrorNotation,recursor,false,false,false,6,0,expected_environment_declaration,recursor declarations have no value body in this inventory
NumStability.Ch14RectProductTree.leaf,NumStability.Analysis.Error.MatrixProducts.EvaluationTrees.ProductErrorNotation,constructor,false,false,false,4,0,expected_environment_declaration,constructor declarations have no value body in this inventory
NumStability.Higham20CompactRealSVD.rec,NumStability.Source.Higham.Chapter20.Problem03,recursor,false,false,false,15,0,expected_environment_declaration,recursor declarations have no value body in this inventory
NumStability.Higham20CompactRealSVD,NumStability.Source.Higham.Chapter20.Problem03,inductive,false,false,false,3,0,expected_environment_declaration,inductive declarations have no value body in this inventory
NumStability.Higham20CompactRealSVD.mk,NumStability.Source.Higham.Chapter20.Problem03,constructor,false,false,false,14,0,expected_environment_declaration,constructor declarations have no value body in this inventory
NumStability.Ch15.PNormPair.State.rec,NumStability.Source.Higham.Chapter15.Algorithm01.PNormPowerMethod.PNormPowerMethod,recursor,false,false,false,5,0,expected_environment_declaration,recursor declarations have no value body in this inventory
NumStability.Ch15.PNormPair.State.mk,NumStability.Source.Higham.Chapter15.Algorithm01.PNormPowerMethod.PNormPowerMethod,constructor,false,false,false,4,0,expected_environment_declaration,constructor declarations have no value body in this inventory
NumStability.Ch15.PNormPair.State,NumStability.Source.Higham.Chapter15.Algorithm01.PNormPowerMethod.PNormPowerMethod,inductive,false,false,false,1,0,expected_environment_declaration,inductive declarations have no value body in this inventory
NumStability.Higham15Problem15_6.Problem15_6Factors,NumStability.Source.Higham.Chapter15.Problem06.TridiagonalInverseNorm.TridiagonalInverse,inductive,false,false,false,1,0,expected_environment_declaration,inductive declarations have no value body in this inventory
NumStability.Higham15Problem15_6.Problem15_6Factors.mk,NumStability.Source.Higham.Chapter15.Problem06.TridiagonalInverseNorm.TridiagonalInverse,constructor,false,false,false,4,0,expected_environment_declaration,constructor declarations have no value body in this inventory
NumStability.Higham15Problem15_6.Problem15_6Factors.rec,NumStability.Source.Higham.Chapter15.Problem06.TridiagonalInverseNorm.TridiagonalInverse,recursor,false,false,false,5,0,expected_environment_declaration,recursor declarations have no value body in this inventory
NumStability.Higham15Problem15_6.Problem15_6OperationSchedule.rec,NumStability.Source.Higham.Chapter15.Problem06.TridiagonalInverseNorm.TridiagonalInverseCompletion,recursor,false,false,false,3,0,expected_environment_declaration,recursor declarations have no value body in this inventory
NumStability.Higham15Problem15_6.Problem15_6OperationSchedule.mk,NumStability.Source.Higham.Chapter15.Problem06.TridiagonalInverseNorm.TridiagonalInverseCompletion,constructor,false,false,false,2,0,expected_environment_declaration,constructor declarations have no value body in this inventory
NumStability.Higham15Problem15_6.Problem15_6OperationSchedule,NumStability.Source.Higham.Chapter15.Problem06.TridiagonalInverseNorm.TridiagonalInverseCompletion,inductive,false,false,false,0,0,expected_environment_declaration,inductive declarations have no value body in this inventory
NumStability.Higham15Problem15_6.Problem15_6OperationalRun.rec,NumStability.Source.Higham.Chapter15.Problem06.TridiagonalInverseNorm.TridiagonalInverseRuns,recursor,false,false,false,6,0,expected_environment_declaration,recursor declarations have no value body in this inventory
NumStability.Higham15Problem15_6.WorkspaceOperational.rec,NumStability.Source.Higham.Chapter15.Problem06.TridiagonalInverseNorm.TridiagonalInverseRuns,recursor,false,false,false,12,0,expected_environment_declaration,recursor declarations have no value body in this inventory
NumStability.Higham15Problem15_6.Problem15_6StoredFactorsOperational.mk,NumStability.Source.Higham.Chapter15.Problem06.TridiagonalInverseNorm.TridiagonalInverseRuns,constructor,false,false,false,4,0,expected_environment_declaration,constructor declarations have no value body in this inventory
NumStability.Higham15Problem15_6.Problem15_6OperationalRun.mk,NumStability.Source.Higham.Chapter15.Problem06.TridiagonalInverseNorm.TridiagonalInverseRuns,constructor,false,false,false,5,0,expected_environment_declaration,constructor declarations have no value body in this inventory
NumStability.Higham15Problem15_6.WorkspaceOperational.mk,NumStability.Source.Higham.Chapter15.Problem06.TridiagonalInverseNorm.TridiagonalInverseRuns,constructor,false,false,false,11,0,expected_environment_declaration,constructor declarations have no value body in this inventory
NumStability.Higham15Problem15_6.WorkspaceOperational,NumStability.Source.Higham.Chapter15.Problem06.TridiagonalInverseNorm.TridiagonalInverseRuns,inductive,false,false,false,1,0,expected_environment_declaration,inductive declarations have no value body in this inventory
NumStability.Higham15Problem15_6.Problem15_6OperationalRun,NumStability.Source.Higham.Chapter15.Problem06.TridiagonalInverseNorm.TridiagonalInverseRuns,inductive,false,false,false,1,0,expected_environment_declaration,inductive declarations have no value body in this inventory
NumStability.Higham15Problem15_6.Problem15_6StoredFactorsOperational.rec,NumStability.Source.Higham.Chapter15.Problem06.TridiagonalInverseNorm.TridiagonalInverseRuns,recursor,false,false,false,5,0,expected_environment_declaration,recursor declarations have no value body in this inventory
NumStability.Higham15Problem15_6.Problem15_6StoredFactorsOperational,NumStability.Source.Higham.Chapter15.Problem06.TridiagonalInverseNorm.TridiagonalInverseRuns,inductive,false,false,false,1,0,expected_environment_declaration,inductive declarations have no value body in this inventory
NumStability.SourceComputedIteration.rec,NumStability.Source.Higham.Chapter17.Equation01.ComputedIteration.Results,recursor,false,false,false,22,0,expected_environment_declaration,recursor declarations have no value body in this inventory
NumStability.SourceComputedIteration.mk,NumStability.Source.Higham.Chapter17.Equation01.ComputedIteration.Results,constructor,false,false,false,21,0,expected_environment_declaration,constructor declarations have no value body in this inventory
NumStability.SourceComputedIteration,NumStability.Source.Higham.Chapter17.Equation01.ComputedIteration.Results,inductive,false,false,false,3,0,expected_environment_declaration,inductive declarations have no value body in this inventory
NumStability.ClassicalGramSchmidtRoundedState,NumStability.Source.Higham.Chapter19.Algorithm11.CGSRounded,inductive,false,false,false,4,0,expected_environment_declaration,inductive declarations have no value body in this inventory
NumStability.ClassicalGramSchmidtRoundedState.mk,NumStability.Source.Higham.Chapter19.Algorithm11.CGSRounded,constructor,false,false,false,45,0,expected_environment_declaration,constructor declarations have no value body in this inventory
NumStability.ClassicalGramSchmidtRoundedState.rec,NumStability.Source.Higham.Chapter19.Algorithm11.CGSRounded,recursor,false,false,false,46,0,expected_environment_declaration,recursor declarations have no value body in this inventory
NumStability.ModifiedGramSchmidtRoundedState.mk,NumStability.Source.Higham.Chapter19.Algorithm12.MGSRounded,constructor,false,false,false,44,0,expected_environment_declaration,constructor declarations have no value body in this inventory
NumStability.ModifiedGramSchmidtGlobalRepair,NumStability.Source.Higham.Chapter19.Algorithm12.MGSRounded,inductive,false,false,false,3,0,expected_environment_declaration,inductive declarations have no value body in this inventory
NumStability.ModifiedGramSchmidtGlobalRepair.mk,NumStability.Source.Higham.Chapter19.Algorithm12.MGSRounded,constructor,false,false,false,18,0,expected_environment_declaration,constructor declarations have no value body in this inventory
NumStability.ModifiedGramSchmidtGlobalRepair.rec,NumStability.Source.Higham.Chapter19.Algorithm12.MGSRounded,recursor,false,false,false,19,0,expected_environment_declaration,recursor declarations have no value body in this inventory
NumStability.ModifiedGramSchmidtRoundedState,NumStability.Source.Higham.Chapter19.Algorithm12.MGSRounded,inductive,false,false,false,4,0,expected_environment_declaration,inductive declarations have no value body in this inventory
NumStability.ModifiedGramSchmidtRoundedState.rec,NumStability.Source.Higham.Chapter19.Algorithm12.MGSRounded,recursor,false,false,false,45,0,expected_environment_declaration,recursor declarations have no value body in this inventory
NumStability.LiteralMGSAllOrdersCertificate,NumStability.Source.Higham.Chapter19.Algorithm12.MGSClosure,inductive,false,false,false,4,0,expected_environment_declaration,inductive declarations have no value body in this inventory
NumStability.LiteralMGSAllOrdersCertificate.mk,NumStability.Source.Higham.Chapter19.Algorithm12.MGSClosure,constructor,false,false,false,25,0,expected_environment_declaration,constructor declarations have no value body in this inventory
NumStability.LiteralMGSAllOrdersCertificate.rec,NumStability.Source.Higham.Chapter19.Algorithm12.MGSClosure,recursor,false,false,false,26,0,expected_environment_declaration,recursor declarations have no value body in this inventory
NumStability.LiteralMGSTheorem1913ExactCertificate.rec,NumStability.Source.Higham.Chapter19.Algorithm12.MGSPaddedClosure,recursor,false,false,false,40,0,expected_environment_declaration,recursor declarations have no value body in this inventory
NumStability.LiteralMGSTheorem1913ExactCertificate,NumStability.Source.Higham.Chapter19.Algorithm12.MGSPaddedClosure,inductive,false,false,false,4,0,expected_environment_declaration,inductive declarations have no value body in this inventory
NumStability.LiteralMGSTheorem1913ExactCertificate.mk,NumStability.Source.Higham.Chapter19.Algorithm12.MGSPaddedClosure,constructor,false,false,false,39,0,expected_environment_declaration,constructor declarations have no value body in this inventory
NumStability.RectMinNormLeastSquaresSolution.rec,NumStability.Source.Higham.Chapter20.Prose.MoorePenrose,recursor,false,false,false,9,0,expected_environment_declaration,recursor declarations have no value body in this inventory
NumStability.RectMinNormLeastSquaresSolution,NumStability.Source.Higham.Chapter20.Prose.MoorePenrose,inductive,false,false,false,3,0,expected_environment_declaration,inductive declarations have no value body in this inventory
NumStability.RectMinNormLeastSquaresSolution.mk,NumStability.Source.Higham.Chapter20.Prose.MoorePenrose,constructor,false,false,false,8,0,expected_environment_declaration,constructor declarations have no value body in this inventory
NumStability.LiteralMGSTheorem1913SourceRateCertificate.rec,NumStability.Source.Higham.Chapter19.Algorithm12.MGSSourceRate,recursor,false,false,false,43,0,expected_environment_declaration,recursor declarations have no value body in this inventory
NumStability.LiteralMGSTheorem1913SourceRateCertificate,NumStability.Source.Higham.Chapter19.Algorithm12.MGSSourceRate,inductive,false,false,false,4,0,expected_environment_declaration,inductive declarations have no value body in this inventory
NumStability.LiteralMGSTheorem1913SourceRateCertificate.mk,NumStability.Source.Higham.Chapter19.Algorithm12.MGSSourceRate,constructor,false,false,false,42,0,expected_environment_declaration,constructor declarations have no value body in this inventory
NumStability.LiteralMGSTheorem1913CanonicalOutcome.rec,NumStability.Source.Higham.Chapter19.Algorithm12.MGSNonbreakdown,recursor,false,false,false,16,0,expected_environment_declaration,recursor declarations have no value body in this inventory
NumStability.LiteralMGSTheorem1913CanonicalOutcome,NumStability.Source.Higham.Chapter19.Algorithm12.MGSNonbreakdown,inductive,false,false,false,4,0,expected_environment_declaration,inductive declarations have no value body in this inventory
NumStability.LiteralMGSTheorem1913CanonicalOutcome.breakdown,NumStability.Source.Higham.Chapter19.Algorithm12.MGSNonbreakdown,constructor,false,false,false,10,0,expected_environment_declaration,constructor declarations have no value body in this inventory
NumStability.LiteralMGSTheorem1913CanonicalOutcome.success,NumStability.Source.Higham.Chapter19.Algorithm12.MGSNonbreakdown,constructor,false,false,false,9,0,expected_environment_declaration,constructor declarations have no value body in this inventory
NumStability.Wave13.DisjointPairs.mk,NumStability.Source.Higham.Chapter19.Lemma09.DisjointSweep,constructor,false,false,false,15,0,expected_environment_declaration,constructor declarations have no value body in this inventory
NumStability.Wave13.DisjointPairs,NumStability.Source.Higham.Chapter19.Lemma09.DisjointSweep,inductive,false,false,false,4,0,expected_environment_declaration,inductive declarations have no value body in this inventory
NumStability.Wave13.DisjointPairs.rec,NumStability.Source.Higham.Chapter19.Lemma09.DisjointSweep,recursor,false,false,false,16,0,expected_environment_declaration,recursor declarations have no value body in this inventory
NumStability.H19Sensitivity.EconomyQR.mk,NumStability.Source.Higham.Chapter19.Sensitivity.Bounds.Results,constructor,false,false,false,13,0,expected_environment_declaration,constructor declarations have no value body in this inventory
NumStability.H19Sensitivity.EconomyQR.rec,NumStability.Source.Higham.Chapter19.Sensitivity.Bounds.Results,recursor,false,false,false,14,0,expected_environment_declaration,recursor declarations have no value body in this inventory
NumStability.H19Sensitivity.EconomyQR,NumStability.Source.Higham.Chapter19.Sensitivity.Bounds.Results,inductive,false,false,false,3,0,expected_environment_declaration,inductive declarations have no value body in this inventory
NumStability.firstPivotSelfAnnihilatingReflector.mk,NumStability.Source.Higham.Chapter19.StoredLoop.StrongModel,constructor,false,false,false,26,0,expected_environment_declaration,constructor declarations have no value body in this inventory
NumStability.firstPivotSelfAnnihilatingReflector,NumStability.Source.Higham.Chapter19.StoredLoop.StrongModel,inductive,false,false,false,8,0,expected_environment_declaration,inductive declarations have no value body in this inventory
NumStability.firstPivotSelfAnnihilatingReflector.rec,NumStability.Source.Higham.Chapter19.StoredLoop.StrongModel,recursor,false,false,false,27,0,expected_environment_declaration,recursor declarations have no value body in this inventory
NumStability.AllPivotsSelfAnnihilatingReflectorModel.rec,NumStability.Source.Higham.Chapter19.StoredLoop.AllPivots,recursor,false,false,false,34,0,expected_environment_declaration,recursor declarations have no value body in this inventory
NumStability.AllPivotsSelfAnnihilatingReflectorModel.mk,NumStability.Source.Higham.Chapter19.StoredLoop.AllPivots,constructor,false,false,false,33,0,expected_environment_declaration,constructor declarations have no value body in this inventory
NumStability.AllPivotsSelfAnnihilatingReflectorModel,NumStability.Source.Higham.Chapter19.StoredLoop.AllPivots,inductive,false,false,false,6,0,expected_environment_declaration,inductive declarations have no value body in this inventory
NumStability.Higham13Op2MatMulFamilySpec.rec,NumStability.Source.Higham.Chapter19.WYApplicationClosure,recursor,false,false,false,28,0,expected_environment_declaration,recursor declarations have no value body in this inventory
NumStability.Higham13Op2MatMulFamilySpec,NumStability.Source.Higham.Chapter19.WYApplicationClosure,inductive,false,false,false,6,0,expected_environment_declaration,inductive declarations have no value body in this inventory
NumStability.Ch19WYApplicationFamilySpec.rec,NumStability.Source.Higham.Chapter19.WYApplicationClosure,recursor,false,false,false,11,0,expected_environment_declaration,recursor declarations have no value body in this inventory
NumStability.Ch19WYConstructionEq19_19FamilySpec,NumStability.Source.Higham.Chapter19.WYApplicationClosure,inductive,false,false,false,6,0,expected_environment_declaration,inductive declarations have no value body in this inventory
NumStability.Ch19WYConstructionEq19_19FamilySpec.mk,NumStability.Source.Higham.Chapter19.WYApplicationClosure,constructor,false,false,false,34,0,expected_environment_declaration,constructor declarations have no value body in this inventory
NumStability.Ch19Op2AdditionFamilySpec.rec,NumStability.Source.Higham.Chapter19.WYApplicationClosure,recursor,false,false,false,20,0,expected_environment_declaration,recursor declarations have no value body in this inventory
NumStability.Ch19WYApplicationFamilySpec.mk,NumStability.Source.Higham.Chapter19.WYApplicationClosure,constructor,false,false,false,10,0,expected_environment_declaration,constructor declarations have no value body in this inventory
NumStability.Higham13Op2MatMulFamilySpec.mk,NumStability.Source.Higham.Chapter19.WYApplicationClosure,constructor,false,false,false,27,0,expected_environment_declaration,constructor declarations have no value body in this inventory
NumStability.Ch19WYConstructionFamilySpec,NumStability.Source.Higham.Chapter19.WYApplicationClosure,inductive,false,false,false,6,0,expected_environment_declaration,inductive declarations have no value body in this inventory
NumStability.Ch19WYConstructionFamilySpec.mk,NumStability.Source.Higham.Chapter19.WYApplicationClosure,constructor,false,false,false,35,0,expected_environment_declaration,constructor declarations have no value body in this inventory
NumStability.Ch19Op2AdditionFamilySpec,NumStability.Source.Higham.Chapter19.WYApplicationClosure,inductive,false,false,false,6,0,expected_environment_declaration,inductive declarations have no value body in this inventory
NumStability.Ch19WYApplicationFamilySpec,NumStability.Source.Higham.Chapter19.WYApplicationClosure,inductive,false,false,false,6,0,expected_environment_declaration,inductive declarations have no value body in this inventory
NumStability.Ch19WYConstructionFamilySpec.rec,NumStability.Source.Higham.Chapter19.WYApplicationClosure,recursor,false,false,false,36,0,expected_environment_declaration,recursor declarations have no value body in this inventory
NumStability.Ch19Op2AdditionFamilySpec.mk,NumStability.Source.Higham.Chapter19.WYApplicationClosure,constructor,false,false,false,19,0,expected_environment_declaration,constructor declarations have no value body in this inventory
NumStability.Ch19WYConstructionEq19_19FamilySpec.rec,NumStability.Source.Higham.Chapter19.WYApplicationClosure,recursor,false,false,false,35,0,expected_environment_declaration,recursor declarations have no value body in this inventory
NumStability.Theorem20_3_ZeroDeltaB.MetricGraphSmallness,NumStability.Source.Higham.Chapter20.Theorem03.ZeroDeltaB,inductive,false,false,false,8,0,expected_environment_declaration,inductive declarations have no value body in this inventory
NumStability.Theorem20_3_ZeroDeltaB.MetricGraphSmallness.rec,NumStability.Source.Higham.Chapter20.Theorem03.ZeroDeltaB,recursor,false,false,false,29,0,expected_environment_declaration,recursor declarations have no value body in this inventory
NumStability.Theorem20_3_ZeroDeltaB.MetricGraphSmallness.mk,NumStability.Source.Higham.Chapter20.Theorem03.ZeroDeltaB,constructor,false,false,false,28,0,expected_environment_declaration,constructor declarations have no value body in this inventory
NumStability.Higham19Eq1914ColumnwiseBackwardError.rec,NumStability.Source.Higham.Chapter19.Theorem05.SourceClosure,recursor,false,false,false,18,0,expected_environment_declaration,recursor declarations have no value body in this inventory
NumStability.Higham19RhsExplicitNormwiseBackwardError.mk,NumStability.Source.Higham.Chapter19.Theorem05.SourceClosure,constructor,false,false,false,19,0,expected_environment_declaration,constructor declarations have no value body in this inventory
NumStability.Higham19Theorem5ColumnwiseBackwardError.rec,NumStability.Source.Higham.Chapter19.Theorem05.SourceClosure,recursor,false,false,false,19,0,expected_environment_declaration,recursor declarations have no value body in this inventory
NumStability.Higham19Eq1914ColumnwiseBackwardError,NumStability.Source.Higham.Chapter19.Theorem05.SourceClosure,inductive,false,false,false,3,0,expected_environment_declaration,inductive declarations have no value body in this inventory
NumStability.Higham19Theorem5ColumnwiseBackwardError,NumStability.Source.Higham.Chapter19.Theorem05.SourceClosure,inductive,false,false,false,3,0,expected_environment_declaration,inductive declarations have no value body in this inventory
NumStability.Higham19Theorem5ColumnwiseBackwardError.mk,NumStability.Source.Higham.Chapter19.Theorem05.SourceClosure,constructor,false,false,false,18,0,expected_environment_declaration,constructor declarations have no value body in this inventory
NumStability.Higham19Eq1914ColumnwiseBackwardError.mk,NumStability.Source.Higham.Chapter19.Theorem05.SourceClosure,constructor,false,false,false,17,0,expected_environment_declaration,constructor declarations have no value body in this inventory
NumStability.Higham19RhsExplicitNormwiseBackwardError,NumStability.Source.Higham.Chapter19.Theorem05.SourceClosure,inductive,false,false,false,3,0,expected_environment_declaration,inductive declarations have no value body in this inventory
NumStability.Higham19RhsExplicitNormwiseBackwardError.rec,NumStability.Source.Higham.Chapter19.Theorem05.SourceClosure,recursor,false,false,false,20,0,expected_environment_declaration,recursor declarations have no value body in this inventory
NumStability.Theorem20_7.PivotedStoredQRRawReady.rec,NumStability.Source.Higham.Chapter20.Theorem07.Core.Results,recursor,false,false,false,35,0,expected_environment_declaration,recursor declarations have no value body in this inventory
NumStability.Theorem20_7.PivotedStoredQRLocalBudgetReady.mk,NumStability.Source.Higham.Chapter20.Theorem07.Core.Results,constructor,false,false,false,34,0,expected_environment_declaration,constructor declarations have no value body in this inventory
NumStability.Theorem20_7.PivotedStoredQRLocalBudgetReady,NumStability.Source.Higham.Chapter20.Theorem07.Core.Results,inductive,false,false,false,6,0,expected_environment_declaration,inductive declarations have no value body in this inventory
NumStability.Theorem20_7.PivotedStoredQRRawReady,NumStability.Source.Higham.Chapter20.Theorem07.Core.Results,inductive,false,false,false,6,0,expected_environment_declaration,inductive declarations have no value body in this inventory
NumStability.Theorem20_7.PivotedStoredQRRhsRawReady.rec,NumStability.Source.Higham.Chapter20.Theorem07.Core.Results,recursor,false,false,false,34,0,expected_environment_declaration,recursor declarations have no value body in this inventory
NumStability.Theorem20_7.PivotedStoredQRRawReady.mk,NumStability.Source.Higham.Chapter20.Theorem07.Core.Results,constructor,false,false,false,34,0,expected_environment_declaration,constructor declarations have no value body in this inventory
NumStability.Theorem20_7.PivotedStoredQRRhsRawReady.mk,NumStability.Source.Higham.Chapter20.Theorem07.Core.Results,constructor,false,false,false,33,0,expected_environment_declaration,constructor declarations have no value body in this inventory
NumStability.Theorem20_7.PivotedStoredQRRhsRawReady,NumStability.Source.Higham.Chapter20.Theorem07.Core.Results,inductive,false,false,false,6,0,expected_environment_declaration,inductive declarations have no value body in this inventory
NumStability.Theorem20_7.PivotedStoredQRLocalBudgetReady.rec,NumStability.Source.Higham.Chapter20.Theorem07.Core.Results,recursor,false,false,false,35,0,expected_environment_declaration,recursor declarations have no value body in this inventory
NumStability.Wave20.EntrywiseStageBackwardError.rec,NumStability.Source.Higham.Chapter19.Theorem06.ColumnPivotFull,recursor,false,false,false,28,0,expected_environment_declaration,recursor declarations have no value body in this inventory
NumStability.Wave20.EntrywiseStageBackwardError,NumStability.Source.Higham.Chapter19.Theorem06.ColumnPivotFull,inductive,false,false,false,3,0,expected_environment_declaration,inductive declarations have no value body in this inventory
NumStability.Wave20.EntrywiseStageBackwardError.mk,NumStability.Source.Higham.Chapter19.Theorem06.ColumnPivotFull,constructor,false,false,false,27,0,expected_environment_declaration,constructor declarations have no value body in this inventory
NumStability.Higham20Eq20_4CorrectionCertificate.rec,NumStability.Source.Higham.Chapter20.Theorem04.Refinement,recursor,false,false,false,40,0,expected_environment_declaration,recursor declarations have no value body in this inventory
NumStability.Higham20Eq20_4CorrectionCertificate.mk,NumStability.Source.Higham.Chapter20.Theorem04.Refinement,constructor,false,false,false,39,0,expected_environment_declaration,constructor declarations have no value body in this inventory
NumStability.Higham20Eq20_4CorrectionCertificate,NumStability.Source.Higham.Chapter20.Theorem04.Refinement,inductive,false,false,false,7,0,expected_environment_declaration,inductive declarations have no value body in this inventory
NumStability.Theorem20_7.PivotedStoredQRQdRLocalReady.mk,NumStability.Source.Higham.Chapter20.Theorem07.QdR,constructor,false,false,false,34,0,expected_environment_declaration,constructor declarations have no value body in this inventory
NumStability.Theorem20_7.PivotedStoredQRQdRReflectorReady.mk,NumStability.Source.Higham.Chapter20.Theorem07.QdR,constructor,false,false,false,27,0,expected_environment_declaration,constructor declarations have no value body in this inventory
NumStability.Theorem20_7.PivotedStoredQRQdRPrefixReady.rec,NumStability.Source.Higham.Chapter20.Theorem07.QdR,recursor,false,false,false,40,0,expected_environment_declaration,recursor declarations have no value body in this inventory
NumStability.Theorem20_7.PivotedStoredQRQdRReflectorReady.rec,NumStability.Source.Higham.Chapter20.Theorem07.QdR,recursor,false,false,false,28,0,expected_environment_declaration,recursor declarations have no value body in this inventory
NumStability.Theorem20_7.PivotedStoredQRQdRPrefixReady.mk,NumStability.Source.Higham.Chapter20.Theorem07.QdR,constructor,false,false,false,39,0,expected_environment_declaration,constructor declarations have no value body in this inventory
NumStability.Theorem20_7.PivotedStoredQRQdRLocalReady.rec,NumStability.Source.Higham.Chapter20.Theorem07.QdR,recursor,false,false,false,35,0,expected_environment_declaration,recursor declarations have no value body in this inventory
NumStability.Theorem20_7.PivotedStoredQRQdRReflectorReady,NumStability.Source.Higham.Chapter20.Theorem07.QdR,inductive,false,false,false,6,0,expected_environment_declaration,inductive declarations have no value body in this inventory
NumStability.Theorem20_7.PivotedStoredQRQdRLocalReady,NumStability.Source.Higham.Chapter20.Theorem07.QdR,inductive,false,false,false,6,0,expected_environment_declaration,inductive declarations have no value body in this inventory
NumStability.Theorem20_7.PivotedStoredQRQdRPrefixReady,NumStability.Source.Higham.Chapter20.Theorem07.QdR,inductive,false,false,false,6,0,expected_environment_declaration,inductive declarations have no value body in this inventory
NumStability.Theorem20_7.PivotedStoredQRCoxHighamRowSortingCaps.rec,NumStability.Source.Higham.Chapter20.Theorem07.Contract,recursor,false,false,false,45,0,expected_environment_declaration,recursor declarations have no value body in this inventory
NumStability.Theorem20_7.PivotedStoredQRCoxHighamForwardRowPolicy.rec,NumStability.Source.Higham.Chapter20.Theorem07.Contract,recursor,false,false,false,44,0,expected_environment_declaration,recursor declarations have no value body in this inventory
NumStability.Theorem20_7.PivotedStoredQRCoxHighamRoundedRowPolicy.rec,NumStability.Source.Higham.Chapter20.Theorem07.Contract,recursor,false,false,false,31,0,expected_environment_declaration,recursor declarations have no value body in this inventory
NumStability.Theorem20_7.PivotedStoredQRCoxHighamRoundedRowPolicy,NumStability.Source.Higham.Chapter20.Theorem07.Contract,inductive,false,false,false,10,0,expected_environment_declaration,inductive declarations have no value body in this inventory
NumStability.Theorem20_7.PivotedStoredQRCoxHighamComponentBudgets.rec,NumStability.Source.Higham.Chapter20.Theorem07.Contract,recursor,false,false,false,31,0,expected_environment_declaration,recursor declarations have no value body in this inventory
NumStability.Theorem20_7.PivotedStoredQRSplit3BNumericalContract,NumStability.Source.Higham.Chapter20.Theorem07.Contract,inductive,false,false,false,6,0,expected_environment_declaration,inductive declarations have no value body in this inventory
NumStability.Theorem20_7.PivotedStoredQRCoxHighamComponentBudgets.mk,NumStability.Source.Higham.Chapter20.Theorem07.Contract,constructor,false,false,false,30,0,expected_environment_declaration,constructor declarations have no value body in this inventory
NumStability.Theorem20_7.PivotedStoredQRCoxHighamRowSortingCaps,NumStability.Source.Higham.Chapter20.Theorem07.Contract,inductive,false,false,false,10,0,expected_environment_declaration,inductive declarations have no value body in this inventory
NumStability.Theorem20_7.PivotedStoredQRCoxHighamForwardRowPolicy,NumStability.Source.Higham.Chapter20.Theorem07.Contract,inductive,false,false,false,10,0,expected_environment_declaration,inductive declarations have no value body in this inventory
NumStability.Theorem20_7.PivotedStoredQRSplit3BNumericalContract.rec,NumStability.Source.Higham.Chapter20.Theorem07.Contract,recursor,false,false,false,47,0,expected_environment_declaration,recursor declarations have no value body in this inventory
NumStability.Theorem20_7.PivotedStoredQRCoxHighamRowSortingCaps.mk,NumStability.Source.Higham.Chapter20.Theorem07.Contract,constructor,false,false,false,44,0,expected_environment_declaration,constructor declarations have no value body in this inventory
NumStability.Theorem20_7.PivotedStoredQRCoxHighamForwardRowPolicy.mk,NumStability.Source.Higham.Chapter20.Theorem07.Contract,constructor,false,false,false,43,0,expected_environment_declaration,constructor declarations have no value body in this inventory
NumStability.Theorem20_7.PivotedStoredQRSplit3BNumericalContract.mk,NumStability.Source.Higham.Chapter20.Theorem07.Contract,constructor,false,false,false,46,0,expected_environment_declaration,constructor declarations have no value body in this inventory
NumStability.Theorem20_7.PivotedStoredQRCoxHighamRowPolicy.rec,NumStability.Source.Higham.Chapter20.Theorem07.Contract,recursor,false,false,false,48,0,expected_environment_declaration,recursor declarations have no value body in this inventory
NumStability.Theorem20_7.PivotedStoredQRCoxHighamRoundedRowPolicy.mk,NumStability.Source.Higham.Chapter20.Theorem07.Contract,constructor,false,false,false,30,0,expected_environment_declaration,constructor declarations have no value body in this inventory
NumStability.Theorem20_7.PivotedStoredQRCoxHighamComponentBudgets,NumStability.Source.Higham.Chapter20.Theorem07.Contract,inductive,false,false,false,10,0,expected_environment_declaration,inductive declarations have no value body in this inventory
NumStability.Theorem20_7.PivotedStoredQRCoxHighamRowPolicy,NumStability.Source.Higham.Chapter20.Theorem07.Contract,inductive,false,false,false,10,0,expected_environment_declaration,inductive declarations have no value body in this inventory
NumStability.Theorem20_7.PivotedStoredQRCoxHighamRowPolicy.mk,NumStability.Source.Higham.Chapter20.Theorem07.Contract,constructor,false,false,false,47,0,expected_environment_declaration,constructor declarations have no value body in this inventory
NumStability.Higham22ScalarRoundModel.rec,NumStability.Source.Higham.Chapter22.VandermondeSystems,recursor,false,false,false,29,0,expected_environment_declaration,recursor declarations have no value body in this inventory
NumStability.Higham22RoundedStageIIDivisorsNonzero.rec,NumStability.Source.Higham.Chapter22.VandermondeSystems,recursor,false,false,false,15,0,expected_environment_declaration,recursor declarations have no value body in this inventory
NumStability.Higham22RoundedStageIIDivisorsNonzero,NumStability.Source.Higham.Chapter22.VandermondeSystems,inductive,false,false,false,2,0,expected_environment_declaration,inductive declarations have no value body in this inventory
NumStability.Higham22SourceRoundModel,NumStability.Source.Higham.Chapter22.VandermondeSystems,inductive,false,false,false,0,0,expected_environment_declaration,inductive declarations have no value body in this inventory
NumStability.Higham22ScalarRoundModel,NumStability.Source.Higham.Chapter22.VandermondeSystems,inductive,false,false,false,0,0,expected_environment_declaration,inductive declarations have no value body in this inventory
NumStability.Higham22ScalarRoundModel.mk,NumStability.Source.Higham.Chapter22.VandermondeSystems,constructor,false,false,false,28,0,expected_environment_declaration,constructor declarations have no value body in this inventory
NumStability.Higham22RoundedStageIIDivisorsNonzero.mk,NumStability.Source.Higham.Chapter22.VandermondeSystems,constructor,false,false,false,14,0,expected_environment_declaration,constructor declarations have no value body in this inventory
NumStability.Higham22SourceRoundModel.rec,NumStability.Source.Higham.Chapter22.VandermondeSystems,recursor,false,false,false,33,0,expected_environment_declaration,recursor declarations have no value body in this inventory
NumStability.Higham22SourceRoundModel.mk,NumStability.Source.Higham.Chapter22.VandermondeSystems,constructor,false,false,false,32,0,expected_environment_declaration,constructor declarations have no value body in this inventory
NumStability.Higham24WeightApproximation,NumStability.Source.Higham.Chapter24.FourierTransform,inductive,false,false,false,2,0,expected_environment_declaration,inductive declarations have no value body in this inventory
NumStability.Higham24WeightApproximation.mk,NumStability.Source.Higham.Chapter24.FourierTransform,constructor,false,false,false,11,0,expected_environment_declaration,constructor declarations have no value body in this inventory
NumStability.Higham24WeightApproximation.rec,NumStability.Source.Higham.Chapter24.FourierTransform,recursor,false,false,false,12,0,expected_environment_declaration,recursor declarations have no value body in this inventory
NumStability.Higham24Radix2ForwardErrorTrace.mk,NumStability.Source.Higham.Chapter24.Radix2FFT,constructor,false,false,false,35,0,expected_environment_declaration,constructor declarations have no value body in this inventory
NumStability.Higham24SourceRadix2ForwardErrorTrace,NumStability.Source.Higham.Chapter24.Radix2FFT,inductive,false,false,false,5,0,expected_environment_declaration,inductive declarations have no value body in this inventory
NumStability.Higham24ExplicitStageExecution.mk,NumStability.Source.Higham.Chapter24.Radix2FFT,constructor,false,false,false,35,0,expected_environment_declaration,constructor declarations have no value body in this inventory
NumStability.Higham24ExplicitStageExecution,NumStability.Source.Higham.Chapter24.Radix2FFT,inductive,false,false,false,3,0,expected_environment_declaration,inductive declarations have no value body in this inventory
NumStability.Higham24SourceRadix2ForwardErrorTrace.mk,NumStability.Source.Higham.Chapter24.Radix2FFT,constructor,false,false,false,27,0,expected_environment_declaration,constructor declarations have no value body in this inventory
NumStability.Higham24Radix2ForwardErrorTrace,NumStability.Source.Higham.Chapter24.Radix2FFT,inductive,false,false,false,5,0,expected_environment_declaration,inductive declarations have no value body in this inventory
NumStability.Higham24ExplicitStageExecution.rec,NumStability.Source.Higham.Chapter24.Radix2FFT,recursor,false,false,false,36,0,expected_environment_declaration,recursor declarations have no value body in this inventory
NumStability.Higham24SourceRadix2ForwardErrorTrace.rec,NumStability.Source.Higham.Chapter24.Radix2FFT,recursor,false,false,false,28,0,expected_environment_declaration,recursor declarations have no value body in this inventory
NumStability.Higham24Radix2ForwardErrorTrace.rec,NumStability.Source.Higham.Chapter24.Radix2FFT,recursor,false,false,false,36,0,expected_environment_declaration,recursor declarations have no value body in this inventory
NumStability.Higham24RoundedCirculantSolveExecution.rec,NumStability.Source.Higham.Chapter24.CirculantSystems,recursor,false,false,false,46,0,expected_environment_declaration,recursor declarations have no value body in this inventory
NumStability.Higham24MixedStabilityExecutionFamily.mk,NumStability.Source.Higham.Chapter24.CirculantSystems,constructor,false,false,false,34,0,expected_environment_declaration,constructor declarations have no value body in this inventory
NumStability.Higham24FFTMatrixPerturbation.rec,NumStability.Source.Higham.Chapter24.CirculantSystems,recursor,false,false,false,14,0,expected_environment_declaration,recursor declarations have no value body in this inventory
NumStability.Higham24Eq24_7Execution.mk,NumStability.Source.Higham.Chapter24.CirculantSystems,constructor,false,false,false,27,0,expected_environment_declaration,constructor declarations have no value body in this inventory
NumStability.Higham24FFTMatrixPerturbation.mk,NumStability.Source.Higham.Chapter24.CirculantSystems,constructor,false,false,false,13,0,expected_environment_declaration,constructor declarations have no value body in this inventory
NumStability.Higham24Eq24_7Execution,NumStability.Source.Higham.Chapter24.CirculantSystems,inductive,false,false,false,5,0,expected_environment_declaration,inductive declarations have no value body in this inventory
NumStability.Higham24RoundedCirculantSolveExecution,NumStability.Source.Higham.Chapter24.CirculantSystems,inductive,false,false,false,5,0,expected_environment_declaration,inductive declarations have no value body in this inventory
NumStability.Higham24MixedStabilityExecutionFamily.rec,NumStability.Source.Higham.Chapter24.CirculantSystems,recursor,false,false,false,35,0,expected_environment_declaration,recursor declarations have no value body in this inventory
NumStability.Higham24Eq24_7Execution.rec,NumStability.Source.Higham.Chapter24.CirculantSystems,recursor,false,false,false,28,0,expected_environment_declaration,recursor declarations have no value body in this inventory
NumStability.Higham24MixedStabilityExecutionFamily,NumStability.Source.Higham.Chapter24.CirculantSystems,inductive,false,false,false,2,0,expected_environment_declaration,inductive declarations have no value body in this inventory
NumStability.Higham24FFTMatrixPerturbation,NumStability.Source.Higham.Chapter24.CirculantSystems,inductive,false,false,false,5,0,expected_environment_declaration,inductive declarations have no value body in this inventory
NumStability.Higham24RoundedCirculantSolveExecution.mk,NumStability.Source.Higham.Chapter24.CirculantSystems,constructor,false,false,false,45,0,expected_environment_declaration,constructor declarations have no value body in this inventory
NumStability.Higham25RoundedNewtonStep.rec,NumStability.Source.Higham.Chapter25.NonlinearSystems,recursor,false,false,false,18,0,expected_environment_declaration,recursor declarations have no value body in this inventory
NumStability.Higham25RoundedNewtonStep,NumStability.Source.Higham.Chapter25.NonlinearSystems,inductive,false,false,false,3,0,expected_environment_declaration,inductive declarations have no value body in this inventory
NumStability.Higham25ActualSolutionMapContract.mk,NumStability.Source.Higham.Chapter25.NonlinearSystems,constructor,false,false,false,8,0,expected_environment_declaration,constructor declarations have no value body in this inventory
NumStability.Higham25ActualSolutionMapContract,NumStability.Source.Higham.Chapter25.NonlinearSystems,inductive,false,false,false,2,0,expected_environment_declaration,inductive declarations have no value body in this inventory
NumStability.Higham25TaylorRemainderContract.mk,NumStability.Source.Higham.Chapter25.NonlinearSystems,constructor,false,false,false,53,0,expected_environment_declaration,constructor declarations have no value body in this inventory
NumStability.Higham25LocalSolutionMapContract.mk,NumStability.Source.Higham.Chapter25.NonlinearSystems,constructor,false,false,false,12,0,expected_environment_declaration,constructor declarations have no value body in this inventory
NumStability.Higham25LocalSolutionMapContract,NumStability.Source.Higham.Chapter25.NonlinearSystems,inductive,false,false,false,3,0,expected_environment_declaration,inductive declarations have no value body in this inventory
NumStability.Higham25TaylorRemainderContract.rec,NumStability.Source.Higham.Chapter25.NonlinearSystems,recursor,false,false,false,54,0,expected_environment_declaration,recursor declarations have no value body in this inventory
NumStability.Higham25ActualSolutionMapContract.rec,NumStability.Source.Higham.Chapter25.NonlinearSystems,recursor,false,false,false,9,0,expected_environment_declaration,recursor declarations have no value body in this inventory
NumStability.Higham25TaylorRemainderContract,NumStability.Source.Higham.Chapter25.NonlinearSystems,inductive,false,false,false,16,0,expected_environment_declaration,inductive declarations have no value body in this inventory
NumStability.Higham25RoundedNewtonStep.mk,NumStability.Source.Higham.Chapter25.NonlinearSystems,constructor,false,false,false,17,0,expected_environment_declaration,constructor declarations have no value body in this inventory
NumStability.Higham25LocalSolutionMapContract.rec,NumStability.Source.Higham.Chapter25.NonlinearSystems,recursor,false,false,false,13,0,expected_environment_declaration,recursor declarations have no value body in this inventory
NumStability.Higham25SimpleEigenpairCertificate.rec,NumStability.Source.Higham.Chapter25.Eigenproblem,recursor,false,false,false,27,0,expected_environment_declaration,recursor declarations have no value body in this inventory
NumStability.Higham25SimpleEigenpairCertificate,NumStability.Source.Higham.Chapter25.Eigenproblem,inductive,false,false,false,3,0,expected_environment_declaration,inductive declarations have no value body in this inventory
NumStability.Higham25SimpleEigenpairCertificate.mk,NumStability.Source.Higham.Chapter25.Eigenproblem,constructor,false,false,false,26,0,expected_environment_declaration,constructor declarations have no value body in this inventory
NumStability.ADSearchTrace,NumStability.Source.Higham.Chapter26.AlternatingDirections.ExactExecution,inductive,false,false,false,4,0,expected_environment_declaration,inductive declarations have no value body in this inventory
NumStability.ADSearchTrace.rec,NumStability.Source.Higham.Chapter26.AlternatingDirections.ExactExecution,recursor,false,false,false,10,0,expected_environment_declaration,recursor declarations have no value body in this inventory
NumStability.ADSearchTrace.below.stop,NumStability.Source.Higham.Chapter26.AlternatingDirections.ExactExecution,constructor,false,false,false,9,0,expected_environment_declaration,constructor declarations have no value body in this inventory
NumStability.ADSearchTrace.below.next,NumStability.Source.Higham.Chapter26.AlternatingDirections.ExactExecution,constructor,false,false,false,10,0,expected_environment_declaration,constructor declarations have no value body in this inventory
NumStability.ADSearchTrace.below.rec,NumStability.Source.Higham.Chapter26.AlternatingDirections.ExactExecution,recursor,false,false,false,13,0,expected_environment_declaration,recursor declarations have no value body in this inventory
NumStability.ADSearchTrace.below,NumStability.Source.Higham.Chapter26.AlternatingDirections.ExactExecution,inductive,false,false,false,5,0,expected_environment_declaration,inductive declarations have no value body in this inventory
NumStability.ADSearchTrace.stop,NumStability.Source.Higham.Chapter26.AlternatingDirections.ExactExecution,constructor,false,false,false,7,0,expected_environment_declaration,constructor declarations have no value body in this inventory
NumStability.ADSearchTrace.next,NumStability.Source.Higham.Chapter26.AlternatingDirections.ExactExecution,constructor,false,false,false,8,0,expected_environment_declaration,constructor declarations have no value body in this inventory
NumStability.RealInterval.rec,NumStability.Source.Higham.Chapter26.IntervalArithmetic.ExactOperations,recursor,false,false,false,5,0,expected_environment_declaration,recursor declarations have no value body in this inventory
NumStability.RealInterval.mk,NumStability.Source.Higham.Chapter26.IntervalArithmetic.ExactOperations,constructor,false,false,false,4,0,expected_environment_declaration,constructor declarations have no value body in this inventory
NumStability.RealInterval,NumStability.Source.Higham.Chapter26.IntervalArithmetic.ExactOperations,inductive,false,false,false,0,0,expected_environment_declaration,inductive declarations have no value body in this inventory
NumStability.MDSSimplex.rec,NumStability.Source.Higham.Chapter26.MultidirectionalSearch.Simplex,recursor,false,false,false,5,0,expected_environment_declaration,recursor declarations have no value body in this inventory
NumStability.MDSSimplex.mk,NumStability.Source.Higham.Chapter26.MultidirectionalSearch.Simplex,constructor,false,false,false,4,0,expected_environment_declaration,constructor declarations have no value body in this inventory
NumStability.MDSSimplex,NumStability.Source.Higham.Chapter26.MultidirectionalSearch.Simplex,inductive,false,false,false,1,0,expected_environment_declaration,inductive declarations have no value body in this inventory
NumStability.MDSSimplex.SearchTrace.below.stop,NumStability.Source.Higham.Chapter26.MultidirectionalSearch.Execution,constructor,false,false,false,8,0,expected_environment_declaration,constructor declarations have no value body in this inventory
NumStability.MDSSimplex.SearchTrace.below,NumStability.Source.Higham.Chapter26.MultidirectionalSearch.Execution,inductive,false,false,false,5,0,expected_environment_declaration,inductive declarations have no value body in this inventory
NumStability.MDSSimplex.SearchTrace.stop,NumStability.Source.Higham.Chapter26.MultidirectionalSearch.Execution,constructor,false,false,false,6,0,expected_environment_declaration,constructor declarations have no value body in this inventory
NumStability.MDSSimplex.SearchTrace.below.next,NumStability.Source.Higham.Chapter26.MultidirectionalSearch.Execution,constructor,false,false,false,10,0,expected_environment_declaration,constructor declarations have no value body in this inventory
NumStability.MDSSimplex.SearchTrace.next,NumStability.Source.Higham.Chapter26.MultidirectionalSearch.Execution,constructor,false,false,false,8,0,expected_environment_declaration,constructor declarations have no value body in this inventory
NumStability.MDSSimplex.SearchTrace.rec,NumStability.Source.Higham.Chapter26.MultidirectionalSearch.Execution,recursor,false,false,false,10,0,expected_environment_declaration,recursor declarations have no value body in this inventory
NumStability.MDSSimplex.SearchTrace,NumStability.Source.Higham.Chapter26.MultidirectionalSearch.Execution,inductive,false,false,false,4,0,expected_environment_declaration,inductive declarations have no value body in this inventory
NumStability.MDSSimplex.SearchTrace.below.rec,NumStability.Source.Higham.Chapter26.MultidirectionalSearch.Execution,recursor,false,false,false,13,0,expected_environment_declaration,recursor declarations have no value body in this inventory
NumStability.FPException,NumStability.Source.Higham.Chapter27.SoftwareEnvironment,inductive,false,false,false,0,0,expected_environment_declaration,inductive declarations have no value body in this inventory
NumStability.ArithmeticParameters.rec,NumStability.Source.Higham.Chapter27.SoftwareEnvironment,recursor,false,false,false,11,0,expected_environment_declaration,recursor declarations have no value body in this inventory
NumStability.MixedPrecisionBLASEvaluator.mk,NumStability.Source.Higham.Chapter27.SoftwareEnvironment,constructor,false,false,false,10,0,expected_environment_declaration,constructor declarations have no value body in this inventory
NumStability.FPException.overflow,NumStability.Source.Higham.Chapter27.SoftwareEnvironment,constructor,false,false,false,1,0,expected_environment_declaration,constructor declarations have no value body in this inventory
NumStability.MixedPrecisionBLASEvaluator.rec,NumStability.Source.Higham.Chapter27.SoftwareEnvironment,recursor,false,false,false,11,0,expected_environment_declaration,recursor declarations have no value body in this inventory
NumStability.MixedPrecisionBLASSpec,NumStability.Source.Higham.Chapter27.SoftwareEnvironment,inductive,false,false,false,0,0,expected_environment_declaration,inductive declarations have no value body in this inventory
NumStability.ArithmeticParameters.mk,NumStability.Source.Higham.Chapter27.SoftwareEnvironment,constructor,false,false,false,10,0,expected_environment_declaration,constructor declarations have no value body in this inventory
NumStability.FPException.rec,NumStability.Source.Higham.Chapter27.SoftwareEnvironment,recursor,false,false,false,6,0,expected_environment_declaration,recursor declarations have no value body in this inventory
NumStability.MixedPrecisionBLASEvaluator,NumStability.Source.Higham.Chapter27.SoftwareEnvironment,inductive,false,false,false,0,0,expected_environment_declaration,inductive declarations have no value body in this inventory
NumStability.FPException.inexact,NumStability.Source.Higham.Chapter27.SoftwareEnvironment,constructor,false,false,false,1,0,expected_environment_declaration,constructor declarations have no value body in this inventory
NumStability.ScaledSumSqState,NumStability.Source.Higham.Chapter27.SoftwareEnvironment,inductive,false,false,false,0,0,expected_environment_declaration,inductive declarations have no value body in this inventory
NumStability.ArithmeticParameters,NumStability.Source.Higham.Chapter27.SoftwareEnvironment,inductive,false,false,false,0,0,expected_environment_declaration,inductive declarations have no value body in this inventory
NumStability.MixedPrecisionBLASSpec.mk,NumStability.Source.Higham.Chapter27.SoftwareEnvironment,constructor,false,false,false,13,0,expected_environment_declaration,constructor declarations have no value body in this inventory
NumStability.FPException.invalidOperation,NumStability.Source.Higham.Chapter27.SoftwareEnvironment,constructor,false,false,false,1,0,expected_environment_declaration,constructor declarations have no value body in this inventory
NumStability.BLASStoragePrecision.single,NumStability.Source.Higham.Chapter27.SoftwareEnvironment,constructor,false,false,false,1,0,expected_environment_declaration,constructor declarations have no value body in this inventory
NumStability.BLASStoragePrecision,NumStability.Source.Higham.Chapter27.SoftwareEnvironment,inductive,false,false,false,0,0,expected_environment_declaration,inductive declarations have no value body in this inventory
NumStability.FPException.divideByZero,NumStability.Source.Higham.Chapter27.SoftwareEnvironment,constructor,false,false,false,1,0,expected_environment_declaration,constructor declarations have no value body in this inventory
NumStability.ScaledSumSqState.rec,NumStability.Source.Higham.Chapter27.SoftwareEnvironment,recursor,false,false,false,3,0,expected_environment_declaration,recursor declarations have no value body in this inventory
NumStability.MixedPrecisionBLASSpec.rec,NumStability.Source.Higham.Chapter27.SoftwareEnvironment,recursor,false,false,false,14,0,expected_environment_declaration,recursor declarations have no value body in this inventory
NumStability.FPException.underflow,NumStability.Source.Higham.Chapter27.SoftwareEnvironment,constructor,false,false,false,1,0,expected_environment_declaration,constructor declarations have no value body in this inventory
NumStability.BLASStoragePrecision.double,NumStability.Source.Higham.Chapter27.SoftwareEnvironment,constructor,false,false,false,1,0,expected_environment_declaration,constructor declarations have no value body in this inventory
NumStability.ScaledSumSqState.mk,NumStability.Source.Higham.Chapter27.SoftwareEnvironment,constructor,false,false,false,2,0,expected_environment_declaration,constructor declarations have no value body in this inventory
NumStability.PortableArithmeticModel.rec,NumStability.Source.Higham.Chapter27.SoftwareEnvironment,recursor,false,false,false,3,0,expected_environment_declaration,recursor declarations have no value body in this inventory
NumStability.PortableArithmeticModel,NumStability.Source.Higham.Chapter27.SoftwareEnvironment,inductive,false,false,false,0,0,expected_environment_declaration,inductive declarations have no value body in this inventory
NumStability.PortableArithmeticModel.mk,NumStability.Source.Higham.Chapter27.SoftwareEnvironment,constructor,false,false,false,2,0,expected_environment_declaration,constructor declarations have no value body in this inventory
NumStability.BLASStoragePrecision.rec,NumStability.Source.Higham.Chapter27.SoftwareEnvironment,recursor,false,false,false,3,0,expected_environment_declaration,recursor declarations have no value body in this inventory
NumStability.CauchyAdmissible.mk,NumStability.Analysis.TestMatrices.Cauchy.Contracts,constructor,false,false,false,13,0,expected_environment_declaration,constructor declarations have no value body in this inventory
NumStability.CauchyAdmissible.rec,NumStability.Analysis.TestMatrices.Cauchy.Contracts,recursor,false,false,false,14,0,expected_environment_declaration,recursor declarations have no value body in this inventory
NumStability.CauchyAdmissible,NumStability.Analysis.TestMatrices.Cauchy.Contracts,inductive,false,false,false,2,0,expected_environment_declaration,inductive declarations have no value body in this inventory
NumStability.LevelIndexCode,NumStability.Analysis.AlternativeNumberSystems,inductive,false,false,false,0,0,expected_environment_declaration,inductive declarations have no value body in this inventory
NumStability.LevelIndexCode.mk,NumStability.Analysis.AlternativeNumberSystems,constructor,false,false,false,10,0,expected_environment_declaration,constructor declarations have no value body in this inventory
NumStability.LevelIndexCode.rec,NumStability.Analysis.AlternativeNumberSystems,recursor,false,false,false,11,0,expected_environment_declaration,recursor declarations have no value body in this inventory
NumStability.codyPowerTestExact_displayedTableDecimal17_abs_error_lt_half_last_place._native.native_decide.ax_1_5,NumStability.Source.Higham.Chapter02.Section11.AccuracyTests.Basic,axiom,true,false,false,13,0,lean_generated_native_decide_axiom,generated internal helper for a source native_decide proof
NumStability.codyPowerTestExact_displayedDecimal21_abs_error_lt_half_last_place._native.native_decide.ax_1_5,NumStability.Source.Higham.Chapter02.Section11.AccuracyTests.Basic,axiom,true,false,false,13,0,lean_generated_native_decide_axiom,generated internal helper for a source native_decide proof
NumStability.PowerMethodDominantFiniteTailCertificate.mk,NumStability.Analysis.BeneficialRounding,constructor,false,false,false,33,0,expected_environment_declaration,constructor declarations have no value body in this inventory
NumStability.PowerMethodDominantFiniteTailCertificate,NumStability.Analysis.BeneficialRounding,inductive,false,false,false,3,0,expected_environment_declaration,inductive declarations have no value body in this inventory
NumStability.PowerMethodDominantFiniteTailCertificate.rec,NumStability.Analysis.BeneficialRounding,recursor,false,false,false,34,0,expected_environment_declaration,recursor declarations have no value body in this inventory
NumStability.CalculatorGlyph.rec,NumStability.Source.Higham.Chapter01.Problem06.CalculatorWords.Basic,recursor,false,false,false,9,0,expected_environment_declaration,recursor declarations have no value body in this inventory
NumStability.CalculatorGlyph,NumStability.Source.Higham.Chapter01.Problem06.CalculatorWords.Basic,inductive,false,false,false,0,0,expected_environment_declaration,inductive declarations have no value body in this inventory
NumStability.CalculatorGlyph.B,NumStability.Source.Higham.Chapter01.Problem06.CalculatorWords.Basic,constructor,false,false,false,1,0,expected_environment_declaration,constructor declarations have no value body in this inventory
NumStability.CalculatorGlyph.I,NumStability.Source.Higham.Chapter01.Problem06.CalculatorWords.Basic,constructor,false,false,false,1,0,expected_environment_declaration,constructor declarations have no value body in this inventory
NumStability.CalculatorGlyph.H,NumStability.Source.Higham.Chapter01.Problem06.CalculatorWords.Basic,constructor,false,false,false,1,0,expected_environment_declaration,constructor declarations have no value body in this inventory
NumStability.CalculatorGlyph.L,NumStability.Source.Higham.Chapter01.Problem06.CalculatorWords.Basic,constructor,false,false,false,1,0,expected_environment_declaration,constructor declarations have no value body in this inventory
NumStability.CalculatorGlyph.E,NumStability.Source.Higham.Chapter01.Problem06.CalculatorWords.Basic,constructor,false,false,false,1,0,expected_environment_declaration,constructor declarations have no value body in this inventory
NumStability.CalculatorGlyph.S,NumStability.Source.Higham.Chapter01.Problem06.CalculatorWords.Basic,constructor,false,false,false,1,0,expected_environment_declaration,constructor declarations have no value body in this inventory
NumStability.CalculatorGlyph.G,NumStability.Source.Higham.Chapter01.Problem06.CalculatorWords.Basic,constructor,false,false,false,1,0,expected_environment_declaration,constructor declarations have no value body in this inventory
NumStability.CalculatorGlyph.O,NumStability.Source.Higham.Chapter01.Problem06.CalculatorWords.Basic,constructor,false,false,false,1,0,expected_environment_declaration,constructor declarations have no value body in this inventory
NumStability.ErrorSource.rounding,NumStability.Source.Higham.Chapter01.Section03.ErrorSources.Core,constructor,false,false,false,1,0,expected_environment_declaration,constructor declarations have no value body in this inventory
NumStability.ErrorSource,NumStability.Source.Higham.Chapter01.Section03.ErrorSources.Core,inductive,false,false,false,0,0,expected_environment_declaration,inductive declarations have no value body in this inventory
NumStability.ErrorSource.dataUncertainty,NumStability.Source.Higham.Chapter01.Section03.ErrorSources.Core,constructor,false,false,false,1,0,expected_environment_declaration,constructor declarations have no value body in this inventory
NumStability.ErrorSource.rec,NumStability.Source.Higham.Chapter01.Section03.ErrorSources.Core,recursor,false,false,false,4,0,expected_environment_declaration,recursor declarations have no value body in this inventory
NumStability.ErrorSource.truncation,NumStability.Source.Higham.Chapter01.Section03.ErrorSources.Core,constructor,false,false,false,1,0,expected_environment_declaration,constructor declarations have no value body in this inventory
NumStability.IeeeDoubleKahanQuotientNormalTrace.mk,NumStability.Source.Higham.Chapter01.Section17.HornerEvaluation,constructor,false,false,false,10,0,expected_environment_declaration,constructor declarations have no value body in this inventory
NumStability.IeeeDoubleKahanNumeratorNormalTrace.mk,NumStability.Source.Higham.Chapter01.Section17.HornerEvaluation,constructor,false,false,false,21,0,expected_environment_declaration,constructor declarations have no value body in this inventory
NumStability.IeeeDoubleKahanDenominatorNormalTrace.mk,NumStability.Source.Higham.Chapter01.Section17.HornerEvaluation,constructor,false,false,false,20,0,expected_environment_declaration,constructor declarations have no value body in this inventory
NumStability.IeeeDoubleKahanDenominatorNormalTrace.rec,NumStability.Source.Higham.Chapter01.Section17.HornerEvaluation,recursor,false,false,false,21,0,expected_environment_declaration,recursor declarations have no value body in this inventory
NumStability.IeeeDoubleKahanNumeratorNormalTrace.rec,NumStability.Source.Higham.Chapter01.Section17.HornerEvaluation,recursor,false,false,false,22,0,expected_environment_declaration,recursor declarations have no value body in this inventory
NumStability.IeeeDoubleKahanQuotientNormalTrace.rec,NumStability.Source.Higham.Chapter01.Section17.HornerEvaluation,recursor,false,false,false,11,0,expected_environment_declaration,recursor declarations have no value body in this inventory
NumStability.IeeeDoubleKahanDenominatorNormalTrace,NumStability.Source.Higham.Chapter01.Section17.HornerEvaluation,inductive,false,false,false,1,0,expected_environment_declaration,inductive declarations have no value body in this inventory
NumStability.IeeeDoubleKahanNumeratorNormalTrace,NumStability.Source.Higham.Chapter01.Section17.HornerEvaluation,inductive,false,false,false,1,0,expected_environment_declaration,inductive declarations have no value body in this inventory
NumStability.IeeeDoubleKahanQuotientNormalTrace,NumStability.Source.Higham.Chapter01.Section17.HornerEvaluation,inductive,false,false,false,1,0,expected_environment_declaration,inductive declarations have no value body in this inventory
NumStability.FloatingPointFormat.ieeeSingleFormat_normalizedExponentParameterCount._native.native_decide.ax_1_2,NumStability.Source.Higham.Chapter02.Problem01.FloatingPointCounts.Basic,axiom,true,false,false,11,0,lean_generated_native_decide_axiom,generated internal helper for a source native_decide proof
NumStability.FloatingPointFormat.ieeeDoubleFormat_normalizedExponentParameterCount._native.native_decide.ax_1_2,NumStability.Source.Higham.Chapter02.Problem01.FloatingPointCounts.Basic,axiom,true,false,false,11,0,lean_generated_native_decide_axiom,generated internal helper for a source native_decide proof
NumStability.FloatingPointFormat.problem2_1_ieeeSingle_normalizedNumberParameterCount._native.native_decide.ax_1_6,NumStability.Source.Higham.Chapter02.Problem01.FloatingPointCounts.Basic,axiom,true,false,false,14,0,lean_generated_native_decide_axiom,generated internal helper for a source native_decide proof
NumStability.FloatingPointFormat.problem2_1_ieeeDouble_normalizedNumberParameterCount._native.native_decide.ax_1_6,NumStability.Source.Higham.Chapter02.Problem01.FloatingPointCounts.Basic,axiom,true,false,false,14,0,lean_generated_native_decide_axiom,generated internal helper for a source native_decide proof
NumStability.FloatingPointFormat.Problem2_3IeeeSingleAdjacentGap.rec,NumStability.Source.Higham.Chapter02.Problem03.AdjacentPrecisionValues.Basic,recursor,false,false,false,23,0,expected_environment_declaration,recursor declarations have no value body in this inventory
NumStability.FloatingPointFormat.Problem2_3IeeeSingleAdjacentGap.boundary,NumStability.Source.Higham.Chapter02.Problem03.AdjacentPrecisionValues.Basic,constructor,false,false,false,10,0,expected_environment_declaration,constructor declarations have no value body in this inventory
NumStability.FloatingPointFormat.Problem2_3IeeeSingleAdjacentGap,NumStability.Source.Higham.Chapter02.Problem03.AdjacentPrecisionValues.Basic,inductive,false,false,false,0,0,expected_environment_declaration,inductive declarations have no value body in this inventory
NumStability.FloatingPointFormat.Problem2_3IeeeSingleAdjacentGap.subnormalBlock,NumStability.Source.Higham.Chapter02.Problem03.AdjacentPrecisionValues.Basic,constructor,false,false,false,14,0,expected_environment_declaration,constructor declarations have no value body in this inventory
NumStability.FloatingPointFormat.Problem2_3IeeeSingleAdjacentGap.sameExponent,NumStability.Source.Higham.Chapter02.Problem03.AdjacentPrecisionValues.Basic,constructor,false,false,false,12,0,expected_environment_declaration,constructor declarations have no value body in this inventory
NumStability.problem2_15_16Probe.signNaN,NumStability.Source.Higham.Chapter02.Problems15And16.SpecialValueProbes.Basic,constructor,false,false,false,1,0,expected_environment_declaration,constructor declarations have no value body in this inventory
NumStability.problem2_15_16Environment.rec,NumStability.Source.Higham.Chapter02.Problems15And16.SpecialValueProbes.Basic,recursor,false,false,false,4,0,expected_environment_declaration,recursor declarations have no value body in this inventory
NumStability.problem2_15_16Probe.signNegNaN,NumStability.Source.Higham.Chapter02.Problems15And16.SpecialValueProbes.Basic,constructor,false,false,false,1,0,expected_environment_declaration,constructor declarations have no value body in this inventory
NumStability.problem2_15_16Probe.logPosInf,NumStability.Source.Higham.Chapter02.Problems15And16.SpecialValueProbes.Basic,constructor,false,false,false,1,0,expected_environment_declaration,constructor declarations have no value body in this inventory
NumStability.problem2_15_16Environment,NumStability.Source.Higham.Chapter02.Problems15And16.SpecialValueProbes.Basic,inductive,false,false,false,0,0,expected_environment_declaration,inductive declarations have no value body in this inventory
NumStability.problem2_15_16Probe.nanPowZero,NumStability.Source.Higham.Chapter02.Problems15And16.SpecialValueProbes.Basic,constructor,false,false,false,1,0,expected_environment_declaration,constructor declarations have no value body in this inventory
NumStability.problem2_15_16Probe.onePowNaN,NumStability.Source.Higham.Chapter02.Problems15And16.SpecialValueProbes.Basic,constructor,false,false,false,1,0,expected_environment_declaration,constructor declarations have no value body in this inventory
NumStability.problem2_15_16Probe.zeroPowZero,NumStability.Source.Higham.Chapter02.Problems15And16.SpecialValueProbes.Basic,constructor,false,false,false,1,0,expected_environment_declaration,constructor declarations have no value body in this inventory
NumStability.problem2_15_16Probe,NumStability.Source.Higham.Chapter02.Problems15And16.SpecialValueProbes.Basic,inductive,false,false,false,0,0,expected_environment_declaration,inductive declarations have no value body in this inventory
NumStability.problem2_15_16Probe.expNegInf,NumStability.Source.Higham.Chapter02.Problems15And16.SpecialValueProbes.Basic,constructor,false,false,false,1,0,expected_environment_declaration,constructor declarations have no value body in this inventory
NumStability.problem2_15_16Environment.mk,NumStability.Source.Higham.Chapter02.Problems15And16.SpecialValueProbes.Basic,constructor,false,false,false,3,0,expected_environment_declaration,constructor declarations have no value body in this inventory
NumStability.problem2_15_16Probe.rec,NumStability.Source.Higham.Chapter02.Problems15And16.SpecialValueProbes.Basic,recursor,false,false,false,14,0,expected_environment_declaration,recursor declarations have no value body in this inventory
NumStability.problem2_15_16Probe.logNegInf,NumStability.Source.Higham.Chapter02.Problems15And16.SpecialValueProbes.Basic,constructor,false,false,false,1,0,expected_environment_declaration,constructor declarations have no value body in this inventory
NumStability.problem2_15_16Probe.twoPowPosInf,NumStability.Source.Higham.Chapter02.Problems15And16.SpecialValueProbes.Basic,constructor,false,false,false,1,0,expected_environment_declaration,constructor declarations have no value body in this inventory
NumStability.problem2_15_16Probe.onePowPosInf,NumStability.Source.Higham.Chapter02.Problems15And16.SpecialValueProbes.Basic,constructor,false,false,false,1,0,expected_environment_declaration,constructor declarations have no value body in this inventory
NumStability.problem2_15_16Probe.posInfPowZero,NumStability.Source.Higham.Chapter02.Problems15And16.SpecialValueProbes.Basic,constructor,false,false,false,1,0,expected_environment_declaration,constructor declarations have no value body in this inventory
NumStability.problem2_15_16Probe.logPosZero,NumStability.Source.Higham.Chapter02.Problems15And16.SpecialValueProbes.Basic,constructor,false,false,false,1,0,expected_environment_declaration,constructor declarations have no value body in this inventory
NumStability.problem2_15_16Probe.expPosInf,NumStability.Source.Higham.Chapter02.Problems15And16.SpecialValueProbes.Basic,constructor,false,false,false,1,0,expected_environment_declaration,constructor declarations have no value body in this inventory
NumStability.HighamProblem61RankOneTableProfiles.mk,NumStability.Source.Higham.Chapter06.Problem01,constructor,false,false,false,18,0,expected_environment_declaration,constructor declarations have no value body in this inventory
NumStability.HighamProblem61RankOneTableQuotientWitnesses.rec,NumStability.Source.Higham.Chapter06.Problem01,recursor,false,false,false,26,0,expected_environment_declaration,recursor declarations have no value body in this inventory
NumStability.HighamProblem61RankOneTableProfiles.rec,NumStability.Source.Higham.Chapter06.Problem01,recursor,false,false,false,19,0,expected_environment_declaration,recursor declarations have no value body in this inventory
NumStability.HighamProblem61RankOneTableQuotientWitnesses.mk,NumStability.Source.Higham.Chapter06.Problem01,constructor,false,false,false,25,0,expected_environment_declaration,constructor declarations have no value body in this inventory
NumStability.HighamProblem61RankOneTableProfiles,NumStability.Source.Higham.Chapter06.Problem01,inductive,false,false,false,2,0,expected_environment_declaration,inductive declarations have no value body in this inventory
NumStability.HighamProblem61RankOneNormProfile,NumStability.Source.Higham.Chapter06.Problem01,inductive,false,false,false,3,0,expected_environment_declaration,inductive declarations have no value body in this inventory
NumStability.HighamProblem61NormQuotientWitness,NumStability.Source.Higham.Chapter06.Problem01,inductive,false,false,false,3,0,expected_environment_declaration,inductive declarations have no value body in this inventory
NumStability.HighamProblem61RankOneTableQuotientWitnesses,NumStability.Source.Higham.Chapter06.Problem01,inductive,false,false,false,2,0,expected_environment_declaration,inductive declarations have no value body in this inventory
NumStability.HighamProblem61NormQuotientWitness.rec,NumStability.Source.Higham.Chapter06.Problem01,recursor,false,false,false,14,0,expected_environment_declaration,recursor declarations have no value body in this inventory
NumStability.HighamProblem61RankOneNormProfile.rec,NumStability.Source.Higham.Chapter06.Problem01,recursor,false,false,false,12,0,expected_environment_declaration,recursor declarations have no value body in this inventory
NumStability.HighamProblem61RankOneNormProfile.mk,NumStability.Source.Higham.Chapter06.Problem01,constructor,false,false,false,11,0,expected_environment_declaration,constructor declarations have no value body in this inventory
NumStability.HighamProblem61NormQuotientWitness.mk,NumStability.Source.Higham.Chapter06.Problem01,constructor,false,false,false,13,0,expected_environment_declaration,constructor declarations have no value body in this inventory
NumStability.problem2_11EmpiricalSource.randomSymmetricEigenvalues,NumStability.Source.Higham.Chapter02.Problem11,constructor,false,false,false,1,0,expected_environment_declaration,constructor declarations have no value body in this inventory
NumStability.problem2_11EmpiricalSource.newspaperNumbers,NumStability.Source.Higham.Chapter02.Problem11,constructor,false,false,false,1,0,expected_environment_declaration,constructor declarations have no value body in this inventory
NumStability.problem2_11EmpiricalSource.rec,NumStability.Source.Higham.Chapter02.Problem11,recursor,false,false,false,7,0,expected_environment_declaration,recursor declarations have no value body in this inventory
NumStability.problem2_11EmpiricalSource.powersOfTwo,NumStability.Source.Higham.Chapter02.Problem11,constructor,false,false,false,1,0,expected_environment_declaration,constructor declarations have no value body in this inventory
NumStability.problem2_11EmpiricalSource,NumStability.Source.Higham.Chapter02.Problem11,inductive,false,false,false,0,0,expected_environment_declaration,inductive declarations have no value body in this inventory
NumStability.problem2_11EmpiricalSource.factorials,NumStability.Source.Higham.Chapter02.Problem11,constructor,false,false,false,1,0,expected_environment_declaration,constructor declarations have no value body in this inventory
NumStability.problem2_11EmpiricalSource.physicalConstants,NumStability.Source.Higham.Chapter02.Problem11,constructor,false,false,false,1,0,expected_environment_declaration,constructor declarations have no value body in this inventory
NumStability.problem2_11EmpiricalSource.powersOfThree,NumStability.Source.Higham.Chapter02.Problem11,constructor,false,false,false,1,0,expected_environment_declaration,constructor declarations have no value body in this inventory
