⚠ [3206/3721] Replayed NumStability.Algorithms.LinearSystems.Cholesky.RoundedFactorization.Basic
warning: NumStability/Algorithms/LinearSystems/Cholesky/RoundedFactorization/Basic.lean:568:5: unused variable `hε0`

Note: This linter can be disabled with `set_option linter.unusedVariables false`
warning: NumStability/Algorithms/LinearSystems/Cholesky/RoundedFactorization/Basic.lean:568:19: unused variable `ht0`

Note: This linter can be disabled with `set_option linter.unusedVariables false`
warning: NumStability/Algorithms/LinearSystems/Cholesky/RoundedFactorization/Basic.lean:615:21: unused variable `ht0`

Note: This linter can be disabled with `set_option linter.unusedVariables false`
warning: NumStability/Algorithms/LinearSystems/Cholesky/RoundedFactorization/Basic.lean:616:19: unused variable `hγ1`

Note: This linter can be disabled with `set_option linter.unusedVariables false`
⚠ [3217/3721] Replayed NumStability.Algorithms.FastMatMul.Internal.LegacyBounds
warning: NumStability/Algorithms/FastMatMul/Internal/LegacyBounds.lean:51:5: unused variable `hn`

Note: This linter can be disabled with `set_option linter.unusedVariables false`
⚠ [3222/3721] Replayed NumStability.Source.Higham.Chapter23.BiniLotti.RecursiveAlgebra
info: NumStability/Source/Higham/Chapter23/BiniLotti/RecursiveAlgebra.lean:91:32: Try this:
  [apply] ring_nf
  
  The `ring` tactic failed to close the goal. Use `ring_nf` to obtain a normal form.
    
  Note that `ring` works primarily in *commutative* rings. If you have a noncommutative ring, abelian group or module, consider using `noncomm_ring`, `abel` or `module` instead.
warning: NumStability/Source/Higham/Chapter23/BiniLotti/RecursiveAlgebra.lean:91:28: Used `tac1 <;> tac2` where `(tac1; tac2)` would suffice

Note: This linter can be disabled with `set_option linter.unnecessarySeqFocus false`
warning: NumStability/Source/Higham/Chapter23/BiniLotti/RecursiveAlgebra.lean:101:7: unused variable `X`

Note: This linter can be disabled with `set_option linter.unusedVariables false`
warning: NumStability/Source/Higham/Chapter23/BiniLotti/RecursiveAlgebra.lean:101:10: unused variable `Y`

Note: This linter can be disabled with `set_option linter.unusedVariables false`
warning: NumStability/Source/Higham/Chapter23/BiniLotti/RecursiveAlgebra.lean:101:13: unused variable `e`

Note: This linter can be disabled with `set_option linter.unusedVariables false`
warning: NumStability/Source/Higham/Chapter23/BiniLotti/RecursiveAlgebra.lean:101:16: unused variable `f`

Note: This linter can be disabled with `set_option linter.unusedVariables false`
warning: NumStability/Source/Higham/Chapter23/BiniLotti/RecursiveAlgebra.lean:102:21: unused variable `e`

Note: This linter can be disabled with `set_option linter.unusedVariables false`
warning: NumStability/Source/Higham/Chapter23/BiniLotti/RecursiveAlgebra.lean:102:24: unused variable `f`

Note: This linter can be disabled with `set_option linter.unusedVariables false`
info: NumStability/Source/Higham/Chapter23/BiniLotti/RecursiveAlgebra.lean:167:35: Try this:
  [apply] ring_nf
  
  The `ring` tactic failed to close the goal. Use `ring_nf` to obtain a normal form.
    
  Note that `ring` works primarily in *commutative* rings. If you have a noncommutative ring, abelian group or module, consider using `noncomm_ring`, `abel` or `module` instead.
warning: NumStability/Source/Higham/Chapter23/BiniLotti/RecursiveAlgebra.lean:167:31: Used `tac1 <;> tac2` where `(tac1; tac2)` would suffice

Note: This linter can be disabled with `set_option linter.unnecessarySeqFocus false`
warning: NumStability/Source/Higham/Chapter23/BiniLotti/RecursiveAlgebra.lean:237:7: unused variable `X`

Note: This linter can be disabled with `set_option linter.unusedVariables false`
warning: NumStability/Source/Higham/Chapter23/BiniLotti/RecursiveAlgebra.lean:237:10: unused variable `Y`

Note: This linter can be disabled with `set_option linter.unusedVariables false`
warning: NumStability/Source/Higham/Chapter23/BiniLotti/RecursiveAlgebra.lean:237:13: unused variable `e`

Note: This linter can be disabled with `set_option linter.unusedVariables false`
warning: NumStability/Source/Higham/Chapter23/BiniLotti/RecursiveAlgebra.lean:238:21: unused variable `e`

Note: This linter can be disabled with `set_option linter.unusedVariables false`
warning: NumStability/Source/Higham/Chapter23/BiniLotti/RecursiveAlgebra.lean:245:7: unused variable `X`

Note: This linter can be disabled with `set_option linter.unusedVariables false`
warning: NumStability/Source/Higham/Chapter23/BiniLotti/RecursiveAlgebra.lean:245:10: unused variable `Y`

Note: This linter can be disabled with `set_option linter.unusedVariables false`
warning: NumStability/Source/Higham/Chapter23/BiniLotti/RecursiveAlgebra.lean:245:13: unused variable `e`

Note: This linter can be disabled with `set_option linter.unusedVariables false`
warning: NumStability/Source/Higham/Chapter23/BiniLotti/RecursiveAlgebra.lean:246:21: unused variable `e`

Note: This linter can be disabled with `set_option linter.unusedVariables false`
warning: NumStability/Source/Higham/Chapter23/BiniLotti/RecursiveAlgebra.lean:274:8: 'push_cast' tactic does nothing

Note: This linter can be disabled with `set_option linter.unusedTactic false`
warning: NumStability/Source/Higham/Chapter23/BiniLotti/RecursiveAlgebra.lean:344:66: 'push_cast' tactic does nothing

Note: This linter can be disabled with `set_option linter.unusedTactic false`
warning: NumStability/Source/Higham/Chapter23/BiniLotti/RecursiveAlgebra.lean:344:27: Used `tac1 <;> tac2` where `(tac1; tac2)` would suffice

Note: This linter can be disabled with `set_option linter.unnecessarySeqFocus false`
warning: NumStability/Source/Higham/Chapter23/BiniLotti/RecursiveAlgebra.lean:344:42: Used `tac1 <;> tac2` where `(tac1; tac2)` would suffice

Note: This linter can be disabled with `set_option linter.unnecessarySeqFocus false`
warning: NumStability/Source/Higham/Chapter23/BiniLotti/RecursiveAlgebra.lean:344:62: Used `tac1 <;> tac2` where `(tac1; tac2)` would suffice

Note: This linter can be disabled with `set_option linter.unnecessarySeqFocus false`
warning: NumStability/Source/Higham/Chapter23/BiniLotti/RecursiveAlgebra.lean:344:76: Used `tac1 <;> tac2` where `(tac1; tac2)` would suffice

Note: This linter can be disabled with `set_option linter.unnecessarySeqFocus false`
warning: NumStability/Source/Higham/Chapter23/BiniLotti/RecursiveAlgebra.lean:378:25: Used `tac1 <;> tac2` where `(tac1; tac2)` would suffice

Note: This linter can be disabled with `set_option linter.unnecessarySeqFocus false`
⚠ [3224/3721] Replayed NumStability.Source.Higham.Chapter23.Equation11
warning: NumStability/Source/Higham/Chapter23/Equation11.lean:143:31: unused variable `ha`

Note: This linter can be disabled with `set_option linter.unusedVariables false`
warning: NumStability/Source/Higham/Chapter23/Equation11.lean:165:39: unused variable `ha`

Note: This linter can be disabled with `set_option linter.unusedVariables false`
info: NumStability/Source/Higham/Chapter23/Equation11.lean:249:28: Try this:
  [apply] ring_nf
  
  The `ring` tactic failed to close the goal. Use `ring_nf` to obtain a normal form.
    
  Note that `ring` works primarily in *commutative* rings. If you have a noncommutative ring, abelian group or module, consider using `noncomm_ring`, `abel` or `module` instead.
warning: NumStability/Source/Higham/Chapter23/Equation11.lean:215:5: unused variable `hx`

Note: This linter can be disabled with `set_option linter.unusedVariables false`
warning: NumStability/Source/Higham/Chapter23/Equation11.lean:249:24: Used `tac1 <;> tac2` where `(tac1; tac2)` would suffice

Note: This linter can be disabled with `set_option linter.unnecessarySeqFocus false`
info: NumStability/Source/Higham/Chapter23/Equation11.lean:464:28: Try this:
  [apply] ring_nf
  
  The `ring` tactic failed to close the goal. Use `ring_nf` to obtain a normal form.
    
  Note that `ring` works primarily in *commutative* rings. If you have a noncommutative ring, abelian group or module, consider using `noncomm_ring`, `abel` or `module` instead.
warning: NumStability/Source/Higham/Chapter23/Equation11.lean:464:24: Used `tac1 <;> tac2` where `(tac1; tac2)` would suffice

Note: This linter can be disabled with `set_option linter.unnecessarySeqFocus false`
warning: NumStability/Source/Higham/Chapter23/Equation11.lean:605:25: Used `tac1 <;> tac2` where `(tac1; tac2)` would suffice

Note: This linter can be disabled with `set_option linter.unnecessarySeqFocus false`
⚠ [3226/3721] Replayed NumStability.Source.Higham.Chapter23.BiniLotti.ExactMajorant
warning: NumStability/Source/Higham/Chapter23/BiniLotti/ExactMajorant.lean:168:38: Used `tac1 <;> tac2` where `(tac1; tac2)` would suffice

Note: This linter can be disabled with `set_option linter.unnecessarySeqFocus false`
warning: NumStability/Source/Higham/Chapter23/BiniLotti/ExactMajorant.lean:169:70: Used `tac1 <;> tac2` where `(tac1; tac2)` would suffice

Note: This linter can be disabled with `set_option linter.unnecessarySeqFocus false`
warning: NumStability/Source/Higham/Chapter23/BiniLotti/ExactMajorant.lean:170:37: Used `tac1 <;> tac2` where `(tac1; tac2)` would suffice

Note: This linter can be disabled with `set_option linter.unnecessarySeqFocus false`
warning: NumStability/Source/Higham/Chapter23/BiniLotti/ExactMajorant.lean:171:69: Used `tac1 <;> tac2` where `(tac1; tac2)` would suffice

Note: This linter can be disabled with `set_option linter.unnecessarySeqFocus false`
warning: NumStability/Source/Higham/Chapter23/BiniLotti/ExactMajorant.lean:243:33: Used `tac1 <;> tac2` where `(tac1; tac2)` would suffice

Note: This linter can be disabled with `set_option linter.unnecessarySeqFocus false`
warning: NumStability/Source/Higham/Chapter23/BiniLotti/ExactMajorant.lean:245:65: Used `tac1 <;> tac2` where `(tac1; tac2)` would suffice

Note: This linter can be disabled with `set_option linter.unnecessarySeqFocus false`
⚠ [3236/3721] Replayed NumStability.Source.Higham.Chapter23.Theorem02.ErrorRelations
info: NumStability/Source/Higham/Chapter23/Theorem02/ErrorRelations.lean:172:35: Try this:
  [apply] ring_nf
  
  The `ring` tactic failed to close the goal. Use `ring_nf` to obtain a normal form.
    
  Note that `ring` works primarily in *commutative* rings. If you have a noncommutative ring, abelian group or module, consider using `noncomm_ring`, `abel` or `module` instead.
warning: NumStability/Source/Higham/Chapter23/Theorem02/ErrorRelations.lean:172:31: Used `tac1 <;> tac2` where `(tac1; tac2)` would suffice

Note: This linter can be disabled with `set_option linter.unnecessarySeqFocus false`
info: NumStability/Source/Higham/Chapter23/Theorem02/ErrorRelations.lean:194:35: Try this:
  [apply] ring_nf
  
  The `ring` tactic failed to close the goal. Use `ring_nf` to obtain a normal form.
    
  Note that `ring` works primarily in *commutative* rings. If you have a noncommutative ring, abelian group or module, consider using `noncomm_ring`, `abel` or `module` instead.
warning: NumStability/Source/Higham/Chapter23/Theorem02/ErrorRelations.lean:194:31: Used `tac1 <;> tac2` where `(tac1; tac2)` would suffice

Note: This linter can be disabled with `set_option linter.unnecessarySeqFocus false`
info: NumStability/Source/Higham/Chapter23/Theorem02/ErrorRelations.lean:226:35: Try this:
  [apply] ring_nf
  
  The `ring` tactic failed to close the goal. Use `ring_nf` to obtain a normal form.
    
  Note that `ring` works primarily in *commutative* rings. If you have a noncommutative ring, abelian group or module, consider using `noncomm_ring`, `abel` or `module` instead.
warning: NumStability/Source/Higham/Chapter23/Theorem02/ErrorRelations.lean:226:31: Used `tac1 <;> tac2` where `(tac1; tac2)` would suffice

Note: This linter can be disabled with `set_option linter.unnecessarySeqFocus false`
warning: NumStability/Source/Higham/Chapter23/Theorem02/ErrorRelations.lean:447:20: Used `tac1 <;> tac2` where `(tac1; tac2)` would suffice

Note: This linter can be disabled with `set_option linter.unnecessarySeqFocus false`
warning: NumStability/Source/Higham/Chapter23/Theorem02/ErrorRelations.lean:459:20: Used `tac1 <;> tac2` where `(tac1; tac2)` would suffice

Note: This linter can be disabled with `set_option linter.unnecessarySeqFocus false`
warning: NumStability/Source/Higham/Chapter23/Theorem02/ErrorRelations.lean:470:80: Used `tac1 <;> tac2` where `(tac1; tac2)` would suffice

Note: This linter can be disabled with `set_option linter.unnecessarySeqFocus false`
warning: NumStability/Source/Higham/Chapter23/Theorem02/ErrorRelations.lean:473:81: Used `tac1 <;> tac2` where `(tac1; tac2)` would suffice

Note: This linter can be disabled with `set_option linter.unnecessarySeqFocus false`
warning: NumStability/Source/Higham/Chapter23/Theorem02/ErrorRelations.lean:485:80: Used `tac1 <;> tac2` where `(tac1; tac2)` would suffice

Note: This linter can be disabled with `set_option linter.unnecessarySeqFocus false`
warning: NumStability/Source/Higham/Chapter23/Theorem02/ErrorRelations.lean:488:81: Used `tac1 <;> tac2` where `(tac1; tac2)` would suffice

Note: This linter can be disabled with `set_option linter.unnecessarySeqFocus false`
warning: NumStability/Source/Higham/Chapter23/Theorem02/ErrorRelations.lean:521:24: Used `tac1 <;> tac2` where `(tac1; tac2)` would suffice

Note: This linter can be disabled with `set_option linter.unnecessarySeqFocus false`
⚠ [3237/3721] Replayed NumStability.Source.Higham.Chapter23.Theorem02.ExactMajorant
warning: NumStability/Source/Higham/Chapter23/Theorem02/ExactMajorant.lean:115:39: Used `tac1 <;> tac2` where `(tac1; tac2)` would suffice

Note: This linter can be disabled with `set_option linter.unnecessarySeqFocus false`
warning: NumStability/Source/Higham/Chapter23/Theorem02/ExactMajorant.lean:116:29: Used `tac1 <;> tac2` where `(tac1; tac2)` would suffice

Note: This linter can be disabled with `set_option linter.unnecessarySeqFocus false`
warning: NumStability/Source/Higham/Chapter23/Theorem02/ExactMajorant.lean:118:25: Used `tac1 <;> tac2` where `(tac1; tac2)` would suffice

Note: This linter can be disabled with `set_option linter.unnecessarySeqFocus false`
warning: NumStability/Source/Higham/Chapter23/Theorem02/ExactMajorant.lean:118:64: Used `tac1 <;> tac2` where `(tac1; tac2)` would suffice

Note: This linter can be disabled with `set_option linter.unnecessarySeqFocus false`
warning: NumStability/Source/Higham/Chapter23/Theorem02/ExactMajorant.lean:119:25: Used `tac1 <;> tac2` where `(tac1; tac2)` would suffice

Note: This linter can be disabled with `set_option linter.unnecessarySeqFocus false`
warning: NumStability/Source/Higham/Chapter23/Theorem02/ExactMajorant.lean:119:63: Used `tac1 <;> tac2` where `(tac1; tac2)` would suffice

Note: This linter can be disabled with `set_option linter.unnecessarySeqFocus false`
warning: NumStability/Source/Higham/Chapter23/Theorem02/ExactMajorant.lean:144:29: Used `tac1 <;> tac2` where `(tac1; tac2)` would suffice

Note: This linter can be disabled with `set_option linter.unnecessarySeqFocus false`
warning: NumStability/Source/Higham/Chapter23/Theorem02/ExactMajorant.lean:146:25: Used `tac1 <;> tac2` where `(tac1; tac2)` would suffice

Note: This linter can be disabled with `set_option linter.unnecessarySeqFocus false`
warning: NumStability/Source/Higham/Chapter23/Theorem02/ExactMajorant.lean:146:64: Used `tac1 <;> tac2` where `(tac1; tac2)` would suffice

Note: This linter can be disabled with `set_option linter.unnecessarySeqFocus false`
warning: NumStability/Source/Higham/Chapter23/Theorem02/ExactMajorant.lean:147:25: Used `tac1 <;> tac2` where `(tac1; tac2)` would suffice

Note: This linter can be disabled with `set_option linter.unnecessarySeqFocus false`
warning: NumStability/Source/Higham/Chapter23/Theorem02/ExactMajorant.lean:147:63: Used `tac1 <;> tac2` where `(tac1; tac2)` would suffice

Note: This linter can be disabled with `set_option linter.unnecessarySeqFocus false`
warning: NumStability/Source/Higham/Chapter23/Theorem02/ExactMajorant.lean:170:36: Used `tac1 <;> tac2` where `(tac1; tac2)` would suffice

Note: This linter can be disabled with `set_option linter.unnecessarySeqFocus false`
warning: NumStability/Source/Higham/Chapter23/Theorem02/ExactMajorant.lean:172:29: Used `tac1 <;> tac2` where `(tac1; tac2)` would suffice

Note: This linter can be disabled with `set_option linter.unnecessarySeqFocus false`
warning: NumStability/Source/Higham/Chapter23/Theorem02/ExactMajorant.lean:174:25: Used `tac1 <;> tac2` where `(tac1; tac2)` would suffice

Note: This linter can be disabled with `set_option linter.unnecessarySeqFocus false`
warning: NumStability/Source/Higham/Chapter23/Theorem02/ExactMajorant.lean:174:64: Used `tac1 <;> tac2` where `(tac1; tac2)` would suffice

Note: This linter can be disabled with `set_option linter.unnecessarySeqFocus false`
warning: NumStability/Source/Higham/Chapter23/Theorem02/ExactMajorant.lean:175:25: Used `tac1 <;> tac2` where `(tac1; tac2)` would suffice

Note: This linter can be disabled with `set_option linter.unnecessarySeqFocus false`
warning: NumStability/Source/Higham/Chapter23/Theorem02/ExactMajorant.lean:175:63: Used `tac1 <;> tac2` where `(tac1; tac2)` would suffice

Note: This linter can be disabled with `set_option linter.unnecessarySeqFocus false`
⚠ [3239/3721] Replayed NumStability.Source.Higham.Chapter23.Theorem02.ErrorBound
warning: NumStability/Source/Higham/Chapter23/Theorem02/ErrorBound.lean:45:6: Try this: intro A B a b ha _hb hA hB i j
warning: NumStability/Source/Higham/Chapter23/Theorem02/ErrorBound.lean:174:39: Used `tac1 <;> tac2` where `(tac1; tac2)` would suffice

Note: This linter can be disabled with `set_option linter.unnecessarySeqFocus false`
warning: NumStability/Source/Higham/Chapter23/Theorem02/ErrorBound.lean:192:39: Used `tac1 <;> tac2` where `(tac1; tac2)` would suffice

Note: This linter can be disabled with `set_option linter.unnecessarySeqFocus false`
warning: NumStability/Source/Higham/Chapter23/Theorem02/ErrorBound.lean:201:39: Used `tac1 <;> tac2` where `(tac1; tac2)` would suffice

Note: This linter can be disabled with `set_option linter.unnecessarySeqFocus false`
warning: NumStability/Source/Higham/Chapter23/Theorem02/ErrorBound.lean:219:39: Used `tac1 <;> tac2` where `(tac1; tac2)` would suffice

Note: This linter can be disabled with `set_option linter.unnecessarySeqFocus false`
warning: NumStability/Source/Higham/Chapter23/Theorem02/ErrorBound.lean:230:39: Used `tac1 <;> tac2` where `(tac1; tac2)` would suffice

Note: This linter can be disabled with `set_option linter.unnecessarySeqFocus false`
warning: NumStability/Source/Higham/Chapter23/Theorem02/ErrorBound.lean:248:36: Used `tac1 <;> tac2` where `(tac1; tac2)` would suffice

Note: This linter can be disabled with `set_option linter.unnecessarySeqFocus false`
warning: NumStability/Source/Higham/Chapter23/Theorem02/ErrorBound.lean:248:68: Used `tac1 <;> tac2` where `(tac1; tac2)` would suffice

Note: This linter can be disabled with `set_option linter.unnecessarySeqFocus false`
warning: NumStability/Source/Higham/Chapter23/Theorem02/ErrorBound.lean:263:37: Used `tac1 <;> tac2` where `(tac1; tac2)` would suffice

Note: This linter can be disabled with `set_option linter.unnecessarySeqFocus false`
warning: NumStability/Source/Higham/Chapter23/Theorem02/ErrorBound.lean:263:56: Used `tac1 <;> tac2` where `(tac1; tac2)` would suffice

Note: This linter can be disabled with `set_option linter.unnecessarySeqFocus false`
warning: NumStability/Source/Higham/Chapter23/Theorem02/ErrorBound.lean:293:37: Used `tac1 <;> tac2` where `(tac1; tac2)` would suffice

Note: This linter can be disabled with `set_option linter.unnecessarySeqFocus false`
warning: NumStability/Source/Higham/Chapter23/Theorem02/ErrorBound.lean:293:56: Used `tac1 <;> tac2` where `(tac1; tac2)` would suffice

Note: This linter can be disabled with `set_option linter.unnecessarySeqFocus false`
warning: NumStability/Source/Higham/Chapter23/Theorem02/ErrorBound.lean:304:36: Used `tac1 <;> tac2` where `(tac1; tac2)` would suffice

Note: This linter can be disabled with `set_option linter.unnecessarySeqFocus false`
warning: NumStability/Source/Higham/Chapter23/Theorem02/ErrorBound.lean:304:68: Used `tac1 <;> tac2` where `(tac1; tac2)` would suffice

Note: This linter can be disabled with `set_option linter.unnecessarySeqFocus false`
⚠ [3241/3721] Replayed NumStability.Source.Higham.Chapter23.Theorem03.Certificates
warning: NumStability/Source/Higham/Chapter23/Theorem03/Certificates.lean:79:5: unused variable `hxExact`

Note: This linter can be disabled with `set_option linter.unusedVariables false`
warning: NumStability/Source/Higham/Chapter23/Theorem03/Certificates.lean:81:5: unused variable `he`

Note: This linter can be disabled with `set_option linter.unusedVariables false`
warning: NumStability/Source/Higham/Chapter23/Theorem03/Certificates.lean:82:5: unused variable `hXexact`

Note: This linter can be disabled with `set_option linter.unusedVariables false`
warning: NumStability/Source/Higham/Chapter23/Theorem03/Certificates.lean:110:29: Used `tac1 <;> tac2` where `(tac1; tac2)` would suffice

Note: This linter can be disabled with `set_option linter.unnecessarySeqFocus false`
warning: NumStability/Source/Higham/Chapter23/Theorem03/Certificates.lean:110:43: Used `tac1 <;> tac2` where `(tac1; tac2)` would suffice

Note: This linter can be disabled with `set_option linter.unnecessarySeqFocus false`
⚠ [3243/3721] Replayed NumStability.Source.Higham.Chapter23.Theorem03.ExactMajorant
warning: NumStability/Source/Higham/Chapter23/Theorem03/ExactMajorant.lean:292:6: Try this: intro A B a b ha _hb hA hB i j
warning: NumStability/Source/Higham/Chapter23/Theorem03/ExactMajorant.lean:434:28: Used `tac1 <;> tac2` where `(tac1; tac2)` would suffice

Note: This linter can be disabled with `set_option linter.unnecessarySeqFocus false`
warning: NumStability/Source/Higham/Chapter23/Theorem03/ExactMajorant.lean:434:43: Used `tac1 <;> tac2` where `(tac1; tac2)` would suffice

Note: This linter can be disabled with `set_option linter.unnecessarySeqFocus false`
warning: NumStability/Source/Higham/Chapter23/Theorem03/ExactMajorant.lean:437:31: Used `tac1 <;> tac2` where `(tac1; tac2)` would suffice

Note: This linter can be disabled with `set_option linter.unnecessarySeqFocus false`
warning: NumStability/Source/Higham/Chapter23/Theorem03/ExactMajorant.lean:437:46: Used `tac1 <;> tac2` where `(tac1; tac2)` would suffice

Note: This linter can be disabled with `set_option linter.unnecessarySeqFocus false`
warning: NumStability/Source/Higham/Chapter23/Theorem03/ExactMajorant.lean:440:31: Used `tac1 <;> tac2` where `(tac1; tac2)` would suffice

Note: This linter can be disabled with `set_option linter.unnecessarySeqFocus false`
warning: NumStability/Source/Higham/Chapter23/Theorem03/ExactMajorant.lean:440:46: Used `tac1 <;> tac2` where `(tac1; tac2)` would suffice

Note: This linter can be disabled with `set_option linter.unnecessarySeqFocus false`
warning: NumStability/Source/Higham/Chapter23/Theorem03/ExactMajorant.lean:443:31: Used `tac1 <;> tac2` where `(tac1; tac2)` would suffice

Note: This linter can be disabled with `set_option linter.unnecessarySeqFocus false`
warning: NumStability/Source/Higham/Chapter23/Theorem03/ExactMajorant.lean:443:46: Used `tac1 <;> tac2` where `(tac1; tac2)` would suffice

Note: This linter can be disabled with `set_option linter.unnecessarySeqFocus false`
warning: NumStability/Source/Higham/Chapter23/Theorem03/ExactMajorant.lean:446:31: Used `tac1 <;> tac2` where `(tac1; tac2)` would suffice

Note: This linter can be disabled with `set_option linter.unnecessarySeqFocus false`
warning: NumStability/Source/Higham/Chapter23/Theorem03/ExactMajorant.lean:446:46: Used `tac1 <;> tac2` where `(tac1; tac2)` would suffice

Note: This linter can be disabled with `set_option linter.unnecessarySeqFocus false`
warning: NumStability/Source/Higham/Chapter23/Theorem03/ExactMajorant.lean:449:31: Used `tac1 <;> tac2` where `(tac1; tac2)` would suffice

Note: This linter can be disabled with `set_option linter.unnecessarySeqFocus false`
warning: NumStability/Source/Higham/Chapter23/Theorem03/ExactMajorant.lean:449:46: Used `tac1 <;> tac2` where `(tac1; tac2)` would suffice

Note: This linter can be disabled with `set_option linter.unnecessarySeqFocus false`
warning: NumStability/Source/Higham/Chapter23/Theorem03/ExactMajorant.lean:452:31: Used `tac1 <;> tac2` where `(tac1; tac2)` would suffice

Note: This linter can be disabled with `set_option linter.unnecessarySeqFocus false`
warning: NumStability/Source/Higham/Chapter23/Theorem03/ExactMajorant.lean:452:46: Used `tac1 <;> tac2` where `(tac1; tac2)` would suffice

Note: This linter can be disabled with `set_option linter.unnecessarySeqFocus false`
warning: NumStability/Source/Higham/Chapter23/Theorem03/ExactMajorant.lean:455:31: Used `tac1 <;> tac2` where `(tac1; tac2)` would suffice

Note: This linter can be disabled with `set_option linter.unnecessarySeqFocus false`
warning: NumStability/Source/Higham/Chapter23/Theorem03/ExactMajorant.lean:455:46: Used `tac1 <;> tac2` where `(tac1; tac2)` would suffice

Note: This linter can be disabled with `set_option linter.unnecessarySeqFocus false`
warning: NumStability/Source/Higham/Chapter23/Theorem03/ExactMajorant.lean:487:31: Used `tac1 <;> tac2` where `(tac1; tac2)` would suffice

Note: This linter can be disabled with `set_option linter.unnecessarySeqFocus false`
warning: NumStability/Source/Higham/Chapter23/Theorem03/ExactMajorant.lean:487:45: Used `tac1 <;> tac2` where `(tac1; tac2)` would suffice

Note: This linter can be disabled with `set_option linter.unnecessarySeqFocus false`
warning: NumStability/Source/Higham/Chapter23/Theorem03/ExactMajorant.lean:496:31: Used `tac1 <;> tac2` where `(tac1; tac2)` would suffice

Note: This linter can be disabled with `set_option linter.unnecessarySeqFocus false`
warning: NumStability/Source/Higham/Chapter23/Theorem03/ExactMajorant.lean:496:45: Used `tac1 <;> tac2` where `(tac1; tac2)` would suffice

Note: This linter can be disabled with `set_option linter.unnecessarySeqFocus false`
warning: NumStability/Source/Higham/Chapter23/Theorem03/ExactMajorant.lean:598:32: Used `tac1 <;> tac2` where `(tac1; tac2)` would suffice

Note: This linter can be disabled with `set_option linter.unnecessarySeqFocus false`
warning: NumStability/Source/Higham/Chapter23/Theorem03/ExactMajorant.lean:599:46: Used `tac1 <;> tac2` where `(tac1; tac2)` would suffice

Note: This linter can be disabled with `set_option linter.unnecessarySeqFocus false`
⚠ [3244/3721] Replayed NumStability.Source.Higham.Chapter23.Theorem03.ErrorBound
warning: NumStability/Source/Higham/Chapter23/Theorem03/ErrorBound.lean:56:4: This simp argument is unused:
  higham23WinogradN4

Hint: Omit it from the simp argument list.
  simp only [higham23WinogradN1, higham23WinogradE1, higham23WinogradN2, higham23WinogradE2,
      h̵i̵g̵h̵a̵m̵2̵3̵W̵i̵n̵o̵g̵r̵a̵d̵N̵4̵,̵ ̵higham23WinogradE4]

Note: This linter can be disabled with `set_option linter.unusedSimpArgs false`
warning: NumStability/Source/Higham/Chapter23/Theorem03/ErrorBound.lean:56:24: This simp argument is unused:
  higham23WinogradE4

Hint: Omit it from the simp argument list.
  simp only [higham23WinogradN1, higham23WinogradE1, higham23WinogradN2, higham23WinogradE2,
      h̵i̵g̵h̵a̵m̵2̵3̵W̵i̵n̵o̵g̵r̵a̵d̵N̵4̵,̵ ̵h̵i̵g̵h̵a̵m̵2̵3̵W̵i̵n̵o̵g̵r̵a̵d̵E̵4̵]̵h̲i̲g̲h̲a̲m̲2̲3̲W̲i̲n̲o̲g̲r̲a̲d̲N̲4̲]̲

Note: This linter can be disabled with `set_option linter.unusedSimpArgs false`
⚠ [3254/3721] Replayed NumStability.Source.Higham.Chapter23.ThreeMStrassen.Execution
warning: NumStability/Source/Higham/Chapter23/ThreeMStrassen/Execution.lean:82:24: Used `tac1 <;> tac2` where `(tac1; tac2)` would suffice

Note: This linter can be disabled with `set_option linter.unnecessarySeqFocus false`
⚠ [3255/3721] Replayed NumStability.Source.Higham.Chapter23.ThreeMStrassen.ExactMajorant
warning: NumStability/Source/Higham/Chapter23/ThreeMStrassen/ExactMajorant.lean:95:31: Used `tac1 <;> tac2` where `(tac1; tac2)` would suffice

Note: This linter can be disabled with `set_option linter.unnecessarySeqFocus false`
warning: NumStability/Source/Higham/Chapter23/ThreeMStrassen/ExactMajorant.lean:96:53: Used `tac1 <;> tac2` where `(tac1; tac2)` would suffice

Note: This linter can be disabled with `set_option linter.unnecessarySeqFocus false`
warning: NumStability/Source/Higham/Chapter23/ThreeMStrassen/ExactMajorant.lean:98:31: Used `tac1 <;> tac2` where `(tac1; tac2)` would suffice

Note: This linter can be disabled with `set_option linter.unnecessarySeqFocus false`
warning: NumStability/Source/Higham/Chapter23/ThreeMStrassen/ExactMajorant.lean:99:53: Used `tac1 <;> tac2` where `(tac1; tac2)` would suffice

Note: This linter can be disabled with `set_option linter.unnecessarySeqFocus false`
warning: NumStability/Source/Higham/Chapter23/ThreeMStrassen/ExactMajorant.lean:106:28: Used `tac1 <;> tac2` where `(tac1; tac2)` would suffice

Note: This linter can be disabled with `set_option linter.unnecessarySeqFocus false`
warning: NumStability/Source/Higham/Chapter23/ThreeMStrassen/ExactMajorant.lean:114:31: Used `tac1 <;> tac2` where `(tac1; tac2)` would suffice

Note: This linter can be disabled with `set_option linter.unnecessarySeqFocus false`
warning: NumStability/Source/Higham/Chapter23/ThreeMStrassen/ExactMajorant.lean:137:29: Used `tac1 <;> tac2` where `(tac1; tac2)` would suffice

Note: This linter can be disabled with `set_option linter.unnecessarySeqFocus false`
warning: NumStability/Source/Higham/Chapter23/ThreeMStrassen/ExactMajorant.lean:139:38: Used `tac1 <;> tac2` where `(tac1; tac2)` would suffice

Note: This linter can be disabled with `set_option linter.unnecessarySeqFocus false`
warning: NumStability/Source/Higham/Chapter23/ThreeMStrassen/ExactMajorant.lean:148:27: Used `tac1 <;> tac2` where `(tac1; tac2)` would suffice

Note: This linter can be disabled with `set_option linter.unnecessarySeqFocus false`
warning: NumStability/Source/Higham/Chapter23/ThreeMStrassen/ExactMajorant.lean:148:42: Used `tac1 <;> tac2` where `(tac1; tac2)` would suffice

Note: This linter can be disabled with `set_option linter.unnecessarySeqFocus false`
warning: NumStability/Source/Higham/Chapter23/ThreeMStrassen/ExactMajorant.lean:153:31: Used `tac1 <;> tac2` where `(tac1; tac2)` would suffice

Note: This linter can be disabled with `set_option linter.unnecessarySeqFocus false`
warning: NumStability/Source/Higham/Chapter23/ThreeMStrassen/ExactMajorant.lean:153:46: Used `tac1 <;> tac2` where `(tac1; tac2)` would suffice

Note: This linter can be disabled with `set_option linter.unnecessarySeqFocus false`
warning: NumStability/Source/Higham/Chapter23/ThreeMStrassen/ExactMajorant.lean:164:29: Used `tac1 <;> tac2` where `(tac1; tac2)` would suffice

Note: This linter can be disabled with `set_option linter.unnecessarySeqFocus false`
warning: NumStability/Source/Higham/Chapter23/ThreeMStrassen/ExactMajorant.lean:165:64: Used `tac1 <;> tac2` where `(tac1; tac2)` would suffice

Note: This linter can be disabled with `set_option linter.unnecessarySeqFocus false`
⚠ [3298/3721] Replayed NumStability.Analysis.MatrixNorms.SpectralExtrema.Basic
warning: NumStability/Analysis/MatrixNorms/SpectralExtrema/Basic.lean:212:29: unused variable `hm`

Note: This linter can be disabled with `set_option linter.unusedVariables false`
⚠ [3395/3721] Replayed NumStability.Algorithms.LinearSystems.Iterative.Stationary.Semiconvergence.Execution.RoundedCertificates
warning: NumStability/Algorithms/LinearSystems/Iterative/Stationary/Semiconvergence/Execution/RoundedCertificates.lean:77:48: Used `tac1 <;> tac2` where `(tac1; tac2)` would suffice

Note: This linter can be disabled with `set_option linter.unnecessarySeqFocus false`
warning: NumStability/Algorithms/LinearSystems/Iterative/Stationary/Semiconvergence/Execution/RoundedCertificates.lean:95:56: Used `tac1 <;> tac2` where `(tac1; tac2)` would suffice

Note: This linter can be disabled with `set_option linter.unnecessarySeqFocus false`
⚠ [3423/3721] Replayed NumStability.Algorithms.LinearSystems.QR.GivensSpec
warning: NumStability/Algorithms/LinearSystems/QR/GivensSpec.lean:294:12: This simp argument is unused:
  h1

Hint: Omit it from the simp argument list.
  simp [h1̵,̵ ̵h̵2, hpq]

Note: This linter can be disabled with `set_option linter.unusedSimpArgs false`
warning: NumStability/Algorithms/LinearSystems/QR/GivensSpec.lean:306:12: This simp argument is unused:
  h1

Hint: Omit it from the simp argument list.
  simp [h1̵,̵ ̵h̵2, hqp, hpq]

Note: This linter can be disabled with `set_option linter.unusedSimpArgs false`
warning: NumStability/Algorithms/LinearSystems/QR/GivensSpec.lean:306:25: This simp argument is unused:
  hpq

Hint: Omit it from the simp argument list.
  simp [h1, h2, hqp,̵ ̵h̵p̵q̵]

Note: This linter can be disabled with `set_option linter.unusedSimpArgs false`
warning: NumStability/Algorithms/LinearSystems/QR/GivensSpec.lean:315:18: This simp argument is unused:
  Ne.symm hkp

Hint: Omit it from the simp argument list.
  simp [hkp, hkq, Ne.symm hkp̵,̵ ̵N̵e̵.̵s̵y̵m̵m̵ ̵h̵k̵q]

Note: This linter can be disabled with `set_option linter.unusedSimpArgs false`
warning: NumStability/Algorithms/LinearSystems/QR/GivensSpec.lean:315:31: This simp argument is unused:
  Ne.symm hkq

Hint: Omit it from the simp argument list.
  simp [hkp, hkq, Ne.symm hkp,̵ ̵N̵e̵.̵s̵y̵m̵m̵ ̵h̵k̵q̵]

Note: This linter can be disabled with `set_option linter.unusedSimpArgs false`
warning: NumStability/Algorithms/LinearSystems/QR/GivensSpec.lean:330:14: This simp argument is unused:
  hqp

Hint: Omit it from the simp argument list.
  simp [h1,̵ ̵h̵q̵p̵]

Note: This linter can be disabled with `set_option linter.unusedSimpArgs false`
warning: NumStability/Algorithms/LinearSystems/QR/GivensSpec.lean:332:12: This simp argument is unused:
  h1

Hint: Omit it from the simp argument list.
  simp [h1̵,̵ ̵h̵2, hqp, hpq]

Note: This linter can be disabled with `set_option linter.unusedSimpArgs false`
warning: NumStability/Algorithms/LinearSystems/QR/GivensSpec.lean:333:20: This simp argument is unused:
  Ne.symm h1

Hint: Omit it from the simp argument list.
  simp [h1, h2,̵ ̵N̵e̵.̵s̵y̵m̵m̵ ̵h̵1̵]

Note: This linter can be disabled with `set_option linter.unusedSimpArgs false`
warning: NumStability/Algorithms/LinearSystems/QR/GivensSpec.lean:344:12: This simp argument is unused:
  h1

Hint: Omit it from the simp argument list.
  simp [h1̵,̵ ̵h̵2, hqp]

Note: This linter can be disabled with `set_option linter.unusedSimpArgs false`
warning: NumStability/Algorithms/LinearSystems/QR/GivensSpec.lean:345:20: This simp argument is unused:
  Ne.symm h2

Hint: Omit it from the simp argument list.
  simp [h1, h2,̵ ̵N̵e̵.̵s̵y̵m̵m̵ ̵h̵2̵]

Note: This linter can be disabled with `set_option linter.unusedSimpArgs false`
warning: NumStability/Algorithms/LinearSystems/QR/GivensSpec.lean:574:29: This simp argument is unused:
  Ne.symm hjq

Hint: Omit it from the simp argument list.
  simp [Ne.symm hjp,̵ ̵N̵e̵.̵s̵y̵m̵m̵ ̵h̵j̵q̵]

Note: This linter can be disabled with `set_option linter.unusedSimpArgs false`
warning: NumStability/Algorithms/LinearSystems/QR/GivensSpec.lean:589:18: This simp argument is unused:
  Ne.symm hjp

Hint: Omit it from the simp argument list.
  simp [Ne.symm hjp̵,̵ ̵N̵e̵.̵s̵y̵m̵m̵ ̵h̵j̵q]

Note: This linter can be disabled with `set_option linter.unusedSimpArgs false`
warning: NumStability/Algorithms/LinearSystems/QR/GivensSpec.lean:595:27: This simp argument is unused:
  Ne.symm hip

Hint: Omit it from the simp argument list.
  simp ̵[̵N̵e̵.̵s̵y̵m̵m̵ ̵h̵i̵p̵]̵

Note: This linter can be disabled with `set_option linter.unusedSimpArgs false`
warning: NumStability/Algorithms/LinearSystems/QR/GivensSpec.lean:597:29: This simp argument is unused:
  Ne.symm hiq

Hint: Omit it from the simp argument list.
  simp ̵[̵N̵e̵.̵s̵y̵m̵m̵ ̵h̵i̵q̵]̵

Note: This linter can be disabled with `set_option linter.unusedSimpArgs false`
warning: NumStability/Algorithms/LinearSystems/QR/GivensSpec.lean:598:18: This simp argument is unused:
  Ne.symm hip

Hint: Omit it from the simp argument list.
  simp [Ne.symm hip̵,̵ ̵N̵e̵.̵s̵y̵m̵m̵ ̵h̵i̵q]

Note: This linter can be disabled with `set_option linter.unusedSimpArgs false`
warning: NumStability/Algorithms/LinearSystems/QR/GivensSpec.lean:598:31: This simp argument is unused:
  Ne.symm hiq

Hint: Omit it from the simp argument list.
  simp [Ne.symm hip,̵ ̵N̵e̵.̵s̵y̵m̵m̵ ̵h̵i̵q̵]

Note: This linter can be disabled with `set_option linter.unusedSimpArgs false`
warning: NumStability/Algorithms/LinearSystems/QR/GivensSpec.lean:629:29: This simp argument is unused:
  Ne.symm hjq

Hint: Omit it from the simp argument list.
  simp [Ne.symm hjp,̵ ̵N̵e̵.̵s̵y̵m̵m̵ ̵h̵j̵q̵]

Note: This linter can be disabled with `set_option linter.unusedSimpArgs false`
warning: NumStability/Algorithms/LinearSystems/QR/GivensSpec.lean:644:18: This simp argument is unused:
  Ne.symm hjp

Hint: Omit it from the simp argument list.
  simp [Ne.symm hjp̵,̵ ̵N̵e̵.̵s̵y̵m̵m̵ ̵h̵j̵q]

Note: This linter can be disabled with `set_option linter.unusedSimpArgs false`
warning: NumStability/Algorithms/LinearSystems/QR/GivensSpec.lean:650:27: This simp argument is unused:
  Ne.symm hip

Hint: Omit it from the simp argument list.
  simp ̵[̵N̵e̵.̵s̵y̵m̵m̵ ̵h̵i̵p̵]̵

Note: This linter can be disabled with `set_option linter.unusedSimpArgs false`
warning: NumStability/Algorithms/LinearSystems/QR/GivensSpec.lean:652:29: This simp argument is unused:
  Ne.symm hiq

Hint: Omit it from the simp argument list.
  simp ̵[̵N̵e̵.̵s̵y̵m̵m̵ ̵h̵i̵q̵]̵

Note: This linter can be disabled with `set_option linter.unusedSimpArgs false`
warning: NumStability/Algorithms/LinearSystems/QR/GivensSpec.lean:653:18: This simp argument is unused:
  Ne.symm hip

Hint: Omit it from the simp argument list.
  simp [Ne.symm hip̵,̵ ̵N̵e̵.̵s̵y̵m̵m̵ ̵h̵i̵q]

Note: This linter can be disabled with `set_option linter.unusedSimpArgs false`
warning: NumStability/Algorithms/LinearSystems/QR/GivensSpec.lean:653:31: This simp argument is unused:
  Ne.symm hiq

Hint: Omit it from the simp argument list.
  simp [Ne.symm hip,̵ ̵N̵e̵.̵s̵y̵m̵m̵ ̵h̵i̵q̵]

Note: This linter can be disabled with `set_option linter.unusedSimpArgs false`
⚠ [3485/3721] Replayed NumStability.Algorithms.LinearSystems.LeastSquares.TraceKernel
warning: NumStability/Algorithms/LinearSystems/LeastSquares/TraceKernel.lean:131:48: This simp argument is unused:
  hni

Hint: Omit it from the simp argument list.
  simp [fl_householderCoxHighamStoredPanelStep, hni̵,̵ ̵h̵n̵j, hi, hj]

Note: This linter can be disabled with `set_option linter.unusedSimpArgs false`
warning: NumStability/Algorithms/LinearSystems/LeastSquares/TraceKernel.lean:131:53: This simp argument is unused:
  hnj

Hint: Omit it from the simp argument list.
  simp [fl_householderCoxHighamStoredPanelStep, hni, hn̵j̵,̵ ̵h̵i, hj]

Note: This linter can be disabled with `set_option linter.unusedSimpArgs false`
warning: NumStability/Algorithms/LinearSystems/LeastSquares/TraceKernel.lean:176:53: This simp argument is unused:
  hnj

Hint: Omit it from the simp argument list.
  simp [fl_householderCoxHighamStoredPanelStep, hni, hn̵j̵,̵ ̵h̵ine, hj]

Note: This linter can be disabled with `set_option linter.unusedSimpArgs false`
⚠ [3524/3721] Replayed NumStability.Source.Higham.Chapter09.Section04
warning: NumStability/Source/Higham/Chapter09/Section04.lean:4131:35: `Fin.coe_castLE` has been deprecated: Use `Fin.val_castLE` instead
warning: NumStability/Source/Higham/Chapter09/Section04.lean:4133:50: `Fin.coe_castLE` has been deprecated: Use `Fin.val_castLE` instead
warning: NumStability/Source/Higham/Chapter09/Section04.lean:4141:49: `Fin.coe_castLE` has been deprecated: Use `Fin.val_castLE` instead
warning: NumStability/Source/Higham/Chapter09/Section04.lean:4147:49: `Fin.coe_castLE` has been deprecated: Use `Fin.val_castLE` instead
warning: NumStability/Source/Higham/Chapter09/Section04.lean:4131:35: This simp argument is unused:
  Fin.coe_castLE

Hint: Omit it from the simp argument list.
  simp [he,̵ ̵F̵i̵n̵.̵c̵o̵e̵_̵c̵a̵s̵t̵L̵E̵]

Note: This linter can be disabled with `set_option linter.unusedSimpArgs false`
warning: NumStability/Source/Higham/Chapter09/Section04.lean:4133:50: This simp argument is unused:
  Fin.coe_castLE

Hint: Omit it from the simp argument list.
  simp [he,̵ ̵F̵i̵n̵.̵c̵o̵e̵_̵c̵a̵s̵t̵L̵E̵]

Note: This linter can be disabled with `set_option linter.unusedSimpArgs false`
warning: NumStability/Source/Higham/Chapter09/Section04.lean:4141:49: This simp argument is unused:
  Fin.coe_castLE

Hint: Omit it from the simp argument list.
  simp [he,̵ ̵F̵i̵n̵.̵c̵o̵e̵_̵c̵a̵s̵t̵L̵E̵]

Note: This linter can be disabled with `set_option linter.unusedSimpArgs false`
warning: NumStability/Source/Higham/Chapter09/Section04.lean:4147:49: This simp argument is unused:
  Fin.coe_castLE

Hint: Omit it from the simp argument list.
  simp [he,̵ ̵F̵i̵n̵.̵c̵o̵e̵_̵c̵a̵s̵t̵L̵E̵]

Note: This linter can be disabled with `set_option linter.unusedSimpArgs false`
info: NumStability/Source/Higham/Chapter09/Section04.lean:4432:4: Try this:
  [apply] ring_nf
  
  The `ring` tactic failed to close the goal. Use `ring_nf` to obtain a normal form.
    
  Note that `ring` works primarily in *commutative* rings. If you have a noncommutative ring, abelian group or module, consider using `noncomm_ring`, `abel` or `module` instead.
⚠ [3554/3721] Replayed NumStability.Algorithms.Summation.Tree.ArbitraryOrderError.PivotNormalized
warning: NumStability/Algorithms/Summation/Tree/ArbitraryOrderError/PivotNormalized.lean:291:35: Used `tac1 <;> tac2` where `(tac1; tac2)` would suffice

Note: This linter can be disabled with `set_option linter.unnecessarySeqFocus false`
warning: NumStability/Algorithms/Summation/Tree/ArbitraryOrderError/PivotNormalized.lean:299:35: Used `tac1 <;> tac2` where `(tac1; tac2)` would suffice

Note: This linter can be disabled with `set_option linter.unnecessarySeqFocus false`
⚠ [3555/3721] Replayed NumStability.Source.Higham.Chapter08.Section03.TriangularSystems.ArbitraryOrder
warning: NumStability/Source/Higham/Chapter08/Section03/TriangularSystems/ArbitraryOrder.lean:560:43: 'ring' tactic does nothing

Note: This linter can be disabled with `set_option linter.unusedTactic false`
warning: NumStability/Source/Higham/Chapter08/Section03/TriangularSystems/ArbitraryOrder.lean:560:43: this tactic is never executed

Note: This linter can be disabled with `set_option linter.unreachableTactic false`
warning: NumStability/Source/Higham/Chapter08/Section03/TriangularSystems/ArbitraryOrder.lean:538:26: Used `tac1 <;> tac2` where `(tac1; tac2)` would suffice

Note: This linter can be disabled with `set_option linter.unnecessarySeqFocus false`
warning: NumStability/Source/Higham/Chapter08/Section03/TriangularSystems/ArbitraryOrder.lean:560:26: Used `tac1 <;> tac2` where `(tac1; tac2)` would suffice

Note: This linter can be disabled with `set_option linter.unnecessarySeqFocus false`
⚠ [3612/3721] Replayed NumStability.Algorithms.LinearSystems.Underdetermined.QR.ModifiedGramSchmidt.CorrectedRecurrence.Core
warning: NumStability/Algorithms/LinearSystems/Underdetermined/QR/ModifiedGramSchmidt/CorrectedRecurrence/Core.lean:602:5: unused variable `hMGS`

Note: This linter can be disabled with `set_option linter.unusedVariables false`
⚠ [3636/4128] Replayed NumStability.Source.Higham.Chapter09.Problems
warning: NumStability/Source/Higham/Chapter09/Problems.lean:25519:6: try 'simp' instead of 'simpa'

Note: This linter can be disabled with `set_option linter.unnecessarySimpa false`
warning: NumStability/Source/Higham/Chapter09/Problems.lean:31397:57: This simp argument is unused:
  hx0

Hint: Omit it from the simp argument list.
  simp [hσdef, higham9_7_firstPivotRowSwap, hxr,̵ ̵h̵x̵0̵]

Note: This linter can be disabled with `set_option linter.unusedSimpArgs false`
warning: NumStability/Source/Higham/Chapter09/Problems.lean:31885:14: Used `tac1 <;> tac2` where `(tac1; tac2)` would suffice

Note: This linter can be disabled with `set_option linter.unnecessarySeqFocus false`
warning: NumStability/Source/Higham/Chapter09/Problems.lean:31899:4: 'try ring' tactic does nothing

Note: This linter can be disabled with `set_option linter.unusedTactic false`
warning: NumStability/Source/Higham/Chapter09/Problems.lean:31899:4: this tactic is never executed

Note: This linter can be disabled with `set_option linter.unreachableTactic false`
warning: NumStability/Source/Higham/Chapter09/Problems.lean:31909:4: 'try ring' tactic does nothing

Note: This linter can be disabled with `set_option linter.unusedTactic false`
warning: NumStability/Source/Higham/Chapter09/Problems.lean:31909:4: this tactic is never executed

Note: This linter can be disabled with `set_option linter.unreachableTactic false`
warning: NumStability/Source/Higham/Chapter09/Problems.lean:31919:4: 'try ring' tactic does nothing

Note: This linter can be disabled with `set_option linter.unusedTactic false`
warning: NumStability/Source/Higham/Chapter09/Problems.lean:31919:4: this tactic is never executed

Note: This linter can be disabled with `set_option linter.unreachableTactic false`
warning: NumStability/Source/Higham/Chapter09/Problems.lean:31929:4: 'try ring' tactic does nothing

Note: This linter can be disabled with `set_option linter.unusedTactic false`
warning: NumStability/Source/Higham/Chapter09/Problems.lean:31929:4: this tactic is never executed

Note: This linter can be disabled with `set_option linter.unreachableTactic false`
warning: NumStability/Source/Higham/Chapter09/Problems.lean:31939:4: 'try ring' tactic does nothing

Note: This linter can be disabled with `set_option linter.unusedTactic false`
warning: NumStability/Source/Higham/Chapter09/Problems.lean:31939:4: this tactic is never executed

Note: This linter can be disabled with `set_option linter.unreachableTactic false`
warning: NumStability/Source/Higham/Chapter09/Problems.lean:31949:4: 'try ring' tactic does nothing

Note: This linter can be disabled with `set_option linter.unusedTactic false`
warning: NumStability/Source/Higham/Chapter09/Problems.lean:31949:4: this tactic is never executed

Note: This linter can be disabled with `set_option linter.unreachableTactic false`
warning: NumStability/Source/Higham/Chapter09/Problems.lean:31959:4: 'try ring' tactic does nothing

Note: This linter can be disabled with `set_option linter.unusedTactic false`
warning: NumStability/Source/Higham/Chapter09/Problems.lean:31959:4: this tactic is never executed

Note: This linter can be disabled with `set_option linter.unreachableTactic false`
warning: NumStability/Source/Higham/Chapter09/Problems.lean:31969:4: 'try ring' tactic does nothing

Note: This linter can be disabled with `set_option linter.unusedTactic false`
warning: NumStability/Source/Higham/Chapter09/Problems.lean:31969:4: this tactic is never executed

Note: This linter can be disabled with `set_option linter.unreachableTactic false`
warning: NumStability/Source/Higham/Chapter09/Problems.lean:31966:14: Used `tac1 <;> tac2` where `(tac1; tac2)` would suffice

Note: This linter can be disabled with `set_option linter.unnecessarySeqFocus false`
warning: NumStability/Source/Higham/Chapter09/Problems.lean:31966:30: Used `tac1 <;> tac2` where `(tac1; tac2)` would suffice

Note: This linter can be disabled with `set_option linter.unnecessarySeqFocus false`
⚠ [3645/4128] Replayed NumStability.Source.Higham.Chapter11.BlockLDLTMixedPivot
warning: NumStability/Source/Higham/Chapter11/BlockLDLTMixedPivot.lean:277:25: This simp argument is unused:
  flMixedD_consTwo_01

Hint: Omit it from the simp argument list.
  simp only [sum_fin_add_two, flMixedL_consTwo_00, flMixedL_consTwo_01, flMixedL_consTwo_0t,
      flMixedD_consTwo_00, f̵l̵M̵i̵x̵e̵d̵D̵_̵c̵o̵n̵s̵T̵w̵o̵_̵0̵1̵,̵ ̵flMixedD_consTwo_0t, zero_mul, mul_zero, one_mul, mul_one, add_zero,
  ̲  ̲ ̲ ̲zero_add, Finset.sum_const_zero]

Note: This linter can be disabled with `set_option linter.unusedSimpArgs false`
warning: NumStability/Source/Higham/Chapter11/BlockLDLTMixedPivot.lean:277:46: This simp argument is unused:
  flMixedD_consTwo_0t

Hint: Omit it from the simp argument list.
  simp only [sum_fin_add_two, flMixedL_consTwo_00, flMixedL_consTwo_01, flMixedL_consTwo_0t,
      flMixedD_consTwo_00, flMixedD_consTwo_01, f̵l̵M̵i̵x̵e̵d̵D̵_̵c̵o̵n̵s̵T̵w̵o̵_̵0̵t̵,̵zero_mul, mul_zero, one_mul, mul_one, add_zero,
  ̲  ̲ ̲ ̲zero_add, Finset.sum_const_zero]

Note: This linter can be disabled with `set_option linter.unusedSimpArgs false`
warning: NumStability/Source/Higham/Chapter11/BlockLDLTMixedPivot.lean:278:52: This simp argument is unused:
  zero_add

Hint: Omit it from the simp argument list.
  simp only [sum_fin_add_two, flMixedL_consTwo_00, flMixedL_consTwo_01, flMixedL_consTwo_0t,
      flMixedD_consTwo_00, flMixedD_consTwo_01, flMixedD_consTwo_0t, zero_mul, mul_zero, one_mul,
  ̲  ̲ ̲ ̲mul_one, add_zero, z̵e̵r̵o̵_̵a̵d̵d̵,̵ ̵Finset.sum_const_zero]

Note: This linter can be disabled with `set_option linter.unusedSimpArgs false`
warning: NumStability/Source/Higham/Chapter11/BlockLDLTMixedPivot.lean:285:4: This simp argument is unused:
  flMixedD_consTwo_00

Hint: Omit it from the simp argument list.
  simp only [sum_fin_add_two, flMixedL_consTwo_00, flMixedL_consTwo_01, flMixedL_consTwo_0t,
      flMixedL_consTwo_10, flMixedL_consTwo_11, flMixedL_consTwo_1t, f̵l̵M̵i̵x̵e̵d̵D̵_̵c̵o̵n̵s̵T̵w̵o̵_̵0̵0̵,̵ ̵flMixedD_consTwo_01,
  ̲  ̲ ̲ ̲flMixedD_consTwo_0t, zero_mul, mul_zero, one_mul, mul_one, add_zero, zero_add,
  ̲  ̲ ̲ ̲Finset.sum_const_zero]

Note: This linter can be disabled with `set_option linter.unusedSimpArgs false`
warning: NumStability/Source/Higham/Chapter11/BlockLDLTMixedPivot.lean:285:46: This simp argument is unused:
  flMixedD_consTwo_0t

Hint: Omit it from the simp argument list.
  simp only [sum_fin_add_two, flMixedL_consTwo_00, flMixedL_consTwo_01, flMixedL_consTwo_0t,
      flMixedL_consTwo_10, flMixedL_consTwo_11, flMixedL_consTwo_1t, flMixedD_consTwo_00,
  ̲  ̲ ̲ ̲flMixedD_consTwo_01, f̵l̵M̵i̵x̵e̵d̵D̵_̵c̵o̵n̵s̵T̵w̵o̵_̵0̵t̵,̵zero_mul, mul_zero, one_mul, mul_one, add_zero, zero_add,
  ̲  ̲ ̲ ̲Finset.sum_const_zero]

Note: This linter can be disabled with `set_option linter.unusedSimpArgs false`
warning: NumStability/Source/Higham/Chapter11/BlockLDLTMixedPivot.lean:293:25: This simp argument is unused:
  flMixedD_consTwo_11

Hint: Omit it from the simp argument list.
  simp only [sum_fin_add_two, flMixedL_consTwo_00, flMixedL_consTwo_01, flMixedL_consTwo_0t,
      flMixedL_consTwo_10, flMixedL_consTwo_11, flMixedL_consTwo_1t, flMixedD_consTwo_10,
  ̲  ̲ ̲ ̲f̵l̵M̵i̵x̵e̵d̵D̵_̵c̵o̵n̵s̵T̵w̵o̵_̵1̵1̵,̵ ̵flMixedD_consTwo_1t, zero_mul, mul_zero, one_mul, mul_one, add_zero, zero_add,
  ̲  ̲ ̲ ̲Finset.sum_const_zero]

Note: This linter can be disabled with `set_option linter.unusedSimpArgs false`
warning: NumStability/Source/Higham/Chapter11/BlockLDLTMixedPivot.lean:293:46: This simp argument is unused:
  flMixedD_consTwo_1t

Hint: Omit it from the simp argument list.
  simp only [sum_fin_add_two, flMixedL_consTwo_00, flMixedL_consTwo_01, flMixedL_consTwo_0t,
      flMixedL_consTwo_10, flMixedL_consTwo_11, flMixedL_consTwo_1t, flMixedD_consTwo_10,
  ̲  ̲ ̲ ̲flMixedD_consTwo_11, f̵l̵M̵i̵x̵e̵d̵D̵_̵c̵o̵n̵s̵T̵w̵o̵_̵1̵t̵,̵zero_mul, mul_zero, one_mul, mul_one, add_zero, zero_add,
  ̲  ̲ ̲ ̲Finset.sum_const_zero]

Note: This linter can be disabled with `set_option linter.unusedSimpArgs false`
warning: NumStability/Source/Higham/Chapter11/BlockLDLTMixedPivot.lean:300:4: This simp argument is unused:
  flMixedD_consTwo_10

Hint: Omit it from the simp argument list.
  simp only [sum_fin_add_two, flMixedL_consTwo_10, flMixedL_consTwo_11, flMixedL_consTwo_1t,
      f̵l̵M̵i̵x̵e̵d̵D̵_̵c̵o̵n̵s̵T̵w̵o̵_̵1̵0̵,̵ ̵flMixedD_consTwo_11, flMixedD_consTwo_1t, zero_mul, mul_zero, one_mul, mul_one, add_zero,
  ̲  ̲ ̲ ̲zero_add, Finset.sum_const_zero]

Note: This linter can be disabled with `set_option linter.unusedSimpArgs false`
warning: NumStability/Source/Higham/Chapter11/BlockLDLTMixedPivot.lean:300:46: This simp argument is unused:
  flMixedD_consTwo_1t

Hint: Omit it from the simp argument list.
  simp only [sum_fin_add_two, flMixedL_consTwo_10, flMixedL_consTwo_11, flMixedL_consTwo_1t,
      flMixedD_consTwo_10, flMixedD_consTwo_11, f̵l̵M̵i̵x̵e̵d̵D̵_̵c̵o̵n̵s̵T̵w̵o̵_̵1̵t̵,̵zero_mul, mul_zero, one_mul, mul_one, add_zero,
  ̲  ̲ ̲ ̲zero_add, Finset.sum_const_zero]

Note: This linter can be disabled with `set_option linter.unusedSimpArgs false`
warning: NumStability/Source/Higham/Chapter11/BlockLDLTMixedPivot.lean:311:33: This simp argument is unused:
  mul_one

Hint: Omit it from the simp argument list.
  simp only [sum_fin_add_two, flMixedL_consTwo_00, flMixedL_consTwo_01, flMixedL_consTwo_0t,
      flMixedL_consTwo_t0, flMixedL_consTwo_t1, flMixedL_consTwo_tt, flMixedD_consTwo_00,
  ̲  ̲ ̲ ̲flMixedD_consTwo_01, flMixedD_consTwo_0t, zero_mul, mul_zero, one_mul, m̵u̵l̵_̵o̵n̵e̵,̵ ̵add_zero, zero_add,
  ̲  ̲ ̲ ̲Finset.sum_const_zero]

Note: This linter can be disabled with `set_option linter.unusedSimpArgs false`
warning: NumStability/Source/Higham/Chapter11/BlockLDLTMixedPivot.lean:311:52: This simp argument is unused:
  zero_add

Hint: Omit it from the simp argument list.
  simp only [sum_fin_add_two, flMixedL_consTwo_00, flMixedL_consTwo_01, flMixedL_consTwo_0t,
      flMixedL_consTwo_t0, flMixedL_consTwo_t1, flMixedL_consTwo_tt, flMixedD_consTwo_00,
  ̲  ̲ ̲ ̲flMixedD_consTwo_01, flMixedD_consTwo_0t, zero_mul, mul_zero, one_mul, mul_one, add_zero,
  ̲  ̲ ̲ ̲z̵e̵r̵o̵_̵a̵d̵d̵,̵ ̵Finset.sum_const_zero]

Note: This linter can be disabled with `set_option linter.unusedSimpArgs false`
warning: NumStability/Source/Higham/Chapter11/BlockLDLTMixedPivot.lean:321:33: This simp argument is unused:
  mul_one

Hint: Omit it from the simp argument list.
  simp only [sum_fin_add_two, flMixedL_consTwo_10, flMixedL_consTwo_11, flMixedL_consTwo_1t,
      flMixedL_consTwo_t0, flMixedL_consTwo_t1, flMixedL_consTwo_tt, flMixedD_consTwo_10,
  ̲  ̲ ̲ ̲flMixedD_consTwo_11, flMixedD_consTwo_1t, zero_mul, mul_zero, one_mul, m̵u̵l̵_̵o̵n̵e̵,̵ ̵add_zero, zero_add,
  ̲  ̲ ̲ ̲Finset.sum_const_zero]

Note: This linter can be disabled with `set_option linter.unusedSimpArgs false`
warning: NumStability/Source/Higham/Chapter11/BlockLDLTMixedPivot.lean:331:4: This simp argument is unused:
  flMixedD_consTwo_01

Hint: Omit it from the simp argument list.
  simp only [sum_fin_add_two, flMixedL_consTwo_00, flMixedL_consTwo_01, flMixedL_consTwo_0t,
      flMixedL_consTwo_t0, flMixedL_consTwo_t1, flMixedL_consTwo_tt, flMixedD_consTwo_00,
  ̲  ̲ ̲ ̲flMixedD_consTwo_10, flMixedD_consTwo_t0, f̵l̵M̵i̵x̵e̵d̵D̵_̵c̵o̵n̵s̵T̵w̵o̵_̵0̵1̵,̵ ̵flMixedD_consTwo_11, flMixedD_consTwo_t1,
      flMixedD_consTwo_0t, flMixedD_consTwo_1t, flMixedD_consTwo_tt, zero_mul, mul_zero, one_mul,
  ̲  ̲ ̲ ̲mul_one, add_zero, zero_add, Finset.sum_const_zero]

Note: This linter can be disabled with `set_option linter.unusedSimpArgs false`
warning: NumStability/Source/Higham/Chapter11/BlockLDLTMixedPivot.lean:331:25: This simp argument is unused:
  flMixedD_consTwo_11

Hint: Omit it from the simp argument list.
  simp only [sum_fin_add_two, flMixedL_consTwo_00, flMixedL_consTwo_01, flMixedL_consTwo_0t,
      flMixedL_consTwo_t0, flMixedL_consTwo_t1, flMixedL_consTwo_tt, flMixedD_consTwo_00,
  ̲  ̲ ̲ ̲flMixedD_consTwo_10, flMixedD_consTwo_t0, flMixedD_consTwo_01, f̵l̵M̵i̵x̵e̵d̵D̵_̵c̵o̵n̵s̵T̵w̵o̵_̵1̵1̵,̵ ̵flMixedD_consTwo_t1,
      flMixedD_consTwo_0t, flMixedD_consTwo_1t, flMixedD_consTwo_tt, zero_mul, mul_zero, one_mul,
  ̲  ̲ ̲ ̲mul_one, add_zero, zero_add, Finset.sum_const_zero]

Note: This linter can be disabled with `set_option linter.unusedSimpArgs false`
warning: NumStability/Source/Higham/Chapter11/BlockLDLTMixedPivot.lean:331:46: This simp argument is unused:
  flMixedD_consTwo_t1

Hint: Omit it from the simp argument list.
  simp only [sum_fin_add_two, flMixedL_consTwo_00, flMixedL_consTwo_01, flMixedL_consTwo_0t,
      flMixedL_consTwo_t0, flMixedL_consTwo_t1, flMixedL_consTwo_tt, flMixedD_consTwo_00,
  ̲  ̲ ̲ ̲flMixedD_consTwo_10, flMixedD_consTwo_t0, flMixedD_consTwo_01, flMixedD_consTwo_11,
  ̲  ̲ ̲ ̲f̵l̵M̵i̵x̵e̵d̵D̵_̵c̵o̵n̵s̵T̵w̵o̵_̵t̵1̵,̵flMixedD_consTwo_0t, flMixedD_consTwo_1t, flMixedD_consTwo_tt, zero_mul, mul_zero, one_mul,
  ̲  ̲ ̲ ̲mul_one, add_zero, zero_add, Finset.sum_const_zero]

Note: This linter can be disabled with `set_option linter.unusedSimpArgs false`
warning: NumStability/Source/Higham/Chapter11/BlockLDLTMixedPivot.lean:332:4: This simp argument is unused:
  flMixedD_consTwo_0t

Hint: Omit it from the simp argument list.
  simp only [sum_fin_add_two, flMixedL_consTwo_00, flMixedL_consTwo_01, flMixedL_consTwo_0t,
      flMixedL_consTwo_t0, flMixedL_consTwo_t1, flMixedL_consTwo_tt, flMixedD_consTwo_00,
  ̲  ̲ ̲ ̲flMixedD_consTwo_10, flMixedD_consTwo_t0, flMixedD_consTwo_01, flMixedD_consTwo_11,
  ̲  ̲ ̲ ̲flMixedD_consTwo_t1, f̵l̵M̵i̵x̵e̵d̵D̵_̵c̵o̵n̵s̵T̵w̵o̵_̵0̵t̵,̵ ̵flMixedD_consTwo_1t, flMixedD_consTwo_tt, zero_mul, mul_zero, one_mul,
  ̲  ̲ ̲ ̲mul_one, add_zero, zero_add, Finset.sum_const_zero]

Note: This linter can be disabled with `set_option linter.unusedSimpArgs false`
warning: NumStability/Source/Higham/Chapter11/BlockLDLTMixedPivot.lean:332:25: This simp argument is unused:
  flMixedD_consTwo_1t

Hint: Omit it from the simp argument list.
  simp only [sum_fin_add_two, flMixedL_consTwo_00, flMixedL_consTwo_01, flMixedL_consTwo_0t,
      flMixedL_consTwo_t0, flMixedL_consTwo_t1, flMixedL_consTwo_tt, flMixedD_consTwo_00,
  ̲  ̲ ̲ ̲flMixedD_consTwo_10, flMixedD_consTwo_t0, flMixedD_consTwo_01, flMixedD_consTwo_11,
  ̲  ̲ ̲ ̲flMixedD_consTwo_t1, flMixedD_consTwo_0t, f̵l̵M̵i̵x̵e̵d̵D̵_̵c̵o̵n̵s̵T̵w̵o̵_̵1̵t̵,̵ ̵flMixedD_consTwo_tt, zero_mul, mul_zero, one_mul,
  ̲  ̲ ̲ ̲mul_one, add_zero, zero_add, Finset.sum_const_zero]

Note: This linter can be disabled with `set_option linter.unusedSimpArgs false`
warning: NumStability/Source/Higham/Chapter11/BlockLDLTMixedPivot.lean:332:46: This simp argument is unused:
  flMixedD_consTwo_tt

Hint: Omit it from the simp argument list.
  simp only [sum_fin_add_two, flMixedL_consTwo_00, flMixedL_consTwo_01, flMixedL_consTwo_0t,
      flMixedL_consTwo_t0, flMixedL_consTwo_t1, flMixedL_consTwo_tt, flMixedD_consTwo_00,
  ̲  ̲ ̲ ̲flMixedD_consTwo_10, flMixedD_consTwo_t0, flMixedD_consTwo_01, flMixedD_consTwo_11,
  ̲  ̲ ̲ ̲flMixedD_consTwo_t1, flMixedD_consTwo_0t, flMixedD_consTwo_1t, f̵l̵M̵i̵x̵e̵d̵D̵_̵c̵o̵n̵s̵T̵w̵o̵_̵t̵t̵,̵zero_mul, mul_zero, one_mul,
  ̲  ̲ ̲ ̲mul_one, add_zero, zero_add, Finset.sum_const_zero]

Note: This linter can be disabled with `set_option linter.unusedSimpArgs false`
warning: NumStability/Source/Higham/Chapter11/BlockLDLTMixedPivot.lean:333:4: This simp argument is unused:
  zero_mul

Hint: Omit it from the simp argument list.
  simp only [sum_fin_add_two, flMixedL_consTwo_00, flMixedL_consTwo_01, flMixedL_consTwo_0t,
      flMixedL_consTwo_t0, flMixedL_consTwo_t1, flMixedL_consTwo_tt, flMixedD_consTwo_00,
  ̲  ̲ ̲ ̲flMixedD_consTwo_10, flMixedD_consTwo_t0, flMixedD_consTwo_01, flMixedD_consTwo_11,
  ̲  ̲ ̲ ̲flMixedD_consTwo_t1, flMixedD_consTwo_0t, flMixedD_consTwo_1t, flMixedD_consTwo_tt, z̵e̵r̵o̵_̵m̵u̵l̵,̵ ̵mul_zero,
  ̲  ̲ ̲ ̲one_mul, mul_one, add_zero, zero_add, Finset.sum_const_zero]

Note: This linter can be disabled with `set_option linter.unusedSimpArgs false`
warning: NumStability/Source/Higham/Chapter11/BlockLDLTMixedPivot.lean:333:24: This simp argument is unused:
  one_mul

Hint: Omit it from the simp argument list.
  simp only [sum_fin_add_two, flMixedL_consTwo_00, flMixedL_consTwo_01, flMixedL_consTwo_0t,
      flMixedL_consTwo_t0, flMixedL_consTwo_t1, flMixedL_consTwo_tt, flMixedD_consTwo_00,
  ̲  ̲ ̲ ̲flMixedD_consTwo_10, flMixedD_consTwo_t0, flMixedD_consTwo_01, flMixedD_consTwo_11,
  ̲  ̲ ̲ ̲flMixedD_consTwo_t1, flMixedD_consTwo_0t, flMixedD_consTwo_1t, flMixedD_consTwo_tt, zero_mul,
  ̲  ̲ ̲ ̲mul_zero, o̵n̵e̵_̵m̵u̵l̵,̵ ̵mul_one, add_zero, zero_add, Finset.sum_const_zero]

Note: This linter can be disabled with `set_option linter.unusedSimpArgs false`
warning: NumStability/Source/Higham/Chapter11/BlockLDLTMixedPivot.lean:333:52: This simp argument is unused:
  zero_add

Hint: Omit it from the simp argument list.
  simp only [sum_fin_add_two, flMixedL_consTwo_00, flMixedL_consTwo_01, flMixedL_consTwo_0t,
      flMixedL_consTwo_t0, flMixedL_consTwo_t1, flMixedL_consTwo_tt, flMixedD_consTwo_00,
  ̲  ̲ ̲ ̲flMixedD_consTwo_10, flMixedD_consTwo_t0, flMixedD_consTwo_01, flMixedD_consTwo_11,
  ̲  ̲ ̲ ̲flMixedD_consTwo_t1, flMixedD_consTwo_0t, flMixedD_consTwo_1t, flMixedD_consTwo_tt, zero_mul,
  ̲  ̲ ̲ ̲mul_zero, one_mul, mul_one, add_zero, z̵e̵r̵o̵_̵a̵d̵d̵,̵ ̵Finset.sum_const_zero]

Note: This linter can be disabled with `set_option linter.unusedSimpArgs false`
warning: NumStability/Source/Higham/Chapter11/BlockLDLTMixedPivot.lean:342:4: This simp argument is unused:
  flMixedD_consTwo_00

Hint: Omit it from the simp argument list.
  simp only [sum_fin_add_two, flMixedL_consTwo_10, flMixedL_consTwo_11, flMixedL_consTwo_1t,
      flMixedL_consTwo_t0, flMixedL_consTwo_t1, flMixedL_consTwo_tt, f̵l̵M̵i̵x̵e̵d̵D̵_̵c̵o̵n̵s̵T̵w̵o̵_̵0̵0̵,̵ ̵flMixedD_consTwo_10,
  ̲  ̲ ̲ ̲flMixedD_consTwo_t0, flMixedD_consTwo_01, flMixedD_consTwo_11, flMixedD_consTwo_t1,
      flMixedD_consTwo_0t, flMixedD_consTwo_1t, flMixedD_consTwo_tt, zero_mul, mul_zero, one_mul,
  ̲  ̲ ̲ ̲mul_one, add_zero, zero_add, Finset.sum_const_zero]

Note: This linter can be disabled with `set_option linter.unusedSimpArgs false`
warning: NumStability/Source/Higham/Chapter11/BlockLDLTMixedPivot.lean:342:25: This simp argument is unused:
  flMixedD_consTwo_10

Hint: Omit it from the simp argument list.
  simp only [sum_fin_add_two, flMixedL_consTwo_10, flMixedL_consTwo_11, flMixedL_consTwo_1t,
      flMixedL_consTwo_t0, flMixedL_consTwo_t1, flMixedL_consTwo_tt, flMixedD_consTwo_00,
  ̲  ̲ ̲ ̲f̵l̵M̵i̵x̵e̵d̵D̵_̵c̵o̵n̵s̵T̵w̵o̵_̵1̵0̵,̵ ̵flMixedD_consTwo_t0, flMixedD_consTwo_01, flMixedD_consTwo_11, flMixedD_consTwo_t1,
      flMixedD_consTwo_0t, flMixedD_consTwo_1t, flMixedD_consTwo_tt, zero_mul, mul_zero, one_mul,
  ̲  ̲ ̲ ̲mul_one, add_zero, zero_add, Finset.sum_const_zero]

Note: This linter can be disabled with `set_option linter.unusedSimpArgs false`
warning: NumStability/Source/Higham/Chapter11/BlockLDLTMixedPivot.lean:342:46: This simp argument is unused:
  flMixedD_consTwo_t0

Hint: Omit it from the simp argument list.
  simp only [sum_fin_add_two, flMixedL_consTwo_10, flMixedL_consTwo_11, flMixedL_consTwo_1t,
      flMixedL_consTwo_t0, flMixedL_consTwo_t1, flMixedL_consTwo_tt, flMixedD_consTwo_00,
  ̲  ̲ ̲ ̲flMixedD_consTwo_10, f̵l̵M̵i̵x̵e̵d̵D̵_̵c̵o̵n̵s̵T̵w̵o̵_̵t̵0̵,̵flMixedD_consTwo_01, flMixedD_consTwo_11, flMixedD_consTwo_t1,
  ̲  ̲ ̲ ̲flMixedD_consTwo_0t, flMixedD_consTwo_1t, flMixedD_consTwo_tt, zero_mul, mul_zero, one_mul,
  ̲  ̲ ̲ ̲mul_one, add_zero, zero_add, Finset.sum_const_zero]

Note: This linter can be disabled with `set_option linter.unusedSimpArgs false`
warning: NumStability/Source/Higham/Chapter11/BlockLDLTMixedPivot.lean:344:4: This simp argument is unused:
  flMixedD_consTwo_0t

Hint: Omit it from the simp argument list.
  simp only [sum_fin_add_two, flMixedL_consTwo_10, flMixedL_consTwo_11, flMixedL_consTwo_1t,
      flMixedL_consTwo_t0, flMixedL_consTwo_t1, flMixedL_consTwo_tt, flMixedD_consTwo_00,
  ̲  ̲ ̲ ̲flMixedD_consTwo_10, flMixedD_consTwo_t0, flMixedD_consTwo_01, flMixedD_consTwo_11,
  ̲  ̲ ̲ ̲flMixedD_consTwo_t1, f̵l̵M̵i̵x̵e̵d̵D̵_̵c̵o̵n̵s̵T̵w̵o̵_̵0̵t̵,̵ ̵flMixedD_consTwo_1t, flMixedD_consTwo_tt, zero_mul, mul_zero, one_mul,
  ̲  ̲ ̲ ̲mul_one, add_zero, zero_add, Finset.sum_const_zero]

Note: This linter can be disabled with `set_option linter.unusedSimpArgs false`
warning: NumStability/Source/Higham/Chapter11/BlockLDLTMixedPivot.lean:344:25: This simp argument is unused:
  flMixedD_consTwo_1t

Hint: Omit it from the simp argument list.
  simp only [sum_fin_add_two, flMixedL_consTwo_10, flMixedL_consTwo_11, flMixedL_consTwo_1t,
      flMixedL_consTwo_t0, flMixedL_consTwo_t1, flMixedL_consTwo_tt, flMixedD_consTwo_00,
  ̲  ̲ ̲ ̲flMixedD_consTwo_10, flMixedD_consTwo_t0, flMixedD_consTwo_01, flMixedD_consTwo_11,
  ̲  ̲ ̲ ̲flMixedD_consTwo_t1, flMixedD_consTwo_0t, f̵l̵M̵i̵x̵e̵d̵D̵_̵c̵o̵n̵s̵T̵w̵o̵_̵1̵t̵,̵ ̵flMixedD_consTwo_tt, zero_mul, mul_zero, one_mul,
  ̲  ̲ ̲ ̲mul_one, add_zero, zero_add, Finset.sum_const_zero]

Note: This linter can be disabled with `set_option linter.unusedSimpArgs false`
warning: NumStability/Source/Higham/Chapter11/BlockLDLTMixedPivot.lean:344:46: This simp argument is unused:
  flMixedD_consTwo_tt

Hint: Omit it from the simp argument list.
  simp only [sum_fin_add_two, flMixedL_consTwo_10, flMixedL_consTwo_11, flMixedL_consTwo_1t,
      flMixedL_consTwo_t0, flMixedL_consTwo_t1, flMixedL_consTwo_tt, flMixedD_consTwo_00,
  ̲  ̲ ̲ ̲flMixedD_consTwo_10, flMixedD_consTwo_t0, flMixedD_consTwo_01, flMixedD_consTwo_11,
  ̲  ̲ ̲ ̲flMixedD_consTwo_t1, flMixedD_consTwo_0t, flMixedD_consTwo_1t, f̵l̵M̵i̵x̵e̵d̵D̵_̵c̵o̵n̵s̵T̵w̵o̵_̵t̵t̵,̵zero_mul, mul_zero, one_mul,
  ̲  ̲ ̲ ̲mul_one, add_zero, zero_add, Finset.sum_const_zero]

Note: This linter can be disabled with `set_option linter.unusedSimpArgs false`
warning: NumStability/Source/Higham/Chapter11/BlockLDLTMixedPivot.lean:345:4: This simp argument is unused:
  zero_mul

Hint: Omit it from the simp argument list.
  simp only [sum_fin_add_two, flMixedL_consTwo_10, flMixedL_consTwo_11, flMixedL_consTwo_1t,
      flMixedL_consTwo_t0, flMixedL_consTwo_t1, flMixedL_consTwo_tt, flMixedD_consTwo_00,
  ̲  ̲ ̲ ̲flMixedD_consTwo_10, flMixedD_consTwo_t0, flMixedD_consTwo_01, flMixedD_consTwo_11,
  ̲  ̲ ̲ ̲flMixedD_consTwo_t1, flMixedD_consTwo_0t, flMixedD_consTwo_1t, flMixedD_consTwo_tt, z̵e̵r̵o̵_̵m̵u̵l̵,̵ ̵mul_zero,
  ̲  ̲ ̲ ̲one_mul, mul_one, add_zero, zero_add, Finset.sum_const_zero]

Note: This linter can be disabled with `set_option linter.unusedSimpArgs false`
warning: NumStability/Source/Higham/Chapter11/BlockLDLTMixedPivot.lean:345:24: This simp argument is unused:
  one_mul

Hint: Omit it from the simp argument list.
  simp only [sum_fin_add_two, flMixedL_consTwo_10, flMixedL_consTwo_11, flMixedL_consTwo_1t,
      flMixedL_consTwo_t0, flMixedL_consTwo_t1, flMixedL_consTwo_tt, flMixedD_consTwo_00,
  ̲  ̲ ̲ ̲flMixedD_consTwo_10, flMixedD_consTwo_t0, flMixedD_consTwo_01, flMixedD_consTwo_11,
  ̲  ̲ ̲ ̲flMixedD_consTwo_t1, flMixedD_consTwo_0t, flMixedD_consTwo_1t, flMixedD_consTwo_tt, zero_mul,
  ̲  ̲ ̲ ̲mul_zero, o̵n̵e̵_̵m̵u̵l̵,̵ ̵mul_one, add_zero, zero_add, Finset.sum_const_zero]

Note: This linter can be disabled with `set_option linter.unusedSimpArgs false`
warning: NumStability/Source/Higham/Chapter11/BlockLDLTMixedPivot.lean:490:44: This simp argument is unused:
  Fin.cases_zero

Hint: Omit it from the simp argument list.
  simp only [flBlockLDLTTwoByTwoStageBound, F̵i̵n̵.̵c̵a̵s̵e̵s̵_̵z̵e̵r̵o̵,̵ ̵Fin.cases_succ]

Note: This linter can be disabled with `set_option linter.unusedSimpArgs false`
warning: NumStability/Source/Higham/Chapter11/BlockLDLTMixedPivot.lean:659:52: This simp argument is unused:
  mul_one

Hint: Omit it from the simp argument list.
  simp only [sum_fin_add_two, flMixedL_consTwo_00, flMixedL_consTwo_01, flMixedL_consTwo_0t,
      flMixedL_consTwo_t0, flMixedL_consTwo_t1, flMixedL_consTwo_tt,
  ̵  ̵ ̵ ̵flMixedD_consTwo_00,
  ̲  ̲ ̲ ̲flMixedD_consTwo_01, flMixedD_consTwo_0t,
  ̵  ̵ ̵ ̵abs_zero, abs_one, zero_mul, mul_zero, one_mul, ̵m̵u̵l̵_̵o̵n̵e̵,̵ ̵a̵d̵d̵_̵z̵e̵r̵o̵,̵ ̵z̵e̵r̵o̵_̵a̵d̵d̵,̵
      a̲d̲d̲_̲z̲e̲r̲o̲,̲ ̲z̲e̲r̲o̲_̲a̲d̲d̲,̲ ̲Finset.sum_const_zero]

Note: This linter can be disabled with `set_option linter.unusedSimpArgs false`
warning: NumStability/Source/Higham/Chapter11/BlockLDLTMixedPivot.lean:659:71: This simp argument is unused:
  zero_add

Hint: Omit it from the simp argument list.
  simp only [sum_fin_add_two, flMixedL_consTwo_00, flMixedL_consTwo_01, flMixedL_consTwo_0t,
      flMixedL_consTwo_t0, flMixedL_consTwo_t1, flMixedL_consTwo_tt,
  ̵  ̵ ̵ ̵flMixedD_consTwo_00,
  ̲  ̲ ̲ ̲flMixedD_consTwo_01, flMixedD_consTwo_0t,
  ̵  ̵ ̵ ̵abs_zero, abs_one, zero_mul, mul_zero, one_mul, ̵m̵u̵l̵_̵o̵n̵e̵,̵ ̵a̵d̵d̵_̵z̵e̵r̵o̵,̵ ̵z̵e̵r̵o̵_̵a̵d̵d̵,̵
      m̲u̲l̲_̲o̲n̲e̲,̲ ̲a̲d̲d̲_̲z̲e̲r̲o̲,̲ ̲Finset.sum_const_zero]

Note: This linter can be disabled with `set_option linter.unusedSimpArgs false`
warning: NumStability/Source/Higham/Chapter11/BlockLDLTMixedPivot.lean:672:52: This simp argument is unused:
  mul_one

Hint: Omit it from the simp argument list.
  simp only [sum_fin_add_two, flMixedL_consTwo_10, flMixedL_consTwo_11, flMixedL_consTwo_1t,
      flMixedL_consTwo_t0, flMixedL_consTwo_t1, flMixedL_consTwo_tt,
  ̵  ̵ ̵ ̵flMixedD_consTwo_10,
  ̲  ̲ ̲ ̲flMixedD_consTwo_11, flMixedD_consTwo_1t,
  ̵  ̵ ̵ ̵abs_zero, abs_one, zero_mul, mul_zero, one_mul, ̵m̵u̵l̵_̵o̵n̵e̵,̵ ̵a̵d̵d̵_̵z̵e̵r̵o̵,̵ ̵z̵e̵r̵o̵_̵a̵d̵d̵,̵
      a̲d̲d̲_̲z̲e̲r̲o̲,̲ ̲z̲e̲r̲o̲_̲a̲d̲d̲,̲ ̲Finset.sum_const_zero]

Note: This linter can be disabled with `set_option linter.unusedSimpArgs false`
warning: NumStability/Source/Higham/Chapter11/BlockLDLTMixedPivot.lean:685:4: This simp argument is unused:
  flMixedD_consTwo_01

Hint: Omit it from the simp argument list.
  simp only [sum_fin_add_two, flMixedL_consTwo_00, flMixedL_consTwo_01, flMixedL_consTwo_0t,
      flMixedL_consTwo_t0, flMixedL_consTwo_t1, flMixedL_consTwo_tt, flMixedD_consTwo_00,
  ̲  ̲ ̲ ̲flMixedD_consTwo_10, flMixedD_consTwo_t0, f̵l̵M̵i̵x̵e̵d̵D̵_̵c̵o̵n̵s̵T̵w̵o̵_̵0̵1̵,̵ ̵flMixedD_consTwo_11, flMixedD_consTwo_t1,
      flMixedD_consTwo_0t, flMixedD_consTwo_1t, flMixedD_consTwo_tt, abs_zero, abs_one, zero_mul,
  ̲  ̲ ̲ ̲mul_zero, one_mul, mul_one, add_zero, zero_add, Finset.sum_const_zero]

Note: This linter can be disabled with `set_option linter.unusedSimpArgs false`
warning: NumStability/Source/Higham/Chapter11/BlockLDLTMixedPivot.lean:685:25: This simp argument is unused:
  flMixedD_consTwo_11

Hint: Omit it from the simp argument list.
  simp only [sum_fin_add_two, flMixedL_consTwo_00, flMixedL_consTwo_01, flMixedL_consTwo_0t,
      flMixedL_consTwo_t0, flMixedL_consTwo_t1, flMixedL_consTwo_tt, flMixedD_consTwo_00,
  ̲  ̲ ̲ ̲flMixedD_consTwo_10, flMixedD_consTwo_t0, flMixedD_consTwo_01, f̵l̵M̵i̵x̵e̵d̵D̵_̵c̵o̵n̵s̵T̵w̵o̵_̵1̵1̵,̵ ̵flMixedD_consTwo_t1,
      flMixedD_consTwo_0t, flMixedD_consTwo_1t, flMixedD_consTwo_tt, abs_zero, abs_one, zero_mul,
  ̲  ̲ ̲ ̲mul_zero, one_mul, mul_one, add_zero, zero_add, Finset.sum_const_zero]

Note: This linter can be disabled with `set_option linter.unusedSimpArgs false`
warning: NumStability/Source/Higham/Chapter11/BlockLDLTMixedPivot.lean:685:46: This simp argument is unused:
  flMixedD_consTwo_t1

Hint: Omit it from the simp argument list.
  simp only [sum_fin_add_two, flMixedL_consTwo_00, flMixedL_consTwo_01, flMixedL_consTwo_0t,
      flMixedL_consTwo_t0, flMixedL_consTwo_t1, flMixedL_consTwo_tt, flMixedD_consTwo_00,
  ̲  ̲ ̲ ̲flMixedD_consTwo_10, flMixedD_consTwo_t0, flMixedD_consTwo_01, flMixedD_consTwo_11,
  ̲  ̲ ̲ ̲f̵l̵M̵i̵x̵e̵d̵D̵_̵c̵o̵n̵s̵T̵w̵o̵_̵t̵1̵,̵flMixedD_consTwo_0t, flMixedD_consTwo_1t, flMixedD_consTwo_tt, abs_zero, abs_one, zero_mul,
  ̲  ̲ ̲ ̲mul_zero, one_mul, mul_one, add_zero, zero_add, Finset.sum_const_zero]

Note: This linter can be disabled with `set_option linter.unusedSimpArgs false`
warning: NumStability/Source/Higham/Chapter11/BlockLDLTMixedPivot.lean:686:4: This simp argument is unused:
  flMixedD_consTwo_0t

Hint: Omit it from the simp argument list.
  simp only [sum_fin_add_two, flMixedL_consTwo_00, flMixedL_consTwo_01, flMixedL_consTwo_0t,
      flMixedL_consTwo_t0, flMixedL_consTwo_t1, flMixedL_consTwo_tt, flMixedD_consTwo_00,
  ̲  ̲ ̲ ̲flMixedD_consTwo_10, flMixedD_consTwo_t0, flMixedD_consTwo_01, flMixedD_consTwo_11,
  ̲  ̲ ̲ ̲flMixedD_consTwo_t1, f̵l̵M̵i̵x̵e̵d̵D̵_̵c̵o̵n̵s̵T̵w̵o̵_̵0̵t̵,̵ ̵flMixedD_consTwo_1t, flMixedD_consTwo_tt, abs_zero, abs_one, zero_mul,
  ̲  ̲ ̲ ̲mul_zero, one_mul, mul_one, add_zero, zero_add, Finset.sum_const_zero]

Note: This linter can be disabled with `set_option linter.unusedSimpArgs false`
warning: NumStability/Source/Higham/Chapter11/BlockLDLTMixedPivot.lean:686:25: This simp argument is unused:
  flMixedD_consTwo_1t

Hint: Omit it from the simp argument list.
  simp only [sum_fin_add_two, flMixedL_consTwo_00, flMixedL_consTwo_01, flMixedL_consTwo_0t,
      flMixedL_consTwo_t0, flMixedL_consTwo_t1, flMixedL_consTwo_tt, flMixedD_consTwo_00,
  ̲  ̲ ̲ ̲flMixedD_consTwo_10, flMixedD_consTwo_t0, flMixedD_consTwo_01, flMixedD_consTwo_11,
  ̲  ̲ ̲ ̲flMixedD_consTwo_t1, flMixedD_consTwo_0t, f̵l̵M̵i̵x̵e̵d̵D̵_̵c̵o̵n̵s̵T̵w̵o̵_̵1̵t̵,̵ ̵flMixedD_consTwo_tt, abs_zero, abs_one, zero_mul,
  ̲  ̲ ̲ ̲mul_zero, one_mul, mul_one, add_zero, zero_add, Finset.sum_const_zero]

Note: This linter can be disabled with `set_option linter.unusedSimpArgs false`
warning: NumStability/Source/Higham/Chapter11/BlockLDLTMixedPivot.lean:686:46: This simp argument is unused:
  flMixedD_consTwo_tt

Hint: Omit it from the simp argument list.
  simp only [sum_fin_add_two, flMixedL_consTwo_00, flMixedL_consTwo_01, flMixedL_consTwo_0t,
      flMixedL_consTwo_t0, flMixedL_consTwo_t1, flMixedL_consTwo_tt, flMixedD_consTwo_00,
  ̲  ̲ ̲ ̲flMixedD_consTwo_10, flMixedD_consTwo_t0, flMixedD_consTwo_01, flMixedD_consTwo_11,
  ̲  ̲ ̲ ̲flMixedD_consTwo_t1, flMixedD_consTwo_0t, flMixedD_consTwo_1t, f̵l̵M̵i̵x̵e̵d̵D̵_̵c̵o̵n̵s̵T̵w̵o̵_̵t̵t̵,̵abs_zero, abs_one, zero_mul,
  ̲  ̲ ̲ ̲mul_zero, one_mul, mul_one, add_zero, zero_add, Finset.sum_const_zero]

Note: This linter can be disabled with `set_option linter.unusedSimpArgs false`
warning: NumStability/Source/Higham/Chapter11/BlockLDLTMixedPivot.lean:687:23: This simp argument is unused:
  zero_mul

Hint: Omit it from the simp argument list.
  simp only [sum_fin_add_two, flMixedL_consTwo_00, flMixedL_consTwo_01, flMixedL_consTwo_0t,
      flMixedL_consTwo_t0, flMixedL_consTwo_t1, flMixedL_consTwo_tt, flMixedD_consTwo_00,
  ̲  ̲ ̲ ̲flMixedD_consTwo_10, flMixedD_consTwo_t0, flMixedD_consTwo_01, flMixedD_consTwo_11,
  ̲  ̲ ̲ ̲flMixedD_consTwo_t1, flMixedD_consTwo_0t, flMixedD_consTwo_1t, flMixedD_consTwo_tt, abs_zero,
  ̲  ̲ ̲ ̲abs_one, z̵e̵r̵o̵_̵m̵u̵l̵,̵ ̵mul_zero, one_mul, mul_one, add_zero, zero_add, Finset.sum_const_zero]

Note: This linter can be disabled with `set_option linter.unusedSimpArgs false`
warning: NumStability/Source/Higham/Chapter11/BlockLDLTMixedPivot.lean:687:43: This simp argument is unused:
  one_mul

Hint: Omit it from the simp argument list.
  simp only [sum_fin_add_two, flMixedL_consTwo_00, flMixedL_consTwo_01, flMixedL_consTwo_0t,
      flMixedL_consTwo_t0, flMixedL_consTwo_t1, flMixedL_consTwo_tt, flMixedD_consTwo_00,
  ̲  ̲ ̲ ̲flMixedD_consTwo_10, flMixedD_consTwo_t0, flMixedD_consTwo_01, flMixedD_consTwo_11,
  ̲  ̲ ̲ ̲flMixedD_consTwo_t1, flMixedD_consTwo_0t, flMixedD_consTwo_1t, flMixedD_consTwo_tt, abs_zero,
  ̲  ̲ ̲ ̲abs_one, zero_mul, mul_zero, o̵n̵e̵_̵m̵u̵l̵,̵ ̵mul_one, add_zero, zero_add, Finset.sum_const_zero]

Note: This linter can be disabled with `set_option linter.unusedSimpArgs false`
warning: NumStability/Source/Higham/Chapter11/BlockLDLTMixedPivot.lean:687:71: This simp argument is unused:
  zero_add

Hint: Omit it from the simp argument list.
  simp only [sum_fin_add_two, flMixedL_consTwo_00, flMixedL_consTwo_01, flMixedL_consTwo_0t,
      flMixedL_consTwo_t0, flMixedL_consTwo_t1, flMixedL_consTwo_tt, flMixedD_consTwo_00,
  ̲  ̲ ̲ ̲flMixedD_consTwo_10, flMixedD_consTwo_t0, flMixedD_consTwo_01, flMixedD_consTwo_11,
  ̲  ̲ ̲ ̲flMixedD_consTwo_t1, flMixedD_consTwo_0t, flMixedD_consTwo_1t, flMixedD_consTwo_tt, abs_zero,
  ̲  ̲ ̲ ̲abs_one, zero_mul, mul_zero, one_mul, mul_one, add_zero, z̵e̵r̵o̵_̵a̵d̵d̵,̵Finset.sum_const_zero]

Note: This linter can be disabled with `set_option linter.unusedSimpArgs false`
warning: NumStability/Source/Higham/Chapter11/BlockLDLTMixedPivot.lean:699:4: This simp argument is unused:
  flMixedD_consTwo_00

Hint: Omit it from the simp argument list.
  simp only [sum_fin_add_two, flMixedL_consTwo_10, flMixedL_consTwo_11, flMixedL_consTwo_1t,
      flMixedL_consTwo_t0, flMixedL_consTwo_t1, flMixedL_consTwo_tt, f̵l̵M̵i̵x̵e̵d̵D̵_̵c̵o̵n̵s̵T̵w̵o̵_̵0̵0̵,̵ ̵flMixedD_consTwo_10,
  ̲  ̲ ̲ ̲flMixedD_consTwo_t0, flMixedD_consTwo_01, flMixedD_consTwo_11, flMixedD_consTwo_t1,
      flMixedD_consTwo_0t, flMixedD_consTwo_1t, flMixedD_consTwo_tt, abs_zero, abs_one, zero_mul,
  ̲  ̲ ̲ ̲mul_zero, one_mul, mul_one, add_zero, zero_add, Finset.sum_const_zero]

Note: This linter can be disabled with `set_option linter.unusedSimpArgs false`
warning: NumStability/Source/Higham/Chapter11/BlockLDLTMixedPivot.lean:699:25: This simp argument is unused:
  flMixedD_consTwo_10

Hint: Omit it from the simp argument list.
  simp only [sum_fin_add_two, flMixedL_consTwo_10, flMixedL_consTwo_11, flMixedL_consTwo_1t,
      flMixedL_consTwo_t0, flMixedL_consTwo_t1, flMixedL_consTwo_tt, flMixedD_consTwo_00,
  ̲  ̲ ̲ ̲f̵l̵M̵i̵x̵e̵d̵D̵_̵c̵o̵n̵s̵T̵w̵o̵_̵1̵0̵,̵ ̵flMixedD_consTwo_t0, flMixedD_consTwo_01, flMixedD_consTwo_11, flMixedD_consTwo_t1,
      flMixedD_consTwo_0t, flMixedD_consTwo_1t, flMixedD_consTwo_tt, abs_zero, abs_one, zero_mul,
  ̲  ̲ ̲ ̲mul_zero, one_mul, mul_one, add_zero, zero_add, Finset.sum_const_zero]

Note: This linter can be disabled with `set_option linter.unusedSimpArgs false`
warning: NumStability/Source/Higham/Chapter11/BlockLDLTMixedPivot.lean:699:46: This simp argument is unused:
  flMixedD_consTwo_t0

Hint: Omit it from the simp argument list.
  simp only [sum_fin_add_two, flMixedL_consTwo_10, flMixedL_consTwo_11, flMixedL_consTwo_1t,
      flMixedL_consTwo_t0, flMixedL_consTwo_t1, flMixedL_consTwo_tt, flMixedD_consTwo_00,
  ̲  ̲ ̲ ̲flMixedD_consTwo_10, f̵l̵M̵i̵x̵e̵d̵D̵_̵c̵o̵n̵s̵T̵w̵o̵_̵t̵0̵,̵flMixedD_consTwo_01, flMixedD_consTwo_11, flMixedD_consTwo_t1,
  ̲  ̲ ̲ ̲flMixedD_consTwo_0t, flMixedD_consTwo_1t, flMixedD_consTwo_tt, abs_zero, abs_one, zero_mul,
  ̲  ̲ ̲ ̲mul_zero, one_mul, mul_one, add_zero, zero_add, Finset.sum_const_zero]

Note: This linter can be disabled with `set_option linter.unusedSimpArgs false`
warning: NumStability/Source/Higham/Chapter11/BlockLDLTMixedPivot.lean:701:4: This simp argument is unused:
  flMixedD_consTwo_0t

Hint: Omit it from the simp argument list.
  simp only [sum_fin_add_two, flMixedL_consTwo_10, flMixedL_consTwo_11, flMixedL_consTwo_1t,
      flMixedL_consTwo_t0, flMixedL_consTwo_t1, flMixedL_consTwo_tt, flMixedD_consTwo_00,
  ̲  ̲ ̲ ̲flMixedD_consTwo_10, flMixedD_consTwo_t0, flMixedD_consTwo_01, flMixedD_consTwo_11,
  ̲  ̲ ̲ ̲flMixedD_consTwo_t1, f̵l̵M̵i̵x̵e̵d̵D̵_̵c̵o̵n̵s̵T̵w̵o̵_̵0̵t̵,̵ ̵flMixedD_consTwo_1t, flMixedD_consTwo_tt, abs_zero, abs_one, zero_mul,
  ̲  ̲ ̲ ̲mul_zero, one_mul, mul_one, add_zero, zero_add, Finset.sum_const_zero]

Note: This linter can be disabled with `set_option linter.unusedSimpArgs false`
warning: NumStability/Source/Higham/Chapter11/BlockLDLTMixedPivot.lean:701:25: This simp argument is unused:
  flMixedD_consTwo_1t

Hint: Omit it from the simp argument list.
  simp only [sum_fin_add_two, flMixedL_consTwo_10, flMixedL_consTwo_11, flMixedL_consTwo_1t,
      flMixedL_consTwo_t0, flMixedL_consTwo_t1, flMixedL_consTwo_tt, flMixedD_consTwo_00,
  ̲  ̲ ̲ ̲flMixedD_consTwo_10, flMixedD_consTwo_t0, flMixedD_consTwo_01, flMixedD_consTwo_11,
  ̲  ̲ ̲ ̲flMixedD_consTwo_t1, flMixedD_consTwo_0t, f̵l̵M̵i̵x̵e̵d̵D̵_̵c̵o̵n̵s̵T̵w̵o̵_̵1̵t̵,̵ ̵flMixedD_consTwo_tt, abs_zero, abs_one, zero_mul,
  ̲  ̲ ̲ ̲mul_zero, one_mul, mul_one, add_zero, zero_add, Finset.sum_const_zero]

Note: This linter can be disabled with `set_option linter.unusedSimpArgs false`
warning: NumStability/Source/Higham/Chapter11/BlockLDLTMixedPivot.lean:701:46: This simp argument is unused:
  flMixedD_consTwo_tt

Hint: Omit it from the simp argument list.
  simp only [sum_fin_add_two, flMixedL_consTwo_10, flMixedL_consTwo_11, flMixedL_consTwo_1t,
      flMixedL_consTwo_t0, flMixedL_consTwo_t1, flMixedL_consTwo_tt, flMixedD_consTwo_00,
  ̲  ̲ ̲ ̲flMixedD_consTwo_10, flMixedD_consTwo_t0, flMixedD_consTwo_01, flMixedD_consTwo_11,
  ̲  ̲ ̲ ̲flMixedD_consTwo_t1, flMixedD_consTwo_0t, flMixedD_consTwo_1t, f̵l̵M̵i̵x̵e̵d̵D̵_̵c̵o̵n̵s̵T̵w̵o̵_̵t̵t̵,̵abs_zero, abs_one, zero_mul,
  ̲  ̲ ̲ ̲mul_zero, one_mul, mul_one, add_zero, zero_add, Finset.sum_const_zero]

Note: This linter can be disabled with `set_option linter.unusedSimpArgs false`
warning: NumStability/Source/Higham/Chapter11/BlockLDLTMixedPivot.lean:702:23: This simp argument is unused:
  zero_mul

Hint: Omit it from the simp argument list.
  simp only [sum_fin_add_two, flMixedL_consTwo_10, flMixedL_consTwo_11, flMixedL_consTwo_1t,
      flMixedL_consTwo_t0, flMixedL_consTwo_t1, flMixedL_consTwo_tt, flMixedD_consTwo_00,
  ̲  ̲ ̲ ̲flMixedD_consTwo_10, flMixedD_consTwo_t0, flMixedD_consTwo_01, flMixedD_consTwo_11,
  ̲  ̲ ̲ ̲flMixedD_consTwo_t1, flMixedD_consTwo_0t, flMixedD_consTwo_1t, flMixedD_consTwo_tt, abs_zero,
  ̲  ̲ ̲ ̲abs_one, z̵e̵r̵o̵_̵m̵u̵l̵,̵ ̵mul_zero, one_mul, mul_one, add_zero, zero_add, Finset.sum_const_zero]

Note: This linter can be disabled with `set_option linter.unusedSimpArgs false`
warning: NumStability/Source/Higham/Chapter11/BlockLDLTMixedPivot.lean:702:43: This simp argument is unused:
  one_mul

Hint: Omit it from the simp argument list.
  simp only [sum_fin_add_two, flMixedL_consTwo_10, flMixedL_consTwo_11, flMixedL_consTwo_1t,
      flMixedL_consTwo_t0, flMixedL_consTwo_t1, flMixedL_consTwo_tt, flMixedD_consTwo_00,
  ̲  ̲ ̲ ̲flMixedD_consTwo_10, flMixedD_consTwo_t0, flMixedD_consTwo_01, flMixedD_consTwo_11,
  ̲  ̲ ̲ ̲flMixedD_consTwo_t1, flMixedD_consTwo_0t, flMixedD_consTwo_1t, flMixedD_consTwo_tt, abs_zero,
  ̲  ̲ ̲ ̲abs_one, zero_mul, mul_zero, o̵n̵e̵_̵m̵u̵l̵,̵ ̵mul_one, add_zero, zero_add, Finset.sum_const_zero]

Note: This linter can be disabled with `set_option linter.unusedSimpArgs false`
warning: NumStability/Source/Higham/Chapter11/BlockLDLTMixedPivot.lean:793:41: unused variable `hc0`

Note: This linter can be disabled with `set_option linter.unusedVariables false`
warning: NumStability/Source/Higham/Chapter11/BlockLDLTMixedPivot.lean:859:25: unused variable `hcS0`

Note: This linter can be disabled with `set_option linter.unusedVariables false`
⚠ [3646/4128] Replayed NumStability.Source.Higham.Chapter11.BlockLDLTBunchTridiagonal
warning: NumStability/Source/Higham/Chapter11/BlockLDLTBunchTridiagonal.lean:224:55: This simp argument is unused:
  mul_zero

Hint: Omit it from the simp argument list.
  simp only [Fin.sum_univ_two, h0.1, h0.2, zero_mul, m̵u̵l̵_̵z̵e̵r̵o̵,̵ ̵add_zero, zero_add]

Note: This linter can be disabled with `set_option linter.unusedSimpArgs false`
warning: NumStability/Source/Higham/Chapter11/BlockLDLTBunchTridiagonal.lean:224:75: This simp argument is unused:
  zero_add

Hint: Omit it from the simp argument list.
  simp only [Fin.sum_univ_two, h0.1, h0.2, zero_mul, mul_zero, add_zero,̵ ̵z̵e̵r̵o̵_̵a̵d̵d̵]

Note: This linter can be disabled with `set_option linter.unusedSimpArgs false`
warning: NumStability/Source/Higham/Chapter11/BlockLDLTBunchTridiagonal.lean:226:45: This simp argument is unused:
  zero_mul

Hint: Omit it from the simp argument list.
  simp only [Fin.sum_univ_two, h0.1, h0.2, z̵e̵r̵o̵_̵mul,̵ ̵m̵u̵l̵_zero, add_zero, zero_add]

Note: This linter can be disabled with `set_option linter.unusedSimpArgs false`
warning: NumStability/Source/Higham/Chapter11/BlockLDLTBunchTridiagonal.lean:226:75: This simp argument is unused:
  zero_add

Hint: Omit it from the simp argument list.
  simp only [Fin.sum_univ_two, h0.1, h0.2, zero_mul, mul_zero, add_zero,̵ ̵z̵e̵r̵o̵_̵a̵d̵d̵]

Note: This linter can be disabled with `set_option linter.unusedSimpArgs false`
warning: NumStability/Source/Higham/Chapter11/BlockLDLTBunchTridiagonal.lean:297:45: unused variable `hAmax0`

Note: This linter can be disabled with `set_option linter.unusedVariables false`
warning: NumStability/Source/Higham/Chapter11/BlockLDLTBunchTridiagonal.lean:298:5: unused variable `hc0`

Note: This linter can be disabled with `set_option linter.unusedVariables false`
⚠ [3649/4128] Replayed NumStability.Algorithms.LinearSystems.SymmetricIndefinite.BlockLDLT.BunchTridiagonalGrowthInvariant
warning: NumStability/Algorithms/LinearSystems/SymmetricIndefinite/BlockLDLT/BunchTridiagonalGrowthInvariant.lean:98:14: unused variable `hM0`

Note: This linter can be disabled with `set_option linter.unusedVariables false`
warning: NumStability/Algorithms/LinearSystems/SymmetricIndefinite/BlockLDLT/BunchTridiagonalGrowthInvariant.lean:1206:76: This simp argument is unused:
  Fin.val_zero

Hint: Omit it from the simp argument list.
  simp only [Fin.val_succ,̵ ̵F̵i̵n̵.̵v̵a̵l̵_̵z̵e̵r̵o̵]

Note: This linter can be disabled with `set_option linter.unusedSimpArgs false`
⚠ [3650/4128] Replayed NumStability.Source.Higham.Chapter11.BunchTridiagonalHFactor
warning: NumStability/Source/Higham/Chapter11/BunchTridiagonalHFactor.lean:77:25: This simp argument is unused:
  flMixedD_consTwo_01

Hint: Omit it from the simp argument list.
  simp only [sum_fin_add_two, flMixedL_consTwo_00, flMixedL_consTwo_01, flMixedL_consTwo_0t,
      flMixedD_consTwo_00, f̵l̵M̵i̵x̵e̵d̵D̵_̵c̵o̵n̵s̵T̵w̵o̵_̵0̵1̵,̵ ̵flMixedD_consTwo_0t, abs_zero, abs_one, zero_mul, mul_zero, one_mul,
  ̲  ̲ ̲ ̲mul_one, add_zero, zero_add, Finset.sum_const_zero]

Note: This linter can be disabled with `set_option linter.unusedSimpArgs false`
warning: NumStability/Source/Higham/Chapter11/BunchTridiagonalHFactor.lean:77:46: This simp argument is unused:
  flMixedD_consTwo_0t

Hint: Omit it from the simp argument list.
  simp only [sum_fin_add_two, flMixedL_consTwo_00, flMixedL_consTwo_01, flMixedL_consTwo_0t,
      flMixedD_consTwo_00, flMixedD_consTwo_01, f̵l̵M̵i̵x̵e̵d̵D̵_̵c̵o̵n̵s̵T̵w̵o̵_̵0̵t̵,̵abs_zero, abs_one, zero_mul, mul_zero, one_mul,
  ̲  ̲ ̲ ̲mul_one, add_zero, zero_add, Finset.sum_const_zero]

Note: This linter can be disabled with `set_option linter.unusedSimpArgs false`
warning: NumStability/Source/Higham/Chapter11/BunchTridiagonalHFactor.lean:78:71: This simp argument is unused:
  zero_add

Hint: Omit it from the simp argument list.
  simp only [sum_fin_add_two, flMixedL_consTwo_00, flMixedL_consTwo_01, flMixedL_consTwo_0t,
      flMixedD_consTwo_00, flMixedD_consTwo_01, flMixedD_consTwo_0t, abs_zero, abs_one, zero_mul,
  ̲  ̲ ̲ ̲mul_zero, one_mul, mul_one, add_zero, z̵e̵r̵o̵_̵a̵d̵d̵,̵Finset.sum_const_zero]

Note: This linter can be disabled with `set_option linter.unusedSimpArgs false`
warning: NumStability/Source/Higham/Chapter11/BunchTridiagonalHFactor.lean:88:4: This simp argument is unused:
  flMixedD_consTwo_00

Hint: Omit it from the simp argument list.
  simp only [sum_fin_add_two, flMixedL_consTwo_00, flMixedL_consTwo_01, flMixedL_consTwo_0t,
      flMixedL_consTwo_10, flMixedL_consTwo_11, flMixedL_consTwo_1t,
  ̵  ̵ ̵ ̵flMixedD_consTwo_00̵,̵ ̵f̵l̵M̵i̵x̵e̵d̵D̵_̵c̵o̵n̵s̵T̵w̵o̵_̵0̵1,
  ̲  ̲ ̲ ̲flMixedD_consTwo_0t,
  ̵  ̵ ̵ ̵abs_zero, abs_one, zero_mul, mul_zero, one_mul, mul_one, add_zero,
  ̲  ̲ ̲ ̲zero_add,
  ̵  ̵ ̵ ̵Finset.sum_const_zero]

Note: This linter can be disabled with `set_option linter.unusedSimpArgs false`
warning: NumStability/Source/Higham/Chapter11/BunchTridiagonalHFactor.lean:88:46: This simp argument is unused:
  flMixedD_consTwo_0t

Hint: Omit it from the simp argument list.
  simp only [sum_fin_add_two, flMixedL_consTwo_00, flMixedL_consTwo_01, flMixedL_consTwo_0t,
      flMixedL_consTwo_10, flMixedL_consTwo_11, flMixedL_consTwo_1t,
  ̵  ̵ ̵ ̵flMixedD_consTwo_00,
  ̲  ̲ ̲ ̲flMixedD_consTwo_01, f̵l̵M̵i̵x̵e̵d̵D̵_̵c̵o̵n̵s̵T̵w̵o̵_̵0̵t̵,̵
  ̵ ̵ ̵ ̵ ̵abs_zero, abs_one, zero_mul, mul_zero, one_mul, mul_one, add_zero, ̵z̵e̵r̵o̵_̵a̵d̵d̵,̵
      z̲e̲r̲o̲_̲a̲d̲d̲,̲ ̲Finset.sum_const_zero]

Note: This linter can be disabled with `set_option linter.unusedSimpArgs false`
warning: NumStability/Source/Higham/Chapter11/BunchTridiagonalHFactor.lean:99:25: This simp argument is unused:
  flMixedD_consTwo_11

Hint: Omit it from the simp argument list.
  simp only [sum_fin_add_two, flMixedL_consTwo_00, flMixedL_consTwo_01, flMixedL_consTwo_0t,
      flMixedL_consTwo_10, flMixedL_consTwo_11, flMixedL_consTwo_1t,
  ̵  ̵ ̵ ̵flMixedD_consTwo_10,
  ̲ f̵l̵M̵i̵x̵e̵d̵D̵_̵c̵o̵n̵s̵T̵w̵o̵_̵1̵1̵,̵  ̲ ̲flMixedD_consTwo_1t,
  ̵  ̵ ̵ ̵abs_zero, abs_one, zero_mul, mul_zero, one_mul, mul_one, add_zero,
  ̲  ̲ ̲ ̲zero_add,
  ̵  ̵ ̵ ̵Finset.sum_const_zero]

Note: This linter can be disabled with `set_option linter.unusedSimpArgs false`
warning: NumStability/Source/Higham/Chapter11/BunchTridiagonalHFactor.lean:99:46: This simp argument is unused:
  flMixedD_consTwo_1t

Hint: Omit it from the simp argument list.
  simp only [sum_fin_add_two, flMixedL_consTwo_00, flMixedL_consTwo_01, flMixedL_consTwo_0t,
      flMixedL_consTwo_10, flMixedL_consTwo_11, flMixedL_consTwo_1t,
  ̵  ̵ ̵ ̵flMixedD_consTwo_10,
  ̲ f̵l̵M̵i̵x̵e̵d̵D̵_̵c̵o̵n̵s̵T̵w̵o̵_̵1̵1̵,̵  ̲ ̲flMixedD_consTwo_1t̵1̲,
  ̵  ̵ ̵ ̵abs_zero, abs_one, zero_mul, mul_zero, one_mul, mul_one, add_zero,
  ̲  ̲ ̲ ̲zero_add,
  ̵  ̵ ̵ ̵Finset.sum_const_zero]

Note: This linter can be disabled with `set_option linter.unusedSimpArgs false`
warning: NumStability/Source/Higham/Chapter11/BunchTridiagonalHFactor.lean:109:4: This simp argument is unused:
  flMixedD_consTwo_10

Hint: Omit it from the simp argument list.
  simp only [sum_fin_add_two, flMixedL_consTwo_10, flMixedL_consTwo_11, flMixedL_consTwo_1t,
      f̵l̵M̵i̵x̵e̵d̵D̵_̵c̵o̵n̵s̵T̵w̵o̵_̵1̵0̵,̵ ̵flMixedD_consTwo_11, flMixedD_consTwo_1t, abs_zero, abs_one, zero_mul, mul_zero, one_mul,
  ̲  ̲ ̲ ̲mul_one, add_zero, zero_add, Finset.sum_const_zero]

Note: This linter can be disabled with `set_option linter.unusedSimpArgs false`
warning: NumStability/Source/Higham/Chapter11/BunchTridiagonalHFactor.lean:109:46: This simp argument is unused:
  flMixedD_consTwo_1t

Hint: Omit it from the simp argument list.
  simp only [sum_fin_add_two, flMixedL_consTwo_10, flMixedL_consTwo_11, flMixedL_consTwo_1t,
      flMixedD_consTwo_10, flMixedD_consTwo_11, f̵l̵M̵i̵x̵e̵d̵D̵_̵c̵o̵n̵s̵T̵w̵o̵_̵1̵t̵,̵abs_zero, abs_one, zero_mul, mul_zero, one_mul,
  ̲  ̲ ̲ ̲mul_one, add_zero, zero_add, Finset.sum_const_zero]

Note: This linter can be disabled with `set_option linter.unusedSimpArgs false`
warning: NumStability/Source/Higham/Chapter11/BunchTridiagonalHFactor.lean:123:29: This simp argument is unused:
  flMixedD_consOne_0s

Hint: Omit it from the simp argument list.
  simp only [Fin.sum_univ_succ, flMixedL_consOne_00, flMixedL_consOne_0s,
  ̵  ̵ ̵ ̵ ̵ ̵ ̵ ̵flMixedD_consOne_00̵0̲, ̵f̵l̵M̵i̵x̵e̵d̵D̵_̵c̵o̵n̵s̵O̵n̵e̵_̵0̵s̵,̵
          abs_zero, abs_one, zero_mul, mul_zero, one_mul, mul_one, add_zero, zero_add,
          Finset.sum_const_zero]

Note: This linter can be disabled with `set_option linter.unusedSimpArgs false`
warning: NumStability/Source/Higham/Chapter11/BunchTridiagonalHFactor.lean:124:75: This simp argument is unused:
  zero_add

Hint: Omit it from the simp argument list.
  simp only [Fin.sum_univ_succ, flMixedL_consOne_00, flMixedL_consOne_0s,
  ̵  ̵ ̵ ̵ ̵ ̵ ̵ ̵flMixedD_consOne_00,
  ̲  ̲ ̲ ̲ ̲ ̲ ̲ ̲flMixedD_consOne_0s,
  ̵  ̵ ̵ ̵ ̵ ̵ ̵ ̵abs_zero, abs_one, zero_mul, mul_zero, one_mul, mul_one, add_zero, ̵z̵e̵r̵o̵_̵a̵d̵d̵,̵
          Finset.sum_const_zero]

Note: This linter can be disabled with `set_option linter.unusedSimpArgs false`
⚠ [3651/4128] Replayed NumStability.Source.Higham.Chapter11.BlockLDLTSolveBackward
warning: NumStability/Source/Higham/Chapter11/BlockLDLTSolveBackward.lean:829:45: unused variable `hAmax0`

Note: This linter can be disabled with `set_option linter.unusedVariables false`
warning: NumStability/Source/Higham/Chapter11/BlockLDLTSolveBackward.lean:829:65: unused variable `hc0`

Note: This linter can be disabled with `set_option linter.unusedVariables false`
⚠ [3678/4128] Replayed NumStability.Source.Higham.Chapter16.Spectrum.Results
warning: NumStability/Source/Higham/Chapter16/Spectrum/Results.lean:9897:21: try 'simp' instead of 'simpa'

Note: This linter can be disabled with `set_option linter.unnecessarySimpa false`
warning: NumStability/Source/Higham/Chapter16/Spectrum/Results.lean:10090:21: try 'simp' instead of 'simpa'

Note: This linter can be disabled with `set_option linter.unnecessarySimpa false`
⚠ [3681/4128] Replayed NumStability.Algorithms.LinearSystems.SymmetricIndefinite.BlockLDLT.BunchTridiagonalSparseSolve
warning: NumStability/Algorithms/LinearSystems/SymmetricIndefinite/BlockLDLT/BunchTridiagonalSparseSolve.lean:135:17: This simp argument is unused:
  Fin.mk.injEq

Hint: Omit it from the simp argument list.
  simp only ̵[̵F̵i̵n̵.̵m̵k̵.̵i̵n̵j̵E̵q̵]̵

Note: This linter can be disabled with `set_option linter.unusedSimpArgs false`
warning: NumStability/Algorithms/LinearSystems/SymmetricIndefinite/BlockLDLT/BunchTridiagonalSparseSolve.lean:157:19: This simp argument is unused:
  Fin.mk.injEq

Hint: Omit it from the simp argument list.
  simp only ̵[̵F̵i̵n̵.̵m̵k̵.̵i̵n̵j̵E̵q̵]̵

Note: This linter can be disabled with `set_option linter.unusedSimpArgs false`
⚠ [3686/4128] Replayed NumStability.Source.Higham.Chapter21.Equation07.UnderdeterminedSolve
warning: NumStability/Source/Higham/Chapter21/Equation07/UnderdeterminedSolve.lean:1252:20: unused variable `hrho`

Note: This linter can be disabled with `set_option linter.unusedVariables false`
warning: NumStability/Source/Higham/Chapter21/Equation07/UnderdeterminedSolve.lean:1337:43: unused variable `hbeta`

Note: This linter can be disabled with `set_option linter.unusedVariables false`
⚠ [3689/4128] Replayed NumStability.Source.Higham.Chapter21.Theorem03.NormwiseBackwardError.UnderdeterminedSolve
warning: NumStability/Source/Higham/Chapter21/Theorem03/NormwiseBackwardError/UnderdeterminedSolve.lean:10294:34: 'ring' tactic does nothing

Note: This linter can be disabled with `set_option linter.unusedTactic false`
warning: NumStability/Source/Higham/Chapter21/Theorem03/NormwiseBackwardError/UnderdeterminedSolve.lean:10294:34: this tactic is never executed

Note: This linter can be disabled with `set_option linter.unreachableTactic false`
warning: NumStability/Source/Higham/Chapter21/Theorem03/NormwiseBackwardError/UnderdeterminedSolve.lean:10327:17: Used `tac1 <;> tac2` where `(tac1; tac2)` would suffice

Note: This linter can be disabled with `set_option linter.unnecessarySeqFocus false`
warning: NumStability/Source/Higham/Chapter21/Theorem03/NormwiseBackwardError/UnderdeterminedSolve.lean:10642:51: Used `tac1 <;> tac2` where `(tac1; tac2)` would suffice

Note: This linter can be disabled with `set_option linter.unnecessarySeqFocus false`
warning: NumStability/Source/Higham/Chapter21/Theorem03/NormwiseBackwardError/UnderdeterminedSolve.lean:10832:13: This simp argument is unused:
  undetApproxComplementProjector

Hint: Omit it from the simp argument list.
  simp only [̵u̵n̵d̵e̵t̵A̵p̵p̵r̵o̵x̵C̵o̵m̵p̵l̵e̵m̵e̵n̵t̵P̵r̵o̵j̵e̵c̵t̵o̵r̵]̵ ̵at happly

Note: This linter can be disabled with `set_option linter.unusedSimpArgs false`
warning: NumStability/Source/Higham/Chapter21/Theorem03/NormwiseBackwardError/UnderdeterminedSolve.lean:10882:21: Used `tac1 <;> tac2` where `(tac1; tac2)` would suffice

Note: This linter can be disabled with `set_option linter.unnecessarySeqFocus false`
warning: NumStability/Source/Higham/Chapter21/Theorem03/NormwiseBackwardError/UnderdeterminedSolve.lean:10996:32: unused variable `htheta`

Note: This linter can be disabled with `set_option linter.unusedVariables false`
warning: NumStability/Source/Higham/Chapter21/Theorem03/NormwiseBackwardError/UnderdeterminedSolve.lean:11088:22: Used `tac1 <;> tac2` where `(tac1; tac2)` would suffice

Note: This linter can be disabled with `set_option linter.unnecessarySeqFocus false`
⚠ [3695/4128] Replayed NumStability.Algorithms.LinearSystems.Underdetermined.Perturbation.Radius.Core
warning: NumStability/Algorithms/LinearSystems/Underdetermined/Perturbation/Radius/Core.lean:357:4: try 'simp' instead of 'simpa'

Note: This linter can be disabled with `set_option linter.unnecessarySimpa false`
⚠ [3701/4128] Replayed NumStability.Source.Higham.Chapter21.Theorem04.GivensQMethod.RoundedReplay
warning: NumStability/Source/Higham/Chapter21/Theorem04/GivensQMethod/RoundedReplay.lean:183:8: unused variable `y1`

Note: This linter can be disabled with `set_option linter.unusedVariables false`
⚠ [3720/4128] Replayed NumStability.Source.Higham.Chapter21.Theorem04.SeminormalEquations.ActualOutput
warning: NumStability/Source/Higham/Chapter21/Theorem04/SeminormalEquations/ActualOutput.lean:267:56: Used `tac1 <;> tac2` where `(tac1; tac2)` would suffice

Note: This linter can be disabled with `set_option linter.unnecessarySeqFocus false`
⚠ [3784/4128] Replayed NumStability.Algorithms.MatrixEquations.Sylvester.Solvers.QuasiTriangularBartelsStewart.SmallSystemRounding
warning: NumStability/Algorithms/MatrixEquations/Sylvester/Solvers/QuasiTriangularBartelsStewart/SmallSystemRounding.lean:2058:5: unused variable `ho`

Note: This linter can be disabled with `set_option linter.unusedVariables false`
warning: NumStability/Algorithms/MatrixEquations/Sylvester/Solvers/QuasiTriangularBartelsStewart/SmallSystemRounding.lean:2158:24: unused variable `h2`

Note: This linter can be disabled with `set_option linter.unusedVariables false`
warning: NumStability/Algorithms/MatrixEquations/Sylvester/Solvers/QuasiTriangularBartelsStewart/SmallSystemRounding.lean:2164:24: unused variable `h2`

Note: This linter can be disabled with `set_option linter.unusedVariables false`
⚠ [3831/4128] Replayed NumStability.Algorithms.NormEstimation.PNorm.Duality.PNormGeneral
warning: NumStability/Algorithms/NormEstimation/PNorm/Duality/PNormGeneral.lean:122:39: This simp argument is unused:
  NNReal.coe_nonneg

Hint: Omit it from the simp argument list.
  simp [d, abs_mul, abs_signVec,̵ ̵N̵N̵R̵e̵a̵l̵.̵c̵o̵e̵_̵n̵o̵n̵n̵e̵g̵]

Note: This linter can be disabled with `set_option linter.unusedSimpArgs false`
⚠ [3832/4128] Replayed NumStability.Algorithms.NormEstimation.PNorm.Boyd.Differentiation.PNormGeneral
warning: NumStability/Algorithms/NormEstimation/PNorm/Boyd/Differentiation/PNormGeneral.lean:91:45: 'ring' tactic does nothing

Note: This linter can be disabled with `set_option linter.unusedTactic false`
warning: NumStability/Algorithms/NormEstimation/PNorm/Boyd/Differentiation/PNormGeneral.lean:91:45: this tactic is never executed

Note: This linter can be disabled with `set_option linter.unreachableTactic false`
warning: NumStability/Algorithms/NormEstimation/PNorm/Boyd/Differentiation/PNormGeneral.lean:118:2: Used `tac1 <;> tac2` where `(tac1; tac2)` would suffice

Note: This linter can be disabled with `set_option linter.unnecessarySeqFocus false`
warning: NumStability/Algorithms/NormEstimation/PNorm/Boyd/Differentiation/PNormGeneral.lean:119:2: Used `tac1 <;> tac2` where `(tac1; tac2)` would suffice

Note: This linter can be disabled with `set_option linter.unnecessarySeqFocus false`
⚠ [3837/4128] Replayed NumStability.Algorithms.NormEstimation.PNorm.Boyd.Scalar.BoydLocal
warning: NumStability/Algorithms/NormEstimation/PNorm/Boyd/Scalar/BoydLocal.lean:188:40: Used `tac1 <;> tac2` where `(tac1; tac2)` would suffice

Note: This linter can be disabled with `set_option linter.unnecessarySeqFocus false`
warning: NumStability/Algorithms/NormEstimation/PNorm/Boyd/Scalar/BoydLocal.lean:211:36: Used `tac1 <;> tac2` where `(tac1; tac2)` would suffice

Note: This linter can be disabled with `set_option linter.unnecessarySeqFocus false`
⚠ [3840/4128] Replayed NumStability.Algorithms.NormEstimation.PNorm.Boyd.Differentiation.BoydLocal
info: NumStability/Algorithms/NormEstimation/PNorm/Boyd/Differentiation/BoydLocal.lean:172:2: Try this:
  [apply] ring_nf
  
  The `ring` tactic failed to close the goal. Use `ring_nf` to obtain a normal form.
    
  Note that `ring` works primarily in *commutative* rings. If you have a noncommutative ring, abelian group or module, consider using `noncomm_ring`, `abel` or `module` instead.
warning: NumStability/Algorithms/NormEstimation/PNorm/Boyd/Differentiation/BoydLocal.lean:410:38: Used `tac1 <;> tac2` where `(tac1; tac2)` would suffice

Note: This linter can be disabled with `set_option linter.unnecessarySeqFocus false`
ℹ [3842/4128] Replayed NumStability.Algorithms.NormEstimation.PNorm.Boyd.Differentiation.BoydDomain
info: NumStability/Algorithms/NormEstimation/PNorm/Boyd/Differentiation/BoydDomain.lean:142:2: Try this:
  [apply] ring_nf
  
  The `ring` tactic failed to close the goal. Use `ring_nf` to obtain a normal form.
    
  Note that `ring` works primarily in *commutative* rings. If you have a noncommutative ring, abelian group or module, consider using `noncomm_ring`, `abel` or `module` instead.
⚠ [3851/4128] Replayed NumStability.Algorithms.NormEstimation.PNorm.Boyd.LocalStability.BoydConcrete
warning: NumStability/Algorithms/NormEstimation/PNorm/Boyd/LocalStability/BoydConcrete.lean:127:31: This simp argument is unused:
  mul_left_comm

Hint: Omit it from the simp argument list.
  simp [mul_assoc, mul_comm,̵ ̵m̵u̵l̵_̵l̵e̵f̵t̵_̵c̵o̵m̵m̵]

Note: This linter can be disabled with `set_option linter.unusedSimpArgs false`
ℹ [3853/4128] Replayed NumStability.Algorithms.NormEstimation.PNorm.Boyd.RowwiseDomain.Basic
info: NumStability/Algorithms/NormEstimation/PNorm/Boyd/RowwiseDomain/Basic.lean:242:2: Try this:
  [apply] ring_nf
  
  The `ring` tactic failed to close the goal. Use `ring_nf` to obtain a normal form.
    
  Note that `ring` works primarily in *commutative* rings. If you have a noncommutative ring, abelian group or module, consider using `noncomm_ring`, `abel` or `module` instead.
⚠ [3866/4128] Replayed NumStability.Algorithms.NormEstimation.PNorm.PowerMethod.PNormGeneral
warning: NumStability/Algorithms/NormEstimation/PNorm/PowerMethod/PNormGeneral.lean:84:16: unused variable `x`

Note: This linter can be disabled with `set_option linter.unusedVariables false`
warning: NumStability/Algorithms/NormEstimation/PNorm/PowerMethod/PNormGeneral.lean:85:22: unused variable `x`

Note: This linter can be disabled with `set_option linter.unusedVariables false`
⚠ [4109/4738] Replayed NumStability.Analysis.TestMatrices.Orthogonal.OrthogonalSphere
warning: NumStability/Analysis/TestMatrices/Orthogonal/OrthogonalSphere.lean:101:8: try 'simp' instead of 'simpa'

Note: This linter can be disabled with `set_option linter.unnecessarySimpa false`
⚠ [4110/4738] Replayed NumStability.Analysis.TestMatrices.Gaussian.GaussianDirection
warning: NumStability/Analysis/TestMatrices/Gaussian/GaussianDirection.lean:35:4: try 'simp' instead of 'simpa'

Note: This linter can be disabled with `set_option linter.unnecessarySimpa false`
⚠ [4113/4738] Replayed NumStability.Algorithms.NormEstimation.TwoNorm.Dixon.Algebra.DixonCompletion
warning: NumStability/Algorithms/NormEstimation/TwoNorm/Dixon/Algebra/DixonCompletion.lean:85:15: `Matrix.PosSemidef.commute_iff` has been deprecated: Use `commute_iff_mul_nonneg` instead

Note: The updated constant has a different type:
  ∀ {A : Type u_1} [inst : NonUnitalRing A] [inst_1 : PartialOrder A] [inst_2 : StarRing A] [StarOrderedRing A]
    [inst_4 : TopologicalSpace A] [inst_5 : Module ℝ A] [inst_6 : IsScalarTower ℝ A A] [inst_7 : SMulCommClass ℝ A A]
    [NonUnitalContinuousFunctionalCalculus ℝ A IsSelfAdjoint] [NonnegSpectrumClass ℝ A] {a b : A},
    0 ≤ a → 0 ≤ b → (Commute a b ↔ 0 ≤ a * b)
instead of
  ∀ {𝕜 : Type u_1} {n : Type u_2} [inst : RCLike 𝕜] [inst_1 : Fintype n] {A B : Matrix n n 𝕜},
    A.PosSemidef → B.PosSemidef → (Commute A B ↔ (A * B).PosSemidef)

Note: The updated constant is in a different namespace. Dot notation may need to be changed (e.g., from `x.commute_iff` to `commute_iff_mul_nonneg x`).
⚠ [4114/4738] Replayed NumStability.Algorithms.NormEstimation.TwoNorm.Dixon.Probability.DixonProbability
warning: NumStability/Algorithms/NormEstimation/TwoNorm/Dixon/Probability/DixonProbability.lean:81:12: This simp argument is unused:
  Real.volume_Icc

Hint: Omit it from the simp argument list.
  simp [R̵e̵a̵l̵.̵v̵o̵l̵u̵m̵e̵_̵I̵c̵c̵,̵ ̵ha]

Note: This linter can be disabled with `set_option linter.unusedSimpArgs false`
warning: NumStability/Algorithms/NormEstimation/TwoNorm/Dixon/Probability/DixonProbability.lean:326:35: unused variable `hδ1`

Note: This linter can be disabled with `set_option linter.unusedVariables false`
warning: NumStability/Algorithms/NormEstimation/TwoNorm/Dixon/Probability/DixonProbability.lean:332:10: This simp argument is unused:
  hδ0

Hint: Omit it from the simp argument list.
  simp ̵[̵h̵δ̵0̵]̵

Note: This linter can be disabled with `set_option linter.unusedSimpArgs false`
warning: NumStability/Algorithms/NormEstimation/TwoNorm/Dixon/Probability/DixonProbability.lean:335:36: 'norm_num' tactic does nothing

Note: This linter can be disabled with `set_option linter.unusedTactic false`
warning: NumStability/Algorithms/NormEstimation/TwoNorm/Dixon/Probability/DixonProbability.lean:432:28: This simp argument is unused:
  real_inner_self_eq_norm_mul_norm

Hint: Omit it from the simp argument list.
  simp ̵[̵r̵e̵a̵l̵_̵i̵n̵n̵e̵r̵_̵s̵e̵l̵f̵_̵e̵q̵_̵n̵o̵r̵m̵_̵m̵u̵l̵_̵n̵o̵r̵m̵]̵

Note: This linter can be disabled with `set_option linter.unusedSimpArgs false`
warning: NumStability/Algorithms/NormEstimation/TwoNorm/Dixon/Probability/DixonProbability.lean:438:10: This simp argument is unused:
  Pi.single_apply

Hint: Omit it from the simp argument list.
  simp ̵[̵P̵i̵.̵s̵i̵n̵g̵l̵e̵_̵a̵p̵p̵l̵y̵]̵

Note: This linter can be disabled with `set_option linter.unusedSimpArgs false`
warning: NumStability/Algorithms/NormEstimation/TwoNorm/Dixon/Probability/DixonProbability.lean:441:10: This simp argument is unused:
  Pi.single_apply

Hint: Omit it from the simp argument list.
  simp [P̵i̵.̵s̵i̵n̵g̵l̵e̵_̵a̵p̵p̵l̵y̵,̵ ̵hj0]

Note: This linter can be disabled with `set_option linter.unusedSimpArgs false`
⚠ [4116/4738] Replayed NumStability.Algorithms.NormEstimation.TwoNorm.Dixon.PowerBounds.DixonCompletion
warning: NumStability/Algorithms/NormEstimation/TwoNorm/Dixon/PowerBounds/DixonCompletion.lean:205:4: try 'simp' instead of 'simpa'

Note: This linter can be disabled with `set_option linter.unnecessarySimpa false`
⚠ [4136/4738] Replayed NumStability.Source.Higham.Chapter16.Problem02.Results.Core
warning: NumStability/Source/Higham/Chapter16/Problem02/Results/Core.lean:256:6: Try `simp at hii` instead of `simpa using hii`

Note: This linter can be disabled with `set_option linter.unnecessarySimpa false`
warning: NumStability/Source/Higham/Chapter16/Problem02/Results/Core.lean:368:38: Used `tac1 <;> tac2` where `(tac1; tac2)` would suffice

Note: This linter can be disabled with `set_option linter.unnecessarySeqFocus false`
warning: NumStability/Source/Higham/Chapter16/Problem02/Results/Core.lean:398:6: Try `simp at hii` instead of `simpa using hii`

Note: This linter can be disabled with `set_option linter.unnecessarySimpa false`
info: NumStability/Source/Higham/Chapter16/Problem02/Results/Core.lean:459:6: Try this:
  [apply] ring_nf
  
  The `ring` tactic failed to close the goal. Use `ring_nf` to obtain a normal form.
    
  Note that `ring` works primarily in *commutative* rings. If you have a noncommutative ring, abelian group or module, consider using `noncomm_ring`, `abel` or `module` instead.
info: NumStability/Source/Higham/Chapter16/Problem02/Results/Core.lean:508:6: Try this:
  [apply] ring_nf
  
  The `ring` tactic failed to close the goal. Use `ring_nf` to obtain a normal form.
    
  Note that `ring` works primarily in *commutative* rings. If you have a noncommutative ring, abelian group or module, consider using `noncomm_ring`, `abel` or `module` instead.
warning: NumStability/Source/Higham/Chapter16/Problem02/Results/Core.lean:464:20: unused variable `hKB`

Note: This linter can be disabled with `set_option linter.unusedVariables false`
warning: NumStability/Source/Higham/Chapter16/Problem02/Results/Core.lean:803:6: Try `simp at hii` instead of `simpa using hii`

Note: This linter can be disabled with `set_option linter.unnecessarySimpa false`
warning: NumStability/Source/Higham/Chapter16/Problem02/Results/Core.lean:805:4: Try `simp at hpos` instead of `simpa using hpos`

Note: This linter can be disabled with `set_option linter.unnecessarySimpa false`
warning: NumStability/Source/Higham/Chapter16/Problem02/Results/Core.lean:813:6: Try `simp at hii` instead of `simpa using hii`

Note: This linter can be disabled with `set_option linter.unnecessarySimpa false`
⚠ [4230/4738] Replayed NumStability.Analysis.LinearOperators.MatrixPowers.BaiDemmelGu.DistanceToInstability
warning: NumStability/Analysis/LinearOperators/MatrixPowers/BaiDemmelGu/DistanceToInstability.lean:49:4: try 'simp' instead of 'simpa'

Note: This linter can be disabled with `set_option linter.unnecessarySimpa false`
warning: NumStability/Analysis/LinearOperators/MatrixPowers/BaiDemmelGu/DistanceToInstability.lean:59:11: unused variable `x`

Note: This linter can be disabled with `set_option linter.unusedVariables false`
warning: NumStability/Analysis/LinearOperators/MatrixPowers/BaiDemmelGu/DistanceToInstability.lean:60:12: unused variable `x`

Note: This linter can be disabled with `set_option linter.unusedVariables false`
warning: NumStability/Analysis/LinearOperators/MatrixPowers/BaiDemmelGu/DistanceToInstability.lean:61:11: unused variable `x`

Note: This linter can be disabled with `set_option linter.unusedVariables false`
warning: NumStability/Analysis/LinearOperators/MatrixPowers/BaiDemmelGu/DistanceToInstability.lean:61:13: unused variable `y`

Note: This linter can be disabled with `set_option linter.unusedVariables false`
warning: NumStability/Analysis/LinearOperators/MatrixPowers/BaiDemmelGu/DistanceToInstability.lean:62:12: unused variable `c`

Note: This linter can be disabled with `set_option linter.unusedVariables false`
warning: NumStability/Analysis/LinearOperators/MatrixPowers/BaiDemmelGu/DistanceToInstability.lean:62:14: unused variable `x`

Note: This linter can be disabled with `set_option linter.unusedVariables false`
warning: NumStability/Analysis/LinearOperators/MatrixPowers/BaiDemmelGu/DistanceToInstability.lean:142:31: This simp argument is unused:
  map_sum

Hint: Omit it from the simp argument list.
  simp [complexMatrixEuclideanLin, complexConjMatrix, Matrix.toLpLin_apply,
  ̵  ̵ ̵ ̵Matrix.mulVec,
  ̲  ̲ ̲ ̲dotProduct, map_s̵u̵m,̵ ̵m̵a̵p̵_̵m̵ul]

Note: This linter can be disabled with `set_option linter.unusedSimpArgs false`
warning: NumStability/Analysis/LinearOperators/MatrixPowers/BaiDemmelGu/DistanceToInstability.lean:142:40: This simp argument is unused:
  map_mul

Hint: Omit it from the simp argument list.
  simp [complexMatrixEuclideanLin, complexConjMatrix, Matrix.toLpLin_apply,
  ̵  ̵ ̵ ̵Matrix.mulVec,
  ̲  ̲ ̲ ̲dotProduct, map_sum,̵ ̵m̵a̵p̵_̵m̵u̵l̵]

Note: This linter can be disabled with `set_option linter.unusedSimpArgs false`
warning: NumStability/Analysis/LinearOperators/MatrixPowers/BaiDemmelGu/DistanceToInstability.lean:320:22: try 'simp' instead of 'simpa'

Note: This linter can be disabled with `set_option linter.unnecessarySimpa false`
warning: NumStability/Analysis/LinearOperators/MatrixPowers/BaiDemmelGu/DistanceToInstability.lean:406:13: This simp argument is unused:
  Finset.sum_ite_irrel

Hint: Omit it from the simp argument list.
  simp [complexMatrixVecMul, complexShiftMatrix, Finset.sum_sub_distrib, sub_mul, F̵i̵n̵s̵e̵t̵.̵s̵u̵m̵_̵i̵t̵e̵_̵i̵r̵r̵e̵l̵,̵ ̵Finset.filter_eq']

Note: This linter can be disabled with `set_option linter.unusedSimpArgs false`
warning: NumStability/Analysis/LinearOperators/MatrixPowers/BaiDemmelGu/DistanceToInstability.lean:406:35: This simp argument is unused:
  Finset.filter_eq'

Hint: Omit it from the simp argument list.
  simp [complexMatrixVecMul, complexShiftMatrix, Finset.sum_sub_distrib, sub_mul,
  ̲  ̲ ̲ ̲F̵i̵n̵s̵e̵t̵.̵s̵u̵m̵_̵i̵t̵e̵_̵i̵r̵r̵e̵l̵,̵ ̵F̵i̵n̵s̵e̵t̵.̵f̵i̵l̵t̵e̵r̵_̵e̵q̵'̵]̵F̲i̲n̲s̲e̲t̲.̲s̲u̲m̲_̲i̲t̲e̲_̲i̲r̲r̲e̲l̲]̲

Note: This linter can be disabled with `set_option linter.unusedSimpArgs false`
⚠ [4239/4738] Replayed NumStability.Analysis.LinearOperators.MatrixPowers.Spijker.PlanarAlgebra
warning: NumStability/Analysis/LinearOperators/MatrixPowers/Spijker/PlanarAlgebra.lean:58:78: Used `tac1 <;> tac2` where `(tac1; tac2)` would suffice

Note: This linter can be disabled with `set_option linter.unnecessarySeqFocus false`
⚠ [4256/4738] Replayed NumStability.Analysis.LinearOperators.MatrixPowers.Spijker.PlanarCrossingBounds.Polynomial
warning: NumStability/Analysis/LinearOperators/MatrixPowers/Spijker/PlanarCrossingBounds/Polynomial.lean:258:6: 'push_cast' tactic does nothing

Note: This linter can be disabled with `set_option linter.unusedTactic false`
ℹ [4280/4738] Replayed NumStability.Analysis.Perturbation.LeastSquares.Absorption
info: NumStability/Analysis/Perturbation/LeastSquares/Absorption.lean:177:4: Try this:
  [apply] ring_nf
  
  The `ring` tactic failed to close the goal. Use `ring_nf` to obtain a normal form.
    
  Note that `ring` works primarily in *commutative* rings. If you have a noncommutative ring, abelian group or module, consider using `noncomm_ring`, `abel` or `module` instead.
⚠ [4284/4738] Replayed NumStability.Source.Higham.Chapter21.Equation08.EquationClosure
warning: NumStability/Source/Higham/Chapter21/Equation08/EquationClosure.lean:656:38: 'ring' tactic does nothing

Note: This linter can be disabled with `set_option linter.unusedTactic false`
warning: NumStability/Source/Higham/Chapter21/Equation08/EquationClosure.lean:656:38: this tactic is never executed

Note: This linter can be disabled with `set_option linter.unreachableTactic false`
⚠ [4288/4738] Replayed NumStability.Source.Higham.Chapter21.Equation09.Results.Core
warning: NumStability/Source/Higham/Chapter21/Equation09/Results/Core.lean:606:43: Used `tac1 <;> tac2` where `(tac1; tac2)` would suffice

Note: This linter can be disabled with `set_option linter.unnecessarySeqFocus false`
warning: NumStability/Source/Higham/Chapter21/Equation09/Results/Core.lean:772:10: 'ring' tactic does nothing

Note: This linter can be disabled with `set_option linter.unusedTactic false`
warning: NumStability/Source/Higham/Chapter21/Equation09/Results/Core.lean:772:10: this tactic is never executed

Note: This linter can be disabled with `set_option linter.unreachableTactic false`
⚠ [4347/4738] Replayed NumStability.Source.Higham.Chapter04.Equation08.FiniteFamily
warning: NumStability/Source/Higham/Chapter04/Equation08/FiniteFamily.lean:192:62: This simp argument is unused:
  if_false

Hint: Omit it from the simp argument list.
  simp only [highamCh4KahanFiniteFamilyFormat,
  ̵  ̵ ̵ ̵FloatingPointFormat.signValue,
  ̲  ̲ ̲ ̲FloatingPointFormat.betaR, i̵f̵_̵f̵a̵l̵s̵e̵,̵
  ̵ ̵ ̵ ̵ ̵one_mul, hexp, zpow_neg]

Note: This linter can be disabled with `set_option linter.unusedSimpArgs false`
warning: NumStability/Source/Higham/Chapter04/Equation08/FiniteFamily.lean:193:4: This simp argument is unused:
  one_mul

Hint: Omit it from the simp argument list.
  simp only [highamCh4KahanFiniteFamilyFormat,
  ̵  ̵ ̵ ̵FloatingPointFormat.signValue,
  ̲  ̲ ̲ ̲FloatingPointFormat.betaR, if_false,
  ̵  ̵ ̵ ̵o̵n̵e̵_̵m̵u̵l̵,̵ ̵hexp, zpow_neg]

Note: This linter can be disabled with `set_option linter.unusedSimpArgs false`
warning: NumStability/Source/Higham/Chapter04/Equation08/FiniteFamily.lean:217:62: This simp argument is unused:
  hexp

Hint: Omit it from the simp argument list.
  simp [highamCh4KahanFiniteFamilyFormat,
  ̵  ̵ ̵ ̵FloatingPointFormat.signValue, FloatingPointFormat.betaR,̵ ̵h̵e̵x̵p̵]

Note: This linter can be disabled with `set_option linter.unusedSimpArgs false`
warning: NumStability/Source/Higham/Chapter04/Equation08/FiniteFamily.lean:227:62: This simp argument is unused:
  hexp

Hint: Omit it from the simp argument list.
  simp [highamCh4KahanFiniteFamilyFormat,
  ̵  ̵ ̵ ̵FloatingPointFormat.signValue, FloatingPointFormat.betaR,̵ ̵h̵e̵x̵p̵]

Note: This linter can be disabled with `set_option linter.unusedSimpArgs false`
warning: NumStability/Source/Higham/Chapter04/Equation08/FiniteFamily.lean:237:62: This simp argument is unused:
  hexp

Hint: Omit it from the simp argument list.
  simp [highamCh4KahanFiniteFamilyFormat,
  ̵  ̵ ̵ ̵FloatingPointFormat.signValue, FloatingPointFormat.betaR,̵ ̵h̵e̵x̵p̵]

Note: This linter can be disabled with `set_option linter.unusedSimpArgs false`
warning: NumStability/Source/Higham/Chapter04/Equation08/FiniteFamily.lean:461:86: Used `tac1 <;> tac2` where `(tac1; tac2)` would suffice

Note: This linter can be disabled with `set_option linter.unnecessarySeqFocus false`
warning: NumStability/Source/Higham/Chapter04/Equation08/FiniteFamily.lean:463:86: Used `tac1 <;> tac2` where `(tac1; tac2)` would suffice

Note: This linter can be disabled with `set_option linter.unnecessarySeqFocus false`
warning: NumStability/Source/Higham/Chapter04/Equation08/FiniteFamily.lean:492:44: This simp argument is unused:
  Nat.add_mod

Hint: Omit it from the simp argument list.
  simp [FloatingPointFormat.evenMantissa, N̵a̵t̵.̵a̵d̵d̵_̵m̵o̵d̵,̵ ̵Nat.mul_mod]

Note: This linter can be disabled with `set_option linter.unusedSimpArgs false`
warning: NumStability/Source/Higham/Chapter04/Equation08/FiniteFamily.lean:484:86: Used `tac1 <;> tac2` where `(tac1; tac2)` would suffice

Note: This linter can be disabled with `set_option linter.unnecessarySeqFocus false`
warning: NumStability/Source/Higham/Chapter04/Equation08/FiniteFamily.lean:486:86: Used `tac1 <;> tac2` where `(tac1; tac2)` would suffice

Note: This linter can be disabled with `set_option linter.unnecessarySeqFocus false`
warning: NumStability/Source/Higham/Chapter04/Equation08/FiniteFamily.lean:505:71: 'omega' tactic does nothing

Note: This linter can be disabled with `set_option linter.unusedTactic false`
warning: NumStability/Source/Higham/Chapter04/Equation08/FiniteFamily.lean:505:71: this tactic is never executed

Note: This linter can be disabled with `set_option linter.unreachableTactic false`
warning: NumStability/Source/Higham/Chapter04/Equation08/FiniteFamily.lean:509:86: Used `tac1 <;> tac2` where `(tac1; tac2)` would suffice

Note: This linter can be disabled with `set_option linter.unnecessarySeqFocus false`
warning: NumStability/Source/Higham/Chapter04/Equation08/FiniteFamily.lean:534:86: Used `tac1 <;> tac2` where `(tac1; tac2)` would suffice

Note: This linter can be disabled with `set_option linter.unnecessarySeqFocus false`
warning: NumStability/Source/Higham/Chapter04/Equation08/FiniteFamily.lean:536:86: Used `tac1 <;> tac2` where `(tac1; tac2)` would suffice

Note: This linter can be disabled with `set_option linter.unnecessarySeqFocus false`
warning: NumStability/Source/Higham/Chapter04/Equation08/FiniteFamily.lean:566:44: This simp argument is unused:
  Nat.add_mod

Hint: Omit it from the simp argument list.
  simp [FloatingPointFormat.evenMantissa, N̵a̵t̵.̵a̵d̵d̵_̵m̵o̵d̵,̵ ̵Nat.mul_mod]

Note: This linter can be disabled with `set_option linter.unusedSimpArgs false`
warning: NumStability/Source/Higham/Chapter04/Equation08/FiniteFamily.lean:558:86: Used `tac1 <;> tac2` where `(tac1; tac2)` would suffice

Note: This linter can be disabled with `set_option linter.unnecessarySeqFocus false`
warning: NumStability/Source/Higham/Chapter04/Equation08/FiniteFamily.lean:560:86: Used `tac1 <;> tac2` where `(tac1; tac2)` would suffice

Note: This linter can be disabled with `set_option linter.unnecessarySeqFocus false`
warning: NumStability/Source/Higham/Chapter04/Equation08/FiniteFamily.lean:774:27: This simp argument is unused:
  p

Hint: Omit it from the simp argument list.
  simp [BasicOp.exact, p̵,̵
  ̵ ̵ ̵ ̵ ̵ ̵ ̵ ̵ ̵highamCh4KahanReturnedCounterexampleX2]

Note: This linter can be disabled with `set_option linter.unusedSimpArgs false`
warning: NumStability/Source/Higham/Chapter04/Equation08/FiniteFamily.lean:807:27: This simp argument is unused:
  p

Hint: Omit it from the simp argument list.
  simp [BasicOp.exact, p̵,̵
  ̵ ̵ ̵ ̵ ̵ ̵ ̵ ̵ ̵highamCh4KahanReturnedCounterexampleY3]

Note: This linter can be disabled with `set_option linter.unusedSimpArgs false`
warning: NumStability/Source/Higham/Chapter04/Equation08/FiniteFamily.lean:763:18: 'simp [Nat.rawCast]' tactic does nothing

Note: This linter can be disabled with `set_option linter.unusedTactic false`
warning: NumStability/Source/Higham/Chapter04/Equation08/FiniteFamily.lean:763:41: 'rfl' tactic does nothing

Note: This linter can be disabled with `set_option linter.unusedTactic false`
warning: NumStability/Source/Higham/Chapter04/Equation08/FiniteFamily.lean:785:18: 'simp [Nat.rawCast]' tactic does nothing

Note: This linter can be disabled with `set_option linter.unusedTactic false`
warning: NumStability/Source/Higham/Chapter04/Equation08/FiniteFamily.lean:785:41: 'rfl' tactic does nothing

Note: This linter can be disabled with `set_option linter.unusedTactic false`
warning: NumStability/Source/Higham/Chapter04/Equation08/FiniteFamily.lean:796:18: 'simp [Nat.rawCast]' tactic does nothing

Note: This linter can be disabled with `set_option linter.unusedTactic false`
warning: NumStability/Source/Higham/Chapter04/Equation08/FiniteFamily.lean:796:41: 'rfl' tactic does nothing

Note: This linter can be disabled with `set_option linter.unusedTactic false`
warning: NumStability/Source/Higham/Chapter04/Equation08/FiniteFamily.lean:822:18: 'simp [Nat.rawCast]' tactic does nothing

Note: This linter can be disabled with `set_option linter.unusedTactic false`
warning: NumStability/Source/Higham/Chapter04/Equation08/FiniteFamily.lean:822:41: 'rfl' tactic does nothing

Note: This linter can be disabled with `set_option linter.unusedTactic false`
warning: NumStability/Source/Higham/Chapter04/Equation08/FiniteFamily.lean:763:18: this tactic is never executed

Note: This linter can be disabled with `set_option linter.unreachableTactic false`
warning: NumStability/Source/Higham/Chapter04/Equation08/FiniteFamily.lean:763:41: this tactic is never executed

Note: This linter can be disabled with `set_option linter.unreachableTactic false`
warning: NumStability/Source/Higham/Chapter04/Equation08/FiniteFamily.lean:785:18: this tactic is never executed

Note: This linter can be disabled with `set_option linter.unreachableTactic false`
warning: NumStability/Source/Higham/Chapter04/Equation08/FiniteFamily.lean:785:41: this tactic is never executed

Note: This linter can be disabled with `set_option linter.unreachableTactic false`
warning: NumStability/Source/Higham/Chapter04/Equation08/FiniteFamily.lean:796:18: this tactic is never executed

Note: This linter can be disabled with `set_option linter.unreachableTactic false`
warning: NumStability/Source/Higham/Chapter04/Equation08/FiniteFamily.lean:796:41: this tactic is never executed

Note: This linter can be disabled with `set_option linter.unreachableTactic false`
warning: NumStability/Source/Higham/Chapter04/Equation08/FiniteFamily.lean:822:18: this tactic is never executed

Note: This linter can be disabled with `set_option linter.unreachableTactic false`
warning: NumStability/Source/Higham/Chapter04/Equation08/FiniteFamily.lean:822:41: this tactic is never executed

Note: This linter can be disabled with `set_option linter.unreachableTactic false`
warning: NumStability/Source/Higham/Chapter04/Equation08/FiniteFamily.lean:762:71: Used `tac1 <;> tac2` where `(tac1; tac2)` would suffice

Note: This linter can be disabled with `set_option linter.unnecessarySeqFocus false`
warning: NumStability/Source/Higham/Chapter04/Equation08/FiniteFamily.lean:771:66: Used `tac1 <;> tac2` where `(tac1; tac2)` would suffice

Note: This linter can be disabled with `set_option linter.unnecessarySeqFocus false`
warning: NumStability/Source/Higham/Chapter04/Equation08/FiniteFamily.lean:772:14: Used `tac1 <;> tac2` where `(tac1; tac2)` would suffice

Note: This linter can be disabled with `set_option linter.unnecessarySeqFocus false`
warning: NumStability/Source/Higham/Chapter04/Equation08/FiniteFamily.lean:772:37: Used `tac1 <;> tac2` where `(tac1; tac2)` would suffice

Note: This linter can be disabled with `set_option linter.unnecessarySeqFocus false`
warning: NumStability/Source/Higham/Chapter04/Equation08/FiniteFamily.lean:784:72: Used `tac1 <;> tac2` where `(tac1; tac2)` would suffice

Note: This linter can be disabled with `set_option linter.unnecessarySeqFocus false`
warning: NumStability/Source/Higham/Chapter04/Equation08/FiniteFamily.lean:795:71: Used `tac1 <;> tac2` where `(tac1; tac2)` would suffice

Note: This linter can be disabled with `set_option linter.unnecessarySeqFocus false`
warning: NumStability/Source/Higham/Chapter04/Equation08/FiniteFamily.lean:804:68: Used `tac1 <;> tac2` where `(tac1; tac2)` would suffice

Note: This linter can be disabled with `set_option linter.unnecessarySeqFocus false`
warning: NumStability/Source/Higham/Chapter04/Equation08/FiniteFamily.lean:805:14: Used `tac1 <;> tac2` where `(tac1; tac2)` would suffice

Note: This linter can be disabled with `set_option linter.unnecessarySeqFocus false`
warning: NumStability/Source/Higham/Chapter04/Equation08/FiniteFamily.lean:805:37: Used `tac1 <;> tac2` where `(tac1; tac2)` would suffice

Note: This linter can be disabled with `set_option linter.unnecessarySeqFocus false`
warning: NumStability/Source/Higham/Chapter04/Equation08/FiniteFamily.lean:821:71: Used `tac1 <;> tac2` where `(tac1; tac2)` would suffice

Note: This linter can be disabled with `set_option linter.unnecessarySeqFocus false`
⚠ [4359/4738] Replayed NumStability.Source.Higham.Chapter05.Section02.BidiagonalDerivativeAnalysis.Basic
warning: NumStability/Source/Higham/Chapter05/Section02/BidiagonalDerivativeAnalysis/Basic.lean:123:36: try 'simp' instead of 'simpa'

Note: This linter can be disabled with `set_option linter.unnecessarySimpa false`
warning: NumStability/Source/Higham/Chapter05/Section02/BidiagonalDerivativeAnalysis/Basic.lean:129:4: try 'simp' instead of 'simpa'

Note: This linter can be disabled with `set_option linter.unnecessarySimpa false`
⚠ [4363/4738] Replayed NumStability.Source.Higham.Chapter05.Section02.BidiagonalDerivativeAnalysis.Results.Theorems
warning: NumStability/Source/Higham/Chapter05/Section02/BidiagonalDerivativeAnalysis/Results/Theorems.lean:76:26: try 'simp' instead of 'simpa'

Note: This linter can be disabled with `set_option linter.unnecessarySimpa false`
warning: NumStability/Source/Higham/Chapter05/Section02/BidiagonalDerivativeAnalysis/Results/Theorems.lean:389:36: try 'simp' instead of 'simpa'

Note: This linter can be disabled with `set_option linter.unnecessarySimpa false`
warning: NumStability/Source/Higham/Chapter05/Section02/BidiagonalDerivativeAnalysis/Results/Theorems.lean:392:4: try 'simp' instead of 'simpa'

Note: This linter can be disabled with `set_option linter.unnecessarySimpa false`
warning: NumStability/Source/Higham/Chapter05/Section02/BidiagonalDerivativeAnalysis/Results/Theorems.lean:398:2: try 'simp' instead of 'simpa'

Note: This linter can be disabled with `set_option linter.unnecessarySimpa false`
warning: NumStability/Source/Higham/Chapter05/Section02/BidiagonalDerivativeAnalysis/Results/Theorems.lean:601:54: Used `tac1 <;> tac2` where `(tac1; tac2)` would suffice

Note: This linter can be disabled with `set_option linter.unnecessarySeqFocus false`
warning: NumStability/Source/Higham/Chapter05/Section02/BidiagonalDerivativeAnalysis/Results/Theorems.lean:995:54: Used `tac1 <;> tac2` where `(tac1; tac2)` would suffice

Note: This linter can be disabled with `set_option linter.unnecessarySeqFocus false`
⚠ [4391/4738] Replayed NumStability.Source.Higham.Chapter07.Corollary06.Equilibration.Basic
warning: NumStability/Source/Higham/Chapter07/Corollary06/Equilibration/Basic.lean:196:28: This simp argument is unused:
  Finset.sum_mul

Hint: Omit it from the simp argument list.
  simp [Finset.mul_sum,̵ ̵F̵i̵n̵s̵e̵t̵.̵s̵u̵m̵_̵m̵u̵l̵]

Note: This linter can be disabled with `set_option linter.unusedSimpArgs false`
⚠ [4399/4738] Replayed NumStability.Source.Higham.Chapter08.Equation14.FanInProduct.Basic
warning: NumStability/Source/Higham/Chapter08/Equation14/FanInProduct/Basic.lean:53:35: Used `tac1 <;> tac2` where `(tac1; tac2)` would suffice

Note: This linter can be disabled with `set_option linter.unnecessarySeqFocus false`
warning: NumStability/Source/Higham/Chapter08/Equation14/FanInProduct/Basic.lean:53:48: Used `tac1 <;> tac2` where `(tac1; tac2)` would suffice

Note: This linter can be disabled with `set_option linter.unnecessarySeqFocus false`
warning: NumStability/Source/Higham/Chapter08/Equation14/FanInProduct/Basic.lean:55:35: Used `tac1 <;> tac2` where `(tac1; tac2)` would suffice

Note: This linter can be disabled with `set_option linter.unnecessarySeqFocus false`
warning: NumStability/Source/Higham/Chapter08/Equation14/FanInProduct/Basic.lean:55:48: Used `tac1 <;> tac2` where `(tac1; tac2)` would suffice

Note: This linter can be disabled with `set_option linter.unnecessarySeqFocus false`
warning: NumStability/Source/Higham/Chapter08/Equation14/FanInProduct/Basic.lean:57:35: Used `tac1 <;> tac2` where `(tac1; tac2)` would suffice

Note: This linter can be disabled with `set_option linter.unnecessarySeqFocus false`
warning: NumStability/Source/Higham/Chapter08/Equation14/FanInProduct/Basic.lean:57:48: Used `tac1 <;> tac2` where `(tac1; tac2)` would suffice

Note: This linter can be disabled with `set_option linter.unnecessarySeqFocus false`
warning: NumStability/Source/Higham/Chapter08/Equation14/FanInProduct/Basic.lean:59:35: Used `tac1 <;> tac2` where `(tac1; tac2)` would suffice

Note: This linter can be disabled with `set_option linter.unnecessarySeqFocus false`
warning: NumStability/Source/Higham/Chapter08/Equation14/FanInProduct/Basic.lean:59:48: Used `tac1 <;> tac2` where `(tac1; tac2)` would suffice

Note: This linter can be disabled with `set_option linter.unnecessarySeqFocus false`
warning: NumStability/Source/Higham/Chapter08/Equation14/FanInProduct/Basic.lean:61:35: Used `tac1 <;> tac2` where `(tac1; tac2)` would suffice

Note: This linter can be disabled with `set_option linter.unnecessarySeqFocus false`
warning: NumStability/Source/Higham/Chapter08/Equation14/FanInProduct/Basic.lean:61:48: Used `tac1 <;> tac2` where `(tac1; tac2)` would suffice

Note: This linter can be disabled with `set_option linter.unnecessarySeqFocus false`
⚠ [4446/4738] Replayed NumStability.Source.Higham.Chapter09.Theorem14.Actual
warning: NumStability/Source/Higham/Chapter09/Theorem14/Actual.lean:282:40: This simp argument is unused:
  hdiag

Hint: Omit it from the simp argument list.
  simp only [tridiag_to_matrix, h̵d̵ia̵g̵,̵ ̵i̵f_pos,
  ̵  ̵ ̵ ̵ ̵ ̵ ̵ ̵ ̵ ̵ ̵ ̵higham9_14_roundedProductData,
              higham9_14_roundedPivotVec_exactFPModel_eq,
              higham9_14_roundedMultiplierVec_exactFPModel_eq]

Note: This linter can be disabled with `set_option linter.unusedSimpArgs false`
warning: NumStability/Source/Higham/Chapter09/Theorem14/Actual.lean:313:37: This simp argument is unused:
  higham9_14_roundedProductData

Hint: Omit it from the simp argument list.
  simp [tridiag_to_matrix, h̵i̵g̵h̵a̵m̵9̵_̵1̵4̵_̵r̵o̵u̵n̵d̵e̵d̵P̵r̵o̵d̵u̵c̵t̵D̵a̵t̵a̵,̵hdiag, hsub, hsuper]

Note: This linter can be disabled with `set_option linter.unusedSimpArgs false`
warning: NumStability/Source/Higham/Chapter09/Theorem14/Actual.lean:774:16: try 'simp' instead of 'simpa'

Note: This linter can be disabled with `set_option linter.unnecessarySimpa false`
warning: NumStability/Source/Higham/Chapter09/Theorem14/Actual.lean:789:18: try 'simp' instead of 'simpa'

Note: This linter can be disabled with `set_option linter.unnecessarySimpa false`
info: NumStability/Source/Higham/Chapter09/Theorem14/Actual.lean:827:0: Error in Linarith.normalizeDenominatorsLHS: Expr.rewrite may not produce subgoals.
Error in Linarith.normalizeDenominatorsLHS: Expr.rewrite may not produce subgoals.
info: NumStability/Source/Higham/Chapter09/Theorem14/Actual.lean:851:0: Error in Linarith.normalizeDenominatorsLHS: Expr.rewrite may not produce subgoals.
Error in Linarith.normalizeDenominatorsLHS: Expr.rewrite may not produce subgoals.
Error in Linarith.normalizeDenominatorsLHS: Expr.rewrite may not produce subgoals.
Error in Linarith.normalizeDenominatorsLHS: Expr.rewrite may not produce subgoals.
warning: NumStability/Source/Higham/Chapter09/Theorem14/Actual.lean:1053:54: This simp argument is unused:
  hbeta

Hint: Omit it from the simp argument list.
  simp [DeltaL, tridiag_L_matrix, hd, hs, hval,̵ ̵h̵b̵e̵t̵a̵]

Note: This linter can be disabled with `set_option linter.unusedSimpArgs false`
warning: NumStability/Source/Higham/Chapter09/Theorem14/Actual.lean:1094:54: This simp argument is unused:
  beta

Hint: Omit it from the simp argument list.
  simp [DeltaU, tridiag_U_matrix, hd, hs, hval, b̵e̵t̵a̵,̵ ̵hcoeff]

Note: This linter can be disabled with `set_option linter.unusedSimpArgs false`
warning: NumStability/Source/Higham/Chapter09/Theorem14/Actual.lean:1094:60: This simp argument is unused:
  hcoeff

Hint: Omit it from the simp argument list.
  simp [DeltaU, tridiag_U_matrix, hd, hs, hval, beta,̵ ̵h̵c̵o̵e̵f̵f̵]

Note: This linter can be disabled with `set_option linter.unusedSimpArgs false`
warning: NumStability/Source/Higham/Chapter09/Theorem14/Actual.lean:1692:8: This simp argument is unused:
  L

Hint: Omit it from the simp argument list.
  simp [P, tridiag_to_matrix, higham9_14_roundedProductData,
  ̵  ̵ ̵ ̵ ̵ ̵ ̵ ̵L̵,̵ ̵U, tridiag_U_matrix, hi, hi0]

Note: This linter can be disabled with `set_option linter.unusedSimpArgs false`
warning: NumStability/Source/Higham/Chapter09/Theorem14/Actual.lean:1692:32: This simp argument is unused:
  hi

Hint: Omit it from the simp argument list.
  simp [P, tridiag_to_matrix, higham9_14_roundedProductData,
  ̵  ̵ ̵ ̵ ̵ ̵ ̵ ̵L, U, tridiag_U_matrix, hi,̵ ̵h̵i̵0]

Note: This linter can be disabled with `set_option linter.unusedSimpArgs false`
warning: NumStability/Source/Higham/Chapter09/Theorem14/Actual.lean:1835:25: Used `tac1 <;> tac2` where `(tac1; tac2)` would suffice

Note: This linter can be disabled with `set_option linter.unnecessarySeqFocus false`
warning: NumStability/Source/Higham/Chapter09/Theorem14/Actual.lean:2758:6: Try this: intro i _ hi
warning: NumStability/Source/Higham/Chapter09/Theorem14/Actual.lean:2765:6: Try this: intro i _ hi
warning: NumStability/Source/Higham/Chapter09/Theorem14/Actual.lean:3326:53: Used `tac1 <;> tac2` where `(tac1; tac2)` would suffice

Note: This linter can be disabled with `set_option linter.unnecessarySeqFocus false`
⚠ [4447/4738] Replayed NumStability.Source.Higham.Chapter09.Theorem14.DiagDominant
warning: NumStability/Source/Higham/Chapter09/Theorem14/DiagDominant.lean:294:12: This simp argument is unused:
  show i.val + 1 ≠ j.val by omega

Hint: Omit it from the simp argument list.
  simp [P, tridiag_to_matrix, higham9_14_roundedProductData, hi, hsub, him1,
  ̲  ̲ ̲ ̲ ̲ ̲ ̲ ̲ ̲ ̲ ̲ ̲show j.val ≠ i.val by o̵m̵e̵g̵a̵,̵
  ̵ ̵ ̵ ̵ ̵ ̵ ̵ ̵ ̵ ̵ ̵ ̵ ̵s̵h̵o̵w̵ ̵i̵.̵v̵a̵l̵ ̵+̵ ̵1̵ ̵≠̵ ̵j̵.̵v̵a̵l̵ ̵b̵y̵ ̵omega]

Note: This linter can be disabled with `set_option linter.unusedSimpArgs false`
warning: NumStability/Source/Higham/Chapter09/Theorem14/DiagDominant.lean:298:12: This simp argument is unused:
  show i.val + 1 ≠ j.val by omega

Hint: Omit it from the simp argument list.
  simp [tridiag_to_matrix, hsub, show j.val ≠ i.val by o̵m̵e̵g̵a̵,̵
  ̵ ̵ ̵ ̵ ̵ ̵ ̵ ̵ ̵ ̵ ̵ ̵ ̵s̵h̵o̵w̵ ̵i̵.̵v̵a̵l̵ ̵+̵ ̵1̵ ̵≠̵ ̵j̵.̵v̵a̵l̵ ̵b̵y̵ ̵omega]

Note: This linter can be disabled with `set_option linter.unusedSimpArgs false`
⚠ [4466/4738] Replayed NumStability.Source.Higham.Chapter10.Lemma11.PivotSequenceStability.Endpoints
warning: NumStability/Source/Higham/Chapter10/Lemma11/PivotSequenceStability/Endpoints.lean:108:57: This simp argument is unused:
  zero_sub

Hint: Omit it from the simp argument list.
  simp only [Matrix.zero_mul, Matrix.mul_zero, sub_zero, z̵e̵r̵o̵_̵s̵u̵b̵,̵ ̵neg_zero,
  ̵  ̵ ̵ ̵zero_add, add_zero]

Note: This linter can be disabled with `set_option linter.unusedSimpArgs false`
warning: NumStability/Source/Higham/Chapter10/Lemma11/PivotSequenceStability/Endpoints.lean:108:67: This simp argument is unused:
  neg_zero

Hint: Omit it from the simp argument list.
  simp only [Matrix.zero_mul, Matrix.mul_zero, sub_zero, zero_sub, n̵e̵g̵_̵zero,̵
  ̵ ̵ ̵ ̵ ̵z̵e̵r̵o̵_add, add_zero]

Note: This linter can be disabled with `set_option linter.unusedSimpArgs false`
warning: NumStability/Source/Higham/Chapter10/Lemma11/PivotSequenceStability/Endpoints.lean:109:14: This simp argument is unused:
  add_zero

Hint: Omit it from the simp argument list.
  simp only [Matrix.zero_mul, Matrix.mul_zero, sub_zero, zero_sub, neg_zero,
  ̵  ̵ ̵ ̵zero_add,̵ ̵a̵d̵d̵_̵z̵e̵r̵o̵]

Note: This linter can be disabled with `set_option linter.unusedSimpArgs false`
⚠ [4480/4738] Replayed NumStability.Source.Higham.Chapter10.Section04.PositiveDefiniteSymmetricPart.LUGrowth.Equation29
warning: NumStability/Source/Higham/Chapter10/Section04/PositiveDefiniteSymmetricPart/LUGrowth/Equation29.lean:98:7: unused variable `hA`

Note: This linter can be disabled with `set_option linter.unusedVariables false`
warning: NumStability/Source/Higham/Chapter10/Section04/PositiveDefiniteSymmetricPart/LUGrowth/Equation29.lean:100:7: unused variable `hHinvRight`

Note: This linter can be disabled with `set_option linter.unusedVariables false`
warning: NumStability/Source/Higham/Chapter10/Section04/PositiveDefiniteSymmetricPart/LUGrowth/Equation29.lean:101:7: unused variable `hHinvLeft`

Note: This linter can be disabled with `set_option linter.unusedVariables false`
⚠ [4481/4738] Replayed NumStability.Source.Higham.Chapter10.Equation29.Mathias.RoundedSchur.Bounds
warning: NumStability/Source/Higham/Chapter10/Equation29/Mathias/RoundedSchur/Bounds.lean:128:13: unused variable `hm`

Note: This linter can be disabled with `set_option linter.unusedVariables false`
warning: NumStability/Source/Higham/Chapter10/Equation29/Mathias/RoundedSchur/Bounds.lean:133:5: unused variable `hHinvSym`

Note: This linter can be disabled with `set_option linter.unusedVariables false`
warning: NumStability/Source/Higham/Chapter10/Equation29/Mathias/RoundedSchur/Bounds.lean:136:5: unused variable `hHinvLeft`

Note: This linter can be disabled with `set_option linter.unusedVariables false`
info: NumStability/Source/Higham/Chapter10/Equation29/Mathias/RoundedSchur/Bounds.lean:405:46: Try this:
  [apply] ring_nf
  
  The `ring` tactic failed to close the goal. Use `ring_nf` to obtain a normal form.
    
  Note that `ring` works primarily in *commutative* rings. If you have a noncommutative ring, abelian group or module, consider using `noncomm_ring`, `abel` or `module` instead.
info: NumStability/Source/Higham/Chapter10/Equation29/Mathias/RoundedSchur/Bounds.lean:468:43: Try this:
  [apply] ring_nf
  
  The `ring` tactic failed to close the goal. Use `ring_nf` to obtain a normal form.
    
  Note that `ring` works primarily in *commutative* rings. If you have a noncommutative ring, abelian group or module, consider using `noncomm_ring`, `abel` or `module` instead.
warning: NumStability/Source/Higham/Chapter10/Equation29/Mathias/RoundedSchur/Bounds.lean:403:28: Used `tac1 <;> tac2` where `(tac1; tac2)` would suffice

Note: This linter can be disabled with `set_option linter.unnecessarySeqFocus false`
warning: NumStability/Source/Higham/Chapter10/Equation29/Mathias/RoundedSchur/Bounds.lean:405:42: Used `tac1 <;> tac2` where `(tac1; tac2)` would suffice

Note: This linter can be disabled with `set_option linter.unnecessarySeqFocus false`
warning: NumStability/Source/Higham/Chapter10/Equation29/Mathias/RoundedSchur/Bounds.lean:407:28: Used `tac1 <;> tac2` where `(tac1; tac2)` would suffice

Note: This linter can be disabled with `set_option linter.unnecessarySeqFocus false`
warning: NumStability/Source/Higham/Chapter10/Equation29/Mathias/RoundedSchur/Bounds.lean:407:41: Used `tac1 <;> tac2` where `(tac1; tac2)` would suffice

Note: This linter can be disabled with `set_option linter.unnecessarySeqFocus false`
warning: NumStability/Source/Higham/Chapter10/Equation29/Mathias/RoundedSchur/Bounds.lean:466:33: Used `tac1 <;> tac2` where `(tac1; tac2)` would suffice

Note: This linter can be disabled with `set_option linter.unnecessarySeqFocus false`
warning: NumStability/Source/Higham/Chapter10/Equation29/Mathias/RoundedSchur/Bounds.lean:468:39: Used `tac1 <;> tac2` where `(tac1; tac2)` would suffice

Note: This linter can be disabled with `set_option linter.unnecessarySeqFocus false`
⚠ [4484/4738] Replayed NumStability.Source.Higham.Chapter10.Equation30.ComplexPositiveDefinite.NoPivotLU.SourceBounds
warning: NumStability/Source/Higham/Chapter10/Equation30/ComplexPositiveDefinite/NoPivotLU/SourceBounds.lean:1052:20: `Fin.coe_castLE` has been deprecated: Use `Fin.val_castLE` instead
warning: NumStability/Source/Higham/Chapter10/Equation30/ComplexPositiveDefinite/NoPivotLU/SourceBounds.lean:1054:50: `Fin.coe_castLE` has been deprecated: Use `Fin.val_castLE` instead
warning: NumStability/Source/Higham/Chapter10/Equation30/ComplexPositiveDefinite/NoPivotLU/SourceBounds.lean:1062:16: `Fin.coe_castLE` has been deprecated: Use `Fin.val_castLE` instead
warning: NumStability/Source/Higham/Chapter10/Equation30/ComplexPositiveDefinite/NoPivotLU/SourceBounds.lean:1070:16: `Fin.coe_castLE` has been deprecated: Use `Fin.val_castLE` instead
warning: NumStability/Source/Higham/Chapter10/Equation30/ComplexPositiveDefinite/NoPivotLU/SourceBounds.lean:1052:20: This simp argument is unused:
  Fin.coe_castLE

Hint: Omit it from the simp argument list.
  simp [he,̵ ̵F̵i̵n̵.̵c̵o̵e̵_̵c̵a̵s̵t̵L̵E̵]

Note: This linter can be disabled with `set_option linter.unusedSimpArgs false`
warning: NumStability/Source/Higham/Chapter10/Equation30/ComplexPositiveDefinite/NoPivotLU/SourceBounds.lean:1054:50: This simp argument is unused:
  Fin.coe_castLE

Hint: Omit it from the simp argument list.
  simp [he,̵ ̵F̵i̵n̵.̵c̵o̵e̵_̵c̵a̵s̵t̵L̵E̵]

Note: This linter can be disabled with `set_option linter.unusedSimpArgs false`
warning: NumStability/Source/Higham/Chapter10/Equation30/ComplexPositiveDefinite/NoPivotLU/SourceBounds.lean:1062:16: This simp argument is unused:
  Fin.coe_castLE

Hint: Omit it from the simp argument list.
  simp [he,̵ ̵F̵i̵n̵.̵c̵o̵e̵_̵c̵a̵s̵t̵L̵E̵]

Note: This linter can be disabled with `set_option linter.unusedSimpArgs false`
warning: NumStability/Source/Higham/Chapter10/Equation30/ComplexPositiveDefinite/NoPivotLU/SourceBounds.lean:1070:16: This simp argument is unused:
  Fin.coe_castLE

Hint: Omit it from the simp argument list.
  simp [he,̵ ̵F̵i̵n̵.̵c̵o̵e̵_̵c̵a̵s̵t̵L̵E̵]

Note: This linter can be disabled with `set_option linter.unusedSimpArgs false`
warning: NumStability/Source/Higham/Chapter10/Equation30/ComplexPositiveDefinite/NoPivotLU/SourceBounds.lean:1716:37: This simp argument is unused:
  Matrix.mul_inv_of_invertible

Hint: Omit it from the simp argument list.
  simp [w, Matrix.mulVec_mulVec,̵ ̵M̵a̵t̵r̵i̵x̵.̵m̵u̵l̵_̵i̵n̵v̵_̵o̵f̵_̵i̵n̵v̵e̵r̵t̵i̵b̵l̵e̵]

Note: This linter can be disabled with `set_option linter.unusedSimpArgs false`
warning: NumStability/Source/Higham/Chapter10/Equation30/ComplexPositiveDefinite/NoPivotLU/SourceBounds.lean:1892:32: This simp argument is unused:
  Finset.sum_sub_distrib

Hint: Omit it from the simp argument list.
  simp [v, B, C, b, c, e, higham10_30_complexPositiveDefiniteForm, Matrix.mulVec, dotProduct,
  ̲  ̲ ̲ ̲ ̲ ̲ ̲ ̲Complex.mul_re, Complex.mul_im, F̵i̵n̵s̵e̵t̵.̵s̵u̵m̵_̵a̵d̵d̵_̵d̵i̵s̵t̵r̵i̵b̵,̵ ̵F̵i̵n̵s̵e̵t̵.̵s̵u̵m̵_̵s̵u̵b̵_̵d̵i̵s̵t̵r̵i̵b̵]̵F̲i̲n̲s̲e̲t̲.̲s̲u̲m̲_̲a̲d̲d̲_̲d̲i̲s̲t̲r̲i̲b̲]̲

Note: This linter can be disabled with `set_option linter.unusedSimpArgs false`
warning: NumStability/Source/Higham/Chapter10/Equation30/ComplexPositiveDefinite/NoPivotLU/SourceBounds.lean:1900:40: This simp argument is unused:
  Finset.sum_add_distrib

Hint: Omit it from the simp argument list.
  simp [B, C, b, c, β, γ, e, hBsym, hCsym, hvre, hvim, higham10_30_complexPositiveDefiniteForm,
        Complex.mul_re, Complex.mul_im, F̵i̵n̵s̵e̵t̵.̵s̵u̵m̵_̵a̵d̵d̵_̵d̵i̵s̵t̵r̵i̵b̵,̵Finset.sum_sub_distrib]

Note: This linter can be disabled with `set_option linter.unusedSimpArgs false`
warning: NumStability/Source/Higham/Chapter10/Equation30/ComplexPositiveDefinite/NoPivotLU/SourceBounds.lean:1909:8: This simp argument is unused:
  Finset.sum_sub_distrib

Hint: Omit it from the simp argument list.
  simp [B, C, b, c, β, γ, e, hBsym, hCsym, hvre, hvim, higham10_30_complexPositiveDefiniteForm,
        Complex.mul_re, Complex.mul_im, F̵i̵n̵s̵e̵t̵.̵s̵u̵m̵_̵a̵d̵d̵_̵d̵i̵s̵t̵r̵i̵b̵,̵
  ̵ ̵ ̵ ̵ ̵ ̵ ̵ ̵ ̵F̵i̵n̵s̵e̵t̵.̵s̵u̵m̵_̵s̵u̵b̵_̵d̵i̵s̵t̵r̵i̵b̵]̵F̲i̲n̲s̲e̲t̲.̲s̲u̲m̲_̲a̲d̲d̲_̲d̲i̲s̲t̲r̲i̲b̲]̲

Note: This linter can be disabled with `set_option linter.unusedSimpArgs false`
⚠ [4487/4738] Replayed NumStability.Source.Higham.Chapter10.Lemma13.KahanSharpness.Limit
warning: NumStability/Source/Higham/Chapter10/Lemma13/KahanSharpness/Limit.lean:168:10: try 'simp' instead of 'simpa'

Note: This linter can be disabled with `set_option linter.unnecessarySimpa false`
⚠ [4490/4738] Replayed NumStability.Source.Higham.Chapter10.Lemma13.KahanSharpness.UnboundedGrowth.Construction
warning: NumStability/Source/Higham/Chapter10/Lemma13/KahanSharpness/UnboundedGrowth/Construction.lean:92:19: `Fin.coe_castAdd` has been deprecated: Use `Fin.val_castAdd` instead
warning: NumStability/Source/Higham/Chapter10/Lemma13/KahanSharpness/UnboundedGrowth/Construction.lean:96:19: `Fin.coe_castAdd` has been deprecated: Use `Fin.val_castAdd` instead
warning: NumStability/Source/Higham/Chapter10/Lemma13/KahanSharpness/UnboundedGrowth/Construction.lean:108:19: `Fin.coe_castAdd` has been deprecated: Use `Fin.val_castAdd` instead
warning: NumStability/Source/Higham/Chapter10/Lemma13/KahanSharpness/UnboundedGrowth/Construction.lean:108:36: `Fin.coe_natAdd` has been deprecated: Use `Fin.val_natAdd` instead
warning: NumStability/Source/Higham/Chapter10/Lemma13/KahanSharpness/UnboundedGrowth/Construction.lean:113:19: `Fin.coe_castAdd` has been deprecated: Use `Fin.val_castAdd` instead
warning: NumStability/Source/Higham/Chapter10/Lemma13/KahanSharpness/UnboundedGrowth/Construction.lean:113:36: `Fin.coe_natAdd` has been deprecated: Use `Fin.val_natAdd` instead
warning: NumStability/Source/Higham/Chapter10/Lemma13/KahanSharpness/UnboundedGrowth/Construction.lean:119:19: `Fin.coe_castAdd` has been deprecated: Use `Fin.val_castAdd` instead
warning: NumStability/Source/Higham/Chapter10/Lemma13/KahanSharpness/UnboundedGrowth/Construction.lean:119:36: `Fin.coe_natAdd` has been deprecated: Use `Fin.val_natAdd` instead
warning: NumStability/Source/Higham/Chapter10/Lemma13/KahanSharpness/UnboundedGrowth/Construction.lean:123:19: `Fin.coe_castAdd` has been deprecated: Use `Fin.val_castAdd` instead
warning: NumStability/Source/Higham/Chapter10/Lemma13/KahanSharpness/UnboundedGrowth/Construction.lean:123:36: `Fin.coe_natAdd` has been deprecated: Use `Fin.val_natAdd` instead
warning: NumStability/Source/Higham/Chapter10/Lemma13/KahanSharpness/UnboundedGrowth/Construction.lean:147:19: `Fin.coe_castAdd` has been deprecated: Use `Fin.val_castAdd` instead
warning: NumStability/Source/Higham/Chapter10/Lemma13/KahanSharpness/UnboundedGrowth/Construction.lean:147:36: `Fin.coe_natAdd` has been deprecated: Use `Fin.val_natAdd` instead
warning: NumStability/Source/Higham/Chapter10/Lemma13/KahanSharpness/UnboundedGrowth/Construction.lean:152:19: `Fin.coe_castAdd` has been deprecated: Use `Fin.val_castAdd` instead
warning: NumStability/Source/Higham/Chapter10/Lemma13/KahanSharpness/UnboundedGrowth/Construction.lean:152:36: `Fin.coe_natAdd` has been deprecated: Use `Fin.val_natAdd` instead
warning: NumStability/Source/Higham/Chapter10/Lemma13/KahanSharpness/UnboundedGrowth/Construction.lean:158:19: `Fin.coe_castAdd` has been deprecated: Use `Fin.val_castAdd` instead
warning: NumStability/Source/Higham/Chapter10/Lemma13/KahanSharpness/UnboundedGrowth/Construction.lean:158:36: `Fin.coe_natAdd` has been deprecated: Use `Fin.val_natAdd` instead
warning: NumStability/Source/Higham/Chapter10/Lemma13/KahanSharpness/UnboundedGrowth/Construction.lean:162:19: `Fin.coe_castAdd` has been deprecated: Use `Fin.val_castAdd` instead
warning: NumStability/Source/Higham/Chapter10/Lemma13/KahanSharpness/UnboundedGrowth/Construction.lean:162:36: `Fin.coe_natAdd` has been deprecated: Use `Fin.val_natAdd` instead
warning: NumStability/Source/Higham/Chapter10/Lemma13/KahanSharpness/UnboundedGrowth/Construction.lean:178:19: `Fin.coe_natAdd` has been deprecated: Use `Fin.val_natAdd` instead
warning: NumStability/Source/Higham/Chapter10/Lemma13/KahanSharpness/UnboundedGrowth/Construction.lean:184:19: `Fin.coe_natAdd` has been deprecated: Use `Fin.val_natAdd` instead
warning: NumStability/Source/Higham/Chapter10/Lemma13/KahanSharpness/UnboundedGrowth/Construction.lean:189:19: `Fin.coe_natAdd` has been deprecated: Use `Fin.val_natAdd` instead
warning: NumStability/Source/Higham/Chapter10/Lemma13/KahanSharpness/UnboundedGrowth/Construction.lean:296:19: `Fin.coe_castAdd` has been deprecated: Use `Fin.val_castAdd` instead
warning: NumStability/Source/Higham/Chapter10/Lemma13/KahanSharpness/UnboundedGrowth/Construction.lean:302:21: `Fin.coe_castAdd` has been deprecated: Use `Fin.val_castAdd` instead
warning: NumStability/Source/Higham/Chapter10/Lemma13/KahanSharpness/UnboundedGrowth/Construction.lean:307:21: `Fin.coe_castAdd` has been deprecated: Use `Fin.val_castAdd` instead
warning: NumStability/Source/Higham/Chapter10/Lemma13/KahanSharpness/UnboundedGrowth/Construction.lean:317:19: `Fin.coe_castAdd` has been deprecated: Use `Fin.val_castAdd` instead
warning: NumStability/Source/Higham/Chapter10/Lemma13/KahanSharpness/UnboundedGrowth/Construction.lean:317:36: `Fin.coe_natAdd` has been deprecated: Use `Fin.val_natAdd` instead
warning: NumStability/Source/Higham/Chapter10/Lemma13/KahanSharpness/UnboundedGrowth/Construction.lean:322:19: `Fin.coe_castAdd` has been deprecated: Use `Fin.val_castAdd` instead
warning: NumStability/Source/Higham/Chapter10/Lemma13/KahanSharpness/UnboundedGrowth/Construction.lean:322:36: `Fin.coe_natAdd` has been deprecated: Use `Fin.val_natAdd` instead
⚠ [4500/4738] Replayed NumStability.Source.Higham.Chapter10.Section03.PositiveSemidefinite.PivotingAndScaling.Results
warning: NumStability/Source/Higham/Chapter10/Section03/PositiveSemidefinite/PivotingAndScaling/Results.lean:265:36: This simp argument is unused:
  Finset.mul_sum

Hint: Omit it from the simp argument list.
  simp [he, Finset.sum_ite_eq',̵ ̵F̵i̵n̵s̵e̵t̵.̵m̵u̵l̵_̵s̵u̵m̵]

Note: This linter can be disabled with `set_option linter.unusedSimpArgs false`
⚠ [4510/4738] Replayed NumStability.Source.Higham.Chapter10.Theorem08.NormwiseDiscrepancy.LiteralSource
warning: NumStability/Source/Higham/Chapter10/Theorem08/NormwiseDiscrepancy/LiteralSource.lean:135:12: This simp argument is unused:
  Fin.sum_univ_two

Hint: Omit it from the simp argument list.
  simp [̵F̵i̵n̵.̵s̵u̵m̵_̵u̵n̵i̵v̵_̵t̵w̵o̵,̵ ̵h̵i̵g̵h̵a̵m̵1̵0̵_̵8̵_̵c̵o̵u̵n̵t̵e̵r̵R̵,̵[̲h̲i̲g̲h̲a̲m̲1̲0̲_̲8̲_̲c̲o̲u̲n̲t̲e̲r̲R̲,̲ higham10_8_counterA]

Note: This linter can be disabled with `set_option linter.unusedSimpArgs false`
warning: NumStability/Source/Higham/Chapter10/Theorem08/NormwiseDiscrepancy/LiteralSource.lean:137:12: This simp argument is unused:
  Fin.sum_univ_two

Hint: Omit it from the simp argument list.
  simp [̵F̵i̵n̵.̵s̵u̵m̵_̵u̵n̵i̵v̵_̵t̵w̵o̵,̵ ̵h̵i̵g̵h̵a̵m̵1̵0̵_̵8̵_̵c̵o̵u̵n̵t̵e̵r̵R̵,̵[̲h̲i̲g̲h̲a̲m̲1̲0̲_̲8̲_̲c̲o̲u̲n̲t̲e̲r̲R̲,̲ higham10_8_counterA]

Note: This linter can be disabled with `set_option linter.unusedSimpArgs false`
warning: NumStability/Source/Higham/Chapter10/Theorem08/NormwiseDiscrepancy/LiteralSource.lean:176:12: This simp argument is unused:
  Fin.sum_univ_two

Hint: Omit it from the simp argument list.
  simp [F̵i̵n̵.̵s̵u̵m̵_̵u̵n̵i̵v̵_̵t̵w̵o̵,̵ ̵higham10_8_counterRhat]

Note: This linter can be disabled with `set_option linter.unusedSimpArgs false`
warning: NumStability/Source/Higham/Chapter10/Theorem08/NormwiseDiscrepancy/LiteralSource.lean:177:12: This simp argument is unused:
  Fin.sum_univ_two

Hint: Omit it from the simp argument list.
  simp [F̵i̵n̵.̵s̵u̵m̵_̵u̵n̵i̵v̵_̵t̵w̵o̵,̵ ̵higham10_8_counterRhat]

Note: This linter can be disabled with `set_option linter.unusedSimpArgs false`
warning: NumStability/Source/Higham/Chapter10/Theorem08/NormwiseDiscrepancy/LiteralSource.lean:267:32: Used `tac1 <;> tac2` where `(tac1; tac2)` would suffice

Note: This linter can be disabled with `set_option linter.unnecessarySeqFocus false`
⚠ [4515/4738] Replayed NumStability.Source.Higham.Chapter10.Theorem07.Core.Results
warning: NumStability/Source/Higham/Chapter10/Theorem07/Core/Results.lean:95:18: unused variable `hC`

Note: This linter can be disabled with `set_option linter.unusedVariables false`
warning: NumStability/Source/Higham/Chapter10/Theorem07/Core/Results.lean:148:2: 'push_cast' tactic does nothing

Note: This linter can be disabled with `set_option linter.unusedTactic false`
warning: NumStability/Source/Higham/Chapter10/Theorem07/Core/Results.lean:162:2: 'push_cast' tactic does nothing

Note: This linter can be disabled with `set_option linter.unusedTactic false`
warning: NumStability/Source/Higham/Chapter10/Theorem07/Core/Results.lean:180:2: 'push_cast' tactic does nothing

Note: This linter can be disabled with `set_option linter.unusedTactic false`
warning: NumStability/Source/Higham/Chapter10/Theorem07/Core/Results.lean:573:6: 'norm_num' tactic does nothing

Note: This linter can be disabled with `set_option linter.unusedTactic false`
warning: NumStability/Source/Higham/Chapter10/Theorem07/Core/Results.lean:663:24: Used `tac1 <;> tac2` where `(tac1; tac2)` would suffice

Note: This linter can be disabled with `set_option linter.unnecessarySeqFocus false`
warning: NumStability/Source/Higham/Chapter10/Theorem07/Core/Results.lean:924:26: This simp argument is unused:
  Nat.rawCast

Hint: Omit it from the simp argument list.
  simp [sourceD, sourceR,̵ ̵N̵a̵t̵.̵r̵a̵w̵C̵a̵s̵t̵]

Note: This linter can be disabled with `set_option linter.unusedSimpArgs false`
warning: NumStability/Source/Higham/Chapter10/Theorem07/Core/Results.lean:958:31: This simp argument is unused:
  Nat.rawCast

Hint: Omit it from the simp argument list.
  simp only [sourceD, sourceR,̵ ̵N̵a̵t̵.̵r̵a̵w̵C̵a̵s̵t̵]

Note: This linter can be disabled with `set_option linter.unusedSimpArgs false`
warning: NumStability/Source/Higham/Chapter10/Theorem07/Core/Results.lean:983:31: This simp argument is unused:
  Nat.rawCast

Hint: Omit it from the simp argument list.
  simp only [sourceD, sourceR,̵ ̵N̵a̵t̵.̵r̵a̵w̵C̵a̵s̵t̵]

Note: This linter can be disabled with `set_option linter.unusedSimpArgs false`
warning: NumStability/Source/Higham/Chapter10/Theorem07/Core/Results.lean:1006:31: This simp argument is unused:
  Nat.rawCast

Hint: Omit it from the simp argument list.
  simp only [sourceD, sourceR,̵ ̵N̵a̵t̵.̵r̵a̵w̵C̵a̵s̵t̵]

Note: This linter can be disabled with `set_option linter.unusedSimpArgs false`
warning: NumStability/Source/Higham/Chapter10/Theorem07/Core/Results.lean:1030:28: 'ring' tactic does nothing

Note: This linter can be disabled with `set_option linter.unusedTactic false`
warning: NumStability/Source/Higham/Chapter10/Theorem07/Core/Results.lean:1030:28: this tactic is never executed

Note: This linter can be disabled with `set_option linter.unreachableTactic false`
warning: NumStability/Source/Higham/Chapter10/Theorem07/Core/Results.lean:1052:28: 'ring' tactic does nothing

Note: This linter can be disabled with `set_option linter.unusedTactic false`
warning: NumStability/Source/Higham/Chapter10/Theorem07/Core/Results.lean:1052:28: this tactic is never executed

Note: This linter can be disabled with `set_option linter.unreachableTactic false`
warning: NumStability/Source/Higham/Chapter10/Theorem07/Core/Results.lean:1338:30: 'ring' tactic does nothing

Note: This linter can be disabled with `set_option linter.unusedTactic false`
warning: NumStability/Source/Higham/Chapter10/Theorem07/Core/Results.lean:1338:30: this tactic is never executed

Note: This linter can be disabled with `set_option linter.unreachableTactic false`
warning: NumStability/Source/Higham/Chapter10/Theorem07/Core/Results.lean:1436:23: Used `tac1 <;> tac2` where `(tac1; tac2)` would suffice

Note: This linter can be disabled with `set_option linter.unnecessarySeqFocus false`
⚠ [4517/4738] Replayed NumStability.Source.Higham.Chapter10.Theorem14.CompletePivotedPSD.Equation22
warning: NumStability/Source/Higham/Chapter10/Theorem14/CompletePivotedPSD/Equation22.lean:427:26: unused variable `he0`

Note: This linter can be disabled with `set_option linter.unusedVariables false`
warning: NumStability/Source/Higham/Chapter10/Theorem14/CompletePivotedPSD/Equation22.lean:428:5: unused variable `hq0`

Note: This linter can be disabled with `set_option linter.unusedVariables false`
warning: NumStability/Source/Higham/Chapter10/Theorem14/CompletePivotedPSD/Equation22.lean:428:26: unused variable `hd0`

Note: This linter can be disabled with `set_option linter.unusedVariables false`
warning: NumStability/Source/Higham/Chapter10/Theorem14/CompletePivotedPSD/Equation22.lean:588:23: Used `tac1 <;> tac2` where `(tac1; tac2)` would suffice

Note: This linter can be disabled with `set_option linter.unnecessarySeqFocus false`
warning: NumStability/Source/Higham/Chapter10/Theorem14/CompletePivotedPSD/Equation22.lean:595:25: Used `tac1 <;> tac2` where `(tac1; tac2)` would suffice

Note: This linter can be disabled with `set_option linter.unnecessarySeqFocus false`
warning: NumStability/Source/Higham/Chapter10/Theorem14/CompletePivotedPSD/Equation22.lean:613:24: Used `tac1 <;> tac2` where `(tac1; tac2)` would suffice

Note: This linter can be disabled with `set_option linter.unnecessarySeqFocus false`
warning: NumStability/Source/Higham/Chapter10/Theorem14/CompletePivotedPSD/Equation22.lean:751:25: Used `tac1 <;> tac2` where `(tac1; tac2)` would suffice

Note: This linter can be disabled with `set_option linter.unnecessarySeqFocus false`
⚠ [4520/4738] Replayed NumStability.Source.Higham.Chapter10.Theorem14.CompletePivotedPSD.SchurPerturbation.Family
warning: NumStability/Source/Higham/Chapter10/Theorem14/CompletePivotedPSD/SchurPerturbation/Family.lean:187:8: unused variable `A11`

Note: This linter can be disabled with `set_option linter.unusedVariables false`
warning: NumStability/Source/Higham/Chapter10/Theorem14/CompletePivotedPSD/SchurPerturbation/Family.lean:425:21: Used `tac1 <;> tac2` where `(tac1; tac2)` would suffice

Note: This linter can be disabled with `set_option linter.unnecessarySeqFocus false`
warning: NumStability/Source/Higham/Chapter10/Theorem14/CompletePivotedPSD/SchurPerturbation/Family.lean:578:25: Used `tac1 <;> tac2` where `(tac1; tac2)` would suffice

Note: This linter can be disabled with `set_option linter.unnecessarySeqFocus false`
warning: NumStability/Source/Higham/Chapter10/Theorem14/CompletePivotedPSD/SchurPerturbation/Family.lean:578:38: Used `tac1 <;> tac2` where `(tac1; tac2)` would suffice

Note: This linter can be disabled with `set_option linter.unnecessarySeqFocus false`
warning: NumStability/Source/Higham/Chapter10/Theorem14/CompletePivotedPSD/SchurPerturbation/Family.lean:728:23: Used `tac1 <;> tac2` where `(tac1; tac2)` would suffice

Note: This linter can be disabled with `set_option linter.unnecessarySeqFocus false`
⚠ [4522/4738] Replayed NumStability.Source.Higham.Chapter11.AasenFactorNorm
warning: NumStability/Source/Higham/Chapter11/AasenFactorNorm.lean:97:5: unused variable `hdiag`

Note: This linter can be disabled with `set_option linter.unusedVariables false`
warning: NumStability/Source/Higham/Chapter11/AasenFactorNorm.lean:123:5: unused variable `hdiag`

Note: This linter can be disabled with `set_option linter.unusedVariables false`
⚠ [4525/4738] Replayed NumStability.Source.Higham.Chapter11.AasenAdjacentPivotTridiagForwardCounterexample
warning: NumStability/Source/Higham/Chapter11/AasenAdjacentPivotTridiagForwardCounterexample.lean:114:42: This simp argument is unused:
  forwardCounterS0_choice0

Hint: Omit it from the simp argument list.
  simp [forwardCounterS1, flDGTTRFStepAt, f̵o̵r̵w̵a̵r̵d̵C̵o̵u̵n̵t̵e̵r̵S̵0̵_̵c̵h̵o̵i̵c̵e̵0̵,̵finReplace, forwardCounterS0_d0, forwardCounterS0_dl0,
  ̲  ̲ ̲ ̲forwardCounterFP, skipZeroSubFP]

Note: This linter can be disabled with `set_option linter.unusedSimpArgs false`
warning: NumStability/Source/Higham/Chapter11/AasenAdjacentPivotTridiagForwardCounterexample.lean:115:4: This simp argument is unused:
  finReplace

Hint: Omit it from the simp argument list.
  simp [forwardCounterS1, flDGTTRFStepAt, forwardCounterS0_choice0,
  ̵  ̵ ̵ ̵fi̵n̵R̵e̵p̵l̵a̵c̵e̵,̵ ̵f̵orwardCounterS0_d0,
  ̲  ̲ ̲ ̲forwardCounterS0_dl0,
  ̵  ̵ ̵ ̵forwardCounterFP, skipZeroSubFP]

Note: This linter can be disabled with `set_option linter.unusedSimpArgs false`
warning: NumStability/Source/Higham/Chapter11/AasenAdjacentPivotTridiagForwardCounterexample.lean:124:42: This simp argument is unused:
  forwardCounterS0_choice0

Hint: Omit it from the simp argument list.
  simp [forwardCounterS1, flDGTTRFStepAt, fo̵r̵w̵a̵r̵d̵C̵o̵u̵n̵t̵e̵r̵S̵0̵_̵c̵h̵o̵ic̵e̵0̵,̵
  ̵ ̵ ̵ ̵ ̵f̵i̵nReplace, forwardCounterS0_d0, forwardCounterS0_dl0,
      forwardCounterS0_d1, forwardCounterS0_du0,
  ̵  ̵ ̵ ̵forwardCounterFP, skipZeroSubFP]

Note: This linter can be disabled with `set_option linter.unusedSimpArgs false`
warning: NumStability/Source/Higham/Chapter11/AasenAdjacentPivotTridiagForwardCounterexample.lean:125:4: This simp argument is unused:
  finReplace

Hint: Omit it from the simp argument list.
  simp [forwardCounterS1, flDGTTRFStepAt, forwardCounterS0_choice0,
  ̵  ̵ ̵ ̵fi̵n̵R̵e̵p̵l̵a̵c̵e̵,̵ ̵f̵orwardCounterS0_d0,
  ̲  ̲ ̲ ̲forwardCounterS0_dl0,
  ̵  ̵ ̵ ̵forwardCounterS0_d1, forwardCounterS0_du0,
  ̵  ̵ ̵ ̵forwardCounterFP,
  ̲  ̲ ̲ ̲skipZeroSubFP]

Note: This linter can be disabled with `set_option linter.unusedSimpArgs false`
warning: NumStability/Source/Higham/Chapter11/AasenAdjacentPivotTridiagForwardCounterexample.lean:175:41: This simp argument is unused:
  finReplace

Hint: Omit it from the simp argument list.
  simp [forwardCounterX1, flDGTTRSForwardStepAt, forwardCounter_ipiv0, forwardCounter_dl0,
  ̲  ̲ ̲ ̲f̵o̵r̵w̵a̵r̵d̵C̵o̵u̵n̵t̵e̵r̵Z̵,̵ ̵f̵i̵n̵R̵e̵p̵l̵a̵c̵e̵]̵f̲o̲r̲w̲a̲r̲d̲C̲o̲u̲n̲t̲e̲r̲Z̲]̲

Note: This linter can be disabled with `set_option linter.unusedSimpArgs false`
warning: NumStability/Source/Higham/Chapter11/AasenAdjacentPivotTridiagForwardCounterexample.lean:197:4: This simp argument is unused:
  finReplace

Hint: Omit it from the simp argument list.
  simp [forwardCounterX2, flDGTTRSForwardStepAt, forwardCounter_ipiv1,
  ̵  ̵ ̵ ̵forwardCounter_dl1,
  ̲  ̲ ̲ ̲forwardCounterX1_1, forwardCounterX1_2,̵
  ̵ ̵ ̵ ̵ ̵f̵i̵n̵R̵e̵p̵l̵a̵c̵e̵]

Note: This linter can be disabled with `set_option linter.unusedSimpArgs false`
⚠ [4526/4738] Replayed NumStability.Source.Higham.Chapter11.AasenMiddleGEPPCh11Counterexample
warning: NumStability/Source/Higham/Chapter11/AasenMiddleGEPPCh11Counterexample.lean:89:50: Used `tac1 <;> tac2` where `(tac1; tac2)` would suffice

Note: This linter can be disabled with `set_option linter.unnecessarySeqFocus false`
warning: NumStability/Source/Higham/Chapter11/AasenMiddleGEPPCh11Counterexample.lean:146:66: Used `tac1 <;> tac2` where `(tac1; tac2)` would suffice

Note: This linter can be disabled with `set_option linter.unnecessarySeqFocus false`
warning: NumStability/Source/Higham/Chapter11/AasenMiddleGEPPCh11Counterexample.lean:522:22: Used `tac1 <;> tac2` where `(tac1; tac2)` would suffice

Note: This linter can be disabled with `set_option linter.unnecessarySeqFocus false`
warning: NumStability/Source/Higham/Chapter11/AasenMiddleGEPPCh11Counterexample.lean:523:17: Used `tac1 <;> tac2` where `(tac1; tac2)` would suffice

Note: This linter can be disabled with `set_option linter.unnecessarySeqFocus false`
warning: NumStability/Source/Higham/Chapter11/AasenMiddleGEPPCh11Counterexample.lean:523:33: Used `tac1 <;> tac2` where `(tac1; tac2)` would suffice

Note: This linter can be disabled with `set_option linter.unnecessarySeqFocus false`
warning: NumStability/Source/Higham/Chapter11/AasenMiddleGEPPCh11Counterexample.lean:523:49: Used `tac1 <;> tac2` where `(tac1; tac2)` would suffice

Note: This linter can be disabled with `set_option linter.unnecessarySeqFocus false`
warning: NumStability/Source/Higham/Chapter11/AasenMiddleGEPPCh11Counterexample.lean:538:22: Used `tac1 <;> tac2` where `(tac1; tac2)` would suffice

Note: This linter can be disabled with `set_option linter.unnecessarySeqFocus false`
warning: NumStability/Source/Higham/Chapter11/AasenMiddleGEPPCh11Counterexample.lean:539:17: Used `tac1 <;> tac2` where `(tac1; tac2)` would suffice

Note: This linter can be disabled with `set_option linter.unnecessarySeqFocus false`
warning: NumStability/Source/Higham/Chapter11/AasenMiddleGEPPCh11Counterexample.lean:552:20: Used `tac1 <;> tac2` where `(tac1; tac2)` would suffice

Note: This linter can be disabled with `set_option linter.unnecessarySeqFocus false`
warning: NumStability/Source/Higham/Chapter11/AasenMiddleGEPPCh11Counterexample.lean:553:15: Used `tac1 <;> tac2` where `(tac1; tac2)` would suffice

Note: This linter can be disabled with `set_option linter.unnecessarySeqFocus false`
⚠ [4529/4738] Replayed NumStability.Source.Higham.Chapter11.AasenDirectTridiagGEPPSolve
warning: NumStability/Source/Higham/Chapter11/AasenDirectTridiagGEPPSolve.lean:49:29: unused variable `fp`

Note: This linter can be disabled with `set_option linter.unusedVariables false`
warning: NumStability/Source/Higham/Chapter11/AasenDirectTridiagGEPPSolve.lean:87:8: unused variable `z`

Note: This linter can be disabled with `set_option linter.unusedVariables false`
warning: NumStability/Source/Higham/Chapter11/AasenDirectTridiagGEPPSolve.lean:202:47: unused variable `hn`

Note: This linter can be disabled with `set_option linter.unusedVariables false`
warning: NumStability/Source/Higham/Chapter11/AasenDirectTridiagGEPPSolve.lean:299:8: unused variable `z`

Note: This linter can be disabled with `set_option linter.unusedVariables false`
⚠ [4531/4738] Replayed NumStability.Source.Higham.Chapter11.AasenAdjacentPivotOperationalMiddle
warning: NumStability/Source/Higham/Chapter11/AasenAdjacentPivotOperationalMiddle.lean:254:16: This simp argument is unused:
  i

Hint: Omit it from the simp argument list.
  simp [̵i̵]̵ ̵at this

Note: This linter can be disabled with `set_option linter.unusedSimpArgs false`
warning: NumStability/Source/Higham/Chapter11/AasenAdjacentPivotOperationalMiddle.lean:360:10: This simp argument is unused:
  kp

Hint: Omit it from the simp argument list.
  simp [̵k̵p̵]̵ ̵at this

Note: This linter can be disabled with `set_option linter.unusedSimpArgs false`
warning: NumStability/Source/Higham/Chapter11/AasenAdjacentPivotOperationalMiddle.lean:370:22: This simp argument is unused:
  hkp_ne

Hint: Omit it from the simp argument list.
  simp [dgttrfUpperPivotResidual, dgttrfActivePivotResidual,
  ̵  ̵ ̵ ̵ ̵ ̵flDGTTRFStepAt,
  ̲  ̲ ̲ ̲flDGTTRSForwardStepAt, hchoice, hdu2,
  ̵  ̵ ̵ ̵ ̵ ̵finReplace, kp, hkp̵_ne,̵ ̵h̵k̵_̵n̵e̵]

Note: This linter can be disabled with `set_option linter.unusedSimpArgs false`
warning: NumStability/Source/Higham/Chapter11/AasenAdjacentPivotOperationalMiddle.lean:374:18: This simp argument is unused:
  kp

Hint: Omit it from the simp argument list.
  simp [flDGTTRFStepAt, flDGTTRSForwardStepAt, hchoice, hdu2,
  ̵  ̵ ̵ ̵ ̵ ̵finReplace, k̵p̵,̵ ̵hkp_ne, hk_ne]

Note: This linter can be disabled with `set_option linter.unusedSimpArgs false`
warning: NumStability/Source/Higham/Chapter11/AasenAdjacentPivotOperationalMiddle.lean:374:22: This simp argument is unused:
  hkp_ne

Hint: Omit it from the simp argument list.
  simp [flDGTTRFStepAt, flDGTTRSForwardStepAt, hchoice, hdu2,
  ̵  ̵ ̵ ̵ ̵ ̵finReplace, kp, hkp̵_ne,̵ ̵h̵k̵_̵n̵e̵]

Note: This linter can be disabled with `set_option linter.unusedSimpArgs false`
warning: NumStability/Source/Higham/Chapter11/AasenAdjacentPivotOperationalMiddle.lean:374:30: This simp argument is unused:
  hk_ne

Hint: Omit it from the simp argument list.
  simp [flDGTTRFStepAt, flDGTTRSForwardStepAt, hchoice, hdu2,
  ̵  ̵ ̵ ̵ ̵ ̵finReplace, kp, hkp_ne,̵ ̵h̵k̵_̵n̵e̵]

Note: This linter can be disabled with `set_option linter.unusedSimpArgs false`
warning: NumStability/Source/Higham/Chapter11/AasenAdjacentPivotOperationalMiddle.lean:403:10: This simp argument is unused:
  kp

Hint: Omit it from the simp argument list.
  simp [̵k̵p̵]̵ ̵at this

Note: This linter can be disabled with `set_option linter.unusedSimpArgs false`
warning: NumStability/Source/Higham/Chapter11/AasenAdjacentPivotOperationalMiddle.lean:407:44: This simp argument is unused:
  kp

Hint: Omit it from the simp argument list.
  simp [flDGTTRFStepAt, hchoice, finSwap, k̵p̵,̵ ̵hkp_ne, hk_ne]

Note: This linter can be disabled with `set_option linter.unusedSimpArgs false`
warning: NumStability/Source/Higham/Chapter11/AasenAdjacentPivotOperationalMiddle.lean:407:48: This simp argument is unused:
  hkp_ne

Hint: Omit it from the simp argument list.
  simp [flDGTTRFStepAt, hchoice, finSwap, kp, hkp̵_ne,̵ ̵h̵k̵_̵n̵e̵]

Note: This linter can be disabled with `set_option linter.unusedSimpArgs false`
warning: NumStability/Source/Higham/Chapter11/AasenAdjacentPivotOperationalMiddle.lean:407:56: This simp argument is unused:
  hk_ne

Hint: Omit it from the simp argument list.
  simp [flDGTTRFStepAt, hchoice, finSwap, kp, hkp_ne,̵ ̵h̵k̵_̵n̵e̵]

Note: This linter can be disabled with `set_option linter.unusedSimpArgs false`
warning: NumStability/Source/Higham/Chapter11/AasenAdjacentPivotOperationalMiddle.lean:409:56: This simp argument is unused:
  hk_ne

Hint: Omit it from the simp argument list.
  simp [flDGTTRFStepAt, hchoice, finSwap, kp, hkp_ne,̵ ̵h̵k̵_̵n̵e̵]

Note: This linter can be disabled with `set_option linter.unusedSimpArgs false`
warning: NumStability/Source/Higham/Chapter11/AasenAdjacentPivotOperationalMiddle.lean:412:54: This simp argument is unused:
  hdu2

Hint: Omit it from the simp argument list.
  simp [dgttrfUpperPivotResidual, dgttrfActiveNextResidual,
  ̵  ̵ ̵ ̵ ̵ ̵flDGTTRFStepAt,
  ̲  ̲ ̲ ̲flDGTTRSForwardStepAt, hchoice, h̵d̵u̵2̵,̵
  ̵ ̵ ̵ ̵ ̵ ̵ ̵finReplace, kp, hkp_ne, hk_ne]

Note: This linter can be disabled with `set_option linter.unusedSimpArgs false`
warning: NumStability/Source/Higham/Chapter11/AasenAdjacentPivotOperationalMiddle.lean:413:22: This simp argument is unused:
  hkp_ne

Hint: Omit it from the simp argument list.
  simp [dgttrfUpperPivotResidual, dgttrfActiveNextResidual,
  ̵  ̵ ̵ ̵ ̵ ̵flDGTTRFStepAt,
  ̲  ̲ ̲ ̲flDGTTRSForwardStepAt, hchoice, hdu2,
  ̵  ̵ ̵ ̵ ̵ ̵finReplace, kp, hkp̵_ne,̵ ̵h̵k̵_̵n̵e̵]

Note: This linter can be disabled with `set_option linter.unusedSimpArgs false`
warning: NumStability/Source/Higham/Chapter11/AasenAdjacentPivotOperationalMiddle.lean:417:18: This simp argument is unused:
  kp

Hint: Omit it from the simp argument list.
  simp [flDGTTRFStepAt, flDGTTRSForwardStepAt, hchoice, hdu2,
  ̵  ̵ ̵ ̵ ̵ ̵finReplace, k̵p̵,̵ ̵hkp_ne, hk_ne]

Note: This linter can be disabled with `set_option linter.unusedSimpArgs false`
warning: NumStability/Source/Higham/Chapter11/AasenAdjacentPivotOperationalMiddle.lean:417:22: This simp argument is unused:
  hkp_ne

Hint: Omit it from the simp argument list.
  simp [flDGTTRFStepAt, flDGTTRSForwardStepAt, hchoice, hdu2,
  ̵  ̵ ̵ ̵ ̵ ̵finReplace, kp, hkp̵_ne,̵ ̵h̵k̵_̵n̵e̵]

Note: This linter can be disabled with `set_option linter.unusedSimpArgs false`
warning: NumStability/Source/Higham/Chapter11/AasenAdjacentPivotOperationalMiddle.lean:417:30: This simp argument is unused:
  hk_ne

Hint: Omit it from the simp argument list.
  simp [flDGTTRFStepAt, flDGTTRSForwardStepAt, hchoice, hdu2,
  ̵  ̵ ̵ ̵ ̵ ̵finReplace, kp, hkp_ne,̵ ̵h̵k̵_̵n̵e̵]

Note: This linter can be disabled with `set_option linter.unusedSimpArgs false`
warning: NumStability/Source/Higham/Chapter11/AasenAdjacentPivotOperationalMiddle.lean:626:2: try 'simp' instead of 'simpa'

Note: This linter can be disabled with `set_option linter.unnecessarySimpa false`
warning: NumStability/Source/Higham/Chapter11/AasenAdjacentPivotOperationalMiddle.lean:1154:8: unused variable `DeltaT`

Note: This linter can be disabled with `set_option linter.unusedVariables false`
warning: NumStability/Source/Higham/Chapter11/AasenAdjacentPivotOperationalMiddle.lean:1208:8: unused variable `DeltaT`

Note: This linter can be disabled with `set_option linter.unusedVariables false`
⚠ [4534/4738] Replayed NumStability.Source.Higham.Chapter11.AasenPermutationSourceCorrection
warning: NumStability/Source/Higham/Chapter11/AasenPermutationSourceCorrection.lean:155:79: Used `tac1 <;> tac2` where `(tac1; tac2)` would suffice

Note: This linter can be disabled with `set_option linter.unnecessarySeqFocus false`
⚠ [4544/4738] Replayed NumStability.Source.Higham.Chapter11.Bunch.ExactTrace
warning: NumStability/Source/Higham/Chapter11/Bunch/ExactTrace.lean:218:5: unused variable `hA`

Note: This linter can be disabled with `set_option linter.unusedVariables false`
warning: NumStability/Source/Higham/Chapter11/Bunch/ExactTrace.lean:254:5: unused variable `hA`

Note: This linter can be disabled with `set_option linter.unusedVariables false`
warning: NumStability/Source/Higham/Chapter11/Bunch/ExactTrace.lean:255:5: unused variable `hentry`

Note: This linter can be disabled with `set_option linter.unusedVariables false`
⚠ [4548/4738] Replayed NumStability.Source.Higham.Chapter11.Bunch.SharpGrowthBridge
info: NumStability/Source/Higham/Chapter11/Bunch/SharpGrowthBridge.lean:229:4: Try this:
  [apply] ring_nf
  
  The `ring` tactic failed to close the goal. Use `ring_nf` to obtain a normal form.
    
  Note that `ring` works primarily in *commutative* rings. If you have a noncommutative ring, abelian group or module, consider using `noncomm_ring`, `abel` or `module` instead.
info: NumStability/Source/Higham/Chapter11/Bunch/SharpGrowthBridge.lean:361:6: Try this:
  [apply] ring_nf
  
  The `ring` tactic failed to close the goal. Use `ring_nf` to obtain a normal form.
    
  Note that `ring` works primarily in *commutative* rings. If you have a noncommutative ring, abelian group or module, consider using `noncomm_ring`, `abel` or `module` instead.
warning: NumStability/Source/Higham/Chapter11/Bunch/SharpGrowthBridge.lean:656:25: Used `tac1 <;> tac2` where `(tac1; tac2)` would suffice

Note: This linter can be disabled with `set_option linter.unnecessarySeqFocus false`
warning: NumStability/Source/Higham/Chapter11/Bunch/SharpGrowthBridge.lean:715:4: 'push_cast' tactic does nothing

Note: This linter can be disabled with `set_option linter.unusedTactic false`
warning: NumStability/Source/Higham/Chapter11/Bunch/SharpGrowthBridge.lean:741:2: 'push_cast at hlog' tactic does nothing

Note: This linter can be disabled with `set_option linter.unusedTactic false`
warning: NumStability/Source/Higham/Chapter11/Bunch/SharpGrowthBridge.lean:877:49: This simp argument is unused:
  eliminatedWidth

Hint: Omit it from the simp argument list.
  simp only [boundaryMoment, totalWidth, e̵l̵i̵m̵i̵n̵a̵t̵e̵d̵W̵i̵d̵t̵h̵,̵List.map_cons, List.sum_cons, Nat.cast_add,
  ̲  ̲ ̲ ̲ ̲ ̲ ̲ ̲ ̲ ̲ ̲ ̲Nat.cast_mul]

Note: This linter can be disabled with `set_option linter.unusedSimpArgs false`
warning: NumStability/Source/Higham/Chapter11/Bunch/SharpGrowthBridge.lean:835:67: Used `tac1 <;> tac2` where `(tac1; tac2)` would suffice

Note: This linter can be disabled with `set_option linter.unnecessarySeqFocus false`
warning: NumStability/Source/Higham/Chapter11/Bunch/SharpGrowthBridge.lean:940:25: This simp argument is unused:
  w

Hint: Omit it from the simp argument list.
  simp [totalWidth, D, w̵,̵ ̵d]

Note: This linter can be disabled with `set_option linter.unusedSimpArgs false`
warning: NumStability/Source/Higham/Chapter11/Bunch/SharpGrowthBridge.lean:940:28: This simp argument is unused:
  d

Hint: Omit it from the simp argument list.
  simp [totalWidth, D, w,̵ ̵d̵]

Note: This linter can be disabled with `set_option linter.unusedSimpArgs false`
warning: NumStability/Source/Higham/Chapter11/Bunch/SharpGrowthBridge.lean:963:19: This simp argument is unused:
  w

Hint: Omit it from the simp argument list.
  simp [D, w̵,̵ ̵d]

Note: This linter can be disabled with `set_option linter.unusedSimpArgs false`
warning: NumStability/Source/Higham/Chapter11/Bunch/SharpGrowthBridge.lean:963:22: This simp argument is unused:
  d

Hint: Omit it from the simp argument list.
  simp [D, w,̵ ̵d̵]

Note: This linter can be disabled with `set_option linter.unusedSimpArgs false`
info: NumStability/Source/Higham/Chapter11/Bunch/SharpGrowthBridge.lean:975:2: Try this:
  [apply] ring_nf
  
  The `ring` tactic failed to close the goal. Use `ring_nf` to obtain a normal form.
    
  Note that `ring` works primarily in *commutative* rings. If you have a noncommutative ring, abelian group or module, consider using `noncomm_ring`, `abel` or `module` instead.
warning: NumStability/Source/Higham/Chapter11/Bunch/SharpGrowthBridge.lean:994:8: 'nlinarith' tactic does nothing

Note: This linter can be disabled with `set_option linter.unusedTactic false`
warning: NumStability/Source/Higham/Chapter11/Bunch/SharpGrowthBridge.lean:994:8: this tactic is never executed

Note: This linter can be disabled with `set_option linter.unreachableTactic false`
warning: NumStability/Source/Higham/Chapter11/Bunch/SharpGrowthBridge.lean:1020:4: 'push_cast' tactic does nothing

Note: This linter can be disabled with `set_option linter.unusedTactic false`
info: NumStability/Source/Higham/Chapter11/Bunch/SharpGrowthBridge.lean:1450:4: Try this:
  [apply] ring_nf
  
  The `ring` tactic failed to close the goal. Use `ring_nf` to obtain a normal form.
    
  Note that `ring` works primarily in *commutative* rings. If you have a noncommutative ring, abelian group or module, consider using `noncomm_ring`, `abel` or `module` instead.
⚠ [4550/4738] Replayed NumStability.Source.Higham.Chapter11.Bunch.TraceHadamard
warning: NumStability/Source/Higham/Chapter11/Bunch/TraceHadamard.lean:110:5: unused variable `h00`

Note: This linter can be disabled with `set_option linter.unusedVariables false`
warning: NumStability/Source/Higham/Chapter11/Bunch/TraceHadamard.lean:401:5: unused variable `hk`

Note: This linter can be disabled with `set_option linter.unusedVariables false`
warning: NumStability/Source/Higham/Chapter11/Bunch/TraceHadamard.lean:599:35: unused variable `segment`

Note: This linter can be disabled with `set_option linter.unusedVariables false`
warning: NumStability/Source/Higham/Chapter11/Bunch/TraceHadamard.lean:667:16: try 'simp' instead of 'simpa'

Note: This linter can be disabled with `set_option linter.unnecessarySimpa false`
warning: NumStability/Source/Higham/Chapter11/Bunch/TraceHadamard.lean:671:16: try 'simp' instead of 'simpa'

Note: This linter can be disabled with `set_option linter.unnecessarySimpa false`
warning: NumStability/Source/Higham/Chapter11/Bunch/TraceHadamard.lean:674:16: try 'simp' instead of 'simpa'

Note: This linter can be disabled with `set_option linter.unnecessarySimpa false`
warning: NumStability/Source/Higham/Chapter11/Bunch/TraceHadamard.lean:719:18: try 'simp' instead of 'simpa'

Note: This linter can be disabled with `set_option linter.unnecessarySimpa false`
warning: NumStability/Source/Higham/Chapter11/Bunch/TraceHadamard.lean:747:18: try 'simp' instead of 'simpa'

Note: This linter can be disabled with `set_option linter.unnecessarySimpa false`
⚠ [4553/4738] Replayed NumStability.Source.Higham.Chapter11.BunchKaufman.Rounded.Bridge
warning: NumStability/Source/Higham/Chapter11/BunchKaufman/Rounded/Bridge.lean:385:51: Used `tac1 <;> tac2` where `(tac1; tac2)` would suffice

Note: This linter can be disabled with `set_option linter.unnecessarySeqFocus false`
⚠ [4554/4738] Replayed NumStability.Source.Higham.Chapter11.BunchKaufman.Rounded.Execution
warning: NumStability/Source/Higham/Chapter11/BunchKaufman/Rounded/Execution.lean:349:12: This simp argument is unused:
  Completed

Hint: Omit it from the simp argument list.
  simp [C̵o̵m̵p̵l̵e̵t̵e̵d̵,̵ ̵widths, widths_sum_of_completed tail ht]

Note: This linter can be disabled with `set_option linter.unusedSimpArgs false`
warning: NumStability/Source/Higham/Chapter11/BunchKaufman/Rounded/Execution.lean:353:12: This simp argument is unused:
  Completed

Hint: Omit it from the simp argument list.
  simp [C̵o̵m̵p̵l̵e̵t̵e̵d̵,̵ ̵widths, widths_sum_of_completed tail ht]

Note: This linter can be disabled with `set_option linter.unusedSimpArgs false`
warning: NumStability/Source/Higham/Chapter11/BunchKaufman/Rounded/Execution.lean:357:12: This simp argument is unused:
  Completed

Hint: Omit it from the simp argument list.
  simp [C̵o̵m̵p̵l̵e̵t̵e̵d̵,̵ ̵widths, widths_sum_of_completed tail ht]

Note: This linter can be disabled with `set_option linter.unusedSimpArgs false`
warning: NumStability/Source/Higham/Chapter11/BunchKaufman/Rounded/Execution.lean:361:12: This simp argument is unused:
  Completed

Hint: Omit it from the simp argument list.
  simp [C̵o̵m̵p̵l̵e̵t̵e̵d̵,̵ ̵widths, widths_sum_of_completed tail ht]

Note: This linter can be disabled with `set_option linter.unusedSimpArgs false`
warning: NumStability/Source/Higham/Chapter11/BunchKaufman/Rounded/Execution.lean:365:12: This simp argument is unused:
  Completed

Hint: Omit it from the simp argument list.
  simp [C̵o̵m̵p̵l̵e̵t̵e̵d̵,̵ ̵widths, widths_sum_of_completed tail ht]

Note: This linter can be disabled with `set_option linter.unusedSimpArgs false`
⚠ [4558/4738] Replayed NumStability.Source.Higham.Chapter11.BunchKaufman.Rounded.Accumulated
warning: NumStability/Source/Higham/Chapter11/BunchKaufman/Rounded/Accumulated.lean:357:4: This simp argument is unused:
  higham11_2_blockTwoD_01

Hint: Omit it from the simp argument list.
  simp only [higham11_2_ldltProduct, sum_fin_add_two,
  ̵  ̵ ̵ ̵higham11_2_blockTwoL_00,
  ̲  ̲ ̲ ̲higham11_2_blockTwoL_01,
  ̵  ̵ ̵ ̵higham11_2_blockTwoL_0t, higham11_2_blockTwoD_00,
      higham11_2_blockTwoD_01̵,̵ ̵h̵i̵g̵h̵a̵m̵1̵1̵_̵2̵_̵b̵l̵o̵c̵k̵T̵w̵o̵D̵_̵0̵t,
  ̵  ̵ ̵ ̵zero_mul, mul_zero, one_mul, mul_one, add_zero, zero_add,
      Finset.sum_const_zero]

Note: This linter can be disabled with `set_option linter.unusedSimpArgs false`
warning: NumStability/Source/Higham/Chapter11/BunchKaufman/Rounded/Accumulated.lean:357:29: This simp argument is unused:
  higham11_2_blockTwoD_0t

Hint: Omit it from the simp argument list.
  simp only [higham11_2_ldltProduct, sum_fin_add_two, higham11_2_blockTwoL_00,
  ̲  ̲ ̲ ̲higham11_2_blockTwoL_01, higham11_2_blockTwoL_0t, higham11_2_blockTwoD_00,
      higham11_2_blockTwoD_01, h̵i̵g̵h̵a̵m̵1̵1̵_̵2̵_̵b̵l̵o̵c̵k̵T̵w̵o̵D̵_̵0̵t̵,̵zero_mul, mul_zero, one_mul, mul_one, add_zero, zero_add,
  ̲  ̲ ̲ ̲Finset.sum_const_zero]

Note: This linter can be disabled with `set_option linter.unusedSimpArgs false`
warning: NumStability/Source/Higham/Chapter11/BunchKaufman/Rounded/Accumulated.lean:358:52: This simp argument is unused:
  zero_add

Hint: Omit it from the simp argument list.
  simp only [higham11_2_ldltProduct, sum_fin_add_two,
  ̵  ̵ ̵ ̵higham11_2_blockTwoL_00,
  ̲  ̲ ̲ ̲higham11_2_blockTwoL_01,
  ̵  ̵ ̵ ̵higham11_2_blockTwoL_0t, higham11_2_blockTwoD_00,
      higham11_2_blockTwoD_01, higham11_2_blockTwoD_0t,
  ̵  ̵ ̵ ̵zero_mul, mul_zero, one_mul, mul_one, ̵a̵d̵d̵_̵z̵e̵r̵o̵,̵ ̵z̵e̵r̵o̵_̵a̵d̵d̵,̵
      a̲d̲d̲_̲z̲e̲r̲o̲,̲ ̲Finset.sum_const_zero]

Note: This linter can be disabled with `set_option linter.unusedSimpArgs false`
warning: NumStability/Source/Higham/Chapter11/BunchKaufman/Rounded/Accumulated.lean:368:4: This simp argument is unused:
  higham11_2_blockTwoD_00

Hint: Omit it from the simp argument list.
  simp only [higham11_2_ldltProduct, sum_fin_add_two, higham11_2_blockTwoL_00,
  ̲  ̲ ̲ ̲higham11_2_blockTwoL_01, higham11_2_blockTwoL_10, higham11_2_blockTwoL_11,
      higham11_2_blockTwoL_0t, higham11_2_blockTwoL_1t, h̵i̵g̵h̵a̵m̵1̵1̵_̵2̵_̵b̵l̵o̵c̵k̵T̵w̵o̵D̵_̵0̵0̵,̵ ̵higham11_2_blockTwoD_01,
      higham11_2_blockTwoD_0t, zero_mul, mul_zero, one_mul, mul_one, add_zero, zero_add,
  ̲  ̲ ̲ ̲Finset.sum_const_zero]

Note: This linter can be disabled with `set_option linter.unusedSimpArgs false`
warning: NumStability/Source/Higham/Chapter11/BunchKaufman/Rounded/Accumulated.lean:369:4: This simp argument is unused:
  higham11_2_blockTwoD_0t

Hint: Omit it from the simp argument list.
  simp only [higham11_2_ldltProduct, sum_fin_add_two, higham11_2_blockTwoL_00,
  ̲  ̲ ̲ ̲higham11_2_blockTwoL_01, higham11_2_blockTwoL_10, higham11_2_blockTwoL_11,
      higham11_2_blockTwoL_0t, higham11_2_blockTwoL_1t, higham11_2_blockTwoD_00,
  ̲  ̲ ̲ ̲higham11_2_blockTwoD_01, h̵i̵g̵h̵a̵m̵1̵1̵_̵2̵_̵b̵l̵o̵c̵k̵T̵w̵o̵D̵_̵0̵t̵,̵ ̵zero_mul, mul_zero, one_mul, mul_one, add_zero, zero_add,
  ̲  ̲ ̲ ̲Finset.sum_const_zero]

Note: This linter can be disabled with `set_option linter.unusedSimpArgs false`
warning: NumStability/Source/Higham/Chapter11/BunchKaufman/Rounded/Accumulated.lean:379:29: This simp argument is unused:
  higham11_2_blockTwoD_11

Hint: Omit it from the simp argument list.
  simp only [higham11_2_ldltProduct, sum_fin_add_two, higham11_2_blockTwoL_00,
  ̲  ̲ ̲ ̲higham11_2_blockTwoL_01, higham11_2_blockTwoL_10, higham11_2_blockTwoL_11,
      higham11_2_blockTwoL_0t, higham11_2_blockTwoL_1t, higham11_2_blockTwoD_10,
  ̲  ̲ ̲ ̲h̵i̵g̵h̵a̵m̵1̵1̵_̵2̵_̵b̵l̵o̵c̵k̵T̵w̵o̵D̵_̵1̵1̵,̵higham11_2_blockTwoD_1t, zero_mul, mul_zero, one_mul, mul_one, add_zero, zero_add,
  ̲  ̲ ̲ ̲Finset.sum_const_zero]

Note: This linter can be disabled with `set_option linter.unusedSimpArgs false`
warning: NumStability/Source/Higham/Chapter11/BunchKaufman/Rounded/Accumulated.lean:380:4: This simp argument is unused:
  higham11_2_blockTwoD_1t

Hint: Omit it from the simp argument list.
  simp only [higham11_2_ldltProduct, sum_fin_add_two, higham11_2_blockTwoL_00,
  ̲  ̲ ̲ ̲higham11_2_blockTwoL_01, higham11_2_blockTwoL_10, higham11_2_blockTwoL_11,
      higham11_2_blockTwoL_0t, higham11_2_blockTwoL_1t, higham11_2_blockTwoD_10,
  ̲  ̲ ̲ ̲higham11_2_blockTwoD_11, h̵i̵g̵h̵a̵m̵1̵1̵_̵2̵_̵b̵l̵o̵c̵k̵T̵w̵o̵D̵_̵1̵t̵,̵ ̵zero_mul, mul_zero, one_mul, mul_one, add_zero, zero_add,
  ̲  ̲ ̲ ̲Finset.sum_const_zero]

Note: This linter can be disabled with `set_option linter.unusedSimpArgs false`
warning: NumStability/Source/Higham/Chapter11/BunchKaufman/Rounded/Accumulated.lean:388:29: This simp argument is unused:
  higham11_2_blockTwoD_10

Hint: Omit it from the simp argument list.
  simp only [higham11_2_ldltProduct, sum_fin_add_two, higham11_2_blockTwoL_10,
  ̲  ̲ ̲ ̲higham11_2_blockTwoL_11, higham11_2_blockTwoL_1t, h̵i̵g̵h̵a̵m̵1̵1̵_̵2̵_̵b̵l̵o̵c̵k̵T̵w̵o̵D̵_̵1̵0̵,̵higham11_2_blockTwoD_11,
      higham11_2_blockTwoD_1t, zero_mul, mul_zero, one_mul, mul_one, add_zero, zero_add,
  ̲  ̲ ̲ ̲Finset.sum_const_zero]

Note: This linter can be disabled with `set_option linter.unusedSimpArgs false`
warning: NumStability/Source/Higham/Chapter11/BunchKaufman/Rounded/Accumulated.lean:389:29: This simp argument is unused:
  higham11_2_blockTwoD_1t

Hint: Omit it from the simp argument list.
  simp only [higham11_2_ldltProduct, sum_fin_add_two,
  ̵  ̵ ̵ ̵higham11_2_blockTwoL_10,
  ̲  ̲ ̲ ̲higham11_2_blockTwoL_11,
  ̵  ̵ ̵ ̵higham11_2_blockTwoL_1t, higham11_2_blockTwoD_10,
      higham11_2_blockTwoD_11, h̵i̵g̵h̵a̵m̵1̵1̵_̵2̵_̵b̵l̵o̵c̵k̵T̵w̵o̵D̵_̵1̵t̵,̵
  ̵ ̵ ̵ ̵ ̵zero_mul, mul_zero, one_mul, mul_one, add_zero, zero_add,
      Finset.sum_const_zero]

Note: This linter can be disabled with `set_option linter.unusedSimpArgs false`
warning: NumStability/Source/Higham/Chapter11/BunchKaufman/Rounded/Accumulated.lean:403:58: This simp argument is unused:
  mul_one

Hint: Omit it from the simp argument list.
  simp only [higham11_2_ldltProduct, sum_fin_add_two, higham11_2_blockTwoL_00,
  ̲  ̲ ̲ ̲higham11_2_blockTwoL_01, higham11_2_blockTwoL_0t, higham11_2_blockTwoL_t0,
      higham11_2_blockTwoL_t1, higham11_2_blockTwoL_tt, higham11_2_blockTwoD_00,
  ̲  ̲ ̲ ̲higham11_2_blockTwoD_01, higham11_2_blockTwoD_0t, zero_mul, mul_zero, one_mul, m̵u̵l̵_̵o̵n̵e̵,̵add_zero,
      zero_add, Finset.sum_const_zero]

Note: This linter can be disabled with `set_option linter.unusedSimpArgs false`
warning: NumStability/Source/Higham/Chapter11/BunchKaufman/Rounded/Accumulated.lean:404:14: This simp argument is unused:
  zero_add

Hint: Omit it from the simp argument list.
  simp only [higham11_2_ldltProduct, sum_fin_add_two, higham11_2_blockTwoL_00,
  ̲  ̲ ̲ ̲higham11_2_blockTwoL_01, higham11_2_blockTwoL_0t, higham11_2_blockTwoL_t0,
      higham11_2_blockTwoL_t1, higham11_2_blockTwoL_tt, higham11_2_blockTwoD_00,
  ̲  ̲ ̲ ̲higham11_2_blockTwoD_01, higham11_2_blockTwoD_0t, zero_mul, mul_zero, one_mul, mul_one,
      add_zero, z̵e̵r̵o̵_̵a̵d̵d̵,̵ ̵Finset.sum_const_zero]

Note: This linter can be disabled with `set_option linter.unusedSimpArgs false`
warning: NumStability/Source/Higham/Chapter11/BunchKaufman/Rounded/Accumulated.lean:416:58: This simp argument is unused:
  mul_one

Hint: Omit it from the simp argument list.
  simp only [higham11_2_ldltProduct, sum_fin_add_two,
  ̵  ̵ ̵ ̵higham11_2_blockTwoL_10,
  ̲  ̲ ̲ ̲higham11_2_blockTwoL_11,
  ̵  ̵ ̵ ̵higham11_2_blockTwoL_1t, higham11_2_blockTwoL_t0,
      higham11_2_blockTwoL_t1, higham11_2_blockTwoL_tt,
  ̵  ̵ ̵ ̵higham11_2_blockTwoD_10,
  ̲  ̲ ̲ ̲higham11_2_blockTwoD_11,
  ̵  ̵ ̵ ̵higham11_2_blockTwoD_1t, zero_mul, mul_zero, one_̵m̵u̵l̵_̲m̲u̲l̲, m̵u̵l̵_̵o̵n̵e̵,̵
  ̵ ̵ ̵ ̵ ̵add_zero,
  ̲  ̲ ̲ ̲zero_add, Finset.sum_const_zero]

Note: This linter can be disabled with `set_option linter.unusedSimpArgs false`
warning: NumStability/Source/Higham/Chapter11/BunchKaufman/Rounded/Accumulated.lean:429:29: This simp argument is unused:
  higham11_2_blockTwoD_01

Hint: Omit it from the simp argument list.
  simp only [higham11_2_ldltProduct, sum_fin_add_two, higham11_2_blockTwoL_00,
  ̲  ̲ ̲ ̲higham11_2_blockTwoL_01, higham11_2_blockTwoL_0t, higham11_2_blockTwoL_t0,
      higham11_2_blockTwoL_t1, higham11_2_blockTwoL_tt, higham11_2_blockTwoD_00,
  ̲  ̲ ̲ ̲higham11_2_blockTwoD_10, higham11_2_blockTwoD_t0, h̵i̵g̵h̵a̵m̵1̵1̵_̵2̵_̵b̵l̵o̵c̵k̵T̵w̵o̵D̵_̵0̵1̵,̵higham11_2_blockTwoD_11,
      higham11_2_blockTwoD_t1, higham11_2_blockTwoD_0t, higham11_2_blockTwoD_1t,
  ̲  ̲ ̲ ̲higham11_2_blockTwoD_tt, zero_mul, mul_zero, one_mul, mul_one, add_zero, zero_add,
  ̲  ̲ ̲ ̲Finset.sum_const_zero]

Note: This linter can be disabled with `set_option linter.unusedSimpArgs false`
warning: NumStability/Source/Higham/Chapter11/BunchKaufman/Rounded/Accumulated.lean:430:4: This simp argument is unused:
  higham11_2_blockTwoD_11

Hint: Omit it from the simp argument list.
  simp only [higham11_2_ldltProduct, sum_fin_add_two, higham11_2_blockTwoL_00,
  ̲  ̲ ̲ ̲higham11_2_blockTwoL_01, higham11_2_blockTwoL_0t, higham11_2_blockTwoL_t0,
      higham11_2_blockTwoL_t1, higham11_2_blockTwoL_tt, higham11_2_blockTwoD_00,
  ̲  ̲ ̲ ̲higham11_2_blockTwoD_10, higham11_2_blockTwoD_t0, higham11_2_blockTwoD_01,
      h̵i̵g̵h̵a̵m̵1̵1̵_̵2̵_̵b̵l̵o̵c̵k̵T̵w̵o̵D̵_̵1̵1̵,̵ ̵higham11_2_blockTwoD_t1, higham11_2_blockTwoD_0t, higham11_2_blockTwoD_1t,
      higham11_2_blockTwoD_tt, zero_mul, mul_zero, one_mul, mul_one, add_zero, zero_add,
  ̲  ̲ ̲ ̲Finset.sum_const_zero]

Note: This linter can be disabled with `set_option linter.unusedSimpArgs false`
warning: NumStability/Source/Higham/Chapter11/BunchKaufman/Rounded/Accumulated.lean:430:29: This simp argument is unused:
  higham11_2_blockTwoD_t1

Hint: Omit it from the simp argument list.
  simp only [higham11_2_ldltProduct, sum_fin_add_two, higham11_2_blockTwoL_00,
  ̲  ̲ ̲ ̲higham11_2_blockTwoL_01, higham11_2_blockTwoL_0t, higham11_2_blockTwoL_t0,
      higham11_2_blockTwoL_t1, higham11_2_blockTwoL_tt, higham11_2_blockTwoD_00,
  ̲  ̲ ̲ ̲higham11_2_blockTwoD_10, higham11_2_blockTwoD_t0, higham11_2_blockTwoD_01,
      higham11_2_blockTwoD_11, h̵i̵g̵h̵a̵m̵1̵1̵_̵2̵_̵b̵l̵o̵c̵k̵T̵w̵o̵D̵_̵t̵1̵,̵higham11_2_blockTwoD_0t, higham11_2_blockTwoD_1t,
  ̲  ̲ ̲ ̲higham11_2_blockTwoD_tt, zero_mul, mul_zero, one_mul, mul_one, add_zero, zero_add,
  ̲  ̲ ̲ ̲Finset.sum_const_zero]

Note: This linter can be disabled with `set_option linter.unusedSimpArgs false`
warning: NumStability/Source/Higham/Chapter11/BunchKaufman/Rounded/Accumulated.lean:431:4: This simp argument is unused:
  higham11_2_blockTwoD_0t

Hint: Omit it from the simp argument list.
  simp only [higham11_2_ldltProduct, sum_fin_add_two, higham11_2_blockTwoL_00,
  ̲  ̲ ̲ ̲higham11_2_blockTwoL_01, higham11_2_blockTwoL_0t, higham11_2_blockTwoL_t0,
      higham11_2_blockTwoL_t1, higham11_2_blockTwoL_tt, higham11_2_blockTwoD_00,
  ̲  ̲ ̲ ̲higham11_2_blockTwoD_10, higham11_2_blockTwoD_t0, higham11_2_blockTwoD_01,
      higham11_2_blockTwoD_11, higham11_2_blockTwoD_t1, h̵i̵g̵h̵a̵m̵1̵1̵_̵2̵_̵b̵l̵o̵c̵k̵T̵w̵o̵D̵_̵0̵t̵,̵ ̵higham11_2_blockTwoD_1t,
      higham11_2_blockTwoD_tt, zero_mul, mul_zero, one_mul, mul_one, add_zero, zero_add,
  ̲  ̲ ̲ ̲Finset.sum_const_zero]

Note: This linter can be disabled with `set_option linter.unusedSimpArgs false`
warning: NumStability/Source/Higham/Chapter11/BunchKaufman/Rounded/Accumulated.lean:431:29: This simp argument is unused:
  higham11_2_blockTwoD_1t

Hint: Omit it from the simp argument list.
  simp only [higham11_2_ldltProduct, sum_fin_add_two, higham11_2_blockTwoL_00,
  ̲  ̲ ̲ ̲higham11_2_blockTwoL_01, higham11_2_blockTwoL_0t, higham11_2_blockTwoL_t0,
      higham11_2_blockTwoL_t1, higham11_2_blockTwoL_tt, higham11_2_blockTwoD_00,
  ̲  ̲ ̲ ̲higham11_2_blockTwoD_10, higham11_2_blockTwoD_t0, higham11_2_blockTwoD_01,
      higham11_2_blockTwoD_11, higham11_2_blockTwoD_t1, higham11_2_blockTwoD_0t,
  ̲  ̲ ̲ ̲h̵i̵g̵h̵a̵m̵1̵1̵_̵2̵_̵b̵l̵o̵c̵k̵T̵w̵o̵D̵_̵1̵t̵,̵higham11_2_blockTwoD_tt, zero_mul, mul_zero, one_mul, mul_one, add_zero, zero_add,
  ̲  ̲ ̲ ̲Finset.sum_const_zero]

Note: This linter can be disabled with `set_option linter.unusedSimpArgs false`
warning: NumStability/Source/Higham/Chapter11/BunchKaufman/Rounded/Accumulated.lean:432:4: This simp argument is unused:
  higham11_2_blockTwoD_tt

Hint: Omit it from the simp argument list.
  simp only [higham11_2_ldltProduct, sum_fin_add_two, higham11_2_blockTwoL_00,
  ̲  ̲ ̲ ̲higham11_2_blockTwoL_01, higham11_2_blockTwoL_0t, higham11_2_blockTwoL_t0,
      higham11_2_blockTwoL_t1, higham11_2_blockTwoL_tt, higham11_2_blockTwoD_00,
  ̲  ̲ ̲ ̲higham11_2_blockTwoD_10, higham11_2_blockTwoD_t0, higham11_2_blockTwoD_01,
      higham11_2_blockTwoD_11, higham11_2_blockTwoD_t1, higham11_2_blockTwoD_0t,
  ̲  ̲ ̲ ̲higham11_2_blockTwoD_1t, h̵i̵g̵h̵a̵m̵1̵1̵_̵2̵_̵b̵l̵o̵c̵k̵T̵w̵o̵D̵_̵t̵t̵,̵ ̵zero_mul, mul_zero, one_mul, mul_one, add_zero, zero_add,
  ̲  ̲ ̲ ̲Finset.sum_const_zero]

Note: This linter can be disabled with `set_option linter.unusedSimpArgs false`
warning: NumStability/Source/Higham/Chapter11/BunchKaufman/Rounded/Accumulated.lean:432:29: This simp argument is unused:
  zero_mul

Hint: Omit it from the simp argument list.
  simp only [higham11_2_ldltProduct, sum_fin_add_two, higham11_2_blockTwoL_00,
  ̲  ̲ ̲ ̲higham11_2_blockTwoL_01, higham11_2_blockTwoL_0t, higham11_2_blockTwoL_t0,
      higham11_2_blockTwoL_t1, higham11_2_blockTwoL_tt, higham11_2_blockTwoD_00,
  ̲  ̲ ̲ ̲higham11_2_blockTwoD_10, higham11_2_blockTwoD_t0, higham11_2_blockTwoD_01,
      higham11_2_blockTwoD_11, higham11_2_blockTwoD_t1, higham11_2_blockTwoD_0t,
  ̲  ̲ ̲ ̲higham11_2_blockTwoD_1t, higham11_2_blockTwoD_tt, z̵e̵r̵o̵_̵m̵u̵l̵,̵ ̵mul_zero, one_mul, mul_one, add_zero,
  ̲  ̲ ̲ ̲zero_add, Finset.sum_const_zero]

Note: This linter can be disabled with `set_option linter.unusedSimpArgs false`
warning: NumStability/Source/Higham/Chapter11/BunchKaufman/Rounded/Accumulated.lean:432:49: This simp argument is unused:
  one_mul

Hint: Omit it from the simp argument list.
  simp only [higham11_2_ldltProduct, sum_fin_add_two,
  ̵  ̵ ̵ ̵higham11_2_blockTwoL_00,
  ̲  ̲ ̲ ̲higham11_2_blockTwoL_01,
  ̵  ̵ ̵ ̵higham11_2_blockTwoL_0t, higham11_2_blockTwoL_t0,
      higham11_2_blockTwoL_t1, higham11_2_blockTwoL_tt,
  ̵  ̵ ̵ ̵higham11_2_blockTwoD_00,
  ̲  ̲ ̲ ̲higham11_2_blockTwoD_10,
  ̵  ̵ ̵ ̵higham11_2_blockTwoD_t0, higham11_2_blockTwoD_01,
      higham11_2_blockTwoD_11, higham11_2_blockTwoD_t1,
  ̵  ̵ ̵ ̵higham11_2_blockTwoD_0t,
  ̲  ̲ ̲ ̲higham11_2_blockTwoD_1t,
  ̵  ̵ ̵ ̵higham11_2_blockTwoD_tt, zero_mul, mul_zero, o̵n̵e̵_̵mul,̵ ̵m̵u̵l̵_one,
  ̵  ̵ ̵ ̵add_zero,
  ̲  ̲ ̲ ̲zero_add, Finset.sum_const_zero]

Note: This linter can be disabled with `set_option linter.unusedSimpArgs false`
warning: NumStability/Source/Higham/Chapter11/BunchKaufman/Rounded/Accumulated.lean:433:14: This simp argument is unused:
  zero_add

Hint: Omit it from the simp argument list.
  simp only [higham11_2_ldltProduct, sum_fin_add_two,
  ̵  ̵ ̵ ̵higham11_2_blockTwoL_00,
  ̲  ̲ ̲ ̲higham11_2_blockTwoL_01,
  ̵  ̵ ̵ ̵higham11_2_blockTwoL_0t, higham11_2_blockTwoL_t0,
      higham11_2_blockTwoL_t1, higham11_2_blockTwoL_tt,
  ̵  ̵ ̵ ̵higham11_2_blockTwoD_00,
  ̲  ̲ ̲ ̲higham11_2_blockTwoD_10,
  ̵  ̵ ̵ ̵higham11_2_blockTwoD_t0, higham11_2_blockTwoD_01,
      higham11_2_blockTwoD_11, higham11_2_blockTwoD_t1,
  ̵  ̵ ̵ ̵higham11_2_blockTwoD_0t,
  ̲  ̲ ̲ ̲higham11_2_blockTwoD_1t,
  ̵  ̵ ̵ ̵higham11_2_blockTwoD_tt, zero_mul, mul_zero, one_mul, mul_one,
      add_zero, z̵e̵r̵o̵_̵a̵d̵d̵,̵ ̵Finset.sum_const_zero]

Note: This linter can be disabled with `set_option linter.unusedSimpArgs false`
warning: NumStability/Source/Higham/Chapter11/BunchKaufman/Rounded/Accumulated.lean:444:4: This simp argument is unused:
  higham11_2_blockTwoD_00

Hint: Omit it from the simp argument list.
  simp only [higham11_2_ldltProduct, sum_fin_add_two, higham11_2_blockTwoL_10,
  ̲  ̲ ̲ ̲higham11_2_blockTwoL_11, higham11_2_blockTwoL_1t, higham11_2_blockTwoL_t0,
      higham11_2_blockTwoL_t1, higham11_2_blockTwoL_tt, h̵i̵g̵h̵a̵m̵1̵1̵_̵2̵_̵b̵l̵o̵c̵k̵T̵w̵o̵D̵_̵0̵0̵,̵ ̵higham11_2_blockTwoD_10,
      higham11_2_blockTwoD_t0, higham11_2_blockTwoD_01, higham11_2_blockTwoD_11,
  ̲  ̲ ̲ ̲higham11_2_blockTwoD_t1, higham11_2_blockTwoD_0t, higham11_2_blockTwoD_1t,
      higham11_2_blockTwoD_tt, zero_mul, mul_zero, one_mul, mul_one, add_zero, zero_add,
  ̲  ̲ ̲ ̲Finset.sum_const_zero]

Note: This linter can be disabled with `set_option linter.unusedSimpArgs false`
warning: NumStability/Source/Higham/Chapter11/BunchKaufman/Rounded/Accumulated.lean:444:29: This simp argument is unused:
  higham11_2_blockTwoD_10

Hint: Omit it from the simp argument list.
  simp only [higham11_2_ldltProduct, sum_fin_add_two, higham11_2_blockTwoL_10,
  ̲  ̲ ̲ ̲higham11_2_blockTwoL_11, higham11_2_blockTwoL_1t, higham11_2_blockTwoL_t0,
      higham11_2_blockTwoL_t1, higham11_2_blockTwoL_tt, higham11_2_blockTwoD_00,
  ̲  ̲ ̲ ̲h̵i̵g̵h̵a̵m̵1̵1̵_̵2̵_̵b̵l̵o̵c̵k̵T̵w̵o̵D̵_̵1̵0̵,̵higham11_2_blockTwoD_t0, higham11_2_blockTwoD_01, higham11_2_blockTwoD_11,
      higham11_2_blockTwoD_t1, higham11_2_blockTwoD_0t, higham11_2_blockTwoD_1t,
  ̲  ̲ ̲ ̲higham11_2_blockTwoD_tt, zero_mul, mul_zero, one_mul, mul_one, add_zero, zero_add,
  ̲  ̲ ̲ ̲Finset.sum_const_zero]

Note: This linter can be disabled with `set_option linter.unusedSimpArgs false`
warning: NumStability/Source/Higham/Chapter11/BunchKaufman/Rounded/Accumulated.lean:445:4: This simp argument is unused:
  higham11_2_blockTwoD_t0

Hint: Omit it from the simp argument list.
  simp only [higham11_2_ldltProduct, sum_fin_add_two, higham11_2_blockTwoL_10,
  ̲  ̲ ̲ ̲higham11_2_blockTwoL_11, higham11_2_blockTwoL_1t, higham11_2_blockTwoL_t0,
      higham11_2_blockTwoL_t1, higham11_2_blockTwoL_tt, higham11_2_blockTwoD_00,
  ̲  ̲ ̲ ̲higham11_2_blockTwoD_10, h̵i̵g̵h̵a̵m̵1̵1̵_̵2̵_̵b̵l̵o̵c̵k̵T̵w̵o̵D̵_̵t̵0̵,̵ ̵higham11_2_blockTwoD_01, higham11_2_blockTwoD_11,
  ̲  ̲ ̲ ̲higham11_2_blockTwoD_t1, higham11_2_blockTwoD_0t, higham11_2_blockTwoD_1t,
      higham11_2_blockTwoD_tt, zero_mul, mul_zero, one_mul, mul_one, add_zero, zero_add,
  ̲  ̲ ̲ ̲Finset.sum_const_zero]

Note: This linter can be disabled with `set_option linter.unusedSimpArgs false`
warning: NumStability/Source/Higham/Chapter11/BunchKaufman/Rounded/Accumulated.lean:447:4: This simp argument is unused:
  higham11_2_blockTwoD_0t

Hint: Omit it from the simp argument list.
  simp only [higham11_2_ldltProduct, sum_fin_add_two, higham11_2_blockTwoL_10,
  ̲  ̲ ̲ ̲higham11_2_blockTwoL_11, higham11_2_blockTwoL_1t, higham11_2_blockTwoL_t0,
      higham11_2_blockTwoL_t1, higham11_2_blockTwoL_tt, higham11_2_blockTwoD_00,
  ̲  ̲ ̲ ̲higham11_2_blockTwoD_10, higham11_2_blockTwoD_t0, higham11_2_blockTwoD_01,
      higham11_2_blockTwoD_11, higham11_2_blockTwoD_t1, h̵i̵g̵h̵a̵m̵1̵1̵_̵2̵_̵b̵l̵o̵c̵k̵T̵w̵o̵D̵_̵0̵t̵,̵ ̵higham11_2_blockTwoD_1t,
      higham11_2_blockTwoD_tt, zero_mul, mul_zero, one_mul, mul_one, add_zero, zero_add,
  ̲  ̲ ̲ ̲Finset.sum_const_zero]

Note: This linter can be disabled with `set_option linter.unusedSimpArgs false`
warning: NumStability/Source/Higham/Chapter11/BunchKaufman/Rounded/Accumulated.lean:447:29: This simp argument is unused:
  higham11_2_blockTwoD_1t

Hint: Omit it from the simp argument list.
  simp only [higham11_2_ldltProduct, sum_fin_add_two, higham11_2_blockTwoL_10,
  ̲  ̲ ̲ ̲higham11_2_blockTwoL_11, higham11_2_blockTwoL_1t, higham11_2_blockTwoL_t0,
      higham11_2_blockTwoL_t1, higham11_2_blockTwoL_tt, higham11_2_blockTwoD_00,
  ̲  ̲ ̲ ̲higham11_2_blockTwoD_10, higham11_2_blockTwoD_t0, higham11_2_blockTwoD_01,
      higham11_2_blockTwoD_11, higham11_2_blockTwoD_t1, higham11_2_blockTwoD_0t,
  ̲  ̲ ̲ ̲h̵i̵g̵h̵a̵m̵1̵1̵_̵2̵_̵b̵l̵o̵c̵k̵T̵w̵o̵D̵_̵1̵t̵,̵higham11_2_blockTwoD_tt, zero_mul, mul_zero, one_mul, mul_one, add_zero, zero_add,
  ̲  ̲ ̲ ̲Finset.sum_const_zero]

Note: This linter can be disabled with `set_option linter.unusedSimpArgs false`
warning: NumStability/Source/Higham/Chapter11/BunchKaufman/Rounded/Accumulated.lean:448:4: This simp argument is unused:
  higham11_2_blockTwoD_tt

Hint: Omit it from the simp argument list.
  simp only [higham11_2_ldltProduct, sum_fin_add_two, higham11_2_blockTwoL_10,
  ̲  ̲ ̲ ̲higham11_2_blockTwoL_11, higham11_2_blockTwoL_1t, higham11_2_blockTwoL_t0,
      higham11_2_blockTwoL_t1, higham11_2_blockTwoL_tt, higham11_2_blockTwoD_00,
  ̲  ̲ ̲ ̲higham11_2_blockTwoD_10, higham11_2_blockTwoD_t0, higham11_2_blockTwoD_01,
      higham11_2_blockTwoD_11, higham11_2_blockTwoD_t1, higham11_2_blockTwoD_0t,
  ̲  ̲ ̲ ̲higham11_2_blockTwoD_1t, h̵i̵g̵h̵a̵m̵1̵1̵_̵2̵_̵b̵l̵o̵c̵k̵T̵w̵o̵D̵_̵t̵t̵,̵ ̵zero_mul, mul_zero, one_mul, mul_one, add_zero, zero_add,
  ̲  ̲ ̲ ̲Finset.sum_const_zero]

Note: This linter can be disabled with `set_option linter.unusedSimpArgs false`
warning: NumStability/Source/Higham/Chapter11/BunchKaufman/Rounded/Accumulated.lean:448:29: This simp argument is unused:
  zero_mul

Hint: Omit it from the simp argument list.
  simp only [higham11_2_ldltProduct, sum_fin_add_two, higham11_2_blockTwoL_10,
  ̲  ̲ ̲ ̲higham11_2_blockTwoL_11, higham11_2_blockTwoL_1t, higham11_2_blockTwoL_t0,
      higham11_2_blockTwoL_t1, higham11_2_blockTwoL_tt, higham11_2_blockTwoD_00,
  ̲  ̲ ̲ ̲higham11_2_blockTwoD_10, higham11_2_blockTwoD_t0, higham11_2_blockTwoD_01,
      higham11_2_blockTwoD_11, higham11_2_blockTwoD_t1, higham11_2_blockTwoD_0t,
  ̲  ̲ ̲ ̲higham11_2_blockTwoD_1t, higham11_2_blockTwoD_tt, z̵e̵r̵o̵_̵m̵u̵l̵,̵ ̵mul_zero, one_mul, mul_one, add_zero,
  ̲  ̲ ̲ ̲zero_add, Finset.sum_const_zero]

Note: This linter can be disabled with `set_option linter.unusedSimpArgs false`
warning: NumStability/Source/Higham/Chapter11/BunchKaufman/Rounded/Accumulated.lean:448:49: This simp argument is unused:
  one_mul

Hint: Omit it from the simp argument list.
  simp only [higham11_2_ldltProduct, sum_fin_add_two,
  ̵  ̵ ̵ ̵higham11_2_blockTwoL_10,
  ̲  ̲ ̲ ̲higham11_2_blockTwoL_11,
  ̵  ̵ ̵ ̵higham11_2_blockTwoL_1t, higham11_2_blockTwoL_t0,
      higham11_2_blockTwoL_t1, higham11_2_blockTwoL_tt,
  ̵  ̵ ̵ ̵higham11_2_blockTwoD_00,
  ̲  ̲ ̲ ̲higham11_2_blockTwoD_10,
  ̵  ̵ ̵ ̵higham11_2_blockTwoD_t0, higham11_2_blockTwoD_01,
      higham11_2_blockTwoD_11, higham11_2_blockTwoD_t1,
  ̵  ̵ ̵ ̵higham11_2_blockTwoD_0t,
  ̲  ̲ ̲ ̲higham11_2_blockTwoD_1t,
  ̵  ̵ ̵ ̵higham11_2_blockTwoD_tt, zero_mul, mul_zero, o̵n̵e̵_̵mul,̵ ̵m̵u̵l̵_one,
  ̵  ̵ ̵ ̵add_zero,
  ̲  ̲ ̲ ̲zero_add, Finset.sum_const_zero]

Note: This linter can be disabled with `set_option linter.unusedSimpArgs false`
warning: NumStability/Source/Higham/Chapter11/BunchKaufman/Rounded/Accumulated.lean:516:4: This simp argument is unused:
  higham11_2_blockTwoL_10

Hint: Omit it from the simp argument list.
  simp only [higham11_4_bunchKaufmanProductEntry, sum_fin_add_two, higham11_2_blockTwoL_00,
  ̲  ̲ ̲ ̲higham11_2_blockTwoL_01, h̵i̵g̵h̵a̵m̵1̵1̵_̵2̵_̵b̵l̵o̵c̵k̵T̵w̵o̵L̵_̵1̵0̵,̵ ̵higham11_2_blockTwoL_11, higham11_2_blockTwoL_0t,
  ̲  ̲ ̲ ̲higham11_2_blockTwoL_1t, higham11_2_blockTwoL_t0, higham11_2_blockTwoL_t1,
      higham11_2_blockTwoL_tt, higham11_2_blockTwoD_00, higham11_2_blockTwoD_01,
  ̲  ̲ ̲ ̲higham11_2_blockTwoD_0t, higham11_2_blockTwoD_10, higham11_2_blockTwoD_11,
      higham11_2_blockTwoD_1t, higham11_2_blockTwoD_t0, higham11_2_blockTwoD_t1,
  ̲  ̲ ̲ ̲higham11_2_blockTwoD_tt, abs_zero, abs_one, zero_mul, mul_zero, one_mul, mul_one, add_zero,
  ̲  ̲ ̲ ̲zero_add, Finset.sum_const_zero]

Note: This linter can be disabled with `set_option linter.unusedSimpArgs false`
warning: NumStability/Source/Higham/Chapter11/BunchKaufman/Rounded/Accumulated.lean:516:29: This simp argument is unused:
  higham11_2_blockTwoL_11

Hint: Omit it from the simp argument list.
  simp only [higham11_4_bunchKaufmanProductEntry, sum_fin_add_two, higham11_2_blockTwoL_00,
  ̲  ̲ ̲ ̲higham11_2_blockTwoL_01, higham11_2_blockTwoL_10, h̵i̵g̵h̵a̵m̵1̵1̵_̵2̵_̵b̵l̵o̵c̵k̵T̵w̵o̵L̵_̵1̵1̵,̵higham11_2_blockTwoL_0t,
      higham11_2_blockTwoL_1t, higham11_2_blockTwoL_t0, higham11_2_blockTwoL_t1,
  ̲  ̲ ̲ ̲higham11_2_blockTwoL_tt, higham11_2_blockTwoD_00, higham11_2_blockTwoD_01,
      higham11_2_blockTwoD_0t, higham11_2_blockTwoD_10, higham11_2_blockTwoD_11,
  ̲  ̲ ̲ ̲higham11_2_blockTwoD_1t, higham11_2_blockTwoD_t0, higham11_2_blockTwoD_t1,
      higham11_2_blockTwoD_tt, abs_zero, abs_one, zero_mul, mul_zero, one_mul, mul_one, add_zero,
      zero_add, Finset.sum_const_zero]

Note: This linter can be disabled with `set_option linter.unusedSimpArgs false`
warning: NumStability/Source/Higham/Chapter11/BunchKaufman/Rounded/Accumulated.lean:517:29: This simp argument is unused:
  higham11_2_blockTwoL_1t

Hint: Omit it from the simp argument list.
  simp only [higham11_4_bunchKaufmanProductEntry, sum_fin_add_two,
  ̵  ̵ ̵ ̵higham11_2_blockTwoL_00,
  ̲  ̲ ̲ ̲higham11_2_blockTwoL_01,
  ̵  ̵ ̵ ̵higham11_2_blockTwoL_10, higham11_2_blockTwoL_11,
      higham11_2_blockTwoL_0t, higham11_2_blockTwoL_1̵t,̵
  ̵ ̵ ̵ ̵ ̵h̵i̵g̵h̵a̵m̵1̵1̵_̵2̵_̵b̵l̵o̵c̵k̵T̵w̵o̵L̵_̵t̵0, higham11_2_blockTwoL_t1,
      higham11_2_blockTwoL_tt, higham11_2_blockTwoD_00,
  ̵  ̵ ̵ ̵higham11_2_blockTwoD_01,
  ̲  ̲ ̲ ̲higham11_2_blockTwoD_0t,
  ̵  ̵ ̵ ̵higham11_2_blockTwoD_10, higham11_2_blockTwoD_11,
      higham11_2_blockTwoD_1t, higham11_2_blockTwoD_t0,
  ̵  ̵ ̵ ̵higham11_2_blockTwoD_t1,
  ̲  ̲ ̲ ̲higham11_2_blockTwoD_tt,
  ̵  ̵ ̵ ̵abs_zero, abs_one, zero_mul, mul_zero, one_mul, mul_one,
  ̵  ̵ ̵ ̵add_zero,
  ̲  ̲ ̲ ̲zero_add, Finset.sum_const_zero]

Note: This linter can be disabled with `set_option linter.unusedSimpArgs false`
warning: NumStability/Source/Higham/Chapter11/BunchKaufman/Rounded/Accumulated.lean:524:52: This simp argument is unused:
  mul_one

Hint: Omit it from the simp argument list.
  simp only [higham11_4_bunchKaufmanProductEntry, sum_fin_add_two,
  ̵  ̵ ̵ ̵higham11_2_blockTwoL_00,
  ̲  ̲ ̲ ̲higham11_2_blockTwoL_01,
  ̵  ̵ ̵ ̵higham11_2_blockTwoL_10, higham11_2_blockTwoL_11,
      higham11_2_blockTwoL_0t, higham11_2_blockTwoL_1t,
  ̵  ̵ ̵ ̵higham11_2_blockTwoL_t0,
  ̲  ̲ ̲ ̲higham11_2_blockTwoL_t1,
  ̵  ̵ ̵ ̵higham11_2_blockTwoL_tt, higham11_2_blockTwoD_00,
      higham11_2_blockTwoD_01, higham11_2_blockTwoD_0t,
  ̵  ̵ ̵ ̵higham11_2_blockTwoD_10,
  ̲  ̲ ̲ ̲higham11_2_blockTwoD_11,
  ̵  ̵ ̵ ̵higham11_2_blockTwoD_1t, higham11_2_blockTwoD_t0,
      higham11_2_blockTwoD_t1, higham11_2_blockTwoD_tt,
  ̵  ̵ ̵ ̵abs_zero, abs_one, zero_mul, mul_zero, ̵o̵n̵e̵_̵m̵u̵l̵,̵ ̵m̵u̵l̵_̵o̵n̵e̵,̵
      o̲n̲e̲_̲m̲u̲l̲,̲ ̲add_zero, zero_add, Finset.sum_const_zero]

Note: This linter can be disabled with `set_option linter.unusedSimpArgs false`
warning: NumStability/Source/Higham/Chapter11/BunchKaufman/Rounded/Accumulated.lean:525:14: This simp argument is unused:
  zero_add

Hint: Omit it from the simp argument list.
  simp only [higham11_4_bunchKaufmanProductEntry, sum_fin_add_two,
  ̵  ̵ ̵ ̵higham11_2_blockTwoL_00,
  ̲  ̲ ̲ ̲higham11_2_blockTwoL_01,
  ̵  ̵ ̵ ̵higham11_2_blockTwoL_10, higham11_2_blockTwoL_11,
      higham11_2_blockTwoL_0t, higham11_2_blockTwoL_1t,
  ̵  ̵ ̵ ̵higham11_2_blockTwoL_t0,
  ̲  ̲ ̲ ̲higham11_2_blockTwoL_t1,
  ̵  ̵ ̵ ̵higham11_2_blockTwoL_tt, higham11_2_blockTwoD_00,
      higham11_2_blockTwoD_01, higham11_2_blockTwoD_0t,
  ̵  ̵ ̵ ̵higham11_2_blockTwoD_10,
  ̲  ̲ ̲ ̲higham11_2_blockTwoD_11,
  ̵  ̵ ̵ ̵higham11_2_blockTwoD_1t, higham11_2_blockTwoD_t0,
      higham11_2_blockTwoD_t1, higham11_2_blockTwoD_tt,
  ̵  ̵ ̵ ̵abs_zero, abs_one, zero_mul, mul_zero, ̵o̵n̵e̵_̵m̵u̵l̵,̵ ̵m̵u̵l̵_̵o̵n̵e̵,̵
      a̵d̵d̵o̲n̲e̲_z̵m̲u̲l̲,̲ ̲m̲u̲l̲_̲o̲n̲er̵o̵, z̵e̵r̵o̵_̵add_̲z̲e̲r̲o̲, Finset.sum_const_zero]

Note: This linter can be disabled with `set_option linter.unusedSimpArgs false`
warning: NumStability/Source/Higham/Chapter11/BunchKaufman/Rounded/Accumulated.lean:534:4: This simp argument is unused:
  higham11_2_blockTwoL_00

Hint: Omit it from the simp argument list.
  simp only [higham11_4_bunchKaufmanProductEntry, sum_fin_add_two, h̵i̵g̵h̵a̵m̵1̵1̵_̵2̵_̵b̵l̵o̵c̵k̵T̵w̵o̵L̵_̵0̵0̵,̵ ̵higham11_2_blockTwoL_01,
      higham11_2_blockTwoL_10, higham11_2_blockTwoL_11, higham11_2_blockTwoL_0t,
  ̲  ̲ ̲ ̲higham11_2_blockTwoL_1t, higham11_2_blockTwoL_t0, higham11_2_blockTwoL_t1,
      higham11_2_blockTwoL_tt, higham11_2_blockTwoD_00, higham11_2_blockTwoD_01,
  ̲  ̲ ̲ ̲higham11_2_blockTwoD_0t, higham11_2_blockTwoD_10, higham11_2_blockTwoD_11,
      higham11_2_blockTwoD_1t, higham11_2_blockTwoD_t0, higham11_2_blockTwoD_t1,
  ̲  ̲ ̲ ̲higham11_2_blockTwoD_tt, abs_zero, abs_one, zero_mul, mul_zero, one_mul, mul_one, add_zero,
  ̲  ̲ ̲ ̲zero_add, Finset.sum_const_zero]

Note: This linter can be disabled with `set_option linter.unusedSimpArgs false`
warning: NumStability/Source/Higham/Chapter11/BunchKaufman/Rounded/Accumulated.lean:534:29: This simp argument is unused:
  higham11_2_blockTwoL_01

Hint: Omit it from the simp argument list.
  simp only [higham11_4_bunchKaufmanProductEntry, sum_fin_add_two, higham11_2_blockTwoL_00,
  ̲  ̲ ̲ ̲h̵i̵g̵h̵a̵m̵1̵1̵_̵2̵_̵b̵l̵o̵c̵k̵T̵w̵o̵L̵_̵0̵1̵,̵higham11_2_blockTwoL_10, higham11_2_blockTwoL_11, higham11_2_blockTwoL_0t,
      higham11_2_blockTwoL_1t, higham11_2_blockTwoL_t0, higham11_2_blockTwoL_t1,
  ̲  ̲ ̲ ̲higham11_2_blockTwoL_tt, higham11_2_blockTwoD_00, higham11_2_blockTwoD_01,
      higham11_2_blockTwoD_0t, higham11_2_blockTwoD_10, higham11_2_blockTwoD_11,
  ̲  ̲ ̲ ̲higham11_2_blockTwoD_1t, higham11_2_blockTwoD_t0, higham11_2_blockTwoD_t1,
      higham11_2_blockTwoD_tt, abs_zero, abs_one, zero_mul, mul_zero, one_mul, mul_one, add_zero,
      zero_add, Finset.sum_const_zero]

Note: This linter can be disabled with `set_option linter.unusedSimpArgs false`
warning: NumStability/Source/Higham/Chapter11/BunchKaufman/Rounded/Accumulated.lean:536:4: This simp argument is unused:
  higham11_2_blockTwoL_0t

Hint: Omit it from the simp argument list.
  simp only [higham11_4_bunchKaufmanProductEntry, sum_fin_add_two,
  ̵  ̵ ̵ ̵higham11_2_blockTwoL_00,
  ̲  ̲ ̲ ̲higham11_2_blockTwoL_01,
  ̵  ̵ ̵ ̵higham11_2_blockTwoL_10, higham11_2_blockTwoL_11,
      higham11_2_blockTwoL_0̵t̵,̵ ̵h̵i̵g̵h̵a̵m̵11̵_̵2̵_̵b̵l̵o̵c̵k̵T̵w̵o̵L̵_̵1̵t,
  ̵  ̵ ̵ ̵higham11_2_blockTwoL_t0, higham11_2_blockTwoL_t1,
      higham11_2_blockTwoL_tt, higham11_2_blockTwoD_00,
  ̵  ̵ ̵ ̵higham11_2_blockTwoD_01,
  ̲  ̲ ̲ ̲higham11_2_blockTwoD_0t,
  ̵  ̵ ̵ ̵higham11_2_blockTwoD_10, higham11_2_blockTwoD_11,
      higham11_2_blockTwoD_1t, higham11_2_blockTwoD_t0,
  ̵  ̵ ̵ ̵higham11_2_blockTwoD_t1,
  ̲  ̲ ̲ ̲higham11_2_blockTwoD_tt,
  ̵  ̵ ̵ ̵abs_zero, abs_one, zero_mul, mul_zero, one_mul, mul_one,
  ̵  ̵ ̵ ̵add_zero,
  ̲  ̲ ̲ ̲zero_add, Finset.sum_const_zero]

Note: This linter can be disabled with `set_option linter.unusedSimpArgs false`
warning: NumStability/Source/Higham/Chapter11/BunchKaufman/Rounded/Accumulated.lean:543:52: This simp argument is unused:
  mul_one

Hint: Omit it from the simp argument list.
  simp only [higham11_4_bunchKaufmanProductEntry, sum_fin_add_two,
  ̵  ̵ ̵ ̵higham11_2_blockTwoL_00,
  ̲  ̲ ̲ ̲higham11_2_blockTwoL_01,
  ̵  ̵ ̵ ̵higham11_2_blockTwoL_10, higham11_2_blockTwoL_11,
      higham11_2_blockTwoL_0t, higham11_2_blockTwoL_1t,
  ̵  ̵ ̵ ̵higham11_2_blockTwoL_t0,
  ̲  ̲ ̲ ̲higham11_2_blockTwoL_t1,
  ̵  ̵ ̵ ̵higham11_2_blockTwoL_tt, higham11_2_blockTwoD_00,
      higham11_2_blockTwoD_01, higham11_2_blockTwoD_0t,
  ̵  ̵ ̵ ̵higham11_2_blockTwoD_10,
  ̲  ̲ ̲ ̲higham11_2_blockTwoD_11,
  ̵  ̵ ̵ ̵higham11_2_blockTwoD_1t, higham11_2_blockTwoD_t0,
      higham11_2_blockTwoD_t1, higham11_2_blockTwoD_tt,
  ̵  ̵ ̵ ̵abs_zero, abs_one, zero_mul, mul_zero, ̵o̵n̵e̵_̵m̵u̵l̵,̵ ̵m̵u̵l̵_̵o̵n̵e̵,̵
      o̲n̲e̲_̲m̲u̲l̲,̲ ̲add_zero, zero_add, Finset.sum_const_zero]

Note: This linter can be disabled with `set_option linter.unusedSimpArgs false`
warning: NumStability/Source/Higham/Chapter11/BunchKaufman/Rounded/Accumulated.lean:554:4: This simp argument is unused:
  higham11_2_blockTwoL_10

Hint: Omit it from the simp argument list.
  simp only [higham11_4_bunchKaufmanProductEntry, sum_fin_add_two, higham11_2_blockTwoL_00,
  ̲  ̲ ̲ ̲higham11_2_blockTwoL_01, h̵i̵g̵h̵a̵m̵1̵1̵_̵2̵_̵b̵l̵o̵c̵k̵T̵w̵o̵L̵_̵1̵0̵,̵ ̵higham11_2_blockTwoL_11, higham11_2_blockTwoL_0t,
  ̲  ̲ ̲ ̲higham11_2_blockTwoL_1t, higham11_2_blockTwoL_t0, higham11_2_blockTwoL_t1,
      higham11_2_blockTwoL_tt, higham11_2_blockTwoD_00, higham11_2_blockTwoD_01,
  ̲  ̲ ̲ ̲higham11_2_blockTwoD_0t, higham11_2_blockTwoD_10, higham11_2_blockTwoD_11,
      higham11_2_blockTwoD_1t, higham11_2_blockTwoD_t0, higham11_2_blockTwoD_t1,
  ̲  ̲ ̲ ̲higham11_2_blockTwoD_tt, abs_zero, abs_one, zero_mul, mul_zero, one_mul, mul_one, add_zero,
  ̲  ̲ ̲ ̲zero_add, Finset.sum_const_zero]

Note: This linter can be disabled with `set_option linter.unusedSimpArgs false`
warning: NumStability/Source/Higham/Chapter11/BunchKaufman/Rounded/Accumulated.lean:554:29: This simp argument is unused:
  higham11_2_blockTwoL_11

Hint: Omit it from the simp argument list.
  simp only [higham11_4_bunchKaufmanProductEntry, sum_fin_add_two, higham11_2_blockTwoL_00,
  ̲  ̲ ̲ ̲higham11_2_blockTwoL_01, higham11_2_blockTwoL_10, h̵i̵g̵h̵a̵m̵1̵1̵_̵2̵_̵b̵l̵o̵c̵k̵T̵w̵o̵L̵_̵1̵1̵,̵higham11_2_blockTwoL_0t,
      higham11_2_blockTwoL_1t, higham11_2_blockTwoL_t0, higham11_2_blockTwoL_t1,
  ̲  ̲ ̲ ̲higham11_2_blockTwoL_tt, higham11_2_blockTwoD_00, higham11_2_blockTwoD_01,
      higham11_2_blockTwoD_0t, higham11_2_blockTwoD_10, higham11_2_blockTwoD_11,
  ̲  ̲ ̲ ̲higham11_2_blockTwoD_1t, higham11_2_blockTwoD_t0, higham11_2_blockTwoD_t1,
      higham11_2_blockTwoD_tt, abs_zero, abs_one, zero_mul, mul_zero, one_mul, mul_one, add_zero,
      zero_add, Finset.sum_const_zero]

Note: This linter can be disabled with `set_option linter.unusedSimpArgs false`
warning: NumStability/Source/Higham/Chapter11/BunchKaufman/Rounded/Accumulated.lean:555:29: This simp argument is unused:
  higham11_2_blockTwoL_1t

Hint: Omit it from the simp argument list.
  simp only [higham11_4_bunchKaufmanProductEntry, sum_fin_add_two,
  ̵  ̵ ̵ ̵higham11_2_blockTwoL_00,
  ̲  ̲ ̲ ̲higham11_2_blockTwoL_01,
  ̵  ̵ ̵ ̵higham11_2_blockTwoL_10, higham11_2_blockTwoL_11,
      higham11_2_blockTwoL_0t, higham11_2_blockTwoL_1̵t,̵
  ̵ ̵ ̵ ̵ ̵h̵i̵g̵h̵a̵m̵1̵1̵_̵2̵_̵b̵l̵o̵c̵k̵T̵w̵o̵L̵_̵t̵0, higham11_2_blockTwoL_t1,
      higham11_2_blockTwoL_tt, higham11_2_blockTwoD_00,
  ̵  ̵ ̵ ̵higham11_2_blockTwoD_01,
  ̲  ̲ ̲ ̲higham11_2_blockTwoD_0t,
  ̵  ̵ ̵ ̵higham11_2_blockTwoD_10, higham11_2_blockTwoD_11,
      higham11_2_blockTwoD_1t, higham11_2_blockTwoD_t0,
  ̵  ̵ ̵ ̵higham11_2_blockTwoD_t1,
  ̲  ̲ ̲ ̲higham11_2_blockTwoD_tt,
  ̵  ̵ ̵ ̵abs_zero, abs_one, zero_mul, mul_zero, one_mul, mul_one,
  ̵  ̵ ̵ ̵add_zero,
  ̲  ̲ ̲ ̲zero_add, Finset.sum_const_zero]

Note: This linter can be disabled with `set_option linter.unusedSimpArgs false`
warning: NumStability/Source/Higham/Chapter11/BunchKaufman/Rounded/Accumulated.lean:558:4: This simp argument is unused:
  higham11_2_blockTwoD_01

Hint: Omit it from the simp argument list.
  simp only [higham11_4_bunchKaufmanProductEntry, sum_fin_add_two, higham11_2_blockTwoL_00,
  ̲  ̲ ̲ ̲higham11_2_blockTwoL_01, higham11_2_blockTwoL_10, higham11_2_blockTwoL_11,
      higham11_2_blockTwoL_0t, higham11_2_blockTwoL_1t, higham11_2_blockTwoL_t0,
  ̲  ̲ ̲ ̲higham11_2_blockTwoL_t1, higham11_2_blockTwoL_tt, higham11_2_blockTwoD_00,
      h̵i̵g̵h̵a̵m̵1̵1̵_̵2̵_̵b̵l̵o̵c̵k̵T̵w̵o̵D̵_̵0̵1̵,̵ ̵higham11_2_blockTwoD_0t, higham11_2_blockTwoD_10, higham11_2_blockTwoD_11,
      higham11_2_blockTwoD_1t, higham11_2_blockTwoD_t0, higham11_2_blockTwoD_t1,
  ̲  ̲ ̲ ̲higham11_2_blockTwoD_tt, abs_zero, abs_one, zero_mul, mul_zero, one_mul, mul_one, add_zero,
  ̲  ̲ ̲ ̲zero_add, Finset.sum_const_zero]

Note: This linter can be disabled with `set_option linter.unusedSimpArgs false`
warning: NumStability/Source/Higham/Chapter11/BunchKaufman/Rounded/Accumulated.lean:558:29: This simp argument is unused:
  higham11_2_blockTwoD_0t

Hint: Omit it from the simp argument list.
  simp only [higham11_4_bunchKaufmanProductEntry, sum_fin_add_two, higham11_2_blockTwoL_00,
  ̲  ̲ ̲ ̲higham11_2_blockTwoL_01, higham11_2_blockTwoL_10, higham11_2_blockTwoL_11,
      higham11_2_blockTwoL_0t, higham11_2_blockTwoL_1t, higham11_2_blockTwoL_t0,
  ̲  ̲ ̲ ̲higham11_2_blockTwoL_t1, higham11_2_blockTwoL_tt, higham11_2_blockTwoD_00,
      higham11_2_blockTwoD_01, h̵i̵g̵h̵a̵m̵1̵1̵_̵2̵_̵b̵l̵o̵c̵k̵T̵w̵o̵D̵_̵0̵t̵,̵higham11_2_blockTwoD_10, higham11_2_blockTwoD_11,
  ̲  ̲ ̲ ̲higham11_2_blockTwoD_1t, higham11_2_blockTwoD_t0, higham11_2_blockTwoD_t1,
      higham11_2_blockTwoD_tt, abs_zero, abs_one, zero_mul, mul_zero, one_mul, mul_one, add_zero,
      zero_add, Finset.sum_const_zero]

Note: This linter can be disabled with `set_option linter.unusedSimpArgs false`
warning: NumStability/Source/Higham/Chapter11/BunchKaufman/Rounded/Accumulated.lean:559:29: This simp argument is unused:
  higham11_2_blockTwoD_11

Hint: Omit it from the simp argument list.
  simp only [higham11_4_bunchKaufmanProductEntry, sum_fin_add_two, higham11_2_blockTwoL_00,
  ̲  ̲ ̲ ̲higham11_2_blockTwoL_01, higham11_2_blockTwoL_10, higham11_2_blockTwoL_11,
      higham11_2_blockTwoL_0t, higham11_2_blockTwoL_1t, higham11_2_blockTwoL_t0,
  ̲  ̲ ̲ ̲higham11_2_blockTwoL_t1, higham11_2_blockTwoL_tt, higham11_2_blockTwoD_00,
      higham11_2_blockTwoD_01, higham11_2_blockTwoD_0t, higham11_2_blockTwoD_10,
  ̲  ̲ ̲ ̲h̵i̵g̵h̵a̵m̵1̵1̵_̵2̵_̵b̵l̵o̵c̵k̵T̵w̵o̵D̵_̵1̵1̵,̵higham11_2_blockTwoD_1t, higham11_2_blockTwoD_t0, higham11_2_blockTwoD_t1,
      higham11_2_blockTwoD_tt, abs_zero, abs_one, zero_mul, mul_zero, one_mul, mul_one, add_zero,
      zero_add, Finset.sum_const_zero]

Note: This linter can be disabled with `set_option linter.unusedSimpArgs false`
warning: NumStability/Source/Higham/Chapter11/BunchKaufman/Rounded/Accumulated.lean:560:4: This simp argument is unused:
  higham11_2_blockTwoD_1t

Hint: Omit it from the simp argument list.
  simp only [higham11_4_bunchKaufmanProductEntry, sum_fin_add_two, higham11_2_blockTwoL_00,
  ̲  ̲ ̲ ̲higham11_2_blockTwoL_01, higham11_2_blockTwoL_10, higham11_2_blockTwoL_11,
      higham11_2_blockTwoL_0t, higham11_2_blockTwoL_1t, higham11_2_blockTwoL_t0,
  ̲  ̲ ̲ ̲higham11_2_blockTwoL_t1, higham11_2_blockTwoL_tt, higham11_2_blockTwoD_00,
      higham11_2_blockTwoD_01, higham11_2_blockTwoD_0t, higham11_2_blockTwoD_10,
  ̲  ̲ ̲ ̲higham11_2_blockTwoD_11, h̵i̵g̵h̵a̵m̵1̵1̵_̵2̵_̵b̵l̵o̵c̵k̵T̵w̵o̵D̵_̵1̵t̵,̵ ̵higham11_2_blockTwoD_t0, higham11_2_blockTwoD_t1,
  ̲  ̲ ̲ ̲higham11_2_blockTwoD_tt, abs_zero, abs_one, zero_mul, mul_zero, one_mul, mul_one, add_zero,
  ̲  ̲ ̲ ̲zero_add, Finset.sum_const_zero]

Note: This linter can be disabled with `set_option linter.unusedSimpArgs false`
warning: NumStability/Source/Higham/Chapter11/BunchKaufman/Rounded/Accumulated.lean:561:4: This simp argument is unused:
  higham11_2_blockTwoD_t1

Hint: Omit it from the simp argument list.
  simp only [higham11_4_bunchKaufmanProductEntry, sum_fin_add_two, higham11_2_blockTwoL_00,
  ̲  ̲ ̲ ̲higham11_2_blockTwoL_01, higham11_2_blockTwoL_10, higham11_2_blockTwoL_11,
      higham11_2_blockTwoL_0t, higham11_2_blockTwoL_1t, higham11_2_blockTwoL_t0,
  ̲  ̲ ̲ ̲higham11_2_blockTwoL_t1, higham11_2_blockTwoL_tt, higham11_2_blockTwoD_00,
      higham11_2_blockTwoD_01, higham11_2_blockTwoD_0t, higham11_2_blockTwoD_10,
  ̲  ̲ ̲ ̲higham11_2_blockTwoD_11, higham11_2_blockTwoD_1t, higham11_2_blockTwoD_t0,
      h̵i̵g̵h̵a̵m̵1̵1̵_̵2̵_̵b̵l̵o̵c̵k̵T̵w̵o̵D̵_̵t̵1̵,̵ ̵higham11_2_blockTwoD_tt, abs_zero, abs_one, zero_mul, mul_zero, one_mul, mul_one, add_zero,
  ̲  ̲ ̲ ̲zero_add, Finset.sum_const_zero]

Note: This linter can be disabled with `set_option linter.unusedSimpArgs false`
warning: NumStability/Source/Higham/Chapter11/BunchKaufman/Rounded/Accumulated.lean:561:29: This simp argument is unused:
  higham11_2_blockTwoD_tt

Hint: Omit it from the simp argument list.
  simp only [higham11_4_bunchKaufmanProductEntry, sum_fin_add_two, higham11_2_blockTwoL_00,
  ̲  ̲ ̲ ̲higham11_2_blockTwoL_01, higham11_2_blockTwoL_10, higham11_2_blockTwoL_11,
      higham11_2_blockTwoL_0t, higham11_2_blockTwoL_1t, higham11_2_blockTwoL_t0,
  ̲  ̲ ̲ ̲higham11_2_blockTwoL_t1, higham11_2_blockTwoL_tt, higham11_2_blockTwoD_00,
      higham11_2_blockTwoD_01, higham11_2_blockTwoD_0t, higham11_2_blockTwoD_10,
  ̲  ̲ ̲ ̲higham11_2_blockTwoD_11, higham11_2_blockTwoD_1t, higham11_2_blockTwoD_t0,
      higham11_2_blockTwoD_t1, h̵i̵g̵h̵a̵m̵1̵1̵_̵2̵_̵b̵l̵o̵c̵k̵T̵w̵o̵D̵_̵t̵t̵,̵abs_zero, abs_one, zero_mul, mul_zero, one_mul, mul_one, add_zero,
      zero_add, Finset.sum_const_zero]

Note: This linter can be disabled with `set_option linter.unusedSimpArgs false`
warning: NumStability/Source/Higham/Chapter11/BunchKaufman/Rounded/Accumulated.lean:562:23: This simp argument is unused:
  zero_mul

Hint: Omit it from the simp argument list.
  simp only [higham11_4_bunchKaufmanProductEntry, sum_fin_add_two,
  ̵  ̵ ̵ ̵higham11_2_blockTwoL_00,
  ̲  ̲ ̲ ̲higham11_2_blockTwoL_01,
  ̵  ̵ ̵ ̵higham11_2_blockTwoL_10, higham11_2_blockTwoL_11,
      higham11_2_blockTwoL_0t, higham11_2_blockTwoL_1t,
  ̵  ̵ ̵ ̵higham11_2_blockTwoL_t0,
  ̲  ̲ ̲ ̲higham11_2_blockTwoL_t1,
  ̵  ̵ ̵ ̵higham11_2_blockTwoL_tt, higham11_2_blockTwoD_00,
      higham11_2_blockTwoD_01, higham11_2_blockTwoD_0t,
  ̵  ̵ ̵ ̵higham11_2_blockTwoD_10,
  ̲  ̲ ̲ ̲higham11_2_blockTwoD_11,
  ̵  ̵ ̵ ̵higham11_2_blockTwoD_1t, higham11_2_blockTwoD_t0,
      higham11_2_blockTwoD_t1, higham11_2_blockTwoD_tt,
  ̵  ̵ ̵ ̵abs_zero, abs_one, z̵e̵r̵o̵_̵mul,̵ ̵m̵u̵l̵_zero, one_mul, mul_one,
      add_zero, zero_add, Finset.sum_const_zero]

Note: This linter can be disabled with `set_option linter.unusedSimpArgs false`
warning: NumStability/Source/Higham/Chapter11/BunchKaufman/Rounded/Accumulated.lean:562:43: This simp argument is unused:
  one_mul

Hint: Omit it from the simp argument list.
  simp only [higham11_4_bunchKaufmanProductEntry, sum_fin_add_two,
  ̵  ̵ ̵ ̵higham11_2_blockTwoL_00,
  ̲  ̲ ̲ ̲higham11_2_blockTwoL_01,
  ̵  ̵ ̵ ̵higham11_2_blockTwoL_10, higham11_2_blockTwoL_11,
      higham11_2_blockTwoL_0t, higham11_2_blockTwoL_1t,
  ̵  ̵ ̵ ̵higham11_2_blockTwoL_t0,
  ̲  ̲ ̲ ̲higham11_2_blockTwoL_t1,
  ̵  ̵ ̵ ̵higham11_2_blockTwoL_tt, higham11_2_blockTwoD_00,
      higham11_2_blockTwoD_01, higham11_2_blockTwoD_0t,
  ̵  ̵ ̵ ̵higham11_2_blockTwoD_10,
  ̲  ̲ ̲ ̲higham11_2_blockTwoD_11,
  ̵  ̵ ̵ ̵higham11_2_blockTwoD_1t, higham11_2_blockTwoD_t0,
      higham11_2_blockTwoD_t1, higham11_2_blockTwoD_tt,
  ̵  ̵ ̵ ̵abs_zero, abs_one, zero_mul, mul_zero, ̵o̵n̵e̵_̵m̵u̵l̵,̵ ̵m̵u̵l̵_̵o̵n̵e̵,̵
      m̲u̲l̲_̲o̲n̲e̲,̲ ̲add_zero, zero_add, Finset.sum_const_zero]

Note: This linter can be disabled with `set_option linter.unusedSimpArgs false`
warning: NumStability/Source/Higham/Chapter11/BunchKaufman/Rounded/Accumulated.lean:563:14: This simp argument is unused:
  zero_add

Hint: Omit it from the simp argument list.
  simp only [higham11_4_bunchKaufmanProductEntry, sum_fin_add_two,
  ̵  ̵ ̵ ̵higham11_2_blockTwoL_00,
  ̲  ̲ ̲ ̲higham11_2_blockTwoL_01,
  ̵  ̵ ̵ ̵higham11_2_blockTwoL_10, higham11_2_blockTwoL_11,
      higham11_2_blockTwoL_0t, higham11_2_blockTwoL_1t,
  ̵  ̵ ̵ ̵higham11_2_blockTwoL_t0,
  ̲  ̲ ̲ ̲higham11_2_blockTwoL_t1,
  ̵  ̵ ̵ ̵higham11_2_blockTwoL_tt, higham11_2_blockTwoD_00,
      higham11_2_blockTwoD_01, higham11_2_blockTwoD_0t,
  ̵  ̵ ̵ ̵higham11_2_blockTwoD_10,
  ̲  ̲ ̲ ̲higham11_2_blockTwoD_11,
  ̵  ̵ ̵ ̵higham11_2_blockTwoD_1t, higham11_2_blockTwoD_t0,
      higham11_2_blockTwoD_t1, higham11_2_blockTwoD_tt,
  ̵  ̵ ̵ ̵abs_zero, abs_one, zero_mul, mul_zero, ̵o̵n̵e̵_̵m̵u̵l̵,̵ ̵m̵u̵l̵_̵o̵n̵e̵,̵
      a̵d̵d̵o̲n̲e̲_z̵m̲u̲l̲,̲ ̲m̲u̲l̲_̲o̲n̲er̵o̵, z̵e̵r̵o̵_̵add_̲z̲e̲r̲o̲, Finset.sum_const_zero]

Note: This linter can be disabled with `set_option linter.unusedSimpArgs false`
warning: NumStability/Source/Higham/Chapter11/BunchKaufman/Rounded/Accumulated.lean:572:4: This simp argument is unused:
  higham11_2_blockTwoL_00

Hint: Omit it from the simp argument list.
  simp only [higham11_4_bunchKaufmanProductEntry, sum_fin_add_two, h̵i̵g̵h̵a̵m̵1̵1̵_̵2̵_̵b̵l̵o̵c̵k̵T̵w̵o̵L̵_̵0̵0̵,̵ ̵higham11_2_blockTwoL_01,
      higham11_2_blockTwoL_10, higham11_2_blockTwoL_11, higham11_2_blockTwoL_0t,
  ̲  ̲ ̲ ̲higham11_2_blockTwoL_1t, higham11_2_blockTwoL_t0, higham11_2_blockTwoL_t1,
      higham11_2_blockTwoL_tt, higham11_2_blockTwoD_00, higham11_2_blockTwoD_01,
  ̲  ̲ ̲ ̲higham11_2_blockTwoD_0t, higham11_2_blockTwoD_10, higham11_2_blockTwoD_11,
      higham11_2_blockTwoD_1t, higham11_2_blockTwoD_t0, higham11_2_blockTwoD_t1,
  ̲  ̲ ̲ ̲higham11_2_blockTwoD_tt, abs_zero, abs_one, zero_mul, mul_zero, one_mul, mul_one, add_zero,
  ̲  ̲ ̲ ̲zero_add, Finset.sum_const_zero]

Note: This linter can be disabled with `set_option linter.unusedSimpArgs false`
warning: NumStability/Source/Higham/Chapter11/BunchKaufman/Rounded/Accumulated.lean:572:29: This simp argument is unused:
  higham11_2_blockTwoL_01

Hint: Omit it from the simp argument list.
  simp only [higham11_4_bunchKaufmanProductEntry, sum_fin_add_two, higham11_2_blockTwoL_00,
  ̲  ̲ ̲ ̲h̵i̵g̵h̵a̵m̵1̵1̵_̵2̵_̵b̵l̵o̵c̵k̵T̵w̵o̵L̵_̵0̵1̵,̵higham11_2_blockTwoL_10, higham11_2_blockTwoL_11, higham11_2_blockTwoL_0t,
      higham11_2_blockTwoL_1t, higham11_2_blockTwoL_t0, higham11_2_blockTwoL_t1,
  ̲  ̲ ̲ ̲higham11_2_blockTwoL_tt, higham11_2_blockTwoD_00, higham11_2_blockTwoD_01,
      higham11_2_blockTwoD_0t, higham11_2_blockTwoD_10, higham11_2_blockTwoD_11,
  ̲  ̲ ̲ ̲higham11_2_blockTwoD_1t, higham11_2_blockTwoD_t0, higham11_2_blockTwoD_t1,
      higham11_2_blockTwoD_tt, abs_zero, abs_one, zero_mul, mul_zero, one_mul, mul_one, add_zero,
      zero_add, Finset.sum_const_zero]

Note: This linter can be disabled with `set_option linter.unusedSimpArgs false`
warning: NumStability/Source/Higham/Chapter11/BunchKaufman/Rounded/Accumulated.lean:574:4: This simp argument is unused:
  higham11_2_blockTwoL_0t

Hint: Omit it from the simp argument list.
  simp only [higham11_4_bunchKaufmanProductEntry, sum_fin_add_two,
  ̵  ̵ ̵ ̵higham11_2_blockTwoL_00,
  ̲  ̲ ̲ ̲higham11_2_blockTwoL_01,
  ̵  ̵ ̵ ̵higham11_2_blockTwoL_10, higham11_2_blockTwoL_11,
      higham11_2_blockTwoL_0̵t̵,̵ ̵h̵i̵g̵h̵a̵m̵11̵_̵2̵_̵b̵l̵o̵c̵k̵T̵w̵o̵L̵_̵1̵t,
  ̵  ̵ ̵ ̵higham11_2_blockTwoL_t0, higham11_2_blockTwoL_t1,
      higham11_2_blockTwoL_tt, higham11_2_blockTwoD_00,
  ̵  ̵ ̵ ̵higham11_2_blockTwoD_01,
  ̲  ̲ ̲ ̲higham11_2_blockTwoD_0t,
  ̵  ̵ ̵ ̵higham11_2_blockTwoD_10, higham11_2_blockTwoD_11,
      higham11_2_blockTwoD_1t, higham11_2_blockTwoD_t0,
  ̵  ̵ ̵ ̵higham11_2_blockTwoD_t1,
  ̲  ̲ ̲ ̲higham11_2_blockTwoD_tt,
  ̵  ̵ ̵ ̵abs_zero, abs_one, zero_mul, mul_zero, one_mul, mul_one,
  ̵  ̵ ̵ ̵add_zero,
  ̲  ̲ ̲ ̲zero_add, Finset.sum_const_zero]

Note: This linter can be disabled with `set_option linter.unusedSimpArgs false`
warning: NumStability/Source/Higham/Chapter11/BunchKaufman/Rounded/Accumulated.lean:576:29: This simp argument is unused:
  higham11_2_blockTwoD_00

Hint: Omit it from the simp argument list.
  simp only [higham11_4_bunchKaufmanProductEntry, sum_fin_add_two, higham11_2_blockTwoL_00,
  ̲  ̲ ̲ ̲higham11_2_blockTwoL_01, higham11_2_blockTwoL_10, higham11_2_blockTwoL_11,
      higham11_2_blockTwoL_0t, higham11_2_blockTwoL_1t, higham11_2_blockTwoL_t0,
  ̲  ̲ ̲ ̲higham11_2_blockTwoL_t1, higham11_2_blockTwoL_tt, h̵i̵g̵h̵a̵m̵1̵1̵_̵2̵_̵b̵l̵o̵c̵k̵T̵w̵o̵D̵_̵0̵0̵,̵higham11_2_blockTwoD_01,
      higham11_2_blockTwoD_0t, higham11_2_blockTwoD_10, higham11_2_blockTwoD_11,
  ̲  ̲ ̲ ̲higham11_2_blockTwoD_1t, higham11_2_blockTwoD_t0, higham11_2_blockTwoD_t1,
      higham11_2_blockTwoD_tt, abs_zero, abs_one, zero_mul, mul_zero, one_mul, mul_one, add_zero,
      zero_add, Finset.sum_const_zero]

Note: This linter can be disabled with `set_option linter.unusedSimpArgs false`
warning: NumStability/Source/Higham/Chapter11/BunchKaufman/Rounded/Accumulated.lean:577:29: This simp argument is unused:
  higham11_2_blockTwoD_0t

Hint: Omit it from the simp argument list.
  simp only [higham11_4_bunchKaufmanProductEntry, sum_fin_add_two, higham11_2_blockTwoL_00,
  ̲  ̲ ̲ ̲higham11_2_blockTwoL_01, higham11_2_blockTwoL_10, higham11_2_blockTwoL_11,
      higham11_2_blockTwoL_0t, higham11_2_blockTwoL_1t, higham11_2_blockTwoL_t0,
  ̲  ̲ ̲ ̲higham11_2_blockTwoL_t1, higham11_2_blockTwoL_tt, higham11_2_blockTwoD_00,
      higham11_2_blockTwoD_01, h̵i̵g̵h̵a̵m̵1̵1̵_̵2̵_̵b̵l̵o̵c̵k̵T̵w̵o̵D̵_̵0̵t̵,̵higham11_2_blockTwoD_10, higham11_2_blockTwoD_11,
  ̲  ̲ ̲ ̲higham11_2_blockTwoD_1t, higham11_2_blockTwoD_t0, higham11_2_blockTwoD_t1,
      higham11_2_blockTwoD_tt, abs_zero, abs_one, zero_mul, mul_zero, one_mul, mul_one, add_zero,
      zero_add, Finset.sum_const_zero]

Note: This linter can be disabled with `set_option linter.unusedSimpArgs false`
warning: NumStability/Source/Higham/Chapter11/BunchKaufman/Rounded/Accumulated.lean:578:4: This simp argument is unused:
  higham11_2_blockTwoD_10

Hint: Omit it from the simp argument list.
  simp only [higham11_4_bunchKaufmanProductEntry, sum_fin_add_two, higham11_2_blockTwoL_00,
  ̲  ̲ ̲ ̲higham11_2_blockTwoL_01, higham11_2_blockTwoL_10, higham11_2_blockTwoL_11,
      higham11_2_blockTwoL_0t, higham11_2_blockTwoL_1t, higham11_2_blockTwoL_t0,
  ̲  ̲ ̲ ̲higham11_2_blockTwoL_t1, higham11_2_blockTwoL_tt, higham11_2_blockTwoD_00,
      higham11_2_blockTwoD_01, higham11_2_blockTwoD_0t, h̵i̵g̵h̵a̵m̵1̵1̵_̵2̵_̵b̵l̵o̵c̵k̵T̵w̵o̵D̵_̵1̵0̵,̵ ̵higham11_2_blockTwoD_11,
      higham11_2_blockTwoD_1t, higham11_2_blockTwoD_t0, higham11_2_blockTwoD_t1,
  ̲  ̲ ̲ ̲higham11_2_blockTwoD_tt, abs_zero, abs_one, zero_mul, mul_zero, one_mul, mul_one, add_zero,
  ̲  ̲ ̲ ̲zero_add, Finset.sum_const_zero]

Note: This linter can be disabled with `set_option linter.unusedSimpArgs false`
warning: NumStability/Source/Higham/Chapter11/BunchKaufman/Rounded/Accumulated.lean:579:4: This simp argument is unused:
  higham11_2_blockTwoD_1t

Hint: Omit it from the simp argument list.
  simp only [higham11_4_bunchKaufmanProductEntry, sum_fin_add_two, higham11_2_blockTwoL_00,
  ̲  ̲ ̲ ̲higham11_2_blockTwoL_01, higham11_2_blockTwoL_10, higham11_2_blockTwoL_11,
      higham11_2_blockTwoL_0t, higham11_2_blockTwoL_1t, higham11_2_blockTwoL_t0,
  ̲  ̲ ̲ ̲higham11_2_blockTwoL_t1, higham11_2_blockTwoL_tt, higham11_2_blockTwoD_00,
      higham11_2_blockTwoD_01, higham11_2_blockTwoD_0t, higham11_2_blockTwoD_10,
  ̲  ̲ ̲ ̲higham11_2_blockTwoD_11, h̵i̵g̵h̵a̵m̵1̵1̵_̵2̵_̵b̵l̵o̵c̵k̵T̵w̵o̵D̵_̵1̵t̵,̵ ̵higham11_2_blockTwoD_t0, higham11_2_blockTwoD_t1,
  ̲  ̲ ̲ ̲higham11_2_blockTwoD_tt, abs_zero, abs_one, zero_mul, mul_zero, one_mul, mul_one, add_zero,
  ̲  ̲ ̲ ̲zero_add, Finset.sum_const_zero]

Note: This linter can be disabled with `set_option linter.unusedSimpArgs false`
warning: NumStability/Source/Higham/Chapter11/BunchKaufman/Rounded/Accumulated.lean:579:29: This simp argument is unused:
  higham11_2_blockTwoD_t0

Hint: Omit it from the simp argument list.
  simp only [higham11_4_bunchKaufmanProductEntry, sum_fin_add_two, higham11_2_blockTwoL_00,
  ̲  ̲ ̲ ̲higham11_2_blockTwoL_01, higham11_2_blockTwoL_10, higham11_2_blockTwoL_11,
      higham11_2_blockTwoL_0t, higham11_2_blockTwoL_1t, higham11_2_blockTwoL_t0,
  ̲  ̲ ̲ ̲higham11_2_blockTwoL_t1, higham11_2_blockTwoL_tt, higham11_2_blockTwoD_00,
      higham11_2_blockTwoD_01, higham11_2_blockTwoD_0t, higham11_2_blockTwoD_10,
  ̲  ̲ ̲ ̲higham11_2_blockTwoD_11, higham11_2_blockTwoD_1t, h̵i̵g̵h̵a̵m̵1̵1̵_̵2̵_̵b̵l̵o̵c̵k̵T̵w̵o̵D̵_̵t̵0̵,̵higham11_2_blockTwoD_t1,
      higham11_2_blockTwoD_tt, abs_zero, abs_one, zero_mul, mul_zero, one_mul, mul_one, add_zero,
      zero_add, Finset.sum_const_zero]

Note: This linter can be disabled with `set_option linter.unusedSimpArgs false`
warning: NumStability/Source/Higham/Chapter11/BunchKaufman/Rounded/Accumulated.lean:580:29: This simp argument is unused:
  higham11_2_blockTwoD_tt

Hint: Omit it from the simp argument list.
  simp only [higham11_4_bunchKaufmanProductEntry, sum_fin_add_two, higham11_2_blockTwoL_00,
  ̲  ̲ ̲ ̲higham11_2_blockTwoL_01, higham11_2_blockTwoL_10, higham11_2_blockTwoL_11,
      higham11_2_blockTwoL_0t, higham11_2_blockTwoL_1t, higham11_2_blockTwoL_t0,
  ̲  ̲ ̲ ̲higham11_2_blockTwoL_t1, higham11_2_blockTwoL_tt, higham11_2_blockTwoD_00,
      higham11_2_blockTwoD_01, higham11_2_blockTwoD_0t, higham11_2_blockTwoD_10,
  ̲  ̲ ̲ ̲higham11_2_blockTwoD_11, higham11_2_blockTwoD_1t, higham11_2_blockTwoD_t0,
      higham11_2_blockTwoD_t1, h̵i̵g̵h̵a̵m̵1̵1̵_̵2̵_̵b̵l̵o̵c̵k̵T̵w̵o̵D̵_̵t̵t̵,̵abs_zero, abs_one, zero_mul, mul_zero, one_mul, mul_one, add_zero,
      zero_add, Finset.sum_const_zero]

Note: This linter can be disabled with `set_option linter.unusedSimpArgs false`
warning: NumStability/Source/Higham/Chapter11/BunchKaufman/Rounded/Accumulated.lean:581:23: This simp argument is unused:
  zero_mul

Hint: Omit it from the simp argument list.
  simp only [higham11_4_bunchKaufmanProductEntry, sum_fin_add_two,
  ̵  ̵ ̵ ̵higham11_2_blockTwoL_00,
  ̲  ̲ ̲ ̲higham11_2_blockTwoL_01,
  ̵  ̵ ̵ ̵higham11_2_blockTwoL_10, higham11_2_blockTwoL_11,
      higham11_2_blockTwoL_0t, higham11_2_blockTwoL_1t,
  ̵  ̵ ̵ ̵higham11_2_blockTwoL_t0,
  ̲  ̲ ̲ ̲higham11_2_blockTwoL_t1,
  ̵  ̵ ̵ ̵higham11_2_blockTwoL_tt, higham11_2_blockTwoD_00,
      higham11_2_blockTwoD_01, higham11_2_blockTwoD_0t,
  ̵  ̵ ̵ ̵higham11_2_blockTwoD_10,
  ̲  ̲ ̲ ̲higham11_2_blockTwoD_11,
  ̵  ̵ ̵ ̵higham11_2_blockTwoD_1t, higham11_2_blockTwoD_t0,
      higham11_2_blockTwoD_t1, higham11_2_blockTwoD_tt,
  ̵  ̵ ̵ ̵abs_zero, abs_one, z̵e̵r̵o̵_̵mul,̵ ̵m̵u̵l̵_zero, one_mul, mul_one,
      add_zero, zero_add, Finset.sum_const_zero]

Note: This linter can be disabled with `set_option linter.unusedSimpArgs false`
warning: NumStability/Source/Higham/Chapter11/BunchKaufman/Rounded/Accumulated.lean:581:43: This simp argument is unused:
  one_mul

Hint: Omit it from the simp argument list.
  simp only [higham11_4_bunchKaufmanProductEntry, sum_fin_add_two,
  ̵  ̵ ̵ ̵higham11_2_blockTwoL_00,
  ̲  ̲ ̲ ̲higham11_2_blockTwoL_01,
  ̵  ̵ ̵ ̵higham11_2_blockTwoL_10, higham11_2_blockTwoL_11,
      higham11_2_blockTwoL_0t, higham11_2_blockTwoL_1t,
  ̵  ̵ ̵ ̵higham11_2_blockTwoL_t0,
  ̲  ̲ ̲ ̲higham11_2_blockTwoL_t1,
  ̵  ̵ ̵ ̵higham11_2_blockTwoL_tt, higham11_2_blockTwoD_00,
      higham11_2_blockTwoD_01, higham11_2_blockTwoD_0t,
  ̵  ̵ ̵ ̵higham11_2_blockTwoD_10,
  ̲  ̲ ̲ ̲higham11_2_blockTwoD_11,
  ̵  ̵ ̵ ̵higham11_2_blockTwoD_1t, higham11_2_blockTwoD_t0,
      higham11_2_blockTwoD_t1, higham11_2_blockTwoD_tt,
  ̵  ̵ ̵ ̵abs_zero, abs_one, zero_mul, mul_zero, ̵o̵n̵e̵_̵m̵u̵l̵,̵ ̵m̵u̵l̵_̵o̵n̵e̵,̵
      m̲u̲l̲_̲o̲n̲e̲,̲ ̲add_zero, zero_add, Finset.sum_const_zero]

Note: This linter can be disabled with `set_option linter.unusedSimpArgs false`
ℹ [4559/4738] Replayed NumStability.Source.Higham.Chapter11.BunchKaufman.SourceCorrection
info: NumStability/Source/Higham/Chapter11/BunchKaufman/SourceCorrection.lean:290:0: 'NumStability.higham11_4_exact_product_bound_does_not_imply_same_computed_bound' depends on axioms: [propext,
 Classical.choice,
 Quot.sound]
info: NumStability/Source/Higham/Chapter11/BunchKaufman/SourceCorrection.lean:291:0: 'NumStability.higham11_4_computed_productEntry_le_of_relative_factor_perturbations' depends on axioms: [propext,
 Classical.choice,
 Quot.sound]
info: NumStability/Source/Higham/Chapter11/BunchKaufman/SourceCorrection.lean:292:0: 'NumStability.higham11_4_computed_absLDLT_maxEntryNorm_le_of_relative_factor_bounds' depends on axioms: [propext,
 Classical.choice,
 Quot.sound]
info: NumStability/Source/Higham/Chapter11/BunchKaufman/SourceCorrection.lean:293:0: 'NumStability.higham11_4_computed_productMax_le_higham1997_exact_bound_finite_u' depends on axioms: [propext,
 Classical.choice,
 Quot.sound]
info: NumStability/Source/Higham/Chapter11/BunchKaufman/SourceCorrection.lean:294:0: 'NumStability.higham11_4_first_order_times_computed_productMax_le_exact_plus_second_order' depends on axioms: [propext,
 Classical.choice,
 Quot.sound]
⚠ [4633/4738] Replayed NumStability.Source.Higham.Chapter13.DemmelSharpMultiplier
warning: NumStability/Source/Higham/Chapter13/DemmelSharpMultiplier.lean:168:5: `Matrix.PosSemidef.commute_iff` has been deprecated: Use `commute_iff_mul_nonneg` instead

Note: The updated constant has a different type:
  ∀ {A : Type u_1} [inst : NonUnitalRing A] [inst_1 : PartialOrder A] [inst_2 : StarRing A] [StarOrderedRing A]
    [inst_4 : TopologicalSpace A] [inst_5 : Module ℝ A] [inst_6 : IsScalarTower ℝ A A] [inst_7 : SMulCommClass ℝ A A]
    [NonUnitalContinuousFunctionalCalculus ℝ A IsSelfAdjoint] [NonnegSpectrumClass ℝ A] {a b : A},
    0 ≤ a → 0 ≤ b → (Commute a b ↔ 0 ≤ a * b)
instead of
  ∀ {𝕜 : Type u_1} {n : Type u_2} [inst : RCLike 𝕜] [inst_1 : Fintype n] {A B : Matrix n n 𝕜},
    A.PosSemidef → B.PosSemidef → (Commute A B ↔ (A * B).PosSemidef)

Note: The updated constant is in a different namespace. Dot notation may need to be changed (e.g., from `x.commute_iff` to `commute_iff_mul_nonneg x`).
warning: NumStability/Source/Higham/Chapter13/DemmelSharpMultiplier.lean:669:16: Used `tac1 <;> tac2` where `(tac1; tac2)` would suffice

Note: This linter can be disabled with `set_option linter.unnecessarySeqFocus false`
warning: NumStability/Source/Higham/Chapter13/DemmelSharpMultiplier.lean:675:16: Used `tac1 <;> tac2` where `(tac1; tac2)` would suffice

Note: This linter can be disabled with `set_option linter.unnecessarySeqFocus false`
⚠ [4657/5184] Replayed NumStability.Source.Higham.Chapter11.BunchKaufman.Rounded.Global
warning: NumStability/Source/Higham/Chapter11/BunchKaufman/Rounded/Global.lean:1191:22: unused variable `hA`

Note: This linter can be disabled with `set_option linter.unusedVariables false`
warning: NumStability/Source/Higham/Chapter11/BunchKaufman/Rounded/Global.lean:1191:25: unused variable `hbranch`

Note: This linter can be disabled with `set_option linter.unusedVariables false`
warning: NumStability/Source/Higham/Chapter11/BunchKaufman/Rounded/Global.lean:1195:19: unused variable `hA`

Note: This linter can be disabled with `set_option linter.unusedVariables false`
warning: NumStability/Source/Higham/Chapter11/BunchKaufman/Rounded/Global.lean:1195:22: unused variable `hbranch`

Note: This linter can be disabled with `set_option linter.unusedVariables false`
warning: NumStability/Source/Higham/Chapter11/BunchKaufman/Rounded/Global.lean:1208:19: unused variable `hA`

Note: This linter can be disabled with `set_option linter.unusedVariables false`
warning: NumStability/Source/Higham/Chapter11/BunchKaufman/Rounded/Global.lean:1208:22: unused variable `hbranch`

Note: This linter can be disabled with `set_option linter.unusedVariables false`
warning: NumStability/Source/Higham/Chapter11/BunchKaufman/Rounded/Global.lean:1221:19: unused variable `hA`

Note: This linter can be disabled with `set_option linter.unusedVariables false`
warning: NumStability/Source/Higham/Chapter11/BunchKaufman/Rounded/Global.lean:1221:22: unused variable `hbranch`

Note: This linter can be disabled with `set_option linter.unusedVariables false`
warning: NumStability/Source/Higham/Chapter11/BunchKaufman/Rounded/Global.lean:1234:19: unused variable `hA`

Note: This linter can be disabled with `set_option linter.unusedVariables false`
warning: NumStability/Source/Higham/Chapter11/BunchKaufman/Rounded/Global.lean:1234:22: unused variable `hbranch`

Note: This linter can be disabled with `set_option linter.unusedVariables false`
warning: NumStability/Source/Higham/Chapter11/BunchKaufman/Rounded/Global.lean:1234:30: unused variable `hsecond`

Note: This linter can be disabled with `set_option linter.unusedVariables false`
warning: NumStability/Source/Higham/Chapter11/BunchKaufman/Rounded/Global.lean:1543:33: unused variable `hB`

Note: This linter can be disabled with `set_option linter.unusedVariables false`
warning: NumStability/Source/Higham/Chapter11/BunchKaufman/Rounded/Global.lean:1544:5: unused variable `hP`

Note: This linter can be disabled with `set_option linter.unusedVariables false`
warning: NumStability/Source/Higham/Chapter11/BunchKaufman/Rounded/Global.lean:1694:28: This simp argument is unused:
  Fin.cases_succ

Hint: Omit it from the simp argument list.
  simp only [residualEnvelope, finiteResidualEnvelope, F̵i̵n̵.̵c̵a̵s̵e̵s̵_̵z̵e̵r̵o̵,̵ ̵F̵i̵n̵.̵c̵a̵s̵e̵s̵_̵s̵u̵c̵c̵]̵F̲i̲n̲.̲c̲a̲s̲e̲s̲_̲z̲e̲r̲o̲]̲

Note: This linter can be disabled with `set_option linter.unusedSimpArgs false`
warning: NumStability/Source/Higham/Chapter11/BunchKaufman/Rounded/Global.lean:1887:31: Used `tac1 <;> tac2` where `(tac1; tac2)` would suffice

Note: This linter can be disabled with `set_option linter.unnecessarySeqFocus false`
warning: NumStability/Source/Higham/Chapter11/BunchKaufman/Rounded/Global.lean:1992:31: Used `tac1 <;> tac2` where `(tac1; tac2)` would suffice

Note: This linter can be disabled with `set_option linter.unnecessarySeqFocus false`
warning: NumStability/Source/Higham/Chapter11/BunchKaufman/Rounded/Global.lean:2097:31: Used `tac1 <;> tac2` where `(tac1; tac2)` would suffice

Note: This linter can be disabled with `set_option linter.unnecessarySeqFocus false`
warning: NumStability/Source/Higham/Chapter11/BunchKaufman/Rounded/Global.lean:2267:35: Used `tac1 <;> tac2` where `(tac1; tac2)` would suffice

Note: This linter can be disabled with `set_option linter.unnecessarySeqFocus false`
⚠ [4658/5184] Replayed NumStability.Source.Higham.Chapter11.BunchKaufman.Rounded.Growth
warning: NumStability/Source/Higham/Chapter11/BunchKaufman/Rounded/Growth.lean:99:4: try 'simp' instead of 'simpa'

Note: This linter can be disabled with `set_option linter.unnecessarySimpa false`
warning: NumStability/Source/Higham/Chapter11/BunchKaufman/Rounded/Growth.lean:210:6: This simp argument is unused:
  higham11_2_firstIndex

Hint: Omit it from the simp argument list.
  simp [p, r, higham11_2_bunchKaufmanFirstPerm, hbranch,̵
  ̵ ̵ ̵ ̵ ̵ ̵ ̵h̵i̵g̵h̵a̵m̵1̵1̵_̵2̵_̵f̵i̵r̵s̵t̵I̵n̵d̵e̵x̵]

Note: This linter can be disabled with `set_option linter.unusedSimpArgs false`
info: NumStability/Source/Higham/Chapter11/BunchKaufman/Rounded/Growth.lean:463:50: Try this:
  [apply] ring_nf
  
  The `ring` tactic failed to close the goal. Use `ring_nf` to obtain a normal form.
    
  Note that `ring` works primarily in *commutative* rings. If you have a noncommutative ring, abelian group or module, consider using `noncomm_ring`, `abel` or `module` instead.
warning: NumStability/Source/Higham/Chapter11/BunchKaufman/Rounded/Growth.lean:463:24: Used `tac1 <;> tac2` where `(tac1; tac2)` would suffice

Note: This linter can be disabled with `set_option linter.unnecessarySeqFocus false`
warning: NumStability/Source/Higham/Chapter11/BunchKaufman/Rounded/Growth.lean:463:46: Used `tac1 <;> tac2` where `(tac1; tac2)` would suffice

Note: This linter can be disabled with `set_option linter.unnecessarySeqFocus false`
warning: NumStability/Source/Higham/Chapter11/BunchKaufman/Rounded/Growth.lean:491:54: Used `tac1 <;> tac2` where `(tac1; tac2)` would suffice

Note: This linter can be disabled with `set_option linter.unnecessarySeqFocus false`
warning: NumStability/Source/Higham/Chapter11/BunchKaufman/Rounded/Growth.lean:722:10: This simp argument is unused:
  B

Hint: Omit it from the simp argument list.
  simp [B̵,̵ ̵higham11_2_bunchKaufmanSelectedTwoBlock, i₀]

Note: This linter can be disabled with `set_option linter.unusedSimpArgs false`
warning: NumStability/Source/Higham/Chapter11/BunchKaufman/Rounded/Growth.lean:802:5: unused variable `hxi0nonneg`

Note: This linter can be disabled with `set_option linter.unusedVariables false`
warning: NumStability/Source/Higham/Chapter11/BunchKaufman/Rounded/Growth.lean:802:29: unused variable `hxi1nonneg`

Note: This linter can be disabled with `set_option linter.unusedVariables false`
warning: NumStability/Source/Higham/Chapter11/BunchKaufman/Rounded/Growth.lean:1187:4: This simp argument is unused:
  higham11_2_blockTwoD_01

Hint: Omit it from the simp argument list.
  simp only [higham11_4_bunchKaufmanProductEntry, sum_fin_add_two,
  ̵  ̵ ̵ ̵higham11_2_blockTwoL_00,
  ̲  ̲ ̲ ̲higham11_2_blockTwoL_01,
  ̵  ̵ ̵ ̵higham11_2_blockTwoL_0t, higham11_2_blockTwoD_00,
      higham11_2_blockTwoD_01̵,̵ ̵h̵i̵g̵h̵a̵m̵1̵1̵_̵2̵_̵b̵l̵o̵c̵k̵T̵w̵o̵D̵_̵0̵t,
  ̵  ̵ ̵ ̵abs_zero, abs_one, zero_mul, mul_zero, one_mul, mul_one,
  ̵  ̵ ̵ ̵add_zero,
  ̲  ̲ ̲ ̲zero_add, Finset.sum_const_zero]

Note: This linter can be disabled with `set_option linter.unusedSimpArgs false`
warning: NumStability/Source/Higham/Chapter11/BunchKaufman/Rounded/Growth.lean:1187:29: This simp argument is unused:
  higham11_2_blockTwoD_0t

Hint: Omit it from the simp argument list.
  simp only [higham11_4_bunchKaufmanProductEntry, sum_fin_add_two, higham11_2_blockTwoL_00,
  ̲  ̲ ̲ ̲higham11_2_blockTwoL_01, higham11_2_blockTwoL_0t, higham11_2_blockTwoD_00,
      higham11_2_blockTwoD_01, h̵i̵g̵h̵a̵m̵1̵1̵_̵2̵_̵b̵l̵o̵c̵k̵T̵w̵o̵D̵_̵0̵t̵,̵abs_zero, abs_one, zero_mul, mul_zero, one_mul, mul_one, add_zero,
      zero_add, Finset.sum_const_zero]

Note: This linter can be disabled with `set_option linter.unusedSimpArgs false`
warning: NumStability/Source/Higham/Chapter11/BunchKaufman/Rounded/Growth.lean:1189:14: This simp argument is unused:
  zero_add

Hint: Omit it from the simp argument list.
  simp only [higham11_4_bunchKaufmanProductEntry, sum_fin_add_two, higham11_2_blockTwoL_00,
  ̲  ̲ ̲ ̲higham11_2_blockTwoL_01, higham11_2_blockTwoL_0t, higham11_2_blockTwoD_00,
      higham11_2_blockTwoD_01, higham11_2_blockTwoD_0t, abs_zero, abs_one, zero_mul, mul_zero,
  ̲  ̲ ̲ ̲one_mul, mul_one, add_zero, z̵e̵r̵o̵_̵a̵d̵d̵,̵ ̵Finset.sum_const_zero]

Note: This linter can be disabled with `set_option linter.unusedSimpArgs false`
warning: NumStability/Source/Higham/Chapter11/BunchKaufman/Rounded/Growth.lean:1201:4: This simp argument is unused:
  higham11_2_blockTwoD_00

Hint: Omit it from the simp argument list.
  simp only [higham11_4_bunchKaufmanProductEntry, sum_fin_add_two,
  ̵  ̵ ̵ ̵higham11_2_blockTwoL_00,
  ̲  ̲ ̲ ̲higham11_2_blockTwoL_01,
  ̵  ̵ ̵ ̵higham11_2_blockTwoL_10, higham11_2_blockTwoL_11,
      higham11_2_blockTwoL_0t, higham11_2_blockTwoL_1t,
  ̵  ̵ ̵ ̵higham11_2_blockTwoD_00̵,̵ ̵h̵i̵g̵h̵a̵m̵11̵_̵2̵_̵b̵l̵o̵c̵k̵T̵w̵o̵D̵_̵0̵1̵,
      higham11_2_blockTwoD_0t, abs_zero, abs_one, zero_mul, mul_zero,
  ̵  ̵ ̵ ̵one_mul, mul_one, add_zero,
  ̲  ̲ ̲ ̲zero_add, Finset.sum_const_zero]

Note: This linter can be disabled with `set_option linter.unusedSimpArgs false`
warning: NumStability/Source/Higham/Chapter11/BunchKaufman/Rounded/Growth.lean:1202:4: This simp argument is unused:
  higham11_2_blockTwoD_0t

Hint: Omit it from the simp argument list.
  simp only [higham11_4_bunchKaufmanProductEntry, sum_fin_add_two,
  ̵  ̵ ̵ ̵higham11_2_blockTwoL_00,
  ̲  ̲ ̲ ̲higham11_2_blockTwoL_01,
  ̵  ̵ ̵ ̵higham11_2_blockTwoL_10, higham11_2_blockTwoL_11,
      higham11_2_blockTwoL_0t, higham11_2_blockTwoL_1t,
  ̵  ̵ ̵ ̵higham11_2_blockTwoD_00̵0̲, ̵h̵i̵g̵h̵a̵m̵1̵1̵_̵2̵_̵b̵l̵o̵c̵k̵T̵w̵o̵D̵_̵0̵1̵,̵
      higham11_2_blockTwoD_0t̵1̲, abs_zero, abs_one, zero_mul, mul_zero,
  ̵  ̵ ̵ ̵one_mul, mul_one, add_zero,
  ̲  ̲ ̲ ̲zero_add, Finset.sum_const_zero]

Note: This linter can be disabled with `set_option linter.unusedSimpArgs false`
warning: NumStability/Source/Higham/Chapter11/BunchKaufman/Rounded/Growth.lean:1215:29: This simp argument is unused:
  higham11_2_blockTwoD_11

Hint: Omit it from the simp argument list.
  simp only [higham11_4_bunchKaufmanProductEntry, sum_fin_add_two,
  ̵  ̵ ̵ ̵higham11_2_blockTwoL_00,
  ̲  ̲ ̲ ̲higham11_2_blockTwoL_01,
  ̵  ̵ ̵ ̵higham11_2_blockTwoL_10, higham11_2_blockTwoL_11,
      higham11_2_blockTwoL_0t, higham11_2_blockTwoL_1t,
  ̵  ̵ ̵ ̵higham11_2_blockTwoD_10̵0̲, ̵h̵i̵g̵h̵a̵m̵1̵1̵_̵2̵_̵b̵l̵o̵c̵k̵T̵w̵o̵D̵_̵1̵1̵,̵
      higham11_2_blockTwoD_1t, abs_zero, abs_one, zero_mul, mul_zero,
  ̵  ̵ ̵ ̵one_mul, mul_one, add_zero,
  ̲  ̲ ̲ ̲zero_add, Finset.sum_const_zero]

Note: This linter can be disabled with `set_option linter.unusedSimpArgs false`
warning: NumStability/Source/Higham/Chapter11/BunchKaufman/Rounded/Growth.lean:1216:4: This simp argument is unused:
  higham11_2_blockTwoD_1t

Hint: Omit it from the simp argument list.
  simp only [higham11_4_bunchKaufmanProductEntry, sum_fin_add_two,
  ̵  ̵ ̵ ̵higham11_2_blockTwoL_00,
  ̲  ̲ ̲ ̲higham11_2_blockTwoL_01,
  ̵  ̵ ̵ ̵higham11_2_blockTwoL_10, higham11_2_blockTwoL_11,
      higham11_2_blockTwoL_0t, higham11_2_blockTwoL_1t,
  ̵  ̵ ̵ ̵higham11_2_blockTwoD_10̵0̲, ̵h̵i̵g̵h̵a̵m̵1̵1̵_̵2̵_̵b̵l̵o̵c̵k̵T̵w̵o̵D̵_̵1̵1̵,̵
      higham11_2_blockTwoD_1t̵1̲, abs_zero, abs_one, zero_mul, mul_zero,
  ̵  ̵ ̵ ̵one_mul, mul_one, add_zero,
  ̲  ̲ ̲ ̲zero_add, Finset.sum_const_zero]

Note: This linter can be disabled with `set_option linter.unusedSimpArgs false`
warning: NumStability/Source/Higham/Chapter11/BunchKaufman/Rounded/Growth.lean:1227:29: This simp argument is unused:
  higham11_2_blockTwoD_10

Hint: Omit it from the simp argument list.
  simp only [higham11_4_bunchKaufmanProductEntry, sum_fin_add_two, higham11_2_blockTwoL_10,
  ̲  ̲ ̲ ̲higham11_2_blockTwoL_11, higham11_2_blockTwoL_1t, h̵i̵g̵h̵a̵m̵1̵1̵_̵2̵_̵b̵l̵o̵c̵k̵T̵w̵o̵D̵_̵1̵0̵,̵higham11_2_blockTwoD_11,
      higham11_2_blockTwoD_1t, abs_zero, abs_one, zero_mul, mul_zero, one_mul, mul_one, add_zero,
      zero_add, Finset.sum_const_zero]

Note: This linter can be disabled with `set_option linter.unusedSimpArgs false`
warning: NumStability/Source/Higham/Chapter11/BunchKaufman/Rounded/Growth.lean:1228:29: This simp argument is unused:
  higham11_2_blockTwoD_1t

Hint: Omit it from the simp argument list.
  simp only [higham11_4_bunchKaufmanProductEntry, sum_fin_add_two,
  ̵  ̵ ̵ ̵higham11_2_blockTwoL_10,
  ̲  ̲ ̲ ̲higham11_2_blockTwoL_11,
  ̵  ̵ ̵ ̵higham11_2_blockTwoL_1t, higham11_2_blockTwoD_10,
      higham11_2_blockTwoD_11, h̵i̵g̵h̵am̵1̵1̵_̵2̵_̵bl̵o̵c̵k̵T̵w̵o̵D̵_̵1̵t̵,̵
  ̵ ̵ ̵ ̵ ̵a̵b̵s_zero, abs_one, zero_mul, mul_zero, one_mul, mul_one,
  ̵  ̵ ̵ ̵add_zero,
  ̲  ̲ ̲ ̲zero_add, Finset.sum_const_zero]

Note: This linter can be disabled with `set_option linter.unusedSimpArgs false`
warning: NumStability/Source/Higham/Chapter11/BunchKaufman/Rounded/Growth.lean:1378:26: unused variable `tail`

Note: This linter can be disabled with `set_option linter.unusedVariables false`
warning: NumStability/Source/Higham/Chapter11/BunchKaufman/Rounded/Growth.lean:1380:23: unused variable `tail`

Note: This linter can be disabled with `set_option linter.unusedVariables false`
warning: NumStability/Source/Higham/Chapter11/BunchKaufman/Rounded/Growth.lean:1382:23: unused variable `tail`

Note: This linter can be disabled with `set_option linter.unusedVariables false`
warning: NumStability/Source/Higham/Chapter11/BunchKaufman/Rounded/Growth.lean:1384:23: unused variable `tail`

Note: This linter can be disabled with `set_option linter.unusedVariables false`
warning: NumStability/Source/Higham/Chapter11/BunchKaufman/Rounded/Growth.lean:1386:25: unused variable `tail`

Note: This linter can be disabled with `set_option linter.unusedVariables false`
warning: NumStability/Source/Higham/Chapter11/BunchKaufman/Rounded/Growth.lean:1396:26: unused variable `tail`

Note: This linter can be disabled with `set_option linter.unusedVariables false`
warning: NumStability/Source/Higham/Chapter11/BunchKaufman/Rounded/Growth.lean:1397:23: unused variable `tail`

Note: This linter can be disabled with `set_option linter.unusedVariables false`
warning: NumStability/Source/Higham/Chapter11/BunchKaufman/Rounded/Growth.lean:1398:23: unused variable `tail`

Note: This linter can be disabled with `set_option linter.unusedVariables false`
warning: NumStability/Source/Higham/Chapter11/BunchKaufman/Rounded/Growth.lean:1399:23: unused variable `tail`

Note: This linter can be disabled with `set_option linter.unusedVariables false`
warning: NumStability/Source/Higham/Chapter11/BunchKaufman/Rounded/Growth.lean:1400:25: unused variable `tail`

Note: This linter can be disabled with `set_option linter.unusedVariables false`
⚠ [4659/5184] Replayed NumStability.Source.Higham.Chapter11.BunchKaufman.Exact.Growth
warning: NumStability/Source/Higham/Chapter11/BunchKaufman/Exact/Growth.lean:83:4: This simp argument is unused:
  higham11_2_blockTwoD_01

Hint: Omit it from the simp argument list.
  simp only [higham11_4_bunchKaufmanProductEntry, sum_fin_add_two,
  ̵  ̵ ̵ ̵higham11_2_blockTwoL_00,
  ̲  ̲ ̲ ̲higham11_2_blockTwoL_01,
  ̵  ̵ ̵ ̵higham11_2_blockTwoL_0t, higham11_2_blockTwoD_00,
      higham11_2_blockTwoD_01̵,̵ ̵h̵i̵g̵h̵a̵m̵1̵1̵_̵2̵_̵b̵l̵o̵c̵k̵T̵w̵o̵D̵_̵0̵t,
  ̵  ̵ ̵ ̵abs_zero, abs_one, zero_mul, mul_zero, one_mul, mul_one,
  ̵  ̵ ̵ ̵add_zero,
  ̲  ̲ ̲ ̲zero_add, Finset.sum_const_zero]

Note: This linter can be disabled with `set_option linter.unusedSimpArgs false`
warning: NumStability/Source/Higham/Chapter11/BunchKaufman/Exact/Growth.lean:83:29: This simp argument is unused:
  higham11_2_blockTwoD_0t

Hint: Omit it from the simp argument list.
  simp only [higham11_4_bunchKaufmanProductEntry, sum_fin_add_two, higham11_2_blockTwoL_00,
  ̲  ̲ ̲ ̲higham11_2_blockTwoL_01, higham11_2_blockTwoL_0t, higham11_2_blockTwoD_00,
      higham11_2_blockTwoD_01, h̵i̵g̵h̵a̵m̵1̵1̵_̵2̵_̵b̵l̵o̵c̵k̵T̵w̵o̵D̵_̵0̵t̵,̵abs_zero, abs_one, zero_mul, mul_zero, one_mul, mul_one, add_zero,
      zero_add, Finset.sum_const_zero]

Note: This linter can be disabled with `set_option linter.unusedSimpArgs false`
warning: NumStability/Source/Higham/Chapter11/BunchKaufman/Exact/Growth.lean:85:14: This simp argument is unused:
  zero_add

Hint: Omit it from the simp argument list.
  simp only [higham11_4_bunchKaufmanProductEntry, sum_fin_add_two, higham11_2_blockTwoL_00,
  ̲  ̲ ̲ ̲higham11_2_blockTwoL_01, higham11_2_blockTwoL_0t, higham11_2_blockTwoD_00,
      higham11_2_blockTwoD_01, higham11_2_blockTwoD_0t, abs_zero, abs_one, zero_mul, mul_zero,
  ̲  ̲ ̲ ̲one_mul, mul_one, add_zero, z̵e̵r̵o̵_̵a̵d̵d̵,̵ ̵Finset.sum_const_zero]

Note: This linter can be disabled with `set_option linter.unusedSimpArgs false`
warning: NumStability/Source/Higham/Chapter11/BunchKaufman/Exact/Growth.lean:97:4: This simp argument is unused:
  higham11_2_blockTwoD_00

Hint: Omit it from the simp argument list.
  simp only [higham11_4_bunchKaufmanProductEntry, sum_fin_add_two,
  ̵  ̵ ̵ ̵higham11_2_blockTwoL_00,
  ̲  ̲ ̲ ̲higham11_2_blockTwoL_01,
  ̵  ̵ ̵ ̵higham11_2_blockTwoL_10, higham11_2_blockTwoL_11,
      higham11_2_blockTwoL_0t, higham11_2_blockTwoL_1t,
  ̵  ̵ ̵ ̵higham11_2_blockTwoD_00̵,̵ ̵h̵i̵g̵h̵a̵m̵11̵_̵2̵_̵b̵l̵o̵c̵k̵T̵w̵o̵D̵_̵0̵1̵,
      higham11_2_blockTwoD_0t, abs_zero, abs_one, zero_mul, mul_zero,
  ̵  ̵ ̵ ̵one_mul, mul_one, add_zero,
  ̲  ̲ ̲ ̲zero_add, Finset.sum_const_zero]

Note: This linter can be disabled with `set_option linter.unusedSimpArgs false`
warning: NumStability/Source/Higham/Chapter11/BunchKaufman/Exact/Growth.lean:98:4: This simp argument is unused:
  higham11_2_blockTwoD_0t

Hint: Omit it from the simp argument list.
  simp only [higham11_4_bunchKaufmanProductEntry, sum_fin_add_two,
  ̵  ̵ ̵ ̵higham11_2_blockTwoL_00,
  ̲  ̲ ̲ ̲higham11_2_blockTwoL_01,
  ̵  ̵ ̵ ̵higham11_2_blockTwoL_10, higham11_2_blockTwoL_11,
      higham11_2_blockTwoL_0t, higham11_2_blockTwoL_1t,
  ̵  ̵ ̵ ̵higham11_2_blockTwoD_00̵0̲, ̵h̵i̵g̵h̵a̵m̵1̵1̵_̵2̵_̵b̵l̵o̵c̵k̵T̵w̵o̵D̵_̵0̵1̵,̵
      higham11_2_blockTwoD_0t̵1̲, abs_zero, abs_one, zero_mul, mul_zero,
  ̵  ̵ ̵ ̵one_mul, mul_one, add_zero,
  ̲  ̲ ̲ ̲zero_add, Finset.sum_const_zero]

Note: This linter can be disabled with `set_option linter.unusedSimpArgs false`
warning: NumStability/Source/Higham/Chapter11/BunchKaufman/Exact/Growth.lean:111:29: This simp argument is unused:
  higham11_2_blockTwoD_11

Hint: Omit it from the simp argument list.
  simp only [higham11_4_bunchKaufmanProductEntry, sum_fin_add_two,
  ̵  ̵ ̵ ̵higham11_2_blockTwoL_00,
  ̲  ̲ ̲ ̲higham11_2_blockTwoL_01,
  ̵  ̵ ̵ ̵higham11_2_blockTwoL_10, higham11_2_blockTwoL_11,
      higham11_2_blockTwoL_0t, higham11_2_blockTwoL_1t,
  ̵  ̵ ̵ ̵higham11_2_blockTwoD_10̵0̲, ̵h̵i̵g̵h̵a̵m̵1̵1̵_̵2̵_̵b̵l̵o̵c̵k̵T̵w̵o̵D̵_̵1̵1̵,̵
      higham11_2_blockTwoD_1t, abs_zero, abs_one, zero_mul, mul_zero,
  ̵  ̵ ̵ ̵one_mul, mul_one, add_zero,
  ̲  ̲ ̲ ̲zero_add, Finset.sum_const_zero]

Note: This linter can be disabled with `set_option linter.unusedSimpArgs false`
warning: NumStability/Source/Higham/Chapter11/BunchKaufman/Exact/Growth.lean:112:4: This simp argument is unused:
  higham11_2_blockTwoD_1t

Hint: Omit it from the simp argument list.
  simp only [higham11_4_bunchKaufmanProductEntry, sum_fin_add_two,
  ̵  ̵ ̵ ̵higham11_2_blockTwoL_00,
  ̲  ̲ ̲ ̲higham11_2_blockTwoL_01,
  ̵  ̵ ̵ ̵higham11_2_blockTwoL_10, higham11_2_blockTwoL_11,
      higham11_2_blockTwoL_0t, higham11_2_blockTwoL_1t,
  ̵  ̵ ̵ ̵higham11_2_blockTwoD_10̵0̲, ̵h̵i̵g̵h̵a̵m̵1̵1̵_̵2̵_̵b̵l̵o̵c̵k̵T̵w̵o̵D̵_̵1̵1̵,̵
      higham11_2_blockTwoD_1t̵1̲, abs_zero, abs_one, zero_mul, mul_zero,
  ̵  ̵ ̵ ̵one_mul, mul_one, add_zero,
  ̲  ̲ ̲ ̲zero_add, Finset.sum_const_zero]

Note: This linter can be disabled with `set_option linter.unusedSimpArgs false`
warning: NumStability/Source/Higham/Chapter11/BunchKaufman/Exact/Growth.lean:123:29: This simp argument is unused:
  higham11_2_blockTwoD_10

Hint: Omit it from the simp argument list.
  simp only [higham11_4_bunchKaufmanProductEntry, sum_fin_add_two, higham11_2_blockTwoL_10,
  ̲  ̲ ̲ ̲higham11_2_blockTwoL_11, higham11_2_blockTwoL_1t, h̵i̵g̵h̵a̵m̵1̵1̵_̵2̵_̵b̵l̵o̵c̵k̵T̵w̵o̵D̵_̵1̵0̵,̵higham11_2_blockTwoD_11,
      higham11_2_blockTwoD_1t, abs_zero, abs_one, zero_mul, mul_zero, one_mul, mul_one, add_zero,
      zero_add, Finset.sum_const_zero]

Note: This linter can be disabled with `set_option linter.unusedSimpArgs false`
warning: NumStability/Source/Higham/Chapter11/BunchKaufman/Exact/Growth.lean:124:29: This simp argument is unused:
  higham11_2_blockTwoD_1t

Hint: Omit it from the simp argument list.
  simp only [higham11_4_bunchKaufmanProductEntry, sum_fin_add_two,
  ̵  ̵ ̵ ̵higham11_2_blockTwoL_10,
  ̲  ̲ ̲ ̲higham11_2_blockTwoL_11,
  ̵  ̵ ̵ ̵higham11_2_blockTwoL_1t, higham11_2_blockTwoD_10,
      higham11_2_blockTwoD_11, h̵i̵g̵h̵am̵1̵1̵_̵2̵_̵bl̵o̵c̵k̵T̵w̵o̵D̵_̵1̵t̵,̵
  ̵ ̵ ̵ ̵ ̵a̵b̵s_zero, abs_one, zero_mul, mul_zero, one_mul, mul_one,
  ̵  ̵ ̵ ̵add_zero,
  ̲  ̲ ̲ ̲zero_add, Finset.sum_const_zero]

Note: This linter can be disabled with `set_option linter.unusedSimpArgs false`
⚠ [4660/5184] Replayed NumStability.Source.Higham.Chapter11.BunchKaufman.Rounded.Solve
warning: NumStability/Source/Higham/Chapter11/BunchKaufman/Rounded/Solve.lean:375:33: unused variable `hrho`

Note: This linter can be disabled with `set_option linter.unusedVariables false`
warning: NumStability/Source/Higham/Chapter11/BunchKaufman/Rounded/Solve.lean:377:5: unused variable `hAmax0`

Note: This linter can be disabled with `set_option linter.unusedVariables false`
⚠ [4682/5184] Replayed NumStability.Source.Higham.Chapter13.Problem04.GlobalTableauChain
warning: NumStability/Source/Higham/Chapter13/Problem04/GlobalTableauChain.lean:190:10: try 'simp' instead of 'simpa'

Note: This linter can be disabled with `set_option linter.unnecessarySimpa false`
⚠ [4703/5184] Replayed NumStability.Source.Higham.Chapter13.Problem04.ScalarGrowthBridge
warning: NumStability/Source/Higham/Chapter13/Problem04/ScalarGrowthBridge.lean:1007:6: try 'simp' instead of 'simpa'

Note: This linter can be disabled with `set_option linter.unnecessarySimpa false`
warning: NumStability/Source/Higham/Chapter13/Problem04/ScalarGrowthBridge.lean:1042:8: try 'simp' instead of 'simpa'

Note: This linter can be disabled with `set_option linter.unnecessarySimpa false`
warning: NumStability/Source/Higham/Chapter13/Problem04/ScalarGrowthBridge.lean:1049:8: try 'simp' instead of 'simpa'

Note: This linter can be disabled with `set_option linter.unnecessarySimpa false`
⚠ [4718/5184] Replayed NumStability.Source.Higham.Chapter14.Corollary06.SPD.Closure
warning: NumStability/Source/Higham/Chapter14/Corollary06/SPD/Closure.lean:2206:26: Used `tac1 <;> tac2` where `(tac1; tac2)` would suffice

Note: This linter can be disabled with `set_option linter.unnecessarySeqFocus false`
warning: NumStability/Source/Higham/Chapter14/Corollary06/SPD/Closure.lean:2208:39: Used `tac1 <;> tac2` where `(tac1; tac2)` would suffice

Note: This linter can be disabled with `set_option linter.unnecessarySeqFocus false`
warning: NumStability/Source/Higham/Chapter14/Corollary06/SPD/Closure.lean:2346:26: Used `tac1 <;> tac2` where `(tac1; tac2)` would suffice

Note: This linter can be disabled with `set_option linter.unnecessarySeqFocus false`
warning: NumStability/Source/Higham/Chapter14/Corollary06/SPD/Closure.lean:2348:47: Used `tac1 <;> tac2` where `(tac1; tac2)` would suffice

Note: This linter can be disabled with `set_option linter.unnecessarySeqFocus false`
warning: NumStability/Source/Higham/Chapter14/Corollary06/SPD/Closure.lean:2462:31: Used `tac1 <;> tac2` where `(tac1; tac2)` would suffice

Note: This linter can be disabled with `set_option linter.unnecessarySeqFocus false`
warning: NumStability/Source/Higham/Chapter14/Corollary06/SPD/Closure.lean:2604:23: Used `tac1 <;> tac2` where `(tac1; tac2)` would suffice

Note: This linter can be disabled with `set_option linter.unnecessarySeqFocus false`
⚠ [4719/5184] Replayed NumStability.Source.Higham.Chapter14.Algorithm04.Execution.GJEFinalDivisionClosure
warning: NumStability/Source/Higham/Chapter14/Algorithm04/Execution/GJEFinalDivisionClosure.lean:241:4: 'change matMul n (matMul n Q P) (V start) = V start' tactic does nothing

Note: This linter can be disabled with `set_option linter.unusedTactic false`
warning: NumStability/Source/Higham/Chapter14/Algorithm04/Execution/GJEFinalDivisionClosure.lean:651:39: unused variable `hc`

Note: This linter can be disabled with `set_option linter.unusedVariables false`
warning: NumStability/Source/Higham/Chapter14/Algorithm04/Execution/GJEFinalDivisionClosure.lean:780:33: unused variable `hd`

Note: This linter can be disabled with `set_option linter.unusedVariables false`
warning: NumStability/Source/Higham/Chapter14/Algorithm04/Execution/GJEFinalDivisionClosure.lean:781:5: unused variable `hr`

Note: This linter can be disabled with `set_option linter.unusedVariables false`
warning: NumStability/Source/Higham/Chapter14/Algorithm04/Execution/GJEFinalDivisionClosure.lean:1290:5: unused variable `hd`

Note: This linter can be disabled with `set_option linter.unusedVariables false`
warning: NumStability/Source/Higham/Chapter14/Algorithm04/Execution/GJEFinalDivisionClosure.lean:1291:5: unused variable `hDoff`

Note: This linter can be disabled with `set_option linter.unusedVariables false`
warning: NumStability/Source/Higham/Chapter14/Algorithm04/Execution/GJEFinalDivisionClosure.lean:1340:32: unused variable `hd`

Note: This linter can be disabled with `set_option linter.unusedVariables false`
warning: NumStability/Source/Higham/Chapter14/Algorithm04/Execution/GJEFinalDivisionClosure.lean:2730:26: Used `tac1 <;> tac2` where `(tac1; tac2)` would suffice

Note: This linter can be disabled with `set_option linter.unnecessarySeqFocus false`
warning: NumStability/Source/Higham/Chapter14/Algorithm04/Execution/GJEFinalDivisionClosure.lean:2736:47: Used `tac1 <;> tac2` where `(tac1; tac2)` would suffice

Note: This linter can be disabled with `set_option linter.unnecessarySeqFocus false`
⚠ [4732/5184] Replayed NumStability.Source.Higham.Chapter14.Theorem05.ForwardError.GJEFinalDivisionClosure
warning: NumStability/Source/Higham/Chapter14/Theorem05/ForwardError/GJEFinalDivisionClosure.lean:986:26: Used `tac1 <;> tac2` where `(tac1; tac2)` would suffice

Note: This linter can be disabled with `set_option linter.unnecessarySeqFocus false`
warning: NumStability/Source/Higham/Chapter14/Theorem05/ForwardError/GJEFinalDivisionClosure.lean:991:47: Used `tac1 <;> tac2` where `(tac1; tac2)` would suffice

Note: This linter can be disabled with `set_option linter.unnecessarySeqFocus false`
warning: NumStability/Source/Higham/Chapter14/Theorem05/ForwardError/GJEFinalDivisionClosure.lean:1066:31: Used `tac1 <;> tac2` where `(tac1; tac2)` would suffice

Note: This linter can be disabled with `set_option linter.unnecessarySeqFocus false`
⚠ [4733/5184] Replayed NumStability.Source.Higham.Chapter14.Algorithm04.FinalDivisionStage.FinalizedErrorFamilies
warning: NumStability/Source/Higham/Chapter14/Algorithm04/FinalDivisionStage/FinalizedErrorFamilies.lean:754:23: Used `tac1 <;> tac2` where `(tac1; tac2)` would suffice

Note: This linter can be disabled with `set_option linter.unnecessarySeqFocus false`
⚠ [4744/5184] Replayed NumStability.Source.Higham.Chapter14.Corollary06.SPD.SourceClosure
warning: NumStability/Source/Higham/Chapter14/Corollary06/SPD/SourceClosure.lean:112:56: Used `tac1 <;> tac2` where `(tac1; tac2)` would suffice

Note: This linter can be disabled with `set_option linter.unnecessarySeqFocus false`
warning: NumStability/Source/Higham/Chapter14/Corollary06/SPD/SourceClosure.lean:662:26: Used `tac1 <;> tac2` where `(tac1; tac2)` would suffice

Note: This linter can be disabled with `set_option linter.unnecessarySeqFocus false`
warning: NumStability/Source/Higham/Chapter14/Corollary06/SPD/SourceClosure.lean:664:15: Used `tac1 <;> tac2` where `(tac1; tac2)` would suffice

Note: This linter can be disabled with `set_option linter.unnecessarySeqFocus false`
warning: NumStability/Source/Higham/Chapter14/Corollary06/SPD/SourceClosure.lean:781:26: Used `tac1 <;> tac2` where `(tac1; tac2)` would suffice

Note: This linter can be disabled with `set_option linter.unnecessarySeqFocus false`
warning: NumStability/Source/Higham/Chapter14/Corollary06/SPD/SourceClosure.lean:783:47: Used `tac1 <;> tac2` where `(tac1; tac2)` would suffice

Note: This linter can be disabled with `set_option linter.unnecessarySeqFocus false`
warning: NumStability/Source/Higham/Chapter14/Corollary06/SPD/SourceClosure.lean:868:31: Used `tac1 <;> tac2` where `(tac1; tac2)` would suffice

Note: This linter can be disabled with `set_option linter.unnecessarySeqFocus false`
warning: NumStability/Source/Higham/Chapter14/Corollary06/SPD/SourceClosure.lean:934:23: Used `tac1 <;> tac2` where `(tac1; tac2)` would suffice

Note: This linter can be disabled with `set_option linter.unnecessarySeqFocus false`
⚠ [4835/5184] Replayed NumStability.Source.Higham.Chapter15.Equation06.LAPACKCounterexample.Basic
warning: NumStability/Source/Higham/Chapter15/Equation06/LAPACKCounterexample/Basic.lean:64:10: This simp argument is unused:
  Fin.sum_univ_four

Hint: Omit it from the simp argument list.
  simp [F̵i̵n̵.̵s̵u̵m̵_̵u̵n̵i̵v̵_̵f̵o̵u̵r̵,̵ ̵H15_eq15_6_P, H15_eq15_6_v, basisVec]

Note: This linter can be disabled with `set_option linter.unusedSimpArgs false`
warning: NumStability/Source/Higham/Chapter15/Equation06/LAPACKCounterexample/Basic.lean:65:4: 'norm_num' tactic does nothing

Note: This linter can be disabled with `set_option linter.unusedTactic false`
warning: NumStability/Source/Higham/Chapter15/Equation06/LAPACKCounterexample/Basic.lean:65:4: this tactic is never executed

Note: This linter can be disabled with `set_option linter.unreachableTactic false`
warning: NumStability/Source/Higham/Chapter15/Equation06/LAPACKCounterexample/Basic.lean:114:24: This simp argument is unused:
  Fin.sum_univ_four

Hint: Omit it from the simp argument list.
  simp [oneNormVec,̵ ̵F̵i̵n̵.̵s̵u̵m̵_̵u̵n̵i̵v̵_̵f̵o̵u̵r̵]

Note: This linter can be disabled with `set_option linter.unusedSimpArgs false`
warning: NumStability/Source/Higham/Chapter15/Equation06/LAPACKCounterexample/Basic.lean:145:48: Used `tac1 <;> tac2` where `(tac1; tac2)` would suffice

Note: This linter can be disabled with `set_option linter.unnecessarySeqFocus false`
warning: NumStability/Source/Higham/Chapter15/Equation06/LAPACKCounterexample/Basic.lean:146:35: Used `tac1 <;> tac2` where `(tac1; tac2)` would suffice

Note: This linter can be disabled with `set_option linter.unnecessarySeqFocus false`
warning: NumStability/Source/Higham/Chapter15/Equation06/LAPACKCounterexample/Basic.lean:148:48: Used `tac1 <;> tac2` where `(tac1; tac2)` would suffice

Note: This linter can be disabled with `set_option linter.unnecessarySeqFocus false`
warning: NumStability/Source/Higham/Chapter15/Equation06/LAPACKCounterexample/Basic.lean:149:35: Used `tac1 <;> tac2` where `(tac1; tac2)` would suffice

Note: This linter can be disabled with `set_option linter.unnecessarySeqFocus false`
warning: NumStability/Source/Higham/Chapter15/Equation06/LAPACKCounterexample/Basic.lean:151:48: Used `tac1 <;> tac2` where `(tac1; tac2)` would suffice

Note: This linter can be disabled with `set_option linter.unnecessarySeqFocus false`
warning: NumStability/Source/Higham/Chapter15/Equation06/LAPACKCounterexample/Basic.lean:152:35: Used `tac1 <;> tac2` where `(tac1; tac2)` would suffice

Note: This linter can be disabled with `set_option linter.unnecessarySeqFocus false`
⚠ [4849/5184] Replayed NumStability.Source.Higham.Chapter15.Lemma02.PNormPowerMethod.BoydInterface
warning: NumStability/Source/Higham/Chapter15/Lemma02/PNormPowerMethod/BoydInterface.lean:327:8: try 'simp' instead of 'simpa'

Note: This linter can be disabled with `set_option linter.unnecessarySimpa false`
⚠ [4851/5184] Replayed NumStability.Source.Higham.Chapter15.Problem04.LUConditionBounds.Basic
warning: NumStability/Source/Higham/Chapter15/Problem04/LUConditionBounds/Basic.lean:191:36: unused variable `hjv`

Note: This linter can be disabled with `set_option linter.unusedVariables false`
⚠ [4852/5184] Replayed NumStability.Source.Higham.Chapter15.Problem06.TridiagonalInverseNorm.TridiagonalInverse
warning: NumStability/Source/Higham/Chapter15/Problem06/TridiagonalInverseNorm/TridiagonalInverse.lean:64:33: This simp argument is unused:
  transposeData

Hint: Omit it from the simp argument list.
  simp [tridiag_to_matrix, t̵r̵a̵n̵s̵p̵o̵s̵e̵D̵a̵t̵a̵,̵ ̵hdiag, hdiag', hsub, hsuper]

Note: This linter can be disabled with `set_option linter.unusedSimpArgs false`
warning: NumStability/Source/Higham/Chapter15/Problem06/TridiagonalInverseNorm/TridiagonalInverse.lean:146:5: unused variable `hn`

Note: This linter can be disabled with `set_option linter.unusedVariables false`
warning: NumStability/Source/Higham/Chapter15/Problem06/TridiagonalInverseNorm/TridiagonalInverse.lean:147:10: unused variable `hn1`

Note: This linter can be disabled with `set_option linter.unusedVariables false`
warning: NumStability/Source/Higham/Chapter15/Problem06/TridiagonalInverseNorm/TridiagonalInverse.lean:165:5: unused variable `hn`

Note: This linter can be disabled with `set_option linter.unusedVariables false`
warning: NumStability/Source/Higham/Chapter15/Problem06/TridiagonalInverseNorm/TridiagonalInverse.lean:166:10: unused variable `hn1`

Note: This linter can be disabled with `set_option linter.unusedVariables false`
⚠ [4859/5184] Replayed NumStability.Source.Higham.Chapter15.Problem06.TridiagonalInverseNorm.Recurrences.FactorizationAndNorm
warning: NumStability/Source/Higham/Chapter15/Problem06/TridiagonalInverseNorm/Recurrences/FactorizationAndNorm.lean:66:29: This simp argument is unused:
  one

Hint: Omit it from the simp argument list.
  simp [hrlast, r, o̵n̵e̵,̵ ̵hn2] at hact

Note: This linter can be disabled with `set_option linter.unusedSimpArgs false`
warning: NumStability/Source/Higham/Chapter15/Problem06/TridiagonalInverseNorm/Recurrences/FactorizationAndNorm.lean:97:29: This simp argument is unused:
  hk1

Hint: Omit it from the simp argument list.
  simp [hrlast, r, hk1̵,̵ ̵h̵k̵2] at hact

Note: This linter can be disabled with `set_option linter.unusedSimpArgs false`
warning: NumStability/Source/Higham/Chapter15/Problem06/TridiagonalInverseNorm/Recurrences/FactorizationAndNorm.lean:235:71: This simp argument is unused:
  next

Hint: Omit it from the simp argument list.
  simp [col,̵ ̵n̵e̵x̵t̵]

Note: This linter can be disabled with `set_option linter.unusedSimpArgs false`
warning: NumStability/Source/Higham/Chapter15/Problem06/TridiagonalInverseNorm/Recurrences/FactorizationAndNorm.lean:248:15: This simp argument is unused:
  Fin.val_mk

Hint: Omit it from the simp argument list.
  simp only ̵[̵F̵i̵n̵.̵v̵a̵l̵_̵m̵k̵]̵

Note: This linter can be disabled with `set_option linter.unusedSimpArgs false`
warning: NumStability/Source/Higham/Chapter15/Problem06/TridiagonalInverseNorm/Recurrences/FactorizationAndNorm.lean:235:26: Used `tac1 <;> tac2` where `(tac1; tac2)` would suffice

Note: This linter can be disabled with `set_option linter.unnecessarySeqFocus false`
warning: NumStability/Source/Higham/Chapter15/Problem06/TridiagonalInverseNorm/Recurrences/FactorizationAndNorm.lean:235:38: Used `tac1 <;> tac2` where `(tac1; tac2)` would suffice

Note: This linter can be disabled with `set_option linter.unnecessarySeqFocus false`
warning: NumStability/Source/Higham/Chapter15/Problem06/TridiagonalInverseNorm/Recurrences/FactorizationAndNorm.lean:235:56: Used `tac1 <;> tac2` where `(tac1; tac2)` would suffice

Note: This linter can be disabled with `set_option linter.unnecessarySeqFocus false`
warning: NumStability/Source/Higham/Chapter15/Problem06/TridiagonalInverseNorm/Recurrences/FactorizationAndNorm.lean:235:77: Used `tac1 <;> tac2` where `(tac1; tac2)` would suffice

Note: This linter can be disabled with `set_option linter.unnecessarySeqFocus false`
warning: NumStability/Source/Higham/Chapter15/Problem06/TridiagonalInverseNorm/Recurrences/FactorizationAndNorm.lean:502:15: This simp argument is unused:
  Fin.val_mk

Hint: Omit it from the simp argument list.
  simp only ̵[̵F̵i̵n̵.̵v̵a̵l̵_̵m̵k̵]̵

Note: This linter can be disabled with `set_option linter.unusedSimpArgs false`
warning: NumStability/Source/Higham/Chapter15/Problem06/TridiagonalInverseNorm/Recurrences/FactorizationAndNorm.lean:489:26: Used `tac1 <;> tac2` where `(tac1; tac2)` would suffice

Note: This linter can be disabled with `set_option linter.unnecessarySeqFocus false`
warning: NumStability/Source/Higham/Chapter15/Problem06/TridiagonalInverseNorm/Recurrences/FactorizationAndNorm.lean:489:38: Used `tac1 <;> tac2` where `(tac1; tac2)` would suffice

Note: This linter can be disabled with `set_option linter.unnecessarySeqFocus false`
warning: NumStability/Source/Higham/Chapter15/Problem06/TridiagonalInverseNorm/Recurrences/FactorizationAndNorm.lean:489:56: Used `tac1 <;> tac2` where `(tac1; tac2)` would suffice

Note: This linter can be disabled with `set_option linter.unnecessarySeqFocus false`
warning: NumStability/Source/Higham/Chapter15/Problem06/TridiagonalInverseNorm/Recurrences/FactorizationAndNorm.lean:489:71: Used `tac1 <;> tac2` where `(tac1; tac2)` would suffice

Note: This linter can be disabled with `set_option linter.unnecessarySeqFocus false`
warning: NumStability/Source/Higham/Chapter15/Problem06/TridiagonalInverseNorm/Recurrences/FactorizationAndNorm.lean:536:37: This simp argument is unused:
  one

Hint: Omit it from the simp argument list.
  simp [hlastfirst, first, o̵n̵e̵,̵ ̵hn2] at hact

Note: This linter can be disabled with `set_option linter.unusedSimpArgs false`
warning: NumStability/Source/Higham/Chapter15/Problem06/TridiagonalInverseNorm/Recurrences/FactorizationAndNorm.lean:778:29: This simp argument is unused:
  j

Hint: Omit it from the simp argument list.
  simp [finVectorAt, hk,̵ ̵j̵]

Note: This linter can be disabled with `set_option linter.unusedSimpArgs false`
warning: NumStability/Source/Higham/Chapter15/Problem06/TridiagonalInverseNorm/Recurrences/FactorizationAndNorm.lean:784:29: This simp argument is unused:
  j

Hint: Omit it from the simp argument list.
  simp [finVectorAt, hk,̵ ̵j̵]

Note: This linter can be disabled with `set_option linter.unusedSimpArgs false`
⚠ [4882/5184] Replayed NumStability.Source.Higham.Chapter15.Section02.Boyd.LocalConvergence.ConstrainedLagrangian.Differentiation
info: NumStability/Source/Higham/Chapter15/Section02/Boyd/LocalConvergence/ConstrainedLagrangian/Differentiation.lean:126:2: Try this:
  [apply] ring_nf
  
  The `ring` tactic failed to close the goal. Use `ring_nf` to obtain a normal form.
    
  Note that `ring` works primarily in *commutative* rings. If you have a noncommutative ring, abelian group or module, consider using `noncomm_ring`, `abel` or `module` instead.
warning: NumStability/Source/Higham/Chapter15/Section02/Boyd/LocalConvergence/ConstrainedLagrangian/Differentiation.lean:143:4: 'simp only [zero_mul, add_zero, Function.comp_apply]' tactic does nothing

Note: This linter can be disabled with `set_option linter.unusedTactic false`
warning: NumStability/Source/Higham/Chapter15/Section02/Boyd/LocalConvergence/ConstrainedLagrangian/Differentiation.lean:143:60: 'ring' tactic does nothing

Note: This linter can be disabled with `set_option linter.unusedTactic false`
warning: NumStability/Source/Higham/Chapter15/Section02/Boyd/LocalConvergence/ConstrainedLagrangian/Differentiation.lean:143:4: this tactic is never executed

Note: This linter can be disabled with `set_option linter.unreachableTactic false`
warning: NumStability/Source/Higham/Chapter15/Section02/Boyd/LocalConvergence/ConstrainedLagrangian/Differentiation.lean:143:60: this tactic is never executed

Note: This linter can be disabled with `set_option linter.unreachableTactic false`
⚠ [4955/5184] Replayed NumStability.Source.Higham.Chapter19.Algorithm12.MGSSourceRate
warning: NumStability/Source/Higham/Chapter19/Algorithm12/MGSSourceRate.lean:65:23: unused variable `heta`

Note: This linter can be disabled with `set_option linter.unusedVariables false`
warning: NumStability/Source/Higham/Chapter19/Algorithm12/MGSSourceRate.lean:323:35: This simp argument is unused:
  kappaA

Hint: Omit it from the simp argument list.
  simp [etaE, etaD, rhoA, normA, k̵a̵p̵p̵a̵A̵,̵
  ̵ ̵ ̵ ̵ ̵ ̵ ̵mgsSourceOrthogonalityRadius, mgsSourceKappa2With]

Note: This linter can be disabled with `set_option linter.unusedSimpArgs false`
warning: NumStability/Source/Higham/Chapter19/Algorithm12/MGSSourceRate.lean:530:20: Used `tac1 <;> tac2` where `(tac1; tac2)` would suffice

Note: This linter can be disabled with `set_option linter.unnecessarySeqFocus false`
warning: NumStability/Source/Higham/Chapter19/Algorithm12/MGSSourceRate.lean:530:51: Used `tac1 <;> tac2` where `(tac1; tac2)` would suffice

Note: This linter can be disabled with `set_option linter.unnecessarySeqFocus false`
warning: NumStability/Source/Higham/Chapter19/Algorithm12/MGSSourceRate.lean:553:5: unused variable `hm`

Note: This linter can be disabled with `set_option linter.unusedVariables false`
⚠ [4958/5184] Replayed NumStability.Source.Higham.Chapter19.Labels
warning: NumStability/Source/Higham/Chapter19/Labels.lean:442:12: This simp argument is unused:
  h1

Hint: Omit it from the simp argument list.
  simp [h1̵,̵ ̵h̵2, hpq]

Note: This linter can be disabled with `set_option linter.unusedSimpArgs false`
warning: NumStability/Source/Higham/Chapter19/Labels.lean:455:12: This simp argument is unused:
  h1

Hint: Omit it from the simp argument list.
  simp [h1̵,̵ ̵h̵2, hqp, hpq]

Note: This linter can be disabled with `set_option linter.unusedSimpArgs false`
warning: NumStability/Source/Higham/Chapter19/Labels.lean:455:25: This simp argument is unused:
  hpq

Hint: Omit it from the simp argument list.
  simp [h1, h2, hqp,̵ ̵h̵p̵q̵]

Note: This linter can be disabled with `set_option linter.unusedSimpArgs false`
warning: NumStability/Source/Higham/Chapter19/Labels.lean:490:71: This simp argument is unused:
  hpq

Hint: Omit it from the simp argument list.
  simp [givensApplyPert, hpq,̵ ̵h̵p̵q̵.symm]

Note: This linter can be disabled with `set_option linter.unusedSimpArgs false`
warning: NumStability/Source/Higham/Chapter19/Labels.lean:498:71: This simp argument is unused:
  hpq

Hint: Omit it from the simp argument list.
  simp [givensApplyPert, hpq,̵ ̵h̵p̵q̵.symm]

Note: This linter can be disabled with `set_option linter.unusedSimpArgs false`
warning: NumStability/Source/Higham/Chapter19/Labels.lean:521:41: This simp argument is unused:
  hpq

Hint: Omit it from the simp argument list.
  simp [givensApplyPert, hpq,̵ ̵h̵p̵q̵.symm]

Note: This linter can be disabled with `set_option linter.unusedSimpArgs false`
warning: NumStability/Source/Higham/Chapter19/Labels.lean:525:41: This simp argument is unused:
  hpq

Hint: Omit it from the simp argument list.
  simp [givensApplyPert, hpq,̵ ̵h̵p̵q̵.symm]

Note: This linter can be disabled with `set_option linter.unusedSimpArgs false`
warning: NumStability/Source/Higham/Chapter19/Labels.lean:567:36: This simp argument is unused:
  hpq.symm

Hint: Omit it from the simp argument list.
  simp ̵[̵h̵p̵q̵.̵s̵y̵m̵m̵]̵

Note: This linter can be disabled with `set_option linter.unusedSimpArgs false`
⚠ [5015/5184] Replayed NumStability.Source.Higham.Chapter20.Theorem07.ActualTrace
warning: NumStability/Source/Higham/Chapter20/Theorem07/ActualTrace.lean:54:5: unused variable `hx`

Note: This linter can be disabled with `set_option linter.unusedVariables false`
warning: NumStability/Source/Higham/Chapter20/Theorem07/ActualTrace.lean:108:59: This simp argument is unused:
  hni

Hint: Omit it from the simp argument list.
  simp [fl_householderCoxHighamConstructedPanelStep, hx, hni̵,̵ ̵h̵n̵j, hi, hj]

Note: This linter can be disabled with `set_option linter.unusedSimpArgs false`
warning: NumStability/Source/Higham/Chapter20/Theorem07/ActualTrace.lean:108:64: This simp argument is unused:
  hnj

Hint: Omit it from the simp argument list.
  simp [fl_householderCoxHighamConstructedPanelStep, hx, hni, hn̵j̵,̵ ̵h̵i, hj]

Note: This linter can be disabled with `set_option linter.unusedSimpArgs false`
warning: NumStability/Source/Higham/Chapter20/Theorem07/ActualTrace.lean:119:64: This simp argument is unused:
  hnj

Hint: Omit it from the simp argument list.
  simp [fl_householderCoxHighamConstructedPanelStep, hx, hni, hn̵j̵,̵ ̵h̵ine, hj]

Note: This linter can be disabled with `set_option linter.unusedSimpArgs false`
warning: NumStability/Source/Higham/Chapter20/Theorem07/ActualTrace.lean:156:5: unused variable `fp`

Note: This linter can be disabled with `set_option linter.unusedVariables false`
warning: NumStability/Source/Higham/Chapter20/Theorem07/ActualTrace.lean:157:5: unused variable `A`

Note: This linter can be disabled with `set_option linter.unusedVariables false`
warning: NumStability/Source/Higham/Chapter20/Theorem07/ActualTrace.lean:441:2: Try `simp at hsigma` instead of `simpa using hsigma`

Note: This linter can be disabled with `set_option linter.unnecessarySimpa false`
warning: NumStability/Source/Higham/Chapter20/Theorem07/ActualTrace.lean:517:4: This simp argument is unused:
  sourceConstructedPivotedStoredQRActivePanelPerm

Hint: Omit it from the simp argument list.
  simp only [sourceConstructedPivotedStoredQRActiveInput, dif_pos hk, sourceConstructedActiveInput,
      s̵o̵u̵r̵c̵e̵C̵o̵n̵s̵t̵r̵u̵c̵t̵e̵d̵P̵i̵v̵o̵t̵e̵d̵S̵t̵o̵r̵e̵d̵Q̵R̵A̵c̵t̵i̵v̵e̵P̵a̵n̵e̵l̵P̵e̵r̵m̵,̵sourceConstructedActivePanelPerm] at hpoint

Note: This linter can be disabled with `set_option linter.unusedSimpArgs false`
warning: NumStability/Source/Higham/Chapter20/Theorem07/ActualTrace.lean:538:48: This simp argument is unused:
  hm

Hint: Omit it from the simp argument list.
  simp [S, sourceConstructedPivotedStoredQRRowSwap,
  ̵  ̵ ̵ ̵ ̵ ̵sourceConstructedRowSwap, first, row, hk,̵ ̵h̵m̵]

Note: This linter can be disabled with `set_option linter.unusedSimpArgs false`
warning: NumStability/Source/Higham/Chapter20/Theorem07/ActualTrace.lean:877:44: This simp argument is unused:
  matMulRect

Hint: Omit it from the simp argument list.
  simp only [fl_householderApplyMatrixRect,̵ ̵m̵a̵t̵M̵u̵l̵R̵e̵c̵t̵]

Note: This linter can be disabled with `set_option linter.unusedSimpArgs false`
⚠ [5016/5184] Replayed NumStability.Source.Higham.Chapter20.Theorem07.ActualClosure
warning: NumStability/Source/Higham/Chapter20/Theorem07/ActualClosure.lean:569:28: This simp argument is unused:
  hjPrev

Hint: Omit it from the simp argument list.
  simp [sourceConstructedPivotedStoredQRComponentBudget,
  ̵  ̵ ̵ ̵ ̵ ̵ ̵ ̵pivotedQRActiveCol, hj̵P̵r̵e̵v̵,̵ ̵h̵iPrev, hiPivot]

Note: This linter can be disabled with `set_option linter.unusedSimpArgs false`
⚠ [5017/5184] Replayed NumStability.Source.Higham.Chapter20.Theorem07.ActualGrowth
warning: NumStability/Source/Higham/Chapter20/Theorem07/ActualGrowth.lean:83:6: This simp argument is unused:
  sourceConstructedPivotedStoredQRActivePanelPerm

Hint: Omit it from the simp argument list.
  simp [sourceConstructedPivotedStoredQRActiveInput, sourceConstructedActiveInput,
      s̵o̵u̵r̵c̵e̵C̵o̵n̵s̵t̵r̵u̵c̵t̵e̵d̵P̵i̵v̵o̵t̵e̵d̵S̵t̵o̵r̵e̵d̵Q̵R̵A̵c̵t̵i̵v̵e̵P̵a̵n̵e̵l̵P̵e̵r̵m̵,̵sourceConstructedActivePanelPerm, nextRowSwap, hq, hk1]

Note: This linter can be disabled with `set_option linter.unusedSimpArgs false`
warning: NumStability/Source/Higham/Chapter20/Theorem07/ActualGrowth.lean:92:6: This simp argument is unused:
  sourceConstructedPivotedStoredQRActivePanelPerm

Hint: Omit it from the simp argument list.
  simp only [sourceConstructedPivotedStoredQRActiveInput, dif_pos hk1,
        sourceConstructedActiveInput, s̵o̵u̵r̵c̵e̵C̵o̵n̵s̵t̵r̵u̵c̵t̵e̵d̵P̵i̵v̵o̵t̵e̵d̵S̵t̵o̵r̵e̵d̵Q̵R̵A̵c̵t̵i̵v̵e̵P̵a̵n̵e̵l̵P̵e̵r̵m̵,̵sourceConstructedActivePanelPerm]

Note: This linter can be disabled with `set_option linter.unusedSimpArgs false`
warning: NumStability/Source/Higham/Chapter20/Theorem07/ActualGrowth.lean:189:6: try 'simp' instead of 'simpa'

Note: This linter can be disabled with `set_option linter.unnecessarySimpa false`
warning: NumStability/Source/Higham/Chapter20/Theorem07/ActualGrowth.lean:149:10: This simp argument is unused:
  sourceConstructedPivotedStoredQRActivePanelPerm

Hint: Omit it from the simp argument list.
  simp [sourceConstructedPivotedStoredQRActiveInput, sourceConstructedActiveInput,
            s̵o̵u̵r̵c̵e̵C̵o̵n̵s̵t̵r̵u̵c̵t̵e̵d̵P̵i̵v̵o̵t̵e̵d̵S̵t̵o̵r̵e̵d̵Q̵R̵A̵c̵t̵i̵v̵e̵P̵a̵n̵e̵l̵P̵e̵r̵m̵,̵sourceConstructedActivePanelPerm, nextRowSwap, hq, hk1]

Note: This linter can be disabled with `set_option linter.unusedSimpArgs false`
warning: NumStability/Source/Higham/Chapter20/Theorem07/ActualGrowth.lean:162:10: This simp argument is unused:
  sourceConstructedPivotedStoredQRActivePanelPerm

Hint: Omit it from the simp argument list.
  simp only [sourceConstructedPivotedStoredQRActiveInput, dif_pos hk1,
            sourceConstructedActiveInput, s̵o̵u̵r̵c̵e̵C̵o̵n̵s̵t̵r̵u̵c̵t̵e̵d̵P̵i̵v̵o̵t̵e̵d̵S̵t̵o̵r̵e̵d̵Q̵R̵A̵c̵t̵i̵v̵e̵P̵a̵n̵e̵l̵P̵e̵r̵m̵,̵sourceConstructedActivePanelPerm]

Note: This linter can be disabled with `set_option linter.unusedSimpArgs false`
⚠ [5019/5184] Replayed NumStability.Source.Higham.Chapter20.Theorem07.ActualAssembly
warning: NumStability/Source/Higham/Chapter20/Theorem07/ActualAssembly.lean:767:29: Used `tac1 <;> tac2` where `(tac1; tac2)` would suffice

Note: This linter can be disabled with `set_option linter.unnecessarySeqFocus false`
warning: NumStability/Source/Higham/Chapter20/Theorem07/ActualAssembly.lean:767:43: Used `tac1 <;> tac2` where `(tac1; tac2)` would suffice

Note: This linter can be disabled with `set_option linter.unnecessarySeqFocus false`
warning: NumStability/Source/Higham/Chapter20/Theorem07/ActualAssembly.lean:1275:5: unused variable `hphi`

Note: This linter can be disabled with `set_option linter.unusedVariables false`
warning: NumStability/Source/Higham/Chapter20/Theorem07/ActualAssembly.lean:1276:33: unused variable `hrho`

Note: This linter can be disabled with `set_option linter.unusedVariables false`
warning: NumStability/Source/Higham/Chapter20/Theorem07/ActualAssembly.lean:1841:29: Used `tac1 <;> tac2` where `(tac1; tac2)` would suffice

Note: This linter can be disabled with `set_option linter.unnecessarySeqFocus false`
warning: NumStability/Source/Higham/Chapter20/Theorem07/ActualAssembly.lean:1841:43: Used `tac1 <;> tac2` where `(tac1; tac2)` would suffice

Note: This linter can be disabled with `set_option linter.unnecessarySeqFocus false`
⚠ [5023/5184] Replayed NumStability.Source.Higham.Chapter19.Theorem06.Final
warning: NumStability/Source/Higham/Chapter19/Theorem06/Final.lean:492:5: unused variable `hn`

Note: This linter can be disabled with `set_option linter.unusedVariables false`
warning: NumStability/Source/Higham/Chapter19/Theorem06/Final.lean:492:18: unused variable `hnm`

Note: This linter can be disabled with `set_option linter.unusedVariables false`
warning: NumStability/Source/Higham/Chapter19/Theorem06/Final.lean:493:5: unused variable `hvalid`

Note: This linter can be disabled with `set_option linter.unusedVariables false`
⚠ [5024/5184] Replayed NumStability.Source.Higham.Chapter19.Theorem06.StrongModel
warning: NumStability/Source/Higham/Chapter19/Theorem06/StrongModel.lean:247:5: unused variable `hΔentry`

Note: This linter can be disabled with `set_option linter.unusedVariables false`
warning: NumStability/Source/Higham/Chapter19/Theorem06/StrongModel.lean:436:18: unused variable `hσnn`

Note: This linter can be disabled with `set_option linter.unusedVariables false`
warning: NumStability/Source/Higham/Chapter19/Theorem06/StrongModel.lean:436:33: unused variable `hγtil`

Note: This linter can be disabled with `set_option linter.unusedVariables false`
⚠ [5029/5184] Replayed NumStability.Source.Higham.Chapter20.Equations.Core.Results
warning: NumStability/Source/Higham/Chapter20/Equations/Core/Results.lean:580:4: try 'simp' instead of 'simpa'

Note: This linter can be disabled with `set_option linter.unnecessarySimpa false`
warning: NumStability/Source/Higham/Chapter20/Equations/Core/Results.lean:583:4: try 'simp' instead of 'simpa'

Note: This linter can be disabled with `set_option linter.unnecessarySimpa false`
warning: NumStability/Source/Higham/Chapter20/Equations/Core/Results.lean:580:40: this tactic is never executed

Note: This linter can be disabled with `set_option linter.unreachableTactic false`
warning: NumStability/Source/Higham/Chapter20/Equations/Core/Results.lean:583:37: this tactic is never executed

Note: This linter can be disabled with `set_option linter.unreachableTactic false`
warning: NumStability/Source/Higham/Chapter20/Equations/Core/Results.lean:580:40: 'norm_num' tactic does nothing

Note: This linter can be disabled with `set_option linter.unusedTactic false`
warning: NumStability/Source/Higham/Chapter20/Equations/Core/Results.lean:583:37: 'norm_num' tactic does nothing

Note: This linter can be disabled with `set_option linter.unusedTactic false`
warning: NumStability/Source/Higham/Chapter20/Equations/Core/Results.lean:668:5: unused variable `hrank`

Note: This linter can be disabled with `set_option linter.unusedVariables false`
⚠ [5047/5184] Replayed NumStability.Source.Higham.Chapter20.Theorem04.Core.Results
warning: NumStability/Source/Higham/Chapter20/Theorem04/Core/Results.lean:156:5: unused variable `hH1nonneg`

Note: This linter can be disabled with `set_option linter.unusedVariables false`
warning: NumStability/Source/Higham/Chapter20/Theorem04/Core/Results.lean:157:5: unused variable `hH2nonneg`

Note: This linter can be disabled with `set_option linter.unusedVariables false`
warning: NumStability/Source/Higham/Chapter20/Theorem04/Core/Results.lean:159:5: unused variable `hH1norm`

Note: This linter can be disabled with `set_option linter.unusedVariables false`
warning: NumStability/Source/Higham/Chapter20/Theorem04/Core/Results.lean:160:5: unused variable `hH2norm`

Note: This linter can be disabled with `set_option linter.unusedVariables false`
warning: NumStability/Source/Higham/Chapter20/Theorem04/Core/Results.lean:161:5: unused variable `hH3norm`

Note: This linter can be disabled with `set_option linter.unusedVariables false`
⚠ [5050/5184] Replayed NumStability.Source.Higham.Chapter20.Theorem07.ActualBackSub
warning: NumStability/Source/Higham/Chapter20/Theorem07/ActualBackSub.lean:336:35: This simp argument is unused:
  row

Hint: Omit it from the simp argument list.
  simp [householderTrailingPart, r̵o̵w̵,̵ ̵pivotedQRActiveRow, hik]

Note: This linter can be disabled with `set_option linter.unusedSimpArgs false`
warning: NumStability/Source/Higham/Chapter20/Theorem07/ActualBackSub.lean:350:39: This simp argument is unused:
  row

Hint: Omit it from the simp argument list.
  simp [householderTrailingPart, r̵o̵w̵,̵ ̵pivotedQRActiveRow, hik,
  ̵  ̵ ̵ ̵ ̵ ̵ ̵ ̵ ̵ ̵rectTopBlock, hin, ii, hd0]

Note: This linter can be disabled with `set_option linter.unusedSimpArgs false`
warning: NumStability/Source/Higham/Chapter20/Theorem07/ActualBackSub.lean:393:37: This simp argument is unused:
  row

Hint: Omit it from the simp argument list.
  simp [householderTrailingPart, r̵o̵w̵,̵ ̵pivotedQRActiveRow, hik,
  ̵  ̵ ̵ ̵ ̵ ̵ ̵ ̵rectTopBlock, hin]

Note: This linter can be disabled with `set_option linter.unusedSimpArgs false`
⚠ [5052/5184] Replayed NumStability.Source.Higham.Chapter20.Theorem07.Contract
warning: NumStability/Source/Higham/Chapter20/Theorem07/Contract.lean:937:6: try 'simp' instead of 'simpa'

Note: This linter can be disabled with `set_option linter.unnecessarySimpa false`
⚠ [5054/5184] Replayed NumStability.Source.Higham.Chapter20.Theorem07.RowPolicy
warning: NumStability/Source/Higham/Chapter20/Theorem07/RowPolicy.lean:96:13: unused variable `hk`

Note: This linter can be disabled with `set_option linter.unusedVariables false`
warning: NumStability/Source/Higham/Chapter20/Theorem07/RowPolicy.lean:96:38: unused variable `hr`

Note: This linter can be disabled with `set_option linter.unusedVariables false`
warning: NumStability/Source/Higham/Chapter20/Theorem07/RowPolicy.lean:691:6: This simp argument is unused:
  householderTrailingColumnNorm2Sq

Hint: Omit it from the simp argument list.
  simp [exactPSeq, Higham20EliminationActual.exactPivotedQRPseq,
        Higham20EliminationActual.exactPivotedQRRawVector,
        Higham20EliminationActual.exactPivotedQRBeta,
  ̵  ̵ ̵ ̵ ̵ ̵exactSwappedPanel, As, x, p, q, alpha, v, beta, ̵h̵k̵,̵
        ho̵u̵s̵e̵h̵o̵l̵d̵e̵r̵T̵r̵a̵i̵l̵i̵n̵g̵C̵o̵l̵u̵m̵n̵N̵o̵r̵m̵2̵S̵q̵k̲]

Note: This linter can be disabled with `set_option linter.unusedSimpArgs false`
warning: NumStability/Source/Higham/Chapter20/Theorem07/RowPolicy.lean:771:6: try 'simp' instead of 'simpa'

Note: This linter can be disabled with `set_option linter.unnecessarySimpa false`
warning: NumStability/Source/Higham/Chapter20/Theorem07/RowPolicy.lean:762:26: unused variable `hk`

Note: This linter can be disabled with `set_option linter.unusedVariables false`
warning: NumStability/Source/Higham/Chapter20/Theorem07/RowPolicy.lean:937:26: unused variable `hk`

Note: This linter can be disabled with `set_option linter.unusedVariables false`
warning: NumStability/Source/Higham/Chapter20/Theorem07/RowPolicy.lean:1013:26: unused variable `hk`

Note: This linter can be disabled with `set_option linter.unusedVariables false`
warning: NumStability/Source/Higham/Chapter20/Theorem07/RowPolicy.lean:1026:26: unused variable `hk`

Note: This linter can be disabled with `set_option linter.unusedVariables false`
warning: NumStability/Source/Higham/Chapter20/Theorem07/RowPolicy.lean:1069:26: unused variable `hk`

Note: This linter can be disabled with `set_option linter.unusedVariables false`
warning: NumStability/Source/Higham/Chapter20/Theorem07/RowPolicy.lean:1094:26: unused variable `hk`

Note: This linter can be disabled with `set_option linter.unusedVariables false`
⚠ [5056/5184] Replayed NumStability.Source.Higham.Chapter20.Theorem07.SourceTrace
warning: NumStability/Source/Higham/Chapter20/Theorem07/SourceTrace.lean:694:50: This simp argument is unused:
  row

Hint: Omit it from the simp argument list.
  simp [sourcePivotedStoredQRRawVector, hk, r̵o̵w̵,̵ ̵col, As, alpha, householderTrailingActiveVector,
  ̲  ̲ ̲ ̲ ̲ ̲ ̲ ̲ ̲ ̲householderActiveVector, householderTrailingPart, hirowNot', hir']

Note: This linter can be disabled with `set_option linter.unusedSimpArgs false`
warning: NumStability/Source/Higham/Chapter20/Theorem07/SourceTrace.lean:694:64: This simp argument is unused:
  alpha

Hint: Omit it from the simp argument list.
  simp [sourcePivotedStoredQRRawVector, hk, row, col, As, a̵l̵p̵h̵a̵,̵householderTrailingActiveVector,
            householderActiveVector, householderTrailingPart, hirowNot', hir']

Note: This linter can be disabled with `set_option linter.unusedSimpArgs false`
⚠ [5138/5529] Replayed NumStability.Source.Higham.Chapter22.VandermondeSystems
warning: NumStability/Source/Higham/Chapter22/VandermondeSystems.lean:1310:20: This simp argument is unused:
  hprev

Hint: Omit it from the simp argument list.
  simp [hr, hp̵r̵e̵v̵,̵ ̵h̵ar, hne, hsub, hnext, hrr]

Note: This linter can be disabled with `set_option linter.unusedSimpArgs false`
warning: NumStability/Source/Higham/Chapter22/VandermondeSystems.lean:1310:32: This simp argument is unused:
  hne

Hint: Omit it from the simp argument list.
  simp [hr, hprev, har, hn̵e̵,̵ ̵h̵sub, hnext, hrr]

Note: This linter can be disabled with `set_option linter.unusedSimpArgs false`
warning: NumStability/Source/Higham/Chapter22/VandermondeSystems.lean:1310:37: This simp argument is unused:
  hsub

Hint: Omit it from the simp argument list.
  simp [hr, hprev, har, hne, hs̵u̵b̵,̵ ̵h̵next, hrr]

Note: This linter can be disabled with `set_option linter.unusedSimpArgs false`
warning: NumStability/Source/Higham/Chapter22/VandermondeSystems.lean:1310:43: This simp argument is unused:
  hnext

Hint: Omit it from the simp argument list.
  simp [hr, hprev, har, hne, hsub, hn̵e̵x̵t̵,̵ ̵h̵rr]

Note: This linter can be disabled with `set_option linter.unusedSimpArgs false`
warning: NumStability/Source/Higham/Chapter22/VandermondeSystems.lean:1323:22: This simp argument is unused:
  hprev

Hint: Omit it from the simp argument list.
  simp [hr, hp̵r̵e̵v̵,̵ ̵h̵diag, hsub, hprev', hnext, hrr]

Note: This linter can be disabled with `set_option linter.unusedSimpArgs false`
warning: NumStability/Source/Higham/Chapter22/VandermondeSystems.lean:1323:36: This simp argument is unused:
  hsub

Hint: Omit it from the simp argument list.
  simp [hr, hprev, hdiag, hs̵u̵b̵,̵ ̵h̵prev', hnext, hrr]

Note: This linter can be disabled with `set_option linter.unusedSimpArgs false`
warning: NumStability/Source/Higham/Chapter22/VandermondeSystems.lean:1323:42: This simp argument is unused:
  hprev'

Hint: Omit it from the simp argument list.
  simp [hr, hprev, hdiag, hsub, hp̵r̵e̵v̵'̵,̵ ̵h̵next, hrr]

Note: This linter can be disabled with `set_option linter.unusedSimpArgs false`
warning: NumStability/Source/Higham/Chapter22/VandermondeSystems.lean:1323:50: This simp argument is unused:
  hnext

Hint: Omit it from the simp argument list.
  simp [hr, hprev, hdiag, hsub, hprev', hn̵e̵x̵t̵,̵ ̵h̵rr]

Note: This linter can be disabled with `set_option linter.unusedSimpArgs false`
warning: NumStability/Source/Higham/Chapter22/VandermondeSystems.lean:1331:24: This simp argument is unused:
  hprev

Hint: Omit it from the simp argument list.
  simp [hr, hp̵r̵e̵v̵,̵ ̵h̵diag, hnext, ha0, hsub, hprev', htwo, hfar]

Note: This linter can be disabled with `set_option linter.unusedSimpArgs false`
warning: NumStability/Source/Higham/Chapter22/VandermondeSystems.lean:1331:31: This simp argument is unused:
  hdiag

Hint: Omit it from the simp argument list.
  simp [hr, hprev, hd̵i̵a̵g̵,̵ ̵h̵next, ha0, hsub, hprev', htwo, hfar]

Note: This linter can be disabled with `set_option linter.unusedSimpArgs false`
warning: NumStability/Source/Higham/Chapter22/VandermondeSystems.lean:1331:45: This simp argument is unused:
  ha0

Hint: Omit it from the simp argument list.
  simp [hr, hprev, hdiag, hnext, ha̵0̵,̵ ̵h̵sub, hprev', htwo, hfar]

Note: This linter can be disabled with `set_option linter.unusedSimpArgs false`
warning: NumStability/Source/Higham/Chapter22/VandermondeSystems.lean:1331:50: This simp argument is unused:
  hsub

Hint: Omit it from the simp argument list.
  simp [hr, hprev, hdiag, hnext, ha0, hs̵u̵b̵,̵ ̵h̵prev', htwo, hfar]

Note: This linter can be disabled with `set_option linter.unusedSimpArgs false`
warning: NumStability/Source/Higham/Chapter22/VandermondeSystems.lean:1331:56: This simp argument is unused:
  hprev'

Hint: Omit it from the simp argument list.
  simp [hr, hprev, hdiag, hnext, ha0, hsub, hp̵r̵e̵v̵'̵,̵ ̵h̵two, hfar]

Note: This linter can be disabled with `set_option linter.unusedSimpArgs false`
warning: NumStability/Source/Higham/Chapter22/VandermondeSystems.lean:1338:40: This simp argument is unused:
  hnext

Hint: Omit it from the simp argument list.
  simp [hr, hprev, hdiag, hn̵e̵x̵t̵,̵ ̵h̵zero]

Note: This linter can be disabled with `set_option linter.unusedSimpArgs false`
warning: NumStability/Source/Higham/Chapter22/VandermondeSystems.lean:1340:47: This simp argument is unused:
  hsub

Hint: Omit it from the simp argument list.
  simp [hr, hprev, hdiag, hnext, hs̵u̵b̵,̵ ̵h̵prev', ha0]

Note: This linter can be disabled with `set_option linter.unusedSimpArgs false`
warning: NumStability/Source/Higham/Chapter22/VandermondeSystems.lean:1340:61: This simp argument is unused:
  ha0

Hint: Omit it from the simp argument list.
  simp [hr, hprev, hdiag, hnext, hsub, hprev',̵ ̵h̵a̵0̵]

Note: This linter can be disabled with `set_option linter.unusedSimpArgs false`
warning: NumStability/Source/Higham/Chapter22/VandermondeSystems.lean:1301:33: 'ring' tactic does nothing

Note: This linter can be disabled with `set_option linter.unusedTactic false`
warning: NumStability/Source/Higham/Chapter22/VandermondeSystems.lean:1301:33: this tactic is never executed

Note: This linter can be disabled with `set_option linter.unreachableTactic false`
warning: NumStability/Source/Higham/Chapter22/VandermondeSystems.lean:1297:23: Used `tac1 <;> tac2` where `(tac1; tac2)` would suffice

Note: This linter can be disabled with `set_option linter.unnecessarySeqFocus false`
warning: NumStability/Source/Higham/Chapter22/VandermondeSystems.lean:1300:27: Used `tac1 <;> tac2` where `(tac1; tac2)` would suffice

Note: This linter can be disabled with `set_option linter.unnecessarySeqFocus false`
warning: NumStability/Source/Higham/Chapter22/VandermondeSystems.lean:2343:31: This simp argument is unused:
  if_pos rfl

Hint: Omit it from the simp argument list.
  simp only [Nat.add_zero, i̵f̵_̵p̵o̵s̵ ̵r̵f̵l̵,̵ ̵zero_add, Nat.zero_sub, Nat.add_sub_cancel]

Note: This linter can be disabled with `set_option linter.unusedSimpArgs false`
warning: NumStability/Source/Higham/Chapter22/VandermondeSystems.lean:2344:8: This simp argument is unused:
  Nat.add_sub_cancel

Hint: Omit it from the simp argument list.
  simp only [Nat.add_zero, if_pos rfl, zero_add, Nat.zero_sub,̵
  ̵ ̵ ̵ ̵ ̵ ̵ ̵ ̵ ̵N̵a̵t̵.̵a̵d̵d̵_̵s̵u̵b̵_̵c̵a̵n̵c̵e̵l̵]

Note: This linter can be disabled with `set_option linter.unusedSimpArgs false`
warning: NumStability/Source/Higham/Chapter22/VandermondeSystems.lean:2606:12: This simp argument is unused:
  Finsupp.single_apply

Hint: Omit it from the simp argument list.
  simp [F̵i̵n̵s̵u̵p̵p̵.̵s̵i̵n̵g̵l̵e̵_̵a̵p̵p̵l̵y̵,̵ ̵hne]

Note: This linter can be disabled with `set_option linter.unusedSimpArgs false`
warning: NumStability/Source/Higham/Chapter22/VandermondeSystems.lean:2616:10: This simp argument is unused:
  Finsupp.single_apply

Hint: Omit it from the simp argument list.
  simp [F̵i̵n̵s̵u̵p̵p̵.̵s̵i̵n̵g̵l̵e̵_̵a̵p̵p̵l̵y̵,̵ ̵hne]

Note: This linter can be disabled with `set_option linter.unusedSimpArgs false`
warning: NumStability/Source/Higham/Chapter22/VandermondeSystems.lean:2882:5: unused variable `hkj`

Note: This linter can be disabled with `set_option linter.unusedVariables false`
warning: NumStability/Source/Higham/Chapter22/VandermondeSystems.lean:2906:27: This simp argument is unused:
  Polynomial.eval_smul

Hint: Omit it from the simp argument list.
  simp only [nsmul_eq_mul, P̵o̵l̵y̵n̵o̵m̵i̵a̵l̵.̵e̵v̵a̵l̵_̵s̵m̵u̵l̵,̵smul_eq_mul] at heval

Note: This linter can be disabled with `set_option linter.unusedSimpArgs false`
warning: NumStability/Source/Higham/Chapter22/VandermondeSystems.lean:2907:4: This simp argument is unused:
  smul_eq_mul

Hint: Omit it from the simp argument list.
  simp only [nsmul_eq_mul, Polynomial.eval_smul,̵
  ̵ ̵ ̵ ̵ ̵s̵m̵u̵l̵_̵e̵q̵_̵m̵u̵l̵] at heval

Note: This linter can be disabled with `set_option linter.unusedSimpArgs false`
warning: NumStability/Source/Higham/Chapter22/VandermondeSystems.lean:2923:27: This simp argument is unused:
  Polynomial.eval_smul

Hint: Omit it from the simp argument list.
  simp only [nsmul_eq_mul, P̵o̵l̵y̵n̵o̵m̵i̵a̵l̵.̵e̵v̵a̵l̵_̵s̵m̵u̵l̵,̵ ̵smul_eq_mul] at heval

Note: This linter can be disabled with `set_option linter.unusedSimpArgs false`
warning: NumStability/Source/Higham/Chapter22/VandermondeSystems.lean:2923:49: This simp argument is unused:
  smul_eq_mul

Hint: Omit it from the simp argument list.
  simp only [nsmul_eq_mul, Polynomial.eval_smul,̵ ̵s̵m̵u̵l̵_̵e̵q̵_̵m̵u̵l̵] at heval

Note: This linter can be disabled with `set_option linter.unusedSimpArgs false`
warning: NumStability/Source/Higham/Chapter22/VandermondeSystems.lean:3049:21: This simp argument is unused:
  higham22HermiteListDD

Hint: Omit it from the simp argument list.
  simp only [higham22HermiteListD̵D̵,̵ ̵h̵i̵g̵h̵a̵m̵2̵2̵H̵e̵r̵m̵i̵t̵e̵L̵i̵s̵t̵Quotient]

Note: This linter can be disabled with `set_option linter.unusedSimpArgs false`
warning: NumStability/Source/Higham/Chapter22/VandermondeSystems.lean:3083:2: try 'simp' instead of 'simpa'

Note: This linter can be disabled with `set_option linter.unnecessarySimpa false`
warning: NumStability/Source/Higham/Chapter22/VandermondeSystems.lean:3238:24: Used `tac1 <;> tac2` where `(tac1; tac2)` would suffice

Note: This linter can be disabled with `set_option linter.unnecessarySeqFocus false`
warning: NumStability/Source/Higham/Chapter22/VandermondeSystems.lean:3427:28: This simp argument is unused:
  Polynomial.coeff_sum

Hint: Omit it from the simp argument list.
  simp [higham22HermiteBasisCoefficientMatrix, Matrix.mulVec, dotProduct, higham22BasisExpansion,
  ̲  ̲ ̲ ̲P̵o̵l̵y̵n̵o̵m̵i̵a̵l̵.̵c̵o̵e̵f̵f̵_̵s̵u̵m̵,̵ ̵Polynomial.coeff_C_mul, mul_comm]

Note: This linter can be disabled with `set_option linter.unusedSimpArgs false`
warning: NumStability/Source/Higham/Chapter22/VandermondeSystems.lean:3427:50: This simp argument is unused:
  Polynomial.coeff_C_mul

Hint: Omit it from the simp argument list.
  simp [higham22HermiteBasisCoefficientMatrix, Matrix.mulVec, dotProduct, higham22BasisExpansion,
  ̲  ̲ ̲ ̲Polynomial.coeff_sum, P̵o̵l̵y̵n̵o̵m̵i̵a̵l̵.̵c̵o̵e̵f̵f̵_̵C̵_̵m̵u̵l̵,̵mul_comm]

Note: This linter can be disabled with `set_option linter.unusedSimpArgs false`
info: NumStability/Source/Higham/Chapter22/VandermondeSystems.lean:3801:24: Try this:
  [apply] ring_nf
  
  The `ring` tactic failed to close the goal. Use `ring_nf` to obtain a normal form.
    
  Note that `ring` works primarily in *commutative* rings. If you have a noncommutative ring, abelian group or module, consider using `noncomm_ring`, `abel` or `module` instead.
info: NumStability/Source/Higham/Chapter22/VandermondeSystems.lean:3801:24: Try this:
  [apply] ring_nf
  
  The `ring` tactic failed to close the goal. Use `ring_nf` to obtain a normal form.
    
  Note that `ring` works primarily in *commutative* rings. If you have a noncommutative ring, abelian group or module, consider using `noncomm_ring`, `abel` or `module` instead.
info: NumStability/Source/Higham/Chapter22/VandermondeSystems.lean:3801:24: Try this:
  [apply] ring_nf
  
  The `ring` tactic failed to close the goal. Use `ring_nf` to obtain a normal form.
    
  Note that `ring` works primarily in *commutative* rings. If you have a noncommutative ring, abelian group or module, consider using `noncomm_ring`, `abel` or `module` instead.
info: NumStability/Source/Higham/Chapter22/VandermondeSystems.lean:3801:24: Try this:
  [apply] ring_nf
  
  The `ring` tactic failed to close the goal. Use `ring_nf` to obtain a normal form.
    
  Note that `ring` works primarily in *commutative* rings. If you have a noncommutative ring, abelian group or module, consider using `noncomm_ring`, `abel` or `module` instead.
info: NumStability/Source/Higham/Chapter22/VandermondeSystems.lean:3801:24: Try this:
  [apply] ring_nf
  
  The `ring` tactic failed to close the goal. Use `ring_nf` to obtain a normal form.
    
  Note that `ring` works primarily in *commutative* rings. If you have a noncommutative ring, abelian group or module, consider using `noncomm_ring`, `abel` or `module` instead.
info: NumStability/Source/Higham/Chapter22/VandermondeSystems.lean:3801:24: Try this:
  [apply] ring_nf
  
  The `ring` tactic failed to close the goal. Use `ring_nf` to obtain a normal form.
    
  Note that `ring` works primarily in *commutative* rings. If you have a noncommutative ring, abelian group or module, consider using `noncomm_ring`, `abel` or `module` instead.
info: NumStability/Source/Higham/Chapter22/VandermondeSystems.lean:3801:24: Try this:
  [apply] ring_nf
  
  The `ring` tactic failed to close the goal. Use `ring_nf` to obtain a normal form.
    
  Note that `ring` works primarily in *commutative* rings. If you have a noncommutative ring, abelian group or module, consider using `noncomm_ring`, `abel` or `module` instead.
warning: NumStability/Source/Higham/Chapter22/VandermondeSystems.lean:3876:91: This simp argument is unused:
  hi0

Hint: Omit it from the simp argument list.
  simp [higham22Algorithm22_3StageISweep, higham22_algorithm22_3StageIInner_apply, hik1, hi̵0̵,̵
  ̵ ̵ ̵ ̵ ̵ ̵ ̵h̵not,
  ̲  ̲ ̲ ̲ ̲ ̲higham22FinExtend_apply]

Note: This linter can be disabled with `set_option linter.unusedSimpArgs false`
warning: NumStability/Source/Higham/Chapter22/VandermondeSystems.lean:3883:92: This simp argument is unused:
  hknot

Hint: Omit it from the simp argument list.
  simp [higham22Algorithm22_3StageISweep, higham22_algorithm22_3StageIInner_apply, hi1, hkn̵o̵t̵,̵ ̵h̵k̵1not,
          higham22FinExtend]

Note: This linter can be disabled with `set_option linter.unusedSimpArgs false`
warning: NumStability/Source/Higham/Chapter22/VandermondeSystems.lean:3883:99: This simp argument is unused:
  hk1not

Hint: Omit it from the simp argument list.
  simp [higham22Algorithm22_3StageISweep, higham22_algorithm22_3StageIInner_apply, hi1, hknot, ̵h̵k̵1̵n̵o̵t̵,̵
          higham22FinExtend]

Note: This linter can be disabled with `set_option linter.unusedSimpArgs false`
warning: NumStability/Source/Higham/Chapter22/VandermondeSystems.lean:3971:8: This simp argument is unused:
  higham22Algorithm22_3StageISweep

Hint: Omit it from the simp argument list.
  simp [higham22Algorithm22_3StageI, higham22Algorithm22_3StageIOuter,
          h̵i̵g̵h̵a̵m̵2̵2̵A̵l̵g̵o̵r̵i̵t̵h̵m̵2̵2̵_̵3̵S̵t̵a̵g̵e̵I̵S̵w̵e̵e̵p̵,̵ ̵higham22Algorithm22_3StageIInner]

Note: This linter can be disabled with `set_option linter.unusedSimpArgs false`
warning: NumStability/Source/Higham/Chapter22/VandermondeSystems.lean:4800:60: This simp argument is unused:
  saved

Hint: Omit it from the simp argument list.
  simp only [higham22StageIRowMultiplier, hik, if_false, heq,
  ̵  ̵ ̵ ̵ ̵ ̵ ̵ ̵higham22Algorithm22_2StageIStep,
          higham22RoundedAlgorithm22_2StageIStep, base, a, x,̵ ̵s̵a̵v̵e̵d̵]

Note: This linter can be disabled with `set_option linter.unusedSimpArgs false`
warning: NumStability/Source/Higham/Chapter22/VandermondeSystems.lean:4805:10: 'ring' tactic does nothing

Note: This linter can be disabled with `set_option linter.unusedTactic false`
warning: NumStability/Source/Higham/Chapter22/VandermondeSystems.lean:4805:10: this tactic is never executed

Note: This linter can be disabled with `set_option linter.unreachableTactic false`
warning: NumStability/Source/Higham/Chapter22/VandermondeSystems.lean:4822:8: This simp argument is unused:
  base

Hint: Omit it from the simp argument list.
  simp only [higham22StageIRowMultiplier, hik, if_false, heq, if_true,
  ̵  ̵ ̵ ̵ ̵ ̵ ̵ ̵b̵as̵e̵, a̵,̵ ̵x,
  ̲  ̲ ̲ ̲ ̲ ̲add_sub_cancel_left]

Note: This linter can be disabled with `set_option linter.unusedSimpArgs false`
warning: NumStability/Source/Higham/Chapter22/VandermondeSystems.lean:4822:17: This simp argument is unused:
  x

Hint: Omit it from the simp argument list.
  simp only [higham22StageIRowMultiplier, hik, if_false, heq, if_true,
  ̵  ̵ ̵ ̵ ̵ ̵ ̵ ̵base, a,
  ̲ x̵,̵  ̲ ̲ ̲ ̲add_sub_cancel_left]

Note: This linter can be disabled with `set_option linter.unusedSimpArgs false`
warning: NumStability/Source/Higham/Chapter22/VandermondeSystems.lean:5311:4: try 'simp' instead of 'simpa'

Note: This linter can be disabled with `set_option linter.unnecessarySimpa false`
warning: NumStability/Source/Higham/Chapter22/VandermondeSystems.lean:5329:22: This simp argument is unused:
  hj1

Hint: Omit it from the simp argument list.
  simp [hj0.symm, hj1̵,̵ ̵h̵j̵2]

Note: This linter can be disabled with `set_option linter.unusedSimpArgs false`
warning: NumStability/Source/Higham/Chapter22/VandermondeSystems.lean:5329:27: This simp argument is unused:
  hj2

Hint: Omit it from the simp argument list.
  simp [hj0.symm, hj1,̵ ̵h̵j̵2̵]

Note: This linter can be disabled with `set_option linter.unusedSimpArgs false`
warning: NumStability/Source/Higham/Chapter22/VandermondeSystems.lean:5358:22: This simp argument is unused:
  hj1

Hint: Omit it from the simp argument list.
  simp [hj0.symm, hj1̵,̵ ̵h̵j̵2]

Note: This linter can be disabled with `set_option linter.unusedSimpArgs false`
warning: NumStability/Source/Higham/Chapter22/VandermondeSystems.lean:5358:27: This simp argument is unused:
  hj2

Hint: Omit it from the simp argument list.
  simp [hj0.symm, hj1,̵ ̵h̵j̵2̵]

Note: This linter can be disabled with `set_option linter.unusedSimpArgs false`
warning: NumStability/Source/Higham/Chapter22/VandermondeSystems.lean:5390:27: This simp argument is unused:
  hnprev

Hint: Omit it from the simp argument list.
  simp [hj0.symm, hj1,̵ ̵h̵n̵p̵r̵e̵v̵]

Note: This linter can be disabled with `set_option linter.unusedSimpArgs false`
warning: NumStability/Source/Higham/Chapter22/VandermondeSystems.lean:5401:14: This simp argument is unused:
  hj0'

Hint: Omit it from the simp argument list.
  simp [hj0̵'̵,̵ ̵h̵j̵1.symm, hprevn, hjprev]

Note: This linter can be disabled with `set_option linter.unusedSimpArgs false`
warning: NumStability/Source/Higham/Chapter22/VandermondeSystems.lean:5401:30: This simp argument is unused:
  hprevn

Hint: Omit it from the simp argument list.
  simp [hj0', hj1.symm, hp̵r̵e̵v̵n̵,̵ ̵h̵jprev]

Note: This linter can be disabled with `set_option linter.unusedSimpArgs false`
warning: NumStability/Source/Higham/Chapter22/VandermondeSystems.lean:6138:4: 'change
  ‖higham22RoundedAlgorithm22_2FactorDelta rm theta beta gamma alpha f (Fin.natAdd n k) i j‖ ≤
    higham22FactorRelativeBudget rm.u n (Fin.natAdd n k) *
      ‖higham22ExactAlgorithm22_2FactorSeq theta beta gamma alpha (Fin.natAdd n k) i j‖' tactic does nothing

Note: This linter can be disabled with `set_option linter.unusedTactic false`
warning: NumStability/Source/Higham/Chapter22/VandermondeSystems.lean:6344:18: This simp argument is unused:
  norm_mul

Hint: Omit it from the simp argument list.
  simp [n̵o̵r̵m̵_̵m̵u̵l̵,̵ ̵higham22_checkerSign_norm]

Note: This linter can be disabled with `set_option linter.unusedSimpArgs false`
warning: NumStability/Source/Higham/Chapter22/VandermondeSystems.lean:6363:16: This simp argument is unused:
  norm_mul

Hint: Omit it from the simp argument list.
  simp [n̵o̵r̵m̵_̵m̵u̵l̵,̵ ̵higham22_checkerSign_norm]

Note: This linter can be disabled with `set_option linter.unusedSimpArgs false`
warning: NumStability/Source/Higham/Chapter22/VandermondeSystems.lean:6489:12: This simp argument is unused:
  Pi.single_apply

Hint: Omit it from the simp argument list.
  simp [P̵i̵.̵s̵i̵n̵g̵l̵e̵_̵a̵p̵p̵l̵y̵,̵ ̵higham22_checkerSign_sq]

Note: This linter can be disabled with `set_option linter.unusedSimpArgs false`
warning: NumStability/Source/Higham/Chapter22/VandermondeSystems.lean:6490:12: This simp argument is unused:
  Pi.single_apply

Hint: Omit it from the simp argument list.
  simp [P̵i̵.̵s̵i̵n̵g̵l̵e̵_̵a̵p̵p̵l̵y̵,̵ ̵hij]

Note: This linter can be disabled with `set_option linter.unusedSimpArgs false`
warning: NumStability/Source/Higham/Chapter22/VandermondeSystems.lean:6540:12: This simp argument is unused:
  Pi.single_apply

Hint: Omit it from the simp argument list.
  simp [̵P̵i̵.̵s̵i̵n̵g̵l̵e̵_̵a̵p̵p̵l̵y̵,̵ ̵h̵p̵i̵_̵n̵e̵,̵[̲h̲p̲i̲_̲n̲e̲,̲ higham22_checkerSign_sq, Complex.norm_real, abs_of_pos hden]

Note: This linter can be disabled with `set_option linter.unusedSimpArgs false`
warning: NumStability/Source/Higham/Chapter22/VandermondeSystems.lean:6540:37: This simp argument is unused:
  higham22_checkerSign_sq

Hint: Omit it from the simp argument list.
  simp [Pi.single_apply, hpi_ne, h̵i̵g̵h̵a̵m̵2̵2̵_̵c̵h̵e̵c̵k̵e̵r̵S̵i̵g̵n̵_̵s̵q̵,̵
  ̵ ̵ ̵ ̵ ̵ ̵ ̵ ̵ ̵Complex.norm_real, abs_of_pos hden]

Note: This linter can be disabled with `set_option linter.unusedSimpArgs false`
warning: NumStability/Source/Higham/Chapter22/VandermondeSystems.lean:6541:8: This simp argument is unused:
  Complex.norm_real

Hint: Omit it from the simp argument list.
  simp [Pi.single_apply, hpi_ne, higham22_checkerSign_sq, C̵o̵m̵p̵l̵e̵x̵.̵n̵o̵r̵m̵_̵r̵e̵a̵l̵,̵ ̵abs_of_pos hden]

Note: This linter can be disabled with `set_option linter.unusedSimpArgs false`
warning: NumStability/Source/Higham/Chapter22/VandermondeSystems.lean:6541:27: This simp argument is unused:
  abs_of_pos hden

Hint: Omit it from the simp argument list.
  simp [Pi.single_apply, hpi_ne, higham22_checkerSign_sq, C̵o̵m̵p̵l̵e̵x̵.̵n̵o̵r̵m̵_̵r̵e̵a̵l̵,̵ ̵a̵b̵s̵_̵o̵f̵_̵p̵o̵s̵ ̵h̵d̵e̵n̵]̵C̲o̲m̲p̲l̲e̲x̲.̲n̲o̲r̲m̲_̲r̲e̲a̲l̲]̲

Note: This linter can be disabled with `set_option linter.unusedSimpArgs false`
warning: NumStability/Source/Higham/Chapter22/VandermondeSystems.lean:6560:14: This simp argument is unused:
  Pi.single_apply

Hint: Omit it from the simp argument list.
  simp [̵P̵i̵.̵s̵i̵n̵g̵l̵e̵_̵a̵p̵p̵l̵y̵,̵ ̵h̵i̵p̵,̵[̲h̲i̲p̲,̲ hsign, higham22_checkerSign_sq, Complex.norm_real, abs_of_pos hden]

Note: This linter can be disabled with `set_option linter.unusedSimpArgs false`
warning: NumStability/Source/Higham/Chapter22/VandermondeSystems.lean:6560:43: This simp argument is unused:
  higham22_checkerSign_sq

Hint: Omit it from the simp argument list.
  simp [Pi.single_apply, hip, hsign, h̵i̵g̵h̵a̵m̵2̵2̵_̵c̵h̵e̵c̵k̵e̵r̵S̵i̵g̵n̵_̵s̵q̵,̵
  ̵ ̵ ̵ ̵ ̵ ̵ ̵ ̵ ̵ ̵ ̵Complex.norm_real, abs_of_pos hden]

Note: This linter can be disabled with `set_option linter.unusedSimpArgs false`
warning: NumStability/Source/Higham/Chapter22/VandermondeSystems.lean:6561:10: This simp argument is unused:
  Complex.norm_real

Hint: Omit it from the simp argument list.
  simp [Pi.single_apply, hip, hsign, higham22_checkerSign_sq, C̵o̵m̵p̵l̵e̵x̵.̵n̵o̵r̵m̵_̵r̵e̵a̵l̵,̵ ̵abs_of_pos hden]

Note: This linter can be disabled with `set_option linter.unusedSimpArgs false`
warning: NumStability/Source/Higham/Chapter22/VandermondeSystems.lean:6561:29: This simp argument is unused:
  abs_of_pos hden

Hint: Omit it from the simp argument list.
  simp [Pi.single_apply, hip, hsign, higham22_checkerSign_sq, C̵o̵m̵p̵l̵e̵x̵.̵n̵o̵r̵m̵_̵r̵e̵a̵l̵,̵ ̵a̵b̵s̵_̵o̵f̵_̵p̵o̵s̵ ̵h̵d̵e̵n̵]̵C̲o̲m̲p̲l̲e̲x̲.̲n̲o̲r̲m̲_̲r̲e̲a̲l̲]̲

Note: This linter can be disabled with `set_option linter.unusedSimpArgs false`
warning: NumStability/Source/Higham/Chapter22/VandermondeSystems.lean:6575:14: This simp argument is unused:
  Pi.single_apply

Hint: Omit it from the simp argument list.
  simp [P̵i̵.̵s̵i̵n̵g̵l̵e̵_̵a̵p̵p̵l̵y̵,̵ ̵hip, hpj]

Note: This linter can be disabled with `set_option linter.unusedSimpArgs false`
warning: NumStability/Source/Higham/Chapter22/VandermondeSystems.lean:6702:16: This simp argument is unused:
  r

Hint: Omit it from the simp argument list.
  simp [r̵,̵ ̵hj0, hj1, hj2]

Note: This linter can be disabled with `set_option linter.unusedSimpArgs false`
warning: NumStability/Source/Higham/Chapter22/VandermondeSystems.lean:7023:21: unused variable `hu1`

Note: This linter can be disabled with `set_option linter.unusedVariables false`
warning: NumStability/Source/Higham/Chapter22/VandermondeSystems.lean:7110:8: 'ring' tactic does nothing

Note: This linter can be disabled with `set_option linter.unusedTactic false`
warning: NumStability/Source/Higham/Chapter22/VandermondeSystems.lean:7114:6: 'ring' tactic does nothing

Note: This linter can be disabled with `set_option linter.unusedTactic false`
warning: NumStability/Source/Higham/Chapter22/VandermondeSystems.lean:7110:8: this tactic is never executed

Note: This linter can be disabled with `set_option linter.unreachableTactic false`
warning: NumStability/Source/Higham/Chapter22/VandermondeSystems.lean:7114:6: this tactic is never executed

Note: This linter can be disabled with `set_option linter.unreachableTactic false`
warning: NumStability/Source/Higham/Chapter22/VandermondeSystems.lean:7150:8: 'ring' tactic does nothing

Note: This linter can be disabled with `set_option linter.unusedTactic false`
warning: NumStability/Source/Higham/Chapter22/VandermondeSystems.lean:7154:6: 'ring' tactic does nothing

Note: This linter can be disabled with `set_option linter.unusedTactic false`
warning: NumStability/Source/Higham/Chapter22/VandermondeSystems.lean:7150:8: this tactic is never executed

Note: This linter can be disabled with `set_option linter.unreachableTactic false`
warning: NumStability/Source/Higham/Chapter22/VandermondeSystems.lean:7154:6: this tactic is never executed

Note: This linter can be disabled with `set_option linter.unreachableTactic false`
warning: NumStability/Source/Higham/Chapter22/VandermondeSystems.lean:7286:31: try 'simp' instead of 'simpa'

Note: This linter can be disabled with `set_option linter.unnecessarySimpa false`
warning: NumStability/Source/Higham/Chapter22/VandermondeSystems.lean:7418:45: This simp argument is unused:
  higham22ReverseInverseMatrixSeq

Hint: Omit it from the simp argument list.
  simp [higham22ComplexMatSeqProd, h̵i̵g̵h̵a̵m̵2̵2̵R̵e̵v̵e̵r̵s̵e̵I̵n̵v̵e̵r̵s̵e̵M̵a̵t̵r̵i̵x̵S̵e̵q̵,̵higham22ReverseMatrixSeq]

Note: This linter can be disabled with `set_option linter.unusedSimpArgs false`
warning: NumStability/Source/Higham/Chapter22/VandermondeSystems.lean:7419:6: This simp argument is unused:
  higham22ReverseMatrixSeq

Hint: Omit it from the simp argument list.
  simp [higham22ComplexMatSeqProd, higham22ReverseInverseMatrixSeq,̵
  ̵ ̵ ̵ ̵ ̵ ̵ ̵h̵i̵g̵h̵a̵m̵2̵2̵R̵e̵v̵e̵r̵s̵e̵M̵a̵t̵r̵i̵x̵S̵e̵q̵]

Note: This linter can be disabled with `set_option linter.unusedSimpArgs false`
warning: NumStability/Source/Higham/Chapter22/VandermondeSystems.lean:7530:23: unused variable `hu1`

Note: This linter can be disabled with `set_option linter.unusedVariables false`
info: NumStability/Source/Higham/Chapter22/VandermondeSystems.lean:7580:32: Try this:
  [apply] ring_nf
  
  The `ring` tactic failed to close the goal. Use `ring_nf` to obtain a normal form.
    
  Note that `ring` works primarily in *commutative* rings. If you have a noncommutative ring, abelian group or module, consider using `noncomm_ring`, `abel` or `module` instead.
warning: NumStability/Source/Higham/Chapter22/VandermondeSystems.lean:7694:8: This simp argument is unused:
  base

Hint: Omit it from the simp argument list.
  simp only [higham22StageIRowMultiplier, hik, if_false, heq, if_true,
  ̵  ̵ ̵ ̵ ̵ ̵ ̵ ̵b̵as̵e̵, a̵,̵ ̵x]

Note: This linter can be disabled with `set_option linter.unusedSimpArgs false`
warning: NumStability/Source/Higham/Chapter22/VandermondeSystems.lean:7694:17: This simp argument is unused:
  x

Hint: Omit it from the simp argument list.
  simp only [higham22StageIRowMultiplier, hik, if_false, heq, if_true,
  ̵  ̵ ̵ ̵ ̵ ̵ ̵ ̵base, a,̵ ̵x̵]

Note: This linter can be disabled with `set_option linter.unusedSimpArgs false`
warning: NumStability/Source/Higham/Chapter22/VandermondeSystems.lean:7698:8: This simp argument is unused:
  base

Hint: Omit it from the simp argument list.
  simp only [higham22StageIRowMultiplier, hik, if_false, heq,
  ̵  ̵ ̵ ̵ ̵ ̵ ̵ ̵b̵as̵e̵, a̵,̵ ̵x, saved]

Note: This linter can be disabled with `set_option linter.unusedSimpArgs false`
warning: NumStability/Source/Higham/Chapter22/VandermondeSystems.lean:7698:17: This simp argument is unused:
  x

Hint: Omit it from the simp argument list.
  simp only [higham22StageIRowMultiplier, hik, if_false, heq,
  ̵  ̵ ̵ ̵ ̵ ̵ ̵ ̵base, a, x̵,̵ ̵saved]

Note: This linter can be disabled with `set_option linter.unusedSimpArgs false`
warning: NumStability/Source/Higham/Chapter22/VandermondeSystems.lean:7698:20: This simp argument is unused:
  saved

Hint: Omit it from the simp argument list.
  simp only [higham22StageIRowMultiplier, hik, if_false, heq, base, a, x̵,̵ ̵s̵a̵v̵e̵d̵]̵x̲]̲

Note: This linter can be disabled with `set_option linter.unusedSimpArgs false`
warning: NumStability/Source/Higham/Chapter22/VandermondeSystems.lean:8020:50: This simp argument is unused:
  heq

Hint: Omit it from the simp argument list.
  simp [higham22Algorithm22_2StageIStep, hik, heq,̵
  ̵ ̵ ̵ ̵ ̵ ̵ ̵ ̵ ̵h̵e̵q̵', higham22FinExtend_single, hsne]

Note: This linter can be disabled with `set_option linter.unusedSimpArgs false`
warning: NumStability/Source/Higham/Chapter22/VandermondeSystems.lean:8228:25: 'push_cast' tactic does nothing

Note: This linter can be disabled with `set_option linter.unusedTactic false`
warning: NumStability/Source/Higham/Chapter22/VandermondeSystems.lean:8215:48: Used `tac1 <;> tac2` where `(tac1; tac2)` would suffice

Note: This linter can be disabled with `set_option linter.unnecessarySeqFocus false`
warning: NumStability/Source/Higham/Chapter22/VandermondeSystems.lean:8228:21: Used `tac1 <;> tac2` where `(tac1; tac2)` would suffice

Note: This linter can be disabled with `set_option linter.unnecessarySeqFocus false`
warning: NumStability/Source/Higham/Chapter22/VandermondeSystems.lean:8228:35: Used `tac1 <;> tac2` where `(tac1; tac2)` would suffice

Note: This linter can be disabled with `set_option linter.unnecessarySeqFocus false`
⚠ [5139/5529] Replayed NumStability.Source.Higham.Chapter22.MonomialResidual
warning: NumStability/Source/Higham/Chapter22/MonomialResidual.lean:233:14: This simp argument is unused:
  Matrix.one_apply

Hint: Omit it from the simp argument list.
  simp [M̵a̵t̵r̵i̵x̵.̵o̵n̵e̵_̵a̵p̵p̵l̵y̵,̵ ̵hu i]

Note: This linter can be disabled with `set_option linter.unusedSimpArgs false`
warning: NumStability/Source/Higham/Chapter22/MonomialResidual.lean:235:14: This simp argument is unused:
  Matrix.one_apply

Hint: Omit it from the simp argument list.
  simp [M̵a̵t̵r̵i̵x̵.̵o̵n̵e̵_̵a̵p̵p̵l̵y̵,̵ ̵hu i]

Note: This linter can be disabled with `set_option linter.unusedSimpArgs false`
warning: NumStability/Source/Higham/Chapter22/MonomialResidual.lean:243:12: This simp argument is unused:
  Matrix.one_apply

Hint: Omit it from the simp argument list.
  simp [M̵a̵t̵r̵i̵x̵.̵o̵n̵e̵_̵a̵p̵p̵l̵y̵,̵ ̵hij]

Note: This linter can be disabled with `set_option linter.unusedSimpArgs false`
warning: NumStability/Source/Higham/Chapter22/MonomialResidual.lean:364:8: 'ring' tactic does nothing

Note: This linter can be disabled with `set_option linter.unusedTactic false`
warning: NumStability/Source/Higham/Chapter22/MonomialResidual.lean:368:6: 'ring' tactic does nothing

Note: This linter can be disabled with `set_option linter.unusedTactic false`
warning: NumStability/Source/Higham/Chapter22/MonomialResidual.lean:364:8: this tactic is never executed

Note: This linter can be disabled with `set_option linter.unreachableTactic false`
warning: NumStability/Source/Higham/Chapter22/MonomialResidual.lean:368:6: this tactic is never executed

Note: This linter can be disabled with `set_option linter.unreachableTactic false`
warning: NumStability/Source/Higham/Chapter22/MonomialResidual.lean:417:31: try 'simp' instead of 'simpa'

Note: This linter can be disabled with `set_option linter.unnecessarySimpa false`
info: NumStability/Source/Higham/Chapter22/MonomialResidual.lean:632:16: Try this:
  [apply] ring_nf
  
  The `ring` tactic failed to close the goal. Use `ring_nf` to obtain a normal form.
    
  Note that `ring` works primarily in *commutative* rings. If you have a noncommutative ring, abelian group or module, consider using `noncomm_ring`, `abel` or `module` instead.
warning: NumStability/Source/Higham/Chapter22/MonomialResidual.lean:648:9: try 'simp' instead of 'simpa'

Note: This linter can be disabled with `set_option linter.unnecessarySimpa false`
⚠ [5141/5529] Replayed NumStability.Source.Higham.Chapter22.Problem07
warning: NumStability/Source/Higham/Chapter22/Problem07.lean:131:15: unused variable `hn`

Note: This linter can be disabled with `set_option linter.unusedVariables false`
warning: NumStability/Source/Higham/Chapter22/Problem07.lean:137:8: This simp argument is unused:
  hn

Hint: Omit it from the simp argument list.
  simp [h̵n̵,̵ ̵Nat.ne_of_gt hn, add_div]

Note: This linter can be disabled with `set_option linter.unusedSimpArgs false`
warning: NumStability/Source/Higham/Chapter22/Problem07.lean:137:12: This simp argument is unused:
  Nat.ne_of_gt hn

Hint: Omit it from the simp argument list.
  simp [hn, N̵a̵t̵.̵n̵e̵_̵o̵f̵_̵g̵t̵ ̵h̵n̵,̵ ̵add_div]

Note: This linter can be disabled with `set_option linter.unusedSimpArgs false`
info: NumStability/Source/Higham/Chapter22/Problem07.lean:198:62: Try this:
  [apply] ring_nf
  
  The `ring` tactic failed to close the goal. Use `ring_nf` to obtain a normal form.
    
  Note that `ring` works primarily in *commutative* rings. If you have a noncommutative ring, abelian group or module, consider using `noncomm_ring`, `abel` or `module` instead.
warning: NumStability/Source/Higham/Chapter22/Problem07.lean:184:16: Used `tac1 <;> tac2` where `(tac1; tac2)` would suffice

Note: This linter can be disabled with `set_option linter.unnecessarySeqFocus false`
warning: NumStability/Source/Higham/Chapter22/Problem07.lean:198:58: Used `tac1 <;> tac2` where `(tac1; tac2)` would suffice

Note: This linter can be disabled with `set_option linter.unnecessarySeqFocus false`
warning: NumStability/Source/Higham/Chapter22/Problem07.lean:353:8: This simp argument is unused:
  higham22Problem22_7ZeroAngle

Hint: Omit it from the simp argument list.
  simp ̵[̵h̵i̵g̵h̵a̵m̵2̵2̵P̵r̵o̵b̵l̵e̵m̵2̵2̵_̵7̵Z̵e̵r̵o̵A̵n̵g̵l̵e̵]̵

Note: This linter can be disabled with `set_option linter.unusedSimpArgs false`
info: NumStability/Source/Higham/Chapter22/Problem07.lean:373:70: Try this:
  [apply] ring_nf
  
  The `ring` tactic failed to close the goal. Use `ring_nf` to obtain a normal form.
    
  Note that `ring` works primarily in *commutative* rings. If you have a noncommutative ring, abelian group or module, consider using `noncomm_ring`, `abel` or `module` instead.
info: NumStability/Source/Higham/Chapter22/Problem07.lean:413:22: Try this:
  [apply] ring_nf
  
  The `ring` tactic failed to close the goal. Use `ring_nf` to obtain a normal form.
    
  Note that `ring` works primarily in *commutative* rings. If you have a noncommutative ring, abelian group or module, consider using `noncomm_ring`, `abel` or `module` instead.
warning: NumStability/Source/Higham/Chapter22/Problem07.lean:446:22: 'ring' tactic does nothing

Note: This linter can be disabled with `set_option linter.unusedTactic false`
warning: NumStability/Source/Higham/Chapter22/Problem07.lean:475:22: 'ring' tactic does nothing

Note: This linter can be disabled with `set_option linter.unusedTactic false`
warning: NumStability/Source/Higham/Chapter22/Problem07.lean:446:22: this tactic is never executed

Note: This linter can be disabled with `set_option linter.unreachableTactic false`
warning: NumStability/Source/Higham/Chapter22/Problem07.lean:475:22: this tactic is never executed

Note: This linter can be disabled with `set_option linter.unreachableTactic false`
warning: NumStability/Source/Higham/Chapter22/Problem07.lean:413:18: Used `tac1 <;> tac2` where `(tac1; tac2)` would suffice

Note: This linter can be disabled with `set_option linter.unnecessarySeqFocus false`
warning: NumStability/Source/Higham/Chapter22/Problem07.lean:497:22: This simp argument is unused:
  higham22Problem22_7ZeroGramDiagonal

Hint: Omit it from the simp argument list.
  simp [diagMatrix, hig̵h̵a̵m̵2̵2̵P̵r̵o̵b̵l̵e̵m̵2̵2̵_̵7̵Z̵e̵r̵o̵G̵r̵a̵m̵D̵i̵a̵g̵o̵n̵a̵l̵,̵ ̵h̵i̵j]

Note: This linter can be disabled with `set_option linter.unusedSimpArgs false`
warning: NumStability/Source/Higham/Chapter22/Problem07.lean:547:23: 'ring' tactic does nothing

Note: This linter can be disabled with `set_option linter.unusedTactic false`
warning: NumStability/Source/Higham/Chapter22/Problem07.lean:547:23: this tactic is never executed

Note: This linter can be disabled with `set_option linter.unreachableTactic false`
info: NumStability/Source/Higham/Chapter22/Problem07.lean:586:18: Try this:
  [apply] ring_nf
  
  The `ring` tactic failed to close the goal. Use `ring_nf` to obtain a normal form.
    
  Note that `ring` works primarily in *commutative* rings. If you have a noncommutative ring, abelian group or module, consider using `noncomm_ring`, `abel` or `module` instead.
info: NumStability/Source/Higham/Chapter22/Problem07.lean:586:18: Try this:
  [apply] ring_nf
  
  The `ring` tactic failed to close the goal. Use `ring_nf` to obtain a normal form.
    
  Note that `ring` works primarily in *commutative* rings. If you have a noncommutative ring, abelian group or module, consider using `noncomm_ring`, `abel` or `module` instead.
info: NumStability/Source/Higham/Chapter22/Problem07.lean:648:24: Try this:
  [apply] ring_nf
  
  The `ring` tactic failed to close the goal. Use `ring_nf` to obtain a normal form.
    
  Note that `ring` works primarily in *commutative* rings. If you have a noncommutative ring, abelian group or module, consider using `noncomm_ring`, `abel` or `module` instead.
info: NumStability/Source/Higham/Chapter22/Problem07.lean:669:22: Try this:
  [apply] ring_nf
  
  The `ring` tactic failed to close the goal. Use `ring_nf` to obtain a normal form.
    
  Note that `ring` works primarily in *commutative* rings. If you have a noncommutative ring, abelian group or module, consider using `noncomm_ring`, `abel` or `module` instead.
warning: NumStability/Source/Higham/Chapter22/Problem07.lean:705:22: 'ring' tactic does nothing

Note: This linter can be disabled with `set_option linter.unusedTactic false`
warning: NumStability/Source/Higham/Chapter22/Problem07.lean:736:22: 'ring' tactic does nothing

Note: This linter can be disabled with `set_option linter.unusedTactic false`
warning: NumStability/Source/Higham/Chapter22/Problem07.lean:705:22: this tactic is never executed

Note: This linter can be disabled with `set_option linter.unreachableTactic false`
warning: NumStability/Source/Higham/Chapter22/Problem07.lean:736:22: this tactic is never executed

Note: This linter can be disabled with `set_option linter.unreachableTactic false`
warning: NumStability/Source/Higham/Chapter22/Problem07.lean:648:20: Used `tac1 <;> tac2` where `(tac1; tac2)` would suffice

Note: This linter can be disabled with `set_option linter.unnecessarySeqFocus false`
warning: NumStability/Source/Higham/Chapter22/Problem07.lean:669:18: Used `tac1 <;> tac2` where `(tac1; tac2)` would suffice

Note: This linter can be disabled with `set_option linter.unnecessarySeqFocus false`
warning: NumStability/Source/Higham/Chapter22/Problem07.lean:787:10: This simp argument is unused:
  higham22Problem22_7ExtremaD

Hint: Omit it from the simp argument list.
  simp [̵h̵i̵g̵h̵a̵m̵2̵2̵P̵r̵o̵b̵l̵e̵m̵2̵2̵_̵7̵E̵x̵t̵r̵e̵m̵a̵D̵,̵ ̵d̵i̵a̵g̵M̵a̵t̵r̵i̵x̵,̵[̲d̲i̲a̲g̲M̲a̲t̲r̲i̲x̲,̲ higham22Problem22_7ExtremaGramDiagonal]

Note: This linter can be disabled with `set_option linter.unusedSimpArgs false`
warning: NumStability/Source/Higham/Chapter22/Problem07.lean:787:39: This simp argument is unused:
  diagMatrix

Hint: Omit it from the simp argument list.
  simp [higham22Problem22_7ExtremaD, d̵i̵a̵g̵M̵a̵t̵r̵i̵x̵,̵
  ̵ ̵ ̵ ̵ ̵ ̵ ̵higham22Problem22_7ExtremaGramDiagonal]

Note: This linter can be disabled with `set_option linter.unusedSimpArgs false`
warning: NumStability/Source/Higham/Chapter22/Problem07.lean:789:10: This simp argument is unused:
  higham22Problem22_7ExtremaD

Hint: Omit it from the simp argument list.
  simp [̵h̵i̵g̵h̵a̵m̵2̵2̵P̵r̵o̵b̵l̵e̵m̵2̵2̵_̵7̵E̵x̵t̵r̵e̵m̵a̵D̵,̵ ̵d̵i̵a̵g̵M̵a̵t̵r̵i̵x̵,̵[̲d̲i̲a̲g̲M̲a̲t̲r̲i̲x̲,̲ higham22Problem22_7ExtremaGramDiagonal, hij]

Note: This linter can be disabled with `set_option linter.unusedSimpArgs false`
warning: NumStability/Source/Higham/Chapter22/Problem07.lean:789:39: This simp argument is unused:
  diagMatrix

Hint: Omit it from the simp argument list.
  simp [higham22Problem22_7ExtremaD, d̵i̵a̵g̵M̵a̵t̵r̵i̵x̵,̵
  ̵ ̵ ̵ ̵ ̵ ̵ ̵higham22Problem22_7ExtremaGramDiagonal, hij]

Note: This linter can be disabled with `set_option linter.unusedSimpArgs false`
warning: NumStability/Source/Higham/Chapter22/Problem07.lean:790:6: This simp argument is unused:
  higham22Problem22_7ExtremaGramDiagonal

Hint: Omit it from the simp argument list.
  simp [higham22Problem22_7ExtremaD, diagMatrix, h̵i̵g̵h̵a̵m̵2̵2̵P̵r̵o̵b̵l̵e̵m̵2̵2̵_̵7̵E̵x̵t̵r̵e̵m̵a̵G̵r̵a̵m̵D̵i̵a̵g̵o̵n̵a̵l̵,̵ ̵hij]

Note: This linter can be disabled with `set_option linter.unusedSimpArgs false`
warning: NumStability/Source/Higham/Chapter22/Problem07.lean:1151:22: This simp argument is unused:
  higham22Problem22_7ExtremaGramDiagonal

Hint: Omit it from the simp argument list.
  simp [diagMatrix, hig̵h̵a̵m̵2̵2̵P̵r̵o̵b̵l̵e̵m̵2̵2̵_̵7̵E̵x̵t̵r̵e̵m̵a̵G̵r̵a̵m̵D̵i̵a̵g̵o̵n̵a̵l̵,̵ ̵h̵i̵j]

Note: This linter can be disabled with `set_option linter.unusedSimpArgs false`
warning: NumStability/Source/Higham/Chapter22/Problem07.lean:1316:58: Used `tac1 <;> tac2` where `(tac1; tac2)` would suffice

Note: This linter can be disabled with `set_option linter.unnecessarySeqFocus false`
warning: NumStability/Source/Higham/Chapter22/Problem07.lean:1342:59: Used `tac1 <;> tac2` where `(tac1; tac2)` would suffice

Note: This linter can be disabled with `set_option linter.unnecessarySeqFocus false`
⚠ [5148/5529] Replayed NumStability.Source.Higham.Chapter24.StructuredMixedStability
warning: NumStability/Source/Higham/Chapter24/StructuredMixedStability.lean:812:70: Used `tac1 <;> tac2` where `(tac1; tac2)` would suffice

Note: This linter can be disabled with `set_option linter.unnecessarySeqFocus false`
warning: NumStability/Source/Higham/Chapter24/StructuredMixedStability.lean:813:16: Used `tac1 <;> tac2` where `(tac1; tac2)` would suffice

Note: This linter can be disabled with `set_option linter.unnecessarySeqFocus false`
⚠ [5149/5529] Replayed NumStability.Source.Higham.Chapter24.CirculantForwardError
warning: NumStability/Source/Higham/Chapter24/CirculantForwardError.lean:316:70: Used `tac1 <;> tac2` where `(tac1; tac2)` would suffice

Note: This linter can be disabled with `set_option linter.unnecessarySeqFocus false`
ℹ [5153/5529] Replayed NumStability.Source.Higham.Chapter25.Eigenproblem
info: NumStability/Source/Higham/Chapter25/Eigenproblem.lean:339:14: Try this:
  [apply] ring_nf
  
  The `ring` tactic failed to close the goal. Use `ring_nf` to obtain a normal form.
    
  Note that `ring` works primarily in *commutative* rings. If you have a noncommutative ring, abelian group or module, consider using `noncomm_ring`, `abel` or `module` instead.
info: NumStability/Source/Higham/Chapter25/Eigenproblem.lean:357:37: Try this:
  [apply] ring_nf
  
  The `ring` tactic failed to close the goal. Use `ring_nf` to obtain a normal form.
    
  Note that `ring` works primarily in *commutative* rings. If you have a noncommutative ring, abelian group or module, consider using `noncomm_ring`, `abel` or `module` instead.
⚠ [5173/5529] Replayed NumStability.Source.Higham.Chapter26.MultidirectionalSearch.RegularSimplex
warning: NumStability/Source/Higham/Chapter26/MultidirectionalSearch/RegularSimplex.lean:98:40: Used `tac1 <;> tac2` where `(tac1; tac2)` would suffice

Note: This linter can be disabled with `set_option linter.unnecessarySeqFocus false`
⚠ [5190/5529] Replayed NumStability.Source.Higham.Chapter28.Section02.RealGinibre.Asymptotics.Asymptotics
warning: NumStability/Source/Higham/Chapter28/Section02/RealGinibre/Asymptotics/Asymptotics.lean:90:28: Used `tac1 <;> tac2` where `(tac1; tac2)` would suffice

Note: This linter can be disabled with `set_option linter.unnecessarySeqFocus false`
warning: NumStability/Source/Higham/Chapter28/Section02/RealGinibre/Asymptotics/Asymptotics.lean:92:28: Used `tac1 <;> tac2` where `(tac1; tac2)` would suffice

Note: This linter can be disabled with `set_option linter.unnecessarySeqFocus false`
warning: NumStability/Source/Higham/Chapter28/Section02/RealGinibre/Asymptotics/Asymptotics.lean:94:28: Used `tac1 <;> tac2` where `(tac1; tac2)` would suffice

Note: This linter can be disabled with `set_option linter.unnecessarySeqFocus false`
warning: NumStability/Source/Higham/Chapter28/Section02/RealGinibre/Asymptotics/Asymptotics.lean:174:22: Used `tac1 <;> tac2` where `(tac1; tac2)` would suffice

Note: This linter can be disabled with `set_option linter.unnecessarySeqFocus false`
⚠ [5217/5529] Replayed NumStability.Analysis.TestMatrices.Cauchy.Cauchy
warning: NumStability/Analysis/TestMatrices/Cauchy/Cauchy.lean:227:2: try 'simp' instead of 'simpa'

Note: This linter can be disabled with `set_option linter.unnecessarySimpa false`
warning: NumStability/Analysis/TestMatrices/Cauchy/Cauchy.lean:246:21: unused variable `i`

Note: This linter can be disabled with `set_option linter.unusedVariables false`
warning: NumStability/Analysis/TestMatrices/Cauchy/Cauchy.lean:246:23: unused variable `j`

Note: This linter can be disabled with `set_option linter.unusedVariables false`
warning: NumStability/Analysis/TestMatrices/Cauchy/Cauchy.lean:247:21: unused variable `i`

Note: This linter can be disabled with `set_option linter.unusedVariables false`
warning: NumStability/Analysis/TestMatrices/Cauchy/Cauchy.lean:247:23: unused variable `j`

Note: This linter can be disabled with `set_option linter.unusedVariables false`
warning: NumStability/Analysis/TestMatrices/Cauchy/Cauchy.lean:319:12: This simp argument is unused:
  cauchyMatrix

Hint: Omit it from the simp argument list.
  simp [cauchyM̵a̵t̵r̵i̵x̵,̵ ̵c̵a̵u̵c̵h̵y̵DetFormula]

Note: This linter can be disabled with `set_option linter.unusedSimpArgs false`
warning: NumStability/Analysis/TestMatrices/Cauchy/Cauchy.lean:585:30: This simp argument is unused:
  eq_comm

Hint: Omit it from the simp argument list.
  simp [Matrix.one_apply,̵ ̵e̵q̵_̵c̵o̵m̵m̵]

Note: This linter can be disabled with `set_option linter.unusedSimpArgs false`
⚠ [5226/5529] Replayed NumStability.Source.Higham.Chapter28.Section01.HilbertConditioning.ConditionLogRate
info: NumStability/Source/Higham/Chapter28/Section01/HilbertConditioning/ConditionLogRate.lean:184:26: Try this:
  [apply] ring_nf
  
  The `ring` tactic failed to close the goal. Use `ring_nf` to obtain a normal form.
    
  Note that `ring` works primarily in *commutative* rings. If you have a noncommutative ring, abelian group or module, consider using `noncomm_ring`, `abel` or `module` instead.
info: NumStability/Source/Higham/Chapter28/Section01/HilbertConditioning/ConditionLogRate.lean:192:26: Try this:
  [apply] ring_nf
  
  The `ring` tactic failed to close the goal. Use `ring_nf` to obtain a normal form.
    
  Note that `ring` works primarily in *commutative* rings. If you have a noncommutative ring, abelian group or module, consider using `noncomm_ring`, `abel` or `module` instead.
warning: NumStability/Source/Higham/Chapter28/Section01/HilbertConditioning/ConditionLogRate.lean:184:22: Used `tac1 <;> tac2` where `(tac1; tac2)` would suffice

Note: This linter can be disabled with `set_option linter.unnecessarySeqFocus false`
warning: NumStability/Source/Higham/Chapter28/Section01/HilbertConditioning/ConditionLogRate.lean:192:22: Used `tac1 <;> tac2` where `(tac1; tac2)` would suffice

Note: This linter can be disabled with `set_option linter.unnecessarySeqFocus false`
⚠ [5229/5529] Replayed NumStability.Source.Higham.Chapter28.Section02.RealGinibre.FiniteExpectation.GinibreCharacteristicProduct
warning: NumStability/Source/Higham/Chapter28/Section02/RealGinibre/FiniteExpectation/GinibreCharacteristicProduct.lean:96:4: try 'simp' instead of 'simpa'

Note: This linter can be disabled with `set_option linter.unnecessarySimpa false`
warning: NumStability/Source/Higham/Chapter28/Section02/RealGinibre/FiniteExpectation/GinibreCharacteristicProduct.lean:159:4: try 'simp' instead of 'simpa'

Note: This linter can be disabled with `set_option linter.unnecessarySimpa false`
warning: NumStability/Source/Higham/Chapter28/Section02/RealGinibre/FiniteExpectation/GinibreCharacteristicProduct.lean:276:6: try 'simp' instead of 'simpa'

Note: This linter can be disabled with `set_option linter.unnecessarySimpa false`
warning: NumStability/Source/Higham/Chapter28/Section02/RealGinibre/FiniteExpectation/GinibreCharacteristicProduct.lean:287:6: try 'simp' instead of 'simpa'

Note: This linter can be disabled with `set_option linter.unnecessarySimpa false`
warning: NumStability/Source/Higham/Chapter28/Section02/RealGinibre/FiniteExpectation/GinibreCharacteristicProduct.lean:317:67: This simp argument is unused:
  hij

Hint: Omit it from the simp argument list.
  simp [ginibreShiftedPermutationPairCoordinateFactor, hσ, hτ,̵ ̵h̵i̵j̵]

Note: This linter can be disabled with `set_option linter.unusedSimpArgs false`
warning: NumStability/Source/Higham/Chapter28/Section02/RealGinibre/FiniteExpectation/GinibreCharacteristicProduct.lean:339:38: Used `tac1 <;> tac2` where `(tac1; tac2)` would suffice

Note: This linter can be disabled with `set_option linter.unnecessarySeqFocus false`
warning: NumStability/Source/Higham/Chapter28/Section02/RealGinibre/FiniteExpectation/GinibreCharacteristicProduct.lean:363:6: try 'simp' instead of 'simpa'

Note: This linter can be disabled with `set_option linter.unnecessarySimpa false`
warning: NumStability/Source/Higham/Chapter28/Section02/RealGinibre/FiniteExpectation/GinibreCharacteristicProduct.lean:462:2: try 'simp' instead of 'simpa'

Note: This linter can be disabled with `set_option linter.unnecessarySimpa false`
warning: NumStability/Source/Higham/Chapter28/Section02/RealGinibre/FiniteExpectation/GinibreCharacteristicProduct.lean:720:38: This simp argument is unused:
  Matrix.diagonal_apply

Hint: Omit it from the simp argument list.
  simp [h,̵ ̵M̵a̵t̵r̵i̵x̵.̵d̵i̵a̵g̵o̵n̵a̵l̵_̵a̵p̵p̵l̵y̵]

Note: This linter can be disabled with `set_option linter.unusedSimpArgs false`
warning: NumStability/Source/Higham/Chapter28/Section02/RealGinibre/FiniteExpectation/GinibreCharacteristicProduct.lean:723:38: This simp argument is unused:
  Matrix.diagonal_apply

Hint: Omit it from the simp argument list.
  simp [h,̵ ̵M̵a̵t̵r̵i̵x̵.̵d̵i̵a̵g̵o̵n̵a̵l̵_̵a̵p̵p̵l̵y̵]

Note: This linter can be disabled with `set_option linter.unusedSimpArgs false`
warning: NumStability/Source/Higham/Chapter28/Section02/RealGinibre/FiniteExpectation/GinibreCharacteristicProduct.lean:750:6: try 'simp' instead of 'simpa'

Note: This linter can be disabled with `set_option linter.unnecessarySimpa false`
warning: NumStability/Source/Higham/Chapter28/Section02/RealGinibre/FiniteExpectation/GinibreCharacteristicProduct.lean:761:6: try 'simp' instead of 'simpa'

Note: This linter can be disabled with `set_option linter.unnecessarySimpa false`
warning: NumStability/Source/Higham/Chapter28/Section02/RealGinibre/FiniteExpectation/GinibreCharacteristicProduct.lean:798:74: This simp argument is unused:
  hij

Hint: Omit it from the simp argument list.
  simp [ginibreComplexShiftedPermutationPairCoordinateFactor, hσ, hτ,̵ ̵h̵i̵j̵]

Note: This linter can be disabled with `set_option linter.unusedSimpArgs false`
warning: NumStability/Source/Higham/Chapter28/Section02/RealGinibre/FiniteExpectation/GinibreCharacteristicProduct.lean:810:38: Used `tac1 <;> tac2` where `(tac1; tac2)` would suffice

Note: This linter can be disabled with `set_option linter.unnecessarySeqFocus false`
warning: NumStability/Source/Higham/Chapter28/Section02/RealGinibre/FiniteExpectation/GinibreCharacteristicProduct.lean:833:6: try 'simp' instead of 'simpa'

Note: This linter can be disabled with `set_option linter.unnecessarySimpa false`
⚠ [5296/5529] Replayed NumStability.Source.Higham.Chapter28.Section02.RealGinibre.SignedIncidence.GinibreSignedScalar
warning: NumStability/Source/Higham/Chapter28/Section02/RealGinibre/SignedIncidence/GinibreSignedScalar.lean:79:6: 'push_cast' tactic does nothing

Note: This linter can be disabled with `set_option linter.unusedTactic false`
warning: NumStability/Source/Higham/Chapter28/Section02/RealGinibre/SignedIncidence/GinibreSignedScalar.lean:79:20: 'try omega <;> ring' tactic does nothing

Note: This linter can be disabled with `set_option linter.unusedTactic false`
warning: NumStability/Source/Higham/Chapter28/Section02/RealGinibre/SignedIncidence/GinibreSignedScalar.lean:79:6: this tactic is never executed

Note: This linter can be disabled with `set_option linter.unreachableTactic false`
warning: NumStability/Source/Higham/Chapter28/Section02/RealGinibre/SignedIncidence/GinibreSignedScalar.lean:79:20: this tactic is never executed

Note: This linter can be disabled with `set_option linter.unreachableTactic false`
warning: NumStability/Source/Higham/Chapter28/Section02/RealGinibre/SignedIncidence/GinibreSignedScalar.lean:187:19: 'ring' tactic does nothing

Note: This linter can be disabled with `set_option linter.unusedTactic false`
warning: NumStability/Source/Higham/Chapter28/Section02/RealGinibre/SignedIncidence/GinibreSignedScalar.lean:187:19: this tactic is never executed

Note: This linter can be disabled with `set_option linter.unreachableTactic false`
warning: NumStability/Source/Higham/Chapter28/Section02/RealGinibre/SignedIncidence/GinibreSignedScalar.lean:182:74: Used `tac1 <;> tac2` where `(tac1; tac2)` would suffice

Note: This linter can be disabled with `set_option linter.unnecessarySeqFocus false`
warning: NumStability/Source/Higham/Chapter28/Section02/RealGinibre/SignedIncidence/GinibreSignedScalar.lean:183:15: Used `tac1 <;> tac2` where `(tac1; tac2)` would suffice

Note: This linter can be disabled with `set_option linter.unnecessarySeqFocus false`
warning: NumStability/Source/Higham/Chapter28/Section02/RealGinibre/SignedIncidence/GinibreSignedScalar.lean:186:49: Used `tac1 <;> tac2` where `(tac1; tac2)` would suffice

Note: This linter can be disabled with `set_option linter.unnecessarySeqFocus false`
warning: NumStability/Source/Higham/Chapter28/Section02/RealGinibre/SignedIncidence/GinibreSignedScalar.lean:188:41: Used `tac1 <;> tac2` where `(tac1; tac2)` would suffice

Note: This linter can be disabled with `set_option linter.unnecessarySeqFocus false`
warning: NumStability/Source/Higham/Chapter28/Section02/RealGinibre/SignedIncidence/GinibreSignedScalar.lean:189:13: Used `tac1 <;> tac2` where `(tac1; tac2)` would suffice

Note: This linter can be disabled with `set_option linter.unnecessarySeqFocus false`
⚠ [5297/5529] Replayed NumStability.Upstream.Lindemann.MonoidAlgebraCompat
warning: NumStability/Upstream/Lindemann/MonoidAlgebraCompat.lean:199:32: This simp argument is unused:
  mapRangeAlgEquiv_trans

Hint: Omit it from the simp argument list.
  simp ̵[̵m̵a̵p̵R̵a̵n̵g̵e̵A̵l̵g̵E̵q̵u̵i̵v̵_̵t̵r̵a̵n̵s̵]̵

Note: This linter can be disabled with `set_option linter.unusedSimpArgs false`
⚠ [5315/5529] Replayed NumStability.Source.Higham.Chapter28.Section02.RealGinibre.FiniteExpectation.ClosedFormAsymptotics
info: NumStability/Source/Higham/Chapter28/Section02/RealGinibre/FiniteExpectation/ClosedFormAsymptotics.lean:236:48: Try this:
  [apply] ring_nf
  
  The `ring` tactic failed to close the goal. Use `ring_nf` to obtain a normal form.
    
  Note that `ring` works primarily in *commutative* rings. If you have a noncommutative ring, abelian group or module, consider using `noncomm_ring`, `abel` or `module` instead.
info: NumStability/Source/Higham/Chapter28/Section02/RealGinibre/FiniteExpectation/ClosedFormAsymptotics.lean:236:48: Try this:
  [apply] ring_nf
  
  The `ring` tactic failed to close the goal. Use `ring_nf` to obtain a normal form.
    
  Note that `ring` works primarily in *commutative* rings. If you have a noncommutative ring, abelian group or module, consider using `noncomm_ring`, `abel` or `module` instead.
info: NumStability/Source/Higham/Chapter28/Section02/RealGinibre/FiniteExpectation/ClosedFormAsymptotics.lean:254:55: Try this:
  [apply] ring_nf
  
  The `ring` tactic failed to close the goal. Use `ring_nf` to obtain a normal form.
    
  Note that `ring` works primarily in *commutative* rings. If you have a noncommutative ring, abelian group or module, consider using `noncomm_ring`, `abel` or `module` instead.
warning: NumStability/Source/Higham/Chapter28/Section02/RealGinibre/FiniteExpectation/ClosedFormAsymptotics.lean:254:51: Used `tac1 <;> tac2` where `(tac1; tac2)` would suffice

Note: This linter can be disabled with `set_option linter.unnecessarySeqFocus false`
warning: NumStability/Source/Higham/Chapter28/Section02/RealGinibre/FiniteExpectation/ClosedFormAsymptotics.lean:401:55: Used `tac1 <;> tac2` where `(tac1; tac2)` would suffice

Note: This linter can be disabled with `set_option linter.unnecessarySeqFocus false`
warning: NumStability/Source/Higham/Chapter28/Section02/RealGinibre/FiniteExpectation/ClosedFormAsymptotics.lean:412:59: Used `tac1 <;> tac2` where `(tac1; tac2)` would suffice

Note: This linter can be disabled with `set_option linter.unnecessarySeqFocus false`
warning: NumStability/Source/Higham/Chapter28/Section02/RealGinibre/FiniteExpectation/ClosedFormAsymptotics.lean:629:4: try 'simp' instead of 'simpa'

Note: This linter can be disabled with `set_option linter.unnecessarySimpa false`
warning: NumStability/Source/Higham/Chapter28/Section02/RealGinibre/FiniteExpectation/ClosedFormAsymptotics.lean:657:4: try 'simp' instead of 'simpa'

Note: This linter can be disabled with `set_option linter.unnecessarySimpa false`
⚠ [5331/5529] Replayed NumStability.Source.Higham.Chapter28.Section02.RealGinibre.InvariantPlanes.GinibreDimensionTwo
warning: NumStability/Source/Higham/Chapter28/Section02/RealGinibre/InvariantPlanes/GinibreDimensionTwo.lean:73:2: try 'simp' instead of 'simpa'

Note: This linter can be disabled with `set_option linter.unnecessarySimpa false`
warning: NumStability/Source/Higham/Chapter28/Section02/RealGinibre/InvariantPlanes/GinibreDimensionTwo.lean:122:4: try 'simp' instead of 'simpa'

Note: This linter can be disabled with `set_option linter.unnecessarySimpa false`
info: NumStability/Source/Higham/Chapter28/Section02/RealGinibre/InvariantPlanes/GinibreDimensionTwo.lean:157:56: Try this:
  [apply] ring_nf
  
  The `ring` tactic failed to close the goal. Use `ring_nf` to obtain a normal form.
    
  Note that `ring` works primarily in *commutative* rings. If you have a noncommutative ring, abelian group or module, consider using `noncomm_ring`, `abel` or `module` instead.
warning: NumStability/Source/Higham/Chapter28/Section02/RealGinibre/InvariantPlanes/GinibreDimensionTwo.lean:152:4: 'congr 2' tactic does nothing

Note: This linter can be disabled with `set_option linter.unusedTactic false`
warning: NumStability/Source/Higham/Chapter28/Section02/RealGinibre/InvariantPlanes/GinibreDimensionTwo.lean:143:69: Used `tac1 <;> tac2` where `(tac1; tac2)` would suffice

Note: This linter can be disabled with `set_option linter.unnecessarySeqFocus false`
warning: NumStability/Source/Higham/Chapter28/Section02/RealGinibre/InvariantPlanes/GinibreDimensionTwo.lean:144:19: Used `tac1 <;> tac2` where `(tac1; tac2)` would suffice

Note: This linter can be disabled with `set_option linter.unnecessarySeqFocus false`
warning: NumStability/Source/Higham/Chapter28/Section02/RealGinibre/InvariantPlanes/GinibreDimensionTwo.lean:157:52: Used `tac1 <;> tac2` where `(tac1; tac2)` would suffice

Note: This linter can be disabled with `set_option linter.unnecessarySeqFocus false`
info: NumStability/Source/Higham/Chapter28/Section02/RealGinibre/InvariantPlanes/GinibreDimensionTwo.lean:426:4: Try this:
  [apply] ring_nf
  
  The `ring` tactic failed to close the goal. Use `ring_nf` to obtain a normal form.
    
  Note that `ring` works primarily in *commutative* rings. If you have a noncommutative ring, abelian group or module, consider using `noncomm_ring`, `abel` or `module` instead.
warning: NumStability/Source/Higham/Chapter28/Section02/RealGinibre/InvariantPlanes/GinibreDimensionTwo.lean:458:44: This simp argument is unused:
  Fin.removeNth_last

Hint: Omit it from the simp argument list.
  simp [e, gaussianConeProduct, gaussianVectorConeThree, MeasurableEquiv.piFinSuccAbove_apply,
  ̲  ̲ ̲ ̲ ̲ ̲F̵i̵n̵.̵r̵e̵m̵o̵v̵e̵N̵t̵h̵_̵l̵a̵s̵t̵,̵ ̵Fin.init]

Note: This linter can be disabled with `set_option linter.unusedSimpArgs false`
warning: NumStability/Source/Higham/Chapter28/Section02/RealGinibre/InvariantPlanes/GinibreDimensionTwo.lean:458:64: This simp argument is unused:
  Fin.init

Hint: Omit it from the simp argument list.
  simp [e, gaussianConeProduct, gaussianVectorConeThree,
  ̵  ̵ ̵ ̵ ̵ ̵MeasurableEquiv.piFinSuccAbove_apply,
  ̲  ̲ ̲ ̲ ̲ ̲Fin.removeNth_last,̵ ̵F̵i̵n̵.̵i̵n̵i̵t̵]

Note: This linter can be disabled with `set_option linter.unusedSimpArgs false`
warning: NumStability/Source/Higham/Chapter28/Section02/RealGinibre/InvariantPlanes/GinibreDimensionTwo.lean:502:27: This simp argument is unused:
  Matrix.one_apply

Hint: Omit it from the simp argument list.
  simp [ginibreTwoRotationMatrix, Matrix.mul_apply, F̵i̵n̵.̵s̵u̵m̵_̵u̵n̵i̵v̵_̵s̵u̵c̵c̵,̵ ̵M̵a̵t̵r̵i̵x̵.̵o̵n̵e̵_̵a̵p̵p̵l̵y̵]̵F̲i̲n̲.̲s̲u̲m̲_̲u̲n̲i̲v̲_̲s̲u̲c̲c̲]̲

Note: This linter can be disabled with `set_option linter.unusedSimpArgs false`
⚠ [5334/5529] Replayed NumStability.Source.Higham.Chapter28.Section02.RealGinibre.FiniteExpectation.GinibreAbsoluteDetRecurrence
warning: NumStability/Source/Higham/Chapter28/Section02/RealGinibre/FiniteExpectation/GinibreAbsoluteDetRecurrence.lean:227:27: This simp argument is unused:
  Matrix.one_apply

Hint: Omit it from the simp argument list.
  simp [ginibreAbsDetTwoRotationMatrix, Matrix.mul_apply, F̵i̵n̵.̵s̵u̵m̵_̵u̵n̵i̵v̵_̵s̵u̵c̵c̵,̵ ̵M̵a̵t̵r̵i̵x̵.̵o̵n̵e̵_̵a̵p̵p̵l̵y̵]̵F̲i̲n̲.̲s̲u̲m̲_̲u̲n̲i̲v̲_̲s̲u̲c̲c̲]̲

Note: This linter can be disabled with `set_option linter.unusedSimpArgs false`
warning: NumStability/Source/Higham/Chapter28/Section02/RealGinibre/FiniteExpectation/GinibreAbsoluteDetRecurrence.lean:296:30: This simp argument is unused:
  Matrix.one_apply

Hint: Omit it from the simp argument list.
  simp [Matrix.det_fin_two,̵ ̵M̵a̵t̵r̵i̵x̵.̵o̵n̵e̵_̵a̵p̵p̵l̵y̵]

Note: This linter can be disabled with `set_option linter.unusedSimpArgs false`
warning: NumStability/Source/Higham/Chapter28/Section02/RealGinibre/FiniteExpectation/GinibreAbsoluteDetRecurrence.lean:308:13: unused variable `ha`

Note: This linter can be disabled with `set_option linter.unusedVariables false`
warning: NumStability/Source/Higham/Chapter28/Section02/RealGinibre/FiniteExpectation/GinibreAbsoluteDetRecurrence.lean:322:10: Used `tac1 <;> tac2` where `(tac1; tac2)` would suffice

Note: This linter can be disabled with `set_option linter.unnecessarySeqFocus false`
info: NumStability/Source/Higham/Chapter28/Section02/RealGinibre/FiniteExpectation/GinibreAbsoluteDetRecurrence.lean:353:6: Try this:
  [apply] ring_nf
  
  The `ring` tactic failed to close the goal. Use `ring_nf` to obtain a normal form.
    
  Note that `ring` works primarily in *commutative* rings. If you have a noncommutative ring, abelian group or module, consider using `noncomm_ring`, `abel` or `module` instead.
warning: NumStability/Source/Higham/Chapter28/Section02/RealGinibre/FiniteExpectation/GinibreAbsoluteDetRecurrence.lean:335:60: Used `tac1 <;> tac2` where `(tac1; tac2)` would suffice

Note: This linter can be disabled with `set_option linter.unnecessarySeqFocus false`
warning: NumStability/Source/Higham/Chapter28/Section02/RealGinibre/FiniteExpectation/GinibreAbsoluteDetRecurrence.lean:336:19: Used `tac1 <;> tac2` where `(tac1; tac2)` would suffice

Note: This linter can be disabled with `set_option linter.unnecessarySeqFocus false`
warning: NumStability/Source/Higham/Chapter28/Section02/RealGinibre/FiniteExpectation/GinibreAbsoluteDetRecurrence.lean:354:14: Used `tac1 <;> tac2` where `(tac1; tac2)` would suffice

Note: This linter can be disabled with `set_option linter.unnecessarySeqFocus false`
info: NumStability/Source/Higham/Chapter28/Section02/RealGinibre/FiniteExpectation/GinibreAbsoluteDetRecurrence.lean:378:4: Try this:
  [apply] ring_nf
  
  The `ring` tactic failed to close the goal. Use `ring_nf` to obtain a normal form.
    
  Note that `ring` works primarily in *commutative* rings. If you have a noncommutative ring, abelian group or module, consider using `noncomm_ring`, `abel` or `module` instead.
warning: NumStability/Source/Higham/Chapter28/Section02/RealGinibre/FiniteExpectation/GinibreAbsoluteDetRecurrence.lean:377:4: 'congr 2' tactic does nothing

Note: This linter can be disabled with `set_option linter.unusedTactic false`
info: NumStability/Source/Higham/Chapter28/Section02/RealGinibre/FiniteExpectation/GinibreAbsoluteDetRecurrence.lean:424:4: Try this:
  [apply] ring_nf
  
  The `ring` tactic failed to close the goal. Use `ring_nf` to obtain a normal form.
    
  Note that `ring` works primarily in *commutative* rings. If you have a noncommutative ring, abelian group or module, consider using `noncomm_ring`, `abel` or `module` instead.
info: NumStability/Source/Higham/Chapter28/Section02/RealGinibre/FiniteExpectation/GinibreAbsoluteDetRecurrence.lean:455:10: Try this:
  [apply] ring_nf
  
  The `ring` tactic failed to close the goal. Use `ring_nf` to obtain a normal form.
    
  Note that `ring` works primarily in *commutative* rings. If you have a noncommutative ring, abelian group or module, consider using `noncomm_ring`, `abel` or `module` instead.
warning: NumStability/Source/Higham/Chapter28/Section02/RealGinibre/FiniteExpectation/GinibreAbsoluteDetRecurrence.lean:423:4: 'congr 2' tactic does nothing

Note: This linter can be disabled with `set_option linter.unusedTactic false`
warning: NumStability/Source/Higham/Chapter28/Section02/RealGinibre/FiniteExpectation/GinibreAbsoluteDetRecurrence.lean:454:10: 'congr 2' tactic does nothing

Note: This linter can be disabled with `set_option linter.unusedTactic false`
warning: NumStability/Source/Higham/Chapter28/Section02/RealGinibre/FiniteExpectation/GinibreAbsoluteDetRecurrence.lean:525:60: 'rfl' tactic does nothing

Note: This linter can be disabled with `set_option linter.unusedTactic false`
warning: NumStability/Source/Higham/Chapter28/Section02/RealGinibre/FiniteExpectation/GinibreAbsoluteDetRecurrence.lean:525:60: this tactic is never executed

Note: This linter can be disabled with `set_option linter.unreachableTactic false`
warning: NumStability/Source/Higham/Chapter28/Section02/RealGinibre/FiniteExpectation/GinibreAbsoluteDetRecurrence.lean:525:44: Used `tac1 <;> tac2` where `(tac1; tac2)` would suffice

Note: This linter can be disabled with `set_option linter.unnecessarySeqFocus false`
⚠ [5339/5529] Replayed NumStability.Source.Higham.Chapter28.Section02.RealGinibre.RootMeasurability.GinibreRoots
warning: NumStability/Source/Higham/Chapter28/Section02/RealGinibre/RootMeasurability/GinibreRoots.lean:247:6: Try `simp at hj` instead of `simpa using hj`

Note: This linter can be disabled with `set_option linter.unnecessarySimpa false`
warning: NumStability/Source/Higham/Chapter28/Section02/RealGinibre/RootMeasurability/GinibreRoots.lean:336:6: Try `simp at hj` instead of `simpa using hj`

Note: This linter can be disabled with `set_option linter.unnecessarySimpa false`
⚠ [5340/5529] Replayed NumStability.Source.Higham.Chapter28.Section02.RealGinibre.SignedIncidence.GinibreSignedConclusion
warning: NumStability/Source/Higham/Chapter28/Section02/RealGinibre/SignedIncidence/GinibreSignedConclusion.lean:78:22: Used `tac1 <;> tac2` where `(tac1; tac2)` would suffice

Note: This linter can be disabled with `set_option linter.unnecessarySeqFocus false`
⚠ [5344/5529] Replayed NumStability.Source.Higham.Chapter28.Section02.RealGinibre.Incidence.GinibreIncidence
warning: NumStability/Source/Higham/Chapter28/Section02/RealGinibre/Incidence/GinibreIncidence.lean:606:4: Try `simp at hlast` instead of `simpa using hlast`

Note: This linter can be disabled with `set_option linter.unnecessarySimpa false`
⚠ [5345/5529] Replayed NumStability.Source.Higham.Chapter28.Section02.RealGinibre.InvariantPlanes.GinibreAtlas
warning: NumStability/Source/Higham/Chapter28/Section02/RealGinibre/InvariantPlanes/GinibreAtlas.lean:255:2: Try `simp at hmem` instead of `simpa using hmem`

Note: This linter can be disabled with `set_option linter.unnecessarySimpa false`
⚠ [5346/5529] Replayed NumStability.Analysis.Polynomials.RealRootCounting
warning: NumStability/Analysis/Polynomials/RealRootCounting.lean:94:6: Try `simp at hxmem` instead of `simpa using hxmem`

Note: This linter can be disabled with `set_option linter.unnecessarySimpa false`
warning: NumStability/Analysis/Polynomials/RealRootCounting.lean:105:6: Try `simp at hzmem` instead of `simpa using hzmem`

Note: This linter can be disabled with `set_option linter.unnecessarySimpa false`
warning: NumStability/Analysis/Polynomials/RealRootCounting.lean:169:12: Try `simp at hrmem` instead of `simpa using hrmem`

Note: This linter can be disabled with `set_option linter.unnecessarySimpa false`
⚠ [5351/5529] Replayed NumStability.Source.Higham.Chapter28.Section02.RealGinibre.Incidence.ExpectedCountTransfer
warning: NumStability/Source/Higham/Chapter28/Section02/RealGinibre/Incidence/ExpectedCountTransfer.lean:210:6: try 'simp' instead of 'simpa'

Note: This linter can be disabled with `set_option linter.unnecessarySimpa false`
⚠ [5377/5529] Replayed NumStability.Analysis.TestMatrices.Orthogonal.OrthogonalFibers
warning: NumStability/Analysis/TestMatrices/Orthogonal/OrthogonalFibers.lean:149:10: This simp argument is unused:
  OrthogonalFixesFirstRow

Hint: Omit it from the simp argument list.
  simp [̵O̵r̵t̵h̵o̵g̵o̵n̵a̵l̵F̵i̵x̵e̵s̵F̵i̵r̵s̵t̵R̵o̵w̵,̵ ̵o̵r̵t̵h̵o̵g̵o̵n̵a̵l̵T̵a̵i̵l̵E̵m̵b̵e̵d̵d̵i̵n̵g̵]̵[̲o̲r̲t̲h̲o̲g̲o̲n̲a̲l̲T̲a̲i̲l̲E̲m̲b̲e̲d̲d̲i̲n̲g̲]̲

Note: This linter can be disabled with `set_option linter.unusedSimpArgs false`
warning: NumStability/Analysis/TestMatrices/Orthogonal/OrthogonalFibers.lean:153:10: This simp argument is unused:
  OrthogonalFixesFirstRow

Hint: Omit it from the simp argument list.
  simp [̵O̵r̵t̵h̵o̵g̵o̵n̵a̵l̵F̵i̵x̵e̵s̵F̵i̵r̵s̵t̵R̵o̵w̵,̵ ̵o̵r̵t̵h̵o̵g̵o̵n̵a̵l̵T̵a̵i̵l̵E̵m̵b̵e̵d̵d̵i̵n̵g̵,̵[̲o̲r̲t̲h̲o̲g̲o̲n̲a̲l̲T̲a̲i̲l̲E̲m̲b̲e̲d̲d̲i̲n̲g̲,̲ h]

Note: This linter can be disabled with `set_option linter.unusedSimpArgs false`
warning: NumStability/Analysis/TestMatrices/Orthogonal/OrthogonalFibers.lean:305:26: This simp argument is unused:
  sq_abs

Hint: Omit it from the simp argument list.
  simp [Real.norm_eq_abs, s̵q̵_̵a̵b̵s̵,̵ ̵pow_two]

Note: This linter can be disabled with `set_option linter.unusedSimpArgs false`
warning: NumStability/Analysis/TestMatrices/Orthogonal/OrthogonalFibers.lean:371:6: This simp argument is unused:
  Fin.sum_univ_succ

Hint: Omit it from the simp argument list.
  simp [stewartFirstSectionMatrix, stewartFirstSignMatrix, matMul, F̵i̵n̵.̵s̵u̵m̵_̵u̵n̵i̵v̵_̵s̵u̵c̵c̵,̵ ̵H, α, diagMatrix]

Note: This linter can be disabled with `set_option linter.unusedSimpArgs false`
warning: NumStability/Analysis/TestMatrices/Orthogonal/OrthogonalFibers.lean:388:4: try 'simp' instead of 'simpa'

Note: This linter can be disabled with `set_option linter.unnecessarySimpa false`
ℹ [5387/5529] Replayed NumStability.Source.Higham.Chapter28.Section04.Pascal.MomentMatrix
info: NumStability/Source/Higham/Chapter28/Section04/Pascal/MomentMatrix.lean:53:2: Try this:
  [apply] ring_nf
  
  The `ring` tactic failed to close the goal. Use `ring_nf` to obtain a normal form.
    
  Note that `ring` works primarily in *commutative* rings. If you have a noncommutative ring, abelian group or module, consider using `noncomm_ring`, `abel` or `module` instead.
⚠ [5388/5529] Replayed NumStability.Source.Higham.Chapter28.Section04.Pascal.SingularizingPerturbation
warning: NumStability/Source/Higham/Chapter28/Section04/Pascal/SingularizingPerturbation.lean:96:29: try 'simp' instead of 'simpa'

Note: This linter can be disabled with `set_option linter.unnecessarySimpa false`
⚠ [5420/5529] Replayed NumStability.Analysis.TestMatrices.Pascal.PascalTotalPositivity
warning: NumStability/Analysis/TestMatrices/Pascal/PascalTotalPositivity.lean:144:29: This simp argument is unused:
  Matrix.mulVec

Hint: Omit it from the simp argument list.
  simp [Matrix.toLin'_apply, M̵a̵t̵r̵i̵x̵.̵m̵u̵l̵V̵e̵c̵,̵ ̵dotProduct, Pi.basisFun_apply, Matrix.transpose_apply]

Note: This linter can be disabled with `set_option linter.unusedSimpArgs false`
warning: NumStability/Analysis/TestMatrices/Pascal/PascalTotalPositivity.lean:144:44: This simp argument is unused:
  dotProduct

Hint: Omit it from the simp argument list.
  simp [Matrix.toLin'_apply, Matrix.mulVec, d̵o̵t̵Pr̵o̵d̵u̵c̵t̵,̵
  ̵ ̵ ̵ ̵ ̵P̵i.basisFun_apply, Matrix.transpose_apply]

Note: This linter can be disabled with `set_option linter.unusedSimpArgs false`
warning: NumStability/Analysis/TestMatrices/Pascal/PascalTotalPositivity.lean:330:12: This simp argument is unused:
  Matrix.one_apply

Hint: Omit it from the simp argument list.
  simp [M̵a̵t̵r̵i̵x̵.̵o̵n̵e̵_̵a̵p̵p̵l̵y̵,̵ ̵Fin.ext_iff, hm, Nat.choose_zero_succ]

Note: This linter can be disabled with `set_option linter.unusedSimpArgs false`
warning: NumStability/Analysis/TestMatrices/Pascal/PascalTotalPositivity.lean:334:12: This simp argument is unused:
  Matrix.one_apply

Hint: Omit it from the simp argument list.
  simp [M̵a̵t̵r̵i̵x̵.̵o̵n̵e̵_̵a̵p̵p̵l̵y̵,̵ ̵hi, Nat.choose_self]

Note: This linter can be disabled with `set_option linter.unusedSimpArgs false`
warning: NumStability/Analysis/TestMatrices/Pascal/PascalTotalPositivity.lean:337:14: This simp argument is unused:
  Matrix.one_apply

Hint: Omit it from the simp argument list.
  simp [M̵a̵t̵r̵i̵x̵.̵o̵n̵e̵_̵a̵p̵p̵l̵y̵,̵ ̵hi, hij, hji, show ¬i.val ≤ j.val by omega]

Note: This linter can be disabled with `set_option linter.unusedSimpArgs false`
warning: NumStability/Analysis/TestMatrices/Pascal/PascalTotalPositivity.lean:337:41: This simp argument is unused:
  hji

Hint: Omit it from the simp argument list.
  simp [Matrix.one_apply, hi, hij, h̵j̵i̵,̵ ̵show ¬i.val ≤ j.val by omega]

Note: This linter can be disabled with `set_option linter.unusedSimpArgs false`
warning: NumStability/Analysis/TestMatrices/Pascal/PascalTotalPositivity.lean:340:14: This simp argument is unused:
  Matrix.one_apply

Hint: Omit it from the simp argument list.
  simp [M̵a̵t̵r̵i̵x̵.̵o̵n̵e̵_̵a̵p̵p̵l̵y̵,̵ ̵hi, hij, hijv.le, Nat.choose_eq_zero_of_lt hdiff]

Note: This linter can be disabled with `set_option linter.unusedSimpArgs false`
warning: NumStability/Analysis/TestMatrices/Pascal/PascalTotalPositivity.lean:351:51: This simp argument is unused:
  hnot

Hint: Omit it from the simp argument list.
  simp [pascalBidiagonalProductEntry, hiq, hiqs,̵ ̵h̵n̵o̵t̵]

Note: This linter can be disabled with `set_option linter.unusedSimpArgs false`
warning: NumStability/Analysis/TestMatrices/Pascal/PascalTotalPositivity.lean:369:10: This simp argument is unused:
  show q + 1 ≤ q + 1 by omega

Hint: Omit it from the simp argument list.
  simp only [show ¬q + 1 ≤ q by omega, if_false, show q + 1 - q = 1 by omega,
            show 1 ≤ t + 1 by omega, if_true, show t + 1 - 1 = t by omega,
            show 0 < q + 1 ∧ q + 1 ≤ q + 1 by omega, show q + 1 - 1 = q by omega, show q ≤ q by o̵m̵e̵g̵a̵,̵
  ̵ ̵ ̵ ̵ ̵ ̵ ̵ ̵ ̵ ̵ ̵s̵h̵o̵w̵ ̵q̵ ̵+̵ ̵1̵ ̵≤̵ ̵q̵ ̵+̵ ̵1̵ ̵b̵y̵ ̵omega]

Note: This linter can be disabled with `set_option linter.unusedSimpArgs false`
warning: NumStability/Analysis/TestMatrices/Pascal/PascalTotalPositivity.lean:386:10: This simp argument is unused:
  show ¬i - (q + 1) ≤ j by omega

Hint: Omit it from the simp argument list.
  simp [pascalBidiagonalProductEntry, hiq, hupdate, show ¬i - 1 ≤ q by omega,
  ̲  ̲ ̲ ̲ ̲ ̲ ̲ ̲ ̲ ̲show ¬i ≤ q + 1 by omega, hiqsub, himqsub, hnotd, hnotds,
            show i - (q + 1) = d by simp [̵d̵]̵,̵
  ̵ ̵ ̵ ̵ ̵ ̵ ̵ ̵ ̵ ̵ ̵s̵h̵o̵w̵ ̵¬̵i̵ ̵-̵ ̵(̵q̵ ̵+̵ ̵1̵)̵ ̵≤̵ ̵j̵ ̵b̵y̵ ̵o̵m̵e̵g̵a̵]̵[̲d̲]̲]̲

Note: This linter can be disabled with `set_option linter.unusedSimpArgs false`
warning: NumStability/Analysis/TestMatrices/Pascal/PascalTotalPositivity.lean:390:44: This simp argument is unused:
  hiq

Hint: Omit it from the simp argument list.
  simp [pascalBidiagonalProductEntry, hi̵q̵,̵ ̵h̵update,
  ̵  ̵ ̵ ̵ ̵ ̵ ̵ ̵ ̵ ̵show ¬i - 1 ≤ q by omega,
  ̲  ̲ ̲ ̲ ̲ ̲ ̲ ̲ ̲ ̲show ¬i ≤ q + 1 by omega,
  ̵  ̵ ̵ ̵ ̵ ̵ ̵ ̵ ̵ ̵hiqsub, himqsub, hnotds, hidecomp,
            show i - (q + 1) = d by simp [d]]

Note: This linter can be disabled with `set_option linter.unusedSimpArgs false`
warning: NumStability/Analysis/TestMatrices/Pascal/PascalTotalPositivity.lean:390:49: This simp argument is unused:
  hupdate

Hint: Omit it from the simp argument list.
  simp [pascalBidiagonalProductEntry, hiq, h̵u̵p̵d̵a̵t̵e̵,̵
  ̵ ̵ ̵ ̵ ̵ ̵ ̵ ̵ ̵ ̵ ̵show ¬i - 1 ≤ q by omega, show ¬i ≤ q + 1 by omega,
            hiqsub, himqsub, hnotds, hidecomp,
  ̵  ̵ ̵ ̵ ̵ ̵ ̵ ̵ ̵ ̵show i - (q + 1) = d by simp [d]]

Note: This linter can be disabled with `set_option linter.unusedSimpArgs false`
warning: NumStability/Analysis/TestMatrices/Pascal/PascalTotalPositivity.lean:391:10: This simp argument is unused:
  show ¬i - 1 ≤ q by omega

Hint: Omit it from the simp argument list.
  simp [pascalBidiagonalProductEntry, hiq, hupdate, show ¬i -̵ ̵1̵ ̵≤ q b̵y̵ ̵o̵m̵e̵g̵a̵,̵ ̵s̵h̵o̵w̵ ̵¬̵i̵ ̵≤̵ ̵q̵ ̵+ 1 by omega, hiqsub, himqsub,
  ̲  ̲ ̲ ̲ ̲ ̲ ̲ ̲ ̲ ̲hnotds, hidecomp, show i - (q + 1) = d by simp [d]]

Note: This linter can be disabled with `set_option linter.unusedSimpArgs false`
warning: NumStability/Analysis/TestMatrices/Pascal/PascalTotalPositivity.lean:391:36: This simp argument is unused:
  show ¬i ≤ q + 1 by omega

Hint: Omit it from the simp argument list.
  simp [pascalBidiagonalProductEntry, hiq, hupdate, show ¬i - 1 ≤ q by omega, s̵h̵o̵w̵ ̵¬̵i̵ ̵≤̵ ̵q̵ ̵+̵ ̵1̵ ̵b̵y̵ ̵o̵m̵e̵g̵a̵,̵hiqsub, himqsub,
  ̲  ̲ ̲ ̲ ̲ ̲ ̲ ̲ ̲ ̲hnotds, hidecomp, show i - (q + 1) = d by simp [d]]

Note: This linter can be disabled with `set_option linter.unusedSimpArgs false`
warning: NumStability/Analysis/TestMatrices/Pascal/PascalTotalPositivity.lean:392:10: This simp argument is unused:
  hiqsub

Hint: Omit it from the simp argument list.
  simp [pascalBidiagonalProductEntry, hiq, hupdate, show ¬i - 1 ≤ q by omega,
  ̲  ̲ ̲ ̲ ̲ ̲ ̲ ̲ ̲ ̲show ¬i ≤ q + 1 by omega, h̵i̵q̵s̵u̵b̵,̵ ̵himqsub, hnotds, hidecomp, show i - (q + 1) = d by simp [d]]

Note: This linter can be disabled with `set_option linter.unusedSimpArgs false`
warning: NumStability/Analysis/TestMatrices/Pascal/PascalTotalPositivity.lean:392:18: This simp argument is unused:
  himqsub

Hint: Omit it from the simp argument list.
  simp [pascalBidiagonalProductEntry, hiq, hupdate, show ¬i - 1 ≤ q by omega,
  ̲  ̲ ̲ ̲ ̲ ̲ ̲ ̲ ̲ ̲show ¬i ≤ q + 1 by omega, hiqsub, h̵i̵m̵q̵s̵u̵b̵,̵ ̵hnotds, hidecomp, show i - (q + 1) = d by simp [d]]

Note: This linter can be disabled with `set_option linter.unusedSimpArgs false`
warning: NumStability/Analysis/TestMatrices/Pascal/PascalTotalPositivity.lean:392:27: This simp argument is unused:
  hnotds

Hint: Omit it from the simp argument list.
  simp [pascalBidiagonalProductEntry, hiq, hupdate, show ¬i - 1 ≤ q by omega,
  ̲  ̲ ̲ ̲ ̲ ̲ ̲ ̲ ̲ ̲show ¬i ≤ q + 1 by omega, hiqsub, himqsub, h̵n̵o̵t̵d̵s̵,̵ ̵hidecomp, show i - (q + 1) = d by simp [d]]

Note: This linter can be disabled with `set_option linter.unusedSimpArgs false`
warning: NumStability/Analysis/TestMatrices/Pascal/PascalTotalPositivity.lean:393:10: This simp argument is unused:
  show i - (q + 1) = d by simp [d]

Hint: Omit it from the simp argument list.
  simp [pascalBidiagonalProductEntry, hiq, hupdate, show ¬i - 1 ≤ q by omega,
  ̲  ̲ ̲ ̲ ̲ ̲ ̲ ̲ ̲ ̲show ¬i ≤ q + 1 by omega, hiqsub, himqsub, hnotds, h̵i̵d̵e̵c̵o̵m̵p̵,̵
  ̵ ̵ ̵ ̵ ̵ ̵ ̵ ̵ ̵ ̵ ̵s̵h̵o̵w̵ ̵i̵ ̵-̵ ̵(̵q̵ ̵+̵ ̵1̵)̵ ̵=̵ ̵d̵ ̵b̵y̵ ̵s̵i̵m̵p̵ ̵[̵d̵]̵]̵h̲i̲d̲e̲c̲o̲m̲p̲]̲

Note: This linter can be disabled with `set_option linter.unusedSimpArgs false`
warning: NumStability/Analysis/TestMatrices/Pascal/PascalTotalPositivity.lean:408:10: This simp argument is unused:
  show d ≤ d + (t + 1) by omega

Hint: Omit it from the simp argument list.
  simp only [pascalBidiagonalProductEntry, show ¬i ≤ q by omega, if_false, hiqsub, hdsle,
  ̲  ̲ ̲ ̲ ̲ ̲ ̲ ̲ ̲ ̲if_true, show d + (t + 1) - (d + 1) = t by omega, hupdate, show ¬i - 1 ≤ q by omega,
  ̲  ̲ ̲ ̲ ̲ ̲ ̲ ̲ ̲ ̲himqsub, hdle, show d + (t + 1) - d = t + 1 by omega, show ¬i ≤ q + 1 by omega,
            show i - (q + 1) = d by simp [̵d̵]̵,̵
  ̵ ̵ ̵ ̵ ̵ ̵ ̵ ̵ ̵ ̵ ̵s̵h̵o̵w̵ ̵d̵ ̵≤̵ ̵d̵ ̵+̵ ̵(̵t̵ ̵+̵ ̵1̵)̵ ̵b̵y̵ ̵o̵m̵e̵g̵a̵]̵[̲d̲]̲]̲

Note: This linter can be disabled with `set_option linter.unusedSimpArgs false`
warning: NumStability/Analysis/TestMatrices/Pascal/PascalTotalPositivity.lean:446:14: This simp argument is unused:
  Matrix.one_apply

Hint: Omit it from the simp argument list.
  simp [M̵a̵t̵r̵i̵x̵.̵o̵n̵e̵_̵a̵p̵p̵l̵y̵,̵ ̵hne] at h

Note: This linter can be disabled with `set_option linter.unusedSimpArgs false`
⚠ [5423/5529] Replayed NumStability.Source.Higham.Chapter28.Section04.Pascal.TotalPositivity
warning: NumStability/Source/Higham/Chapter28/Section04/Pascal/TotalPositivity.lean:25:4: 'congr' tactic does nothing

Note: This linter can be disabled with `set_option linter.unusedTactic false`
⚠ [5424/5529] Replayed NumStability.Source.Higham.Chapter28.Section04.Pascal.OscillationEigenbasis
warning: NumStability/Source/Higham/Chapter28/Section04/Pascal/OscillationEigenbasis.lean:28:4: try 'simp' instead of 'simpa'

Note: This linter can be disabled with `set_option linter.unnecessarySimpa false`
⚠ [5425/5529] Replayed NumStability.Analysis.TestMatrices.Pascal.PascalOscillationCore
warning: NumStability/Analysis/TestMatrices/Pascal/PascalOscillationCore.lean:169:8: This simp argument is unused:
  Complex.ofReal_sum

Hint: Omit it from the simp argument list.
  simp only [complexMatrixVecMul, realRectToCMatrix, B, z, C̵o̵m̵p̵l̵e̵x̵.̵o̵f̵R̵e̵a̵l̵_̵s̵u̵m̵,̵ ̵Complex.ofReal_mul]

Note: This linter can be disabled with `set_option linter.unusedSimpArgs false`
warning: NumStability/Analysis/TestMatrices/Pascal/PascalOscillationCore.lean:169:28: This simp argument is unused:
  Complex.ofReal_mul

Hint: Omit it from the simp argument list.
  simp only [complexMatrixVecMul, realRectToCMatrix, B, z, C̵o̵m̵p̵l̵e̵x̵.̵o̵f̵R̵e̵a̵l̵_̵s̵u̵m̵,̵ ̵C̵o̵m̵p̵l̵e̵x̵.̵o̵f̵R̵e̵a̵l̵_̵m̵u̵l̵]̵C̲o̲m̲p̲l̲e̲x̲.̲o̲f̲R̲e̲a̲l̲_̲s̲u̲m̲]̲

Note: This linter can be disabled with `set_option linter.unusedSimpArgs false`
warning: NumStability/Analysis/TestMatrices/Pascal/PascalOscillationCore.lean:244:33: This simp argument is unused:
  Fin.val_mk

Hint: Omit it from the simp argument list.
  simp only [Fin.mk_lt_mk,̵ ̵F̵i̵n̵.̵v̵a̵l̵_̵m̵k̵]

Note: This linter can be disabled with `set_option linter.unusedSimpArgs false`
warning: NumStability/Analysis/TestMatrices/Pascal/PascalOscillationCore.lean:445:50: This simp argument is unused:
  h0

Hint: Omit it from the simp argument list.
  simp [h0̵,̵ ̵h̵1]

Note: This linter can be disabled with `set_option linter.unusedSimpArgs false`
warning: NumStability/Analysis/TestMatrices/Pascal/PascalOscillationCore.lean:445:54: This simp argument is unused:
  h1

Hint: Omit it from the simp argument list.
  simp [h0,̵ ̵h̵1̵]

Note: This linter can be disabled with `set_option linter.unusedSimpArgs false`
warning: NumStability/Analysis/TestMatrices/Pascal/PascalOscillationCore.lean:465:14: This simp argument is unused:
  h0

Hint: Omit it from the simp argument list.
  simp [h0̵,̵ ̵h̵1] at htail ⊢

Note: This linter can be disabled with `set_option linter.unusedSimpArgs false`
warning: NumStability/Analysis/TestMatrices/Pascal/PascalOscillationCore.lean:465:18: This simp argument is unused:
  h1

Hint: Omit it from the simp argument list.
  simp [h0,̵ ̵h̵1̵] at htail ⊢

Note: This linter can be disabled with `set_option linter.unusedSimpArgs false`
warning: NumStability/Analysis/TestMatrices/Pascal/PascalOscillationCore.lean:609:39: This simp argument is unused:
  hsi

Hint: Omit it from the simp argument list.
  simp [pascalOscillationBoolToSign, hs̵i̵,̵ ̵h̵xi]

Note: This linter can be disabled with `set_option linter.unusedSimpArgs false`
warning: NumStability/Analysis/TestMatrices/Pascal/PascalOscillationCore.lean:615:39: This simp argument is unused:
  hsi

Hint: Omit it from the simp argument list.
  simp [pascalOscillationBoolToSign, hs̵i̵,̵ ̵h̵xi]

Note: This linter can be disabled with `set_option linter.unusedSimpArgs false`
⚠ [5426/5529] Replayed NumStability.Source.Higham.Chapter28.Section04.Pascal.OscillationSpectrum
warning: NumStability/Source/Higham/Chapter28/Section04/Pascal/OscillationSpectrum.lean:166:55: Used `tac1 <;> tac2` where `(tac1; tac2)` would suffice

Note: This linter can be disabled with `set_option linter.unnecessarySeqFocus false`
⚠ [5427/5529] Replayed NumStability.Analysis.TestMatrices.Pascal.PascalDualFlag
warning: NumStability/Analysis/TestMatrices/Pascal/PascalDualFlag.lean:181:41: unused variable `hf`

Note: This linter can be disabled with `set_option linter.unusedVariables false`
warning: NumStability/Analysis/TestMatrices/Pascal/PascalDualFlag.lean:397:4: Try `simp at hg` instead of `simpa using hg`

Note: This linter can be disabled with `set_option linter.unnecessarySimpa false`
warning: NumStability/Analysis/TestMatrices/Pascal/PascalDualFlag.lean:560:15: This simp argument is unused:
  Fin.val_zero

Hint: Omit it from the simp argument list.
  simp only [̵F̵i̵n̵.̵v̵a̵l̵_̵z̵e̵r̵o̵,̵ ̵z̵e̵r̵o̵_̵a̵d̵d̵,̵[̲z̲e̲r̲o̲_̲a̲d̲d̲,̲ Fin.zero_succAbove]

Note: This linter can be disabled with `set_option linter.unusedSimpArgs false`
warning: NumStability/Analysis/TestMatrices/Pascal/PascalDualFlag.lean:560:39: This simp argument is unused:
  Fin.zero_succAbove

Hint: Omit it from the simp argument list.
  simp only [Fin.val_zero, zero_add,̵ ̵F̵i̵n̵.̵z̵e̵r̵o̵_̵s̵u̵c̵c̵A̵b̵o̵v̵e̵]

Note: This linter can be disabled with `set_option linter.unusedSimpArgs false`
⚠ [5429/5529] Replayed NumStability.Source.Higham.Chapter28.Section04.ReciprocalSpectrumSPD.ReciprocalSPD
warning: NumStability/Source/Higham/Chapter28/Section04/ReciprocalSpectrumSPD/ReciprocalSPD.lean:286:6: This simp argument is unused:
  Matrix.one_apply

Hint: Omit it from the simp argument list.
  simp [higham28ColumnScalingCounterZ, higham28ColumnScalingCounterZInv, Matrix.mul_apply,
  ̲  ̲ ̲ ̲ ̲ ̲F̵i̵n̵.̵s̵u̵m̵_̵u̵n̵i̵v̵_̵t̵w̵o̵,̵
  ̵ ̵ ̵ ̵ ̵ ̵ ̵M̵a̵t̵r̵i̵x̵.̵o̵n̵e̵_̵a̵p̵p̵l̵y̵]̵F̲i̲n̲.̲s̲u̲m̲_̲u̲n̲i̲v̲_̲t̲w̲o̲]̲

Note: This linter can be disabled with `set_option linter.unusedSimpArgs false`
warning: NumStability/Source/Higham/Chapter28/Section04/ReciprocalSpectrumSPD/ReciprocalSPD.lean:298:42: Used `tac1 <;> tac2` where `(tac1; tac2)` would suffice

Note: This linter can be disabled with `set_option linter.unnecessarySeqFocus false`
⚠ [5430/5529] Replayed NumStability.Source.Higham.Chapter28.Section04.ReciprocalSpectrumSPD.TriangularInvolution
warning: NumStability/Source/Higham/Chapter28/Section04/ReciprocalSpectrumSPD/TriangularInvolution.lean:83:4: 'change (Z i i * d i) * Z⁻¹ i i = d i' tactic does nothing

Note: This linter can be disabled with `set_option linter.unusedTactic false`
⚠ [5451/5529] Replayed NumStability.Source.Higham.Chapter28.Section06.Companion.CharacteristicPolynomial
warning: NumStability/Source/Higham/Chapter28/Section06/Companion/CharacteristicPolynomial.lean:79:14: Used `tac1 <;> tac2` where `(tac1; tac2)` would suffice

Note: This linter can be disabled with `set_option linter.unnecessarySeqFocus false`
warning: NumStability/Source/Higham/Chapter28/Section06/Companion/CharacteristicPolynomial.lean:205:6: try 'simp' instead of 'simpa'

Note: This linter can be disabled with `set_option linter.unnecessarySimpa false`
⚠ [5455/5529] Replayed NumStability.Source.Higham.Chapter28.Section06.Companion.SingularValues
warning: NumStability/Source/Higham/Chapter28/Section06/Companion/SingularValues.lean:100:4: try 'simp' instead of 'simpa'

Note: This linter can be disabled with `set_option linter.unnecessarySimpa false`
warning: NumStability/Source/Higham/Chapter28/Section06/Companion/SingularValues.lean:325:12: This simp argument is unused:
  hij

Hint: Omit it from the simp argument list.
  simp [h̵i̵j̵,̵ ̵companionLastBasis, Pi.single_apply,
  ̵  ̵ ̵ ̵ ̵ ̵ ̵ ̵companionReverseCoefficients, hilast, hjlast,
  ̲  ̲ ̲ ̲ ̲ ̲ ̲ ̲hjlast']

Note: This linter can be disabled with `set_option linter.unusedSimpArgs false`
warning: NumStability/Source/Higham/Chapter28/Section06/Companion/SingularValues.lean:325:37: This simp argument is unused:
  Pi.single_apply

Hint: Omit it from the simp argument list.
  simp [hij, companionLastBasis, P̵i̵.̵s̵i̵n̵g̵l̵e̵_̵a̵p̵p̵l̵y̵,̵
  ̵ ̵ ̵ ̵ ̵ ̵ ̵ ̵ ̵companionReverseCoefficients, hilast, hjlast, hjlast']

Note: This linter can be disabled with `set_option linter.unusedSimpArgs false`
warning: NumStability/Source/Higham/Chapter28/Section06/Companion/SingularValues.lean:328:14: This simp argument is unused:
  hij

Hint: Omit it from the simp argument list.
  simp [h̵i̵j̵,̵ ̵companionLastBasis, Pi.single_apply,
  ̵  ̵ ̵ ̵ ̵ ̵ ̵ ̵ ̵ ̵companionReverseCoefficients, hilast, hjlast]

Note: This linter can be disabled with `set_option linter.unusedSimpArgs false`
warning: NumStability/Source/Higham/Chapter28/Section06/Companion/SingularValues.lean:330:39: This simp argument is unused:
  Pi.single_apply

Hint: Omit it from the simp argument list.
  simp [hij, companionLastBasis, P̵i̵.̵s̵i̵n̵g̵l̵e̵_̵a̵p̵p̵l̵y̵,̵
  ̵ ̵ ̵ ̵ ̵ ̵ ̵ ̵ ̵ ̵ ̵companionReverseCoefficients, hilast, hjlast]

Note: This linter can be disabled with `set_option linter.unusedSimpArgs false`
⚠ [5500/5529] Replayed NumStability.Analysis.LeadingDigits.DecimalPowers
warning: NumStability/Analysis/LeadingDigits/DecimalPowers.lean:147:2: try 'simp' instead of 'simpa'

Note: This linter can be disabled with `set_option linter.unnecessarySimpa false`
⚠ [5848/6031] Replayed NumStability.Upstream.Lindemann.Basic
warning: NumStability/Upstream/Lindemann/Basic.lean:118:16: This simp argument is unused:
  IsScalarTower.algebraMap_apply ℤ K ℂ

Hint: Omit it from the simp argument list.
  simp ̵[̵I̵s̵S̵c̵a̵l̵a̵r̵T̵o̵w̵e̵r̵.̵a̵l̵g̵e̵b̵r̵a̵M̵a̵p̵_̵a̵p̵p̵l̵y̵ ̵ℤ̵ ̵K̵ ̵ℂ̵]̵

Note: This linter can be disabled with `set_option linter.unusedSimpArgs false`
warning: NumStability/Upstream/Lindemann/Basic.lean:183:14: This simp argument is unused:
  zsmul_eq_mul

Hint: Omit it from the simp argument list.
  simp [z̵s̵m̵u̵l̵_̵e̵q̵_̵m̵u̵l̵,̵ ̵nsmul_eq_mul, mul_assoc]

Note: This linter can be disabled with `set_option linter.unusedSimpArgs false`
warning: NumStability/Upstream/Lindemann/Basic.lean:183:28: This simp argument is unused:
  nsmul_eq_mul

Hint: Omit it from the simp argument list.
  simp [zsmul_eq_mul, n̵s̵m̵u̵l̵_̵e̵q̵_̵m̵u̵l̵,̵ ̵mul_assoc]

Note: This linter can be disabled with `set_option linter.unusedSimpArgs false`
warning: NumStability/Upstream/Lindemann/Basic.lean:199:48: This simp argument is unused:
  map_intCast

Hint: Omit it from the simp argument list.
  simp only [map_add, map_nsmul, map_zsmul, m̵a̵p̵_̵i̵n̵t̵C̵a̵s̵t̵,̵ ̵map_sum, map_multiset_sum, Multiset.map_map,
  ̲  ̲ ̲ ̲ ̲ ̲ ̲ ̲Function.comp, aeval_algebraMap_apply ℂ, algMapKC_intCast]

Note: This linter can be disabled with `set_option linter.unusedSimpArgs false`
warning: NumStability/Upstream/Lindemann/Basic.lean:103:25: Used `tac1 <;> tac2` where `(tac1; tac2)` would suffice

Note: This linter can be disabled with `set_option linter.unnecessarySeqFocus false`
warning: NumStability/Upstream/Lindemann/Basic.lean:103:33: Used `tac1 <;> tac2` where `(tac1; tac2)` would suffice

Note: This linter can be disabled with `set_option linter.unnecessarySeqFocus false`
⚠ [5855/6031] Replayed NumStability.Source.Higham.Chapter06.Theorem04
warning: NumStability/Source/Higham/Chapter06/Theorem04.lean:399:10: try 'simp' instead of 'simpa'

Note: This linter can be disabled with `set_option linter.unnecessarySimpa false`
⚠ [5877/6031] Replayed NumStability.Source.Higham.Chapter07.Equation17.KahanConditioningExample
warning: NumStability/Source/Higham/Chapter07/Equation17/KahanConditioningExample.lean:108:26: Used `tac1 <;> tac2` where `(tac1; tac2)` would suffice

Note: This linter can be disabled with `set_option linter.unnecessarySeqFocus false`
warning: NumStability/Source/Higham/Chapter07/Equation17/KahanConditioningExample.lean:232:51: Used `tac1 <;> tac2` where `(tac1; tac2)` would suffice

Note: This linter can be disabled with `set_option linter.unnecessarySeqFocus false`
⚠ [5910/6031] Replayed NumStability.Source.Higham.Chapter02.Section07.PowerLeadingDigits
warning: NumStability/Source/Higham/Chapter02/Section07/PowerLeadingDigits.lean:42:60: Used `tac1 <;> tac2` where `(tac1; tac2)` would suffice

Note: This linter can be disabled with `set_option linter.unnecessarySeqFocus false`
⚠ [5976/6031] Replayed NumStability.Source.Higham.Chapter18.Section01.MatrixPowerBounds.Equations04And05.Equation05Primary
warning: NumStability/Source/Higham/Chapter18/Section01/MatrixPowerBounds/Equations04And05/Equation05Primary.lean:112:30: unused variable `hq2`

Note: This linter can be disabled with `set_option linter.unusedVariables false`
warning: NumStability/Source/Higham/Chapter18/Section01/MatrixPowerBounds/Equations04And05/Equation05Primary.lean:286:30: unused variable `hp2`

Note: This linter can be disabled with `set_option linter.unusedVariables false`
⚠ [6015/6031] Replayed NumStability.Source.Higham.Chapter21.Theorem03.Attainment
warning: NumStability/Source/Higham/Chapter21/Theorem03/Attainment.lean:439:38: This simp argument is unused:
  Fin.sum_univ_succ

Hint: Omit it from the simp argument list.
  simp [frobNormSqRect, vecNorm2Sq,̵ ̵F̵i̵n̵.̵s̵u̵m̵_̵u̵n̵i̵v̵_̵s̵u̵c̵c̵]

Note: This linter can be disabled with `set_option linter.unusedSimpArgs false`
warning: NumStability/Source/Higham/Chapter21/Theorem03/Attainment.lean:453:52: Used `tac1 <;> tac2` where `(tac1; tac2)` would suffice

Note: This linter can be disabled with `set_option linter.unnecessarySeqFocus false`
Build completed successfully (6031 jobs).
