module,source_path,layer,domain,chapter,physical_lines,code_bearing_lines,environment_declarations,public_declarations,confirmed_source_written_public_declarations,declarations_per_100_code_lines,direct_compiled_project_import_count,direct_logical_dependency_module_count,direct_logical_consumer_module_count,imports_without_direct_logical_dependency_count,public_declarations_used_outside_module,internal_edge_count,external_api_declarations,internal_coupling_to_external_api_ratio
NumStability,NumStability.lean,Root,Other,Unassigned,9,1,0,0,0,0.0,1,0,0,1,0,0,0,
NumStability.Algorithms,NumStability/Algorithms.lean,Algorithms,Other,Unassigned,177,171,0,0,0,0.0,171,0,0,171,0,0,0,
NumStability.Algorithms.AitkenDenominator,NumStability/Algorithms/AitkenDenominator.lean,Algorithms,Nonlinear,Unassigned,311,229,31,30,21,13.537118,1,2,0,0,0,59,0,
NumStability.Algorithms.Arithmetic.DotProduct.NoGuard,NumStability/Algorithms/Arithmetic/DotProduct/NoGuard.lean,Algorithms,DotProduct,Unassigned,9,2,0,0,0,0.0,2,0,0,2,0,0,0,
NumStability.Algorithms.Arithmetic.DotProduct.NoGuard.Core,NumStability/Algorithms/Arithmetic/DotProduct/NoGuard/Core.lean,Algorithms,DotProduct,Unassigned,291,253,14,11,9,5.533597,2,6,2,1,7,20,7,2.857143
NumStability.Algorithms.Arithmetic.DotProduct.NoGuard.Tree,NumStability/Algorithms/Arithmetic/DotProduct/NoGuard/Tree.lean,Algorithms,DotProduct,Unassigned,221,193,13,8,4,6.735751,2,7,1,0,2,20,2,10.0
NumStability.Algorithms.BlockDotProduct,NumStability/Algorithms/BlockDotProduct.lean,Algorithms,DotProduct,Unassigned,229,184,11,8,7,5.978261,1,4,0,0,0,14,0,
NumStability.Algorithms.Cholesky.CholeskyDemmel,NumStability/Algorithms/Cholesky/CholeskyDemmel.lean,Algorithms,Cholesky,Unassigned,66,33,1,1,1,3.030303,4,4,1,2,1,0,1,0.0
NumStability.Algorithms.Cholesky.CholeskyFl,NumStability/Algorithms/Cholesky/CholeskyFl.lean,Algorithms,Cholesky,Unassigned,1375,1192,87,16,16,7.298658,6,6,10,2,9,79,9,8.777778
NumStability.Algorithms.Cholesky.CholeskyNonsym,NumStability/Algorithms/Cholesky/CholeskyNonsym.lean,Algorithms,Cholesky,Unassigned,150,118,9,3,3,7.627119,5,1,3,4,3,11,3,3.666667
NumStability.Algorithms.Cholesky.CholeskySpec,NumStability/Algorithms/Cholesky/CholeskySpec.lean,Algorithms,Cholesky,Unassigned,291,209,12,3,3,5.741627,5,2,7,3,3,11,3,3.666667
NumStability.Algorithms.ComplexBackwardError,NumStability/Algorithms/ComplexBackwardError.lean,Algorithms,Other,Unassigned,126,78,7,7,7,8.974359,0,0,0,0,0,5,0,
NumStability.Algorithms.CondEstimation,NumStability/Algorithms/CondEstimation.lean,Algorithms,Other,Unassigned,124,85,19,10,2,22.352941,5,5,4,1,3,5,3,1.666667
NumStability.Algorithms.ContinuedFraction,NumStability/Algorithms/ContinuedFraction.lean,Algorithms,Other,Unassigned,143,101,12,5,4,11.881188,0,0,0,0,0,6,0,
NumStability.Algorithms.DotProduct,NumStability/Algorithms/DotProduct.lean,Algorithms,DotProduct,Unassigned,791,608,62,44,26,10.197368,7,7,42,0,7,128,7,18.285714
NumStability.Algorithms.ExtendedPrecisionDotProduct,NumStability/Algorithms/ExtendedPrecisionDotProduct.lean,Algorithms,DotProduct,Unassigned,267,202,21,17,12,10.39604,1,4,0,0,0,35,0,
NumStability.Algorithms.FastMatMul,NumStability/Algorithms/FastMatMul.lean,Algorithms,MatrixMultiplication,Unassigned,13,3,0,0,0,0.0,3,0,0,3,0,0,0,
NumStability.Algorithms.FastMatMul.Internal.LegacyBounds,NumStability/Algorithms/FastMatMul/Internal/LegacyBounds.lean,Algorithms,MatrixMultiplication,Unassigned,80,42,36,32,16,85.714286,0,0,0,0,0,55,0,
NumStability.Algorithms.FastMatMul.Recurrences,NumStability/Algorithms/FastMatMul/Recurrences.lean,Algorithms,MatrixMultiplication,Unassigned,47,20,18,15,7,90.0,0,0,1,0,4,29,4,7.25
NumStability.Algorithms.GridPoints,NumStability/Algorithms/GridPoints.lean,Algorithms,Other,Unassigned,282,229,19,19,13,8.296943,1,3,0,0,0,32,0,
NumStability.Algorithms.LU.GaussianElimination,NumStability/Algorithms/LU/GaussianElimination.lean,Algorithms,LU,Unassigned,867,559,74,66,47,13.237925,4,2,114,2,47,133,47,2.829787
NumStability.Algorithms.LU.GrowthFactor,NumStability/Algorithms/LU/GrowthFactor.lean,Algorithms,LU,Unassigned,894,594,41,34,33,6.902357,8,9,60,1,21,21,21,1.0
NumStability.Algorithms.LU.LUSolve,NumStability/Algorithms/LU/LUSolve.lean,Algorithms,LU,Unassigned,523,413,8,5,5,1.937046,6,5,10,1,5,5,5,1.0
NumStability.Algorithms.LU.SpecialMatrices,NumStability/Algorithms/LU/SpecialMatrices.lean,Algorithms,LU,Unassigned,248,146,9,9,9,6.164384,4,2,2,2,4,3,4,0.75
NumStability.Algorithms.LU.Tridiagonal,NumStability/Algorithms/LU/Tridiagonal.lean,Algorithms,LU,Unassigned,425,263,22,17,17,8.365019,6,6,9,0,5,20,5,4.0
NumStability.Algorithms.LU.TridiagonalCond,NumStability/Algorithms/LU/TridiagonalCond.lean,Algorithms,LU,Unassigned,486,332,34,14,12,10.240964,5,4,9,1,9,27,9,3.0
NumStability.Algorithms.LU.TridiagonalRecurrence,NumStability/Algorithms/LU/TridiagonalRecurrence.lean,Algorithms,LU,Unassigned,1541,1269,193,58,36,15.208826,5,4,13,1,33,344,33,10.424242
NumStability.Algorithms.LinearSystems,NumStability/Algorithms/LinearSystems.lean,Algorithms,Other,Unassigned,63,56,0,0,0,0.0,56,0,0,56,0,0,0,
NumStability.Algorithms.LinearSystems.Cholesky,NumStability/Algorithms/LinearSystems/Cholesky.lean,Algorithms,Cholesky,Unassigned,12,6,0,0,0,0.0,6,0,0,6,0,0,0,
NumStability.Algorithms.LinearSystems.Cholesky.ErrorAnalysis,NumStability/Algorithms/LinearSystems/Cholesky/ErrorAnalysis.lean,Algorithms,Cholesky,Unassigned,9,3,0,0,0,0.0,3,0,0,3,0,0,0,
NumStability.Algorithms.LinearSystems.Cholesky.ErrorAnalysis.Certificates,NumStability/Algorithms/LinearSystems/Cholesky/ErrorAnalysis/Certificates.lean,Algorithms,Cholesky,Unassigned,273,227,26,6,6,11.453744,13,7,8,7,6,8,6,1.333333
NumStability.Algorithms.LinearSystems.Cholesky.ErrorAnalysis.Demmel,NumStability/Algorithms/LinearSystems/Cholesky/ErrorAnalysis/Demmel.lean,Algorithms,Cholesky,Unassigned,426,257,21,21,20,8.171206,5,4,10,1,15,19,15,1.266667
NumStability.Algorithms.LinearSystems.Cholesky.ErrorAnalysis.PositivePivots.Certificate,NumStability/Algorithms/LinearSystems/Cholesky/ErrorAnalysis/PositivePivots/Certificate.lean,Algorithms,Cholesky,Unassigned,159,139,2,1,1,1.438849,16,6,0,11,0,1,0,
NumStability.Algorithms.LinearSystems.Cholesky.Factorization,NumStability/Algorithms/LinearSystems/Cholesky/Factorization.lean,Algorithms,Cholesky,Unassigned,7,1,0,0,0,0.0,1,0,0,1,0,0,0,
NumStability.Algorithms.LinearSystems.Cholesky.Factorization.Spec,NumStability/Algorithms/LinearSystems/Cholesky/Factorization/Spec.lean,Algorithms,Cholesky,Unassigned,211,130,25,23,15,19.230769,4,1,30,4,12,40,12,3.333333
NumStability.Algorithms.LinearSystems.Cholesky.Perturbation,NumStability/Algorithms/LinearSystems/Cholesky/Perturbation.lean,Algorithms,Cholesky,Unassigned,7,1,0,0,0,0.0,1,0,0,1,0,0,0,
NumStability.Algorithms.LinearSystems.Cholesky.Perturbation.Basic,NumStability/Algorithms/LinearSystems/Cholesky/Perturbation/Basic.lean,Algorithms,Cholesky,Unassigned,1499,1186,51,43,43,4.300169,5,3,12,3,16,50,16,3.125
NumStability.Algorithms.LinearSystems.Cholesky.PositiveSemidefinite,NumStability/Algorithms/LinearSystems/Cholesky/PositiveSemidefinite.lean,Algorithms,Cholesky,Unassigned,12,6,0,0,0,0.0,6,0,0,6,0,0,0,
NumStability.Algorithms.LinearSystems.Cholesky.PositiveSemidefinite.Basic,NumStability/Algorithms/LinearSystems/Cholesky/PositiveSemidefinite/Basic.lean,Algorithms,Cholesky,Unassigned,161,113,20,18,14,17.699115,4,1,20,3,13,24,13,1.846154
NumStability.Algorithms.LinearSystems.Cholesky.PositiveSemidefinite.KahanMatrix,NumStability/Algorithms/LinearSystems/Cholesky/PositiveSemidefinite/KahanMatrix.lean,Algorithms,Cholesky,Unassigned,49,31,1,1,1,3.225806,10,0,4,10,1,0,1,0.0
NumStability.Algorithms.LinearSystems.Cholesky.PositiveSemidefinite.KahanTelescope.Identity,NumStability/Algorithms/LinearSystems/Cholesky/PositiveSemidefinite/KahanTelescope/Identity.lean,Algorithms,Cholesky,Unassigned,152,127,16,1,1,12.598425,15,1,1,14,1,15,1,15.0
NumStability.Algorithms.LinearSystems.Cholesky.PositiveSemidefinite.PivotedFactorization.Existence,NumStability/Algorithms/LinearSystems/Cholesky/PositiveSemidefinite/PivotedFactorization/Existence.lean,Algorithms,Cholesky,Unassigned,49,30,2,1,1,6.666667,5,4,1,2,1,1,1,1.0
NumStability.Algorithms.LinearSystems.Cholesky.PositiveSemidefinite.ScaledStage,NumStability/Algorithms/LinearSystems/Cholesky/PositiveSemidefinite/ScaledStage.lean,Algorithms,Cholesky,Unassigned,290,245,36,6,6,14.693878,12,3,5,10,5,3,5,0.6
NumStability.Algorithms.LinearSystems.Cholesky.PositiveSemidefinite.StageEmbedding.InteriorMass,NumStability/Algorithms/LinearSystems/Cholesky/PositiveSemidefinite/StageEmbedding/InteriorMass.lean,Algorithms,Cholesky,Unassigned,75,55,2,1,1,3.636364,15,2,1,13,1,1,1,1.0
NumStability.Algorithms.LinearSystems.Cholesky.RoundedFactorization,NumStability/Algorithms/LinearSystems/Cholesky/RoundedFactorization.lean,Algorithms,Cholesky,Unassigned,7,1,0,0,0,0.0,1,0,0,1,0,0,0,
NumStability.Algorithms.LinearSystems.Cholesky.RoundedFactorization.Basic,NumStability/Algorithms/LinearSystems/Cholesky/RoundedFactorization/Basic.lean,Algorithms,Cholesky,Unassigned,819,655,81,32,28,12.366412,7,5,16,2,22,132,22,6.0
NumStability.Algorithms.LinearSystems.Cholesky.Solve,NumStability/Algorithms/LinearSystems/Cholesky/Solve.lean,Algorithms,Cholesky,Unassigned,7,1,0,0,0,0.0,1,0,0,1,0,0,0,
NumStability.Algorithms.LinearSystems.Cholesky.Solve.Basic,NumStability/Algorithms/LinearSystems/Cholesky/Solve/Basic.lean,Algorithms,Cholesky,Unassigned,187,136,8,3,3,5.882353,8,6,4,2,2,7,2,3.5
NumStability.Algorithms.LinearSystems.CramersRule.All,NumStability/Algorithms/LinearSystems/CramersRule/All.lean,Algorithms,Other,Unassigned,7,1,0,0,0,0.0,1,0,0,1,0,0,0,
NumStability.Algorithms.LinearSystems.CramersRule.Core,NumStability/Algorithms/LinearSystems/CramersRule/Core.lean,Algorithms,Other,Unassigned,1053,99,19,18,17,19.191919,3,1,2,2,11,42,11,3.818182
NumStability.Algorithms.LinearSystems.GaussJordan,NumStability/Algorithms/LinearSystems/GaussJordan.lean,Algorithms,Spectral,Unassigned,7,1,0,0,0,0.0,1,0,0,1,0,0,0,
NumStability.Algorithms.LinearSystems.GaussJordan.ErrorAnalysis,NumStability/Algorithms/LinearSystems/GaussJordan/ErrorAnalysis.lean,Algorithms,Spectral,Unassigned,7,1,0,0,0,0.0,1,0,0,1,0,0,0,
NumStability.Algorithms.LinearSystems.GaussJordan.ErrorAnalysis.GaussJordan,NumStability/Algorithms/LinearSystems/GaussJordan/ErrorAnalysis/GaussJordan.lean,Algorithms,Spectral,Unassigned,2713,2362,104,64,54,4.403048,4,4,22,1,19,154,19,8.105263
NumStability.Algorithms.LinearSystems.Iterative.Stationary.Convergence.Singular.FixedSubspaces,NumStability/Algorithms/LinearSystems/Iterative/Stationary/Convergence/Singular/FixedSubspaces.lean,Algorithms,Other,Unassigned,3967,81,3,3,3,3.703704,3,1,3,2,3,0,3,0.0
NumStability.Algorithms.LinearSystems.Iterative.Stationary.ErrorAnalysis.Forward.ComplementDecomposition,NumStability/Algorithms/LinearSystems/Iterative/Stationary/ErrorAnalysis/Forward/ComplementDecomposition.lean,Algorithms,Other,Unassigned,3967,31,1,1,1,3.225806,3,1,2,2,1,0,1,0.0
NumStability.Algorithms.LinearSystems.Iterative.Stationary.ErrorAnalysis.Local.OneStep,NumStability/Algorithms/LinearSystems/Iterative/Stationary/ErrorAnalysis/Local/OneStep.lean,Algorithms,Other,Unassigned,3969,70,2,1,1,2.857143,5,2,2,3,1,0,1,0.0
NumStability.Algorithms.LinearSystems.Iterative.Stationary.ErrorAnalysis.Residual.Identities,NumStability/Algorithms/LinearSystems/Iterative/Stationary/ErrorAnalysis/Residual/Identities.lean,Algorithms,Perturbation,Unassigned,3968,31,2,2,2,6.451613,4,2,1,2,2,0,2,0.0
NumStability.Algorithms.LinearSystems.Iterative.Stationary.Execution.Computed.Model,NumStability/Algorithms/LinearSystems/Iterative/Stationary/Execution/Computed/Model.lean,Algorithms,Other,Unassigned,3967,19,7,6,2,36.842105,3,0,7,3,3,12,3,4.0
NumStability.Algorithms.LinearSystems.Iterative.Stationary.Projectors.Drazin.Algebra,NumStability/Algorithms/LinearSystems/Iterative/Stationary/Projectors/Drazin/Algebra.lean,Algorithms,Other,Unassigned,3967,123,16,15,11,13.00813,3,1,3,2,10,33,10,3.3
NumStability.Algorithms.LinearSystems.Iterative.Stationary.Recurrences.Affine.Unrolling,NumStability/Algorithms/LinearSystems/Iterative/Stationary/Recurrences/Affine/Unrolling.lean,Algorithms,Other,Unassigned,3967,180,3,3,3,1.666667,3,1,5,2,3,1,3,0.333333
NumStability.Algorithms.LinearSystems.Iterative.Stationary.Semiconvergence.All,NumStability/Algorithms/LinearSystems/Iterative/Stationary/Semiconvergence/All.lean,Algorithms,MatrixPowers,Unassigned,11,4,0,0,0,0.0,4,0,0,4,0,0,0,
NumStability.Algorithms.LinearSystems.Iterative.Stationary.Semiconvergence.BlockForm.Existence,NumStability/Algorithms/LinearSystems/Iterative/Stationary/Semiconvergence/BlockForm/Existence.lean,Algorithms,MatrixPowers,Unassigned,265,164,9,9,9,5.487805,1,2,7,0,7,17,7,2.428571
NumStability.Algorithms.LinearSystems.Iterative.Stationary.Semiconvergence.BlockForm.ProjectorLimit,NumStability/Algorithms/LinearSystems/Iterative/Stationary/Semiconvergence/BlockForm/ProjectorLimit.lean,Algorithms,MatrixPowers,Unassigned,453,315,19,19,19,6.031746,2,2,9,0,15,36,15,2.4
NumStability.Algorithms.LinearSystems.Iterative.Stationary.Semiconvergence.Execution.RoundedCertificates,NumStability/Algorithms/LinearSystems/Iterative/Stationary/Semiconvergence/Execution/RoundedCertificates.lean,Algorithms,MatrixPowers,Unassigned,168,134,24,16,8,17.910448,3,5,1,0,8,39,8,4.875
NumStability.Algorithms.LinearSystems.Iterative.Stationary.Semiconvergence.Projectors.FixedRange,NumStability/Algorithms/LinearSystems/Iterative/Stationary/Semiconvergence/Projectors/FixedRange.lean,Algorithms,MatrixPowers,Unassigned,468,304,14,11,10,4.605263,12,4,1,8,1,11,1,11.0
NumStability.Algorithms.LinearSystems.Iterative.Stationary.Splittings.Core.Definitions,NumStability/Algorithms/LinearSystems/Iterative/Stationary/Splittings/Core/Definitions.lean,Algorithms,Other,Unassigned,3967,67,16,12,8,23.880597,3,1,17,2,8,26,8,3.25
NumStability.Algorithms.LinearSystems.Iterative.Stationary.Splittings.Scaling.Diagonal,NumStability/Algorithms/LinearSystems/Iterative/Stationary/Splittings/Scaling/Diagonal.lean,Algorithms,Other,Unassigned,3967,40,4,4,4,10.0,3,1,1,2,4,1,4,0.25
NumStability.Algorithms.LinearSystems.IterativeRefinement.All,NumStability/Algorithms/LinearSystems/IterativeRefinement/All.lean,Algorithms,Other,Unassigned,7,1,0,0,0,0.0,1,0,0,1,0,0,0,
NumStability.Algorithms.LinearSystems.IterativeRefinement.Core,NumStability/Algorithms/LinearSystems/IterativeRefinement/Core.lean,Algorithms,Other,Unassigned,1861,549,67,58,32,12.204007,7,4,9,3,6,105,6,17.5
NumStability.Algorithms.LinearSystems.LU,NumStability/Algorithms/LinearSystems/LU.lean,Algorithms,LU,Unassigned,10,4,0,0,0,0.0,4,0,0,4,0,0,0,
NumStability.Algorithms.LinearSystems.LU.BlockLU,NumStability/Algorithms/LinearSystems/LU/BlockLU.lean,Algorithms,LU,Unassigned,26,16,0,0,0,0.0,16,0,0,16,0,0,0,
NumStability.Algorithms.LinearSystems.LU.BlockLU.ArbitraryNorm,NumStability/Algorithms/LinearSystems/LU/BlockLU/ArbitraryNorm.lean,Algorithms,LU,Unassigned,273,232,22,14,11,9.482759,2,2,1,0,8,29,8,3.625
NumStability.Algorithms.LinearSystems.LU.BlockLU.BlockMatrices,NumStability/Algorithms/LinearSystems/LU/BlockLU/BlockMatrices.lean,Algorithms,LU,Unassigned,200,135,21,20,19,15.555556,2,2,44,0,15,29,15,1.933333
NumStability.Algorithms.LinearSystems.LU.BlockLU.DiagonalDominance,NumStability/Algorithms/LinearSystems/LU/BlockLU/DiagonalDominance.lean,Algorithms,LU,Unassigned,84,54,14,12,8,25.925926,0,0,36,0,3,14,3,4.666667
NumStability.Algorithms.LinearSystems.LU.BlockLU.Factorization,NumStability/Algorithms/LinearSystems/LU/BlockLU/Factorization.lean,Algorithms,LU,Unassigned,998,839,83,70,53,9.892729,4,4,52,0,43,199,43,4.627907
NumStability.Algorithms.LinearSystems.LU.BlockLU.FactorizationError,NumStability/Algorithms/LinearSystems/LU/BlockLU/FactorizationError.lean,Algorithms,LU,Unassigned,26,12,10,9,5,83.333333,1,1,0,0,0,15,0,
NumStability.Algorithms.LinearSystems.LU.BlockLU.FirstOrderFamilies,NumStability/Algorithms/LinearSystems/LU/BlockLU/FirstOrderFamilies.lean,Algorithms,LU,Unassigned,122,95,67,60,32,70.526316,2,2,1,0,9,102,9,11.333333
NumStability.Algorithms.LinearSystems.LU.BlockLU.FirstOrderModels,NumStability/Algorithms/LinearSystems/LU/BlockLU/FirstOrderModels.lean,Algorithms,LU,Unassigned,124,57,69,61,29,121.052632,1,1,12,0,34,140,34,4.117647
NumStability.Algorithms.LinearSystems.LU.BlockLU.GrowthBounds,NumStability/Algorithms/LinearSystems/LU/BlockLU/GrowthBounds.lean,Algorithms,LU,Unassigned,340,258,24,10,10,9.302326,3,3,11,0,9,2,9,0.222222
NumStability.Algorithms.LinearSystems.LU.BlockLU.OperatorTwo,NumStability/Algorithms/LinearSystems/LU/BlockLU/OperatorTwo.lean,Algorithms,LU,Unassigned,50,35,3,3,3,8.571429,1,1,2,0,2,1,2,0.5
NumStability.Algorithms.LinearSystems.LU.BlockLU.PositiveDefinite,NumStability/Algorithms/LinearSystems/LU/BlockLU/PositiveDefinite.lean,Algorithms,Cholesky,Unassigned,126,89,8,8,8,8.988764,3,3,14,0,8,2,8,0.25
NumStability.Algorithms.LinearSystems.LU.BlockLU.PositiveDefiniteFactorBounds,NumStability/Algorithms/LinearSystems/LU/BlockLU/PositiveDefiniteFactorBounds.lean,Algorithms,Cholesky,Unassigned,604,548,17,17,16,3.10219,6,6,1,0,8,11,8,1.375
NumStability.Algorithms.LinearSystems.LU.BlockLU.RecursiveFactorization,NumStability/Algorithms/LinearSystems/LU/BlockLU/RecursiveFactorization.lean,Algorithms,LU,Unassigned,320,251,17,8,6,6.772908,4,4,7,0,6,19,6,3.166667
NumStability.Algorithms.LinearSystems.LU.BlockLU.ResidualLifting,NumStability/Algorithms/LinearSystems/LU/BlockLU/ResidualLifting.lean,Algorithms,LU,Unassigned,436,368,22,20,16,5.978261,2,2,3,0,13,32,13,2.461538
NumStability.Algorithms.LinearSystems.LU.BlockLU.SchurComplement,NumStability/Algorithms/LinearSystems/LU/BlockLU/SchurComplement.lean,Algorithms,LU,Unassigned,101,72,6,5,4,8.333333,2,2,31,0,3,9,3,3.0
NumStability.Algorithms.LinearSystems.LU.BlockLU.SolveError,NumStability/Algorithms/LinearSystems/LU/BlockLU/SolveError.lean,Algorithms,LU,Unassigned,52,35,3,3,3,8.571429,3,3,4,0,2,3,2,1.5
NumStability.Algorithms.LinearSystems.LU.BlockLU.VaryingBlocks,NumStability/Algorithms/LinearSystems/LU/BlockLU/VaryingBlocks.lean,Algorithms,LU,Unassigned,12,5,0,0,0,0.0,5,0,0,5,0,0,0,
NumStability.Algorithms.LinearSystems.LU.BlockLU.VaryingBlocks.Algebra,NumStability/Algorithms/LinearSystems/LU/BlockLU/VaryingBlocks/Algebra.lean,Algorithms,LU,Unassigned,222,191,20,15,8,10.471204,1,1,3,0,5,5,5,1.0
NumStability.Algorithms.LinearSystems.LU.BlockLU.VaryingBlocks.Basic,NumStability/Algorithms/LinearSystems/LU/BlockLU/VaryingBlocks/Basic.lean,Algorithms,LU,Unassigned,202,149,37,31,24,24.832215,0,0,4,0,17,76,17,4.470588
NumStability.Algorithms.LinearSystems.LU.BlockLU.VaryingBlocks.RecursiveFactorization,NumStability/Algorithms/LinearSystems/LU/BlockLU/VaryingBlocks/RecursiveFactorization.lean,Algorithms,LU,Unassigned,312,285,8,8,6,2.807018,1,3,1,0,5,9,5,1.8
NumStability.Algorithms.LinearSystems.LU.BlockLU.VaryingBlocks.SchurComplement,NumStability/Algorithms/LinearSystems/LU/BlockLU/VaryingBlocks/SchurComplement.lean,Algorithms,LU,Unassigned,153,128,7,5,4,5.46875,1,2,2,0,3,8,3,2.666667
NumStability.Algorithms.LinearSystems.LU.BlockLU.VaryingBlocks.Uniqueness,NumStability/Algorithms/LinearSystems/LU/BlockLU/VaryingBlocks/Uniqueness.lean,Algorithms,LU,Unassigned,428,390,12,7,7,3.076923,1,4,0,0,0,15,0,
NumStability.Algorithms.LinearSystems.LU.Doolittle.All,NumStability/Algorithms/LinearSystems/LU/Doolittle/All.lean,Algorithms,LU,Unassigned,11,5,0,0,0,0.0,5,0,0,5,0,0,0,
NumStability.Algorithms.LinearSystems.LU.Doolittle.Assembly.Core,NumStability/Algorithms/LinearSystems/LU/Doolittle/Assembly/Core.lean,Algorithms,LU,Unassigned,2191,337,20,11,10,5.934718,10,7,5,3,10,19,10,1.9
NumStability.Algorithms.LinearSystems.LU.Doolittle.BackwardError,NumStability/Algorithms/LinearSystems/LU/Doolittle/BackwardError.lean,Algorithms,LU,Unassigned,2178,38,1,1,1,2.631579,7,6,0,1,0,0,0,
NumStability.Algorithms.LinearSystems.LU.Doolittle.Basic,NumStability/Algorithms/LinearSystems/LU/Doolittle/Basic.lean,Algorithms,LU,Unassigned,2176,34,11,10,6,32.352941,5,2,5,3,7,16,7,2.285714
NumStability.Algorithms.LinearSystems.LU.Doolittle.Budgets,NumStability/Algorithms/LinearSystems/LU/Doolittle/Budgets.lean,Algorithms,LU,Unassigned,2177,834,47,42,32,5.635492,6,3,6,3,21,115,21,5.47619
NumStability.Algorithms.LinearSystems.LU.Doolittle.Certificates,NumStability/Algorithms/LinearSystems/LU/Doolittle/Certificates.lean,Algorithms,LU,Unassigned,2178,233,33,31,23,14.16309,7,4,2,3,14,58,14,4.142857
NumStability.Algorithms.LinearSystems.LU.Doolittle.RoundedEntries,NumStability/Algorithms/LinearSystems/LU/Doolittle/RoundedEntries.lean,Algorithms,LU,Unassigned,2176,463,26,17,14,5.615551,5,3,7,2,11,37,11,3.363636
NumStability.Algorithms.LinearSystems.LU.NonsymmetricPositiveDefinite,NumStability/Algorithms/LinearSystems/LU/NonsymmetricPositiveDefinite.lean,Algorithms,Cholesky,Unassigned,7,1,0,0,0,0.0,1,0,0,1,0,0,0,
NumStability.Algorithms.LinearSystems.LU.NonsymmetricPositiveDefinite.Basic,NumStability/Algorithms/LinearSystems/LU/NonsymmetricPositiveDefinite/Basic.lean,Algorithms,Cholesky,Unassigned,279,181,21,16,15,11.60221,4,3,10,2,13,31,13,2.384615
NumStability.Algorithms.LinearSystems.LeastSquares,NumStability/Algorithms/LinearSystems/LeastSquares.lean,Algorithms,LeastSquares,Unassigned,21,14,0,0,0,0.0,14,0,0,14,0,0,0,
NumStability.Algorithms.LinearSystems.LeastSquares.AugmentedSystem,NumStability/Algorithms/LinearSystems/LeastSquares/AugmentedSystem.lean,Algorithms,LeastSquares,Unassigned,4230,3723,238,180,164,6.392694,4,4,17,0,54,428,54,7.925926
NumStability.Algorithms.LinearSystems.LeastSquares.Basic,NumStability/Algorithms/LinearSystems/LeastSquares/Basic.lean,Algorithms,LeastSquares,Unassigned,1457,1265,108,89,84,8.537549,11,11,60,0,61,140,61,2.295082
NumStability.Algorithms.LinearSystems.LeastSquares.Equality.Basic,NumStability/Algorithms/LinearSystems/LeastSquares/Equality/Basic.lean,Algorithms,LeastSquares,Unassigned,10079,8835,474,398,376,5.365025,24,25,17,2,207,1209,207,5.84058
NumStability.Algorithms.LinearSystems.LeastSquares.Equality.GQR,NumStability/Algorithms/LinearSystems/LeastSquares/Equality/GQR.lean,Algorithms,LeastSquares,Unassigned,5904,5018,337,308,231,6.715823,17,16,6,3,111,1168,111,10.522523
NumStability.Algorithms.LinearSystems.LeastSquares.Equality.KKT,NumStability/Algorithms/LinearSystems/LeastSquares/Equality/KKT.lean,Algorithms,LeastSquares,Unassigned,406,369,8,6,6,2.168022,3,3,3,0,5,7,5,1.4
NumStability.Algorithms.LinearSystems.LeastSquares.GramBasis,NumStability/Algorithms/LinearSystems/LeastSquares/GramBasis.lean,Algorithms,LeastSquares,Unassigned,287,258,17,8,6,6.589147,4,5,2,0,5,6,5,1.2
NumStability.Algorithms.LinearSystems.LeastSquares.MGS,NumStability/Algorithms/LinearSystems/LeastSquares/MGS.lean,Algorithms,LeastSquares,Unassigned,45,23,11,10,6,47.826087,1,1,2,0,7,16,7,2.285714
NumStability.Algorithms.LinearSystems.LeastSquares.NormalEquations,NumStability/Algorithms/LinearSystems/LeastSquares/NormalEquations.lean,Algorithms,LeastSquares,Unassigned,450,376,28,24,21,7.446809,7,7,26,0,18,34,18,1.888889
NumStability.Algorithms.LinearSystems.LeastSquares.QRSolve,NumStability/Algorithms/LinearSystems/LeastSquares/QRSolve.lean,Algorithms,LeastSquares,Unassigned,136,116,24,19,8,20.689655,3,3,4,0,6,42,6,7.0
NumStability.Algorithms.LinearSystems.LeastSquares.RankGeometry,NumStability/Algorithms/LinearSystems/LeastSquares/RankGeometry.lean,Algorithms,LeastSquares,Unassigned,325,268,42,41,35,15.671642,4,4,33,0,27,67,27,2.481481
NumStability.Algorithms.LinearSystems.LeastSquares.Refinement,NumStability/Algorithms/LinearSystems/LeastSquares/Refinement.lean,Algorithms,LeastSquares,Unassigned,245,206,91,81,43,44.174757,10,10,3,0,24,238,24,9.916667
NumStability.Algorithms.LinearSystems.LeastSquares.RowSorting,NumStability/Algorithms/LinearSystems/LeastSquares/RowSorting.lean,Algorithms,LeastSquares,Unassigned,404,370,37,29,16,10.0,7,7,2,0,15,81,15,5.4
NumStability.Algorithms.LinearSystems.LeastSquares.StoredQR,NumStability/Algorithms/LinearSystems/LeastSquares/StoredQR.lean,Algorithms,LeastSquares,Unassigned,465,396,34,27,19,8.585859,9,9,3,0,14,48,14,3.428571
NumStability.Algorithms.LinearSystems.LeastSquares.TraceKernel,NumStability/Algorithms/LinearSystems/LeastSquares/TraceKernel.lean,Algorithms,LeastSquares,Unassigned,223,188,28,19,14,14.893617,6,6,8,0,12,18,12,1.5
NumStability.Algorithms.LinearSystems.QR,NumStability/Algorithms/LinearSystems/QR.lean,Algorithms,QR,Unassigned,23,17,0,0,0,0.0,17,0,0,17,0,0,0,
NumStability.Algorithms.LinearSystems.QR.GivensMatrixStep,NumStability/Algorithms/LinearSystems/QR/GivensMatrixStep.lean,Algorithms,QR,Unassigned,500,394,53,50,34,13.451777,1,4,2,0,16,93,16,5.8125
NumStability.Algorithms.LinearSystems.QR.GivensQR,NumStability/Algorithms/LinearSystems/QR/GivensQR.lean,Algorithms,QR,Unassigned,2454,2129,166,128,95,7.797088,4,6,8,0,31,665,31,21.451613
NumStability.Algorithms.LinearSystems.QR.GivensSpec,NumStability/Algorithms/LinearSystems/QR/GivensSpec.lean,Algorithms,QR,Unassigned,1264,1038,102,71,52,9.82659,4,4,9,0,37,218,37,5.891892
NumStability.Algorithms.LinearSystems.QR.GramSchmidt,NumStability/Algorithms/LinearSystems/QR/GramSchmidt.lean,Algorithms,QR,Unassigned,5843,4922,520,469,362,10.564811,1,2,38,0,260,1611,260,6.196154
NumStability.Algorithms.LinearSystems.QR.GramSchmidtPolar,NumStability/Algorithms/LinearSystems/QR/GramSchmidtPolar.lean,Algorithms,QR,Unassigned,1451,1257,61,60,55,4.852824,2,4,7,0,43,110,43,2.55814
NumStability.Algorithms.LinearSystems.QR.Householder.PanelApplication,NumStability/Algorithms/LinearSystems/QR/Householder/PanelApplication.lean,Algorithms,QR,Unassigned,3361,2799,115,102,89,4.10861,3,7,19,1,62,263,62,4.241935
NumStability.Algorithms.LinearSystems.QR.Householder.StoredQR,NumStability/Algorithms/LinearSystems/QR/Householder/StoredQR.lean,Algorithms,QR,Unassigned,6076,5257,189,152,130,3.595206,2,9,13,0,84,420,84,5.0
NumStability.Algorithms.LinearSystems.QR.Householder.TrailingPanels,NumStability/Algorithms/LinearSystems/QR/Householder/TrailingPanels.lean,Algorithms,QR,Unassigned,1994,1508,149,126,104,9.880637,1,2,32,0,72,287,72,3.986111
NumStability.Algorithms.LinearSystems.QR.HouseholderApply,NumStability/Algorithms/LinearSystems/QR/HouseholderApply.lean,Algorithms,QR,Unassigned,767,626,28,17,15,4.472843,2,5,21,0,9,37,9,4.111111
NumStability.Algorithms.LinearSystems.QR.HouseholderConstruction2,NumStability/Algorithms/LinearSystems/QR/HouseholderConstruction2.lean,Algorithms,QR,Unassigned,694,414,92,52,39,22.222222,3,4,1,1,5,158,5,31.6
NumStability.Algorithms.LinearSystems.QR.HouseholderMatrixStep,NumStability/Algorithms/LinearSystems/QR/HouseholderMatrixStep.lean,Algorithms,QR,Unassigned,303,208,30,28,18,14.423077,1,7,18,0,11,50,11,4.545455
NumStability.Algorithms.LinearSystems.QR.HouseholderOneStep,NumStability/Algorithms/LinearSystems/QR/HouseholderOneStep.lean,Algorithms,QR,Unassigned,221,183,9,5,4,4.918033,2,6,6,0,3,6,3,2.0
NumStability.Algorithms.LinearSystems.QR.HouseholderQApply,NumStability/Algorithms/LinearSystems/QR/HouseholderQApply.lean,Algorithms,QR,Unassigned,448,386,64,33,17,16.580311,1,8,0,0,0,160,0,
NumStability.Algorithms.LinearSystems.QR.HouseholderQR,NumStability/Algorithms/LinearSystems/QR/HouseholderQR.lean,Algorithms,QR,Unassigned,7801,6356,679,580,385,10.682819,3,7,91,0,144,2445,144,16.979167
NumStability.Algorithms.LinearSystems.QR.HouseholderQRSupport,NumStability/Algorithms/LinearSystems/QR/HouseholderQRSupport.lean,Algorithms,QR,Unassigned,21,1,0,0,0,0.0,1,0,0,1,0,0,0,
NumStability.Algorithms.LinearSystems.QR.HouseholderReflector,NumStability/Algorithms/LinearSystems/QR/HouseholderReflector.lean,Algorithms,QR,Unassigned,948,712,107,65,48,15.02809,2,5,27,0,34,218,34,6.411765
NumStability.Algorithms.LinearSystems.QR.HouseholderSpec,NumStability/Algorithms/LinearSystems/QR/HouseholderSpec.lean,Algorithms,QR,Unassigned,307,191,37,26,17,19.371728,1,1,51,0,16,43,16,2.6875
NumStability.Algorithms.LinearSystems.QR.HouseholderSpecSupport,NumStability/Algorithms/LinearSystems/QR/HouseholderSpecSupport.lean,Algorithms,QR,Unassigned,21,1,0,0,0,0.0,1,0,0,1,0,0,0,
NumStability.Algorithms.LinearSystems.QR.QRSolve,NumStability/Algorithms/LinearSystems/QR/QRSolve.lean,Algorithms,QR,Unassigned,5525,4783,273,216,150,5.707715,3,10,17,0,58,698,58,12.034483
NumStability.Algorithms.LinearSystems.SymmetricIndefinite,NumStability/Algorithms/LinearSystems/SymmetricIndefinite.lean,Algorithms,SymmetricIndefinite,Unassigned,10,4,0,0,0,0.0,4,0,0,4,0,0,0,
NumStability.Algorithms.LinearSystems.SymmetricIndefinite.Aasen,NumStability/Algorithms/LinearSystems/SymmetricIndefinite/Aasen.lean,Algorithms,SymmetricIndefinite,Unassigned,8,2,0,0,0,0.0,2,0,0,2,0,0,0,
NumStability.Algorithms.LinearSystems.SymmetricIndefinite.Aasen.AasenCoupledFp,NumStability/Algorithms/LinearSystems/SymmetricIndefinite/Aasen/AasenCoupledFp.lean,Algorithms,SymmetricIndefinite,Unassigned,671,447,104,72,54,23.266219,1,3,10,1,34,423,34,12.441176
NumStability.Algorithms.LinearSystems.SymmetricIndefinite.Aasen.AasenFactorResidual,NumStability/Algorithms/LinearSystems/SymmetricIndefinite/Aasen/AasenFactorResidual.lean,Algorithms,SymmetricIndefinite,Unassigned,852,699,74,19,19,10.586552,2,5,4,0,8,66,8,8.25
NumStability.Algorithms.LinearSystems.SymmetricIndefinite.BlockLDLT,NumStability/Algorithms/LinearSystems/SymmetricIndefinite/BlockLDLT.lean,Algorithms,SymmetricIndefinite,Unassigned,11,5,0,0,0,0.0,5,0,0,5,0,0,0,
NumStability.Algorithms.LinearSystems.SymmetricIndefinite.BlockLDLT.BunchTridiagonalFactorBound,NumStability/Algorithms/LinearSystems/SymmetricIndefinite/BlockLDLT/BunchTridiagonalFactorBound.lean,Algorithms,SymmetricIndefinite,Unassigned,579,366,13,8,8,3.551913,4,8,2,0,5,6,5,1.2
NumStability.Algorithms.LinearSystems.SymmetricIndefinite.BlockLDLT.BunchTridiagonalGrowth,NumStability/Algorithms/LinearSystems/SymmetricIndefinite/BlockLDLT/BunchTridiagonalGrowth.lean,Algorithms,SymmetricIndefinite,Unassigned,351,161,10,7,7,6.21118,3,9,4,0,5,7,5,1.4
NumStability.Algorithms.LinearSystems.SymmetricIndefinite.BlockLDLT.BunchTridiagonalGrowthInvariant,NumStability/Algorithms/LinearSystems/SymmetricIndefinite/BlockLDLT/BunchTridiagonalGrowthInvariant.lean,Algorithms,SymmetricIndefinite,Unassigned,1777,1523,136,74,63,8.929744,7,13,4,0,23,206,23,8.956522
NumStability.Algorithms.LinearSystems.SymmetricIndefinite.BlockLDLT.BunchTridiagonalSparseFactor,NumStability/Algorithms/LinearSystems/SymmetricIndefinite/BlockLDLT/BunchTridiagonalSparseFactor.lean,Algorithms,SymmetricIndefinite,Unassigned,967,866,50,31,30,5.773672,6,11,5,1,7,83,7,11.857143
NumStability.Algorithms.LinearSystems.SymmetricIndefinite.BlockLDLT.BunchTridiagonalSparseSolve,NumStability/Algorithms/LinearSystems/SymmetricIndefinite/BlockLDLT/BunchTridiagonalSparseSolve.lean,Algorithms,SymmetricIndefinite,Unassigned,511,426,59,19,14,13.849765,9,16,2,0,4,96,4,24.0
NumStability.Algorithms.LinearSystems.SymmetricIndefinite.ErrorAnalysis,NumStability/Algorithms/LinearSystems/SymmetricIndefinite/ErrorAnalysis.lean,Algorithms,SymmetricIndefinite,Unassigned,10,4,0,0,0,0.0,4,0,0,4,0,0,0,
NumStability.Algorithms.LinearSystems.SymmetricIndefinite.ErrorAnalysis.BlockLDLT,NumStability/Algorithms/LinearSystems/SymmetricIndefinite/ErrorAnalysis/BlockLDLT.lean,Algorithms,SymmetricIndefinite,Unassigned,156,83,110,98,38,132.53012,4,2,44,2,31,273,31,8.806452
NumStability.Algorithms.LinearSystems.SymmetricIndefinite.ErrorAnalysis.BlockLDLTStep,NumStability/Algorithms/LinearSystems/SymmetricIndefinite/ErrorAnalysis/BlockLDLTStep.lean,Algorithms,SymmetricIndefinite,Unassigned,216,170,25,8,6,14.705882,3,0,1,3,4,19,4,4.75
NumStability.Algorithms.LinearSystems.SymmetricIndefinite.ErrorAnalysis.Predicates,NumStability/Algorithms/LinearSystems/SymmetricIndefinite/ErrorAnalysis/Predicates.lean,Algorithms,SymmetricIndefinite,Unassigned,62,30,5,5,5,16.666667,3,0,14,3,5,2,5,0.4
NumStability.Algorithms.LinearSystems.SymmetricIndefinite.ErrorAnalysis.SkewSymmetric,NumStability/Algorithms/LinearSystems/SymmetricIndefinite/ErrorAnalysis/SkewSymmetric.lean,Algorithms,SymmetricIndefinite,Unassigned,72,46,3,3,3,6.521739,4,1,2,3,3,1,3,0.333333
NumStability.Algorithms.LinearSystems.SymmetricIndefinite.Pivoting,NumStability/Algorithms/LinearSystems/SymmetricIndefinite/Pivoting.lean,Algorithms,SymmetricIndefinite,Unassigned,8,2,0,0,0,0.0,2,0,0,2,0,0,0,
NumStability.Algorithms.LinearSystems.SymmetricIndefinite.Pivoting.Basic,NumStability/Algorithms/LinearSystems/SymmetricIndefinite/Pivoting/Basic.lean,Algorithms,SymmetricIndefinite,Unassigned,1094,810,85,49,45,10.493827,4,3,32,1,43,113,43,2.627907
NumStability.Algorithms.LinearSystems.SymmetricIndefinite.Pivoting.Tridiagonal,NumStability/Algorithms/LinearSystems/SymmetricIndefinite/Pivoting/Tridiagonal.lean,Algorithms,SymmetricIndefinite,Unassigned,761,605,51,47,44,8.429752,4,3,10,1,40,111,40,2.775
NumStability.Algorithms.LinearSystems.Triangular,NumStability/Algorithms/LinearSystems/Triangular.lean,Algorithms,Other,Unassigned,14,7,0,0,0,0.0,7,0,0,7,0,0,0,
NumStability.Algorithms.LinearSystems.Triangular.BackSubstitution,NumStability/Algorithms/LinearSystems/Triangular/BackSubstitution.lean,Algorithms,Other,Unassigned,1083,764,117,14,9,15.314136,3,3,83,0,8,128,8,16.0
NumStability.Algorithms.LinearSystems.Triangular.Combined,NumStability/Algorithms/LinearSystems/Triangular/Combined.lean,Algorithms,Other,Unassigned,62,34,1,1,1,2.941176,4,4,0,0,0,0,0,
NumStability.Algorithms.LinearSystems.Triangular.ComparisonBounds,NumStability/Algorithms/LinearSystems/Triangular/ComparisonBounds.lean,Algorithms,Other,Unassigned,1110,961,98,18,14,10.197711,6,7,4,1,7,87,7,12.428571
NumStability.Algorithms.LinearSystems.Triangular.DiagonalDominance,NumStability/Algorithms/LinearSystems/Triangular/DiagonalDominance.lean,Algorithms,Other,Unassigned,868,690,104,30,23,15.072464,5,6,22,0,13,118,13,9.076923
NumStability.Algorithms.LinearSystems.Triangular.ErrorAnalysis.All,NumStability/Algorithms/LinearSystems/Triangular/ErrorAnalysis/All.lean,Algorithms,Other,Unassigned,8,2,0,0,0,0.0,2,0,0,2,0,0,0,
NumStability.Algorithms.LinearSystems.Triangular.ErrorAnalysis.NoGuardBackward,NumStability/Algorithms/LinearSystems/Triangular/ErrorAnalysis/NoGuardBackward.lean,Algorithms,Other,Unassigned,783,417,35,10,8,8.393285,6,6,4,0,7,36,7,5.142857
NumStability.Algorithms.LinearSystems.Triangular.ErrorAnalysis.NoGuardForward,NumStability/Algorithms/LinearSystems/Triangular/ErrorAnalysis/NoGuardForward.lean,Algorithms,Other,Unassigned,781,50,9,4,3,18.0,4,3,2,1,2,11,2,5.5
NumStability.Algorithms.LinearSystems.Triangular.ForwardSubstitution,NumStability/Algorithms/LinearSystems/Triangular/ForwardSubstitution.lean,Algorithms,Other,Unassigned,639,519,84,10,5,16.184971,3,3,101,0,4,103,4,25.75
NumStability.Algorithms.LinearSystems.Triangular.InverseBounds,NumStability/Algorithms/LinearSystems/Triangular/InverseBounds.lean,Algorithms,Other,Unassigned,1031,812,116,26,23,14.285714,4,3,24,3,17,102,17,6.0
NumStability.Algorithms.LinearSystems.Underdetermined.BackwardError.Normwise.UnderdeterminedSolve,NumStability/Algorithms/LinearSystems/Underdetermined/BackwardError/Normwise/UnderdeterminedSolve.lean,Algorithms,LeastSquares,Unassigned,15994,212,13,13,12,6.132075,59,3,2,56,8,23,8,2.875
NumStability.Algorithms.LinearSystems.Underdetermined.BackwardError.Rowwise.UnderdeterminedSolve,NumStability/Algorithms/LinearSystems/Underdetermined/BackwardError/Rowwise/UnderdeterminedSolve.lean,Algorithms,LeastSquares,Unassigned,15994,137,12,11,7,8.759124,59,1,12,58,8,23,8,2.875
NumStability.Algorithms.LinearSystems.Underdetermined.Conditioning.Componentwise.Radius,NumStability/Algorithms/LinearSystems/Underdetermined/Conditioning/Componentwise/Radius.lean,Algorithms,LeastSquares,Unassigned,984,93,2,2,2,2.150538,59,1,2,58,2,1,2,0.5
NumStability.Algorithms.LinearSystems.Underdetermined.Conditioning.Componentwise.UnderdeterminedSolve,NumStability/Algorithms/LinearSystems/Underdetermined/Conditioning/Componentwise/UnderdeterminedSolve.lean,Algorithms,LeastSquares,Unassigned,15994,246,5,5,4,2.03252,59,4,34,55,4,3,4,0.75
NumStability.Algorithms.LinearSystems.Underdetermined.MinimumNorm.Pseudoinverse.UnderdeterminedSpec,NumStability/Algorithms/LinearSystems/Underdetermined/MinimumNorm/Pseudoinverse/UnderdeterminedSpec.lean,Algorithms,LeastSquares,Unassigned,880,164,25,23,19,15.243902,1,1,83,0,17,38,17,2.235294
NumStability.Algorithms.LinearSystems.Underdetermined.MinimumNorm.Solvers.Executor.Core,NumStability/Algorithms/LinearSystems/Underdetermined/MinimumNorm/Solvers/Executor/Core.lean,Algorithms,LeastSquares,Unassigned,15954,5401,130,101,99,2.406962,35,24,5,20,3,110,3,36.666667
NumStability.Algorithms.LinearSystems.Underdetermined.MinimumNorm.Solvers.UnderdeterminedSolve,NumStability/Algorithms/LinearSystems/Underdetermined/MinimumNorm/Solvers/UnderdeterminedSolve.lean,Algorithms,LeastSquares,Unassigned,15994,116,1,1,1,0.862069,59,3,2,56,1,0,1,0.0
NumStability.Algorithms.LinearSystems.Underdetermined.MinimumNorm.Solvers.UnderdeterminedSpec,NumStability/Algorithms/LinearSystems/Underdetermined/MinimumNorm/Solvers/UnderdeterminedSpec.lean,Algorithms,LeastSquares,Unassigned,882,145,5,5,4,3.448276,3,3,7,0,4,1,4,0.25
NumStability.Algorithms.LinearSystems.Underdetermined.MinimumNorm.Specifications.UnderdeterminedSolve,NumStability/Algorithms/LinearSystems/Underdetermined/MinimumNorm/Specifications/UnderdeterminedSolve.lean,Algorithms,LeastSquares,Unassigned,15994,106,1,1,1,0.943396,59,2,1,57,1,0,1,0.0
NumStability.Algorithms.LinearSystems.Underdetermined.MinimumNorm.Specifications.UnderdeterminedSpec,NumStability/Algorithms/LinearSystems/Underdetermined/MinimumNorm/Specifications/UnderdeterminedSpec.lean,Algorithms,LeastSquares,Unassigned,880,22,18,16,8,81.818182,1,1,36,0,6,27,6,4.5
NumStability.Algorithms.LinearSystems.Underdetermined.Perturbation.Bounds.Core,NumStability/Algorithms/LinearSystems/Underdetermined/Perturbation/Bounds/Core.lean,Algorithms,LeastSquares,Unassigned,875,760,16,9,9,2.105263,3,10,2,1,4,18,4,4.5
NumStability.Algorithms.LinearSystems.Underdetermined.Perturbation.Componentwise.Radius,NumStability/Algorithms/LinearSystems/Underdetermined/Perturbation/Componentwise/Radius.lean,Algorithms,LeastSquares,Unassigned,985,118,4,4,4,3.389831,60,3,1,57,4,2,4,0.5
NumStability.Algorithms.LinearSystems.Underdetermined.Perturbation.Componentwise.UnderdeterminedSolve,NumStability/Algorithms/LinearSystems/Underdetermined/Perturbation/Componentwise/UnderdeterminedSolve.lean,Algorithms,LeastSquares,Unassigned,15995,444,18,18,17,4.054054,60,4,9,56,14,13,14,0.928571
NumStability.Algorithms.LinearSystems.Underdetermined.Perturbation.FixedRadius.Radius,NumStability/Algorithms/LinearSystems/Underdetermined/Perturbation/FixedRadius/Radius.lean,Algorithms,LeastSquares,Unassigned,985,228,21,20,19,9.210526,60,7,6,53,16,25,16,1.5625
NumStability.Algorithms.LinearSystems.Underdetermined.Perturbation.Radius.Core,NumStability/Algorithms/LinearSystems/Underdetermined/Perturbation/Radius/Core.lean,Algorithms,LeastSquares,Unassigned,909,564,17,16,13,3.014184,5,13,3,2,2,15,2,7.5
NumStability.Algorithms.LinearSystems.Underdetermined.Projectors.ComplementNorm.ProjectorNorm,NumStability/Algorithms/LinearSystems/Underdetermined/Projectors/ComplementNorm/ProjectorNorm.lean,Algorithms,LeastSquares,Unassigned,440,182,8,7,6,4.395604,58,4,1,54,3,3,3,1.0
NumStability.Algorithms.LinearSystems.Underdetermined.QR.Foundations.UnderdeterminedSolve,NumStability/Algorithms/LinearSystems/Underdetermined/QR/Foundations/UnderdeterminedSolve.lean,Algorithms,LeastSquares,Unassigned,15995,292,12,9,8,4.109589,60,5,8,55,8,1,8,0.125
NumStability.Algorithms.LinearSystems.Underdetermined.QR.Givens.BackwardError.Core,NumStability/Algorithms/LinearSystems/Underdetermined/QR/Givens/BackwardError/Core.lean,Algorithms,LeastSquares,Unassigned,306,109,4,3,3,3.669725,58,6,8,52,3,3,3,1.0
NumStability.Algorithms.LinearSystems.Underdetermined.QR.Givens.EndToEnd.Core,NumStability/Algorithms/LinearSystems/Underdetermined/QR/Givens/EndToEnd/Core.lean,Algorithms,LeastSquares,Unassigned,1086,81,3,3,2,3.703704,4,15,1,1,1,1,1,1.0
NumStability.Algorithms.LinearSystems.Underdetermined.QR.Givens.Rounded.Core,NumStability/Algorithms/LinearSystems/Underdetermined/QR/Givens/Rounded/Core.lean,Algorithms,LeastSquares,Unassigned,720,245,5,5,5,2.040816,3,18,1,1,1,4,1,4.0
NumStability.Algorithms.LinearSystems.Underdetermined.QR.Givens.StoredReplay.EndToEnd.Core,NumStability/Algorithms/LinearSystems/Underdetermined/QR/Givens/StoredReplay/EndToEnd/Core.lean,Algorithms,LeastSquares,Unassigned,1162,826,80,62,37,9.68523,59,7,5,53,14,196,14,14.0
NumStability.Algorithms.LinearSystems.Underdetermined.QR.Givens.StoredReplay.RoundedReplay,NumStability/Algorithms/LinearSystems/Underdetermined/QR/Givens/StoredReplay/RoundedReplay.lean,Algorithms,LeastSquares,Unassigned,797,194,50,44,22,25.773196,59,7,9,53,23,128,23,5.565217
NumStability.Algorithms.LinearSystems.Underdetermined.QR.ModifiedGramSchmidt.CorrectedRecurrence.Core,NumStability/Algorithms/LinearSystems/Underdetermined/QR/ModifiedGramSchmidt/CorrectedRecurrence/Core.lean,Algorithms,LeastSquares,Unassigned,653,389,51,48,36,13.11054,58,5,6,53,16,107,16,6.6875
NumStability.Algorithms.LinearSystems.Underdetermined.QR.ModifiedGramSchmidt.Rounded.Core,NumStability/Algorithms/LinearSystems/Underdetermined/QR/ModifiedGramSchmidt/Rounded/Core.lean,Algorithms,LeastSquares,Unassigned,1177,386,34,14,12,8.80829,7,17,0,3,0,19,0,
NumStability.Algorithms.LinearSystems.Underdetermined.QR.ModifiedGramSchmidt.RoundedReplay.RoundedReplay,NumStability/Algorithms/LinearSystems/Underdetermined/QR/ModifiedGramSchmidt/RoundedReplay/RoundedReplay.lean,Algorithms,LeastSquares,Unassigned,1253,540,76,63,35,14.074074,62,9,2,53,16,166,16,10.375
NumStability.Algorithms.LinearSystems.Underdetermined.RankStability.FullRowRank.UnderdeterminedSolve,NumStability/Algorithms/LinearSystems/Underdetermined/RankStability/FullRowRank/UnderdeterminedSolve.lean,Algorithms,LeastSquares,Unassigned,15993,242,12,5,5,4.958678,58,3,3,55,4,3,4,0.75
NumStability.Algorithms.LinearSystems.Underdetermined.SeminormalEquations.ConditionTransfer.Core,NumStability/Algorithms/LinearSystems/Underdetermined/SeminormalEquations/ConditionTransfer/Core.lean,Algorithms,LeastSquares,Unassigned,811,141,3,3,3,2.12766,2,7,1,0,3,0,3,0.0
NumStability.Algorithms.LinearSystems.Underdetermined.SeminormalEquations.EndToEnd.Core,NumStability/Algorithms/LinearSystems/Underdetermined/SeminormalEquations/EndToEnd/Core.lean,Algorithms,LeastSquares,Unassigned,2782,703,5,5,5,0.711238,9,18,0,5,0,5,0,
NumStability.Algorithms.LinearSystems.Underdetermined.SeminormalEquations.ForwardError.ComputedOutput.Core,NumStability/Algorithms/LinearSystems/Underdetermined/SeminormalEquations/ForwardError/ComputedOutput/Core.lean,Algorithms,LeastSquares,Unassigned,739,139,9,7,6,6.47482,60,6,9,54,5,4,5,0.8
NumStability.Algorithms.LinearSystems.Underdetermined.SeminormalEquations.ForwardError.Forward,NumStability/Algorithms/LinearSystems/Underdetermined/SeminormalEquations/ForwardError/Forward.lean,Algorithms,LeastSquares,Unassigned,299,138,9,8,7,6.521739,58,5,13,53,7,8,7,1.142857
NumStability.Algorithms.LinearSystems.Underdetermined.SeminormalEquations.ForwardError.RemainderBounds,NumStability/Algorithms/LinearSystems/Underdetermined/SeminormalEquations/ForwardError/RemainderBounds.lean,Algorithms,LeastSquares,Unassigned,897,233,9,2,2,3.862661,59,2,2,57,1,1,1,1.0
NumStability.Algorithms.LinearSystems.Underdetermined.SeminormalEquations.ForwardError.UnderdeterminedSolve,NumStability/Algorithms/LinearSystems/Underdetermined/SeminormalEquations/ForwardError/UnderdeterminedSolve.lean,Algorithms,LeastSquares,Unassigned,15993,131,2,2,2,1.526718,58,2,1,56,2,1,2,0.5
NumStability.Algorithms.LinearSystems.Underdetermined.SeminormalEquations.Householder.EndToEnd,NumStability/Algorithms/LinearSystems/Underdetermined/SeminormalEquations/Householder/EndToEnd.lean,Algorithms,LeastSquares,Unassigned,2856,381,24,17,15,6.299213,62,10,6,52,14,16,14,1.142857
NumStability.Algorithms.LinearSystems.Underdetermined.SeminormalEquations.Householder.Uniform,NumStability/Algorithms/LinearSystems/Underdetermined/SeminormalEquations/Householder/Uniform.lean,Algorithms,LeastSquares,Unassigned,2065,110,4,4,4,3.636364,61,4,2,57,2,1,2,0.5
NumStability.Algorithms.LinearSystems.Underdetermined.SeminormalEquations.QRTransfer.EnvelopeTransfer,NumStability/Algorithms/LinearSystems/Underdetermined/SeminormalEquations/QRTransfer/EnvelopeTransfer.lean,Algorithms,LeastSquares,Unassigned,820,486,15,15,15,3.08642,62,8,1,54,1,25,1,25.0
NumStability.Algorithms.LinearSystems.Underdetermined.SeminormalEquations.QRTransfer.QRMajorant,NumStability/Algorithms/LinearSystems/Underdetermined/SeminormalEquations/QRTransfer/QRMajorant.lean,Algorithms,LeastSquares,Unassigned,421,268,4,4,4,1.492537,59,2,1,57,3,2,3,0.666667
NumStability.Algorithms.LinearSystems.Underdetermined.SeminormalEquations.QRTransfer.Signed,NumStability/Algorithms/LinearSystems/Underdetermined/SeminormalEquations/QRTransfer/Signed.lean,Algorithms,LeastSquares,Unassigned,1254,231,8,8,8,3.463203,59,7,4,53,8,4,8,0.5
NumStability.Algorithms.LinearSystems.Underdetermined.SeminormalEquations.TriangularSolves.EnvelopeTransfer,NumStability/Algorithms/LinearSystems/Underdetermined/SeminormalEquations/TriangularSolves/EnvelopeTransfer.lean,Algorithms,LeastSquares,Unassigned,817,117,1,1,1,0.854701,59,5,3,54,1,0,1,0.0
NumStability.Algorithms.LinearSystems.Underdetermined.SeminormalEquations.TriangularSolves.UnderdeterminedSolve,NumStability/Algorithms/LinearSystems/Underdetermined/SeminormalEquations/TriangularSolves/UnderdeterminedSolve.lean,Algorithms,LeastSquares,Unassigned,15993,108,1,1,1,0.925926,58,6,1,52,1,0,1,0.0
NumStability.Algorithms.LinearSystems.Underdetermined.SeminormalEquations.Uniform.Core,NumStability/Algorithms/LinearSystems/Underdetermined/SeminormalEquations/Uniform/Core.lean,Algorithms,LeastSquares,Unassigned,1988,1177,19,12,10,1.614274,5,26,0,1,0,13,0,
NumStability.Algorithms.LogExpProduct,NumStability/Algorithms/LogExpProduct.lean,Algorithms,Arithmetic,Unassigned,175,113,30,27,15,26.548673,2,4,0,1,0,51,0,
NumStability.Algorithms.MMatrix,NumStability/Algorithms/MMatrix.lean,Algorithms,Other,Unassigned,291,182,10,4,4,5.494505,5,6,1,1,1,10,1,10.0
NumStability.Algorithms.MatMul,NumStability/Algorithms/MatMul.lean,Algorithms,MatrixMultiplication,Unassigned,930,748,49,37,29,6.550802,4,5,21,0,5,132,5,26.4
NumStability.Algorithms.MatMulBackwardError,NumStability/Algorithms/MatMulBackwardError.lean,Algorithms,MatrixMultiplication,Unassigned,366,268,13,13,10,4.850746,1,0,0,1,0,17,0,
NumStability.Algorithms.MatSeqProduct,NumStability/Algorithms/MatSeqProduct.lean,Algorithms,MatrixMultiplication,Unassigned,173,120,24,16,6,20.0,1,1,0,0,0,33,0,
NumStability.Algorithms.MatVec,NumStability/Algorithms/MatVec.lean,Algorithms,DotProduct,Unassigned,399,289,16,16,13,5.536332,6,5,19,1,3,23,3,7.666667
NumStability.Algorithms.MatrixEquations,NumStability/Algorithms/MatrixEquations.lean,Algorithms,MatrixEquations,Unassigned,7,1,0,0,0,0.0,1,0,0,1,0,0,0,
NumStability.Algorithms.MatrixEquations.Sylvester,NumStability/Algorithms/MatrixEquations/Sylvester.lean,Algorithms,MatrixEquations,Unassigned,12,6,0,0,0,0.0,6,0,0,6,0,0,0,
NumStability.Algorithms.MatrixEquations.Sylvester.BackwardError,NumStability/Algorithms/MatrixEquations/Sylvester/BackwardError.lean,Algorithms,MatrixEquations,Unassigned,7,1,0,0,0,0.0,1,0,0,1,0,0,0,
NumStability.Algorithms.MatrixEquations.Sylvester.BackwardError.All,NumStability/Algorithms/MatrixEquations/Sylvester/BackwardError/All.lean,Algorithms,MatrixEquations,Unassigned,9,3,0,0,0,0.0,3,0,0,3,0,0,0,
NumStability.Algorithms.MatrixEquations.Sylvester.BackwardError.LyapunovSpectral,NumStability/Algorithms/MatrixEquations/Sylvester/BackwardError/LyapunovSpectral.lean,Algorithms,MatrixEquations,Unassigned,3034,1269,113,69,65,8.904649,5,5,7,0,47,184,47,3.914894
NumStability.Algorithms.MatrixEquations.Sylvester.BackwardError.Specification,NumStability/Algorithms/MatrixEquations/Sylvester/BackwardError/Specification.lean,Algorithms,MatrixEquations,Unassigned,305,90,4,4,4,4.444444,3,3,7,0,4,1,4,0.25
NumStability.Algorithms.MatrixEquations.Sylvester.BackwardError.SylvesterSVD,NumStability/Algorithms/MatrixEquations/Sylvester/BackwardError/SylvesterSVD.lean,Algorithms,MatrixEquations,Unassigned,3032,996,107,57,56,10.742972,3,3,9,0,41,142,41,3.463415
NumStability.Algorithms.MatrixEquations.Sylvester.Conditioning,NumStability/Algorithms/MatrixEquations/Sylvester/Conditioning.lean,Algorithms,MatrixEquations,Unassigned,11,5,0,0,0,0.0,5,0,0,5,0,0,0,
NumStability.Algorithms.MatrixEquations.Sylvester.Conditioning.All,NumStability/Algorithms/MatrixEquations/Sylvester/Conditioning/All.lean,Algorithms,MatrixEquations,Unassigned,12,6,0,0,0,0.0,6,0,0,6,0,0,0,
NumStability.Algorithms.MatrixEquations.Sylvester.Conditioning.AttainedMinima,NumStability/Algorithms/MatrixEquations/Sylvester/Conditioning/AttainedMinima.lean,Algorithms,MatrixEquations,Unassigned,7,1,0,0,0,0.0,1,0,0,1,0,0,0,
NumStability.Algorithms.MatrixEquations.Sylvester.Conditioning.AttainedMinima.All,NumStability/Algorithms/MatrixEquations/Sylvester/Conditioning/AttainedMinima/All.lean,Algorithms,MatrixEquations,Unassigned,8,2,0,0,0,0.0,2,0,0,2,0,0,0,
NumStability.Algorithms.MatrixEquations.Sylvester.Conditioning.AttainedMinima.BackwardError,NumStability/Algorithms/MatrixEquations/Sylvester/Conditioning/AttainedMinima/BackwardError.lean,Algorithms,MatrixEquations,Unassigned,10777,4314,150,145,141,3.477051,15,15,4,0,140,77,140,0.55
NumStability.Algorithms.MatrixEquations.Sylvester.Conditioning.AttainedMinima.Separation,NumStability/Algorithms/MatrixEquations/Sylvester/Conditioning/AttainedMinima/Separation.lean,Algorithms,MatrixEquations,Unassigned,10765,179,17,14,14,9.497207,3,3,2,0,7,20,7,2.857143
NumStability.Algorithms.MatrixEquations.Sylvester.Conditioning.AutomaticBounds,NumStability/Algorithms/MatrixEquations/Sylvester/Conditioning/AutomaticBounds.lean,Algorithms,MatrixEquations,Unassigned,7,1,0,0,0,0.0,1,0,0,1,0,0,0,
NumStability.Algorithms.MatrixEquations.Sylvester.Conditioning.AutomaticBounds.All,NumStability/Algorithms/MatrixEquations/Sylvester/Conditioning/AutomaticBounds/All.lean,Algorithms,MatrixEquations,Unassigned,7,1,0,0,0,0.0,1,0,0,1,0,0,0,
NumStability.Algorithms.MatrixEquations.Sylvester.Conditioning.AutomaticBounds.GramPositivity,NumStability/Algorithms/MatrixEquations/Sylvester/Conditioning/AutomaticBounds/GramPositivity.lean,Algorithms,MatrixEquations,Unassigned,522,113,5,5,5,4.424779,6,6,1,0,1,4,1,4.0
NumStability.Algorithms.MatrixEquations.Sylvester.Conditioning.FirstOrder,NumStability/Algorithms/MatrixEquations/Sylvester/Conditioning/FirstOrder.lean,Algorithms,MatrixEquations,Unassigned,532,168,9,9,9,5.357143,3,3,17,0,9,10,9,1.111111
NumStability.Algorithms.MatrixEquations.Sylvester.Conditioning.PracticalErrorBounds,NumStability/Algorithms/MatrixEquations/Sylvester/Conditioning/PracticalErrorBounds.lean,Algorithms,MatrixEquations,Unassigned,8129,2184,95,95,95,4.349817,4,4,11,0,67,401,67,5.985075
NumStability.Algorithms.MatrixEquations.Sylvester.Conditioning.PracticalEstimator,NumStability/Algorithms/MatrixEquations/Sylvester/Conditioning/PracticalEstimator.lean,Algorithms,MatrixEquations,Unassigned,7,1,0,0,0,0.0,1,0,0,1,0,0,0,
NumStability.Algorithms.MatrixEquations.Sylvester.Conditioning.PracticalEstimator.All,NumStability/Algorithms/MatrixEquations/Sylvester/Conditioning/PracticalEstimator/All.lean,Algorithms,MatrixEquations,Unassigned,7,1,0,0,0,0.0,1,0,0,1,0,0,0,
NumStability.Algorithms.MatrixEquations.Sylvester.Conditioning.PracticalEstimator.OneNorm,NumStability/Algorithms/MatrixEquations/Sylvester/Conditioning/PracticalEstimator/OneNorm.lean,Algorithms,MatrixEquations,Unassigned,463,84,9,9,9,10.714286,4,4,1,0,4,12,4,3.0
NumStability.Algorithms.MatrixEquations.Sylvester.Conditioning.Separation,NumStability/Algorithms/MatrixEquations/Sylvester/Conditioning/Separation.lean,Algorithms,MatrixEquations,Unassigned,8129,256,30,16,16,11.71875,4,4,25,0,16,33,16,2.0625
NumStability.Algorithms.MatrixEquations.Sylvester.Conditioning.SigmaMinBounds,NumStability/Algorithms/MatrixEquations/Sylvester/Conditioning/SigmaMinBounds.lean,Algorithms,MatrixEquations,Unassigned,7,1,0,0,0,0.0,1,0,0,1,0,0,0,
NumStability.Algorithms.MatrixEquations.Sylvester.Conditioning.SigmaMinBounds.All,NumStability/Algorithms/MatrixEquations/Sylvester/Conditioning/SigmaMinBounds/All.lean,Algorithms,MatrixEquations,Unassigned,10,4,0,0,0,0.0,4,0,0,4,0,0,0,
NumStability.Algorithms.MatrixEquations.Sylvester.Conditioning.SigmaMinBounds.Lyapunov,NumStability/Algorithms/MatrixEquations/Sylvester/Conditioning/SigmaMinBounds/Lyapunov.lean,Algorithms,MatrixEquations,Unassigned,715,297,16,16,16,5.387205,10,10,3,0,14,13,14,0.928571
NumStability.Algorithms.MatrixEquations.Sylvester.Conditioning.SigmaMinBounds.StructuredSylvester,NumStability/Algorithms/MatrixEquations/Sylvester/Conditioning/SigmaMinBounds/StructuredSylvester.lean,Algorithms,MatrixEquations,Unassigned,189,40,2,2,2,5.0,5,5,2,0,2,1,2,0.5
NumStability.Algorithms.MatrixEquations.Sylvester.Conditioning.SigmaMinBounds.SylvesterPerturbation,NumStability/Algorithms/MatrixEquations/Sylvester/Conditioning/SigmaMinBounds/SylvesterPerturbation.lean,Algorithms,MatrixEquations,Unassigned,716,264,14,14,14,5.30303,7,7,7,0,14,5,14,0.357143
NumStability.Algorithms.MatrixEquations.Sylvester.Conditioning.SigmaMinBounds.Vectorized,NumStability/Algorithms/MatrixEquations/Sylvester/Conditioning/SigmaMinBounds/Vectorized.lean,Algorithms,MatrixEquations,Unassigned,10081,4678,304,290,290,6.498504,20,20,11,0,170,511,170,3.005882
NumStability.Algorithms.MatrixEquations.Sylvester.Conditioning.SingularValue,NumStability/Algorithms/MatrixEquations/Sylvester/Conditioning/SingularValue.lean,Algorithms,MatrixEquations,Unassigned,343,50,3,3,3,6.0,6,5,5,1,3,2,3,0.666667
NumStability.Algorithms.MatrixEquations.Sylvester.Conditioning.StructuredLyapunov,NumStability/Algorithms/MatrixEquations/Sylvester/Conditioning/StructuredLyapunov.lean,Algorithms,MatrixEquations,Unassigned,1838,830,55,40,40,6.626506,9,9,10,0,33,51,33,1.545455
NumStability.Algorithms.MatrixEquations.Sylvester.Conditioning.StructuredSylvester,NumStability/Algorithms/MatrixEquations/Sylvester/Conditioning/StructuredSylvester.lean,Algorithms,MatrixEquations,Unassigned,847,283,22,15,15,7.773852,5,5,8,0,14,23,14,1.642857
NumStability.Algorithms.MatrixEquations.Sylvester.Equation,NumStability/Algorithms/MatrixEquations/Sylvester/Equation.lean,Algorithms,MatrixEquations,Unassigned,8,2,0,0,0,0.0,2,0,0,2,0,0,0,
NumStability.Algorithms.MatrixEquations.Sylvester.Equation.All,NumStability/Algorithms/MatrixEquations/Sylvester/Equation/All.lean,Algorithms,MatrixEquations,Unassigned,12,6,0,0,0,0.0,6,0,0,6,0,0,0,
NumStability.Algorithms.MatrixEquations.Sylvester.Equation.Basic,NumStability/Algorithms/MatrixEquations/Sylvester/Equation/Basic.lean,Algorithms,MatrixEquations,Unassigned,303,63,5,5,5,7.936508,1,1,48,0,4,6,4,1.5
NumStability.Algorithms.MatrixEquations.Sylvester.Equation.Diagonal,NumStability/Algorithms/MatrixEquations/Sylvester/Equation/Diagonal.lean,Algorithms,MatrixEquations,Unassigned,10787,294,27,27,24,9.183673,5,5,10,0,24,44,24,1.833333
NumStability.Algorithms.MatrixEquations.Sylvester.Equation.Lyapunov,NumStability/Algorithms/MatrixEquations/Sylvester/Equation/Lyapunov.lean,Algorithms,MatrixEquations,Unassigned,8422,101,8,8,8,7.920792,2,2,24,0,8,12,8,1.5
NumStability.Algorithms.MatrixEquations.Sylvester.Equation.Rectangular,NumStability/Algorithms/MatrixEquations/Sylvester/Equation/Rectangular.lean,Algorithms,MatrixEquations,Unassigned,8127,30,6,6,6,20.0,2,2,39,0,6,5,6,0.833333
NumStability.Algorithms.MatrixEquations.Sylvester.Equation.SchurCoordinates,NumStability/Algorithms/MatrixEquations/Sylvester/Equation/SchurCoordinates.lean,Algorithms,MatrixEquations,Unassigned,8127,92,4,4,4,4.347826,2,2,4,0,4,1,4,0.25
NumStability.Algorithms.MatrixEquations.Sylvester.Equation.Vectorization,NumStability/Algorithms/MatrixEquations/Sylvester/Equation/Vectorization.lean,Algorithms,MatrixEquations,Unassigned,8127,91,13,13,10,14.285714,2,2,42,0,10,11,10,1.1
NumStability.Algorithms.MatrixEquations.Sylvester.Equation.VectorizationIdentities,NumStability/Algorithms/MatrixEquations/Sylvester/Equation/VectorizationIdentities.lean,Algorithms,MatrixEquations,Unassigned,7,1,0,0,0,0.0,1,0,0,1,0,0,0,
NumStability.Algorithms.MatrixEquations.Sylvester.Equation.VectorizationIdentities.All,NumStability/Algorithms/MatrixEquations/Sylvester/Equation/VectorizationIdentities/All.lean,Algorithms,MatrixEquations,Unassigned,7,1,0,0,0,0.0,1,0,0,1,0,0,0,
NumStability.Algorithms.MatrixEquations.Sylvester.Equation.VectorizationIdentities.KroneckerPermutation,NumStability/Algorithms/MatrixEquations/Sylvester/Equation/VectorizationIdentities/KroneckerPermutation.lean,Algorithms,MatrixEquations,Unassigned,98,28,5,4,2,17.857143,1,1,1,0,2,3,2,1.5
NumStability.Algorithms.MatrixEquations.Sylvester.GeneralizedEquations,NumStability/Algorithms/MatrixEquations/Sylvester/GeneralizedEquations.lean,Algorithms,MatrixEquations,Unassigned,7,1,0,0,0,0.0,1,0,0,1,0,0,0,
NumStability.Algorithms.MatrixEquations.Sylvester.GeneralizedEquations.All,NumStability/Algorithms/MatrixEquations/Sylvester/GeneralizedEquations/All.lean,Algorithms,MatrixEquations,Unassigned,7,1,0,0,0,0.0,1,0,0,1,0,0,0,
NumStability.Algorithms.MatrixEquations.Sylvester.GeneralizedEquations.Basic,NumStability/Algorithms/MatrixEquations/Sylvester/GeneralizedEquations/Basic.lean,Algorithms,MatrixEquations,Unassigned,8126,102,10,10,10,9.803922,1,1,3,0,10,7,10,0.7
NumStability.Algorithms.MatrixEquations.Sylvester.Perturbation,NumStability/Algorithms/MatrixEquations/Sylvester/Perturbation.lean,Algorithms,MatrixEquations,Unassigned,7,1,0,0,0,0.0,1,0,0,1,0,0,0,
NumStability.Algorithms.MatrixEquations.Sylvester.Perturbation.All,NumStability/Algorithms/MatrixEquations/Sylvester/Perturbation/All.lean,Algorithms,MatrixEquations,Unassigned,9,3,0,0,0,0.0,3,0,0,3,0,0,0,
NumStability.Algorithms.MatrixEquations.Sylvester.Perturbation.Basic,NumStability/Algorithms/MatrixEquations/Sylvester/Perturbation/Basic.lean,Algorithms,MatrixEquations,Unassigned,532,166,13,6,6,7.831325,3,3,8,0,6,2,6,0.333333
NumStability.Algorithms.MatrixEquations.Sylvester.Perturbation.SeparationBounds,NumStability/Algorithms/MatrixEquations/Sylvester/Perturbation/SeparationBounds.lean,Algorithms,MatrixEquations,Unassigned,8130,469,32,25,25,6.823028,5,5,6,0,19,18,19,0.947368
NumStability.Algorithms.MatrixEquations.Sylvester.Perturbation.Vectorization,NumStability/Algorithms/MatrixEquations/Sylvester/Perturbation/Vectorization.lean,Algorithms,MatrixEquations,Unassigned,8131,48,4,4,3,8.333333,6,6,2,0,3,0,3,0.0
NumStability.Algorithms.MatrixEquations.Sylvester.Solvers,NumStability/Algorithms/MatrixEquations/Sylvester/Solvers.lean,Algorithms,MatrixEquations,Unassigned,11,5,0,0,0,0.0,5,0,0,5,0,0,0,
NumStability.Algorithms.MatrixEquations.Sylvester.Solvers.ComplexSchur,NumStability/Algorithms/MatrixEquations/Sylvester/Solvers/ComplexSchur.lean,Algorithms,MatrixEquations,Unassigned,7,1,0,0,0,0.0,1,0,0,1,0,0,0,
NumStability.Algorithms.MatrixEquations.Sylvester.Solvers.ComplexSchur.All,NumStability/Algorithms/MatrixEquations/Sylvester/Solvers/ComplexSchur/All.lean,Algorithms,MatrixEquations,Unassigned,9,3,0,0,0,0.0,3,0,0,3,0,0,0,
NumStability.Algorithms.MatrixEquations.Sylvester.Solvers.ComplexSchur.Existence,NumStability/Algorithms/MatrixEquations/Sylvester/Solvers/ComplexSchur/Existence.lean,Algorithms,MatrixEquations,Unassigned,1345,418,31,28,25,7.416268,1,1,4,0,15,57,15,3.8
NumStability.Algorithms.MatrixEquations.Sylvester.Solvers.ComplexSchur.SpectralSolvability,NumStability/Algorithms/MatrixEquations/Sylvester/Solvers/ComplexSchur/SpectralSolvability.lean,Algorithms,MatrixEquations,Unassigned,18510,854,61,53,50,7.142857,4,4,9,0,30,67,30,2.233333
NumStability.Algorithms.MatrixEquations.Sylvester.Solvers.ComplexSchur.VectorizedSolvability,NumStability/Algorithms/MatrixEquations/Sylvester/Solvers/ComplexSchur/VectorizedSolvability.lean,Algorithms,MatrixEquations,Unassigned,10065,26,1,1,1,3.846154,4,4,1,0,1,0,1,0.0
NumStability.Algorithms.MatrixEquations.Sylvester.Solvers.HessenbergSchur,NumStability/Algorithms/MatrixEquations/Sylvester/Solvers/HessenbergSchur.lean,Algorithms,MatrixEquations,Unassigned,7,1,0,0,0,0.0,1,0,0,1,0,0,0,
NumStability.Algorithms.MatrixEquations.Sylvester.Solvers.HessenbergSchur.All,NumStability/Algorithms/MatrixEquations/Sylvester/Solvers/HessenbergSchur/All.lean,Algorithms,MatrixEquations,Unassigned,6,0,0,0,0,,0,0,0,0,0,0,0,
NumStability.Algorithms.MatrixEquations.Sylvester.Solvers.PivotedSmallBlocks,NumStability/Algorithms/MatrixEquations/Sylvester/Solvers/PivotedSmallBlocks.lean,Algorithms,MatrixEquations,Unassigned,7,1,0,0,0,0.0,1,0,0,1,0,0,0,
NumStability.Algorithms.MatrixEquations.Sylvester.Solvers.PivotedSmallBlocks.All,NumStability/Algorithms/MatrixEquations/Sylvester/Solvers/PivotedSmallBlocks/All.lean,Algorithms,MatrixEquations,Unassigned,7,1,0,0,0,0.0,1,0,0,1,0,0,0,
NumStability.Algorithms.MatrixEquations.Sylvester.Solvers.PivotedSmallBlocks.CompletePivot,NumStability/Algorithms/MatrixEquations/Sylvester/Solvers/PivotedSmallBlocks/CompletePivot.lean,Algorithms,MatrixEquations,Unassigned,460,252,65,52,26,25.793651,6,6,1,0,6,188,6,31.333333
NumStability.Algorithms.MatrixEquations.Sylvester.Solvers.QuasiTriangularBartelsStewart,NumStability/Algorithms/MatrixEquations/Sylvester/Solvers/QuasiTriangularBartelsStewart.lean,Algorithms,MatrixEquations,Unassigned,7,1,0,0,0,0.0,1,0,0,1,0,0,0,
NumStability.Algorithms.MatrixEquations.Sylvester.Solvers.QuasiTriangularBartelsStewart.All,NumStability/Algorithms/MatrixEquations/Sylvester/Solvers/QuasiTriangularBartelsStewart/All.lean,Algorithms,MatrixEquations,Unassigned,12,6,0,0,0,0.0,6,0,0,6,0,0,0,
NumStability.Algorithms.MatrixEquations.Sylvester.Solvers.QuasiTriangularBartelsStewart.BlockTraversal,NumStability/Algorithms/MatrixEquations/Sylvester/Solvers/QuasiTriangularBartelsStewart/BlockTraversal.lean,Algorithms,MatrixEquations,Unassigned,18514,6263,363,266,247,5.795944,8,8,19,0,75,929,75,12.386667
NumStability.Algorithms.MatrixEquations.Sylvester.Solvers.QuasiTriangularBartelsStewart.Executor,NumStability/Algorithms/MatrixEquations/Sylvester/Solvers/QuasiTriangularBartelsStewart/Executor.lean,Algorithms,MatrixEquations,Unassigned,835,377,18,17,17,4.774536,11,11,1,0,15,22,15,1.466667
NumStability.Algorithms.MatrixEquations.Sylvester.Solvers.QuasiTriangularBartelsStewart.QuasiQuasiSolve,NumStability/Algorithms/MatrixEquations/Sylvester/Solvers/QuasiTriangularBartelsStewart/QuasiQuasiSolve.lean,Algorithms,MatrixEquations,Unassigned,1018,640,42,28,22,6.5625,8,8,3,0,17,80,17,4.705882
NumStability.Algorithms.MatrixEquations.Sylvester.Solvers.QuasiTriangularBartelsStewart.QuasiTriangularSolve,NumStability/Algorithms/MatrixEquations/Sylvester/Solvers/QuasiTriangularBartelsStewart/QuasiTriangularSolve.lean,Algorithms,MatrixEquations,Unassigned,2080,842,161,33,31,19.12114,7,7,13,0,27,309,27,11.444444
NumStability.Algorithms.MatrixEquations.Sylvester.Solvers.QuasiTriangularBartelsStewart.QuasiTriangularSylvester,NumStability/Algorithms/MatrixEquations/Sylvester/Solvers/QuasiTriangularBartelsStewart/QuasiTriangularSylvester.lean,Algorithms,MatrixEquations,Unassigned,895,92,12,7,7,13.043478,5,5,2,0,7,7,7,1.0
NumStability.Algorithms.MatrixEquations.Sylvester.Solvers.QuasiTriangularBartelsStewart.SmallSystemRounding,NumStability/Algorithms/MatrixEquations/Sylvester/Solvers/QuasiTriangularBartelsStewart/SmallSystemRounding.lean,Algorithms,MatrixEquations,Unassigned,2446,2010,300,65,58,14.925373,7,7,6,0,27,933,27,34.555556
NumStability.Algorithms.MatrixEquations.Sylvester.Solvers.TriangularBartelsStewart,NumStability/Algorithms/MatrixEquations/Sylvester/Solvers/TriangularBartelsStewart.lean,Algorithms,MatrixEquations,Unassigned,7,1,0,0,0,0.0,1,0,0,1,0,0,0,
NumStability.Algorithms.MatrixEquations.Sylvester.Solvers.TriangularBartelsStewart.All,NumStability/Algorithms/MatrixEquations/Sylvester/Solvers/TriangularBartelsStewart/All.lean,Algorithms,MatrixEquations,Unassigned,9,3,0,0,0,0.0,3,0,0,3,0,0,0,
NumStability.Algorithms.MatrixEquations.Sylvester.Solvers.TriangularBartelsStewart.EndToEnd,NumStability/Algorithms/MatrixEquations/Sylvester/Solvers/TriangularBartelsStewart/EndToEnd.lean,Algorithms,MatrixEquations,Unassigned,395,142,5,5,5,3.521127,6,6,3,0,5,3,5,0.6
NumStability.Algorithms.MatrixEquations.Sylvester.Solvers.TriangularBartelsStewart.ResidualAssembly,NumStability/Algorithms/MatrixEquations/Sylvester/Solvers/TriangularBartelsStewart/ResidualAssembly.lean,Algorithms,MatrixEquations,Unassigned,969,27,2,2,2,7.407407,2,1,3,1,2,1,2,0.5
NumStability.Algorithms.MatrixEquations.Sylvester.Solvers.TriangularBartelsStewart.RoundedSolve,NumStability/Algorithms/MatrixEquations/Sylvester/Solvers/TriangularBartelsStewart/RoundedSolve.lean,Algorithms,MatrixEquations,Unassigned,700,383,27,26,26,7.049608,7,7,11,0,19,55,19,2.894737
NumStability.Algorithms.MatrixInversion.LUFactors,NumStability/Algorithms/MatrixInversion/LUFactors.lean,Algorithms,LU,Unassigned,8,2,0,0,0,0.0,2,0,0,2,0,0,0,
NumStability.Algorithms.MatrixInversion.LUFactors.ErrorAnalysis,NumStability/Algorithms/MatrixInversion/LUFactors/ErrorAnalysis.lean,Algorithms,LU,Unassigned,7,1,0,0,0,0.0,1,0,0,1,0,0,0,
NumStability.Algorithms.MatrixInversion.LUFactors.ErrorAnalysis.MatrixInversion,NumStability/Algorithms/MatrixInversion/LUFactors/ErrorAnalysis/MatrixInversion.lean,Algorithms,LU,Unassigned,825,676,27,16,15,3.994083,17,9,1,8,1,17,1,17.0
NumStability.Algorithms.MatrixInversion.LUFactors.Methods,NumStability/Algorithms/MatrixInversion/LUFactors/Methods.lean,Algorithms,LU,Unassigned,7,1,0,0,0,0.0,1,0,0,1,0,0,0,
NumStability.Algorithms.MatrixInversion.LUFactors.Methods.MatrixInversion,NumStability/Algorithms/MatrixInversion/LUFactors/Methods/MatrixInversion.lean,Algorithms,LU,Unassigned,48,32,1,1,1,3.125,15,3,1,12,1,0,1,0.0
NumStability.Algorithms.MatrixInversion.Residuals,NumStability/Algorithms/MatrixInversion/Residuals.lean,Algorithms,Other,Unassigned,7,1,0,0,0,0.0,1,0,0,1,0,0,0,
NumStability.Algorithms.MatrixInversion.Residuals.MatrixInversion,NumStability/Algorithms/MatrixInversion/Residuals/MatrixInversion.lean,Algorithms,Other,Unassigned,420,310,14,7,7,4.516129,15,4,8,11,3,4,3,1.333333
NumStability.Algorithms.MatrixInversion.Triangular,NumStability/Algorithms/MatrixInversion/Triangular.lean,Algorithms,Other,Unassigned,8,2,0,0,0,0.0,2,0,0,2,0,0,0,
NumStability.Algorithms.MatrixInversion.Triangular.ErrorAnalysis,NumStability/Algorithms/MatrixInversion/Triangular/ErrorAnalysis.lean,Algorithms,Other,Unassigned,7,1,0,0,0,0.0,1,0,0,1,0,0,0,
NumStability.Algorithms.MatrixInversion.Triangular.ErrorAnalysis.MatrixInversion,NumStability/Algorithms/MatrixInversion/Triangular/ErrorAnalysis/MatrixInversion.lean,Algorithms,Other,Unassigned,1788,1498,67,40,40,4.47263,17,7,4,11,9,56,9,6.222222
NumStability.Algorithms.MatrixInversion.Triangular.Specifications,NumStability/Algorithms/MatrixInversion/Triangular/Specifications.lean,Algorithms,Other,Unassigned,7,1,0,0,0,0.0,1,0,0,1,0,0,0,
NumStability.Algorithms.MatrixInversion.Triangular.Specifications.MatrixInversion,NumStability/Algorithms/MatrixInversion/Triangular/Specifications/MatrixInversion.lean,Algorithms,Other,Unassigned,106,53,26,23,11,49.056604,15,3,2,13,10,47,10,4.7
NumStability.Algorithms.MatrixPowers.ComputedIteration.Model,NumStability/Algorithms/MatrixPowers/ComputedIteration/Model.lean,Algorithms,MatrixPowers,Unassigned,1100,61,20,15,7,32.786885,4,4,8,0,5,33,5,6.6
NumStability.Algorithms.NeumaierCompensatedFiniteFormat,NumStability/Algorithms/NeumaierCompensatedFiniteFormat.lean,Algorithms,Summation,Unassigned,1011,337,11,6,6,3.264095,6,8,0,1,0,10,0,
NumStability.Algorithms.Norm2,NumStability/Algorithms/Norm2.lean,Algorithms,Norms,Unassigned,368,260,33,20,19,12.692308,1,3,13,0,9,32,9,3.555556
NumStability.Algorithms.NormEstimation,NumStability/Algorithms/NormEstimation.lean,Algorithms,Norms,Unassigned,9,3,0,0,0,0.0,3,0,0,3,0,0,0,
NumStability.Algorithms.NormEstimation.OneNorm,NumStability/Algorithms/NormEstimation/OneNorm.lean,Algorithms,Norms,Unassigned,7,1,0,0,0,0.0,1,0,0,1,0,0,0,
NumStability.Algorithms.NormEstimation.OneNorm.All,NumStability/Algorithms/NormEstimation/OneNorm/All.lean,Algorithms,Norms,Unassigned,12,6,0,0,0,0.0,6,0,0,6,0,0,0,
NumStability.Algorithms.NormEstimation.OneNorm.FiniteIndex.Basic,NumStability/Algorithms/NormEstimation/OneNorm/FiniteIndex/Basic.lean,Algorithms,Norms,Unassigned,78,54,6,5,5,11.111111,2,1,21,1,4,2,4,0.5
NumStability.Algorithms.NormEstimation.OneNorm.GeneralIndex,NumStability/Algorithms/NormEstimation/OneNorm/GeneralIndex.lean,Algorithms,Norms,Unassigned,461,132,20,20,20,15.151515,2,3,1,0,6,35,6,5.833333
NumStability.Algorithms.NormEstimation.OneNorm.LAPACK.Basic,NumStability/Algorithms/NormEstimation/OneNorm/LAPACK/Basic.lean,Algorithms,Norms,Unassigned,51,26,2,2,2,7.692308,3,1,6,2,2,1,2,0.5
NumStability.Algorithms.NormEstimation.OneNorm.LINPACK.Basic,NumStability/Algorithms/NormEstimation/OneNorm/LINPACK/Basic.lean,Algorithms,Norms,Unassigned,161,92,12,11,10,13.043478,2,1,2,1,10,11,10,1.1
NumStability.Algorithms.NormEstimation.OneNorm.PowerMethod.CondEstimation,NumStability/Algorithms/NormEstimation/OneNorm/PowerMethod/CondEstimation.lean,Algorithms,Norms,Unassigned,140,92,33,29,13,35.869565,3,2,19,1,16,62,16,3.875
NumStability.Algorithms.NormEstimation.OneNorm.PowerMethod.PNormPowerMethod,NumStability/Algorithms/NormEstimation/OneNorm/PowerMethod/PNormPowerMethod.lean,Algorithms,Norms,Unassigned,135,95,7,7,7,7.368421,5,4,6,1,7,8,7,1.142857
NumStability.Algorithms.NormEstimation.PNorm,NumStability/Algorithms/NormEstimation/PNorm.lean,Algorithms,Norms,Unassigned,7,1,0,0,0,0.0,1,0,0,1,0,0,0,
NumStability.Algorithms.NormEstimation.PNorm.All,NumStability/Algorithms/NormEstimation/PNorm/All.lean,Algorithms,Norms,Unassigned,25,19,0,0,0,0.0,19,0,0,19,0,0,0,
NumStability.Algorithms.NormEstimation.PNorm.Boyd,NumStability/Algorithms/NormEstimation/PNorm/Boyd.lean,Algorithms,Norms,Unassigned,26,20,0,0,0,0.0,20,0,0,20,0,0,0,
NumStability.Algorithms.NormEstimation.PNorm.Boyd.Carrier.BoydInterface,NumStability/Algorithms/NormEstimation/PNorm/Boyd/Carrier/BoydInterface.lean,Algorithms,Norms,Unassigned,289,241,18,18,16,7.46888,9,5,6,4,9,24,9,2.666667
NumStability.Algorithms.NormEstimation.PNorm.Boyd.Carrier.BoydLocal,NumStability/Algorithms/NormEstimation/PNorm/Boyd/Carrier/BoydLocal.lean,Algorithms,Norms,Unassigned,565,492,47,38,37,9.552846,6,2,17,4,23,132,23,5.73913
NumStability.Algorithms.NormEstimation.PNorm.Boyd.Differentiation.BoydDomain,NumStability/Algorithms/NormEstimation/PNorm/Boyd/Differentiation/BoydDomain.lean,Algorithms,Norms,Unassigned,325,293,13,6,6,4.43686,10,6,3,4,4,7,4,1.75
NumStability.Algorithms.NormEstimation.PNorm.Boyd.Differentiation.BoydInterface,NumStability/Algorithms/NormEstimation/PNorm/Boyd/Differentiation/BoydInterface.lean,Algorithms,Norms,Unassigned,107,87,4,4,4,4.597701,7,3,2,4,2,2,2,1.0
NumStability.Algorithms.NormEstimation.PNorm.Boyd.Differentiation.BoydLocal,NumStability/Algorithms/NormEstimation/PNorm/Boyd/Differentiation/BoydLocal.lean,Algorithms,Norms,Unassigned,517,472,18,11,11,3.813559,8,4,4,4,7,12,7,1.714286
NumStability.Algorithms.NormEstimation.PNorm.Boyd.Differentiation.PNormGeneral,NumStability/Algorithms/NormEstimation/PNorm/Boyd/Differentiation/PNormGeneral.lean,Algorithms,Norms,Unassigned,162,134,14,6,5,10.447761,6,3,27,4,5,10,5,2.0
NumStability.Algorithms.NormEstimation.PNorm.Boyd.FixedPoints.BoydConcrete,NumStability/Algorithms/NormEstimation/PNorm/Boyd/FixedPoints/BoydConcrete.lean,Algorithms,Norms,Unassigned,65,47,2,1,1,4.255319,6,2,6,4,1,1,1,1.0
NumStability.Algorithms.NormEstimation.PNorm.Boyd.FixedPoints.BoydInterface,NumStability/Algorithms/NormEstimation/PNorm/Boyd/FixedPoints/BoydInterface.lean,Algorithms,Norms,Unassigned,175,155,9,2,2,5.806452,8,9,2,2,1,1,1,1.0
NumStability.Algorithms.NormEstimation.PNorm.Boyd.FixedPoints.BoydLocal,NumStability/Algorithms/NormEstimation/PNorm/Boyd/FixedPoints/BoydLocal.lean,Algorithms,Norms,Unassigned,177,150,11,4,4,7.333333,7,3,8,4,3,2,3,0.666667
NumStability.Algorithms.NormEstimation.PNorm.Boyd.LocalStability.BoydConcrete,NumStability/Algorithms/NormEstimation/PNorm/Boyd/LocalStability/BoydConcrete.lean,Algorithms,Norms,Unassigned,811,687,100,51,46,14.556041,13,9,3,4,4,226,4,56.5
NumStability.Algorithms.NormEstimation.PNorm.Boyd.LocalStability.BoydInterface,NumStability/Algorithms/NormEstimation/PNorm/Boyd/LocalStability/BoydInterface.lean,Algorithms,Norms,Unassigned,137,108,4,4,4,3.703704,4,0,3,4,4,4,4,1.0
NumStability.Algorithms.NormEstimation.PNorm.Boyd.LocalStability.BoydLocal,NumStability/Algorithms/NormEstimation/PNorm/Boyd/LocalStability/BoydLocal.lean,Algorithms,Norms,Unassigned,128,108,2,2,2,1.851852,4,0,2,4,1,1,1,1.0
NumStability.Algorithms.NormEstimation.PNorm.Boyd.LocalStability.BoydLocalStability,NumStability/Algorithms/NormEstimation/PNorm/Boyd/LocalStability/BoydLocalStability.lean,Algorithms,Norms,Unassigned,357,304,33,16,15,10.855263,5,1,6,4,9,30,9,3.333333
NumStability.Algorithms.NormEstimation.PNorm.Boyd.RowwiseDomain.Basic,NumStability/Algorithms/NormEstimation/PNorm/Boyd/RowwiseDomain/Basic.lean,Algorithms,Norms,Unassigned,491,432,26,18,15,6.018519,11,7,4,4,7,39,7,5.571429
NumStability.Algorithms.NormEstimation.PNorm.Boyd.Scalar.BoydDomain,NumStability/Algorithms/NormEstimation/PNorm/Boyd/Scalar/BoydDomain.lean,Algorithms,Norms,Unassigned,67,49,1,1,1,2.040816,5,1,2,4,1,0,1,0.0
NumStability.Algorithms.NormEstimation.PNorm.Boyd.Scalar.BoydLocal,NumStability/Algorithms/NormEstimation/PNorm/Boyd/Scalar/BoydLocal.lean,Algorithms,Norms,Unassigned,228,198,21,14,14,10.606061,4,0,10,4,10,10,10,1.0
NumStability.Algorithms.NormEstimation.PNorm.Boyd.Scalar.BoydRowwise,NumStability/Algorithms/NormEstimation/PNorm/Boyd/Scalar/BoydRowwise.lean,Algorithms,Norms,Unassigned,65,47,1,1,1,2.12766,5,1,1,4,1,0,1,0.0
NumStability.Algorithms.NormEstimation.PNorm.Boyd.SecondVariation.BoydConcrete,NumStability/Algorithms/NormEstimation/PNorm/Boyd/SecondVariation/BoydConcrete.lean,Algorithms,Norms,Unassigned,92,64,5,4,4,7.8125,6,2,8,4,4,3,4,0.75
NumStability.Algorithms.NormEstimation.PNorm.Boyd.SecondVariation.BoydLocal,NumStability/Algorithms/NormEstimation/PNorm/Boyd/SecondVariation/BoydLocal.lean,Algorithms,Norms,Unassigned,214,171,10,9,6,5.847953,5,1,2,4,5,14,5,2.8
NumStability.Algorithms.NormEstimation.PNorm.Boyd.Uniqueness.Basic,NumStability/Algorithms/NormEstimation/PNorm/Boyd/Uniqueness/Basic.lean,Algorithms,Norms,Unassigned,288,255,36,15,11,14.117647,9,5,1,4,9,12,9,1.333333
NumStability.Algorithms.NormEstimation.PNorm.Convergence.BoydConcrete,NumStability/Algorithms/NormEstimation/PNorm/Convergence/BoydConcrete.lean,Algorithms,Norms,Unassigned,64,46,1,1,1,2.173913,6,2,2,4,1,0,1,0.0
NumStability.Algorithms.NormEstimation.PNorm.Convergence.BoydInterface,NumStability/Algorithms/NormEstimation/PNorm/Convergence/BoydInterface.lean,Algorithms,Norms,Unassigned,128,106,2,2,2,1.886792,5,1,1,4,2,0,2,0.0
NumStability.Algorithms.NormEstimation.PNorm.Convergence.ConvergenceStatements,NumStability/Algorithms/NormEstimation/PNorm/Convergence/ConvergenceStatements.lean,Algorithms,Norms,Unassigned,81,52,2,2,2,3.846154,5,1,1,4,2,0,2,0.0
NumStability.Algorithms.NormEstimation.PNorm.Duality.BoydInterface,NumStability/Algorithms/NormEstimation/PNorm/Duality/BoydInterface.lean,Algorithms,Norms,Unassigned,285,230,19,19,17,8.26087,8,5,10,4,10,17,10,1.7
NumStability.Algorithms.NormEstimation.PNorm.Duality.BoydUniqueness,NumStability/Algorithms/NormEstimation/PNorm/Duality/BoydUniqueness.lean,Algorithms,Norms,Unassigned,92,71,6,6,6,8.450704,6,3,2,4,4,3,4,0.75
NumStability.Algorithms.NormEstimation.PNorm.Duality.ConvergenceStatements,NumStability/Algorithms/NormEstimation/PNorm/Duality/ConvergenceStatements.lean,Algorithms,Norms,Unassigned,118,96,4,4,3,4.166667,5,2,2,3,3,0,3,0.0
NumStability.Algorithms.NormEstimation.PNorm.Duality.PNormGeneral,NumStability/Algorithms/NormEstimation/PNorm/Duality/PNormGeneral.lean,Algorithms,Norms,Unassigned,239,199,19,18,15,9.547739,7,5,19,4,16,40,16,2.5
NumStability.Algorithms.NormEstimation.PNorm.Duality.PNormPowerMethod,NumStability/Algorithms/NormEstimation/PNorm/Duality/PNormPowerMethod.lean,Algorithms,Norms,Unassigned,206,160,21,13,12,13.125,2,1,14,1,11,19,11,1.727273
NumStability.Algorithms.NormEstimation.PNorm.OneAndInfinityNorms.Rectangular,NumStability/Algorithms/NormEstimation/PNorm/OneAndInfinityNorms/Rectangular.lean,Algorithms,Norms,Unassigned,158,120,7,6,6,5.833333,7,4,4,3,5,5,5,1.0
NumStability.Algorithms.NormEstimation.PNorm.OneAndInfinityNorms.Square,NumStability/Algorithms/NormEstimation/PNorm/OneAndInfinityNorms/Square.lean,Algorithms,Norms,Unassigned,211,161,13,8,8,8.074534,8,5,2,3,6,10,6,1.666667
NumStability.Algorithms.NormEstimation.PNorm.PowerMethod.BoydConcrete,NumStability/Algorithms/NormEstimation/PNorm/PowerMethod/BoydConcrete.lean,Algorithms,Norms,Unassigned,61,43,1,1,1,2.325581,6,2,3,4,1,0,1,0.0
NumStability.Algorithms.NormEstimation.PNorm.PowerMethod.BoydInterface,NumStability/Algorithms/NormEstimation/PNorm/PowerMethod/BoydInterface.lean,Algorithms,Norms,Unassigned,83,60,3,3,3,5.0,6,2,3,4,3,2,3,0.666667
NumStability.Algorithms.NormEstimation.PNorm.PowerMethod.PNormGeneral,NumStability/Algorithms/NormEstimation/PNorm/PowerMethod/PNormGeneral.lean,Algorithms,Norms,Unassigned,89,66,16,4,3,24.242424,7,8,2,2,3,17,3,5.666667
NumStability.Algorithms.NormEstimation.PNorm.PowerMethod.PNormPowerMethod,NumStability/Algorithms/NormEstimation/PNorm/PowerMethod/PNormPowerMethod.lean,Algorithms,Norms,Unassigned,262,149,79,65,37,53.020134,3,2,17,1,32,247,32,7.71875
NumStability.Algorithms.NormEstimation.PNorm.Rectangular.BoydInterface,NumStability/Algorithms/NormEstimation/PNorm/Rectangular/BoydInterface.lean,Algorithms,Norms,Unassigned,56,38,1,1,1,2.631579,5,1,6,4,1,0,1,0.0
NumStability.Algorithms.NormEstimation.PNorm.Rectangular.PNormGeneral,NumStability/Algorithms/NormEstimation/PNorm/Rectangular/PNormGeneral.lean,Algorithms,Norms,Unassigned,137,114,6,6,6,5.263158,7,3,2,4,4,10,4,2.5
NumStability.Algorithms.NormEstimation.PNorm.Rectangular.PNormRectangular,NumStability/Algorithms/NormEstimation/PNorm/Rectangular/PNormRectangular.lean,Algorithms,Norms,Unassigned,182,132,83,65,34,62.878788,5,6,29,2,35,215,35,6.142857
NumStability.Algorithms.NormEstimation.PNorm.Rectangular.RectangularTermination,NumStability/Algorithms/NormEstimation/PNorm/Rectangular/RectangularTermination.lean,Algorithms,Norms,Unassigned,161,133,5,5,5,3.759398,8,4,2,4,5,2,5,0.4
NumStability.Algorithms.NormEstimation.TwoNorm,NumStability/Algorithms/NormEstimation/TwoNorm.lean,Algorithms,Norms,Unassigned,7,1,0,0,0,0.0,1,0,0,1,0,0,0,
NumStability.Algorithms.NormEstimation.TwoNorm.All,NumStability/Algorithms/NormEstimation/TwoNorm/All.lean,Algorithms,Norms,Unassigned,7,1,0,0,0,0.0,1,0,0,1,0,0,0,
NumStability.Algorithms.NormEstimation.TwoNorm.Dixon,NumStability/Algorithms/NormEstimation/TwoNorm/Dixon.lean,Algorithms,Norms,Unassigned,12,6,0,0,0,0.0,6,0,0,6,0,0,0,
NumStability.Algorithms.NormEstimation.TwoNorm.Dixon.Algebra.CondEstimators,NumStability/Algorithms/NormEstimation/TwoNorm/Dixon/Algebra/CondEstimators.lean,Algorithms,Norms,Unassigned,128,89,3,3,3,3.370787,2,1,2,1,3,1,3,0.333333
NumStability.Algorithms.NormEstimation.TwoNorm.Dixon.Algebra.DixonCompletion,NumStability/Algorithms/NormEstimation/TwoNorm/Dixon/Algebra/DixonCompletion.lean,Algorithms,Norms,Unassigned,188,165,11,8,8,6.666667,5,4,3,3,7,8,7,1.142857
NumStability.Algorithms.NormEstimation.TwoNorm.Dixon.PowerBounds.CondEstimators,NumStability/Algorithms/NormEstimation/TwoNorm/Dixon/PowerBounds/CondEstimators.lean,Algorithms,Norms,Unassigned,50,23,1,1,1,4.347826,2,1,1,1,1,0,1,0.0
NumStability.Algorithms.NormEstimation.TwoNorm.Dixon.PowerBounds.DixonCompletion,NumStability/Algorithms/NormEstimation/TwoNorm/Dixon/PowerBounds/DixonCompletion.lean,Algorithms,Norms,Unassigned,222,199,6,5,4,3.015075,8,6,1,3,2,2,2,1.0
NumStability.Algorithms.NormEstimation.TwoNorm.Dixon.Probability.DixonCompletion,NumStability/Algorithms/NormEstimation/TwoNorm/Dixon/Probability/DixonCompletion.lean,Algorithms,Norms,Unassigned,57,41,2,2,1,4.878049,7,3,1,5,1,0,1,0.0
NumStability.Algorithms.NormEstimation.TwoNorm.Dixon.Probability.DixonProbability,NumStability/Algorithms/NormEstimation/TwoNorm/Dixon/Probability/DixonProbability.lean,Algorithms,Norms,Unassigned,501,469,26,21,18,5.54371,3,4,3,3,2,38,2,19.0
NumStability.Algorithms.OuterProduct,NumStability/Algorithms/OuterProduct.lean,Algorithms,DotProduct,Unassigned,195,121,25,15,11,20.661157,1,1,0,0,0,60,0,
NumStability.Algorithms.PolynomialEvaluation.DerivativeEvaluation.ErrorBounds,NumStability/Algorithms/PolynomialEvaluation/DerivativeEvaluation/ErrorBounds.lean,Algorithms,Perturbation,Unassigned,448,390,20,4,4,5.128205,10,4,2,6,3,12,3,4.0
NumStability.Algorithms.PolynomialEvaluation.ElementaryErrorBounds,NumStability/Algorithms/PolynomialEvaluation/ElementaryErrorBounds.lean,Algorithms,Perturbation,Unassigned,110,93,4,4,4,4.301075,4,1,4,3,3,2,3,0.666667
NumStability.Algorithms.PolynomialEvaluation.MatrixNorms,NumStability/Algorithms/PolynomialEvaluation/MatrixNorms.lean,Algorithms,Norms,Unassigned,334,302,16,16,14,5.298013,5,4,4,1,14,8,14,0.571429
NumStability.Algorithms.PolynomialEvaluation.RootProduct,NumStability/Algorithms/PolynomialEvaluation/RootProduct.lean,Algorithms,Polynomials,Unassigned,63,39,14,9,5,35.897436,4,1,1,3,6,17,6,2.833333
NumStability.Algorithms.PriestAccuracy,NumStability/Algorithms/PriestAccuracy.lean,Algorithms,Summation,Unassigned,242,137,29,20,14,21.167883,1,2,2,0,6,52,6,8.666667
NumStability.Algorithms.PriestDefectBounded,NumStability/Algorithms/PriestDefectBounded.lean,Algorithms,Summation,Unassigned,413,256,20,15,15,7.8125,1,3,2,0,4,35,4,8.75
NumStability.Algorithms.Quadrature,NumStability/Algorithms/Quadrature.lean,Algorithms,Other,Unassigned,142,104,5,5,3,4.807692,1,3,0,0,0,4,0,
NumStability.Algorithms.RankOneUpdate,NumStability/Algorithms/RankOneUpdate.lean,Algorithms,Other,Unassigned,297,254,17,11,8,6.692913,2,4,1,0,1,20,1,20.0
NumStability.Algorithms.SquareDifference,NumStability/Algorithms/SquareDifference.lean,Algorithms,Arithmetic,Unassigned,107,67,8,8,6,11.940299,1,3,0,0,0,8,0,
NumStability.Algorithms.Summation,NumStability/Algorithms/Summation.lean,Algorithms,Summation,Unassigned,18,8,0,0,0,0.0,8,0,0,8,0,0,0,
NumStability.Algorithms.Summation.Accumulator,NumStability/Algorithms/Summation/Accumulator.lean,Algorithms,Summation,Unassigned,486,353,89,78,44,25.212465,3,3,0,0,0,282,0,
NumStability.Algorithms.Summation.Compensated,NumStability/Algorithms/Summation/Compensated.lean,Algorithms,Summation,Unassigned,30,21,0,0,0,0.0,21,0,0,21,0,0,0,
NumStability.Algorithms.Summation.Compensated.Alternative,NumStability/Algorithms/Summation/Compensated/Alternative.lean,Algorithms,Summation,Unassigned,9,2,0,0,0,0.0,2,0,0,2,0,0,0,
NumStability.Algorithms.Summation.Compensated.Alternative.Core,NumStability/Algorithms/Summation/Compensated/Alternative/Core.lean,Algorithms,Summation,Unassigned,268,192,49,43,24,25.520833,3,3,3,0,19,128,19,6.736842
NumStability.Algorithms.Summation.Compensated.Alternative.ErrorBounds,NumStability/Algorithms/Summation/Compensated/Alternative/ErrorBounds.lean,Algorithms,Summation,Unassigned,729,634,28,18,14,4.416404,5,5,1,1,2,25,2,12.5
NumStability.Algorithms.Summation.Compensated.CorrectionFormula,NumStability/Algorithms/Summation/Compensated/CorrectionFormula.lean,Algorithms,Summation,Unassigned,46,20,21,18,7,105.0,1,1,11,0,6,45,6,7.5
NumStability.Algorithms.Summation.Compensated.FastTwoSum,NumStability/Algorithms/Summation/Compensated/FastTwoSum.lean,Algorithms,Summation,Unassigned,1333,1060,50,46,42,4.716981,6,7,5,0,8,93,8,11.625
NumStability.Algorithms.Summation.Compensated.FiniteFormat,NumStability/Algorithms/Summation/Compensated/FiniteFormat.lean,Algorithms,Summation,Unassigned,228,169,15,9,9,8.87574,5,6,10,0,7,20,7,2.857143
NumStability.Algorithms.Summation.Compensated.Kahan,NumStability/Algorithms/Summation/Compensated/Kahan.lean,Algorithms,Summation,Unassigned,18,9,0,0,0,0.0,9,0,0,9,0,0,0,
NumStability.Algorithms.Summation.Compensated.Kahan.Coefficients,NumStability/Algorithms/Summation/Compensated/Kahan/Coefficients.lean,Algorithms,Summation,Unassigned,9,2,0,0,0,0.0,2,0,0,2,0,0,0,
NumStability.Algorithms.Summation.Compensated.Kahan.Coefficients.Affine,NumStability/Algorithms/Summation/Compensated/Kahan/Coefficients/Affine.lean,Algorithms,Summation,Unassigned,1082,873,116,93,53,13.287514,5,6,2,0,12,443,12,36.916667
NumStability.Algorithms.Summation.Compensated.Kahan.Coefficients.Coupled,NumStability/Algorithms/Summation/Compensated/Kahan/Coefficients/Coupled.lean,Algorithms,Summation,Unassigned,3252,2674,215,202,166,8.040389,3,4,2,0,44,954,44,21.681818
NumStability.Algorithms.Summation.Compensated.Kahan.Core,NumStability/Algorithms/Summation/Compensated/Kahan/Core.lean,Algorithms,Summation,Unassigned,220,135,69,61,33,51.111111,1,1,20,0,26,208,26,8.0
NumStability.Algorithms.Summation.Compensated.Kahan.ErrorBounds,NumStability/Algorithms/Summation/Compensated/Kahan/ErrorBounds.lean,Algorithms,Summation,Unassigned,792,669,16,16,15,2.391629,8,10,6,0,4,8,4,2.0
NumStability.Algorithms.Summation.Compensated.Kahan.Exactness,NumStability/Algorithms/Summation/Compensated/Kahan/Exactness.lean,Algorithms,Summation,Unassigned,235,179,17,17,13,9.497207,2,3,1,0,1,16,1,16.0
NumStability.Algorithms.Summation.Compensated.Kahan.Finite,NumStability/Algorithms/Summation/Compensated/Kahan/Finite.lean,Algorithms,Summation,Unassigned,695,546,59,56,43,10.805861,8,9,4,0,23,156,23,6.782609
NumStability.Algorithms.Summation.Compensated.Kahan.FiniteErrorBounds,NumStability/Algorithms/Summation/Compensated/Kahan/FiniteErrorBounds.lean,Algorithms,Summation,Unassigned,312,242,10,10,10,4.132231,2,6,0,0,0,8,0,
NumStability.Algorithms.Summation.Compensated.Kahan.FiniteFormat,NumStability/Algorithms/Summation/Compensated/Kahan/FiniteFormat.lean,Algorithms,Summation,Unassigned,81,63,1,1,1,1.587302,3,7,1,0,1,0,1,0.0
NumStability.Algorithms.Summation.Compensated.Kahan.Internal.FinFold,NumStability/Algorithms/Summation/Compensated/Kahan/Internal/FinFold.lean,Algorithms,Summation,Unassigned,30,14,2,2,1,14.285714,0,0,2,0,1,1,1,1.0
NumStability.Algorithms.Summation.Compensated.Kahan.LocalCoefficients,NumStability/Algorithms/Summation/Compensated/Kahan/LocalCoefficients.lean,Algorithms,Summation,Unassigned,1595,1315,119,107,85,9.04943,2,2,8,0,48,317,48,6.604167
NumStability.Algorithms.Summation.Compensated.Kahan.Majorants,NumStability/Algorithms/Summation/Compensated/Kahan/Majorants.lean,Algorithms,Summation,Unassigned,344,286,32,24,11,11.188811,1,3,3,0,3,65,3,21.666667
NumStability.Algorithms.Summation.Compensated.Neumaier.AdaptiveFiniteFormat,NumStability/Algorithms/Summation/Compensated/Neumaier/AdaptiveFiniteFormat.lean,Algorithms,Summation,Unassigned,1013,127,32,28,13,25.19685,8,7,2,1,9,73,9,8.111111
NumStability.Algorithms.Summation.Compensated.Neumaier.All,NumStability/Algorithms/Summation/Compensated/Neumaier/All.lean,Algorithms,Summation,Unassigned,9,3,0,0,0,0.0,3,0,0,3,0,0,0,
NumStability.Algorithms.Summation.Compensated.Neumaier.ExactResidual,NumStability/Algorithms/Summation/Compensated/Neumaier/ExactResidual.lean,Algorithms,Summation,Unassigned,1011,221,15,13,9,6.78733,6,4,2,2,6,29,6,4.833333
NumStability.Algorithms.Summation.Compensated.Neumaier.FiniteExecutor,NumStability/Algorithms/Summation/Compensated/Neumaier/FiniteExecutor.lean,Algorithms,Summation,Unassigned,1013,222,34,30,14,15.315315,8,8,1,0,3,73,3,24.333333
NumStability.Algorithms.Summation.Compensated.NoGuard,NumStability/Algorithms/Summation/Compensated/NoGuard.lean,Algorithms,Summation,Unassigned,10,3,0,0,0,0.0,3,0,0,3,0,0,0,
NumStability.Algorithms.Summation.Compensated.NoGuard.CorrectionFormula,NumStability/Algorithms/Summation/Compensated/NoGuard/CorrectionFormula.lean,Algorithms,Summation,Unassigned,86,51,26,23,12,50.980392,4,4,1,0,7,58,7,8.285714
NumStability.Algorithms.Summation.Compensated.NoGuard.Modified,NumStability/Algorithms/Summation/Compensated/NoGuard/Modified.lean,Algorithms,Summation,Unassigned,247,172,59,52,30,34.302326,5,4,1,1,1,135,1,135.0
NumStability.Algorithms.Summation.Compensated.NoGuard.Ordinary,NumStability/Algorithms/Summation/Compensated/NoGuard/Ordinary.lean,Algorithms,Summation,Unassigned,114,73,16,14,14,21.917808,2,2,1,0,6,19,6,3.166667
NumStability.Algorithms.Summation.Compensated.Priest.All,NumStability/Algorithms/Summation/Compensated/Priest/All.lean,Algorithms,Summation,Unassigned,9,3,0,0,0,0.0,3,0,0,3,0,0,0,
NumStability.Algorithms.Summation.Compensated.Priest.FiniteFormat,NumStability/Algorithms/Summation/Compensated/Priest/FiniteFormat.lean,Algorithms,Summation,Unassigned,620,271,40,33,27,14.760148,8,6,2,2,11,104,11,9.454545
NumStability.Algorithms.Summation.DoublyCompensated,NumStability/Algorithms/Summation/DoublyCompensated.lean,Algorithms,Summation,Unassigned,234,149,76,67,36,51.006711,1,1,5,0,29,212,29,7.310345
NumStability.Algorithms.Summation.Insertion,NumStability/Algorithms/Summation/Insertion.lean,Algorithms,Summation,Unassigned,14,6,0,0,0,0.0,6,0,0,6,0,0,0,
NumStability.Algorithms.Summation.Insertion.ActiveList,NumStability/Algorithms/Summation/Insertion/ActiveList.lean,Algorithms,Summation,Unassigned,213,161,37,27,15,22.981366,0,0,3,0,9,51,9,5.666667
NumStability.Algorithms.Summation.Insertion.Executor,NumStability/Algorithms/Summation/Insertion/Executor.lean,Algorithms,Summation,Unassigned,235,172,41,30,18,23.837209,2,2,1,0,5,71,5,14.2
NumStability.Algorithms.Summation.Insertion.RunningError,NumStability/Algorithms/Summation/Insertion/RunningError.lean,Algorithms,Summation,Unassigned,192,146,24,19,9,16.438356,2,3,1,0,3,35,3,11.666667
NumStability.Algorithms.Summation.Insertion.Schedule,NumStability/Algorithms/Summation/Insertion/Schedule.lean,Algorithms,Summation,Unassigned,9821,9122,357,285,193,3.913615,1,2,3,0,34,1907,34,56.088235
NumStability.Algorithms.Summation.Insertion.ScheduleExecution,NumStability/Algorithms/Summation/Insertion/ScheduleExecution.lean,Algorithms,Summation,Unassigned,912,800,112,91,43,14.0,2,6,0,0,0,451,0,
NumStability.Algorithms.Summation.Pairwise,NumStability/Algorithms/Summation/Pairwise.lean,Algorithms,Summation,Unassigned,10,2,0,0,0,0.0,2,0,0,2,0,0,0,
NumStability.Algorithms.Summation.Pairwise.Core,NumStability/Algorithms/Summation/Pairwise/Core.lean,Algorithms,Summation,Unassigned,666,487,81,34,25,16.632444,6,6,1,0,1,147,1,147.0
NumStability.Algorithms.Summation.PlusMinus,NumStability/Algorithms/Summation/PlusMinus.lean,Algorithms,Summation,Unassigned,208,145,25,25,18,17.241379,3,6,0,0,0,57,0,
NumStability.Algorithms.Summation.Recursive,NumStability/Algorithms/Summation/Recursive.lean,Algorithms,Summation,Unassigned,11,2,0,0,0,0.0,2,0,0,2,0,0,0,
NumStability.Algorithms.Summation.Recursive.Core,NumStability/Algorithms/Summation/Recursive/Core.lean,Algorithms,Summation,Unassigned,677,498,57,42,28,11.445783,4,5,14,0,11,109,11,9.909091
NumStability.Algorithms.Summation.Tree,NumStability/Algorithms/Summation/Tree.lean,Algorithms,Summation,Unassigned,13,4,0,0,0,0.0,4,0,0,4,0,0,0,
NumStability.Algorithms.Summation.Tree.ArbitraryOrderError.All,NumStability/Algorithms/Summation/Tree/ArbitraryOrderError/All.lean,Algorithms,Summation,Unassigned,7,1,0,0,0,0.0,1,0,0,1,0,0,0,
NumStability.Algorithms.Summation.Tree.ArbitraryOrderError.PivotNormalized,NumStability/Algorithms/Summation/Tree/ArbitraryOrderError/PivotNormalized.lean,Algorithms,LU,Unassigned,1061,364,46,7,7,12.637363,3,3,2,0,4,38,4,9.5
NumStability.Algorithms.Summation.Tree.Balanced,NumStability/Algorithms/Summation/Tree/Balanced.lean,Algorithms,Summation,Unassigned,62,37,15,8,4,40.540541,1,3,2,0,2,24,2,12.0
NumStability.Algorithms.Summation.Tree.Chain,NumStability/Algorithms/Summation/Tree/Chain.lean,Algorithms,Summation,Unassigned,119,76,23,9,7,30.263158,2,4,1,0,1,33,1,33.0
NumStability.Algorithms.Summation.Tree.Core,NumStability/Algorithms/Summation/Tree/Core.lean,Algorithms,Summation,Unassigned,705,496,112,84,40,22.580645,6,7,19,0,22,479,22,21.772727
NumStability.Algorithms.Sylvester,NumStability/Algorithms/Sylvester.lean,Algorithms,MatrixEquations,Unassigned,44,36,0,0,0,0.0,36,0,0,36,0,0,0,
NumStability.Algorithms.TestMatrices.UpperTriangularStress,NumStability/Algorithms/TestMatrices/UpperTriangularStress.lean,Algorithms,TestMatrices,Unassigned,23,9,1,1,1,11.111111,0,0,7,0,1,0,1,0.0
NumStability.Algorithms.TreeDotProduct,NumStability/Algorithms/TreeDotProduct.lean,Algorithms,DotProduct,Unassigned,359,291,18,13,10,6.185567,2,4,0,0,0,32,0,
NumStability.All,NumStability/All.lean,Root,Other,Unassigned,11,4,0,0,0,0.0,4,0,0,4,0,0,0,
NumStability.Analysis,NumStability/Analysis.lean,Analysis,Other,Unassigned,149,143,0,0,0,0.0,143,0,0,143,0,0,0,
NumStability.Analysis.AlternativeNumberSystems,NumStability/Analysis/AlternativeNumberSystems.lean,Analysis,Other,Unassigned,121,73,39,36,21,53.424658,0,0,0,0,0,101,0,
NumStability.Analysis.Approximation.SineTaylor.OddDegreeFiveError.Theorems,NumStability/Analysis/Approximation/SineTaylor/OddDegreeFiveError/Theorems.lean,Analysis,Other,Unassigned,114,71,5,1,1,7.042254,4,1,1,3,1,4,1,4.0
NumStability.Analysis.Asymptotics,NumStability/Analysis/Asymptotics.lean,Analysis,Other,Unassigned,8,2,0,0,0,0.0,2,0,0,2,0,0,0,
NumStability.Analysis.Asymptotics.Bounds,NumStability/Analysis/Asymptotics/Bounds.lean,Analysis,Other,Unassigned,99,76,3,3,3,3.947368,0,0,5,0,3,0,3,0.0
NumStability.Analysis.Asymptotics.ExponentialBounds,NumStability/Analysis/Asymptotics/ExponentialBounds.lean,Analysis,Other,Unassigned,71,56,2,2,2,3.571429,0,0,1,0,1,1,1,1.0
NumStability.Analysis.BeneficialRounding,NumStability/Analysis/BeneficialRounding.lean,Analysis,FloatingPoint,Unassigned,9098,7959,492,368,313,6.181681,7,12,1,0,3,1239,3,413.0
NumStability.Analysis.BrentBaseOptimality,NumStability/Analysis/BrentBaseOptimality.lean,Analysis,Other,Unassigned,147,97,12,7,7,12.371134,0,0,0,0,0,15,0,
NumStability.Analysis.CStarMatrices,NumStability/Analysis/CStarMatrices.lean,Analysis,Other,Unassigned,8,2,0,0,0,0.0,2,0,0,2,0,0,0,
NumStability.Analysis.CStarMatrices.Basic,NumStability/Analysis/CStarMatrices/Basic.lean,Analysis,Other,Unassigned,7,1,0,0,0,0.0,1,0,0,1,0,0,0,
NumStability.Analysis.CStarMatrices.Basic.All,NumStability/Analysis/CStarMatrices/Basic/All.lean,Analysis,Other,Unassigned,7,1,0,0,0,0.0,1,0,0,1,0,0,0,
NumStability.Analysis.CStarMatrices.FiniteMatrixAlgebra,NumStability/Analysis/CStarMatrices/FiniteMatrixAlgebra.lean,Analysis,Other,Unassigned,21,15,0,0,0,0.0,15,0,0,15,0,0,0,
NumStability.Analysis.CStarMatrices.FiniteMatrixAlgebra.BlockDiagonal,NumStability/Analysis/CStarMatrices/FiniteMatrixAlgebra/BlockDiagonal.lean,Analysis,Other,Unassigned,296,259,27,23,21,10.42471,1,0,1,1,5,95,5,19.0
NumStability.Analysis.CStarMatrices.FiniteMatrixAlgebra.BlockDiagonalCompression,NumStability/Analysis/CStarMatrices/FiniteMatrixAlgebra/BlockDiagonalCompression.lean,Analysis,Other,Unassigned,44,28,2,2,2,7.142857,3,2,0,1,0,0,0,
NumStability.Analysis.CStarMatrices.FiniteMatrixAlgebra.ColumnPair,NumStability/Analysis/CStarMatrices/FiniteMatrixAlgebra/ColumnPair.lean,Analysis,Other,Unassigned,69,47,7,7,6,14.893617,1,0,4,1,4,10,4,2.5
NumStability.Analysis.CStarMatrices.FiniteMatrixAlgebra.ColumnPairPinching,NumStability/Analysis/CStarMatrices/FiniteMatrixAlgebra/ColumnPairPinching.lean,Analysis,Other,Unassigned,268,231,8,8,8,3.463203,6,5,0,1,0,7,0,
NumStability.Analysis.CStarMatrices.FiniteMatrixAlgebra.ColumnPairRangeProjection,NumStability/Analysis/CStarMatrices/FiniteMatrixAlgebra/ColumnPairRangeProjection.lean,Analysis,Other,Unassigned,116,92,6,6,5,6.521739,3,2,2,1,5,5,5,1.0
NumStability.Analysis.CStarMatrices.FiniteMatrixAlgebra.ColumnPairRangeReflection,NumStability/Analysis/CStarMatrices/FiniteMatrixAlgebra/ColumnPairRangeReflection.lean,Analysis,Other,Unassigned,118,87,8,8,8,9.195402,5,4,1,1,4,8,4,2.0
NumStability.Analysis.CStarMatrices.FiniteMatrixAlgebra.FiniteDimensional,NumStability/Analysis/CStarMatrices/FiniteMatrixAlgebra/FiniteDimensional.lean,Analysis,Other,Unassigned,29,13,1,1,1,7.692308,1,0,2,1,1,0,1,0.0
NumStability.Analysis.CStarMatrices.FiniteMatrixAlgebra.FiniteMatrixOrder,NumStability/Analysis/CStarMatrices/FiniteMatrixAlgebra/FiniteMatrixOrder.lean,Analysis,Other,Unassigned,57,34,2,2,2,5.882353,1,0,0,1,0,1,0,
NumStability.Analysis.CStarMatrices.FiniteMatrixAlgebra.FiniteRealEmbedding,NumStability/Analysis/CStarMatrices/FiniteMatrixAlgebra/FiniteRealEmbedding.lean,Analysis,Other,Unassigned,131,93,12,12,12,12.903226,1,1,2,0,2,11,2,5.5
NumStability.Analysis.CStarMatrices.FiniteMatrixAlgebra.FiniteRealOrder,NumStability/Analysis/CStarMatrices/FiniteMatrixAlgebra/FiniteRealOrder.lean,Analysis,Other,Unassigned,78,57,4,4,3,7.017544,2,2,1,0,1,2,1,2.0
NumStability.Analysis.CStarMatrices.FiniteMatrixAlgebra.ProjectionReflection,NumStability/Analysis/CStarMatrices/FiniteMatrixAlgebra/ProjectionReflection.lean,Analysis,Other,Unassigned,166,133,11,9,7,8.270677,1,0,2,1,7,18,7,2.571429
NumStability.Analysis.CStarMatrices.FiniteMatrixAlgebra.RectangularCompression,NumStability/Analysis/CStarMatrices/FiniteMatrixAlgebra/RectangularCompression.lean,Analysis,Other,Unassigned,102,74,14,7,7,18.918919,3,2,0,1,0,11,0,
NumStability.Analysis.CStarMatrices.FiniteMatrixAlgebra.RectangularMultiplication,NumStability/Analysis/CStarMatrices/FiniteMatrixAlgebra/RectangularMultiplication.lean,Analysis,Other,Unassigned,155,121,8,8,8,6.61157,1,0,4,1,7,3,7,0.428571
NumStability.Analysis.CStarMatrices.FiniteMatrixAlgebra.ReflectionAverage,NumStability/Analysis/CStarMatrices/FiniteMatrixAlgebra/ReflectionAverage.lean,Analysis,Other,Unassigned,181,156,4,4,4,2.564103,3,2,1,1,4,1,4,0.25
NumStability.Analysis.CStarMatrices.FiniteMatrixAlgebra.StrictPositivity,NumStability/Analysis/CStarMatrices/FiniteMatrixAlgebra/StrictPositivity.lean,Analysis,Other,Unassigned,68,48,3,3,3,6.25,3,3,1,0,1,1,1,1.0
NumStability.Analysis.Chopping,NumStability/Analysis/Chopping.lean,Analysis,Other,Unassigned,200,138,44,24,22,31.884058,3,4,0,0,0,43,0,
NumStability.Analysis.ComplexArithmetic,NumStability/Analysis/ComplexArithmetic.lean,Analysis,Arithmetic,Unassigned,1893,1612,177,100,81,10.980149,2,2,9,0,16,205,16,12.8125
NumStability.Analysis.ComplexSqrt,NumStability/Analysis/ComplexSqrt.lean,Analysis,Other,Unassigned,246,181,36,21,20,19.889503,0,0,0,0,0,54,0,
NumStability.Analysis.ConditionEstimatorLowerBound,NumStability/Analysis/ConditionEstimatorLowerBound.lean,Analysis,Norms,Unassigned,155,48,7,7,7,14.583333,2,4,2,0,5,10,5,2.0
NumStability.Analysis.Conditioning,NumStability/Analysis/Conditioning.lean,Analysis,Norms,Unassigned,9,3,0,0,0,0.0,3,0,0,3,0,0,0,
NumStability.Analysis.Conditioning.DistanceToSingularity,NumStability/Analysis/Conditioning/DistanceToSingularity.lean,Analysis,Norms,Unassigned,691,559,52,31,31,9.302326,1,6,4,0,7,48,7,6.857143
NumStability.Analysis.Conditioning.InversePerturbation,NumStability/Analysis/Conditioning/InversePerturbation.lean,Analysis,Norms,Unassigned,2702,2283,114,79,78,4.99343,2,7,1,0,11,153,11,13.909091
NumStability.Analysis.Conditioning.LinearSystems.All,NumStability/Analysis/Conditioning/LinearSystems/All.lean,Analysis,Norms,Unassigned,9,3,0,0,0,0.0,3,0,0,3,0,0,0,
NumStability.Analysis.Conditioning.LinearSystems.InversePerturbation,NumStability/Analysis/Conditioning/LinearSystems/InversePerturbation.lean,Analysis,Norms,Unassigned,26231,694,45,33,31,6.48415,7,1,25,6,24,51,24,2.125
NumStability.Analysis.Conditioning.LinearSystems.PerronFrobenius,NumStability/Analysis/Conditioning/LinearSystems/PerronFrobenius.lean,Analysis,Norms,Unassigned,26236,1205,45,45,45,3.73444,11,6,10,5,33,57,33,1.727273
NumStability.Analysis.Conditioning.LinearSystems.SubordinatePerturbation,NumStability/Analysis/Conditioning/LinearSystems/SubordinatePerturbation.lean,Analysis,Norms,Unassigned,26236,296,5,5,4,1.689189,12,6,2,6,3,4,3,1.333333
NumStability.Analysis.Equidistribution,NumStability/Analysis/Equidistribution.lean,Analysis,Other,Unassigned,11,1,0,0,0,0.0,1,0,0,1,0,0,0,
NumStability.Analysis.Equidistribution.AddCircle,NumStability/Analysis/Equidistribution/AddCircle.lean,Analysis,Other,Unassigned,546,489,41,37,33,8.384458,0,0,2,0,4,96,4,24.0
NumStability.Analysis.Error.MatrixProducts,NumStability/Analysis/Error/MatrixProducts.lean,Analysis,MatrixMultiplication,Unassigned,8,2,0,0,0,0.0,2,0,0,2,0,0,0,
NumStability.Analysis.Error.MatrixProducts.Contracts,NumStability/Analysis/Error/MatrixProducts/Contracts.lean,Analysis,MatrixMultiplication,Unassigned,7,1,0,0,0,0.0,1,0,0,1,0,0,0,
NumStability.Analysis.Error.MatrixProducts.Contracts.MatrixInversion,NumStability/Analysis/Error/MatrixProducts/Contracts/MatrixInversion.lean,Analysis,MatrixMultiplication,Unassigned,202,168,11,6,6,6.547619,15,3,11,12,5,6,5,1.2
NumStability.Analysis.Error.MatrixProducts.EvaluationTrees,NumStability/Analysis/Error/MatrixProducts/EvaluationTrees.lean,Analysis,MatrixMultiplication,Unassigned,7,1,0,0,0,0.0,1,0,0,1,0,0,0,
NumStability.Analysis.Error.MatrixProducts.EvaluationTrees.ProductErrorNotation,NumStability/Analysis/Error/MatrixProducts/EvaluationTrees/ProductErrorNotation.lean,Analysis,MatrixMultiplication,Unassigned,964,786,170,138,68,21.628499,16,5,1,11,12,637,12,53.083333
NumStability.Analysis.Error.Measures.AccuracyPrecision,NumStability/Analysis/Error/Measures/AccuracyPrecision.lean,Analysis,FloatingPoint,Unassigned,870,67,54,47,16,80.597015,3,3,1,0,2,138,2,69.0
NumStability.Analysis.Error.Measures.All,NumStability/Analysis/Error/Measures/All.lean,Analysis,Other,Unassigned,11,5,0,0,0,0.0,5,0,0,5,0,0,0,
NumStability.Analysis.Error.Measures.Componentwise,NumStability/Analysis/Error/Measures/Componentwise.lean,Analysis,Other,Unassigned,870,49,7,6,6,14.285714,3,2,1,1,1,8,1,8.0
NumStability.Analysis.Error.Measures.ScalarDefinitions,NumStability/Analysis/Error/Measures/ScalarDefinitions.lean,Analysis,Other,Unassigned,868,27,5,5,5,18.518519,1,0,55,1,5,0,5,0.0
NumStability.Analysis.Error.Measures.ScalarProperties,NumStability/Analysis/Error/Measures/ScalarProperties.lean,Analysis,Other,Unassigned,869,95,24,10,8,25.263158,2,1,5,1,8,9,8,1.125
NumStability.Analysis.Error.Measures.ScalarWitnesses,NumStability/Analysis/Error/Measures/ScalarWitnesses.lean,Analysis,Other,Unassigned,869,68,18,4,4,26.470588,2,1,7,1,2,1,2,0.5
NumStability.Analysis.Error.RoundingProducts.All,NumStability/Analysis/Error/RoundingProducts/All.lean,Analysis,FloatingPoint,Unassigned,7,1,0,0,0,0.0,1,0,0,1,0,0,0,
NumStability.Analysis.Error.RoundingProducts.Core,NumStability/Analysis/Error/RoundingProducts/Core.lean,Analysis,FloatingPoint,Unassigned,451,314,17,10,10,5.414013,2,1,4,1,6,10,6,1.666667
NumStability.Analysis.FiniteProbability,NumStability/Analysis/FiniteProbability.lean,Analysis,ProbabilityStatistics,Unassigned,2352,2006,120,103,90,5.982054,0,0,4,0,6,422,6,70.333333
NumStability.Analysis.FirstOrder,NumStability/Analysis/FirstOrder.lean,Analysis,Other,Unassigned,11,3,0,0,0,0.0,3,0,0,3,0,0,0,
NumStability.Analysis.FirstOrder.AsymptoticFamilies,NumStability/Analysis/FirstOrder/AsymptoticFamilies.lean,Analysis,Other,Unassigned,308,240,41,38,26,17.083333,0,0,16,0,24,71,24,2.958333
NumStability.Analysis.FirstOrder.FixedPrecision,NumStability/Analysis/FirstOrder/FixedPrecision.lean,Analysis,FloatingPoint,Unassigned,206,157,19,12,12,12.101911,2,2,18,0,12,13,12,1.083333
NumStability.Analysis.FirstOrder.MatrixFamilies,NumStability/Analysis/FirstOrder/MatrixFamilies.lean,Analysis,Other,Unassigned,7,1,0,0,0,0.0,1,0,0,1,0,0,0,
NumStability.Analysis.FirstOrder.MatrixFamilies.AsymptoticFamilies,NumStability/Analysis/FirstOrder/MatrixFamilies/AsymptoticFamilies.lean,Analysis,Other,Unassigned,124,98,8,8,8,8.163265,15,1,18,14,8,6,8,0.75
NumStability.Analysis.FirstOrderFramework,NumStability/Analysis/FirstOrderFramework.lean,Analysis,Other,Unassigned,215,148,30,22,12,20.27027,1,1,0,0,0,42,0,
NumStability.Analysis.FloatingPointArithmetic.DoubleRounding.All,NumStability/Analysis/FloatingPointArithmetic/DoubleRounding/All.lean,Analysis,FloatingPoint,Unassigned,8,2,0,0,0,0.0,2,0,0,2,0,0,0,
NumStability.Analysis.FloatingPointArithmetic.DoubleRounding.FiniteNormalRange,NumStability/Analysis/FloatingPointArithmetic/DoubleRounding/FiniteNormalRange.lean,Analysis,FloatingPoint,Unassigned,586,48,4,4,4,8.333333,4,4,0,0,0,3,0,
NumStability.Analysis.FloatingPointArithmetic.DoubleRounding.ToyBinary,NumStability/Analysis/FloatingPointArithmetic/DoubleRounding/ToyBinary.lean,Analysis,FloatingPoint,Unassigned,585,169,11,7,5,6.508876,3,3,2,0,5,26,5,5.2
NumStability.Analysis.FloatingPointArithmetic.ErrorModels.Additive,NumStability/Analysis/FloatingPointArithmetic/ErrorModels/Additive.lean,Analysis,FloatingPoint,Unassigned,869,32,4,4,4,12.5,2,1,13,1,4,2,4,0.5
NumStability.Analysis.FloatingPointArithmetic.ErrorModels.AdditiveProperties,NumStability/Analysis/FloatingPointArithmetic/ErrorModels/AdditiveProperties.lean,Analysis,FloatingPoint,Unassigned,870,62,7,7,6,11.290323,3,2,1,1,3,4,3,1.333333
NumStability.Analysis.FloatingPointArithmetic.ErrorModels.All,NumStability/Analysis/FloatingPointArithmetic/ErrorModels/All.lean,Analysis,FloatingPoint,Unassigned,10,4,0,0,0,0.0,4,0,0,4,0,0,0,
NumStability.Analysis.FloatingPointArithmetic.ErrorModels.NoGuardBasic,NumStability/Analysis/FloatingPointArithmetic/ErrorModels/NoGuardBasic.lean,Analysis,FloatingPoint,Unassigned,870,123,20,20,19,16.260163,3,3,9,0,8,21,8,2.625
NumStability.Analysis.FloatingPointArithmetic.ErrorModels.NoGuardModel,NumStability/Analysis/FloatingPointArithmetic/ErrorModels/NoGuardModel.lean,Analysis,FloatingPoint,Unassigned,871,132,56,39,19,42.424242,4,4,13,0,13,108,13,8.307692
NumStability.Analysis.FloatingPointArithmetic.ExactSubtraction,NumStability/Analysis/FloatingPointArithmetic/ExactSubtraction.lean,Analysis,FloatingPoint,Unassigned,2486,2251,216,190,168,9.595735,6,7,10,0,21,541,21,25.761905
NumStability.Analysis.FloatingPointArithmetic.Format,NumStability/Analysis/FloatingPointArithmetic/Format.lean,Analysis,FloatingPoint,Unassigned,1858,1638,300,268,230,18.315018,1,1,104,0,172,1366,172,7.94186
NumStability.Analysis.FloatingPointArithmetic.IeeeExceptions,NumStability/Analysis/FloatingPointArithmetic/IeeeExceptions.lean,Analysis,FloatingPoint,Unassigned,4532,4363,910,727,580,20.857208,2,2,4,0,192,2263,192,11.786458
NumStability.Analysis.FloatingPointArithmetic.IeeeOperations,NumStability/Analysis/FloatingPointArithmetic/IeeeOperations.lean,Analysis,FloatingPoint,Unassigned,2005,1855,268,255,228,14.447439,6,7,4,0,31,472,31,15.225806
NumStability.Analysis.FloatingPointArithmetic.IeeeSpecialValueOperations.Results,NumStability/Analysis/FloatingPointArithmetic/IeeeSpecialValueOperations/Results.lean,Analysis,FloatingPoint,Unassigned,2078,2040,234,232,232,11.470588,11,6,0,6,0,233,0,
NumStability.Analysis.FloatingPointArithmetic.IeeeValue,NumStability/Analysis/FloatingPointArithmetic/IeeeValue.lean,Analysis,FloatingPoint,Unassigned,574,504,426,311,125,84.52381,0,0,15,0,83,2100,83,25.301205
NumStability.Analysis.FloatingPointArithmetic.MidpointRounding.All,NumStability/Analysis/FloatingPointArithmetic/MidpointRounding/All.lean,Analysis,FloatingPoint,Unassigned,7,1,0,0,0,0.0,1,0,0,1,0,0,0,
NumStability.Analysis.FloatingPointArithmetic.MidpointRounding.DecimalTieExamples,NumStability/Analysis/FloatingPointArithmetic/MidpointRounding/DecimalTieExamples.lean,Analysis,FloatingPoint,Unassigned,453,250,14,14,14,5.6,6,6,3,0,7,10,7,1.428571
NumStability.Analysis.FloatingPointArithmetic.NearestRoundingError,NumStability/Analysis/FloatingPointArithmetic/NearestRoundingError.lean,Analysis,FloatingPoint,Unassigned,6990,6522,323,287,276,4.952469,4,6,80,0,98,586,98,5.979592
NumStability.Analysis.FloatingPointArithmetic.RoundToEvenLocalError,NumStability/Analysis/FloatingPointArithmetic/RoundToEvenLocalError.lean,Analysis,FloatingPoint,Unassigned,13608,12621,426,363,350,3.375327,5,6,42,0,22,520,22,23.636364
NumStability.Analysis.FloatingPointArithmetic.Rounding,NumStability/Analysis/FloatingPointArithmetic/Rounding.lean,Analysis,FloatingPoint,Unassigned,5835,5427,296,244,238,5.45421,2,2,54,0,108,403,108,3.731481
NumStability.Analysis.FloatingPointArithmetic.StandardModel,NumStability/Analysis/FloatingPointArithmetic/StandardModel.lean,Analysis,FloatingPoint,Unassigned,763,728,68,47,47,9.340659,6,8,7,0,9,94,9,10.444444
NumStability.Analysis.FloatingPointArithmetic.TrigonometricCancellation.All,NumStability/Analysis/FloatingPointArithmetic/TrigonometricCancellation/All.lean,Analysis,FloatingPoint,Unassigned,7,1,0,0,0,0.0,1,0,0,1,0,0,0,
NumStability.Analysis.FloatingPointArithmetic.TrigonometricCancellation.Core,NumStability/Analysis/FloatingPointArithmetic/TrigonometricCancellation/Core.lean,Analysis,FloatingPoint,Unassigned,460,266,27,26,23,10.150376,3,3,1,0,1,43,1,43.0
NumStability.Analysis.ForwardError,NumStability/Analysis/ForwardError.lean,Analysis,Perturbation,Unassigned,179,118,3,3,3,2.542373,5,5,3,0,3,2,3,0.666667
NumStability.Analysis.FunctionalCalculus,NumStability/Analysis/FunctionalCalculus.lean,Analysis,MatrixPowers,Unassigned,7,1,0,0,0,0.0,1,0,0,1,0,0,0,
NumStability.Analysis.FunctionalCalculus.Resolvent,NumStability/Analysis/FunctionalCalculus/Resolvent.lean,Analysis,MatrixPowers,Unassigned,7,1,0,0,0,0.0,1,0,0,1,0,0,0,
NumStability.Analysis.FunctionalCalculus.Resolvent.All,NumStability/Analysis/FunctionalCalculus/Resolvent/All.lean,Analysis,MatrixPowers,Unassigned,8,2,0,0,0,0.0,2,0,0,2,0,0,0,
NumStability.Analysis.FunctionalCalculus.Resolvent.Analyticity,NumStability/Analysis/FunctionalCalculus/Resolvent/Analyticity.lean,Analysis,MatrixPowers,Unassigned,238,59,9,9,9,15.254237,0,0,5,0,5,7,5,1.4
NumStability.Analysis.FunctionalCalculus.Resolvent.DunfordResidue,NumStability/Analysis/FunctionalCalculus/Resolvent/DunfordResidue.lean,Analysis,MatrixPowers,Unassigned,273,134,15,5,5,11.19403,1,1,3,0,1,7,1,7.0
NumStability.Analysis.Heron,NumStability/Analysis/Heron.lean,Analysis,Other,Unassigned,1126,928,96,94,77,10.344828,5,8,1,0,17,331,17,19.470588
NumStability.Analysis.LeadingDigits,NumStability/Analysis/LeadingDigits.lean,Analysis,Other,Unassigned,15,4,0,0,0,0.0,4,0,0,4,0,0,0,
NumStability.Analysis.LeadingDigits.Decimal,NumStability/Analysis/LeadingDigits/Decimal.lean,Analysis,Other,Unassigned,75,49,6,5,5,12.244898,0,0,2,0,1,7,1,7.0
NumStability.Analysis.LeadingDigits.DecimalPowers,NumStability/Analysis/LeadingDigits/DecimalPowers.lean,Analysis,Other,Unassigned,161,124,27,19,18,21.774194,3,3,1,0,9,40,9,4.444444
NumStability.Analysis.LeadingDigits.Empirical,NumStability/Analysis/LeadingDigits/Empirical.lean,Analysis,Other,Unassigned,117,86,14,14,10,16.27907,1,1,0,0,0,24,0,
NumStability.Analysis.LeadingDigits.LogarithmicDistribution,NumStability/Analysis/LeadingDigits/LogarithmicDistribution.lean,Analysis,Other,Unassigned,300,234,26,25,22,11.111111,1,1,2,0,1,58,1,58.0
NumStability.Analysis.LinearOperators,NumStability/Analysis/LinearOperators.lean,Analysis,Other,Unassigned,14,8,0,0,0,0.0,8,0,0,8,0,0,0,
NumStability.Analysis.LinearOperators.Basic,NumStability/Analysis/LinearOperators/Basic.lean,Analysis,Other,Unassigned,170,126,31,29,19,24.603175,1,1,14,0,19,92,19,4.842105
NumStability.Analysis.LinearOperators.Jordan,NumStability/Analysis/LinearOperators/Jordan.lean,Analysis,Spectral,Unassigned,7,1,0,0,0,0.0,1,0,0,1,0,0,0,
NumStability.Analysis.LinearOperators.Jordan.NormalForm,NumStability/Analysis/LinearOperators/Jordan/NormalForm.lean,Analysis,Spectral,Unassigned,7,1,0,0,0,0.0,1,0,0,1,0,0,0,
NumStability.Analysis.LinearOperators.Jordan.NormalForm.All,NumStability/Analysis/LinearOperators/Jordan/NormalForm/All.lean,Analysis,Spectral,Unassigned,8,2,0,0,0,0.0,2,0,0,2,0,0,0,
NumStability.Analysis.LinearOperators.Jordan.NormalForm.NilpotentChains,NumStability/Analysis/LinearOperators/Jordan/NormalForm/NilpotentChains.lean,Analysis,Spectral,Unassigned,397,193,57,36,29,29.533679,1,1,0,0,0,196,0,
NumStability.Analysis.LinearOperators.Jordan.NormalForm.PrimaryDecomposition,NumStability/Analysis/LinearOperators/Jordan/NormalForm/PrimaryDecomposition.lean,Analysis,Spectral,Unassigned,525,267,51,33,30,19.101124,0,0,3,0,9,111,9,12.333333
NumStability.Analysis.LinearOperators.MatrixPowers,NumStability/Analysis/LinearOperators/MatrixPowers.lean,Analysis,MatrixPowers,Unassigned,15,9,0,0,0,0.0,9,0,0,9,0,0,0,
NumStability.Analysis.LinearOperators.MatrixPowers.BaiDemmelGu,NumStability/Analysis/LinearOperators/MatrixPowers/BaiDemmelGu.lean,Analysis,MatrixPowers,Unassigned,7,1,0,0,0,0.0,1,0,0,1,0,0,0,
NumStability.Analysis.LinearOperators.MatrixPowers.BaiDemmelGu.All,NumStability/Analysis/LinearOperators/MatrixPowers/BaiDemmelGu/All.lean,Analysis,MatrixPowers,Unassigned,8,2,0,0,0,0.0,2,0,0,2,0,0,0,
NumStability.Analysis.LinearOperators.MatrixPowers.BaiDemmelGu.DistanceToInstability,NumStability/Analysis/LinearOperators/MatrixPowers/BaiDemmelGu/DistanceToInstability.lean,Analysis,MatrixPowers,Unassigned,550,468,42,34,33,8.974359,10,10,1,0,1,57,1,57.0
NumStability.Analysis.LinearOperators.MatrixPowers.BaiDemmelGu.StabilityRadius,NumStability/Analysis/LinearOperators/MatrixPowers/BaiDemmelGu/StabilityRadius.lean,Analysis,MatrixPowers,Unassigned,713,505,39,20,19,7.722772,3,3,2,0,9,42,9,4.666667
NumStability.Analysis.LinearOperators.MatrixPowers.ExactNormBounds,NumStability/Analysis/LinearOperators/MatrixPowers/ExactNormBounds.lean,Analysis,MatrixPowers,Unassigned,7,1,0,0,0,0.0,1,0,0,1,0,0,0,
NumStability.Analysis.LinearOperators.MatrixPowers.ExactNormBounds.All,NumStability/Analysis/LinearOperators/MatrixPowers/ExactNormBounds/All.lean,Analysis,MatrixPowers,Unassigned,11,5,0,0,0,0.0,5,0,0,5,0,0,0,
NumStability.Analysis.LinearOperators.MatrixPowers.ExactNormBounds.Complex,NumStability/Analysis/LinearOperators/MatrixPowers/ExactNormBounds/Complex.lean,Analysis,MatrixPowers,Unassigned,1054,146,9,9,9,6.164384,4,4,2,0,8,1,8,0.125
NumStability.Analysis.LinearOperators.MatrixPowers.ExactNormBounds.NormalMatrices,NumStability/Analysis/LinearOperators/MatrixPowers/ExactNormBounds/NormalMatrices.lean,Analysis,MatrixPowers,Unassigned,7,1,0,0,0,0.0,1,0,0,1,0,0,0,
NumStability.Analysis.LinearOperators.MatrixPowers.ExactNormBounds.NormalMatrices.Powers,NumStability/Analysis/LinearOperators/MatrixPowers/ExactNormBounds/NormalMatrices/Powers.lean,Analysis,MatrixPowers,Unassigned,124,72,5,1,1,6.944444,3,2,0,1,0,4,0,
NumStability.Analysis.LinearOperators.MatrixPowers.ExactNormBounds.Real,NumStability/Analysis/LinearOperators/MatrixPowers/ExactNormBounds/Real.lean,Analysis,MatrixPowers,Unassigned,1098,72,2,2,2,2.777778,2,1,4,1,2,0,2,0.0
NumStability.Analysis.LinearOperators.MatrixPowers.ExactNormBounds.Schur,NumStability/Analysis/LinearOperators/MatrixPowers/ExactNormBounds/Schur.lean,Analysis,MatrixPowers,Unassigned,432,65,6,4,4,9.230769,0,0,3,0,3,4,3,1.333333
NumStability.Analysis.LinearOperators.MatrixPowers.ExactNormBounds.SpectralRadius,NumStability/Analysis/LinearOperators/MatrixPowers/ExactNormBounds/SpectralRadius.lean,Analysis,MatrixPowers,Unassigned,232,81,8,8,7,9.876543,1,1,4,0,6,9,6,1.5
NumStability.Analysis.LinearOperators.MatrixPowers.Gautschi,NumStability/Analysis/LinearOperators/MatrixPowers/Gautschi.lean,Analysis,MatrixPowers,Unassigned,7,1,0,0,0,0.0,1,0,0,1,0,0,0,
NumStability.Analysis.LinearOperators.MatrixPowers.Gautschi.All,NumStability/Analysis/LinearOperators/MatrixPowers/Gautschi/All.lean,Analysis,MatrixPowers,Unassigned,7,1,0,0,0,0.0,1,0,0,1,0,0,0,
NumStability.Analysis.LinearOperators.MatrixPowers.Gautschi.Bounds,NumStability/Analysis/LinearOperators/MatrixPowers/Gautschi/Bounds.lean,Analysis,MatrixPowers,Unassigned,171,38,1,1,1,2.631579,2,1,1,1,1,0,1,0.0
NumStability.Analysis.LinearOperators.MatrixPowers.Henrici,NumStability/Analysis/LinearOperators/MatrixPowers/Henrici.lean,Analysis,MatrixPowers,Unassigned,7,1,0,0,0,0.0,1,0,0,1,0,0,0,
NumStability.Analysis.LinearOperators.MatrixPowers.Henrici.All,NumStability/Analysis/LinearOperators/MatrixPowers/Henrici/All.lean,Analysis,MatrixPowers,Unassigned,14,8,0,0,0,0.0,8,0,0,8,0,0,0,
NumStability.Analysis.LinearOperators.MatrixPowers.Henrici.BinomialPowerBound,NumStability/Analysis/LinearOperators/MatrixPowers/Henrici/BinomialPowerBound.lean,Analysis,MatrixPowers,Unassigned,576,38,6,3,3,15.789474,0,0,1,0,1,3,1,3.0
NumStability.Analysis.LinearOperators.MatrixPowers.Henrici.DepartureFromNormality,NumStability/Analysis/LinearOperators/MatrixPowers/Henrici/DepartureFromNormality.lean,Analysis,MatrixPowers,Unassigned,478,231,22,22,21,9.52381,1,0,6,1,7,31,7,4.428571
NumStability.Analysis.LinearOperators.MatrixPowers.Henrici.Extremal,NumStability/Analysis/LinearOperators/MatrixPowers/Henrici/Extremal.lean,Analysis,MatrixPowers,Unassigned,488,253,30,22,22,11.857708,1,1,3,0,12,51,12,4.25
NumStability.Analysis.LinearOperators.MatrixPowers.Henrici.ImprovedConstant,NumStability/Analysis/LinearOperators/MatrixPowers/Henrici/ImprovedConstant.lean,Analysis,MatrixPowers,Unassigned,418,212,19,14,13,8.962264,2,2,1,0,5,18,5,3.6
NumStability.Analysis.LinearOperators.MatrixPowers.Henrici.NormalCharacterization,NumStability/Analysis/LinearOperators/MatrixPowers/Henrici/NormalCharacterization.lean,Analysis,MatrixPowers,Unassigned,7,1,0,0,0,0.0,1,0,0,1,0,0,0,
NumStability.Analysis.LinearOperators.MatrixPowers.Henrici.NormalCharacterization.Schur,NumStability/Analysis/LinearOperators/MatrixPowers/Henrici/NormalCharacterization/Schur.lean,Analysis,MatrixPowers,Unassigned,131,84,3,3,3,3.571429,5,5,1,0,1,1,1,1.0
NumStability.Analysis.LinearOperators.MatrixPowers.Henrici.NormalMatrices,NumStability/Analysis/LinearOperators/MatrixPowers/Henrici/NormalMatrices.lean,Analysis,MatrixPowers,Unassigned,103,25,1,1,1,4.0,1,0,2,1,1,0,1,0.0
NumStability.Analysis.LinearOperators.MatrixPowers.Henrici.SchurBinomialBounds,NumStability/Analysis/LinearOperators/MatrixPowers/Henrici/SchurBinomialBounds.lean,Analysis,MatrixPowers,Unassigned,7,1,0,0,0,0.0,1,0,0,1,0,0,0,
NumStability.Analysis.LinearOperators.MatrixPowers.Henrici.SchurBinomialBounds.Estimates,NumStability/Analysis/LinearOperators/MatrixPowers/Henrici/SchurBinomialBounds/Estimates.lean,Analysis,MatrixPowers,Unassigned,412,304,34,4,4,11.184211,3,3,0,0,0,48,0,
NumStability.Analysis.LinearOperators.MatrixPowers.Henrici.SharpConstant,NumStability/Analysis/LinearOperators/MatrixPowers/Henrici/SharpConstant.lean,Analysis,MatrixPowers,Unassigned,569,281,41,21,21,14.590747,3,3,0,0,0,63,0,
NumStability.Analysis.LinearOperators.MatrixPowers.JordanScaling,NumStability/Analysis/LinearOperators/MatrixPowers/JordanScaling.lean,Analysis,MatrixPowers,Unassigned,7,1,0,0,0,0.0,1,0,0,1,0,0,0,
NumStability.Analysis.LinearOperators.MatrixPowers.JordanScaling.All,NumStability/Analysis/LinearOperators/MatrixPowers/JordanScaling/All.lean,Analysis,MatrixPowers,Unassigned,9,3,0,0,0,0.0,3,0,0,3,0,0,0,
NumStability.Analysis.LinearOperators.MatrixPowers.JordanScaling.Complex,NumStability/Analysis/LinearOperators/MatrixPowers/JordanScaling/Complex.lean,Analysis,MatrixPowers,Unassigned,1055,502,20,10,10,3.984064,5,5,9,0,6,24,6,4.0
NumStability.Analysis.LinearOperators.MatrixPowers.JordanScaling.RealDiagonal,NumStability/Analysis/LinearOperators/MatrixPowers/JordanScaling/RealDiagonal.lean,Analysis,MatrixPowers,Unassigned,1100,149,29,23,12,19.463087,4,3,10,1,9,51,9,5.666667
NumStability.Analysis.LinearOperators.MatrixPowers.JordanScaling.RealJordan,NumStability/Analysis/LinearOperators/MatrixPowers/JordanScaling/RealJordan.lean,Analysis,MatrixPowers,Unassigned,808,441,38,20,16,8.61678,4,4,8,0,14,44,14,3.142857
NumStability.Analysis.LinearOperators.MatrixPowers.Kreiss,NumStability/Analysis/LinearOperators/MatrixPowers/Kreiss.lean,Analysis,MatrixPowers,Unassigned,7,1,0,0,0,0.0,1,0,0,1,0,0,0,
NumStability.Analysis.LinearOperators.MatrixPowers.Kreiss.All,NumStability/Analysis/LinearOperators/MatrixPowers/Kreiss/All.lean,Analysis,MatrixPowers,Unassigned,7,1,0,0,0,0.0,1,0,0,1,0,0,0,
NumStability.Analysis.LinearOperators.MatrixPowers.Kreiss.ResolventBound,NumStability/Analysis/LinearOperators/MatrixPowers/Kreiss/ResolventBound.lean,Analysis,MatrixPowers,Unassigned,453,322,42,21,20,13.043478,2,2,8,0,12,35,12,2.916667
NumStability.Analysis.LinearOperators.MatrixPowers.Laszlo,NumStability/Analysis/LinearOperators/MatrixPowers/Laszlo.lean,Analysis,MatrixPowers,Unassigned,7,1,0,0,0,0.0,1,0,0,1,0,0,0,
NumStability.Analysis.LinearOperators.MatrixPowers.Laszlo.All,NumStability/Analysis/LinearOperators/MatrixPowers/Laszlo/All.lean,Analysis,MatrixPowers,Unassigned,7,1,0,0,0,0.0,1,0,0,1,0,0,0,
NumStability.Analysis.LinearOperators.MatrixPowers.Laszlo.NearestNormal,NumStability/Analysis/LinearOperators/MatrixPowers/Laszlo/NearestNormal.lean,Analysis,MatrixPowers,Unassigned,528,420,39,28,26,9.285714,3,3,1,0,1,62,1,62.0
NumStability.Analysis.LinearOperators.MatrixPowers.LpBounds,NumStability/Analysis/LinearOperators/MatrixPowers/LpBounds.lean,Analysis,MatrixPowers,Unassigned,7,1,0,0,0,0.0,1,0,0,1,0,0,0,
NumStability.Analysis.LinearOperators.MatrixPowers.LpBounds.All,NumStability/Analysis/LinearOperators/MatrixPowers/LpBounds/All.lean,Analysis,MatrixPowers,Unassigned,8,2,0,0,0,0.0,2,0,0,2,0,0,0,
NumStability.Analysis.LinearOperators.MatrixPowers.LpBounds.ComplexDiagonal,NumStability/Analysis/LinearOperators/MatrixPowers/LpBounds/ComplexDiagonal.lean,Analysis,MatrixPowers,Unassigned,456,151,20,15,14,13.245033,4,4,5,0,11,24,11,2.181818
NumStability.Analysis.LinearOperators.MatrixPowers.LpBounds.ComplexJordan,NumStability/Analysis/LinearOperators/MatrixPowers/LpBounds/ComplexJordan.lean,Analysis,MatrixPowers,Unassigned,533,205,12,7,7,5.853659,5,5,2,0,2,11,2,5.5
NumStability.Analysis.LinearOperators.MatrixPowers.Semiconvergence.All,NumStability/Analysis/LinearOperators/MatrixPowers/Semiconvergence/All.lean,Analysis,MatrixPowers,Unassigned,13,5,0,0,0,0.0,5,0,0,5,0,0,0,
NumStability.Analysis.LinearOperators.MatrixPowers.Semiconvergence.Limits.General,NumStability/Analysis/LinearOperators/MatrixPowers/Semiconvergence/Limits/General.lean,Analysis,MatrixPowers,Unassigned,798,485,24,24,23,4.948454,3,7,1,0,8,29,8,3.625
NumStability.Analysis.LinearOperators.MatrixPowers.Semiconvergence.Limits.RealSpectrum,NumStability/Analysis/LinearOperators/MatrixPowers/Semiconvergence/Limits/RealSpectrum.lean,Analysis,MatrixPowers,Unassigned,648,352,29,11,9,8.238636,2,7,0,0,0,45,0,
NumStability.Analysis.LinearOperators.MatrixPowers.Semiconvergence.PrimarySplitting,NumStability/Analysis/LinearOperators/MatrixPowers/Semiconvergence/PrimarySplitting.lean,Analysis,MatrixPowers,Unassigned,782,371,38,35,29,10.242588,2,5,3,0,20,77,20,3.85
NumStability.Analysis.LinearOperators.MatrixPowers.Semiconvergence.QuasiTriangularBlockForm,NumStability/Analysis/LinearOperators/MatrixPowers/Semiconvergence/QuasiTriangularBlockForm.lean,Analysis,MatrixPowers,Unassigned,519,259,10,5,5,3.861004,2,5,1,1,2,9,2,4.5
NumStability.Analysis.LinearOperators.MatrixPowers.Semiconvergence.TriangularBlockForm,NumStability/Analysis/LinearOperators/MatrixPowers/Semiconvergence/TriangularBlockForm.lean,Analysis,MatrixPowers,Unassigned,803,402,37,25,25,9.20398,2,5,5,0,12,50,12,4.166667
NumStability.Analysis.LinearOperators.MatrixPowers.Spijker,NumStability/Analysis/LinearOperators/MatrixPowers/Spijker.lean,Analysis,MatrixPowers,Unassigned,7,1,0,0,0,0.0,1,0,0,1,0,0,0,
NumStability.Analysis.LinearOperators.MatrixPowers.Spijker.All,NumStability/Analysis/LinearOperators/MatrixPowers/Spijker/All.lean,Analysis,MatrixPowers,Unassigned,15,9,0,0,0,0.0,9,0,0,9,0,0,0,
NumStability.Analysis.LinearOperators.MatrixPowers.Spijker.ArcLengthPowerBounds,NumStability/Analysis/LinearOperators/MatrixPowers/Spijker/ArcLengthPowerBounds.lean,Analysis,MatrixPowers,Unassigned,7,1,0,0,0,0.0,1,0,0,1,0,0,0,
NumStability.Analysis.LinearOperators.MatrixPowers.Spijker.ArcLengthPowerBounds.FiniteDimension,NumStability/Analysis/LinearOperators/MatrixPowers/Spijker/ArcLengthPowerBounds/FiniteDimension.lean,Analysis,MatrixPowers,Unassigned,299,253,24,7,7,9.486166,7,5,3,2,3,11,3,3.666667
NumStability.Analysis.LinearOperators.MatrixPowers.Spijker.FiniteDimensionalPowerBounds,NumStability/Analysis/LinearOperators/MatrixPowers/Spijker/FiniteDimensionalPowerBounds.lean,Analysis,MatrixPowers,Unassigned,7,1,0,0,0,0.0,1,0,0,1,0,0,0,
NumStability.Analysis.LinearOperators.MatrixPowers.Spijker.FiniteDimensionalPowerBounds.Kreiss,NumStability/Analysis/LinearOperators/MatrixPowers/Spijker/FiniteDimensionalPowerBounds/Kreiss.lean,Analysis,MatrixPowers,Unassigned,97,80,2,2,2,2.5,29,3,0,26,0,0,0,
NumStability.Analysis.LinearOperators.MatrixPowers.Spijker.PlanarAlgebra,NumStability/Analysis/LinearOperators/MatrixPowers/Spijker/PlanarAlgebra.lean,Analysis,MatrixPowers,Unassigned,477,213,52,36,25,24.413146,1,0,3,1,19,71,19,3.736842
NumStability.Analysis.LinearOperators.MatrixPowers.Spijker.PlanarAnalysis,NumStability/Analysis/LinearOperators/MatrixPowers/Spijker/PlanarAnalysis.lean,Analysis,MatrixPowers,Unassigned,643,143,15,14,12,10.48951,2,2,1,0,1,22,1,22.0
NumStability.Analysis.LinearOperators.MatrixPowers.Spijker.PlanarArcLength,NumStability/Analysis/LinearOperators/MatrixPowers/Spijker/PlanarArcLength.lean,Analysis,MatrixPowers,Unassigned,7,1,0,0,0,0.0,1,0,0,1,0,0,0,
NumStability.Analysis.LinearOperators.MatrixPowers.Spijker.PlanarArcLength.Variation,NumStability/Analysis/LinearOperators/MatrixPowers/Spijker/PlanarArcLength/Variation.lean,Analysis,MatrixPowers,Unassigned,531,494,24,4,4,4.8583,30,7,2,23,1,39,1,39.0
NumStability.Analysis.LinearOperators.MatrixPowers.Spijker.PlanarCrossingBounds,NumStability/Analysis/LinearOperators/MatrixPowers/Spijker/PlanarCrossingBounds.lean,Analysis,MatrixPowers,Unassigned,7,1,0,0,0,0.0,1,0,0,1,0,0,0,
NumStability.Analysis.LinearOperators.MatrixPowers.Spijker.PlanarCrossingBounds.Polynomial,NumStability/Analysis/LinearOperators/MatrixPowers/Spijker/PlanarCrossingBounds/Polynomial.lean,Analysis,MatrixPowers,Unassigned,263,233,7,4,4,3.004292,25,2,1,23,1,6,1,6.0
NumStability.Analysis.LinearOperators.MatrixPowers.Spijker.ProjectionIntegral,NumStability/Analysis/LinearOperators/MatrixPowers/Spijker/ProjectionIntegral.lean,Analysis,MatrixPowers,Unassigned,139,109,3,3,3,2.752294,0,0,1,0,1,2,1,2.0
NumStability.Analysis.LinearOperators.MatrixPowers.Spijker.Rational,NumStability/Analysis/LinearOperators/MatrixPowers/Spijker/Rational.lean,Analysis,MatrixPowers,Unassigned,273,220,42,28,15,19.090909,3,3,2,0,8,75,8,9.375
NumStability.Analysis.LinearOperators.MatrixPowers.Spijker.ResolventCoefficients,NumStability/Analysis/LinearOperators/MatrixPowers/Spijker/ResolventCoefficients.lean,Analysis,MatrixPowers,Unassigned,7,1,0,0,0,0.0,1,0,0,1,0,0,0,
NumStability.Analysis.LinearOperators.MatrixPowers.Spijker.ResolventCoefficients.Analytic,NumStability/Analysis/LinearOperators/MatrixPowers/Spijker/ResolventCoefficients/Analytic.lean,Analysis,MatrixPowers,Unassigned,308,259,47,18,13,18.146718,7,4,3,3,9,43,9,4.777778
NumStability.Analysis.LinearOperators.NumericalRadius,NumStability/Analysis/LinearOperators/NumericalRadius.lean,Analysis,Spectral,Unassigned,8,2,0,0,0,0.0,2,0,0,2,0,0,0,
NumStability.Analysis.LinearOperators.NumericalRadius.Berger,NumStability/Analysis/LinearOperators/NumericalRadius/Berger.lean,Analysis,Spectral,Unassigned,7,1,0,0,0,0.0,1,0,0,1,0,0,0,
NumStability.Analysis.LinearOperators.NumericalRadius.Berger.All,NumStability/Analysis/LinearOperators/NumericalRadius/Berger/All.lean,Analysis,Spectral,Unassigned,9,3,0,0,0,0.0,3,0,0,3,0,0,0,
NumStability.Analysis.LinearOperators.NumericalRadius.Berger.GeneralPowerInequality,NumStability/Analysis/LinearOperators/NumericalRadius/Berger/GeneralPowerInequality.lean,Analysis,Spectral,Unassigned,8,2,0,0,0,0.0,2,0,0,2,0,0,0,
NumStability.Analysis.LinearOperators.NumericalRadius.Berger.GeneralPowerInequality.Powers,NumStability/Analysis/LinearOperators/NumericalRadius/Berger/GeneralPowerInequality/Powers.lean,Analysis,Spectral,Unassigned,350,247,12,5,5,4.8583,2,2,0,0,0,9,0,
NumStability.Analysis.LinearOperators.NumericalRadius.Berger.GeneralPowerInequality.PowersOfTwo,NumStability/Analysis/LinearOperators/NumericalRadius/Berger/GeneralPowerInequality/PowersOfTwo.lean,Analysis,Spectral,Unassigned,282,182,12,7,7,6.593407,2,2,0,0,0,9,0,
NumStability.Analysis.LinearOperators.NumericalRadius.Berger.Hermitian,NumStability/Analysis/LinearOperators/NumericalRadius/Berger/Hermitian.lean,Analysis,Spectral,Unassigned,200,60,5,5,5,8.333333,1,2,0,0,0,4,0,
NumStability.Analysis.LinearOperators.NumericalRadius.Berger.PowerTwo,NumStability/Analysis/LinearOperators/NumericalRadius/Berger/PowerTwo.lean,Analysis,Spectral,Unassigned,466,40,5,5,4,12.5,1,1,3,0,2,3,2,1.5
NumStability.Analysis.LinearOperators.NumericalRadius.Core,NumStability/Analysis/LinearOperators/NumericalRadius/Core.lean,Analysis,Spectral,Unassigned,7,1,0,0,0,0.0,1,0,0,1,0,0,0,
NumStability.Analysis.LinearOperators.NumericalRadius.Core.All,NumStability/Analysis/LinearOperators/NumericalRadius/Core/All.lean,Analysis,Spectral,Unassigned,7,1,0,0,0,0.0,1,0,0,1,0,0,0,
NumStability.Analysis.LinearOperators.NumericalRadius.Core.Basic,NumStability/Analysis/LinearOperators/NumericalRadius/Core/Basic.lean,Analysis,Spectral,Unassigned,301,128,20,15,14,15.625,0,0,4,0,8,53,8,6.625
NumStability.Analysis.LinearOperators.Pseudospectra,NumStability/Analysis/LinearOperators/Pseudospectra.lean,Analysis,Other,Unassigned,9,3,0,0,0,0.0,3,0,0,3,0,0,0,
NumStability.Analysis.LinearOperators.Pseudospectra.Perturbation,NumStability/Analysis/LinearOperators/Pseudospectra/Perturbation.lean,Analysis,Perturbation,Unassigned,7,1,0,0,0,0.0,1,0,0,1,0,0,0,
NumStability.Analysis.LinearOperators.Pseudospectra.Perturbation.All,NumStability/Analysis/LinearOperators/Pseudospectra/Perturbation/All.lean,Analysis,Perturbation,Unassigned,9,3,0,0,0,0.0,3,0,0,3,0,0,0,
NumStability.Analysis.LinearOperators.Pseudospectra.Perturbation.ConvergenceCriterion,NumStability/Analysis/LinearOperators/Pseudospectra/Perturbation/ConvergenceCriterion.lean,Analysis,Perturbation,Unassigned,279,52,4,4,4,7.692308,3,3,1,0,1,3,1,3.0
NumStability.Analysis.LinearOperators.Pseudospectra.Perturbation.Definitions,NumStability/Analysis/LinearOperators/Pseudospectra/Perturbation/Definitions.lean,Analysis,Perturbation,Unassigned,164,35,5,5,5,14.285714,2,2,4,0,3,6,3,2.0
NumStability.Analysis.LinearOperators.Pseudospectra.Perturbation.LowerBounds,NumStability/Analysis/LinearOperators/Pseudospectra/Perturbation/LowerBounds.lean,Analysis,Perturbation,Unassigned,430,192,21,14,14,10.9375,5,5,0,0,0,18,0,
NumStability.Analysis.LinearOperators.Pseudospectra.PowerBounds,NumStability/Analysis/LinearOperators/Pseudospectra/PowerBounds.lean,Analysis,Other,Unassigned,7,1,0,0,0,0.0,1,0,0,1,0,0,0,
NumStability.Analysis.LinearOperators.Pseudospectra.PowerBounds.All,NumStability/Analysis/LinearOperators/Pseudospectra/PowerBounds/All.lean,Analysis,Other,Unassigned,7,1,0,0,0,0.0,1,0,0,1,0,0,0,
NumStability.Analysis.LinearOperators.Pseudospectra.PowerBounds.Contour,NumStability/Analysis/LinearOperators/Pseudospectra/PowerBounds/Contour.lean,Analysis,Other,Unassigned,298,186,22,15,14,11.827957,2,2,1,0,5,33,5,6.6
NumStability.Analysis.LinearOperators.Pseudospectra.Resolvent,NumStability/Analysis/LinearOperators/Pseudospectra/Resolvent.lean,Analysis,MatrixPowers,Unassigned,7,1,0,0,0,0.0,1,0,0,1,0,0,0,
NumStability.Analysis.LinearOperators.Pseudospectra.Resolvent.All,NumStability/Analysis/LinearOperators/Pseudospectra/Resolvent/All.lean,Analysis,MatrixPowers,Unassigned,7,1,0,0,0,0.0,1,0,0,1,0,0,0,
NumStability.Analysis.LinearOperators.Pseudospectra.Resolvent.LowerBounds,NumStability/Analysis/LinearOperators/Pseudospectra/Resolvent/LowerBounds.lean,Analysis,MatrixPowers,Unassigned,207,50,5,5,5,10.0,0,0,1,0,1,4,1,4.0
NumStability.Analysis.LinearOperators.Schur,NumStability/Analysis/LinearOperators/Schur.lean,Analysis,Spectral,Unassigned,8,2,0,0,0,0.0,2,0,0,2,0,0,0,
NumStability.Analysis.LinearOperators.Schur.All,NumStability/Analysis/LinearOperators/Schur/All.lean,Analysis,Spectral,Unassigned,21,15,0,0,0,0.0,15,0,0,15,0,0,0,
NumStability.Analysis.LinearOperators.Schur.Complex.BlockEmbedding,NumStability/Analysis/LinearOperators/Schur/Complex/BlockEmbedding.lean,Analysis,Spectral,Unassigned,279,55,13,11,11,23.636364,0,0,1,0,4,15,4,3.75
NumStability.Analysis.LinearOperators.Schur.Complex.Deflation,NumStability/Analysis/LinearOperators/Schur/Complex/Deflation.lean,Analysis,Spectral,Unassigned,279,67,4,3,3,5.970149,0,0,1,0,3,1,3,0.333333
NumStability.Analysis.LinearOperators.Schur.Complex.NormalTriangular,NumStability/Analysis/LinearOperators/Schur/Complex/NormalTriangular.lean,Analysis,Spectral,Unassigned,7,1,0,0,0,0.0,1,0,0,1,0,0,0,
NumStability.Analysis.LinearOperators.Schur.Complex.NormalTriangular.Diagonal,NumStability/Analysis/LinearOperators/Schur/Complex/NormalTriangular/Diagonal.lean,Analysis,Spectral,Unassigned,109,70,3,1,1,4.285714,2,0,1,2,1,2,1,2.0
NumStability.Analysis.LinearOperators.Schur.Complex.Triangulation,NumStability/Analysis/LinearOperators/Schur/Complex/Triangulation.lean,Analysis,Spectral,Unassigned,281,70,2,2,2,2.857143,2,2,4,0,2,1,2,0.5
NumStability.Analysis.LinearOperators.Schur.Real,NumStability/Analysis/LinearOperators/Schur/Real.lean,Analysis,Spectral,Unassigned,7,1,0,0,0,0.0,1,0,0,1,0,0,0,
NumStability.Analysis.LinearOperators.Schur.Real.InvariantSubspace.Complexification,NumStability/Analysis/LinearOperators/Schur/Real/InvariantSubspace/Complexification.lean,Analysis,Spectral,Unassigned,795,130,8,8,8,6.153846,0,0,1,0,4,12,4,3.0
NumStability.Analysis.LinearOperators.Schur.Real.InvariantSubspace.Existence,NumStability/Analysis/LinearOperators/Schur/Real/InvariantSubspace/Existence.lean,Analysis,Spectral,Unassigned,796,314,17,6,6,5.414013,1,1,2,0,2,16,2,8.0
NumStability.Analysis.LinearOperators.Schur.Real.InvariantSubspace.TwoByTwo,NumStability/Analysis/LinearOperators/Schur/Real/InvariantSubspace/TwoByTwo.lean,Analysis,Spectral,Unassigned,795,134,12,11,10,8.955224,0,0,5,0,3,27,3,9.0
NumStability.Analysis.LinearOperators.Schur.Real.QuasiTriangular.API,NumStability/Analysis/LinearOperators/Schur/Real/QuasiTriangular/API.lean,Analysis,Spectral,Unassigned,1662,41,4,4,4,9.756098,2,2,2,0,2,1,2,0.5
NumStability.Analysis.LinearOperators.Schur.Real.QuasiTriangular.Basic,NumStability/Analysis/LinearOperators/Schur/Real/QuasiTriangular/Basic.lean,Analysis,Spectral,Unassigned,1661,23,3,2,2,13.043478,1,1,9,0,2,1,2,0.5
NumStability.Analysis.LinearOperators.Schur.Real.QuasiTriangular.BlockEmbedding,NumStability/Analysis/LinearOperators/Schur/Real/QuasiTriangular/BlockEmbedding.lean,Analysis,Spectral,Unassigned,1660,33,5,5,5,15.151515,0,0,2,0,3,7,3,2.333333
NumStability.Analysis.LinearOperators.Schur.Real.QuasiTriangular.Deflation,NumStability/Analysis/LinearOperators/Schur/Real/QuasiTriangular/Deflation.lean,Analysis,Spectral,Unassigned,1660,53,3,3,3,5.660377,0,0,2,0,3,2,3,0.666667
NumStability.Analysis.LinearOperators.Schur.Real.QuasiTriangular.Existence,NumStability/Analysis/LinearOperators/Schur/Real/QuasiTriangular/Existence.lean,Analysis,Spectral,Unassigned,1668,431,44,2,2,10.208817,8,8,1,0,2,42,2,21.0
NumStability.Analysis.LinearOperators.Schur.Real.QuasiTriangular.OrthogonalFrame,NumStability/Analysis/LinearOperators/Schur/Real/QuasiTriangular/OrthogonalFrame.lean,Analysis,Spectral,Unassigned,1663,404,21,12,12,5.19802,3,3,2,0,3,21,3,7.0
NumStability.Analysis.LinearOperators.Schur.Real.QuasiTriangular.Reindex,NumStability/Analysis/LinearOperators/Schur/Real/QuasiTriangular/Reindex.lean,Analysis,Spectral,Unassigned,1660,79,18,11,10,22.78481,0,0,2,0,8,24,8,3.0
NumStability.Analysis.LinearOperators.Schur.Real.QuasiTriangular.TrailingConjugation,NumStability/Analysis/LinearOperators/Schur/Real/QuasiTriangular/TrailingConjugation.lean,Analysis,Spectral,Unassigned,1665,346,16,13,11,4.624277,5,5,1,0,3,11,3,3.666667
NumStability.Analysis.LinearOperators.Schur.Real.Triangularization,NumStability/Analysis/LinearOperators/Schur/Real/Triangularization.lean,Analysis,Spectral,Unassigned,7,1,0,0,0,0.0,1,0,0,1,0,0,0,
NumStability.Analysis.LinearOperators.Schur.Real.Triangularization.All,NumStability/Analysis/LinearOperators/Schur/Real/Triangularization/All.lean,Analysis,Spectral,Unassigned,7,1,0,0,0,0.0,1,0,0,1,0,0,0,
NumStability.Analysis.LinearOperators.Schur.Real.Triangularization.SplitCharpoly,NumStability/Analysis/LinearOperators/Schur/Real/Triangularization/SplitCharpoly.lean,Analysis,Spectral,Unassigned,377,224,21,18,18,9.375,0,0,1,0,1,26,1,26.0
NumStability.Analysis.LinearOperators.Triangularization,NumStability/Analysis/LinearOperators/Triangularization.lean,Analysis,Other,Unassigned,209,165,13,9,8,7.878788,0,0,1,0,1,12,1,12.0
NumStability.Analysis.MatrixAlgebra,NumStability/Analysis/MatrixAlgebra.lean,Analysis,Other,Unassigned,11142,8975,824,713,660,9.181058,0,0,886,0,453,2564,453,5.660044
NumStability.Analysis.MatrixEquations.SylvesterExistence,NumStability/Analysis/MatrixEquations/SylvesterExistence.lean,Analysis,MatrixEquations,Unassigned,1347,559,37,28,28,6.618962,3,1,1,2,1,38,1,38.0
NumStability.Analysis.MatrixNorms,NumStability/Analysis/MatrixNorms.lean,Analysis,Norms,Unassigned,17,11,0,0,0,0.0,11,0,0,11,0,0,0,
NumStability.Analysis.MatrixNorms.Attainment,NumStability/Analysis/MatrixNorms/Attainment.lean,Analysis,Norms,Unassigned,861,689,67,60,55,9.724238,3,8,4,0,5,92,5,18.4
NumStability.Analysis.MatrixNorms.Basic,NumStability/Analysis/MatrixNorms/Basic.lean,Analysis,Norms,Unassigned,1143,938,109,105,91,11.620469,3,5,95,0,71,267,71,3.760563
NumStability.Analysis.MatrixNorms.Comparisons,NumStability/Analysis/MatrixNorms/Comparisons.lean,Analysis,Norms,Unassigned,3340,2907,152,142,139,5.228758,2,9,19,0,33,222,33,6.727273
NumStability.Analysis.MatrixNorms.EntrywiseAbsolute,NumStability/Analysis/MatrixNorms/EntrywiseAbsolute.lean,Analysis,Norms,Unassigned,7,1,0,0,0,0.0,1,0,0,1,0,0,0,
NumStability.Analysis.MatrixNorms.EntrywiseAbsolute.Basic,NumStability/Analysis/MatrixNorms/EntrywiseAbsolute/Basic.lean,Analysis,Norms,Unassigned,450,371,16,16,16,4.312668,10,1,21,10,14,6,14,0.428571
NumStability.Analysis.MatrixNorms.EntrywiseMaximum,NumStability/Analysis/MatrixNorms/EntrywiseMaximum.lean,Analysis,Norms,Unassigned,627,497,44,36,33,8.853119,1,1,92,0,31,83,31,2.677419
NumStability.Analysis.MatrixNorms.Hadamard,NumStability/Analysis/MatrixNorms/Hadamard.lean,Analysis,Norms,Unassigned,988,878,53,45,44,6.036446,1,8,2,0,11,69,11,6.272727
NumStability.Analysis.MatrixNorms.HadamardDeterminant,NumStability/Analysis/MatrixNorms/HadamardDeterminant.lean,Analysis,Norms,Unassigned,157,138,3,3,3,2.173913,0,0,2,0,2,2,2,1.0
NumStability.Analysis.MatrixNorms.Lp,NumStability/Analysis/MatrixNorms/Lp.lean,Analysis,Norms,Unassigned,4188,3764,208,130,127,5.526036,1,4,21,0,30,213,30,7.1
NumStability.Analysis.MatrixNorms.SpectralExtrema,NumStability/Analysis/MatrixNorms/SpectralExtrema.lean,Analysis,Norms,Unassigned,8,2,0,0,0,0.0,2,0,0,2,0,0,0,
NumStability.Analysis.MatrixNorms.SpectralExtrema.Basic,NumStability/Analysis/MatrixNorms/SpectralExtrema/Basic.lean,Analysis,Norms,Unassigned,424,344,18,17,15,5.232558,12,4,18,9,15,30,15,2.0
NumStability.Analysis.MatrixNorms.SpectralExtrema.PrincipalSubmatrices.Bounds,NumStability/Analysis/MatrixNorms/SpectralExtrema/PrincipalSubmatrices/Bounds.lean,Analysis,Norms,Unassigned,281,247,19,3,3,7.692308,15,5,3,11,2,16,2,8.0
NumStability.Analysis.MatrixNorms.SpectralRadius,NumStability/Analysis/MatrixNorms/SpectralRadius.lean,Analysis,Norms,Unassigned,676,592,31,24,24,5.236486,2,5,7,0,6,35,6,5.833333
NumStability.Analysis.MatrixNorms.UnitarilyInvariant,NumStability/Analysis/MatrixNorms/UnitarilyInvariant.lean,Analysis,Norms,Unassigned,344,293,69,60,27,23.549488,1,2,1,0,11,161,11,14.636364
NumStability.Analysis.MatrixSpectral,NumStability/Analysis/MatrixSpectral.lean,Analysis,Spectral,Unassigned,898,754,48,42,37,6.366048,1,1,29,0,16,72,16,4.5
NumStability.Analysis.Monotonicity,NumStability/Analysis/Monotonicity.lean,Analysis,Other,Unassigned,957,852,57,52,51,6.690141,5,6,0,0,0,52,0,
NumStability.Analysis.Nonassociativity,NumStability/Analysis/Nonassociativity.lean,Analysis,Other,Unassigned,695,601,53,49,47,8.818636,4,5,9,0,8,152,8,19.0
NumStability.Analysis.OperatorNorms,NumStability/Analysis/OperatorNorms.lean,Analysis,Norms,Unassigned,8,2,0,0,0,0.0,2,0,0,2,0,0,0,
NumStability.Analysis.OperatorNorms.Attainment,NumStability/Analysis/OperatorNorms/Attainment.lean,Analysis,Norms,Unassigned,723,618,57,35,33,9.223301,2,4,5,0,20,58,20,2.9
NumStability.Analysis.OperatorNorms.Basic,NumStability/Analysis/OperatorNorms/Basic.lean,Analysis,Norms,Unassigned,370,288,28,21,21,9.722222,1,2,24,0,16,41,16,2.5625
NumStability.Analysis.Perturbation,NumStability/Analysis/Perturbation.lean,Analysis,Perturbation,Unassigned,7,1,0,0,0,0.0,1,0,0,1,0,0,0,
NumStability.Analysis.Perturbation.LeastSquares,NumStability/Analysis/Perturbation/LeastSquares.lean,Analysis,LeastSquares,Unassigned,26,19,0,0,0,0.0,19,0,0,19,0,0,0,
NumStability.Analysis.Perturbation.LeastSquares.Absorption,NumStability/Analysis/Perturbation/LeastSquares/Absorption.lean,Analysis,LeastSquares,Unassigned,308,284,11,8,8,3.873239,1,1,1,0,6,15,6,2.5
NumStability.Analysis.Perturbation.LeastSquares.AlternativeBound,NumStability/Analysis/Perturbation/LeastSquares/AlternativeBound.lean,Analysis,LeastSquares,Unassigned,100,78,1,1,1,1.282051,4,4,1,0,1,0,1,0.0
NumStability.Analysis.Perturbation.LeastSquares.AugmentedSystem,NumStability/Analysis/Perturbation/LeastSquares/AugmentedSystem.lean,Analysis,LeastSquares,Unassigned,2027,1786,49,43,36,2.743561,9,9,6,0,8,34,8,4.25
NumStability.Analysis.Perturbation.LeastSquares.BackwardError,NumStability/Analysis/Perturbation/LeastSquares/BackwardError.lean,Analysis,LeastSquares,Unassigned,13709,12847,128,124,119,0.996342,17,17,1,0,2,249,2,124.5
NumStability.Analysis.Perturbation.LeastSquares.Basic,NumStability/Analysis/Perturbation/LeastSquares/Basic.lean,Analysis,LeastSquares,Unassigned,23400,21598,375,330,302,1.736272,19,19,16,0,99,929,99,9.383838
NumStability.Analysis.Perturbation.LeastSquares.Conditioning,NumStability/Analysis/Perturbation/LeastSquares/Conditioning.lean,Analysis,LeastSquares,Unassigned,153,125,2,2,2,1.6,10,7,1,4,1,0,1,0.0
NumStability.Analysis.Perturbation.LeastSquares.Contract,NumStability/Analysis/Perturbation/LeastSquares/Contract.lean,Analysis,LeastSquares,Unassigned,103,85,24,10,5,28.235294,2,2,3,0,6,23,6,3.833333
NumStability.Analysis.Perturbation.LeastSquares.Equality.KKTInverse,NumStability/Analysis/Perturbation/LeastSquares/Equality/KKTInverse.lean,Analysis,LeastSquares,Unassigned,551,522,14,11,9,2.681992,6,6,1,0,7,23,7,3.285714
NumStability.Analysis.Perturbation.LeastSquares.Equality.MixedStability,NumStability/Analysis/Perturbation/LeastSquares/Equality/MixedStability.lean,Analysis,LeastSquares,Unassigned,12102,10755,346,243,201,3.217108,10,10,1,0,17,763,17,44.882353
NumStability.Analysis.Perturbation.LeastSquares.Equality.Perturbation,NumStability/Analysis/Perturbation/LeastSquares/Equality/Perturbation.lean,Analysis,LeastSquares,Unassigned,24381,22156,606,541,490,2.735151,12,14,7,0,88,1612,88,18.318182
NumStability.Analysis.Perturbation.LeastSquares.Equality.RowwiseBackwardError,NumStability/Analysis/Perturbation/LeastSquares/Equality/RowwiseBackwardError.lean,Analysis,LeastSquares,Unassigned,45489,43231,580,539,510,1.34163,17,17,0,0,0,3062,0,
NumStability.Analysis.Perturbation.LeastSquares.GramBasis,NumStability/Analysis/Perturbation/LeastSquares/GramBasis.lean,Analysis,LeastSquares,Unassigned,205,178,3,3,3,1.685393,5,5,1,0,1,2,1,2.0
NumStability.Analysis.Perturbation.LeastSquares.MinimumNorm,NumStability/Analysis/Perturbation/LeastSquares/MinimumNorm.lean,Analysis,LeastSquares,Unassigned,79,58,8,8,8,13.793103,3,3,1,0,7,13,7,1.857143
NumStability.Analysis.Perturbation.LeastSquares.NormalEquations,NumStability/Analysis/Perturbation/LeastSquares/NormalEquations.lean,Analysis,LeastSquares,Unassigned,668,516,60,53,37,11.627907,16,16,5,0,16,92,16,5.75
NumStability.Analysis.Perturbation.LeastSquares.Normwise,NumStability/Analysis/Perturbation/LeastSquares/Normwise.lean,Analysis,LeastSquares,Unassigned,2229,1847,158,142,131,8.554413,4,4,8,0,51,431,51,8.45098
NumStability.Analysis.Perturbation.LeastSquares.Projection,NumStability/Analysis/Perturbation/LeastSquares/Projection.lean,Analysis,LeastSquares,Unassigned,75,59,1,1,1,1.694915,1,1,1,0,1,0,1,0.0
NumStability.Analysis.Perturbation.LeastSquares.ResidualQuality,NumStability/Analysis/Perturbation/LeastSquares/ResidualQuality.lean,Analysis,LeastSquares,Unassigned,136,106,13,13,10,12.264151,2,2,1,0,7,11,7,1.571429
NumStability.Analysis.Perturbation.LeastSquares.Wedin,NumStability/Analysis/Perturbation/LeastSquares/Wedin.lean,Analysis,LeastSquares,Unassigned,8318,7359,304,232,225,4.130996,5,5,12,0,51,378,51,7.411765
NumStability.Analysis.Perturbation.LeastSquares.WeightedLimit,NumStability/Analysis/Perturbation/LeastSquares/WeightedLimit.lean,Analysis,LeastSquares,Unassigned,167,147,4,3,3,2.721088,5,5,1,0,3,1,3,0.333333
NumStability.Analysis.PerturbationTheory,NumStability/Analysis/PerturbationTheory.lean,Analysis,Perturbation,Unassigned,1411,1027,103,56,50,10.029211,1,1,52,1,30,100,30,3.333333
NumStability.Analysis.Polynomials,NumStability/Analysis/Polynomials.lean,Analysis,Polynomials,Unassigned,7,1,0,0,0,0.0,1,0,0,1,0,0,0,
NumStability.Analysis.Polynomials.RealRootCounting,NumStability/Analysis/Polynomials/RealRootCounting.lean,Analysis,Polynomials,Unassigned,265,237,16,2,2,6.751055,5,1,2,5,2,11,2,5.5
NumStability.Analysis.Probability,NumStability/Analysis/Probability.lean,Analysis,ProbabilityStatistics,Unassigned,9,2,0,0,0,0.0,2,0,0,2,0,0,0,
NumStability.Analysis.Probability.Gaussian,NumStability/Analysis/Probability/Gaussian.lean,Analysis,ProbabilityStatistics,Unassigned,8,1,0,0,0,0.0,1,0,0,1,0,0,0,
NumStability.Analysis.Probability.Gaussian.AbsoluteMoment,NumStability/Analysis/Probability/Gaussian/AbsoluteMoment.lean,Analysis,ProbabilityStatistics,Unassigned,159,124,8,8,8,6.451613,0,0,1,0,1,7,1,7.0
NumStability.Analysis.Probability.Haar,NumStability/Analysis/Probability/Haar.lean,Analysis,ProbabilityStatistics,Unassigned,9,2,0,0,0,0.0,2,0,0,2,0,0,0,
NumStability.Analysis.Probability.Haar.HomogeneousSpaceUniqueness,NumStability/Analysis/Probability/Haar/HomogeneousSpaceUniqueness.lean,Analysis,ProbabilityStatistics,Unassigned,213,179,4,3,3,2.234637,0,0,3,0,2,1,2,0.5
NumStability.Analysis.Probability.Haar.NormalizedOrthogonalMatrixLaw,NumStability/Analysis/Probability/Haar/NormalizedOrthogonalMatrixLaw.lean,Analysis,ProbabilityStatistics,Unassigned,72,47,4,3,3,8.510638,8,1,0,8,0,5,0,
NumStability.Analysis.ProblemDependentStability.All,NumStability/Analysis/ProblemDependentStability/All.lean,Analysis,Other,Unassigned,7,1,0,0,0,0.0,1,0,0,1,0,0,0,
NumStability.Analysis.ProblemDependentStability.HessenbergDeterminant,NumStability/Analysis/ProblemDependentStability/HessenbergDeterminant.lean,Analysis,Other,Unassigned,3849,658,137,103,54,20.820669,5,4,2,1,3,304,3,101.333333
NumStability.Analysis.Quadratic,NumStability/Analysis/Quadratic.lean,Analysis,Arithmetic,Unassigned,2937,2466,212,157,130,8.596918,7,8,0,0,0,596,0,
NumStability.Analysis.RelativePrecision,NumStability/Analysis/RelativePrecision.lean,Analysis,FloatingPoint,Unassigned,84,54,14,7,7,25.925926,0,0,0,0,0,7,0,
NumStability.Analysis.Rounding,NumStability/Analysis/Rounding.lean,Analysis,FloatingPoint,Unassigned,1161,878,142,43,39,16.173121,1,1,435,0,35,116,35,3.314286
NumStability.Analysis.SemiconvergentExistenceGaps,NumStability/Analysis/SemiconvergentExistenceGaps.lean,Analysis,MatrixPowers,Unassigned,454,237,10,7,7,4.219409,2,2,2,0,4,7,4,1.75
NumStability.Analysis.SemiconvergentSpectral,NumStability/Analysis/SemiconvergentSpectral.lean,Analysis,MatrixPowers,Unassigned,306,70,7,7,7,10.0,0,0,0,0,0,2,0,
NumStability.Analysis.SingularValues,NumStability/Analysis/SingularValues.lean,Analysis,Spectral,Unassigned,13,6,0,0,0,0.0,6,0,0,6,0,0,0,
NumStability.Analysis.SingularValues.Basic,NumStability/Analysis/SingularValues/Basic.lean,Analysis,Spectral,Unassigned,2573,2164,232,207,180,10.720887,1,2,91,0,97,935,97,9.639175
NumStability.Analysis.SingularValues.InverseBounds,NumStability/Analysis/SingularValues/InverseBounds.lean,Analysis,Spectral,Unassigned,7,1,0,0,0,0.0,1,0,0,1,0,0,0,
NumStability.Analysis.SingularValues.InverseBounds.All,NumStability/Analysis/SingularValues/InverseBounds/All.lean,Analysis,Spectral,Unassigned,9,3,0,0,0,0.0,3,0,0,3,0,0,0,
NumStability.Analysis.SingularValues.InverseBounds.Gram,NumStability/Analysis/SingularValues/InverseBounds/Gram.lean,Analysis,Spectral,Unassigned,339,52,4,4,4,7.692308,2,1,1,1,3,1,3,0.333333
NumStability.Analysis.SingularValues.InverseBounds.OperatorTwo,NumStability/Analysis/SingularValues/InverseBounds/OperatorTwo.lean,Analysis,Spectral,Unassigned,341,54,4,4,4,7.407407,4,4,1,0,1,3,1,3.0
NumStability.Analysis.SingularValues.InverseBounds.Rayleigh,NumStability/Analysis/SingularValues/InverseBounds/Rayleigh.lean,Analysis,Spectral,Unassigned,339,15,1,1,1,6.666667,2,2,2,0,1,0,1,0.0
NumStability.Analysis.SingularValues.Realification,NumStability/Analysis/SingularValues/Realification.lean,Analysis,Spectral,Unassigned,500,400,38,38,33,9.5,2,4,91,0,32,84,32,2.625
NumStability.Analysis.SingularValues.RectangularGram,NumStability/Analysis/SingularValues/RectangularGram.lean,Analysis,Spectral,Unassigned,825,678,68,49,44,10.029499,3,2,7,1,31,164,31,5.290323
NumStability.Analysis.SingularValues.RectangularRankFactorization,NumStability/Analysis/SingularValues/RectangularRankFactorization.lean,Analysis,Spectral,Unassigned,279,238,30,23,9,12.605042,1,1,5,0,10,49,10,4.9
NumStability.Analysis.SingularValues.WeylMirsky,NumStability/Analysis/SingularValues/WeylMirsky.lean,Analysis,Spectral,Unassigned,270,212,17,4,4,8.018868,1,2,2,0,2,18,2,9.0
NumStability.Analysis.Stability,NumStability/Analysis/Stability.lean,Analysis,Perturbation,Unassigned,407,202,34,27,27,16.831683,2,3,2,0,2,26,2,13.0
NumStability.Analysis.StatisticalRounding,NumStability/Analysis/StatisticalRounding.lean,Analysis,FloatingPoint,Unassigned,497,386,132,97,37,34.196891,1,1,1,0,6,561,6,93.5
NumStability.Analysis.Statistics.SampleVariance.All,NumStability/Analysis/Statistics/SampleVariance/All.lean,Analysis,ProbabilityStatistics,Unassigned,9,3,0,0,0,0.0,3,0,0,3,0,0,0,
NumStability.Analysis.Statistics.SampleVariance.Core,NumStability/Analysis/Statistics/SampleVariance/Core.lean,Analysis,ProbabilityStatistics,Unassigned,3593,81,14,14,14,17.283951,3,1,8,2,13,9,13,0.692308
NumStability.Analysis.Statistics.SampleVariance.RoundingErrorBounds.Theorems,NumStability/Analysis/Statistics/SampleVariance/RoundingErrorBounds/Theorems.lean,Analysis,Perturbation,Unassigned,1020,382,27,15,7,7.068063,7,4,0,5,0,11,0,
NumStability.Analysis.Statistics.SampleVariance.TwoPass,NumStability/Analysis/Statistics/SampleVariance/TwoPass.lean,Analysis,ProbabilityStatistics,Unassigned,3596,544,72,18,14,13.235294,6,5,3,1,3,25,3,8.333333
NumStability.Analysis.Statistics.SampleVariance.Updating,NumStability/Analysis/Statistics/SampleVariance/Updating.lean,Analysis,ProbabilityStatistics,Unassigned,3596,414,65,39,27,15.700483,6,4,2,2,21,94,21,4.47619
NumStability.Analysis.SubtractionFold,NumStability/Analysis/SubtractionFold.lean,Analysis,Other,Unassigned,298,216,17,5,5,7.87037,2,2,8,0,5,6,5,1.2
NumStability.Analysis.Summation,NumStability/Analysis/Summation.lean,Analysis,Summation,Unassigned,9,2,0,0,0,0.0,2,0,0,2,0,0,0,
NumStability.Analysis.Summation.ErrorBounds,NumStability/Analysis/Summation/ErrorBounds.lean,Analysis,Summation,Unassigned,635,482,46,23,19,9.543568,3,3,13,0,10,37,10,3.7
NumStability.Analysis.Summation.Signs,NumStability/Analysis/Summation/Signs.lean,Analysis,Summation,Unassigned,128,90,10,10,10,11.111111,0,0,12,0,9,9,9,1.0
NumStability.Analysis.TestMatrices,NumStability/Analysis/TestMatrices.lean,Analysis,TestMatrices,Unassigned,44,38,0,0,0,0.0,38,0,0,38,0,0,0,
NumStability.Analysis.TestMatrices.Cauchy.Basic,NumStability/Analysis/TestMatrices/Cauchy/Basic.lean,Analysis,TestMatrices,Unassigned,74,43,12,12,8,27.906977,1,1,4,0,5,12,5,2.4
NumStability.Analysis.TestMatrices.Cauchy.Cauchy,NumStability/Analysis/TestMatrices/Cauchy/Cauchy.lean,Analysis,TestMatrices,Unassigned,913,858,115,45,41,13.403263,7,4,2,3,8,65,8,8.125
NumStability.Analysis.TestMatrices.Cauchy.Contracts,NumStability/Analysis/TestMatrices/Cauchy/Contracts.lean,Analysis,TestMatrices,Unassigned,389,307,43,41,33,14.006515,5,2,6,3,25,66,25,2.64
NumStability.Analysis.TestMatrices.Companion.Basic,NumStability/Analysis/TestMatrices/Companion/Basic.lean,Analysis,TestMatrices,Unassigned,74,50,9,5,3,18.0,1,0,9,1,2,8,2,4.0
NumStability.Analysis.TestMatrices.Companion.Companion,NumStability/Analysis/TestMatrices/Companion/Companion.lean,Analysis,TestMatrices,Unassigned,218,186,8,8,7,4.301075,7,3,2,4,6,3,6,0.5
NumStability.Analysis.TestMatrices.Companion.CompanionSpectral,NumStability/Analysis/TestMatrices/Companion/CompanionSpectral.lean,Analysis,Spectral,Unassigned,210,179,12,9,9,6.703911,7,2,2,5,7,23,7,3.285714
NumStability.Analysis.TestMatrices.Companion.Contracts,NumStability/Analysis/TestMatrices/Companion/Contracts.lean,Analysis,TestMatrices,Unassigned,312,275,19,13,10,6.909091,5,1,7,4,8,19,8,2.375
NumStability.Analysis.TestMatrices.Gaussian.GaussianDirection,NumStability/Analysis/TestMatrices/Gaussian/GaussianDirection.lean,Analysis,ProbabilityStatistics,Unassigned,181,146,19,13,10,13.013699,3,2,8,1,10,44,10,4.4
NumStability.Analysis.TestMatrices.Gaussian.GaussianOrthogonal,NumStability/Analysis/TestMatrices/Gaussian/GaussianOrthogonal.lean,Analysis,ProbabilityStatistics,Unassigned,323,258,37,28,25,14.341085,0,0,13,0,10,84,10,8.4
NumStability.Analysis.TestMatrices.Hilbert.Asymptotics,NumStability/Analysis/TestMatrices/Hilbert/Asymptotics.lean,Analysis,TestMatrices,Unassigned,41,21,4,3,3,19.047619,2,2,2,0,3,2,3,0.666667
NumStability.Analysis.TestMatrices.Hilbert.Basic,NumStability/Analysis/TestMatrices/Hilbert/Basic.lean,Analysis,TestMatrices,Unassigned,354,282,83,34,28,29.432624,1,1,28,0,22,88,22,4.0
NumStability.Analysis.TestMatrices.Hilbert.Exact,NumStability/Analysis/TestMatrices/Hilbert/Exact.lean,Analysis,TestMatrices,Unassigned,142,124,30,9,6,24.193548,2,1,5,1,4,26,4,6.5
NumStability.Analysis.TestMatrices.Hilbert.HilbertAsymptotic,NumStability/Analysis/TestMatrices/Hilbert/HilbertAsymptotic.lean,Analysis,TestMatrices,Unassigned,182,154,30,5,5,19.480519,3,2,3,1,3,7,3,2.333333
NumStability.Analysis.TestMatrices.Hilbert.ShiftedHilbert,NumStability/Analysis/TestMatrices/Hilbert/ShiftedHilbert.lean,Analysis,TestMatrices,Unassigned,797,717,57,37,36,7.949791,2,2,0,0,0,77,0,
NumStability.Analysis.TestMatrices.Orthogonal.Basic,NumStability/Analysis/TestMatrices/Orthogonal/Basic.lean,Analysis,TestMatrices,Unassigned,48,27,2,2,2,7.407407,3,3,2,0,2,1,2,0.5
NumStability.Analysis.TestMatrices.Orthogonal.HaarFiberMeasure,NumStability/Analysis/TestMatrices/Orthogonal/HaarFiberMeasure.lean,Analysis,ProbabilityStatistics,Unassigned,110,92,10,9,8,10.869565,4,10,2,2,2,13,2,6.5
NumStability.Analysis.TestMatrices.Orthogonal.OrthogonalCoordinates,NumStability/Analysis/TestMatrices/Orthogonal/OrthogonalCoordinates.lean,Analysis,TestMatrices,Unassigned,177,145,18,13,12,12.413793,4,4,4,0,3,47,3,15.666667
NumStability.Analysis.TestMatrices.Orthogonal.OrthogonalFibers,NumStability/Analysis/TestMatrices/Orthogonal/OrthogonalFibers.lean,Analysis,TestMatrices,Unassigned,511,445,52,42,34,11.685393,9,8,5,2,18,118,18,6.555556
NumStability.Analysis.TestMatrices.Orthogonal.OrthogonalHaar,NumStability/Analysis/TestMatrices/Orthogonal/OrthogonalHaar.lean,Analysis,ProbabilityStatistics,Unassigned,166,124,19,17,17,15.322581,1,0,10,1,15,68,15,4.533333
NumStability.Analysis.TestMatrices.Orthogonal.OrthogonalSphere,NumStability/Analysis/TestMatrices/Orthogonal/OrthogonalSphere.lean,Analysis,TestMatrices,Unassigned,103,75,10,6,6,13.333333,2,1,12,1,5,19,5,3.8
NumStability.Analysis.TestMatrices.Pascal.Basic,NumStability/Analysis/TestMatrices/Pascal/Basic.lean,Analysis,TestMatrices,Unassigned,357,291,34,23,20,11.683849,1,1,16,0,17,53,17,3.117647
NumStability.Analysis.TestMatrices.Pascal.Contracts,NumStability/Analysis/TestMatrices/Pascal/Contracts.lean,Analysis,TestMatrices,Unassigned,332,281,26,18,14,9.252669,6,3,0,3,0,30,0,
NumStability.Analysis.TestMatrices.Pascal.Exact,NumStability/Analysis/TestMatrices/Pascal/Exact.lean,Analysis,TestMatrices,Unassigned,102,78,4,4,4,5.128205,2,2,3,0,2,3,2,1.5
NumStability.Analysis.TestMatrices.Pascal.PascalDualFlag,NumStability/Analysis/TestMatrices/Pascal/PascalDualFlag.lean,Analysis,TestMatrices,Unassigned,860,816,58,43,31,7.107843,6,0,1,6,3,150,3,50.0
NumStability.Analysis.TestMatrices.Pascal.PascalOscillation,NumStability/Analysis/TestMatrices/Pascal/PascalOscillation.lean,Analysis,TestMatrices,Unassigned,384,320,43,37,27,13.4375,10,6,5,4,22,78,22,3.545455
NumStability.Analysis.TestMatrices.Pascal.PascalOscillationCore,NumStability/Analysis/TestMatrices/Pascal/PascalOscillationCore.lean,Analysis,TestMatrices,Unassigned,868,813,67,41,33,8.241082,8,7,2,4,18,94,18,5.222222
NumStability.Analysis.TestMatrices.Pascal.PascalSpectral,NumStability/Analysis/TestMatrices/Pascal/PascalSpectral.lean,Analysis,Spectral,Unassigned,128,112,1,1,1,0.892857,8,3,4,5,1,0,1,0.0
NumStability.Analysis.TestMatrices.Pascal.PascalTotalPositivity,NumStability/Analysis/TestMatrices/Pascal/PascalTotalPositivity.lean,Analysis,TestMatrices,Unassigned,476,438,83,28,21,18.949772,5,2,6,3,6,122,6,20.333333
NumStability.Analysis.TestMatrices.RandomSVD.Basic,NumStability/Analysis/TestMatrices/RandomSVD/Basic.lean,Analysis,TestMatrices,Unassigned,35,18,2,2,2,11.111111,2,2,7,0,2,0,2,0.0
NumStability.Analysis.TestMatrices.RandomSVD.GroupLawRecursion,NumStability/Analysis/TestMatrices/RandomSVD/GroupLawRecursion.lean,Analysis,TestMatrices,Unassigned,126,111,12,12,8,10.810811,4,9,1,2,2,6,2,3.0
NumStability.Analysis.TestMatrices.RandomSVD.Stewart,NumStability/Analysis/TestMatrices/RandomSVD/Stewart.lean,Analysis,TestMatrices,Unassigned,297,227,45,33,29,19.823789,5,7,7,0,25,99,25,3.96
NumStability.Analysis.TestMatrices.RandomSVD.StewartHaar,NumStability/Analysis/TestMatrices/RandomSVD/StewartHaar.lean,Analysis,ProbabilityStatistics,Unassigned,140,110,13,10,10,11.818182,6,2,2,4,5,21,5,4.2
NumStability.Analysis.TestMatrices.RandomSVD.StewartMeasurability,NumStability/Analysis/TestMatrices/RandomSVD/StewartMeasurability.lean,Analysis,TestMatrices,Unassigned,111,87,20,17,12,22.988506,4,7,4,4,6,25,6,4.166667
NumStability.Analysis.TestMatrices.RandomSVD.StewartRecursion,NumStability/Analysis/TestMatrices/RandomSVD/StewartRecursion.lean,Analysis,TestMatrices,Unassigned,819,761,74,54,45,9.724047,10,11,3,2,10,90,10,9.0
NumStability.Analysis.TestMatrices.RealGinibre.GinibreRoots,NumStability/Analysis/TestMatrices/RealGinibre/GinibreRoots.lean,Analysis,TestMatrices,Unassigned,46,30,1,1,1,3.333333,4,0,13,4,1,0,1,0.0
NumStability.Analysis.TestMatrices.RealGinibre.ProjectiveWeightIntegral,NumStability/Analysis/TestMatrices/RealGinibre/ProjectiveWeightIntegral.lean,Analysis,TestMatrices,Unassigned,298,271,22,3,3,8.118081,4,0,1,4,1,14,1,14.0
NumStability.Analysis.TestMatrices.Toeplitz.Basic,NumStability/Analysis/TestMatrices/Toeplitz/Basic.lean,Analysis,TestMatrices,Unassigned,180,153,21,8,6,13.72549,2,2,7,0,3,22,3,7.333333
NumStability.Analysis.TestMatrices.Toeplitz.Contracts,NumStability/Analysis/TestMatrices/Toeplitz/Contracts.lean,Analysis,TestMatrices,Unassigned,143,122,5,3,3,4.098361,5,2,6,3,3,2,3,0.666667
NumStability.Analysis.TieRules,NumStability/Analysis/TieRules.lean,Analysis,Other,Unassigned,302,212,34,28,28,16.037736,2,2,1,0,5,69,5,13.8
NumStability.Analysis.VectorNorms,NumStability/Analysis/VectorNorms.lean,Analysis,Norms,Unassigned,10,4,0,0,0,0.0,4,0,0,4,0,0,0,
NumStability.Analysis.VectorNorms.Attainment,NumStability/Analysis/VectorNorms/Attainment.lean,Analysis,Norms,Unassigned,153,123,7,7,7,5.691057,1,1,1,0,7,11,7,1.571429
NumStability.Analysis.VectorNorms.Basic,NumStability/Analysis/VectorNorms/Basic.lean,Analysis,Norms,Unassigned,1627,1364,199,161,123,14.589443,0,0,81,0,91,559,91,6.142857
NumStability.Analysis.VectorNorms.Duality,NumStability/Analysis/VectorNorms/Duality.lean,Analysis,Norms,Unassigned,398,331,58,41,29,17.522659,1,1,9,0,25,116,25,4.64
NumStability.Analysis.VectorNorms.Interpolation,NumStability/Analysis/VectorNorms/Interpolation.lean,Analysis,Norms,Unassigned,995,855,103,102,90,12.046784,1,1,6,0,44,254,44,5.772727
NumStability.FloatingPoint,NumStability/FloatingPoint.lean,FloatingPoint,FloatingPoint,Unassigned,11,4,0,0,0,0.0,4,0,0,4,0,0,0,
NumStability.FloatingPoint.FusedMultiplyAdd.All,NumStability/FloatingPoint/FusedMultiplyAdd/All.lean,FloatingPoint,FloatingPoint,Unassigned,8,2,0,0,0,0.0,2,0,0,2,0,0,0,
NumStability.FloatingPoint.FusedMultiplyAdd.Core,NumStability/FloatingPoint/FusedMultiplyAdd/Core.lean,FloatingPoint,FloatingPoint,Unassigned,323,86,12,12,10,13.953488,6,6,4,0,4,20,4,5.0
NumStability.FloatingPoint.FusedMultiplyAdd.DotProductCounts,NumStability/FloatingPoint/FusedMultiplyAdd/DotProductCounts.lean,FloatingPoint,DotProduct,Unassigned,321,68,32,19,8,47.058824,4,4,1,0,4,47,4,11.75
NumStability.FloatingPoint.IEEE,NumStability/FloatingPoint/IEEE.lean,FloatingPoint,FloatingPoint,Unassigned,11,1,0,0,0,0.0,1,0,0,1,0,0,0,
NumStability.FloatingPoint.IEEE.NaiveMaximum,NumStability/FloatingPoint/IEEE/NaiveMaximum.lean,FloatingPoint,FloatingPoint,Unassigned,137,94,16,16,15,17.021277,1,1,0,0,0,30,0,
NumStability.FloatingPoint.Model,NumStability/FloatingPoint/Model.lean,FloatingPoint,FloatingPoint,Unassigned,189,120,73,60,24,60.833333,0,0,568,0,28,208,28,7.428571
NumStability.FloatingPoint.OperationLaws,NumStability/FloatingPoint/OperationLaws.lean,FloatingPoint,FloatingPoint,Unassigned,96,68,7,7,7,10.294118,3,4,1,0,7,0,7,0.0
NumStability.Source,NumStability/Source.lean,Source,Other,Unassigned,42,35,0,0,0,0.0,35,0,0,35,0,0,0,
NumStability.Source.Higham,NumStability/Source/Higham.lean,Source,HighamSourceOther,Unassigned,72,63,0,0,0,0.0,63,0,0,63,0,0,0,
NumStability.Source.Higham.Chapter01,NumStability/Source/Higham/Chapter01.lean,Source,HighamSourceOther,Chapter01,36,27,0,0,0,0.0,27,0,0,27,0,0,0,
NumStability.Source.Higham.Chapter01.FloatingPointArithmetic.CancellationOfRoundingErrors,NumStability/Source/Higham/Chapter01/FloatingPointArithmetic/CancellationOfRoundingErrors.lean,Source,FloatingPoint,Chapter01,2410,2149,209,100,88,9.725454,18,6,1,12,17,315,17,18.529412
NumStability.Source.Higham.Chapter01.FloatingPointArithmetic.IncreasingPrecision,NumStability/Source/Higham/Chapter01/FloatingPointArithmetic/IncreasingPrecision.lean,Source,FloatingPoint,Chapter01,237,179,30,26,21,16.759777,18,4,1,14,8,65,8,8.125
NumStability.Source.Higham.Chapter01.FloatingPointArithmetic.InstabilityWithoutCancellation,NumStability/Source/Higham/Chapter01/FloatingPointArithmetic/InstabilityWithoutCancellation.lean,Source,FloatingPoint,Chapter01,18116,16079,1278,1054,868,7.948255,19,8,3,11,15,4029,15,268.6
NumStability.Source.Higham.Chapter01.Problem01.RelativeError.All,NumStability/Source/Higham/Chapter01/Problem01/RelativeError/All.lean,Source,HighamSourceOther,Chapter01,7,1,0,0,0,0.0,1,0,0,1,0,0,0,
NumStability.Source.Higham.Chapter01.Problem01.RelativeError.Bounds,NumStability/Source/Higham/Chapter01/Problem01/RelativeError/Bounds.lean,Source,HighamSourceOther,Chapter01,870,38,1,1,1,2.631579,3,2,0,1,0,0,0,
NumStability.Source.Higham.Chapter01.Problem02.NearIntegerTable.Basic,NumStability/Source/Higham/Chapter01/Problem02/NearIntegerTable/Basic.lean,Source,HighamSourceOther,Chapter01,116,68,40,36,21,58.823529,0,0,0,0,0,115,0,
NumStability.Source.Higham.Chapter01.Problem03.CancellationRewrites.Algebra,NumStability/Source/Higham/Chapter01/Problem03/CancellationRewrites/Algebra.lean,Source,HighamSourceOther,Chapter01,459,49,9,7,7,18.367347,2,1,1,1,1,3,1,3.0
NumStability.Source.Higham.Chapter01.Problem03.CancellationRewrites.All,NumStability/Source/Higham/Chapter01/Problem03/CancellationRewrites/All.lean,Source,HighamSourceOther,Chapter01,7,1,0,0,0,0.0,1,0,0,1,0,0,0,
NumStability.Source.Higham.Chapter01.Problem05.CompensatedLogarithm.Basic,NumStability/Source/Higham/Chapter01/Problem05/CompensatedLogarithm/Basic.lean,Source,Summation,Chapter01,104,67,22,8,7,32.835821,5,2,0,3,0,8,0,
NumStability.Source.Higham.Chapter01.Problem06.CalculatorWords.Basic,NumStability/Source/Higham/Chapter01/Problem06/CalculatorWords/Basic.lean,Source,HighamSourceOther,Chapter01,85,53,59,53,20,111.320755,0,0,0,0,0,234,0,
NumStability.Source.Higham.Chapter01.Problem07.SampleVarianceConditioning.All,NumStability/Source/Higham/Chapter01/Problem07/SampleVarianceConditioning/All.lean,Source,Norms,Chapter01,7,1,0,0,0,0.0,1,0,0,1,0,0,0,
NumStability.Source.Higham.Chapter01.Problem07.SampleVarianceConditioning.ConditionNumbers,NumStability/Source/Higham/Chapter01/Problem07/SampleVarianceConditioning/ConditionNumbers.lean,Source,Norms,Chapter01,3594,324,55,19,17,16.975309,4,2,0,2,0,43,0,
NumStability.Source.Higham.Chapter01.Problem08.MullerRecurrence.Basic,NumStability/Source/Higham/Chapter01/Problem08/MullerRecurrence/Basic.lean,Source,HighamSourceOther,Chapter01,355,256,75,47,32,29.296875,0,0,0,0,0,191,0,
NumStability.Source.Higham.Chapter01.Problem09.CramersRule.All,NumStability/Source/Higham/Chapter01/Problem09/CramersRule/All.lean,Source,HighamSourceOther,Chapter01,7,1,0,0,0,0.0,1,0,0,1,0,0,0,
NumStability.Source.Higham.Chapter01.Problem09.CramersRule.ForwardError,NumStability/Source/Higham/Chapter01/Problem09/CramersRule/ForwardError.lean,Source,Perturbation,Chapter01,1054,532,56,34,29,10.526316,4,4,0,0,0,55,0,
NumStability.Source.Higham.Chapter01.Problem10.TwoPassSampleVariance.All,NumStability/Source/Higham/Chapter01/Problem10/TwoPassSampleVariance/All.lean,Source,ProbabilityStatistics,Chapter01,7,1,0,0,0,0.0,1,0,0,1,0,0,0,
NumStability.Source.Higham.Chapter01.Problem10.TwoPassSampleVariance.Bounds,NumStability/Source/Higham/Chapter01/Problem10/TwoPassSampleVariance/Bounds.lean,Source,ProbabilityStatistics,Chapter01,3599,184,18,17,14,9.782609,9,6,1,3,3,23,3,7.666667
NumStability.Source.Higham.Chapter01.Problem10.TwoPassSampleVariance.RemainderBound.Theorem,NumStability/Source/Higham/Chapter01/Problem10/TwoPassSampleVariance/RemainderBound/Theorem.lean,Source,ProbabilityStatistics,Chapter01,230,114,3,2,1,2.631579,10,5,0,7,0,1,0,
NumStability.Source.Higham.Chapter01.Section02.ErrorMeasures.All,NumStability/Source/Higham/Chapter01/Section02/ErrorMeasures/All.lean,Source,HighamSourceOther,Chapter01,7,1,0,0,0,0.0,1,0,0,1,0,0,0,
NumStability.Source.Higham.Chapter01.Section03.ErrorSources.All,NumStability/Source/Higham/Chapter01/Section03/ErrorSources/All.lean,Source,HighamSourceOther,Chapter01,7,1,0,0,0,0.0,1,0,0,1,0,0,0,
NumStability.Source.Higham.Chapter01.Section03.ErrorSources.Core,NumStability/Source/Higham/Chapter01/Section03/ErrorSources/Core.lean,Source,HighamSourceOther,Chapter01,868,27,32,28,6,118.518519,1,0,0,1,0,108,0,
NumStability.Source.Higham.Chapter01.Section04.AccuracyAndPrecision.All,NumStability/Source/Higham/Chapter01/Section04/AccuracyAndPrecision/All.lean,Source,FloatingPoint,Chapter01,7,1,0,0,0,0.0,1,0,0,1,0,0,0,
NumStability.Source.Higham.Chapter01.Section07.Cancellation.All,NumStability/Source/Higham/Chapter01/Section07/Cancellation/All.lean,Source,HighamSourceOther,Chapter01,7,1,0,0,0,0.0,1,0,0,1,0,0,0,
NumStability.Source.Higham.Chapter01.Section07.Cancellation.Basic,NumStability/Source/Higham/Chapter01/Section07/Cancellation/Basic.lean,Source,HighamSourceOther,Chapter01,869,50,4,4,4,8.0,2,1,0,1,0,3,0,
NumStability.Source.Higham.Chapter01.Section07.TrigonometricCancellation.All,NumStability/Source/Higham/Chapter01/Section07/TrigonometricCancellation/All.lean,Source,HighamSourceOther,Chapter01,7,1,0,0,0,0.0,1,0,0,1,0,0,0,
NumStability.Source.Higham.Chapter01.Section07.TrigonometricCancellation.Example,NumStability/Source/Higham/Chapter01/Section07/TrigonometricCancellation/Example.lean,Source,HighamSourceOther,Chapter01,459,31,17,12,7,54.83871,2,1,0,1,0,29,0,
NumStability.Source.Higham.Chapter01.Section09.SampleVariance.All,NumStability/Source/Higham/Chapter01/Section09/SampleVariance/All.lean,Source,ProbabilityStatistics,Chapter01,7,1,0,0,0,0.0,1,0,0,1,0,0,0,
NumStability.Source.Higham.Chapter01.Section09.SampleVariance.Examples,NumStability/Source/Higham/Chapter01/Section09/SampleVariance/Examples.lean,Source,ProbabilityStatistics,Chapter01,3596,130,26,21,19,20.0,6,3,1,3,6,14,6,2.333333
NumStability.Source.Higham.Chapter01.Section09.SampleVariance.IeeeSingleOnePassCounterexample.Results,NumStability/Source/Higham/Chapter01/Section09/SampleVariance/IeeeSingleOnePassCounterexample/Results.lean,Source,FloatingPoint,Chapter01,1465,1022,77,49,44,7.534247,10,8,0,7,0,201,0,
NumStability.Source.Higham.Chapter01.Section10.CramersRule.All,NumStability/Source/Higham/Chapter01/Section10/CramersRule/All.lean,Source,HighamSourceOther,Chapter01,7,1,0,0,0,0.0,1,0,0,1,0,0,0,
NumStability.Source.Higham.Chapter01.Section10.CramersRule.PrintedComparison,NumStability/Source/Higham/Chapter01/Section10/CramersRule/PrintedComparison.lean,Source,HighamSourceOther,Chapter01,1052,177,49,37,32,27.683616,2,1,0,1,0,159,0,
NumStability.Source.Higham.Chapter01.Section11.Accumulation.Basic,NumStability/Source/Higham/Chapter01/Section11/Accumulation/Basic.lean,Source,HighamSourceOther,Chapter01,559,420,66,45,38,15.714286,4,4,2,1,2,116,2,58.0
NumStability.Source.Higham.Chapter01.Section12.InstabilityWithoutCancellation.PivotingExample,NumStability/Source/Higham/Chapter01/Section12/InstabilityWithoutCancellation/PivotingExample.lean,Source,LU,Chapter01,168,117,12,9,6,10.25641,3,3,1,1,1,5,1,5.0
NumStability.Source.Higham.Chapter01.Section13.IncreasingPrecision.BinaryStorageExamples,NumStability/Source/Higham/Chapter01/Section13/IncreasingPrecision/BinaryStorageExamples.lean,Source,FloatingPoint,Chapter01,943,852,36,20,19,4.225352,3,6,0,0,0,32,0,
NumStability.Source.Higham.Chapter01.Section14.CancellationOfRoundingErrors.Algorithm02RoundedCore,NumStability/Source/Higham/Chapter01/Section14/CancellationOfRoundingErrors/Algorithm02RoundedCore.lean,Source,FloatingPoint,Chapter01,803,692,33,23,23,4.768786,7,7,0,1,0,47,0,
NumStability.Source.Higham.Chapter01.Section16.ProblemDependentStability.All,NumStability/Source/Higham/Chapter01/Section16/ProblemDependentStability/All.lean,Source,HighamSourceOther,Chapter01,8,2,0,0,0,0.0,2,0,0,2,0,0,0,
NumStability.Source.Higham.Chapter01.Section16.ProblemDependentStability.ExactExample,NumStability/Source/Higham/Chapter01/Section16/ProblemDependentStability/ExactExample.lean,Source,HighamSourceOther,Chapter01,3850,295,106,82,23,35.932203,6,5,1,1,11,153,11,13.909091
NumStability.Source.Higham.Chapter01.Section16.ProblemDependentStability.Table13IeeeSingle,NumStability/Source/Higham/Chapter01/Section16/ProblemDependentStability/Table13IeeeSingle.lean,Source,FloatingPoint,Chapter01,3855,2316,179,148,132,7.728843,11,10,0,1,0,438,0,
NumStability.Source.Higham.Chapter01.Section17,NumStability/Source/Higham/Chapter01/Section17.lean,Source,HighamSourceOther,Chapter01,13,5,0,0,0,0.0,5,0,0,5,0,0,0,
NumStability.Source.Higham.Chapter01.Section17.ErrorSpread,NumStability/Source/Higham/Chapter01/Section17/ErrorSpread.lean,Source,HighamSourceOther,Chapter01,120,83,9,8,7,10.843373,1,3,0,0,0,9,0,
NumStability.Source.Higham.Chapter01.Section17.GridVariation,NumStability/Source/Higham/Chapter01/Section17/GridVariation.lean,Source,HighamSourceOther,Chapter01,627,489,63,45,40,12.883436,1,2,2,0,2,126,2,63.0
NumStability.Source.Higham.Chapter01.Section17.HornerEvaluation,NumStability/Source/Higham/Chapter01/Section17/HornerEvaluation.lean,Source,Polynomials,Chapter01,522,384,108,86,58,28.125,2,4,4,1,38,340,38,8.947368
NumStability.Source.Higham.Chapter01.Section17.SourceInterval,NumStability/Source/Higham/Chapter01/Section17/SourceInterval.lean,Source,HighamSourceOther,Chapter01,977,941,21,13,11,2.231668,1,5,2,0,4,36,4,9.0
NumStability.Source.Higham.Chapter01.Section17.StoredGrid,NumStability/Source/Higham/Chapter01/Section17/StoredGrid.lean,Source,HighamSourceOther,Chapter01,1760,1617,41,36,36,2.53556,1,8,1,0,3,97,3,32.333333
NumStability.Source.Higham.Chapter02,NumStability/Source/Higham/Chapter02.lean,Source,HighamSourceOther,Chapter02,64,56,0,0,0,0.0,56,0,0,56,0,0,0,
NumStability.Source.Higham.Chapter02.Equation06.NoGuardModel.All,NumStability/Source/Higham/Chapter02/Equation06/NoGuardModel/All.lean,Source,HighamSourceOther,Chapter02,7,1,0,0,0,0.0,1,0,0,1,0,0,0,
NumStability.Source.Higham.Chapter02.Equation08.AdditiveError.All,NumStability/Source/Higham/Chapter02/Equation08/AdditiveError/All.lean,Source,HighamSourceOther,Chapter02,7,1,0,0,0,0.0,1,0,0,1,0,0,0,
NumStability.Source.Higham.Chapter02.FloatingPointArithmetic.AdditiveUnderflowModel,NumStability/Source/Higham/Chapter02/FloatingPointArithmetic/AdditiveUnderflowModel.lean,Source,FloatingPoint,Chapter02,524,438,39,39,37,8.90411,7,10,2,0,1,82,1,82.0
NumStability.Source.Higham.Chapter02.FloatingPointArithmetic.Environment,NumStability/Source/Higham/Chapter02/FloatingPointArithmetic/Environment.lean,Source,FloatingPoint,Chapter02,76,56,14,14,12,25.0,1,1,1,0,1,15,1,15.0
NumStability.Source.Higham.Chapter02.FloatingPointArithmetic.ExactSubtraction,NumStability/Source/Higham/Chapter02/FloatingPointArithmetic/ExactSubtraction.lean,Source,FloatingPoint,Chapter02,9,1,0,0,0,0.0,1,0,0,1,0,0,0,
NumStability.Source.Higham.Chapter02.FloatingPointArithmetic.StandardModel,NumStability/Source/Higham/Chapter02/FloatingPointArithmetic/StandardModel.lean,Source,FloatingPoint,Chapter02,9,1,0,0,0,0.0,1,0,0,1,0,0,0,
NumStability.Source.Higham.Chapter02.Problem01.FloatingPointCounts.Basic,NumStability/Source/Higham/Chapter02/Problem01/FloatingPointCounts/Basic.lean,Source,FloatingPoint,Chapter02,226,172,36,31,25,20.930233,1,1,0,1,0,50,0,
NumStability.Source.Higham.Chapter02.Problem02,NumStability/Source/Higham/Chapter02/Problem02.lean,Source,HighamSourceOther,Chapter02,59,31,3,3,3,9.677419,1,2,0,1,0,2,0,
NumStability.Source.Higham.Chapter02.Problem03.AdjacentPrecisionValues.Basic,NumStability/Source/Higham/Chapter02/Problem03/AdjacentPrecisionValues/Basic.lean,Source,FloatingPoint,Chapter02,473,393,92,71,40,23.409669,1,2,1,1,30,199,30,6.633333
NumStability.Source.Higham.Chapter02.Problem03.AdjacentPrecisionValues.Results.Theorems,NumStability/Source/Higham/Chapter02/Problem03/AdjacentPrecisionValues/Results/Theorems.lean,Source,FloatingPoint,Chapter02,2046,1948,94,52,31,4.825462,2,3,0,1,0,78,0,
NumStability.Source.Higham.Chapter02.Problem04,NumStability/Source/Higham/Chapter02/Problem04.lean,Source,HighamSourceOther,Chapter02,62,40,3,3,3,7.5,1,3,0,1,0,0,0,
NumStability.Source.Higham.Chapter02.Problem05.BinaryOneTenth.Basic,NumStability/Source/Higham/Chapter02/Problem05/BinaryOneTenth/Basic.lean,Source,HighamSourceOther,Chapter02,142,111,8,6,6,7.207207,1,3,0,1,0,7,0,
NumStability.Source.Higham.Chapter02.Problem06.IntegerRepresentability.Basic,NumStability/Source/Higham/Chapter02/Problem06/IntegerRepresentability/Basic.lean,Source,HighamSourceOther,Chapter02,228,197,17,13,13,8.629442,1,2,0,1,0,20,0,
NumStability.Source.Higham.Chapter02.Problem07,NumStability/Source/Higham/Chapter02/Problem07.lean,Source,HighamSourceOther,Chapter02,107,74,9,9,9,12.162162,2,6,0,0,0,0,0,
NumStability.Source.Higham.Chapter02.Problem08.MidpointRounding.All,NumStability/Source/Higham/Chapter02/Problem08/MidpointRounding/All.lean,Source,FloatingPoint,Chapter02,7,1,0,0,0,0.0,1,0,0,1,0,0,0,
NumStability.Source.Higham.Chapter02.Problem08.MidpointRounding.Counterexample,NumStability/Source/Higham/Chapter02/Problem08/MidpointRounding/Counterexample.lean,Source,FloatingPoint,Chapter02,454,126,8,8,8,6.349206,7,7,1,0,1,5,1,5.0
NumStability.Source.Higham.Chapter02.Problem09.DoubleRounding.All,NumStability/Source/Higham/Chapter02/Problem09/DoubleRounding/All.lean,Source,FloatingPoint,Chapter02,7,1,0,0,0,0.0,1,0,0,1,0,0,0,
NumStability.Source.Higham.Chapter02.Problem09.DoubleRounding.Counterexample,NumStability/Source/Higham/Chapter02/Problem09/DoubleRounding/Counterexample.lean,Source,FloatingPoint,Chapter02,584,18,6,2,2,33.333333,2,1,1,1,2,4,2,2.0
NumStability.Source.Higham.Chapter02.Problem09.DoubleRounding.Counterexample.Results,NumStability/Source/Higham/Chapter02/Problem09/DoubleRounding/Counterexample/Results.lean,Source,FloatingPoint,Chapter02,605,274,17,8,6,6.20438,5,5,4,4,2,27,2,13.5
NumStability.Source.Higham.Chapter02.Problem10.DivisionRoundTrip.Basic,NumStability/Source/Higham/Chapter02/Problem10/DivisionRoundTrip/Basic.lean,Source,HighamSourceOther,Chapter02,7819,6160,609,592,591,9.886364,1,6,4,0,195,680,195,3.487179
NumStability.Source.Higham.Chapter02.Problem10.DivisionRoundTrip.ExhaustiveBinary64.Results,NumStability/Source/Higham/Chapter02/Problem10/DivisionRoundTrip/ExhaustiveBinary64/Results.lean,Source,HighamSourceOther,Chapter02,25614,22372,1348,956,956,6.025389,2,6,2,0,2,1689,2,844.5
NumStability.Source.Higham.Chapter02.Problem11,NumStability/Source/Higham/Chapter02/Problem11.lean,Source,HighamSourceOther,Chapter02,126,83,57,53,24,68.674699,3,0,0,3,0,165,0,
NumStability.Source.Higham.Chapter02.Problem12.ReciprocalProduct.Basic,NumStability/Source/Higham/Chapter02/Problem12/ReciprocalProduct/Basic.lean,Source,HighamSourceOther,Chapter02,171,148,8,8,8,5.405405,1,4,2,0,3,6,3,2.0
NumStability.Source.Higham.Chapter02.Problem12.ReciprocalProduct.Results.Theorems,NumStability/Source/Higham/Chapter02/Problem12/ReciprocalProduct/Results/Theorems.lean,Source,HighamSourceOther,Chapter02,332,274,15,6,6,5.474453,2,7,1,1,4,11,4,2.75
NumStability.Source.Higham.Chapter02.Problem13.ReciprocalProductThreshold.Basic,NumStability/Source/Higham/Chapter02/Problem13/ReciprocalProductThreshold/Basic.lean,Source,HighamSourceOther,Chapter02,563,500,60,49,42,12.0,1,4,1,0,22,143,22,6.5
NumStability.Source.Higham.Chapter02.Problem13.ReciprocalProductThreshold.Results.Theorems,NumStability/Source/Higham/Chapter02/Problem13/ReciprocalProductThreshold/Results/Theorems.lean,Source,HighamSourceOther,Chapter02,1696,1580,109,62,62,6.898734,2,7,0,0,0,123,0,
NumStability.Source.Higham.Chapter02.Problem14.UnitRoundoffProbe.Basic,NumStability/Source/Higham/Chapter02/Problem14/UnitRoundoffProbe/Basic.lean,Source,FloatingPoint,Chapter02,37,18,4,2,2,22.222222,1,3,1,0,2,4,2,2.0
NumStability.Source.Higham.Chapter02.Problem14.UnitRoundoffProbe.IeeeExamples.Results,NumStability/Source/Higham/Chapter02/Problem14/UnitRoundoffProbe/IeeeExamples/Results.lean,Source,FloatingPoint,Chapter02,418,347,22,14,12,6.340058,2,6,0,1,0,24,0,
NumStability.Source.Higham.Chapter02.Problem18.ExactSubtractionCounterexample.Basic,NumStability/Source/Higham/Chapter02/Problem18/ExactSubtractionCounterexample/Basic.lean,Source,HighamSourceOther,Chapter02,193,163,8,8,8,4.907975,1,5,0,0,0,14,0,
NumStability.Source.Higham.Chapter02.Problem19.GradualUnderflowExactness.Basic,NumStability/Source/Higham/Chapter02/Problem19/GradualUnderflowExactness/Basic.lean,Source,HighamSourceOther,Chapter02,129,96,6,6,6,6.25,2,7,0,1,0,4,0,
NumStability.Source.Higham.Chapter02.Problem20.SquareRootIdentities.Basic,NumStability/Source/Higham/Chapter02/Problem20/SquareRootIdentities/Basic.lean,Source,HighamSourceOther,Chapter02,172,141,7,7,6,4.964539,1,7,2,0,2,8,2,4.0
NumStability.Source.Higham.Chapter02.Problem21.HypotenuseNormalization.Basic,NumStability/Source/Higham/Chapter02/Problem21/HypotenuseNormalization/Basic.lean,Source,HighamSourceOther,Chapter02,435,357,32,29,26,8.963585,3,8,1,0,5,46,5,9.2
NumStability.Source.Higham.Chapter02.Problem21.HypotenuseNormalization.StandardModelCounterexample.Results,NumStability/Source/Higham/Chapter02/Problem21/HypotenuseNormalization/StandardModelCounterexample/Results.lean,Source,HighamSourceOther,Chapter02,127,74,18,4,3,24.324324,3,5,0,1,0,49,0,
NumStability.Source.Higham.Chapter02.Problem22,NumStability/Source/Higham/Chapter02/Problem22.lean,Source,HighamSourceOther,Chapter02,15,2,0,0,0,0.0,2,0,0,2,0,0,0,
NumStability.Source.Higham.Chapter02.Problem23,NumStability/Source/Higham/Chapter02/Problem23.lean,Source,HighamSourceOther,Chapter02,68,40,2,2,2,5.0,1,4,0,0,0,0,0,
NumStability.Source.Higham.Chapter02.Problem24.GuardDigitCancellation.Basic,NumStability/Source/Higham/Chapter02/Problem24/GuardDigitCancellation/Basic.lean,Source,HighamSourceOther,Chapter02,141,94,14,13,13,14.893617,1,7,0,1,0,21,0,
NumStability.Source.Higham.Chapter02.Problem25.NonzeroEvaluation.Basic,NumStability/Source/Higham/Chapter02/Problem25/NonzeroEvaluation/Basic.lean,Source,HighamSourceOther,Chapter02,3633,3087,212,192,188,6.867509,1,7,3,0,29,615,29,21.206897
NumStability.Source.Higham.Chapter02.Problem25.NonzeroEvaluation.IeeeFiniteSystems.Results,NumStability/Source/Higham/Chapter02/Problem25/NonzeroEvaluation/IeeeFiniteSystems/Results.lean,Source,FloatingPoint,Chapter02,571,447,30,27,27,6.711409,2,5,0,0,0,30,0,
NumStability.Source.Higham.Chapter02.Problem26.ExactProduct.All,NumStability/Source/Higham/Chapter02/Problem26/ExactProduct/All.lean,Source,HighamSourceOther,Chapter02,7,1,0,0,0,0.0,1,0,0,1,0,0,0,
NumStability.Source.Higham.Chapter02.Problem26.ExactProduct.Discrepancy,NumStability/Source/Higham/Chapter02/Problem26/ExactProduct/Discrepancy.lean,Source,HighamSourceOther,Chapter02,323,86,5,5,5,5.813953,6,5,0,1,0,3,0,
NumStability.Source.Higham.Chapter02.Problem27.KahanDeterminant.Basic,NumStability/Source/Higham/Chapter02/Problem27/KahanDeterminant/Basic.lean,Source,Summation,Chapter02,223,153,22,22,20,14.379085,2,8,0,0,0,59,0,
NumStability.Source.Higham.Chapter02.Problem28.IterativeDivisionTermination.Basic,NumStability/Source/Higham/Chapter02/Problem28/IterativeDivisionTermination/Basic.lean,Source,HighamSourceOther,Chapter02,143,106,22,15,12,20.754717,1,7,1,0,7,31,7,4.428571
NumStability.Source.Higham.Chapter02.Problem28.IterativeDivisionTermination.UnderflowAwareConvergence.Results,NumStability/Source/Higham/Chapter02/Problem28/IterativeDivisionTermination/UnderflowAwareConvergence/Results.lean,Source,HighamSourceOther,Chapter02,319,237,14,13,13,5.907173,3,5,0,2,0,13,0,
NumStability.Source.Higham.Chapter02.Problems15And16.SpecialValueProbes.Basic,NumStability/Source/Higham/Chapter02/Problems15And16/SpecialValueProbes/Basic.lean,Source,HighamSourceOther,Chapter02,258,196,101,94,41,51.530612,1,2,0,1,0,402,0,
NumStability.Source.Higham.Chapter02.Section03.DoubleRounding.All,NumStability/Source/Higham/Chapter02/Section03/DoubleRounding/All.lean,Source,FloatingPoint,Chapter02,8,2,0,0,0,0.0,2,0,0,2,0,0,0,
NumStability.Source.Higham.Chapter02.Section03.DoubleRounding.Counterexample,NumStability/Source/Higham/Chapter02/Section03/DoubleRounding/Counterexample.lean,Source,FloatingPoint,Chapter02,585,17,1,1,1,5.882353,3,2,0,1,0,0,0,
NumStability.Source.Higham.Chapter02.Section04.NoGuardModel.All,NumStability/Source/Higham/Chapter02/Section04/NoGuardModel/All.lean,Source,HighamSourceOther,Chapter02,8,2,0,0,0,0.0,2,0,0,2,0,0,0,
NumStability.Source.Higham.Chapter02.Section04.NoGuardModel.BinaryT3Example,NumStability/Source/Higham/Chapter02/Section04/NoGuardModel/BinaryT3Example.lean,Source,HighamSourceOther,Chapter02,869,31,4,4,4,12.903226,2,1,1,1,1,0,1,0.0
NumStability.Source.Higham.Chapter02.Section06.Discriminant.FusedMultiplyAdd.Basic,NumStability/Source/Higham/Chapter02/Section06/Discriminant/FusedMultiplyAdd/Basic.lean,Source,FloatingPoint,Chapter02,59,35,9,9,6,25.714286,1,1,1,1,6,6,6,1.0
NumStability.Source.Higham.Chapter02.Section06.Discriminant.FusedMultiplyAdd.Counterexample.Results,NumStability/Source/Higham/Chapter02/Section06/Discriminant/FusedMultiplyAdd/Counterexample/Results.lean,Source,FloatingPoint,Chapter02,218,164,10,2,2,6.097561,1,6,0,0,0,10,0,
NumStability.Source.Higham.Chapter02.Section06.Discriminant.StandardModel.Basic,NumStability/Source/Higham/Chapter02/Section06/Discriminant/StandardModel/Basic.lean,Source,HighamSourceOther,Chapter02,60,35,6,6,5,17.142857,2,3,1,0,5,3,5,0.6
NumStability.Source.Higham.Chapter02.Section06.Discriminant.StandardModel.Counterexample.Results,NumStability/Source/Higham/Chapter02/Section06/Discriminant/StandardModel/Counterexample/Results.lean,Source,HighamSourceOther,Chapter02,142,90,18,5,4,20.0,3,5,0,0,0,58,0,
NumStability.Source.Higham.Chapter02.Section06.FusedMultiplyAdd.All,NumStability/Source/Higham/Chapter02/Section06/FusedMultiplyAdd/All.lean,Source,FloatingPoint,Chapter02,7,1,0,0,0,0.0,1,0,0,1,0,0,0,
NumStability.Source.Higham.Chapter02.Section06.FusedMultiplyAdd.DotProductCount,NumStability/Source/Higham/Chapter02/Section06/FusedMultiplyAdd/DotProductCount.lean,Source,DotProduct,Chapter02,320,18,1,1,1,5.555556,3,2,0,1,0,0,0,
NumStability.Source.Higham.Chapter02.Section06.ReciprocalIteration.Basic,NumStability/Source/Higham/Chapter02/Section06/ReciprocalIteration/Basic.lean,Source,HighamSourceOther,Chapter02,1019,831,108,79,56,12.99639,1,4,0,0,0,223,0,
NumStability.Source.Higham.Chapter02.Section07,NumStability/Source/Higham/Chapter02/Section07.lean,Source,HighamSourceOther,Chapter02,11,1,0,0,0,0.0,1,0,0,1,0,0,0,
NumStability.Source.Higham.Chapter02.Section07.PowerLeadingDigits,NumStability/Source/Higham/Chapter02/Section07/PowerLeadingDigits.lean,Source,HighamSourceOther,Chapter02,54,32,1,1,1,3.125,1,4,0,0,0,0,0,
NumStability.Source.Higham.Chapter02.Section10.ArctangentRange.Basic,NumStability/Source/Higham/Chapter02/Section10/ArctangentRange/Basic.lean,Source,HighamSourceOther,Chapter02,55,33,7,7,5,21.212121,1,1,1,1,5,6,5,1.2
NumStability.Source.Higham.Chapter02.Section10.ArctangentRange.Counterexample.Results,NumStability/Source/Higham/Chapter02/Section10/ArctangentRange/Counterexample/Results.lean,Source,HighamSourceOther,Chapter02,191,141,7,1,1,4.964539,2,4,0,1,0,13,0,
NumStability.Source.Higham.Chapter02.Section10.Tablemaker.FiniteSeparation.Basic,NumStability/Source/Higham/Chapter02/Section10/Tablemaker/FiniteSeparation/Basic.lean,Source,HighamSourceOther,Chapter02,121,81,8,8,8,9.876543,1,1,1,1,2,8,2,4.0
NumStability.Source.Higham.Chapter02.Section10.Tablemaker.FiniteSeparation.Results.Theorems,NumStability/Source/Higham/Chapter02/Section10/Tablemaker/FiniteSeparation/Results/Theorems.lean,Source,HighamSourceOther,Chapter02,134,85,4,2,2,4.705882,4,2,0,3,0,3,0,
NumStability.Source.Higham.Chapter02.Section10.Tablemaker.HermiteLindemann.Basic,NumStability/Source/Higham/Chapter02/Section10/Tablemaker/HermiteLindemann/Basic.lean,Source,HighamSourceOther,Chapter02,156,117,13,12,11,11.111111,3,3,1,1,3,20,3,6.666667
NumStability.Source.Higham.Chapter02.Section11.AccuracyTests.Basic,NumStability/Source/Higham/Chapter02/Section11/AccuracyTests/Basic.lean,Source,HighamSourceOther,Chapter02,440,346,77,56,43,22.254335,6,8,2,1,9,159,9,17.666667
NumStability.Source.Higham.Chapter02.Section11.AccuracyTests.CodySineResults.Theorems,NumStability/Source/Higham/Chapter02/Section11/AccuracyTests/CodySineResults/Theorems.lean,Source,HighamSourceOther,Chapter02,211,159,17,6,4,10.691824,7,2,0,5,0,40,0,
NumStability.Source.Higham.Chapter03,NumStability/Source/Higham/Chapter03.lean,Source,HighamSourceOther,Chapter03,12,6,0,0,0,0.0,6,0,0,6,0,0,0,
NumStability.Source.Higham.Chapter03.Lemma01.RoundingProducts.All,NumStability/Source/Higham/Chapter03/Lemma01/RoundingProducts/All.lean,Source,FloatingPoint,Chapter03,7,1,0,0,0,0.0,1,0,0,1,0,0,0,
NumStability.Source.Higham.Chapter03.Lemma04.SmallUnitProductBounds.All,NumStability/Source/Higham/Chapter03/Lemma04/SmallUnitProductBounds/All.lean,Source,HighamSourceOther,Chapter03,7,1,0,0,0,0.0,1,0,0,1,0,0,0,
NumStability.Source.Higham.Chapter03.Problem02.ProductBounds.All,NumStability/Source/Higham/Chapter03/Problem02/ProductBounds/All.lean,Source,HighamSourceOther,Chapter03,7,1,0,0,0,0.0,1,0,0,1,0,0,0,
NumStability.Source.Higham.Chapter03.Problem02.ProductBounds.PositiveFactors,NumStability/Source/Higham/Chapter03/Problem02/ProductBounds/PositiveFactors.lean,Source,HighamSourceOther,Chapter03,451,63,1,1,1,1.587302,2,1,0,1,0,0,0,
NumStability.Source.Higham.Chapter03.Problem11.KahanAbsoluteValue.Basic,NumStability/Source/Higham/Chapter03/Problem11/KahanAbsoluteValue/Basic.lean,Source,Summation,Chapter03,639,371,125,100,79,33.692722,2,7,1,1,47,211,47,4.489362
NumStability.Source.Higham.Chapter03.Problem11.KahanAbsoluteValue.IeeeDoubleTrace.Results,NumStability/Source/Higham/Chapter03/Problem11/KahanAbsoluteValue/IeeeDoubleTrace/Results.lean,Source,Summation,Chapter03,3675,3231,188,141,109,5.818632,3,7,0,1,0,218,0,
NumStability.Source.Higham.Chapter03.Section10.WilkinsonProductBound.All,NumStability/Source/Higham/Chapter03/Section10/WilkinsonProductBound/All.lean,Source,TestMatrices,Chapter03,7,1,0,0,0,0.0,1,0,0,1,0,0,0,
NumStability.Source.Higham.Chapter04,NumStability/Source/Higham/Chapter04.lean,Source,HighamSourceOther,Chapter04,19,12,0,0,0,0.0,12,0,0,12,0,0,0,
NumStability.Source.Higham.Chapter04.Algorithm02,NumStability/Source/Higham/Chapter04/Algorithm02.lean,Source,HighamSourceOther,Chapter04,8,1,0,0,0,0.0,1,0,0,1,0,0,0,
NumStability.Source.Higham.Chapter04.Algorithm02.InitializationModelLimitations,NumStability/Source/Higham/Chapter04/Algorithm02/InitializationModelLimitations.lean,Source,HighamSourceOther,Chapter04,48,24,3,3,3,12.5,2,3,0,0,0,0,0,
NumStability.Source.Higham.Chapter04.Algorithm03.Priest.All,NumStability/Source/Higham/Chapter04/Algorithm03/Priest/All.lean,Source,Summation,Chapter04,8,2,0,0,0,0.0,2,0,0,2,0,0,0,
NumStability.Source.Higham.Chapter04.Algorithm03.Priest.SourceAssumptions,NumStability/Source/Higham/Chapter04/Algorithm03/Priest/SourceAssumptions.lean,Source,Summation,Chapter04,622,224,43,39,26,19.196429,10,10,1,0,9,68,9,7.555556
NumStability.Source.Higham.Chapter04.Algorithm03.SourceClosure.Basic,NumStability/Source/Higham/Chapter04/Algorithm03/SourceClosure/Basic.lean,Source,HighamSourceOther,Chapter04,230,176,48,42,25,27.272727,6,8,0,3,0,114,0,
NumStability.Source.Higham.Chapter04.Equation05.OrderingExamples.Basic,NumStability/Source/Higham/Chapter04/Equation05/OrderingExamples/Basic.lean,Source,HighamSourceOther,Chapter04,4067,3276,584,465,280,17.826618,3,6,0,0,0,1664,0,
NumStability.Source.Higham.Chapter04.Equation07,NumStability/Source/Higham/Chapter04/Equation07.lean,Source,HighamSourceOther,Chapter04,10,3,0,0,0,0.0,3,0,0,3,0,0,0,
NumStability.Source.Higham.Chapter04.Equation07.AbstractModelCounterexample,NumStability/Source/Higham/Chapter04/Equation07/AbstractModelCounterexample.lean,Source,HighamSourceOther,Chapter04,72,49,11,4,3,22.44898,1,2,1,0,1,23,1,23.0
NumStability.Source.Higham.Chapter04.Equation07.NoGuardCounterexample,NumStability/Source/Higham/Chapter04/Equation07/NoGuardCounterexample.lean,Source,HighamSourceOther,Chapter04,58,33,12,10,5,36.363636,2,4,0,0,0,14,0,
NumStability.Source.Higham.Chapter04.Equation07.SterbenzCounterexamples,NumStability/Source/Higham/Chapter04/Equation07/SterbenzCounterexamples.lean,Source,HighamSourceOther,Chapter04,176,132,9,6,4,6.818182,1,5,0,1,0,16,0,
NumStability.Source.Higham.Chapter04.Equation08,NumStability/Source/Higham/Chapter04/Equation08.lean,Source,HighamSourceOther,Chapter04,12,5,0,0,0,0.0,5,0,0,5,0,0,0,
NumStability.Source.Higham.Chapter04.Equation08.FiniteFamily,NumStability/Source/Higham/Chapter04/Equation08/FiniteFamily.lean,Source,HighamSourceOther,Chapter04,970,876,121,18,16,13.812785,4,7,0,1,0,303,0,
NumStability.Source.Higham.Chapter04.Equation08.FiniteFormat,NumStability/Source/Higham/Chapter04/Equation08/FiniteFormat.lean,Source,HighamSourceOther,Chapter04,55,31,1,1,1,3.225806,2,5,1,0,1,0,1,0.0
NumStability.Source.Higham.Chapter04.Equation08.FiniteRouteLimitations,NumStability/Source/Higham/Chapter04/Equation08/FiniteRouteLimitations.lean,Source,HighamSourceOther,Chapter04,388,340,7,7,6,2.058824,2,8,0,1,0,2,0,
NumStability.Source.Higham.Chapter04.Equation08.ModelStrength,NumStability/Source/Higham/Chapter04/Equation08/ModelStrength.lean,Source,HighamSourceOther,Chapter04,420,319,21,14,11,6.583072,2,6,1,0,4,53,4,13.25
NumStability.Source.Higham.Chapter04.Equation08.ReturnedSum,NumStability/Source/Higham/Chapter04/Equation08/ReturnedSum.lean,Source,HighamSourceOther,Chapter04,2033,1807,124,109,92,6.862203,6,10,2,1,17,399,17,23.470588
NumStability.Source.Higham.Chapter04.Equation09,NumStability/Source/Higham/Chapter04/Equation09.lean,Source,HighamSourceOther,Chapter04,11,4,0,0,0,0.0,4,0,0,4,0,0,0,
NumStability.Source.Higham.Chapter04.Equation09.Correction,NumStability/Source/Higham/Chapter04/Equation09/Correction.lean,Source,HighamSourceOther,Chapter04,42,27,2,2,2,7.407407,3,4,0,0,0,1,0,
NumStability.Source.Higham.Chapter04.Equation09.FiniteFormat,NumStability/Source/Higham/Chapter04/Equation09/FiniteFormat.lean,Source,HighamSourceOther,Chapter04,47,27,1,1,1,3.703704,2,5,0,0,0,0,0,
NumStability.Source.Higham.Chapter04.Equation09.ModelStrength,NumStability/Source/Higham/Chapter04/Equation09/ModelStrength.lean,Source,HighamSourceOther,Chapter04,101,76,4,3,3,5.263158,2,3,0,0,0,4,0,
NumStability.Source.Higham.Chapter04.Equation10,NumStability/Source/Higham/Chapter04/Equation10.lean,Source,HighamSourceOther,Chapter04,10,3,0,0,0,0.0,3,0,0,3,0,0,0,
NumStability.Source.Higham.Chapter04.Equation10.AbstractModel,NumStability/Source/Higham/Chapter04/Equation10/AbstractModel.lean,Source,HighamSourceOther,Chapter04,1038,867,30,30,29,3.460208,9,10,1,0,1,28,1,28.0
NumStability.Source.Higham.Chapter04.Equation10.FiniteFormat,NumStability/Source/Higham/Chapter04/Equation10/FiniteFormat.lean,Source,HighamSourceOther,Chapter04,52,24,3,2,2,12.5,3,4,0,0,0,2,0,
NumStability.Source.Higham.Chapter04.Equation10.Neumaier.AdaptiveBound,NumStability/Source/Higham/Chapter04/Equation10/Neumaier/AdaptiveBound.lean,Source,Summation,Chapter04,6,0,0,0,0,,0,0,0,0,0,0,0,
NumStability.Source.Higham.Chapter04.Equation10.Neumaier.All,NumStability/Source/Higham/Chapter04/Equation10/Neumaier/All.lean,Source,Summation,Chapter04,10,4,0,0,0,0.0,4,0,0,4,0,0,0,
NumStability.Source.Higham.Chapter04.Equation10.Neumaier.FiniteBound,NumStability/Source/Higham/Chapter04/Equation10/Neumaier/FiniteBound.lean,Source,Summation,Chapter04,6,0,0,0,0,,0,0,0,0,0,0,0,
NumStability.Source.Higham.Chapter04.Equation10.Neumaier.ResidualBound,NumStability/Source/Higham/Chapter04/Equation10/Neumaier/ResidualBound.lean,Source,Summation,Chapter04,6,0,0,0,0,,0,0,0,0,0,0,0,
NumStability.Source.Higham.Chapter04.Problem02.WilkinsonAttainability.Basic,NumStability/Source/Higham/Chapter04/Problem02/WilkinsonAttainability/Basic.lean,Source,TestMatrices,Chapter04,712,558,82,53,42,14.695341,2,8,1,0,15,164,15,10.933333
NumStability.Source.Higham.Chapter04.Problem02.WilkinsonAttainability.IeeeDoubleTrace.Results,NumStability/Source/Higham/Chapter04/Problem02/WilkinsonAttainability/IeeeDoubleTrace/Results.lean,Source,FloatingPoint,Chapter04,814,707,53,15,15,7.496464,3,9,0,1,0,55,0,
NumStability.Source.Higham.Chapter04.Problem03,NumStability/Source/Higham/Chapter04/Problem03.lean,Source,HighamSourceOther,Chapter04,289,231,22,14,12,9.52381,1,4,0,0,0,26,0,
NumStability.Source.Higham.Chapter04.Problem04,NumStability/Source/Higham/Chapter04/Problem04.lean,Source,HighamSourceOther,Chapter04,280,200,162,114,32,81.0,0,0,0,0,0,785,0,
NumStability.Source.Higham.Chapter04.Problem10,NumStability/Source/Higham/Chapter04/Problem10.lean,Source,HighamSourceOther,Chapter04,269,200,21,20,18,10.5,1,4,0,1,0,43,0,
NumStability.Source.Higham.Chapter04.Section01,NumStability/Source/Higham/Chapter04/Section01.lean,Source,HighamSourceOther,Chapter04,8,2,0,0,0,0.0,2,0,0,2,0,0,0,
NumStability.Source.Higham.Chapter04.Section01.InsertionExamples,NumStability/Source/Higham/Chapter04/Section01/InsertionExamples.lean,Source,HighamSourceOther,Chapter04,293,211,51,42,28,24.170616,5,7,0,1,0,112,0,
NumStability.Source.Higham.Chapter04.Section01.PairwiseSixTerm,NumStability/Source/Higham/Chapter04/Section01/PairwiseSixTerm.lean,Source,HighamSourceOther,Chapter04,69,43,8,8,6,18.604651,1,3,0,0,0,12,0,
NumStability.Source.Higham.Chapter04.Section02,NumStability/Source/Higham/Chapter04/Section02.lean,Source,HighamSourceOther,Chapter04,8,1,0,0,0,0.0,1,0,0,1,0,0,0,
NumStability.Source.Higham.Chapter04.Section02.KaoWangCitationDiscrepancy,NumStability/Source/Higham/Chapter04/Section02/KaoWangCitationDiscrepancy.lean,Source,HighamSourceOther,Chapter04,341,194,127,94,43,65.463918,1,4,0,1,0,496,0,
NumStability.Source.Higham.Chapter04.Section03,NumStability/Source/Higham/Chapter04/Section03.lean,Source,HighamSourceOther,Chapter04,15,7,0,0,0,0.0,7,0,0,7,0,0,0,
NumStability.Source.Higham.Chapter04.Section03.FiniteFormat,NumStability/Source/Higham/Chapter04/Section03/FiniteFormat.lean,Source,HighamSourceOther,Chapter04,10,3,0,0,0,0.0,3,0,0,3,0,0,0,
NumStability.Source.Higham.Chapter04.Section03.NoGuardKahanCounterexample,NumStability/Source/Higham/Chapter04/Section03/NoGuardKahanCounterexample.lean,Source,Summation,Chapter04,118,89,24,15,7,26.966292,6,8,0,0,0,56,0,
NumStability.Source.Higham.Chapter05,NumStability/Source/Higham/Chapter05.lean,Source,HighamSourceOther,Chapter05,26,20,0,0,0,0.0,20,0,0,20,0,0,0,
NumStability.Source.Higham.Chapter05.Algorithm01.ComplexHorner.Basic,NumStability/Source/Higham/Chapter05/Algorithm01/ComplexHorner/Basic.lean,Source,Polynomials,Chapter05,174,127,36,30,18,28.346457,1,3,1,0,14,60,14,4.285714
NumStability.Source.Higham.Chapter05.Algorithm01.ComplexHorner.ErrorBounds.Theorems,NumStability/Source/Higham/Chapter05/Algorithm01/ComplexHorner/ErrorBounds/Theorems.lean,Source,Perturbation,Chapter05,291,233,11,9,6,4.72103,2,4,0,0,0,6,0,
NumStability.Source.Higham.Chapter05.Equation14.MatrixPolynomialForms.Basic,NumStability/Source/Higham/Chapter05/Equation14/MatrixPolynomialForms/Basic.lean,Source,Polynomials,Chapter05,181,146,25,18,10,17.123288,7,3,1,4,10,28,10,2.8
NumStability.Source.Higham.Chapter05.Problem01.DifferentiatedHorner.Basic,NumStability/Source/Higham/Chapter05/Problem01/DifferentiatedHorner/Basic.lean,Source,Polynomials,Chapter05,1158,983,115,95,62,11.698881,8,5,4,3,17,200,17,11.764706
NumStability.Source.Higham.Chapter05.Problem02.PowerBuilding.Basic,NumStability/Source/Higham/Chapter05/Problem02/PowerBuilding/Basic.lean,Source,HighamSourceOther,Chapter05,206,162,41,30,13,25.308642,7,3,0,4,0,65,0,
NumStability.Source.Higham.Chapter05.Problem03.EvenOddSplitting.Basic,NumStability/Source/Higham/Chapter05/Problem03/EvenOddSplitting/Basic.lean,Source,HighamSourceOther,Chapter05,199,166,24,17,8,14.457831,7,3,0,4,0,50,0,
NumStability.Source.Higham.Chapter05.Problem04.LejaOrdering.Basic,NumStability/Source/Higham/Chapter05/Problem04/LejaOrdering/Basic.lean,Source,HighamSourceOther,Chapter05,316,236,65,38,25,27.542373,6,1,0,5,0,134,0,
NumStability.Source.Higham.Chapter05.Problem06.MatrixPolynomialHorner.Basic,NumStability/Source/Higham/Chapter05/Problem06/MatrixPolynomialHorner/Basic.lean,Source,Polynomials,Chapter05,1982,1842,153,128,74,8.306189,9,7,0,2,0,311,0,
NumStability.Source.Higham.Chapter05.Section01.Horner.Basic,NumStability/Source/Higham/Chapter05/Section01/Horner/Basic.lean,Source,Polynomials,Chapter05,1453,1211,179,148,85,14.781173,7,8,14,3,39,370,39,9.487179
NumStability.Source.Higham.Chapter05.Section01.RelativeError.Basic,NumStability/Source/Higham/Chapter05/Section01/RelativeError/Basic.lean,Source,HighamSourceOther,Chapter05,126,106,13,10,5,12.264151,6,3,1,3,1,5,1,5.0
NumStability.Source.Higham.Chapter05.Section02.BidiagonalDerivativeAnalysis.Basic,NumStability/Source/Higham/Chapter05/Section02/BidiagonalDerivativeAnalysis/Basic.lean,Source,HighamSourceOther,Chapter05,453,380,36,29,26,9.473684,9,7,1,3,20,49,20,2.45
NumStability.Source.Higham.Chapter05.Section02.BidiagonalDerivativeAnalysis.Results.Theorems,NumStability/Source/Higham/Chapter05/Section02/BidiagonalDerivativeAnalysis/Results/Theorems.lean,Source,HighamSourceOther,Chapter05,1061,975,41,16,13,4.205128,7,6,0,5,0,36,0,
NumStability.Source.Higham.Chapter05.Section02.DerivativeError.Basic,NumStability/Source/Higham/Chapter05/Section02/DerivativeError/Basic.lean,Source,HighamSourceOther,Chapter05,175,126,12,10,9,9.52381,7,4,1,3,1,12,1,12.0
NumStability.Source.Higham.Chapter05.Section02.DerivativeError.Results.Theorems,NumStability/Source/Higham/Chapter05/Section02/DerivativeError/Results/Theorems.lean,Source,HighamSourceOther,Chapter05,96,40,4,4,4,10.0,2,6,0,0,0,1,0,
NumStability.Source.Higham.Chapter05.Section02.DerivativeEvaluation.Bidiagonal,NumStability/Source/Higham/Chapter05/Section02/DerivativeEvaluation/Bidiagonal.lean,Source,HighamSourceOther,Chapter05,101,67,8,8,6,11.940299,5,2,2,3,6,9,6,1.5
NumStability.Source.Higham.Chapter05.Section02.DerivativeEvaluation.SyntheticDivision,NumStability/Source/Higham/Chapter05/Section02/DerivativeEvaluation/SyntheticDivision.lean,Source,HighamSourceOther,Chapter05,842,763,76,58,27,9.960682,6,2,1,4,12,132,12,11.0
NumStability.Source.Higham.Chapter05.Section03.DividedDifferences.Basic,NumStability/Source/Higham/Chapter05/Section03/DividedDifferences/Basic.lean,Source,HighamSourceOther,Chapter05,2238,1996,158,129,89,7.915832,5,2,3,3,34,418,34,12.294118
NumStability.Source.Higham.Chapter05.Section03.LejaOrdering.Basic,NumStability/Source/Higham/Chapter05/Section03/LejaOrdering/Basic.lean,Source,HighamSourceOther,Chapter05,101,58,21,16,11,36.206897,5,0,2,5,9,23,9,2.555556
NumStability.Source.Higham.Chapter05.Section03.NewtonEvaluation.Basic,NumStability/Source/Higham/Chapter05/Section03/NewtonEvaluation/Basic.lean,Source,Nonlinear,Chapter05,711,582,76,47,29,13.058419,9,6,0,3,0,81,0,
NumStability.Source.Higham.Chapter05.Section03.NewtonEvaluation.HornerBasis,NumStability/Source/Higham/Chapter05/Section03/NewtonEvaluation/HornerBasis.lean,Source,Polynomials,Chapter05,83,49,26,16,5,53.061224,5,0,1,5,1,35,1,35.0
NumStability.Source.Higham.Chapter05.Section03.ResidualUnwind.Basic,NumStability/Source/Higham/Chapter05/Section03/ResidualUnwind/Basic.lean,Source,HighamSourceOther,Chapter05,309,268,7,6,6,2.61194,6,3,1,3,3,7,3,2.333333
NumStability.Source.Higham.Chapter05.Section04.PatersonStockmeyer.Basic,NumStability/Source/Higham/Chapter05/Section04/PatersonStockmeyer/Basic.lean,Source,Polynomials,Chapter05,164,82,33,30,22,40.243902,0,0,1,0,12,57,12,4.75
NumStability.Source.Higham.Chapter05.Section04.PatersonStockmeyer.Results.Theorems,NumStability/Source/Higham/Chapter05/Section04/PatersonStockmeyer/Results/Theorems.lean,Source,Polynomials,Chapter05,124,72,18,12,4,25.0,1,1,0,0,0,8,0,
NumStability.Source.Higham.Chapter05.Section05.FastPolynomialEvaluation.Basic,NumStability/Source/Higham/Chapter05/Section05/FastPolynomialEvaluation/Basic.lean,Source,Polynomials,Chapter05,162,92,54,49,25,58.695652,6,1,1,5,13,100,13,7.692308
NumStability.Source.Higham.Chapter05.Section05.FastPolynomialEvaluation.Results.Theorems,NumStability/Source/Higham/Chapter05/Section05/FastPolynomialEvaluation/Results/Theorems.lean,Source,Polynomials,Chapter05,170,121,12,4,2,9.917355,2,2,0,1,0,9,0,
NumStability.Source.Higham.Chapter06,NumStability/Source/Higham/Chapter06.lean,Source,HighamSourceOther,Chapter06,17,7,0,0,0,0.0,7,0,0,7,0,0,0,
NumStability.Source.Higham.Chapter06.Asides,NumStability/Source/Higham/Chapter06/Asides.lean,Source,HighamSourceOther,Chapter06,13,6,0,0,0,0.0,6,0,0,6,0,0,0,
NumStability.Source.Higham.Chapter06.Asides.ConditionNumberBounds,NumStability/Source/Higham/Chapter06/Asides/ConditionNumberBounds.lean,Source,Norms,Chapter06,132,90,7,7,7,7.777778,1,3,0,0,0,6,0,
NumStability.Source.Higham.Chapter06.Asides.EuclideanNormDifferentiability,NumStability/Source/Higham/Chapter06/Asides/EuclideanNormDifferentiability.lean,Source,HighamSourceOther,Chapter06,56,28,2,2,2,7.142857,0,0,0,0,0,0,0,
NumStability.Source.Higham.Chapter06.Asides.MaxNormInconsistency,NumStability/Source/Higham/Chapter06/Asides/MaxNormInconsistency.lean,Source,HighamSourceOther,Chapter06,102,73,6,5,5,8.219178,1,2,0,0,0,5,0,
NumStability.Source.Higham.Chapter06.Asides.UnitaryInvariance,NumStability/Source/Higham/Chapter06/Asides/UnitaryInvariance.lean,Source,ProbabilityStatistics,Chapter06,142,109,6,4,4,5.504587,1,2,2,0,1,4,1,4.0
NumStability.Source.Higham.Chapter06.BlockAntidiagonalNorm,NumStability/Source/Higham/Chapter06/BlockAntidiagonalNorm.lean,Source,HighamSourceOther,Chapter06,9,2,0,0,0,0.0,2,0,0,2,0,0,0,
NumStability.Source.Higham.Chapter06.BlockAntidiagonalNorm.InducedLp,NumStability/Source/Higham/Chapter06/BlockAntidiagonalNorm/InducedLp.lean,Source,HighamSourceOther,Chapter06,296,233,18,11,10,7.725322,1,5,0,0,0,31,0,
NumStability.Source.Higham.Chapter06.BlockAntidiagonalNorm.OperatorTwo,NumStability/Source/Higham/Chapter06/BlockAntidiagonalNorm/OperatorTwo.lean,Source,HighamSourceOther,Chapter06,91,54,3,3,3,5.555556,1,3,0,0,0,0,0,
NumStability.Source.Higham.Chapter06.Equation01,NumStability/Source/Higham/Chapter06/Equation01.lean,Source,HighamSourceOther,Chapter06,141,105,4,4,4,3.809524,1,1,0,0,0,2,0,
NumStability.Source.Higham.Chapter06.Equation02,NumStability/Source/Higham/Chapter06/Equation02.lean,Source,HighamSourceOther,Chapter06,76,43,3,3,3,6.976744,1,2,0,0,0,1,0,
NumStability.Source.Higham.Chapter06.Lemma06,NumStability/Source/Higham/Chapter06/Lemma06.lean,Source,HighamSourceOther,Chapter06,10,2,0,0,0,0.0,2,0,0,2,0,0,0,
NumStability.Source.Higham.Chapter06.Lemma06.Core.Results,NumStability/Source/Higham/Chapter06/Lemma06/Core/Results.lean,Source,HighamSourceOther,Chapter06,205,97,20,20,18,20.618557,1,4,3,0,5,44,5,8.8
NumStability.Source.Higham.Chapter06.Lemma06.OperatorTwoNormBound,NumStability/Source/Higham/Chapter06/Lemma06/OperatorTwoNormBound.lean,Source,Norms,Chapter06,7,1,0,0,0,0.0,1,0,0,1,0,0,0,
NumStability.Source.Higham.Chapter06.Lemma06.OperatorTwoNormBound.Bridge,NumStability/Source/Higham/Chapter06/Lemma06/OperatorTwoNormBound/Bridge.lean,Source,Norms,Chapter06,77,51,2,2,2,3.921569,21,3,2,20,2,1,2,0.5
NumStability.Source.Higham.Chapter06.Norms,NumStability/Source/Higham/Chapter06/Norms.lean,Source,HighamSourceOther,Chapter06,11,5,0,0,0,0.0,5,0,0,5,0,0,0,
NumStability.Source.Higham.Chapter06.Problem01,NumStability/Source/Higham/Chapter06/Problem01.lean,Source,HighamSourceOther,Chapter06,525,456,79,75,59,17.324561,1,6,0,0,0,160,0,
NumStability.Source.Higham.Chapter06.Problem05,NumStability/Source/Higham/Chapter06/Problem05.lean,Source,HighamSourceOther,Chapter06,457,392,30,30,26,7.653061,1,3,2,0,2,49,2,24.5
NumStability.Source.Higham.Chapter06.Problem09,NumStability/Source/Higham/Chapter06/Problem09.lean,Source,HighamSourceOther,Chapter06,30,12,1,1,1,8.333333,1,2,0,0,0,0,0,
NumStability.Source.Higham.Chapter06.Problem10,NumStability/Source/Higham/Chapter06/Problem10.lean,Source,HighamSourceOther,Chapter06,428,360,49,35,28,13.611111,1,2,0,0,0,162,0,
NumStability.Source.Higham.Chapter06.Theorem04,NumStability/Source/Higham/Chapter06/Theorem04.lean,Source,HighamSourceOther,Chapter06,429,388,21,14,13,5.412371,1,6,0,0,0,30,0,
NumStability.Source.Higham.Chapter06.Theorem05.DistanceToSingularity.All,NumStability/Source/Higham/Chapter06/Theorem05/DistanceToSingularity/All.lean,Source,HighamSourceOther,Chapter06,8,2,0,0,0,0.0,2,0,0,2,0,0,0,
NumStability.Source.Higham.Chapter07,NumStability/Source/Higham/Chapter07.lean,Source,HighamSourceOther,Chapter07,18,12,0,0,0,0.0,12,0,0,12,0,0,0,
NumStability.Source.Higham.Chapter07.Corollary06.Equilibration.Basic,NumStability/Source/Higham/Chapter07/Corollary06/Equilibration/Basic.lean,Source,HighamSourceOther,Chapter07,912,808,58,34,32,7.178218,15,21,4,3,14,30,14,2.142857
NumStability.Source.Higham.Chapter07.Corollary06.LinearSystemsConditioning.All,NumStability/Source/Higham/Chapter07/Corollary06/LinearSystemsConditioning/All.lean,Source,Norms,Chapter07,8,2,0,0,0,0.0,2,0,0,2,0,0,0,
NumStability.Source.Higham.Chapter07.Corollary06.LinearSystemsConditioning.Basic,NumStability/Source/Higham/Chapter07/Corollary06/LinearSystemsConditioning/Basic.lean,Source,Norms,Chapter07,26231,26,2,2,2,7.692308,7,0,2,7,2,0,2,0.0
NumStability.Source.Higham.Chapter07.Corollary06.LinearSystemsConditioning.Results,NumStability/Source/Higham/Chapter07/Corollary06/LinearSystemsConditioning/Results.lean,Source,Norms,Chapter07,26240,322,17,17,15,5.279503,16,9,2,7,8,18,8,2.25
NumStability.Source.Higham.Chapter07.Equation17.KahanConditioningExample,NumStability/Source/Higham/Chapter07/Equation17/KahanConditioningExample.lean,Source,Summation,Chapter07,317,245,15,6,1,6.122449,48,5,0,44,0,9,0,
NumStability.Source.Higham.Chapter07.Equation25.InverseConditioning.All,NumStability/Source/Higham/Chapter07/Equation25/InverseConditioning/All.lean,Source,Norms,Chapter07,7,1,0,0,0,0.0,1,0,0,1,0,0,0,
NumStability.Source.Higham.Chapter07.Equation25.InverseConditioning.ExactPerturbation,NumStability/Source/Higham/Chapter07/Equation25/InverseConditioning/ExactPerturbation.lean,Source,Norms,Chapter07,26234,1446,85,62,53,5.878285,10,4,1,6,4,171,4,42.75
NumStability.Source.Higham.Chapter07.Equation25.SourceEndpoint.Basic,NumStability/Source/Higham/Chapter07/Equation25/SourceEndpoint/Basic.lean,Source,HighamSourceOther,Chapter07,358,297,20,20,17,6.734007,6,3,0,4,0,51,0,
NumStability.Source.Higham.Chapter07.Equation26.ComponentwiseDistance.Basic,NumStability/Source/Higham/Chapter07/Equation26/ComponentwiseDistance/Basic.lean,Source,HighamSourceOther,Chapter07,352,301,44,32,21,14.61794,6,4,2,4,9,129,9,14.333333
NumStability.Source.Higham.Chapter07.Equation26.DistanceToSingularity.Results,NumStability/Source/Higham/Chapter07/Equation26/DistanceToSingularity/Results.lean,Source,HighamSourceOther,Chapter07,26251,37,1,1,1,2.702703,9,3,0,6,0,0,0,
NumStability.Source.Higham.Chapter07.Equation26.RumpCycle.Basic,NumStability/Source/Higham/Chapter07/Equation26/RumpCycle/Basic.lean,Source,HighamSourceOther,Chapter07,475,408,66,47,33,16.176471,5,2,1,4,29,85,29,2.931034
NumStability.Source.Higham.Chapter07.Equation26.RumpCycle.Results.Theorems,NumStability/Source/Higham/Chapter07/Equation26/RumpCycle/Results/Theorems.lean,Source,HighamSourceOther,Chapter07,897,825,33,12,10,4.0,2,7,0,1,0,17,0,
NumStability.Source.Higham.Chapter07.LinearSystemsConditioning.All,NumStability/Source/Higham/Chapter07/LinearSystemsConditioning/All.lean,Source,Norms,Chapter07,41,35,0,0,0,0.0,35,0,0,35,0,0,0,
NumStability.Source.Higham.Chapter07.LinearSystemsConditioning.ComputedResidual,NumStability/Source/Higham/Chapter07/LinearSystemsConditioning/ComputedResidual.lean,Source,Norms,Chapter07,26235,110,6,6,5,5.454545,11,5,1,6,3,8,3,2.666667
NumStability.Source.Higham.Chapter07.LinearSystemsConditioning.ConditionNumbers,NumStability/Source/Higham/Chapter07/LinearSystemsConditioning/ConditionNumbers.lean,Source,Norms,Chapter07,26233,328,22,22,19,6.707317,9,3,10,6,6,32,6,5.333333
NumStability.Source.Higham.Chapter07.LinearSystemsConditioning.Equation05,NumStability/Source/Higham/Chapter07/LinearSystemsConditioning/Equation05.lean,Source,Norms,Chapter07,26239,476,22,8,8,4.621849,15,9,0,6,0,12,0,
NumStability.Source.Higham.Chapter07.LinearSystemsConditioning.Equation32,NumStability/Source/Higham/Chapter07/LinearSystemsConditioning/Equation32.lean,Source,Norms,Chapter07,26234,152,9,2,2,5.921053,10,3,0,7,0,1,0,
NumStability.Source.Higham.Chapter07.LinearSystemsConditioning.Equation33,NumStability/Source/Higham/Chapter07/LinearSystemsConditioning/Equation33.lean,Source,Norms,Chapter07,26232,29,2,2,2,6.896552,8,1,0,7,0,1,0,
NumStability.Source.Higham.Chapter07.LinearSystemsConditioning.ForwardErrorKernels,NumStability/Source/Higham/Chapter07/LinearSystemsConditioning/ForwardErrorKernels.lean,Source,Norms,Chapter07,26231,55,6,5,5,10.909091,7,1,13,6,5,7,5,1.4
NumStability.Source.Higham.Chapter07.LinearSystemsConditioning.Lemma09,NumStability/Source/Higham/Chapter07/LinearSystemsConditioning/Lemma09.lean,Source,Norms,Chapter07,26233,106,3,3,3,2.830189,9,3,0,6,0,1,0,
NumStability.Source.Higham.Chapter07.LinearSystemsConditioning.Problem01,NumStability/Source/Higham/Chapter07/LinearSystemsConditioning/Problem01.lean,Source,Norms,Chapter07,26234,410,11,11,11,2.682927,10,4,5,6,3,18,3,6.0
NumStability.Source.Higham.Chapter07.LinearSystemsConditioning.Problem02,NumStability/Source/Higham/Chapter07/LinearSystemsConditioning/Problem02.lean,Source,Norms,Chapter07,26235,192,36,8,8,18.75,11,5,0,6,0,4,0,
NumStability.Source.Higham.Chapter07.LinearSystemsConditioning.Problem04,NumStability/Source/Higham/Chapter07/LinearSystemsConditioning/Problem04.lean,Source,Norms,Chapter07,26232,150,9,9,9,6.0,8,2,0,6,0,8,0,
NumStability.Source.Higham.Chapter07.LinearSystemsConditioning.Problem05,NumStability/Source/Higham/Chapter07/LinearSystemsConditioning/Problem05.lean,Source,Norms,Chapter07,26233,358,25,16,13,6.98324,9,3,2,6,3,24,3,8.0
NumStability.Source.Higham.Chapter07.LinearSystemsConditioning.Problem06Columnwise,NumStability/Source/Higham/Chapter07/LinearSystemsConditioning/Problem06Columnwise.lean,Source,Norms,Chapter07,26234,239,11,11,11,4.60251,10,5,0,6,0,25,0,
NumStability.Source.Higham.Chapter07.LinearSystemsConditioning.Problem06Rowwise,NumStability/Source/Higham/Chapter07/LinearSystemsConditioning/Problem06Rowwise.lean,Source,Norms,Chapter07,26234,219,8,8,8,3.652968,10,5,0,6,0,12,0,
NumStability.Source.Higham.Chapter07.LinearSystemsConditioning.Problem07,NumStability/Source/Higham/Chapter07/LinearSystemsConditioning/Problem07.lean,Source,Norms,Chapter07,26236,350,28,7,7,8.0,12,6,0,6,0,3,0,
NumStability.Source.Higham.Chapter07.LinearSystemsConditioning.Problem08RectangularBackwardError,NumStability/Source/Higham/Chapter07/LinearSystemsConditioning/Problem08RectangularBackwardError.lean,Source,Norms,Chapter07,26232,312,69,26,24,22.115385,8,1,0,7,0,67,0,
NumStability.Source.Higham.Chapter07.LinearSystemsConditioning.Problem09Exact,NumStability/Source/Higham/Chapter07/LinearSystemsConditioning/Problem09Exact.lean,Source,Norms,Chapter07,26235,1167,68,40,38,5.826907,11,5,9,6,1,102,1,102.0
NumStability.Source.Higham.Chapter07.LinearSystemsConditioning.Problem09Linearized,NumStability/Source/Higham/Chapter07/LinearSystemsConditioning/Problem09Linearized.lean,Source,Norms,Chapter07,26233,1024,121,65,64,11.816406,9,4,8,5,23,191,23,8.304348
NumStability.Source.Higham.Chapter07.LinearSystemsConditioning.Problem10Bauer.Part01,NumStability/Source/Higham/Chapter07/LinearSystemsConditioning/Problem10Bauer/Part01.lean,Source,Norms,Chapter07,26237,1000,61,61,59,6.1,13,7,9,6,22,94,22,4.272727
NumStability.Source.Higham.Chapter07.LinearSystemsConditioning.Problem10Bauer.Part02,NumStability/Source/Higham/Chapter07/LinearSystemsConditioning/Problem10Bauer/Part02.lean,Source,Norms,Chapter07,26237,992,44,37,36,4.435484,13,6,5,7,14,34,14,2.428571
NumStability.Source.Higham.Chapter07.LinearSystemsConditioning.Problem10Bauer.Part03,NumStability/Source/Higham/Chapter07/LinearSystemsConditioning/Problem10Bauer/Part03.lean,Source,Norms,Chapter07,26234,599,29,29,28,4.841402,10,4,4,6,7,42,7,6.0
NumStability.Source.Higham.Chapter07.LinearSystemsConditioning.Problem10OneNorm,NumStability/Source/Higham/Chapter07/LinearSystemsConditioning/Problem10OneNorm.lean,Source,Norms,Chapter07,26243,2038,100,72,71,4.906771,19,12,3,7,14,114,14,8.142857
NumStability.Source.Higham.Chapter07.LinearSystemsConditioning.Problem13SparseResidual,NumStability/Source/Higham/Chapter07/LinearSystemsConditioning/Problem13SparseResidual.lean,Source,Norms,Chapter07,26235,311,16,15,13,5.144695,11,5,0,6,0,37,0,
NumStability.Source.Higham.Chapter07.LinearSystemsConditioning.Problem15Hadamard,NumStability/Source/Higham/Chapter07/LinearSystemsConditioning/Problem15Hadamard.lean,Source,Norms,Chapter07,26241,703,32,32,31,4.55192,17,10,0,7,0,67,0,
NumStability.Source.Higham.Chapter07.LinearSystemsConditioning.RectangularTheorems,NumStability/Source/Higham/Chapter07/LinearSystemsConditioning/RectangularTheorems.lean,Source,Norms,Chapter07,452,319,6,6,6,1.880878,6,6,1,0,2,4,2,2.0
NumStability.Source.Higham.Chapter07.LinearSystemsConditioning.RowScaling,NumStability/Source/Higham/Chapter07/LinearSystemsConditioning/RowScaling.lean,Source,Norms,Chapter07,26232,494,37,34,31,7.489879,8,2,1,6,5,72,5,14.4
NumStability.Source.Higham.Chapter07.LinearSystemsConditioning.Theorem02,NumStability/Source/Higham/Chapter07/LinearSystemsConditioning/Theorem02.lean,Source,Norms,Chapter07,26234,140,8,1,1,5.714286,10,3,1,7,1,0,1,0.0
NumStability.Source.Higham.Chapter07.LinearSystemsConditioning.Theorem03.RectangularResults,NumStability/Source/Higham/Chapter07/LinearSystemsConditioning/Theorem03/RectangularResults.lean,Source,Norms,Chapter07,466,92,3,2,2,3.26087,2,2,0,0,0,2,0,
NumStability.Source.Higham.Chapter07.LinearSystemsConditioning.Theorem04,NumStability/Source/Higham/Chapter07/LinearSystemsConditioning/Theorem04.lean,Source,Norms,Chapter07,26236,371,12,5,3,3.234501,12,6,4,6,1,1,1,1.0
NumStability.Source.Higham.Chapter07.LinearSystemsConditioning.Theorem05.Part01,NumStability/Source/Higham/Chapter07/LinearSystemsConditioning/Theorem05/Part01.lean,Source,Norms,Chapter07,26240,645,75,53,47,11.627907,16,10,11,7,36,81,36,2.25
NumStability.Source.Higham.Chapter07.LinearSystemsConditioning.Theorem05.Part02,NumStability/Source/Higham/Chapter07/LinearSystemsConditioning/Theorem05/Part02.lean,Source,Norms,Chapter07,26241,1431,101,73,68,7.058001,17,10,7,7,38,144,38,3.789474
NumStability.Source.Higham.Chapter07.LinearSystemsConditioning.Theorem05.Part03,NumStability/Source/Higham/Chapter07/LinearSystemsConditioning/Theorem05/Part03.lean,Source,Norms,Chapter07,26240,1561,90,76,69,5.765535,16,9,3,7,14,181,14,12.928571
NumStability.Source.Higham.Chapter07.LinearSystemsConditioning.Theorem05.Part04,NumStability/Source/Higham/Chapter07/LinearSystemsConditioning/Theorem05/Part04.lean,Source,Norms,Chapter07,26239,1353,95,81,75,7.021434,15,8,3,7,11,177,11,16.090909
NumStability.Source.Higham.Chapter07.LinearSystemsConditioning.Theorem05.Part05,NumStability/Source/Higham/Chapter07/LinearSystemsConditioning/Theorem05/Part05.lean,Source,Norms,Chapter07,26237,454,58,32,31,12.77533,13,6,2,7,9,53,9,5.888889
NumStability.Source.Higham.Chapter07.LinearSystemsConditioning.Theorem05.Part06,NumStability/Source/Higham/Chapter07/LinearSystemsConditioning/Theorem05/Part06.lean,Source,Norms,Chapter07,26237,1213,70,70,70,5.770816,13,7,2,7,3,65,3,21.666667
NumStability.Source.Higham.Chapter07.LinearSystemsConditioning.Theorem05.RowInfinityScaleCounterexample.Theorems,NumStability/Source/Higham/Chapter07/LinearSystemsConditioning/Theorem05/RowInfinityScaleCounterexample/Theorems.lean,Source,Norms,Chapter07,6639,254,12,6,1,4.724409,48,3,0,46,0,6,0,
NumStability.Source.Higham.Chapter07.LinearSystemsConditioning.Theorem07FrobeniusScaling,NumStability/Source/Higham/Chapter07/LinearSystemsConditioning/Theorem07FrobeniusScaling.lean,Source,Norms,Chapter07,26232,264,32,18,18,12.121212,8,1,0,7,0,50,0,
NumStability.Source.Higham.Chapter07.LinearSystemsConditioning.Theorem08Aliases,NumStability/Source/Higham/Chapter07/LinearSystemsConditioning/Theorem08Aliases.lean,Source,Norms,Chapter07,26238,33,3,3,3,9.090909,14,7,0,7,0,0,0,
NumStability.Source.Higham.Chapter08,NumStability/Source/Higham/Chapter08.lean,Source,HighamSourceOther,Chapter08,38,32,0,0,0,0.0,32,0,0,32,0,0,0,
NumStability.Source.Higham.Chapter08.Equation02.TriangularSubstitution.RelativeInfinityNormBounds.Theorems,NumStability/Source/Higham/Chapter08/Equation02/TriangularSubstitution/RelativeInfinityNormBounds/Theorems.lean,Source,HighamSourceOther,Chapter08,370,191,5,4,4,2.617801,34,12,0,29,0,4,0,
NumStability.Source.Higham.Chapter08.Equation10.ColumnPivotedQR.Basic,NumStability/Source/Higham/Chapter08/Equation10/ColumnPivotedQR/Basic.lean,Source,LU,Chapter08,104,78,2,2,2,2.564103,4,3,0,3,0,1,0,
NumStability.Source.Higham.Chapter08.Equation14.FanInExecutor.All,NumStability/Source/Higham/Chapter08/Equation14/FanInExecutor/All.lean,Source,HighamSourceOther,Chapter08,7,1,0,0,0,0.0,1,0,0,1,0,0,0,
NumStability.Source.Higham.Chapter08.Equation14.FanInExecutor.Executor,NumStability/Source/Higham/Chapter08/Equation14/FanInExecutor/Executor.lean,Source,HighamSourceOther,Chapter08,7857,191,4,4,4,2.094241,9,5,4,4,4,4,4,1.0
NumStability.Source.Higham.Chapter08.Equation14.FanInProduct.Basic,NumStability/Source/Higham/Chapter08/Equation14/FanInProduct/Basic.lean,Source,HighamSourceOther,Chapter08,442,393,11,11,10,2.798982,7,9,1,4,1,11,1,11.0
NumStability.Source.Higham.Chapter08.Equation15.FanInExecutor.FirstOrderResidual,NumStability/Source/Higham/Chapter08/Equation15/FanInExecutor/FirstOrderResidual.lean,Source,HighamSourceOther,Chapter08,25,1,0,0,0,0.0,1,0,0,1,0,0,0,
NumStability.Source.Higham.Chapter08.Equation15.GlobalEnvelopeCounterexample.All,NumStability/Source/Higham/Chapter08/Equation15/GlobalEnvelopeCounterexample/All.lean,Source,HighamSourceOther,Chapter08,8,2,0,0,0,0.0,2,0,0,2,0,0,0,
NumStability.Source.Higham.Chapter08.Equation15.GlobalEnvelopeCounterexample.LocalCancellation,NumStability/Source/Higham/Chapter08/Equation15/GlobalEnvelopeCounterexample/LocalCancellation.lean,Source,HighamSourceOther,Chapter08,6,0,0,0,0,,0,0,0,0,0,0,0,
NumStability.Source.Higham.Chapter08.Equation15.GlobalEnvelopeCounterexample.LocalCancellationResults.Theorems,NumStability/Source/Higham/Chapter08/Equation15/GlobalEnvelopeCounterexample/LocalCancellationResults/Theorems.lean,Source,HighamSourceOther,Chapter08,1604,78,8,1,1,10.25641,34,1,0,34,0,13,0,
NumStability.Source.Higham.Chapter08.Equation15.GlobalEnvelopeCounterexample.RawCube,NumStability/Source/Higham/Chapter08/Equation15/GlobalEnvelopeCounterexample/RawCube.lean,Source,HighamSourceOther,Chapter08,160,110,27,20,15,24.545455,5,5,0,0,0,68,0,
NumStability.Source.Higham.Chapter08.Equation18.FanInExecutor.FirstOrderForwardError,NumStability/Source/Higham/Chapter08/Equation18/FanInExecutor/FirstOrderForwardError.lean,Source,HighamSourceOther,Chapter08,179,133,3,2,2,2.255639,15,9,0,12,0,2,0,
NumStability.Source.Higham.Chapter08.Lemma08.CorrectedCondition.All,NumStability/Source/Higham/Chapter08/Lemma08/CorrectedCondition/All.lean,Source,Norms,Chapter08,7,1,0,0,0,0.0,1,0,0,1,0,0,0,
NumStability.Source.Higham.Chapter08.Lemma08.CorrectedCondition.RowDominance,NumStability/Source/Higham/Chapter08/Lemma08/CorrectedCondition/RowDominance.lean,Source,Norms,Chapter08,7856,195,19,3,3,9.74359,8,3,11,5,3,10,3,3.333333
NumStability.Source.Higham.Chapter08.Lemma08.Entrywise.Basic,NumStability/Source/Higham/Chapter08/Lemma08/Entrywise/Basic.lean,Source,HighamSourceOther,Chapter08,190,143,12,4,4,8.391608,1,4,0,0,0,6,0,
NumStability.Source.Higham.Chapter08.Lemma08Discrepancy,NumStability/Source/Higham/Chapter08/Lemma08Discrepancy.lean,Source,HighamSourceOther,Chapter08,120,85,9,8,6,10.588235,1,3,0,1,0,19,0,
NumStability.Source.Higham.Chapter08.Problem01.NoGuardSubstitution.Aliases,NumStability/Source/Higham/Chapter08/Problem01/NoGuardSubstitution/Aliases.lean,Source,HighamSourceOther,Chapter08,7858,59,4,4,4,6.779661,10,5,0,5,0,0,0,
NumStability.Source.Higham.Chapter08.Problem01.NoGuardSubstitution.All,NumStability/Source/Higham/Chapter08/Problem01/NoGuardSubstitution/All.lean,Source,HighamSourceOther,Chapter08,10,4,0,0,0,0.0,4,0,0,4,0,0,0,
NumStability.Source.Higham.Chapter08.Problem01.NoGuardSubstitution.BackwardSubstitution,NumStability/Source/Higham/Chapter08/Problem01/NoGuardSubstitution/BackwardSubstitution.lean,Source,HighamSourceOther,Chapter08,781,140,20,1,1,14.285714,4,3,1,1,1,19,1,19.0
NumStability.Source.Higham.Chapter08.Problem01.NoGuardSubstitution.ForwardSubstitution,NumStability/Source/Higham/Chapter08/Problem01/NoGuardSubstitution/ForwardSubstitution.lean,Source,HighamSourceOther,Chapter08,782,125,15,1,1,12.0,5,4,1,1,1,14,1,14.0
NumStability.Source.Higham.Chapter08.Problem02.ComparisonMatrixWitness.All,NumStability/Source/Higham/Chapter08/Problem02/ComparisonMatrixWitness/All.lean,Source,HighamSourceOther,Chapter08,7,1,0,0,0,0.0,1,0,0,1,0,0,0,
NumStability.Source.Higham.Chapter08.Problem02.ComparisonMatrixWitness.ArbitraryRatios.Theorems,NumStability/Source/Higham/Chapter08/Problem02/ComparisonMatrixWitness/ArbitraryRatios/Theorems.lean,Source,HighamSourceOther,Chapter08,429,175,22,3,3,12.571429,34,2,0,33,0,7,0,
NumStability.Source.Higham.Chapter08.Problem02.ComparisonMatrixWitness.RatioWitness,NumStability/Source/Higham/Chapter08/Problem02/ComparisonMatrixWitness/RatioWitness.lean,Source,HighamSourceOther,Chapter08,7855,73,13,12,8,17.808219,7,2,1,5,2,14,2,7.0
NumStability.Source.Higham.Chapter08.Problem03.UnitTriangularSubstitution.All,NumStability/Source/Higham/Chapter08/Problem03/UnitTriangularSubstitution/All.lean,Source,HighamSourceOther,Chapter08,7,1,0,0,0,0.0,1,0,0,1,0,0,0,
NumStability.Source.Higham.Chapter08.Problem03.UnitTriangularSubstitution.Bound,NumStability/Source/Higham/Chapter08/Problem03/UnitTriangularSubstitution/Bound.lean,Source,HighamSourceOther,Chapter08,7861,133,9,1,1,6.766917,13,8,0,5,0,8,0,
NumStability.Source.Higham.Chapter08.Problem04.MMatrixSubstitution.All,NumStability/Source/Higham/Chapter08/Problem04/MMatrixSubstitution/All.lean,Source,HighamSourceOther,Chapter08,7,1,0,0,0,0.0,1,0,0,1,0,0,0,
NumStability.Source.Higham.Chapter08.Problem04.MMatrixSubstitution.Comparison,NumStability/Source/Higham/Chapter08/Problem04/MMatrixSubstitution/Comparison.lean,Source,HighamSourceOther,Chapter08,7854,17,1,1,1,5.882353,6,1,0,5,0,0,0,
NumStability.Source.Higham.Chapter08.Problem05.InverseNormBounds.All,NumStability/Source/Higham/Chapter08/Problem05/InverseNormBounds/All.lean,Source,HighamSourceOther,Chapter08,7,1,0,0,0,0.0,1,0,0,1,0,0,0,
NumStability.Source.Higham.Chapter08.Problem05.InverseNormBounds.ZInverse,NumStability/Source/Higham/Chapter08/Problem05/InverseNormBounds/ZInverse.lean,Source,HighamSourceOther,Chapter08,7858,102,5,3,3,4.901961,10,5,1,5,3,4,3,1.333333
NumStability.Source.Higham.Chapter08.Problem06.ComparisonInverseBounds.All,NumStability/Source/Higham/Chapter08/Problem06/ComparisonInverseBounds/All.lean,Source,HighamSourceOther,Chapter08,7,1,0,0,0,0.0,1,0,0,1,0,0,0,
NumStability.Source.Higham.Chapter08.Problem06.ComparisonInverseBounds.VectorBounds,NumStability/Source/Higham/Chapter08/Problem06/ComparisonInverseBounds/VectorBounds.lean,Source,HighamSourceOther,Chapter08,7859,109,15,8,6,13.761468,11,6,1,5,4,13,4,3.25
NumStability.Source.Higham.Chapter08.Problem07.DiagonalScaling.All,NumStability/Source/Higham/Chapter08/Problem07/DiagonalScaling/All.lean,Source,HighamSourceOther,Chapter08,7,1,0,0,0,0.0,1,0,0,1,0,0,0,
NumStability.Source.Higham.Chapter08.Problem07.DiagonalScaling.Bounds,NumStability/Source/Higham/Chapter08/Problem07/DiagonalScaling/Bounds.lean,Source,HighamSourceOther,Chapter08,7853,19,2,2,2,10.526316,5,0,1,5,2,0,2,0.0
NumStability.Source.Higham.Chapter08.Problem07.DiagonalScaling.Results.Theorems,NumStability/Source/Higham/Chapter08/Problem07/DiagonalScaling/Results/Theorems.lean,Source,HighamSourceOther,Chapter08,1095,381,14,6,3,3.674541,34,6,0,31,0,10,0,
NumStability.Source.Higham.Chapter08.Problem08.SingleEntrySingularity.All,NumStability/Source/Higham/Chapter08/Problem08/SingleEntrySingularity/All.lean,Source,HighamSourceOther,Chapter08,7,1,0,0,0,0.0,1,0,0,1,0,0,0,
NumStability.Source.Higham.Chapter08.Problem08.SingleEntrySingularity.RankOne,NumStability/Source/Higham/Chapter08/Problem08/SingleEntrySingularity/RankOne.lean,Source,HighamSourceOther,Chapter08,7855,76,7,2,2,9.210526,7,3,1,4,1,10,1,10.0
NumStability.Source.Higham.Chapter08.Problem08.SingleEntrySingularity.Results.Theorems,NumStability/Source/Higham/Chapter08/Problem08/SingleEntrySingularity/Results/Theorems.lean,Source,HighamSourceOther,Chapter08,499,214,7,5,5,3.271028,34,3,0,33,0,7,0,
NumStability.Source.Higham.Chapter08.Problem09.KahanSingularValues.All,NumStability/Source/Higham/Chapter08/Problem09/KahanSingularValues/All.lean,Source,Summation,Chapter08,7,1,0,0,0,0.0,1,0,0,1,0,0,0,
NumStability.Source.Higham.Chapter08.Problem09.KahanSingularValues.KahanMatrix,NumStability/Source/Higham/Chapter08/Problem09/KahanSingularValues/KahanMatrix.lean,Source,Summation,Chapter08,7861,316,40,28,20,12.658228,13,9,1,4,12,55,12,4.583333
NumStability.Source.Higham.Chapter08.Problem09.KahanSingularValues.Results.Theorems,NumStability/Source/Higham/Chapter08/Problem09/KahanSingularValues/Results/Theorems.lean,Source,Summation,Chapter08,2260,1330,120,28,23,9.022556,34,10,0,30,0,195,0,
NumStability.Source.Higham.Chapter08.Section01.BackwardErrorAnalysis.All,NumStability/Source/Higham/Chapter08/Section01/BackwardErrorAnalysis/All.lean,Source,HighamSourceOther,Chapter08,7,1,0,0,0,0.0,1,0,0,1,0,0,0,
NumStability.Source.Higham.Chapter08.Section01.BackwardErrorAnalysis.Core,NumStability/Source/Higham/Chapter08/Section01/BackwardErrorAnalysis/Core.lean,Source,HighamSourceOther,Chapter08,7859,100,9,9,9,9.0,11,6,2,5,4,0,4,0.0
NumStability.Source.Higham.Chapter08.Section02.ForwardErrorAnalysis.All,NumStability/Source/Higham/Chapter08/Section02/ForwardErrorAnalysis/All.lean,Source,HighamSourceOther,Chapter08,9,3,0,0,0,0.0,3,0,0,3,0,0,0,
NumStability.Source.Higham.Chapter08.Section02.ForwardErrorAnalysis.ComparisonBounds,NumStability/Source/Higham/Chapter08/Section02/ForwardErrorAnalysis/ComparisonBounds.lean,Source,HighamSourceOther,Chapter08,7859,56,4,3,3,7.142857,11,7,1,4,1,1,1,1.0
NumStability.Source.Higham.Chapter08.Section02.ForwardErrorAnalysis.ComparisonBoundsPrelude,NumStability/Source/Higham/Chapter08/Section02/ForwardErrorAnalysis/ComparisonBoundsPrelude.lean,Source,HighamSourceOther,Chapter08,7858,43,4,3,3,9.302326,10,5,0,5,0,0,0,
NumStability.Source.Higham.Chapter08.Section02.ForwardErrorAnalysis.NormBounds,NumStability/Source/Higham/Chapter08/Section02/ForwardErrorAnalysis/NormBounds.lean,Source,HighamSourceOther,Chapter08,7855,236,10,9,7,4.237288,7,3,5,4,7,9,7,1.285714
NumStability.Source.Higham.Chapter08.Section03.BidiagonalComparison.Basic,NumStability/Source/Higham/Chapter08/Section03/BidiagonalComparison/Basic.lean,Source,HighamSourceOther,Chapter08,249,216,30,5,5,13.888889,5,4,0,4,0,26,0,
NumStability.Source.Higham.Chapter08.Section03.TriangularSystems.All,NumStability/Source/Higham/Chapter08/Section03/TriangularSystems/All.lean,Source,HighamSourceOther,Chapter08,10,4,0,0,0,0.0,4,0,0,4,0,0,0,
NumStability.Source.Higham.Chapter08.Section03.TriangularSystems.ArbitraryOrder,NumStability/Source/Higham/Chapter08/Section03/TriangularSystems/ArbitraryOrder.lean,Source,HighamSourceOther,Chapter08,1062,519,70,13,11,13.487476,4,4,4,0,7,63,7,9.0
NumStability.Source.Higham.Chapter08.Section03.TriangularSystems.ComparisonConditioningResults.Theorems,NumStability/Source/Higham/Chapter08/Section03/TriangularSystems/ComparisonConditioningResults/Theorems.lean,Source,Norms,Chapter08,1313,716,38,5,5,5.307263,34,7,0,30,0,31,0,
NumStability.Source.Higham.Chapter08.Section03.TriangularSystems.InverseBoundsLower,NumStability/Source/Higham/Chapter08/Section03/TriangularSystems/InverseBoundsLower.lean,Source,HighamSourceOther,Chapter08,7862,117,5,5,5,4.273504,14,9,2,5,4,0,4,0.0
NumStability.Source.Higham.Chapter08.Section03.TriangularSystems.InverseBoundsPrelude,NumStability/Source/Higham/Chapter08/Section03/TriangularSystems/InverseBoundsPrelude.lean,Source,HighamSourceOther,Chapter08,7858,205,36,21,19,17.560976,10,6,5,4,15,48,15,3.2
NumStability.Source.Higham.Chapter08.Section03.TriangularSystems.InverseBoundsUpper,NumStability/Source/Higham/Chapter08/Section03/TriangularSystems/InverseBoundsUpper.lean,Source,HighamSourceOther,Chapter08,7859,85,7,7,7,8.235294,11,6,3,5,7,2,7,0.285714
NumStability.Source.Higham.Chapter08.Section03.TriangularSystems.InverseNormResults.Theorems,NumStability/Source/Higham/Chapter08/Section03/TriangularSystems/InverseNormResults/Theorems.lean,Source,HighamSourceOther,Chapter08,1810,952,71,13,11,7.457983,34,15,0,27,0,72,0,
NumStability.Source.Higham.Chapter08.Section04.FanInAsymptotics.Basic,NumStability/Source/Higham/Chapter08/Section04/FanInAsymptotics/Basic.lean,Source,HighamSourceOther,Chapter08,61,38,5,5,5,13.157895,4,2,2,4,5,5,5,1.0
NumStability.Source.Higham.Chapter08.Section04.FanInCore.All,NumStability/Source/Higham/Chapter08/Section04/FanInCore/All.lean,Source,HighamSourceOther,Chapter08,9,3,0,0,0,0.0,3,0,0,3,0,0,0,
NumStability.Source.Higham.Chapter08.Section04.FanInCore.AllOrdersEnvelope,NumStability/Source/Higham/Chapter08/Section04/FanInCore/AllOrdersEnvelope.lean,Source,HighamSourceOther,Chapter08,7860,627,27,23,19,4.30622,12,8,4,4,8,41,8,5.125
NumStability.Source.Higham.Chapter08.Section04.FanInCore.Factors,NumStability/Source/Higham/Chapter08/Section04/FanInCore/Factors.lean,Source,HighamSourceOther,Chapter08,7856,426,41,34,21,9.624413,8,3,5,5,8,77,8,9.625
NumStability.Source.Higham.Chapter08.Section04.FanInCore.ResidualForwardBounds,NumStability/Source/Higham/Chapter08/Section04/FanInCore/ResidualForwardBounds.lean,Source,HighamSourceOther,Chapter08,7859,474,20,20,20,4.219409,11,6,2,5,2,27,2,13.5
NumStability.Source.Higham.Chapter09,NumStability/Source/Higham/Chapter09.lean,Source,HighamSourceOther,Chapter09,28,22,0,0,0,0.0,22,0,0,22,0,0,0,
NumStability.Source.Higham.Chapter09.CompletePivotSharpClosure,NumStability/Source/Higham/Chapter09/CompletePivotSharpClosure.lean,Source,LU,Chapter09,454,387,45,25,16,11.627907,15,7,0,8,0,83,0,
NumStability.Source.Higham.Chapter09.ComplexClosure,NumStability/Source/Higham/Chapter09/ComplexClosure.lean,Source,HighamSourceOther,Chapter09,1419,1250,152,111,80,12.16,16,8,1,8,6,481,6,80.166667
NumStability.Source.Higham.Chapter09.ComputedCorrection,NumStability/Source/Higham/Chapter09/ComputedCorrection.lean,Source,HighamSourceOther,Chapter09,199,166,6,6,6,3.614458,14,13,0,7,0,4,0,
NumStability.Source.Higham.Chapter09.DoolittleClosure,NumStability/Source/Higham/Chapter09/DoolittleClosure.lean,Source,HighamSourceOther,Chapter09,959,898,56,30,26,6.23608,16,13,4,9,7,72,7,10.285714
NumStability.Source.Higham.Chapter09.Problems,NumStability/Source/Higham/Chapter09/Problems.lean,Source,HighamSourceOther,Chapter09,32874,28730,1934,1285,1148,6.731639,19,20,9,6,45,4476,45,99.466667
NumStability.Source.Higham.Chapter09.Section01,NumStability/Source/Higham/Chapter09/Section01.lean,Source,HighamSourceOther,Chapter09,347,272,22,22,22,8.088235,12,2,12,11,10,37,10,3.7
NumStability.Source.Higham.Chapter09.Section02,NumStability/Source/Higham/Chapter09/Section02.lean,Source,HighamSourceOther,Chapter09,6190,5140,425,381,294,8.268482,16,11,25,8,139,1324,139,9.52518
NumStability.Source.Higham.Chapter09.Section03,NumStability/Source/Higham/Chapter09/Section03.lean,Source,HighamSourceOther,Chapter09,1533,1363,44,44,41,3.228173,15,12,6,8,5,30,5,6.0
NumStability.Source.Higham.Chapter09.Section04,NumStability/Source/Higham/Chapter09/Section04.lean,Source,HighamSourceOther,Chapter09,9631,7935,718,533,433,9.048519,14,13,26,7,86,1688,86,19.627907
NumStability.Source.Higham.Chapter09.Section05,NumStability/Source/Higham/Chapter09/Section05.lean,Source,HighamSourceOther,Chapter09,3722,3118,246,169,145,7.889673,15,16,13,5,30,415,30,13.833333
NumStability.Source.Higham.Chapter09.Section06,NumStability/Source/Higham/Chapter09/Section06.lean,Source,HighamSourceOther,Chapter09,17765,15618,602,585,584,3.854527,17,22,11,2,55,1779,55,32.345455
NumStability.Source.Higham.Chapter09.Section08,NumStability/Source/Higham/Chapter09/Section08.lean,Source,HighamSourceOther,Chapter09,338,261,45,23,23,17.241379,12,2,1,11,1,50,1,50.0
NumStability.Source.Higham.Chapter09.Section10,NumStability/Source/Higham/Chapter09/Section10.lean,Source,HighamSourceOther,Chapter09,223,178,15,15,12,8.426966,12,4,2,11,1,18,1,18.0
NumStability.Source.Higham.Chapter09.Section11,NumStability/Source/Higham/Chapter09/Section11.lean,Source,HighamSourceOther,Chapter09,41224,37178,1170,1118,1109,3.147022,18,12,8,9,22,3002,22,136.454545
NumStability.Source.Higham.Chapter09.Theorem14.Actual,NumStability/Source/Higham/Chapter09/Theorem14/Actual.lean,Source,HighamSourceOther,Chapter09,3398,3052,316,145,116,10.353866,4,11,1,0,21,571,21,27.190476
NumStability.Source.Higham.Chapter09.Theorem14.DiagDominant,NumStability/Source/Higham/Chapter09/Theorem14/DiagDominant.lean,Source,HighamSourceOther,Chapter09,353,328,14,2,2,4.268293,4,8,0,0,0,14,0,
NumStability.Source.Higham.Chapter09.Theorem14.Primitive,NumStability/Source/Higham/Chapter09/Theorem14/Primitive.lean,Source,HighamSourceOther,Chapter09,877,779,58,24,22,7.445443,11,1,2,11,14,97,14,6.928571
NumStability.Source.Higham.Chapter09.Theorem15.Barrlund.Basic,NumStability/Source/Higham/Chapter09/Theorem15/Barrlund/Basic.lean,Source,HighamSourceOther,Chapter09,146,122,9,2,2,7.377049,5,3,0,4,0,1,0,
NumStability.Source.Higham.Chapter09.Theorem15.Sun.Basic,NumStability/Source/Higham/Chapter09/Theorem15/Sun/Basic.lean,Source,HighamSourceOther,Chapter09,434,409,4,3,3,0.977995,6,6,0,4,0,2,0,
NumStability.Source.Higham.Chapter09.Theorem97Classification,NumStability/Source/Higham/Chapter09/Theorem97Classification.lean,Source,HighamSourceOther,Chapter09,959,865,48,40,29,5.549133,15,6,0,9,0,129,0,
NumStability.Source.Higham.Chapter09.Theorem99Closure,NumStability/Source/Higham/Chapter09/Theorem99Closure.lean,Source,HighamSourceOther,Chapter09,813,740,63,28,26,8.513514,15,8,1,8,1,62,1,62.0
NumStability.Source.Higham.Chapter09.Theorem99ComplexClosure,NumStability/Source/Higham/Chapter09/Theorem99ComplexClosure.lean,Source,HighamSourceOther,Chapter09,1027,923,89,43,39,9.64247,2,2,0,0,0,116,0,
NumStability.Source.Higham.Chapter10,NumStability/Source/Higham/Chapter10.lean,Source,HighamSourceOther,Chapter10,25,19,0,0,0,0.0,19,0,0,19,0,0,0,
NumStability.Source.Higham.Chapter10.Equation07.AbsoluteFactorNorm,NumStability/Source/Higham/Chapter10/Equation07/AbsoluteFactorNorm.lean,Source,HighamSourceOther,Chapter10,8,2,0,0,0,0.0,2,0,0,2,0,0,0,
NumStability.Source.Higham.Chapter10.Equation07.AbsoluteFactorNorm.Bridge,NumStability/Source/Higham/Chapter10/Equation07/AbsoluteFactorNorm/Bridge.lean,Source,HighamSourceOther,Chapter10,67,49,1,1,1,2.040816,22,3,0,21,0,0,0,
NumStability.Source.Higham.Chapter10.Equation07.AbsoluteFactorNorm.Endpoints,NumStability/Source/Higham/Chapter10/Equation07/AbsoluteFactorNorm/Endpoints.lean,Source,HighamSourceOther,Chapter10,68,51,1,1,1,1.960784,21,2,4,20,1,0,1,0.0
NumStability.Source.Higham.Chapter10.Equation29.Mathias,NumStability/Source/Higham/Chapter10/Equation29/Mathias.lean,Source,HighamSourceOther,Chapter10,10,4,0,0,0,0.0,4,0,0,4,0,0,0,
NumStability.Source.Higham.Chapter10.Equation29.Mathias.Endpoints,NumStability/Source/Higham/Chapter10/Equation29/Mathias/Endpoints.lean,Source,HighamSourceOther,Chapter10,58,43,1,1,1,2.325581,21,2,0,19,0,0,0,
NumStability.Source.Higham.Chapter10.Equation29.Mathias.FirstBreakdown,NumStability/Source/Higham/Chapter10/Equation29/Mathias/FirstBreakdown.lean,Source,HighamSourceOther,Chapter10,239,216,10,5,3,4.62963,21,7,0,16,0,10,0,
NumStability.Source.Higham.Chapter10.Equation29.Mathias.RoundedSchur.Bounds,NumStability/Source/Higham/Chapter10/Equation29/Mathias/RoundedSchur/Bounds.lean,Source,Spectral,Chapter10,514,460,15,11,5,3.26087,54,15,0,42,0,7,0,
NumStability.Source.Higham.Chapter10.Equation29.Mathias.SourceIngredients,NumStability/Source/Higham/Chapter10/Equation29/Mathias/SourceIngredients.lean,Source,HighamSourceOther,Chapter10,1438,1270,66,44,42,5.19685,30,14,1,17,17,96,17,5.647059
NumStability.Source.Higham.Chapter10.Equation30.ComplexPositiveDefinite,NumStability/Source/Higham/Chapter10/Equation30/ComplexPositiveDefinite.lean,Source,Cholesky,Chapter10,9,3,0,0,0,0.0,3,0,0,3,0,0,0,
NumStability.Source.Higham.Chapter10.Equation30.ComplexPositiveDefinite.Endpoints,NumStability/Source/Higham/Chapter10/Equation30/ComplexPositiveDefinite/Endpoints.lean,Source,Cholesky,Chapter10,55,39,1,1,1,2.564103,20,0,2,20,1,0,1,0.0
NumStability.Source.Higham.Chapter10.Equation30.ComplexPositiveDefinite.NoPivotLU.SourceBounds,NumStability/Source/Higham/Chapter10/Equation30/ComplexPositiveDefinite/NoPivotLU/SourceBounds.lean,Source,Cholesky,Chapter10,2453,2281,115,32,17,5.041648,52,9,0,44,0,237,0,
NumStability.Source.Higham.Chapter10.Equation30.ComplexPositiveDefinite.SourceClosure,NumStability/Source/Higham/Chapter10/Equation30/ComplexPositiveDefinite/SourceClosure.lean,Source,Cholesky,Chapter10,408,335,42,33,26,12.537313,24,5,1,19,18,61,18,3.388889
NumStability.Source.Higham.Chapter10.Lemma11.PivotSequenceStability,NumStability/Source/Higham/Chapter10/Lemma11/PivotSequenceStability.lean,Source,LU,Chapter10,8,2,0,0,0,0.0,2,0,0,2,0,0,0,
NumStability.Source.Higham.Chapter10.Lemma11.PivotSequenceStability.Endpoints,NumStability/Source/Higham/Chapter10/Lemma11/PivotSequenceStability/Endpoints.lean,Source,LU,Chapter10,290,218,8,7,7,3.669725,23,4,1,20,3,3,3,1.0
NumStability.Source.Higham.Chapter10.Lemma11.PivotSequenceStability.SourceClosure,NumStability/Source/Higham/Chapter10/Lemma11/PivotSequenceStability/SourceClosure.lean,Source,LU,Chapter10,308,272,7,7,7,2.573529,24,6,1,19,2,4,2,2.0
NumStability.Source.Higham.Chapter10.Lemma13.KahanSharpness,NumStability/Source/Higham/Chapter10/Lemma13/KahanSharpness.lean,Source,Summation,Chapter10,12,6,0,0,0,0.0,6,0,0,6,0,0,0,
NumStability.Source.Higham.Chapter10.Lemma13.KahanSharpness.CompletePivotingBound,NumStability/Source/Higham/Chapter10/Lemma13/KahanSharpness/CompletePivotingBound.lean,Source,LU,Chapter10,92,66,3,2,2,4.545455,5,1,1,4,1,2,1,2.0
NumStability.Source.Higham.Chapter10.Lemma13.KahanSharpness.Endpoints,NumStability/Source/Higham/Chapter10/Lemma13/KahanSharpness/Endpoints.lean,Source,Summation,Chapter10,141,102,5,4,4,4.901961,24,4,1,20,1,1,1,1.0
NumStability.Source.Higham.Chapter10.Lemma13.KahanSharpness.GramFamily,NumStability/Source/Higham/Chapter10/Lemma13/KahanSharpness/GramFamily.lean,Source,Summation,Chapter10,293,251,34,30,22,13.545817,24,7,1,20,8,90,8,11.25
NumStability.Source.Higham.Chapter10.Lemma13.KahanSharpness.Limit,NumStability/Source/Higham/Chapter10/Lemma13/KahanSharpness/Limit.lean,Source,Summation,Chapter10,253,216,28,17,14,12.962963,21,1,2,20,7,35,7,5.0
NumStability.Source.Higham.Chapter10.Lemma13.KahanSharpness.OperatorNorm.SourceBound,NumStability/Source/Higham/Chapter10/Lemma13/KahanSharpness/OperatorNorm/SourceBound.lean,Source,Summation,Chapter10,334,288,18,8,8,6.25,51,7,0,47,0,17,0,
NumStability.Source.Higham.Chapter10.Lemma13.KahanSharpness.UnboundedGrowth.Construction,NumStability/Source/Higham/Chapter10/Lemma13/KahanSharpness/UnboundedGrowth/Construction.lean,Source,Summation,Chapter10,344,315,28,2,2,8.888889,48,3,0,46,0,20,0,
NumStability.Source.Higham.Chapter10.Problem01.PositiveSemidefiniteEntries,NumStability/Source/Higham/Chapter10/Problem01/PositiveSemidefiniteEntries.lean,Source,Cholesky,Chapter10,8,2,0,0,0,0.0,2,0,0,2,0,0,0,
NumStability.Source.Higham.Chapter10.Problem01.PositiveSemidefiniteEntries.Basic,NumStability/Source/Higham/Chapter10/Problem01/PositiveSemidefiniteEntries/Basic.lean,Source,Cholesky,Chapter10,181,153,5,5,5,3.267974,20,2,6,19,3,6,3,2.0
NumStability.Source.Higham.Chapter10.Problem01.PositiveSemidefiniteEntries.EntryBounds.Results,NumStability/Source/Higham/Chapter10/Problem01/PositiveSemidefiniteEntries/EntryBounds/Results.lean,Source,Cholesky,Chapter10,170,136,4,3,3,2.941176,11,2,5,9,3,3,3,1.0
NumStability.Source.Higham.Chapter10.Problem03.ArbitraryEvaluationOrder,NumStability/Source/Higham/Chapter10/Problem03/ArbitraryEvaluationOrder.lean,Source,HighamSourceOther,Chapter10,7,1,0,0,0,0.0,1,0,0,1,0,0,0,
NumStability.Source.Higham.Chapter10.Problem03.ArbitraryEvaluationOrder.Basic,NumStability/Source/Higham/Chapter10/Problem03/ArbitraryEvaluationOrder/Basic.lean,Source,HighamSourceOther,Chapter10,93,60,10,1,1,16.666667,2,5,0,0,0,2,0,
NumStability.Source.Higham.Chapter10.Problem04.UnpivotedGrowth,NumStability/Source/Higham/Chapter10/Problem04/UnpivotedGrowth.lean,Source,LU,Chapter10,8,2,0,0,0,0.0,2,0,0,2,0,0,0,
NumStability.Source.Higham.Chapter10.Problem04.UnpivotedGrowth.Basic,NumStability/Source/Higham/Chapter10/Problem04/UnpivotedGrowth/Basic.lean,Source,LU,Chapter10,66,46,6,2,1,13.043478,20,1,1,20,1,8,1,8.0
NumStability.Source.Higham.Chapter10.Problem04.UnpivotedGrowth.PositivePivots.Bounds,NumStability/Source/Higham/Chapter10/Problem04/UnpivotedGrowth/PositivePivots/Bounds.lean,Source,LU,Chapter10,172,147,4,4,4,2.721088,48,5,0,44,0,3,0,
NumStability.Source.Higham.Chapter10.Problem08.LeadingMinorsCounterexample,NumStability/Source/Higham/Chapter10/Problem08/LeadingMinorsCounterexample.lean,Source,HighamSourceOther,Chapter10,7,1,0,0,0,0.0,1,0,0,1,0,0,0,
NumStability.Source.Higham.Chapter10.Problem08.LeadingMinorsCounterexample.Basic,NumStability/Source/Higham/Chapter10/Problem08/LeadingMinorsCounterexample/Basic.lean,Source,HighamSourceOther,Chapter10,88,65,6,5,4,9.230769,21,1,0,20,0,9,0,
NumStability.Source.Higham.Chapter10.Section01.Factorization,NumStability/Source/Higham/Chapter10/Section01/Factorization.lean,Source,HighamSourceOther,Chapter10,8,2,0,0,0,0.0,2,0,0,2,0,0,0,
NumStability.Source.Higham.Chapter10.Section01.Factorization.Basic,NumStability/Source/Higham/Chapter10/Section01/Factorization/Basic.lean,Source,HighamSourceOther,Chapter10,135,108,7,6,4,6.481481,22,2,1,20,1,6,1,6.0
NumStability.Source.Higham.Chapter10.Section01.Factorization.ExistenceUniqueness.Results,NumStability/Source/Higham/Chapter10/Section01/Factorization/ExistenceUniqueness/Results.lean,Source,HighamSourceOther,Chapter10,92,73,2,2,2,2.739726,48,3,1,45,1,0,1,0.0
NumStability.Source.Higham.Chapter10.Section02.ErrorAnalysis,NumStability/Source/Higham/Chapter10/Section02/ErrorAnalysis.lean,Source,HighamSourceOther,Chapter10,8,2,0,0,0,0.0,2,0,0,2,0,0,0,
NumStability.Source.Higham.Chapter10.Section02.ErrorAnalysis.Basic,NumStability/Source/Higham/Chapter10/Section02/ErrorAnalysis/Basic.lean,Source,HighamSourceOther,Chapter10,153,102,8,8,8,7.843137,24,8,7,16,4,6,4,1.5
NumStability.Source.Higham.Chapter10.Section02.ErrorAnalysis.FactorizationAndSolve.Bounds,NumStability/Source/Higham/Chapter10/Section02/ErrorAnalysis/FactorizationAndSolve/Bounds.lean,Source,HighamSourceOther,Chapter10,153,118,4,4,4,3.389831,48,8,0,44,0,1,0,
NumStability.Source.Higham.Chapter10.Section03.PositiveSemidefinite,NumStability/Source/Higham/Chapter10/Section03/PositiveSemidefinite.lean,Source,Cholesky,Chapter10,15,9,0,0,0,0.0,9,0,0,9,0,0,0,
NumStability.Source.Higham.Chapter10.Section03.PositiveSemidefinite.ConstructiveFactorization.Existence,NumStability/Source/Higham/Chapter10/Section03/PositiveSemidefinite/ConstructiveFactorization/Existence.lean,Source,Cholesky,Chapter10,743,684,44,4,4,6.432749,12,4,1,8,2,32,2,16.0
NumStability.Source.Higham.Chapter10.Section03.PositiveSemidefinite.Endpoints,NumStability/Source/Higham/Chapter10/Section03/PositiveSemidefinite/Endpoints.lean,Source,Cholesky,Chapter10,329,249,17,15,15,6.827309,27,8,7,20,8,5,8,0.625
NumStability.Source.Higham.Chapter10.Section03.PositiveSemidefinite.Existence,NumStability/Source/Higham/Chapter10/Section03/PositiveSemidefinite/Existence.lean,Source,Cholesky,Chapter10,284,223,16,9,9,7.174888,5,1,3,4,5,12,5,2.4
NumStability.Source.Higham.Chapter10.Section03.PositiveSemidefinite.PivotingAndScaling.Results,NumStability/Source/Higham/Chapter10/Section03/PositiveSemidefinite/PivotingAndScaling/Results.lean,Source,Cholesky,Chapter10,481,407,28,10,10,6.879607,51,12,1,40,1,16,1,16.0
NumStability.Source.Higham.Chapter10.Section03.PositiveSemidefinite.QuadraticFormBounds.WeightedNorm,NumStability/Source/Higham/Chapter10/Section03/PositiveSemidefinite/QuadraticFormBounds/WeightedNorm.lean,Source,Cholesky,Chapter10,102,80,2,2,2,2.5,12,3,1,9,1,1,1,1.0
NumStability.Source.Higham.Chapter10.Section03.PositiveSemidefinite.SchurComplement,NumStability/Source/Higham/Chapter10/Section03/PositiveSemidefinite/SchurComplement.lean,Source,Cholesky,Chapter10,2117,1840,94,59,46,5.108696,5,3,12,2,21,143,21,6.809524
NumStability.Source.Higham.Chapter10.Section03.PositiveSemidefinite.Termination,NumStability/Source/Higham/Chapter10/Section03/PositiveSemidefinite/Termination.lean,Source,Cholesky,Chapter10,40,25,1,1,1,4.0,4,0,1,4,1,0,1,0.0
NumStability.Source.Higham.Chapter10.Section03.PositiveSemidefinite.TrailingTermination.Bound,NumStability/Source/Higham/Chapter10/Section03/PositiveSemidefinite/TrailingTermination/Bound.lean,Source,Cholesky,Chapter10,87,62,1,1,1,1.612903,12,4,0,8,0,0,0,
NumStability.Source.Higham.Chapter10.Section03.PositiveSemidefinite.WNormBound,NumStability/Source/Higham/Chapter10/Section03/PositiveSemidefinite/WNormBound.lean,Source,Cholesky,Chapter10,190,155,16,4,4,10.322581,4,0,3,4,3,13,3,4.333333
NumStability.Source.Higham.Chapter10.Section04.PositiveDefiniteSymmetricPart,NumStability/Source/Higham/Chapter10/Section04/PositiveDefiniteSymmetricPart.lean,Source,Cholesky,Chapter10,10,4,0,0,0,0.0,4,0,0,4,0,0,0,
NumStability.Source.Higham.Chapter10.Section04.PositiveDefiniteSymmetricPart.Endpoints,NumStability/Source/Higham/Chapter10/Section04/PositiveDefiniteSymmetricPart/Endpoints.lean,Source,Cholesky,Chapter10,145,96,8,8,7,8.333333,22,4,5,19,6,0,6,0.0
NumStability.Source.Higham.Chapter10.Section04.PositiveDefiniteSymmetricPart.Equation29,NumStability/Source/Higham/Chapter10/Section04/PositiveDefiniteSymmetricPart/Equation29.lean,Source,Cholesky,Chapter10,424,372,25,17,14,6.72043,26,8,3,19,8,20,8,2.5
NumStability.Source.Higham.Chapter10.Section04.PositiveDefiniteSymmetricPart.LUGrowth.Equation29,NumStability/Source/Higham/Chapter10/Section04/PositiveDefiniteSymmetricPart/LUGrowth/Equation29.lean,Source,Cholesky,Chapter10,279,231,4,3,3,1.731602,50,10,1,42,1,3,1,3.0
NumStability.Source.Higham.Chapter10.Section04.PositiveDefiniteSymmetricPart.SchurStages.Bounds,NumStability/Source/Higham/Chapter10/Section04/PositiveDefiniteSymmetricPart/SchurStages/Bounds.lean,Source,Cholesky,Chapter10,236,190,5,4,4,2.631579,48,10,2,40,1,3,1,3.0
NumStability.Source.Higham.Chapter10.Theorem06.RoundedCholesky,NumStability/Source/Higham/Chapter10/Theorem06/RoundedCholesky.lean,Source,Cholesky,Chapter10,9,3,0,0,0,0.0,3,0,0,3,0,0,0,
NumStability.Source.Higham.Chapter10.Theorem06.RoundedCholesky.ActualClosure,NumStability/Source/Higham/Chapter10/Theorem06/RoundedCholesky/ActualClosure.lean,Source,Cholesky,Chapter10,141,114,15,8,6,13.157895,23,6,1,19,4,12,4,3.0
NumStability.Source.Higham.Chapter10.Theorem06.RoundedCholesky.Endpoints,NumStability/Source/Higham/Chapter10/Theorem06/RoundedCholesky/Endpoints.lean,Source,Cholesky,Chapter10,271,222,12,5,5,5.405405,24,7,1,18,1,3,1,3.0
NumStability.Source.Higham.Chapter10.Theorem06.RoundedCholesky.ForwardError.ActualAlgorithm,NumStability/Source/Higham/Chapter10/Theorem06/RoundedCholesky/ForwardError/ActualAlgorithm.lean,Source,Cholesky,Chapter10,161,121,2,2,1,1.652893,49,13,0,42,0,0,0,
NumStability.Source.Higham.Chapter10.Theorem07,NumStability/Source/Higham/Chapter10/Theorem07.lean,Source,HighamSourceOther,Chapter10,29,21,0,0,0,0.0,21,0,0,21,0,0,0,
NumStability.Source.Higham.Chapter10.Theorem07.Core.Results,NumStability/Source/Higham/Chapter10/Theorem07/Core/Results.lean,Source,HighamSourceOther,Chapter10,1707,1597,163,12,11,10.206637,51,11,1,41,1,160,1,160.0
NumStability.Source.Higham.Chapter10.Theorem07.FailureVacuity,NumStability/Source/Higham/Chapter10/Theorem07/FailureVacuity.lean,Source,HighamSourceOther,Chapter10,8,2,0,0,0,0.0,2,0,0,2,0,0,0,
NumStability.Source.Higham.Chapter10.Theorem07.FailureVacuity.Endpoints,NumStability/Source/Higham/Chapter10/Theorem07/FailureVacuity/Endpoints.lean,Source,HighamSourceOther,Chapter10,278,222,7,7,7,3.153153,25,9,0,17,0,3,0,
NumStability.Source.Higham.Chapter10.Theorem07.FailureVacuity.Vacuity,NumStability/Source/Higham/Chapter10/Theorem07/FailureVacuity/Vacuity.lean,Source,HighamSourceOther,Chapter10,73,50,10,3,3,20.0,4,7,0,2,0,2,0,
NumStability.Source.Higham.Chapter10.Theorem07.SuccessThreshold.Factorization,NumStability/Source/Higham/Chapter10/Theorem07/SuccessThreshold/Factorization.lean,Source,HighamSourceOther,Chapter10,324,268,19,5,5,7.089552,50,12,0,41,0,13,0,
NumStability.Source.Higham.Chapter10.Theorem08.ComponentwisePerturbation,NumStability/Source/Higham/Chapter10/Theorem08/ComponentwisePerturbation.lean,Source,HighamSourceOther,Chapter10,9,3,0,0,0,0.0,3,0,0,3,0,0,0,
NumStability.Source.Higham.Chapter10.Theorem08.ComponentwisePerturbation.Endpoints,NumStability/Source/Higham/Chapter10/Theorem08/ComponentwisePerturbation/Endpoints.lean,Source,HighamSourceOther,Chapter10,72,56,1,1,1,1.785714,21,2,0,20,0,0,0,
NumStability.Source.Higham.Chapter10.Theorem08.ComponentwisePerturbation.NormalizedResolvent.SourceBound,NumStability/Source/Higham/Chapter10/Theorem08/ComponentwisePerturbation/NormalizedResolvent/SourceBound.lean,Source,MatrixPowers,Chapter10,583,511,22,7,4,4.305284,13,8,0,10,0,18,0,
NumStability.Source.Higham.Chapter10.Theorem08.ComponentwisePerturbation.Resolvent,NumStability/Source/Higham/Chapter10/Theorem08/ComponentwisePerturbation/Resolvent.lean,Source,MatrixPowers,Chapter10,71,49,3,3,3,6.122449,15,2,1,14,3,1,3,0.333333
NumStability.Source.Higham.Chapter10.Theorem08.NormwiseDiscrepancy,NumStability/Source/Higham/Chapter10/Theorem08/NormwiseDiscrepancy.lean,Source,HighamSourceOther,Chapter10,9,3,0,0,0,0.0,3,0,0,3,0,0,0,
NumStability.Source.Higham.Chapter10.Theorem08.NormwiseDiscrepancy.Counterexample.Uniqueness,NumStability/Source/Higham/Chapter10/Theorem08/NormwiseDiscrepancy/Counterexample/Uniqueness.lean,Source,HighamSourceOther,Chapter10,106,73,1,1,1,1.369863,50,3,0,48,0,0,0,
NumStability.Source.Higham.Chapter10.Theorem08.NormwiseDiscrepancy.Endpoints,NumStability/Source/Higham/Chapter10/Theorem08/NormwiseDiscrepancy/Endpoints.lean,Source,HighamSourceOther,Chapter10,72,57,1,1,1,1.754386,22,3,0,20,0,0,0,
NumStability.Source.Higham.Chapter10.Theorem08.NormwiseDiscrepancy.LiteralSource,NumStability/Source/Higham/Chapter10/Theorem08/NormwiseDiscrepancy/LiteralSource.lean,Source,HighamSourceOther,Chapter10,429,353,45,40,31,12.747875,21,3,1,19,3,118,3,39.333333
NumStability.Source.Higham.Chapter10.Theorem14.CompletePivotedPSD,NumStability/Source/Higham/Chapter10/Theorem14/CompletePivotedPSD.lean,Source,LU,Chapter10,17,11,0,0,0,0.0,11,0,0,11,0,0,0,
NumStability.Source.Higham.Chapter10.Theorem14.CompletePivotedPSD.ActualComputation.ErrorBounds,NumStability/Source/Higham/Chapter10/Theorem14/CompletePivotedPSD/ActualComputation/ErrorBounds.lean,Source,LU,Chapter10,387,332,21,14,6,6.325301,52,11,0,42,0,6,0,
NumStability.Source.Higham.Chapter10.Theorem14.CompletePivotedPSD.ActualRun,NumStability/Source/Higham/Chapter10/Theorem14/CompletePivotedPSD/ActualRun.lean,Source,LU,Chapter10,432,354,77,62,39,21.751412,23,6,1,18,16,179,16,11.1875
NumStability.Source.Higham.Chapter10.Theorem14.CompletePivotedPSD.Endpoints,NumStability/Source/Higham/Chapter10/Theorem14/CompletePivotedPSD/Endpoints.lean,Source,LU,Chapter10,81,62,2,2,2,3.225806,23,5,0,18,0,0,0,
NumStability.Source.Higham.Chapter10.Theorem14.CompletePivotedPSD.Equation22,NumStability/Source/Higham/Chapter10/Theorem14/CompletePivotedPSD/Equation22.lean,Source,LU,Chapter10,975,887,37,34,23,4.171364,27,12,2,19,21,55,21,2.619048
NumStability.Source.Higham.Chapter10.Theorem14.CompletePivotedPSD.PsdErrorAnalysis,NumStability/Source/Higham/Chapter10/Theorem14/CompletePivotedPSD/PsdErrorAnalysis.lean,Source,LU,Chapter10,60,40,1,1,1,2.5,5,3,1,2,1,0,1,0.0
NumStability.Source.Higham.Chapter10.Theorem14.CompletePivotedPSD.RankSensitiveError.Bounds,NumStability/Source/Higham/Chapter10/Theorem14/CompletePivotedPSD/RankSensitiveError/Bounds.lean,Source,LU,Chapter10,826,745,22,5,5,2.95302,53,17,1,41,1,23,1,23.0
NumStability.Source.Higham.Chapter10.Theorem14.CompletePivotedPSD.RoundedErrorAnalysis.Bounds,NumStability/Source/Higham/Chapter10/Theorem14/CompletePivotedPSD/RoundedErrorAnalysis/Bounds.lean,Source,LU,Chapter10,489,427,6,4,4,1.405152,49,7,1,43,1,4,1,4.0
NumStability.Source.Higham.Chapter10.Theorem14.CompletePivotedPSD.SchurPerturbation.Family,NumStability/Source/Higham/Chapter10/Theorem14/CompletePivotedPSD/SchurPerturbation/Family.lean,Source,LU,Chapter10,921,854,11,6,6,1.288056,57,19,0,42,0,10,0,
NumStability.Source.Higham.Chapter10.Theorem14.CompletePivotedPSD.SourceError,NumStability/Source/Higham/Chapter10/Theorem14/CompletePivotedPSD/SourceError.lean,Source,LU,Chapter10,68,38,7,7,5,18.421053,3,2,3,2,6,7,6,1.166667
NumStability.Source.Higham.Chapter10.Theorem14.CompletePivotedPSD.SourceSuccess,NumStability/Source/Higham/Chapter10/Theorem14/CompletePivotedPSD/SourceSuccess.lean,Source,LU,Chapter10,59,35,2,1,1,5.714286,4,8,2,0,1,1,1,1.0
NumStability.Source.Higham.Chapter10.Theorem14.CompletePivotedPSD.SuccessfulRun.StageBounds,NumStability/Source/Higham/Chapter10/Theorem14/CompletePivotedPSD/SuccessfulRun/StageBounds.lean,Source,LU,Chapter10,539,481,22,4,4,4.573805,49,11,1,41,1,23,1,23.0
NumStability.Source.Higham.Chapter11,NumStability/Source/Higham/Chapter11.lean,Source,HighamSourceOther,Chapter11,74,68,0,0,0,0.0,68,0,0,68,0,0,0,
NumStability.Source.Higham.Chapter11.Aasen118Reduced,NumStability/Source/Higham/Chapter11/Aasen118Reduced.lean,Source,SymmetricIndefinite,Chapter11,269,187,7,1,1,3.743316,3,9,0,1,0,6,0,
NumStability.Source.Higham.Chapter11.AasenAdjacentPivotOperationalMiddle,NumStability/Source/Higham/Chapter11/AasenAdjacentPivotOperationalMiddle.lean,Source,SymmetricIndefinite,Chapter11,1241,978,94,74,51,9.611452,7,12,3,0,8,119,8,14.875
NumStability.Source.Higham.Chapter11.AasenAdjacentPivotResidualDomain,NumStability/Source/Higham/Chapter11/AasenAdjacentPivotResidualDomain.lean,Source,SymmetricIndefinite,Chapter11,168,118,45,28,10,38.135593,4,8,0,0,0,60,0,
NumStability.Source.Higham.Chapter11.AasenAdjacentPivotSourceResidual,NumStability/Source/Higham/Chapter11/AasenAdjacentPivotSourceResidual.lean,Source,SymmetricIndefinite,Chapter11,445,363,16,12,10,4.407713,7,11,1,1,2,24,2,12.0
NumStability.Source.Higham.Chapter11.AasenAdjacentPivotTridiagExecutor,NumStability/Source/Higham/Chapter11/AasenAdjacentPivotTridiagExecutor.lean,Source,SymmetricIndefinite,Chapter11,804,608,121,85,62,19.901316,3,5,5,0,43,283,43,6.581395
NumStability.Source.Higham.Chapter11.AasenAdjacentPivotTridiagForwardCounterexample,NumStability/Source/Higham/Chapter11/AasenAdjacentPivotTridiagForwardCounterexample.lean,Source,SymmetricIndefinite,Chapter11,274,208,80,57,38,38.461538,3,5,1,0,5,331,5,66.2
NumStability.Source.Higham.Chapter11.AasenDirect118,NumStability/Source/Higham/Chapter11/AasenDirect118.lean,Source,SymmetricIndefinite,Chapter11,447,296,10,4,4,3.378378,8,13,1,1,2,8,2,4.0
NumStability.Source.Higham.Chapter11.AasenDirectTridiagGEPPSolve,NumStability/Source/Higham/Chapter11/AasenDirectTridiagGEPPSolve.lean,Source,SymmetricIndefinite,Chapter11,487,406,28,10,10,6.896552,6,11,3,0,4,27,4,6.75
NumStability.Source.Higham.Chapter11.AasenFactorNorm,NumStability/Source/Higham/Chapter11/AasenFactorNorm.lean,Source,SymmetricIndefinite,Chapter11,183,99,19,5,5,19.191919,8,1,3,8,2,21,2,10.5
NumStability.Source.Higham.Chapter11.AasenGrowth,NumStability/Source/Higham/Chapter11/AasenGrowth.lean,Source,SymmetricIndefinite,Chapter11,396,317,25,6,6,7.886435,8,4,0,7,0,26,0,
NumStability.Source.Higham.Chapter11.AasenMiddleGEPPCh11Counterexample,NumStability/Source/Higham/Chapter11/AasenMiddleGEPPCh11Counterexample.lean,Source,SymmetricIndefinite,Chapter11,587,477,129,97,36,27.044025,4,10,0,0,0,268,0,
NumStability.Source.Higham.Chapter11.AasenOriginalCoordinateCorrection,NumStability/Source/Higham/Chapter11/AasenOriginalCoordinateCorrection.lean,Source,SymmetricIndefinite,Chapter11,210,165,12,12,7,7.272727,6,12,0,1,0,14,0,
NumStability.Source.Higham.Chapter11.AasenPermutationSourceCorrection,NumStability/Source/Higham/Chapter11/AasenPermutationSourceCorrection.lean,Source,SymmetricIndefinite,Chapter11,170,133,20,5,4,15.037594,8,1,0,7,0,29,0,
NumStability.Source.Higham.Chapter11.AasenPrintedCoefficientAlgebra,NumStability/Source/Higham/Chapter11/AasenPrintedCoefficientAlgebra.lean,Source,SymmetricIndefinite,Chapter11,193,153,14,4,4,9.150327,2,4,0,0,0,12,0,
NumStability.Source.Higham.Chapter11.AasenSourceSharpFactorResidual,NumStability/Source/Higham/Chapter11/AasenSourceSharpFactorResidual.lean,Source,SymmetricIndefinite,Chapter11,976,913,59,26,24,6.462212,2,5,0,0,0,74,0,
NumStability.Source.Higham.Chapter11.AasenTheorem118ScalarEdge,NumStability/Source/Higham/Chapter11/AasenTheorem118ScalarEdge.lean,Source,SymmetricIndefinite,Chapter11,200,149,25,19,10,16.778523,2,6,0,1,0,60,0,
NumStability.Source.Higham.Chapter11.AasenTridiagGEPP,NumStability/Source/Higham/Chapter11/AasenTridiagGEPP.lean,Source,SymmetricIndefinite,Chapter11,407,231,11,8,8,4.761905,4,12,1,1,2,11,2,5.5
NumStability.Source.Higham.Chapter11.AasenUnitOuterSolve,NumStability/Source/Higham/Chapter11/AasenUnitOuterSolve.lean,Source,SymmetricIndefinite,Chapter11,286,230,22,18,14,9.565217,2,5,0,1,0,51,0,
NumStability.Source.Higham.Chapter11.BlockLDLTAllOneByOnePrinted,NumStability/Source/Higham/Chapter11/BlockLDLTAllOneByOnePrinted.lean,Source,SymmetricIndefinite,Chapter11,485,378,58,34,22,15.343915,8,4,10,7,8,77,8,9.625
NumStability.Source.Higham.Chapter11.BlockLDLTBunchTridiagonal,NumStability/Source/Higham/Chapter11/BlockLDLTBunchTridiagonal.lean,Source,SymmetricIndefinite,Chapter11,386,212,36,16,15,16.981132,3,7,10,0,12,38,12,3.166667
NumStability.Source.Higham.Chapter11.BlockLDLTMixedPivot,NumStability/Source/Higham/Chapter11/BlockLDLTMixedPivot.lean,Source,SymmetricIndefinite,Chapter11,1151,915,135,121,83,14.754098,2,5,27,0,74,797,74,10.77027
NumStability.Source.Higham.Chapter11.BlockLDLTSolveBackward,NumStability/Source/Higham/Chapter11/BlockLDLTSolveBackward.lean,Source,SymmetricIndefinite,Chapter11,1139,850,71,53,40,8.352941,5,10,8,0,14,137,14,9.785714
NumStability.Source.Higham.Chapter11.Bunch.ActualSharpGrowthClosure,NumStability/Source/Higham/Chapter11/Bunch/ActualSharpGrowthClosure.lean,Source,HighamSourceOther,Chapter11,471,367,105,71,29,28.610354,4,9,1,0,9,275,9,30.555556
NumStability.Source.Higham.Chapter11.Bunch.ExactTrace,NumStability/Source/Higham/Chapter11/Bunch/ExactTrace.lean,Source,HighamSourceOther,Chapter11,461,375,92,76,34,24.533333,2,4,3,1,35,474,35,13.542857
NumStability.Source.Higham.Chapter11.Bunch.SharpGrowthBridge,NumStability/Source/Higham/Chapter11/Bunch/SharpGrowthBridge.lean,Source,HighamSourceOther,Chapter11,1600,1444,238,84,40,16.481994,2,4,2,0,20,678,20,33.9
NumStability.Source.Higham.Chapter11.Bunch.TraceHadamard,NumStability/Source/Higham/Chapter11/Bunch/TraceHadamard.lean,Source,TestMatrices,Chapter11,812,716,144,30,16,20.111732,5,11,0,0,0,331,0,
NumStability.Source.Higham.Chapter11.BunchKaufman.ActualSelector,NumStability/Source/Higham/Chapter11/BunchKaufman/ActualSelector.lean,Source,SymmetricIndefinite,Chapter11,381,283,53,39,25,18.727915,9,10,13,5,19,94,19,4.947368
NumStability.Source.Higham.Chapter11.BunchKaufman.Exact.Growth,NumStability/Source/Higham/Chapter11/BunchKaufman/Exact/Growth.lean,Source,SymmetricIndefinite,Chapter11,649,556,23,10,8,4.136691,12,17,0,0,0,20,0,
NumStability.Source.Higham.Chapter11.BunchKaufman.Exact.GrowthArithmetic,NumStability/Source/Higham/Chapter11/BunchKaufman/Exact/GrowthArithmetic.lean,Source,SymmetricIndefinite,Chapter11,108,69,7,5,5,10.144928,5,8,1,0,3,9,3,3.0
NumStability.Source.Higham.Chapter11.BunchKaufman.Exact.Trace,NumStability/Source/Higham/Chapter11/BunchKaufman/Exact/Trace.lean,Source,SymmetricIndefinite,Chapter11,621,505,147,118,39,29.108911,6,11,11,0,31,931,31,30.032258
NumStability.Source.Higham.Chapter11.BunchKaufman.ExplicitInverse.Solve,NumStability/Source/Higham/Chapter11/BunchKaufman/ExplicitInverse/Solve.lean,Source,SymmetricIndefinite,Chapter11,1223,1074,80,36,20,7.44879,13,21,1,0,2,76,2,38.0
NumStability.Source.Higham.Chapter11.BunchKaufman.ExplicitInverse.TerminalClosedForm,NumStability/Source/Higham/Chapter11/BunchKaufman/ExplicitInverse/TerminalClosedForm.lean,Source,SymmetricIndefinite,Chapter11,368,314,7,6,6,2.229299,8,12,0,0,0,7,0,
NumStability.Source.Higham.Chapter11.BunchKaufman.Rounded.Accumulated,NumStability/Source/Higham/Chapter11/BunchKaufman/Rounded/Accumulated.lean,Source,SymmetricIndefinite,Chapter11,584,353,60,59,52,16.997167,3,2,3,1,44,258,44,5.863636
NumStability.Source.Higham.Chapter11.BunchKaufman.Rounded.Bridge,NumStability/Source/Higham/Chapter11/BunchKaufman/Rounded/Bridge.lean,Source,SymmetricIndefinite,Chapter11,388,307,45,32,13,14.65798,4,8,2,0,4,86,4,21.5
NumStability.Source.Higham.Chapter11.BunchKaufman.Rounded.Closure,NumStability/Source/Higham/Chapter11/BunchKaufman/Rounded/Closure.lean,Source,SymmetricIndefinite,Chapter11,830,726,40,38,30,5.509642,7,12,3,0,14,69,14,4.928571
NumStability.Source.Higham.Chapter11.BunchKaufman.Rounded.Execution,NumStability/Source/Higham/Chapter11/BunchKaufman/Rounded/Execution.lean,Source,SymmetricIndefinite,Chapter11,542,442,150,121,36,33.936652,6,11,13,0,26,1079,26,41.5
NumStability.Source.Higham.Chapter11.BunchKaufman.Rounded.Factors,NumStability/Source/Higham/Chapter11/BunchKaufman/Rounded/Factors.lean,Source,SymmetricIndefinite,Chapter11,229,176,30,14,13,17.045455,6,8,10,1,7,64,7,9.142857
NumStability.Source.Higham.Chapter11.BunchKaufman.Rounded.Global,NumStability/Source/Higham/Chapter11/BunchKaufman/Rounded/Global.lean,Source,SymmetricIndefinite,Chapter11,2329,2164,168,136,92,7.763401,9,14,9,0,8,304,8,38.0
NumStability.Source.Higham.Chapter11.BunchKaufman.Rounded.Growth,NumStability/Source/Higham/Chapter11/BunchKaufman/Rounded/Growth.lean,Source,SymmetricIndefinite,Chapter11,1732,1619,93,41,33,5.744287,11,17,6,0,21,147,21,7.0
NumStability.Source.Higham.Chapter11.BunchKaufman.Rounded.GrowthSolve,NumStability/Source/Higham/Chapter11/BunchKaufman/Rounded/GrowthSolve.lean,Source,SymmetricIndefinite,Chapter11,188,150,4,4,4,2.666667,5,9,2,0,2,3,2,1.5
NumStability.Source.Higham.Chapter11.BunchKaufman.Rounded.MiddleSolve,NumStability/Source/Higham/Chapter11/BunchKaufman/Rounded/MiddleSolve.lean,Source,SymmetricIndefinite,Chapter11,276,231,26,12,3,11.255411,10,14,4,1,4,15,4,3.75
NumStability.Source.Higham.Chapter11.BunchKaufman.Rounded.Solve,NumStability/Source/Higham/Chapter11/BunchKaufman/Rounded/Solve.lean,Source,SymmetricIndefinite,Chapter11,477,408,46,25,12,11.27451,9,15,5,0,6,40,6,6.666667
NumStability.Source.Higham.Chapter11.BunchKaufman.Rounded.Terminal,NumStability/Source/Higham/Chapter11/BunchKaufman/Rounded/Terminal.lean,Source,SymmetricIndefinite,Chapter11,128,92,2,2,2,2.173913,7,11,1,0,2,0,2,0.0
NumStability.Source.Higham.Chapter11.BunchKaufman.Rounded.TerminalClosedForm,NumStability/Source/Higham/Chapter11/BunchKaufman/Rounded/TerminalClosedForm.lean,Source,SymmetricIndefinite,Chapter11,461,388,23,13,11,5.927835,10,16,2,0,4,25,4,6.25
NumStability.Source.Higham.Chapter11.BunchKaufman.SourceCorrection,NumStability/Source/Higham/Chapter11/BunchKaufman/SourceCorrection.lean,Source,SymmetricIndefinite,Chapter11,296,217,15,9,9,6.912442,8,2,0,7,0,22,0,
NumStability.Source.Higham.Chapter11.BunchKaufmanSolve,NumStability/Source/Higham/Chapter11/BunchKaufmanSolve.lean,Source,SymmetricIndefinite,Chapter11,241,139,5,3,3,3.597122,4,8,0,0,0,4,0,
NumStability.Source.Higham.Chapter11.BunchTridiagonalActualSolve,NumStability/Source/Higham/Chapter11/BunchTridiagonalActualSolve.lean,Source,HighamSourceOther,Chapter11,239,182,16,12,8,8.791209,5,12,2,0,3,24,3,8.0
NumStability.Source.Higham.Chapter11.BunchTridiagonalHFactor,NumStability/Source/Higham/Chapter11/BunchTridiagonalHFactor.lean,Source,HighamSourceOther,Chapter11,877,668,55,30,27,8.233533,7,13,3,0,4,80,4,20.0
NumStability.Source.Higham.Chapter11.Problems,NumStability/Source/Higham/Chapter11/Problems.lean,Source,HighamSourceOther,Chapter11,418,339,32,25,19,9.439528,4,5,0,0,0,12,0,
NumStability.Source.Higham.Chapter11.Rook.ExactTrace,NumStability/Source/Higham/Chapter11/Rook/ExactTrace.lean,Source,HighamSourceOther,Chapter11,981,908,112,96,48,12.334802,6,9,0,0,0,723,0,
NumStability.Source.Higham.Chapter11.Rook.ExecutorAdapter,NumStability/Source/Higham/Chapter11/Rook/ExecutorAdapter.lean,Source,HighamSourceOther,Chapter11,147,102,13,9,8,12.745098,5,7,1,0,1,16,1,16.0
NumStability.Source.Higham.Chapter11.Rook.RoundedGap,NumStability/Source/Higham/Chapter11/Rook/RoundedGap.lean,Source,HighamSourceOther,Chapter11,240,199,43,29,22,21.60804,4,8,0,1,0,107,0,
NumStability.Source.Higham.Chapter11.Rook.SourceClosure,NumStability/Source/Higham/Chapter11/Rook/SourceClosure.lean,Source,HighamSourceOther,Chapter11,605,522,27,24,18,5.172414,8,7,2,4,4,30,4,7.5
NumStability.Source.Higham.Chapter11.Section01.Basic,NumStability/Source/Higham/Chapter11/Section01/Basic.lean,Source,HighamSourceOther,Chapter11,94,58,6,6,6,10.344828,2,2,3,0,2,0,2,0.0
NumStability.Source.Higham.Chapter11.Section01.CompletePivoting,NumStability/Source/Higham/Chapter11/Section01/CompletePivoting.lean,Source,LU,Chapter11,467,344,29,29,28,8.430233,2,2,24,0,15,27,15,1.8
NumStability.Source.Higham.Chapter11.Section01.PartialPivoting,NumStability/Source/Higham/Chapter11/Section01/PartialPivoting.lean,Source,LU,Chapter11,35907,31968,1272,1184,1138,3.978979,4,7,32,0,27,6772,27,250.814815
NumStability.Source.Higham.Chapter11.Section01.RookPivoting,NumStability/Source/Higham/Chapter11/Section01/RookPivoting.lean,Source,SymmetricIndefinite,Chapter11,297,227,42,36,27,18.502203,2,3,7,0,18,98,18,5.444444
NumStability.Source.Higham.Chapter11.Section01.Tridiagonal,NumStability/Source/Higham/Chapter11/Section01/Tridiagonal.lean,Source,HighamSourceOther,Chapter11,57688,51482,1968,1867,1832,3.822695,6,9,3,0,1,21862,1,21862.0
NumStability.Source.Higham.Chapter11.Section02.Aasen,NumStability/Source/Higham/Chapter11/Section02/Aasen.lean,Source,SymmetricIndefinite,Chapter11,42177,37216,1542,1434,1424,4.143379,4,15,15,0,33,9435,33,285.909091
NumStability.Source.Higham.Chapter11.Section03.SkewSymmetric,NumStability/Source/Higham/Chapter11/Section03/SkewSymmetric.lean,Source,SymmetricIndefinite,Chapter11,187,128,14,13,13,10.9375,3,3,3,0,4,11,4,2.75
NumStability.Source.Higham.Chapter11.Skew.ActualSelector,NumStability/Source/Higham/Chapter11/Skew/ActualSelector.lean,Source,HighamSourceOther,Chapter11,212,145,35,27,18,24.137931,8,2,2,7,15,69,15,4.6
NumStability.Source.Higham.Chapter11.Skew.ExactTrace,NumStability/Source/Higham/Chapter11/Skew/ExactTrace.lean,Source,HighamSourceOther,Chapter11,669,545,150,97,39,27.522936,3,4,0,0,0,796,0,
NumStability.Source.Higham.Chapter11.Skew.SourceCorrection,NumStability/Source/Higham/Chapter11/Skew/SourceCorrection.lean,Source,HighamSourceOther,Chapter11,229,172,30,17,10,17.44186,2,3,1,0,3,41,3,13.666667
NumStability.Source.Higham.Chapter11.Theorem07,NumStability/Source/Higham/Chapter11/Theorem07.lean,Source,HighamSourceOther,Chapter11,12,4,0,0,0,0.0,4,0,0,4,0,0,0,
NumStability.Source.Higham.Chapter11.Theorem07.Core.Results,NumStability/Source/Higham/Chapter11/Theorem07/Core/Results.lean,Source,HighamSourceOther,Chapter11,609,466,19,11,10,4.077253,3,16,0,0,0,31,0,
NumStability.Source.Higham.Chapter11.Theorem07.TridiagonalTwoByTwoResidual,NumStability/Source/Higham/Chapter11/Theorem07/TridiagonalTwoByTwoResidual.lean,Source,HighamSourceOther,Chapter11,7,1,0,0,0,0.0,1,0,0,1,0,0,0,
NumStability.Source.Higham.Chapter11.Theorem07.TridiagonalTwoByTwoResidual.Basic,NumStability/Source/Higham/Chapter11/Theorem07/TridiagonalTwoByTwoResidual/Basic.lean,Source,HighamSourceOther,Chapter11,482,411,13,13,13,3.163017,5,4,1,1,13,10,13,0.769231
NumStability.Source.Higham.Chapter11.TwoByTwoSchurStep,NumStability/Source/Higham/Chapter11/TwoByTwoSchurStep.lean,Source,Spectral,Chapter11,437,305,14,9,8,4.590164,3,6,2,0,3,23,3,7.666667
NumStability.Source.Higham.Chapter12,NumStability/Source/Higham/Chapter12.lean,Source,HighamSourceOther,Chapter12,12,3,0,0,0,0.0,3,0,0,3,0,0,0,
NumStability.Source.Higham.Chapter12.IterativeRefinement.All,NumStability/Source/Higham/Chapter12/IterativeRefinement/All.lean,Source,HighamSourceOther,Chapter12,9,3,0,0,0,0.0,3,0,0,3,0,0,0,
NumStability.Source.Higham.Chapter12.IterativeRefinement.ForwardErrorBounds.Results,NumStability/Source/Higham/Chapter12/IterativeRefinement/ForwardErrorBounds/Results.lean,Source,Perturbation,Chapter12,1872,184,5,5,5,2.717391,8,2,1,6,5,1,5,0.2
NumStability.Source.Higham.Chapter12.IterativeRefinement.LegacyChapter11Surface,NumStability/Source/Higham/Chapter12/IterativeRefinement/LegacyChapter11Surface.lean,Source,HighamSourceOther,Chapter12,1862,486,29,21,21,5.967078,8,3,1,5,10,15,10,1.5
NumStability.Source.Higham.Chapter12.IterativeRefinement.Results.Theorems,NumStability/Source/Higham/Chapter12/IterativeRefinement/Results/Theorems.lean,Source,HighamSourceOther,Chapter12,743,551,36,28,28,6.533575,1,6,6,1,6,13,6,2.166667
NumStability.Source.Higham.Chapter12.OmegaDiscontinuity,NumStability/Source/Higham/Chapter12/OmegaDiscontinuity.lean,Source,HighamSourceOther,Chapter12,178,134,13,13,9,9.701493,1,0,0,1,0,23,0,
NumStability.Source.Higham.Chapter12.Problem02,NumStability/Source/Higham/Chapter12/Problem02.lean,Source,HighamSourceOther,Chapter12,272,215,13,6,5,6.046512,4,8,0,0,0,3,0,
NumStability.Source.Higham.Chapter13,NumStability/Source/Higham/Chapter13.lean,Source,HighamSourceOther,Chapter13,13,2,0,0,0,0.0,2,0,0,2,0,0,0,
NumStability.Source.Higham.Chapter13.Algorithm01,NumStability/Source/Higham/Chapter13/Algorithm01.lean,Source,HighamSourceOther,Chapter13,74,51,2,2,2,3.921569,0,0,1,0,1,0,1,0.0
NumStability.Source.Higham.Chapter13.Algorithm03,NumStability/Source/Higham/Chapter13/Algorithm03.lean,Source,HighamSourceOther,Chapter13,181,156,7,2,2,4.487179,4,4,4,0,1,3,1,3.0
NumStability.Source.Higham.Chapter13.Algorithm04,NumStability/Source/Higham/Chapter13/Algorithm04.lean,Source,HighamSourceOther,Chapter13,47,30,1,1,1,3.333333,1,1,0,0,0,0,0,
NumStability.Source.Higham.Chapter13.BlockLU,NumStability/Source/Higham/Chapter13/BlockLU.lean,Source,LU,Chapter13,92,82,0,0,0,0.0,82,0,0,82,0,0,0,
NumStability.Source.Higham.Chapter13.DemmelSharpMultiplier,NumStability/Source/Higham/Chapter13/DemmelSharpMultiplier.lean,Source,HighamSourceOther,Chapter13,744,665,53,16,14,7.969925,2,5,0,0,0,138,0,
NumStability.Source.Higham.Chapter13.Equation01,NumStability/Source/Higham/Chapter13/Equation01.lean,Source,HighamSourceOther,Chapter13,49,29,1,1,1,3.448276,0,0,0,0,0,0,0,
NumStability.Source.Higham.Chapter13.Equation02,NumStability/Source/Higham/Chapter13/Equation02.lean,Source,HighamSourceOther,Chapter13,45,29,1,1,1,3.448276,0,0,0,0,0,0,0,
NumStability.Source.Higham.Chapter13.Equation03,NumStability/Source/Higham/Chapter13/Equation03.lean,Source,HighamSourceOther,Chapter13,48,31,1,1,1,3.225806,0,0,0,0,0,0,0,
NumStability.Source.Higham.Chapter13.Equation18,NumStability/Source/Higham/Chapter13/Equation18.lean,Source,HighamSourceOther,Chapter13,204,160,6,4,4,3.75,2,2,4,0,2,2,2,1.0
NumStability.Source.Higham.Chapter13.Equation19,NumStability/Source/Higham/Chapter13/Equation19.lean,Source,HighamSourceOther,Chapter13,196,140,11,10,10,7.857143,6,6,1,0,1,10,1,10.0
NumStability.Source.Higham.Chapter13.Equation20,NumStability/Source/Higham/Chapter13/Equation20.lean,Source,HighamSourceOther,Chapter13,43,23,1,1,1,4.347826,0,0,1,0,1,0,1,0.0
NumStability.Source.Higham.Chapter13.Equation21,NumStability/Source/Higham/Chapter13/Equation21.lean,Source,HighamSourceOther,Chapter13,4499,3646,150,143,132,4.114098,9,9,6,0,27,315,27,11.666667
NumStability.Source.Higham.Chapter13.Equation22,NumStability/Source/Higham/Chapter13/Equation22.lean,Source,HighamSourceOther,Chapter13,342,262,21,20,11,8.015267,7,7,12,0,7,59,7,8.428571
NumStability.Source.Higham.Chapter13.Equation23,NumStability/Source/Higham/Chapter13/Equation23.lean,Source,HighamSourceOther,Chapter13,8,2,0,0,0,0.0,2,0,0,2,0,0,0,
NumStability.Source.Higham.Chapter13.Equation23.PointRowGrowth,NumStability/Source/Higham/Chapter13/Equation23/PointRowGrowth.lean,Source,HighamSourceOther,Chapter13,591,508,46,29,25,9.055118,2,7,1,0,5,62,5,12.4
NumStability.Source.Higham.Chapter13.Equation23.ProductBounds.PointRow,NumStability/Source/Higham/Chapter13/Equation23/ProductBounds/PointRow.lean,Source,HighamSourceOther,Chapter13,150,119,3,3,3,2.521008,5,5,9,0,2,2,2,1.0
NumStability.Source.Higham.Chapter13.Equation24,NumStability/Source/Higham/Chapter13/Equation24.lean,Source,HighamSourceOther,Chapter13,53,35,1,1,1,2.857143,0,0,1,0,1,0,1,0.0
NumStability.Source.Higham.Chapter13.Equation25,NumStability/Source/Higham/Chapter13/Equation25.lean,Source,HighamSourceOther,Chapter13,10,4,0,0,0,0.0,4,0,0,4,0,0,0,
NumStability.Source.Higham.Chapter13.Equation25.BackwardError.Bounds,NumStability/Source/Higham/Chapter13/Equation25/BackwardError/Bounds.lean,Source,Perturbation,Chapter13,97,67,2,2,2,2.985075,4,0,0,4,0,0,0,
NumStability.Source.Higham.Chapter13.Equation25.Factorization,NumStability/Source/Higham/Chapter13/Equation25/Factorization.lean,Source,HighamSourceOther,Chapter13,106,86,2,2,2,2.325581,2,8,0,1,0,1,0,
NumStability.Source.Higham.Chapter13.Equation25.Families,NumStability/Source/Higham/Chapter13/Equation25/Families.lean,Source,HighamSourceOther,Chapter13,271,237,4,4,4,1.687764,2,7,1,0,1,3,1,3.0
NumStability.Source.Higham.Chapter13.Equation25.PartitionedComputation.Implementation1,NumStability/Source/Higham/Chapter13/Equation25/PartitionedComputation/Implementation1.lean,Source,HighamSourceOther,Chapter13,197,180,1,1,1,0.555556,4,18,0,0,0,0,0,
NumStability.Source.Higham.Chapter13.Equation26,NumStability/Source/Higham/Chapter13/Equation26.lean,Source,HighamSourceOther,Chapter13,42,25,1,1,1,4.0,1,1,0,0,0,0,0,
NumStability.Source.Higham.Chapter13.Lemma09,NumStability/Source/Higham/Chapter13/Lemma09.lean,Source,HighamSourceOther,Chapter13,2598,2090,65,64,64,3.110048,6,6,1,0,1,79,1,79.0
NumStability.Source.Higham.Chapter13.Lemma10.ConditionNumber,NumStability/Source/Higham/Chapter13/Lemma10/ConditionNumber.lean,Source,Norms,Chapter13,238,203,3,3,3,1.477833,5,5,0,0,0,1,0,
NumStability.Source.Higham.Chapter13.Lemma10.SchurComplement,NumStability/Source/Higham/Chapter13/Lemma10/SchurComplement.lean,Source,Spectral,Chapter13,208,145,8,8,8,5.517241,2,2,4,0,3,7,3,2.333333
NumStability.Source.Higham.Chapter13.Problem01,NumStability/Source/Higham/Chapter13/Problem01.lean,Source,HighamSourceOther,Chapter13,91,55,9,2,2,16.363636,0,0,0,0,0,0,0,
NumStability.Source.Higham.Chapter13.Problem02,NumStability/Source/Higham/Chapter13/Problem02.lean,Source,HighamSourceOther,Chapter13,284,187,56,38,20,29.946524,2,2,0,0,0,117,0,
NumStability.Source.Higham.Chapter13.Problem03,NumStability/Source/Higham/Chapter13/Problem03.lean,Source,HighamSourceOther,Chapter13,108,72,8,8,7,11.111111,2,2,0,0,0,11,0,
NumStability.Source.Higham.Chapter13.Problem04.ActiveStageBounds,NumStability/Source/Higham/Chapter13/Problem04/ActiveStageBounds.lean,Source,HighamSourceOther,Chapter13,2870,2401,76,75,72,3.165348,13,13,24,0,35,82,35,2.342857
NumStability.Source.Higham.Chapter13.Problem04.ActiveStageProducts,NumStability/Source/Higham/Chapter13/Problem04/ActiveStageProducts.lean,Source,HighamSourceOther,Chapter13,2340,2125,30,30,30,1.411765,13,13,0,0,0,27,0,
NumStability.Source.Higham.Chapter13.Problem04.ActiveTailProducts,NumStability/Source/Higham/Chapter13/Problem04/ActiveTailProducts.lean,Source,HighamSourceOther,Chapter13,2500,2355,20,20,20,0.849257,10,10,0,0,0,14,0,
NumStability.Source.Higham.Chapter13.Problem04.BlockInverseBounds,NumStability/Source/Higham/Chapter13/Problem04/BlockInverseBounds.lean,Source,HighamSourceOther,Chapter13,1455,1241,27,25,25,2.175665,9,9,11,0,11,22,11,2.0
NumStability.Source.Higham.Chapter13.Problem04.ComparisonChains,NumStability/Source/Higham/Chapter13/Problem04/ComparisonChains.lean,Source,HighamSourceOther,Chapter13,1514,1305,45,45,36,3.448276,19,19,0,1,0,103,0,
NumStability.Source.Higham.Chapter13.Problem04.DeterminantChainProducts,NumStability/Source/Higham/Chapter13/Problem04/DeterminantChainProducts.lean,Source,HighamSourceOther,Chapter13,1770,1658,20,20,20,1.206273,13,13,0,1,0,10,0,
NumStability.Source.Higham.Chapter13.Problem04.FactorizationExistence,NumStability/Source/Higham/Chapter13/Problem04/FactorizationExistence.lean,Source,HighamSourceOther,Chapter13,889,803,32,16,14,3.985056,15,15,1,0,1,38,1,38.0
NumStability.Source.Higham.Chapter13.Problem04.FactorizationProducts.ComparisonUpdates,NumStability/Source/Higham/Chapter13/Problem04/FactorizationProducts/ComparisonUpdates.lean,Source,HighamSourceOther,Chapter13,3047,2844,31,31,31,1.090014,15,15,0,0,0,23,0,
NumStability.Source.Higham.Chapter13.Problem04.FactorizationProducts.DeterminantBounds,NumStability/Source/Higham/Chapter13/Problem04/FactorizationProducts/DeterminantBounds.lean,Source,HighamSourceOther,Chapter13,903,806,12,12,12,1.488834,11,11,0,0,0,8,0,
NumStability.Source.Higham.Chapter13.Problem04.FactorizationProducts.InverseBounds,NumStability/Source/Higham/Chapter13/Problem04/FactorizationProducts/InverseBounds.lean,Source,HighamSourceOther,Chapter13,3363,3104,46,46,46,1.481959,15,15,0,0,0,42,0,
NumStability.Source.Higham.Chapter13.Problem04.FactorizationProducts.LocalComparisons,NumStability/Source/Higham/Chapter13/Problem04/FactorizationProducts/LocalComparisons.lean,Source,HighamSourceOther,Chapter13,777,703,10,10,10,1.422475,10,10,1,0,4,6,4,1.5
NumStability.Source.Higham.Chapter13.Problem04.FactorizationProducts.LowerBlockBudgets,NumStability/Source/Higham/Chapter13/Problem04/FactorizationProducts/LowerBlockBudgets.lean,Source,HighamSourceOther,Chapter13,2202,2010,28,28,28,1.393035,14,14,3,0,4,24,4,6.0
NumStability.Source.Higham.Chapter13.Problem04.GlobalTableauChain,NumStability/Source/Higham/Chapter13/Problem04/GlobalTableauChain.lean,Source,HighamSourceOther,Chapter13,3532,3155,70,63,52,2.2187,19,19,6,1,13,155,13,11.923077
NumStability.Source.Higham.Chapter13.Problem04.GlobalTableauGrowth,NumStability/Source/Higham/Chapter13/Problem04/GlobalTableauGrowth.lean,Source,HighamSourceOther,Chapter13,2062,1950,18,18,18,0.923077,15,15,0,0,0,12,0,
NumStability.Source.Higham.Chapter13.Problem04.GlobalTableauProducts.ActiveSuffix,NumStability/Source/Higham/Chapter13/Problem04/GlobalTableauProducts/ActiveSuffix.lean,Source,HighamSourceOther,Chapter13,1237,1114,12,12,12,1.077199,11,11,3,0,7,10,7,1.428571
NumStability.Source.Higham.Chapter13.Problem04.GlobalTableauProducts.DiagonalUpdate,NumStability/Source/Higham/Chapter13/Problem04/GlobalTableauProducts/DiagonalUpdate.lean,Source,HighamSourceOther,Chapter13,3559,3359,30,30,30,0.893123,17,17,2,0,1,27,1,27.0
NumStability.Source.Higham.Chapter13.Problem04.GlobalTableauProducts.TailChain,NumStability/Source/Higham/Chapter13/Problem04/GlobalTableauProducts/TailChain.lean,Source,HighamSourceOther,Chapter13,554,489,6,6,6,1.226994,13,13,0,0,0,3,0,
NumStability.Source.Higham.Chapter13.Problem04.HistoryEnvelope,NumStability/Source/Higham/Chapter13/Problem04/HistoryEnvelope.lean,Source,HighamSourceOther,Chapter13,420,338,19,16,14,5.621302,11,11,1,0,5,30,5,6.0
NumStability.Source.Higham.Chapter13.Problem04.InfNormGrowth,NumStability/Source/Higham/Chapter13/Problem04/InfNormGrowth.lean,Source,HighamSourceOther,Chapter13,3579,2985,95,95,95,3.18258,14,14,3,0,1,97,1,97.0
NumStability.Source.Higham.Chapter13.Problem04.InverseRatioChain,NumStability/Source/Higham/Chapter13/Problem04/InverseRatioChain.lean,Source,HighamSourceOther,Chapter13,564,498,20,20,11,4.016064,14,14,1,1,6,62,6,10.333333
NumStability.Source.Higham.Chapter13.Problem04.LocalGrowth,NumStability/Source/Higham/Chapter13/Problem04/LocalGrowth.lean,Source,HighamSourceOther,Chapter13,3000,2619,70,56,47,2.672776,15,15,7,0,17,101,17,5.941176
NumStability.Source.Higham.Chapter13.Problem04.LocalNormBounds,NumStability/Source/Higham/Chapter13/Problem04/LocalNormBounds.lean,Source,HighamSourceOther,Chapter13,633,475,22,22,22,4.631579,2,2,2,0,2,19,2,9.5
NumStability.Source.Higham.Chapter13.Problem04.LowerComparisonChain,NumStability/Source/Higham/Chapter13/Problem04/LowerComparisonChain.lean,Source,HighamSourceOther,Chapter13,1077,915,31,31,22,3.387978,16,16,1,1,12,86,12,7.166667
NumStability.Source.Higham.Chapter13.Problem04.MatrixStageHistory,NumStability/Source/Higham/Chapter13/Problem04/MatrixStageHistory.lean,Source,HighamSourceOther,Chapter13,788,694,28,27,23,4.034582,11,11,25,0,13,62,13,4.769231
NumStability.Source.Higham.Chapter13.Problem04.MatrixStages,NumStability/Source/Higham/Chapter13/Problem04/MatrixStages.lean,Source,HighamSourceOther,Chapter13,2049,1747,66,63,61,3.777905,11,11,25,0,22,110,22,5.0
NumStability.Source.Higham.Chapter13.Problem04.OneStepProducts,NumStability/Source/Higham/Chapter13/Problem04/OneStepProducts.lean,Source,HighamSourceOther,Chapter13,2873,2652,36,35,35,1.357466,16,16,0,0,0,33,0,
NumStability.Source.Higham.Chapter13.Problem04.ProductBounds,NumStability/Source/Higham/Chapter13/Problem04/ProductBounds.lean,Source,HighamSourceOther,Chapter13,3864,3447,57,57,57,1.653612,15,15,4,1,7,52,7,7.428571
NumStability.Source.Higham.Chapter13.Problem04.RecursiveBudgetChains,NumStability/Source/Higham/Chapter13/Problem04/RecursiveBudgetChains.lean,Source,HighamSourceOther,Chapter13,2560,2346,31,30,29,1.321398,17,18,7,1,14,23,14,1.642857
NumStability.Source.Higham.Chapter13.Problem04.ScalarGrowthBridge,NumStability/Source/Higham/Chapter13/Problem04/ScalarGrowthBridge.lean,Source,HighamSourceOther,Chapter13,1362,1259,70,11,11,5.559968,3,16,0,0,0,155,0,
NumStability.Source.Higham.Chapter13.Problem04.StageHistory,NumStability/Source/Higham/Chapter13/Problem04/StageHistory.lean,Source,HighamSourceOther,Chapter13,1222,1006,43,42,39,4.274354,9,9,1,0,6,86,6,14.333333
NumStability.Source.Higham.Chapter13.Problem05,NumStability/Source/Higham/Chapter13/Problem05.lean,Source,HighamSourceOther,Chapter13,249,206,10,9,7,4.854369,1,1,0,0,0,15,0,
NumStability.Source.Higham.Chapter13.Problem06,NumStability/Source/Higham/Chapter13/Problem06.lean,Source,HighamSourceOther,Chapter13,322,213,28,14,12,13.14554,3,3,0,0,0,10,0,
NumStability.Source.Higham.Chapter13.Problem07,NumStability/Source/Higham/Chapter13/Problem07.lean,Source,HighamSourceOther,Chapter13,67,47,2,2,2,4.255319,0,0,0,0,0,0,0,
NumStability.Source.Higham.Chapter13.Problem08,NumStability/Source/Higham/Chapter13/Problem08.lean,Source,HighamSourceOther,Chapter13,47,32,1,1,1,3.125,0,0,1,0,1,0,1,0.0
NumStability.Source.Higham.Chapter13.Problem09,NumStability/Source/Higham/Chapter13/Problem09.lean,Source,HighamSourceOther,Chapter13,86,64,2,2,2,3.125,0,0,0,0,0,0,0,
NumStability.Source.Higham.Chapter13.Section01.NormConventions,NumStability/Source/Higham/Chapter13/Section01/NormConventions.lean,Source,HighamSourceOther,Chapter13,261,205,13,12,11,6.341463,3,3,5,0,7,9,7,1.285714
NumStability.Source.Higham.Chapter13.Section01.OperationModelFamilies,NumStability/Source/Higham/Chapter13/Section01/OperationModelFamilies.lean,Source,HighamSourceOther,Chapter13,56,40,3,3,3,7.5,1,3,0,0,0,0,0,
NumStability.Source.Higham.Chapter13.Section01.OperationModels,NumStability/Source/Higham/Chapter13/Section01/OperationModels.lean,Source,HighamSourceOther,Chapter13,349,283,38,29,17,13.427562,8,8,4,0,10,40,10,4.0
NumStability.Source.Higham.Chapter13.Section01.StandardFactorization,NumStability/Source/Higham/Chapter13/Section01/StandardFactorization.lean,Source,HighamSourceOther,Chapter13,101,69,4,4,3,5.797101,1,1,0,0,0,4,0,
NumStability.Source.Higham.Chapter13.Section03.ArbitraryNormDominance,NumStability/Source/Higham/Chapter13/Section03/ArbitraryNormDominance.lean,Source,HighamSourceOther,Chapter13,549,504,17,9,7,3.373016,2,8,0,0,0,16,0,
NumStability.Source.Higham.Chapter13.Section03.ColumnDominanceClosure,NumStability/Source/Higham/Chapter13/Section03/ColumnDominanceClosure.lean,Source,HighamSourceOther,Chapter13,360,308,11,7,6,3.571429,11,12,1,0,1,10,1,10.0
NumStability.Source.Higham.Chapter13.Section03.RowDominanceClosure,NumStability/Source/Higham/Chapter13/Section03/RowDominanceClosure.lean,Source,HighamSourceOther,Chapter13,481,448,17,11,10,3.794643,2,13,1,0,2,17,2,8.5
NumStability.Source.Higham.Chapter13.Section03.SPDFactorBounds,NumStability/Source/Higham/Chapter13/Section03/SPDFactorBounds.lean,Source,HighamSourceOther,Chapter13,417,390,8,4,3,2.051282,8,13,3,0,1,7,1,7.0
NumStability.Source.Higham.Chapter13.Section03.SchurStageAnalysis,NumStability/Source/Higham/Chapter13/Section03/SchurStageAnalysis.lean,Source,Spectral,Chapter13,2323,1843,123,88,78,6.673901,11,11,35,0,48,202,48,4.208333
NumStability.Source.Higham.Chapter13.Table01,NumStability/Source/Higham/Chapter13/Table01.lean,Source,HighamSourceOther,Chapter13,10,4,0,0,0,0.0,4,0,0,4,0,0,0,
NumStability.Source.Higham.Chapter13.Table01.BackwardErrorBounds.Endpoints,NumStability/Source/Higham/Chapter13/Table01/BackwardErrorBounds/Endpoints.lean,Source,Perturbation,Chapter13,328,250,8,8,8,3.2,7,16,1,1,1,6,1,6.0
NumStability.Source.Higham.Chapter13.Table01.DiagonalDominance.Bounds,NumStability/Source/Higham/Chapter13/Table01/DiagonalDominance/Bounds.lean,Source,HighamSourceOther,Chapter13,233,155,20,18,15,12.903226,1,1,1,0,2,27,2,13.5
NumStability.Source.Higham.Chapter13.Table01.Families,NumStability/Source/Higham/Chapter13/Table01/Families.lean,Source,HighamSourceOther,Chapter13,59,44,2,2,2,4.545455,2,2,1,0,1,1,1,1.0
NumStability.Source.Higham.Chapter13.Table01.ProductTransfers.Families,NumStability/Source/Higham/Chapter13/Table01/ProductTransfers/Families.lean,Source,HighamSourceOther,Chapter13,128,104,5,5,5,4.807692,4,4,0,0,0,0,0,
NumStability.Source.Higham.Chapter13.Theorem02.Factorization,NumStability/Source/Higham/Chapter13/Theorem02/Factorization.lean,Source,HighamSourceOther,Chapter13,784,682,26,18,16,3.812317,5,5,19,0,10,46,10,4.6
NumStability.Source.Higham.Chapter13.Theorem02.Uniqueness,NumStability/Source/Higham/Chapter13/Theorem02/Uniqueness.lean,Source,HighamSourceOther,Chapter13,847,738,44,13,13,5.96206,6,6,0,0,0,82,0,
NumStability.Source.Higham.Chapter13.Theorem02.VaryingBlocks,NumStability/Source/Higham/Chapter13/Theorem02/VaryingBlocks.lean,Source,HighamSourceOther,Chapter13,8,1,0,0,0,0.0,1,0,0,1,0,0,0,
NumStability.Source.Higham.Chapter13.Theorem05.ErrorAnalysis,NumStability/Source/Higham/Chapter13/Theorem05/ErrorAnalysis.lean,Source,HighamSourceOther,Chapter13,945,722,41,41,29,5.67867,3,3,4,0,4,60,4,15.0
NumStability.Source.Higham.Chapter13.Theorem05.FamilyErrorAnalysis,NumStability/Source/Higham/Chapter13/Theorem05/FamilyErrorAnalysis.lean,Source,HighamSourceOther,Chapter13,406,355,30,29,16,8.450704,3,5,3,1,7,66,7,9.428571
NumStability.Source.Higham.Chapter13.Theorem05.Recurrences,NumStability/Source/Higham/Chapter13/Theorem05/Recurrences.lean,Source,HighamSourceOther,Chapter13,262,198,27,19,11,13.636364,0,0,5,0,6,42,6,7.0
NumStability.Source.Higham.Chapter13.Theorem06.AssumptionModel,NumStability/Source/Higham/Chapter13/Theorem06/AssumptionModel.lean,Source,HighamSourceOther,Chapter13,1051,779,135,119,75,17.32991,4,4,2,0,46,245,46,5.326087
NumStability.Source.Higham.Chapter13.Theorem06.Computation,NumStability/Source/Higham/Chapter13/Theorem06/Computation.lean,Source,HighamSourceOther,Chapter13,1359,1261,31,19,14,2.458366,2,19,2,0,3,39,3,13.0
NumStability.Source.Higham.Chapter13.Theorem06.FactorAndSolve,NumStability/Source/Higham/Chapter13/Theorem06/FactorAndSolve.lean,Source,HighamSourceOther,Chapter13,4313,3743,115,67,63,3.072402,14,14,3,0,11,133,11,12.090909
NumStability.Source.Higham.Chapter13.Theorem07.OneStep,NumStability/Source/Higham/Chapter13/Theorem07/OneStep.lean,Source,HighamSourceOther,Chapter13,170,134,4,2,2,2.985075,1,1,3,0,2,1,2,0.5
NumStability.Source.Higham.Chapter13.Theorem07.PivotExistence,NumStability/Source/Higham/Chapter13/Theorem07/PivotExistence.lean,Source,LU,Chapter13,585,463,33,30,24,7.12743,6,6,15,0,9,43,9,4.777778
NumStability.Source.Higham.Chapter13.Theorem08.OneStep,NumStability/Source/Higham/Chapter13/Theorem08/OneStep.lean,Source,HighamSourceOther,Chapter13,76,56,2,1,1,3.571429,1,1,1,0,1,0,1,0.0
NumStability.Source.Higham.Chapter14,NumStability/Source/Higham/Chapter14.lean,Source,HighamSourceOther,Chapter14,32,24,0,0,0,0.0,24,0,0,24,0,0,0,
NumStability.Source.Higham.Chapter14.Algorithm04,NumStability/Source/Higham/Chapter14/Algorithm04.lean,Source,HighamSourceOther,Chapter14,11,5,0,0,0,0.0,5,0,0,5,0,0,0,
NumStability.Source.Higham.Chapter14.Algorithm04.Accumulation,NumStability/Source/Higham/Chapter14/Algorithm04/Accumulation.lean,Source,HighamSourceOther,Chapter14,8,2,0,0,0,0.0,2,0,0,2,0,0,0,
NumStability.Source.Higham.Chapter14.Algorithm04.Accumulation.GJESourceAccumulationBridge,NumStability/Source/Higham/Chapter14/Algorithm04/Accumulation/GJESourceAccumulationBridge.lean,Source,HighamSourceOther,Chapter14,337,293,5,3,3,1.706485,19,7,3,12,3,4,3,1.333333
NumStability.Source.Higham.Chapter14.Algorithm04.Accumulation.GaussJordanAccumulation,NumStability/Source/Higham/Chapter14/Algorithm04/Accumulation/GaussJordanAccumulation.lean,Source,Spectral,Chapter14,1524,1346,31,31,30,2.30312,17,6,19,11,18,81,18,4.5
NumStability.Source.Higham.Chapter14.Algorithm04.Execution,NumStability/Source/Higham/Chapter14/Algorithm04/Execution.lean,Source,HighamSourceOther,Chapter14,10,4,0,0,0,0.0,4,0,0,4,0,0,0,
NumStability.Source.Higham.Chapter14.Algorithm04.Execution.GJEActualDoolittleAdapter,NumStability/Source/Higham/Chapter14/Algorithm04/Execution/GJEActualDoolittleAdapter.lean,Source,HighamSourceOther,Chapter14,184,150,13,9,6,8.666667,34,11,0,23,0,23,0,
NumStability.Source.Higham.Chapter14.Algorithm04.Execution.GJEFinalDivisionClosure,NumStability/Source/Higham/Chapter14/Algorithm04/Execution/GJEFinalDivisionClosure.lean,Source,HighamSourceOther,Chapter14,2802,2609,159,127,93,6.094289,39,16,7,23,73,488,73,6.684932
NumStability.Source.Higham.Chapter14.Algorithm04.Execution.GJEOperationalBridge,NumStability/Source/Higham/Chapter14/Algorithm04/Execution/GJEOperationalBridge.lean,Source,HighamSourceOther,Chapter14,744,607,85,58,41,14.003295,34,12,4,22,12,169,12,14.083333
NumStability.Source.Higham.Chapter14.Algorithm04.Execution.GaussJordanSourceClosure,NumStability/Source/Higham/Chapter14/Algorithm04/Execution/GaussJordanSourceClosure.lean,Source,Spectral,Chapter14,1129,985,93,67,54,9.441624,20,8,5,12,18,184,18,10.222222
NumStability.Source.Higham.Chapter14.Algorithm04.FinalDivisionStage.FinalizedErrorFamilies,NumStability/Source/Higham/Chapter14/Algorithm04/FinalDivisionStage/FinalizedErrorFamilies.lean,Source,HighamSourceOther,Chapter14,765,704,19,19,14,2.698864,14,14,1,0,1,15,1,15.0
NumStability.Source.Higham.Chapter14.Algorithm04.Pivoting,NumStability/Source/Higham/Chapter14/Algorithm04/Pivoting.lean,Source,LU,Chapter14,7,1,0,0,0,0.0,1,0,0,1,0,0,0,
NumStability.Source.Higham.Chapter14.Algorithm04.Pivoting.GaussJordanPivoting,NumStability/Source/Higham/Chapter14/Algorithm04/Pivoting/GaussJordanPivoting.lean,Source,LU,Chapter14,508,340,87,68,47,25.588235,2,2,15,0,19,219,19,11.526316
NumStability.Source.Higham.Chapter14.Algorithm04.SecondStage,NumStability/Source/Higham/Chapter14/Algorithm04/SecondStage.lean,Source,HighamSourceOther,Chapter14,8,2,0,0,0,0.0,2,0,0,2,0,0,0,
NumStability.Source.Higham.Chapter14.Algorithm04.SecondStage.GaussJordanQConstruction,NumStability/Source/Higham/Chapter14/Algorithm04/SecondStage/GaussJordanQConstruction.lean,Source,Spectral,Chapter14,2405,2040,110,94,89,5.392157,18,8,23,11,59,209,59,3.542373
NumStability.Source.Higham.Chapter14.Algorithm04.SecondStage.GaussJordanStep,NumStability/Source/Higham/Chapter14/Algorithm04/SecondStage/GaussJordanStep.lean,Source,Spectral,Chapter14,331,237,20,18,14,8.438819,16,3,10,13,9,35,9,3.888889
NumStability.Source.Higham.Chapter14.Corollary06,NumStability/Source/Higham/Chapter14/Corollary06.lean,Source,HighamSourceOther,Chapter14,8,2,0,0,0,0.0,2,0,0,2,0,0,0,
NumStability.Source.Higham.Chapter14.Corollary06.FinalizedRunRegularity.UniformInverseRegularity,NumStability/Source/Higham/Chapter14/Corollary06/FinalizedRunRegularity/UniformInverseRegularity.lean,Source,HighamSourceOther,Chapter14,182,147,8,4,2,5.442177,14,14,0,1,0,5,0,
NumStability.Source.Higham.Chapter14.Corollary06.SPD,NumStability/Source/Higham/Chapter14/Corollary06/SPD.lean,Source,HighamSourceOther,Chapter14,11,5,0,0,0,0.0,5,0,0,5,0,0,0,
NumStability.Source.Higham.Chapter14.Corollary06.SPD.Closure,NumStability/Source/Higham/Chapter14/Corollary06/SPD/Closure.lean,Source,HighamSourceOther,Chapter14,2640,2388,174,166,130,7.286432,24,11,5,14,28,535,28,19.107143
NumStability.Source.Higham.Chapter14.Corollary06.SPD.Concrete,NumStability/Source/Higham/Chapter14/Corollary06/SPD/Concrete.lean,Source,HighamSourceOther,Chapter14,591,533,21,14,10,3.939962,23,12,5,12,4,14,4,3.5
NumStability.Source.Higham.Chapter14.Corollary06.SPD.GaussJordanSPDCorollary,NumStability/Source/Higham/Chapter14/Corollary06/SPD/GaussJordanSPDCorollary.lean,Source,Spectral,Chapter14,1733,1510,59,38,35,3.907285,20,13,6,12,11,57,11,5.181818
NumStability.Source.Higham.Chapter14.Corollary06.SPD.SourceClosure,NumStability/Source/Higham/Chapter14/Corollary06/SPD/SourceClosure.lean,Source,HighamSourceOther,Chapter14,943,885,59,55,38,6.666667,38,15,0,23,0,214,0,
NumStability.Source.Higham.Chapter14.Corollary06.SPD.UniformInverseBridge,NumStability/Source/Higham/Chapter14/Corollary06/SPD/UniformInverseBridge.lean,Source,HighamSourceOther,Chapter14,91,73,1,1,1,1.369863,31,2,1,29,1,0,1,0.0
NumStability.Source.Higham.Chapter14.Corollary07,NumStability/Source/Higham/Chapter14/Corollary07.lean,Source,HighamSourceOther,Chapter14,11,5,0,0,0,0.0,5,0,0,5,0,0,0,
NumStability.Source.Higham.Chapter14.Corollary07.DiagonalDominance,NumStability/Source/Higham/Chapter14/Corollary07/DiagonalDominance.lean,Source,HighamSourceOther,Chapter14,13,7,0,0,0,0.0,7,0,0,7,0,0,0,
NumStability.Source.Higham.Chapter14.Corollary07.DiagonalDominance.Basic,NumStability/Source/Higham/Chapter14/Corollary07/DiagonalDominance/Basic.lean,Source,HighamSourceOther,Chapter14,901,783,29,9,9,3.703704,11,9,3,9,5,14,5,2.8
NumStability.Source.Higham.Chapter14.Corollary07.DiagonalDominance.Closure,NumStability/Source/Higham/Chapter14/Corollary07/DiagonalDominance/Closure.lean,Source,HighamSourceOther,Chapter14,478,384,46,32,21,11.979167,19,12,7,10,7,61,7,8.714286
NumStability.Source.Higham.Chapter14.Corollary07.DiagonalDominance.Concrete,NumStability/Source/Higham/Chapter14/Corollary07/DiagonalDominance/Concrete.lean,Source,HighamSourceOther,Chapter14,1142,1058,27,20,18,2.551985,23,15,3,12,3,32,3,10.666667
NumStability.Source.Higham.Chapter14.Corollary07.DiagonalDominance.FinalDivisionFamilyClosure,NumStability/Source/Higham/Chapter14/Corollary07/DiagonalDominance/FinalDivisionFamilyClosure.lean,Source,HighamSourceOther,Chapter14,244,189,43,35,24,22.751323,35,9,2,27,25,99,25,3.96
NumStability.Source.Higham.Chapter14.Corollary07.DiagonalDominance.SourceClosure,NumStability/Source/Higham/Chapter14/Corollary07/DiagonalDominance/SourceClosure.lean,Source,HighamSourceOther,Chapter14,1390,1304,108,86,66,8.282209,37,20,1,19,39,437,39,11.205128
NumStability.Source.Higham.Chapter14.Corollary07.DiagonalDominance.SourceDomainConstructor,NumStability/Source/Higham/Chapter14/Corollary07/DiagonalDominance/SourceDomainConstructor.lean,Source,HighamSourceOther,Chapter14,144,116,3,3,3,2.586207,33,9,0,25,0,3,0,
NumStability.Source.Higham.Chapter14.Corollary07.DiagonalDominance.WeakFamily,NumStability/Source/Higham/Chapter14/Corollary07/DiagonalDominance/WeakFamily.lean,Source,HighamSourceOther,Chapter14,792,698,63,54,43,9.025788,31,6,6,26,32,167,32,5.21875
NumStability.Source.Higham.Chapter14.Corollary07.FinalizedRunFamilies.ResidualAndForwardEnvelopes,NumStability/Source/Higham/Chapter14/Corollary07/FinalizedRunFamilies/ResidualAndForwardEnvelopes.lean,Source,HighamSourceOther,Chapter14,785,716,37,30,20,5.167598,16,16,0,0,0,23,0,
NumStability.Source.Higham.Chapter14.Corollary07.PrintedTraceFamilies.ResidualAndForwardEndpoints,NumStability/Source/Higham/Chapter14/Corollary07/PrintedTraceFamilies/ResidualAndForwardEndpoints.lean,Source,HighamSourceOther,Chapter14,755,704,36,24,18,5.113636,16,15,2,1,2,23,2,11.5
NumStability.Source.Higham.Chapter14.Corollary07.RowDominantCertificates.CumulativeProductBounds,NumStability/Source/Higham/Chapter14/Corollary07/RowDominantCertificates/CumulativeProductBounds.lean,Source,HighamSourceOther,Chapter14,939,871,39,8,6,4.477612,10,9,0,1,0,8,0,
NumStability.Source.Higham.Chapter14.Corollary07.WeakDominanceFamilies.ResidualAndForwardBounds,NumStability/Source/Higham/Chapter14/Corollary07/WeakDominanceFamilies/ResidualAndForwardBounds.lean,Source,HighamSourceOther,Chapter14,511,462,23,16,11,4.978355,13,12,0,1,0,10,0,
NumStability.Source.Higham.Chapter14.Discrepancies,NumStability/Source/Higham/Chapter14/Discrepancies.lean,Source,HighamSourceOther,Chapter14,21,8,1,1,1,12.5,1,2,0,0,0,0,0,
NumStability.Source.Higham.Chapter14.Equation34,NumStability/Source/Higham/Chapter14/Equation34.lean,Source,HighamSourceOther,Chapter14,7,1,0,0,0,0.0,1,0,0,1,0,0,0,
NumStability.Source.Higham.Chapter14.Equation34.DeterminantFromLU,NumStability/Source/Higham/Chapter14/Equation34/DeterminantFromLU.lean,Source,HighamSourceOther,Chapter14,7,1,0,0,0,0.0,1,0,0,1,0,0,0,
NumStability.Source.Higham.Chapter14.Equation34.DeterminantFromLU.MatrixInversion,NumStability/Source/Higham/Chapter14/Equation34/DeterminantFromLU/MatrixInversion.lean,Source,HighamSourceOther,Chapter14,176,142,5,5,5,3.521127,15,1,0,14,0,4,0,
NumStability.Source.Higham.Chapter14.Equation35,NumStability/Source/Higham/Chapter14/Equation35.lean,Source,HighamSourceOther,Chapter14,7,1,0,0,0,0.0,1,0,0,1,0,0,0,
NumStability.Source.Higham.Chapter14.Equation35.HymanBlockFactorization,NumStability/Source/Higham/Chapter14/Equation35/HymanBlockFactorization.lean,Source,HighamSourceOther,Chapter14,7,1,0,0,0,0.0,1,0,0,1,0,0,0,
NumStability.Source.Higham.Chapter14.Equation35.HymanBlockFactorization.MatrixInversion,NumStability/Source/Higham/Chapter14/Equation35/HymanBlockFactorization/MatrixInversion.lean,Source,HighamSourceOther,Chapter14,125,90,12,11,7,13.333333,15,1,3,14,8,17,8,2.125
NumStability.Source.Higham.Chapter14.Equation36,NumStability/Source/Higham/Chapter14/Equation36.lean,Source,HighamSourceOther,Chapter14,7,1,0,0,0,0.0,1,0,0,1,0,0,0,
NumStability.Source.Higham.Chapter14.Equation36.HymanDeterminant,NumStability/Source/Higham/Chapter14/Equation36/HymanDeterminant.lean,Source,HighamSourceOther,Chapter14,7,1,0,0,0,0.0,1,0,0,1,0,0,0,
NumStability.Source.Higham.Chapter14.Equation36.HymanDeterminant.MatrixInversion,NumStability/Source/Higham/Chapter14/Equation36/HymanDeterminant/MatrixInversion.lean,Source,HighamSourceOther,Chapter14,108,85,2,2,2,2.352941,16,2,1,14,2,1,2,0.5
NumStability.Source.Higham.Chapter14.Problem02,NumStability/Source/Higham/Chapter14/Problem02.lean,Source,HighamSourceOther,Chapter14,10,4,0,0,0,0.0,4,0,0,4,0,0,0,
NumStability.Source.Higham.Chapter14.Problem02.TriangularInversion,NumStability/Source/Higham/Chapter14/Problem02/TriangularInversion.lean,Source,HighamSourceOther,Chapter14,9,3,0,0,0,0.0,3,0,0,3,0,0,0,
NumStability.Source.Higham.Chapter14.Problem02.TriangularInversion.Basic,NumStability/Source/Higham/Chapter14/Problem02/TriangularInversion/Basic.lean,Source,HighamSourceOther,Chapter14,408,340,57,55,28,16.764706,29,3,5,26,19,172,19,9.052632
NumStability.Source.Higham.Chapter14.Problem02.TriangularInversion.Families,NumStability/Source/Higham/Chapter14/Problem02/TriangularInversion/Families.lean,Source,HighamSourceOther,Chapter14,707,627,119,110,55,18.979266,32,3,1,29,22,505,22,22.954545
NumStability.Source.Higham.Chapter14.Problem02.TriangularInversion.Method2B,NumStability/Source/Higham/Chapter14/Problem02/TriangularInversion/Method2B.lean,Source,HighamSourceOther,Chapter14,482,424,24,23,15,5.660377,32,6,2,26,4,46,4,11.5
NumStability.Source.Higham.Chapter14.Problem02.TriangularInversion.TwoBlockFamilies.Derivations,NumStability/Source/Higham/Chapter14/Problem02/TriangularInversion/TwoBlockFamilies/Derivations.lean,Source,HighamSourceOther,Chapter14,226,200,5,5,5,2.5,6,4,0,2,0,2,0,
NumStability.Source.Higham.Chapter14.Problem02.TriangularInversion.TwoBlockFirstOrder.Derivations,NumStability/Source/Higham/Chapter14/Problem02/TriangularInversion/TwoBlockFirstOrder/Derivations.lean,Source,HighamSourceOther,Chapter14,216,180,13,6,6,7.222222,6,4,2,2,1,14,1,14.0
NumStability.Source.Higham.Chapter14.Problem02.TriangularInversion.TwoBlockMethod2B.FirstOrderBound,NumStability/Source/Higham/Chapter14/Problem02/TriangularInversion/TwoBlockMethod2B/FirstOrderBound.lean,Source,HighamSourceOther,Chapter14,88,69,1,1,1,1.449275,6,6,0,0,0,0,0,
NumStability.Source.Higham.Chapter14.Problem03,NumStability/Source/Higham/Chapter14/Problem03.lean,Source,HighamSourceOther,Chapter14,7,1,0,0,0,0.0,1,0,0,1,0,0,0,
NumStability.Source.Higham.Chapter14.Problem03.ResidualComparison,NumStability/Source/Higham/Chapter14/Problem03/ResidualComparison.lean,Source,HighamSourceOther,Chapter14,7,1,0,0,0,0.0,1,0,0,1,0,0,0,
NumStability.Source.Higham.Chapter14.Problem03.ResidualComparison.MatrixInversion,NumStability/Source/Higham/Chapter14/Problem03/ResidualComparison/MatrixInversion.lean,Source,HighamSourceOther,Chapter14,191,162,19,5,5,11.728395,16,3,0,14,0,4,0,
NumStability.Source.Higham.Chapter14.Problem04,NumStability/Source/Higham/Chapter14/Problem04.lean,Source,HighamSourceOther,Chapter14,7,1,0,0,0,0.0,1,0,0,1,0,0,0,
NumStability.Source.Higham.Chapter14.Problem04.ResidualCounterexample,NumStability/Source/Higham/Chapter14/Problem04/ResidualCounterexample.lean,Source,HighamSourceOther,Chapter14,7,1,0,0,0,0.0,1,0,0,1,0,0,0,
NumStability.Source.Higham.Chapter14.Problem04.ResidualCounterexample.MatrixInversion,NumStability/Source/Higham/Chapter14/Problem04/ResidualCounterexample/MatrixInversion.lean,Source,HighamSourceOther,Chapter14,227,180,13,12,10,7.222222,16,2,0,14,0,27,0,
NumStability.Source.Higham.Chapter14.Problem05,NumStability/Source/Higham/Chapter14/Problem05.lean,Source,HighamSourceOther,Chapter14,7,1,0,0,0,0.0,1,0,0,1,0,0,0,
NumStability.Source.Higham.Chapter14.Problem05.InverseBasedSolve,NumStability/Source/Higham/Chapter14/Problem05/InverseBasedSolve.lean,Source,HighamSourceOther,Chapter14,9,3,0,0,0,0.0,3,0,0,3,0,0,0,
NumStability.Source.Higham.Chapter14.Problem05.InverseBasedSolve.AsymptoticFamilies,NumStability/Source/Higham/Chapter14/Problem05/InverseBasedSolve/AsymptoticFamilies.lean,Source,HighamSourceOther,Chapter14,77,60,2,2,2,3.333333,17,4,1,13,2,0,2,0.0
NumStability.Source.Higham.Chapter14.Problem05.InverseBasedSolve.ForwardErrorEndpoint,NumStability/Source/Higham/Chapter14/Problem05/InverseBasedSolve/ForwardErrorEndpoint.lean,Source,HighamSourceOther,Chapter14,113,87,4,4,4,4.597701,16,3,1,13,2,2,2,1.0
NumStability.Source.Higham.Chapter14.Problem05.InverseBasedSolve.MatrixInversion,NumStability/Source/Higham/Chapter14/Problem05/InverseBasedSolve/MatrixInversion.lean,Source,HighamSourceOther,Chapter14,976,906,15,11,11,1.655629,18,7,1,11,2,8,2,4.0
NumStability.Source.Higham.Chapter14.Problem07,NumStability/Source/Higham/Chapter14/Problem07.lean,Source,HighamSourceOther,Chapter14,7,1,0,0,0,0.0,1,0,0,1,0,0,0,
NumStability.Source.Higham.Chapter14.Problem07.OnesVector,NumStability/Source/Higham/Chapter14/Problem07/OnesVector.lean,Source,HighamSourceOther,Chapter14,7,1,0,0,0,0.0,1,0,0,1,0,0,0,
NumStability.Source.Higham.Chapter14.Problem07.OnesVector.MatrixInversion,NumStability/Source/Higham/Chapter14/Problem07/OnesVector/MatrixInversion.lean,Source,HighamSourceOther,Chapter14,85,64,4,2,2,6.25,15,1,0,14,0,0,0,
NumStability.Source.Higham.Chapter14.Problem08,NumStability/Source/Higham/Chapter14/Problem08.lean,Source,HighamSourceOther,Chapter14,7,1,0,0,0,0.0,1,0,0,1,0,0,0,
NumStability.Source.Higham.Chapter14.Problem08.ComplexInverseRealBlock,NumStability/Source/Higham/Chapter14/Problem08/ComplexInverseRealBlock.lean,Source,HighamSourceOther,Chapter14,7,1,0,0,0,0.0,1,0,0,1,0,0,0,
NumStability.Source.Higham.Chapter14.Problem08.ComplexInverseRealBlock.MatrixInversion,NumStability/Source/Higham/Chapter14/Problem08/ComplexInverseRealBlock/MatrixInversion.lean,Source,HighamSourceOther,Chapter14,268,208,20,19,16,9.615385,15,3,0,14,0,52,0,
NumStability.Source.Higham.Chapter14.Problem10,NumStability/Source/Higham/Chapter14/Problem10.lean,Source,HighamSourceOther,Chapter14,7,1,0,0,0,0.0,1,0,0,1,0,0,0,
NumStability.Source.Higham.Chapter14.Problem10.EntryPerturbation,NumStability/Source/Higham/Chapter14/Problem10/EntryPerturbation.lean,Source,HighamSourceOther,Chapter14,7,1,0,0,0,0.0,1,0,0,1,0,0,0,
NumStability.Source.Higham.Chapter14.Problem10.EntryPerturbation.MatrixInversion,NumStability/Source/Higham/Chapter14/Problem10/EntryPerturbation/MatrixInversion.lean,Source,HighamSourceOther,Chapter14,88,60,4,4,4,6.666667,15,0,0,15,0,6,0,
NumStability.Source.Higham.Chapter14.Problem11,NumStability/Source/Higham/Chapter14/Problem11.lean,Source,HighamSourceOther,Chapter14,7,1,0,0,0,0.0,1,0,0,1,0,0,0,
NumStability.Source.Higham.Chapter14.Problem11.HadamardCondition,NumStability/Source/Higham/Chapter14/Problem11/HadamardCondition.lean,Source,Norms,Chapter14,7,1,0,0,0,0.0,1,0,0,1,0,0,0,
NumStability.Source.Higham.Chapter14.Problem11.HadamardCondition.MatrixInversion,NumStability/Source/Higham/Chapter14/Problem11/HadamardCondition/MatrixInversion.lean,Source,Norms,Chapter14,565,453,32,32,28,7.064018,15,2,5,13,5,66,5,13.2
NumStability.Source.Higham.Chapter14.Problem12,NumStability/Source/Higham/Chapter14/Problem12.lean,Source,HighamSourceOther,Chapter14,8,2,0,0,0,0.0,2,0,0,2,0,0,0,
NumStability.Source.Higham.Chapter14.Problem12.ConditionNumberExamples.StressAndPeiMatrices,NumStability/Source/Higham/Chapter14/Problem12/ConditionNumberExamples/StressAndPeiMatrices.lean,Source,Norms,Chapter14,258,217,19,4,4,8.75576,21,4,0,17,0,17,0,
NumStability.Source.Higham.Chapter14.Problem12.HadamardExamples,NumStability/Source/Higham/Chapter14/Problem12/HadamardExamples.lean,Source,TestMatrices,Chapter14,7,1,0,0,0,0.0,1,0,0,1,0,0,0,
NumStability.Source.Higham.Chapter14.Problem12.HadamardExamples.MatrixInversion,NumStability/Source/Higham/Chapter14/Problem12/HadamardExamples/MatrixInversion.lean,Source,TestMatrices,Chapter14,205,155,11,11,10,7.096774,16,2,1,14,2,14,2,7.0
NumStability.Source.Higham.Chapter14.Problem13,NumStability/Source/Higham/Chapter14/Problem13.lean,Source,HighamSourceOther,Chapter14,11,2,0,0,0,0.0,2,0,0,2,0,0,0,
NumStability.Source.Higham.Chapter14.Problem13.ConditionNumberBounds.UnitRowAndScalarCase,NumStability/Source/Higham/Chapter14/Problem13/ConditionNumberBounds/UnitRowAndScalarCase.lean,Source,Norms,Chapter14,134,95,5,5,5,5.263158,5,5,0,0,0,4,0,
NumStability.Source.Higham.Chapter14.Problem13.GEJBound.MatrixInversion,NumStability/Source/Higham/Chapter14/Problem13/GEJBound/MatrixInversion.lean,Source,HighamSourceOther,Chapter14,742,614,53,30,29,8.631922,16,7,4,13,10,46,10,4.6
NumStability.Source.Higham.Chapter14.Problem14,NumStability/Source/Higham/Chapter14/Problem14.lean,Source,HighamSourceOther,Chapter14,23,14,0,0,0,0.0,7,0,0,7,0,0,0,
NumStability.Source.Higham.Chapter14.Problem14.FloatingPointDeterminant.HymanBackwardError,NumStability/Source/Higham/Chapter14/Problem14/FloatingPointDeterminant/HymanBackwardError.lean,Source,FloatingPoint,Chapter14,635,509,39,16,11,7.662083,7,7,0,0,0,52,0,
NumStability.Source.Higham.Chapter14.Problem14.HymanDeterminant.MatrixInversion,NumStability/Source/Higham/Chapter14/Problem14/HymanDeterminant/MatrixInversion.lean,Source,HighamSourceOther,Chapter14,412,341,26,19,15,7.624633,17,3,1,14,4,28,4,7.0
NumStability.Source.Higham.Chapter14.Problem15,NumStability/Source/Higham/Chapter14/Problem15.lean,Source,HighamSourceOther,Chapter14,15,6,0,0,0,0.0,6,0,0,6,0,0,0,
NumStability.Source.Higham.Chapter14.Problem15.DeterminantPerturbation.MatrixInversion,NumStability/Source/Higham/Chapter14/Problem15/DeterminantPerturbation/MatrixInversion.lean,Source,HighamSourceOther,Chapter14,711,578,37,23,23,6.401384,16,7,2,12,6,21,6,3.5
NumStability.Source.Higham.Chapter14.Problem15.SingularValueGuards.DeterminantSignAndRelativeBounds,NumStability/Source/Higham/Chapter14/Problem15/SingularValueGuards/DeterminantSignAndRelativeBounds.lean,Source,Spectral,Chapter14,303,240,10,7,7,4.166667,8,7,1,1,1,8,1,8.0
NumStability.Source.Higham.Chapter14.Section01,NumStability/Source/Higham/Chapter14/Section01.lean,Source,HighamSourceOther,Chapter14,10,4,0,0,0,0.0,4,0,0,4,0,0,0,
NumStability.Source.Higham.Chapter14.Section01.InverseErrorAnalysis,NumStability/Source/Higham/Chapter14/Section01/InverseErrorAnalysis.lean,Source,HighamSourceOther,Chapter14,9,3,0,0,0,0.0,3,0,0,3,0,0,0,
NumStability.Source.Higham.Chapter14.Section01.InverseErrorAnalysis.AsymptoticFamilies,NumStability/Source/Higham/Chapter14/Section01/InverseErrorAnalysis/AsymptoticFamilies.lean,Source,HighamSourceOther,Chapter14,190,150,92,80,34,61.333333,18,7,3,11,21,202,21,9.619048
NumStability.Source.Higham.Chapter14.Section01.InverseErrorAnalysis.ComposedCoefficientFamilies.RemainderAsymptotics,NumStability/Source/Higham/Chapter14/Section01/InverseErrorAnalysis/ComposedCoefficientFamilies/RemainderAsymptotics.lean,Source,HighamSourceOther,Chapter14,366,334,18,16,8,5.389222,11,11,0,0,0,12,0,
NumStability.Source.Higham.Chapter14.Section01.InverseErrorAnalysis.ForwardErrorEndpoint,NumStability/Source/Higham/Chapter14/Section01/InverseErrorAnalysis/ForwardErrorEndpoint.lean,Source,HighamSourceOther,Chapter14,421,314,32,32,25,10.191083,17,5,8,12,19,26,19,1.368421
NumStability.Source.Higham.Chapter14.Section01.InverseErrorAnalysis.MatrixInversion,NumStability/Source/Higham/Chapter14/Section01/InverseErrorAnalysis/MatrixInversion.lean,Source,HighamSourceOther,Chapter14,192,143,7,7,7,4.895105,16,2,5,14,5,3,5,0.6
NumStability.Source.Higham.Chapter14.Section01.InverseErrorAnalysis.ScaledPerturbationEndpoints.ForwardError,NumStability/Source/Higham/Chapter14/Section01/InverseErrorAnalysis/ScaledPerturbationEndpoints/ForwardError.lean,Source,Perturbation,Chapter14,493,440,15,10,7,3.409091,12,11,1,1,3,9,3,3.0
NumStability.Source.Higham.Chapter14.Section01.ProductErrorNotation,NumStability/Source/Higham/Chapter14/Section01/ProductErrorNotation.lean,Source,HighamSourceOther,Chapter14,7,1,0,0,0,0.0,1,0,0,1,0,0,0,
NumStability.Source.Higham.Chapter14.Section01.ProductErrorNotation.ProductErrorNotation,NumStability/Source/Higham/Chapter14/Section01/ProductErrorNotation/ProductErrorNotation.lean,Source,HighamSourceOther,Chapter14,156,116,7,7,7,6.034483,17,4,0,13,0,6,0,
NumStability.Source.Higham.Chapter14.Section02,NumStability/Source/Higham/Chapter14/Section02.lean,Source,HighamSourceOther,Chapter14,10,4,0,0,0,0.0,4,0,0,4,0,0,0,
NumStability.Source.Higham.Chapter14.Section02.TriangularInversion,NumStability/Source/Higham/Chapter14/Section02/TriangularInversion.lean,Source,HighamSourceOther,Chapter14,11,5,0,0,0,0.0,5,0,0,5,0,0,0,
NumStability.Source.Higham.Chapter14.Section02.TriangularInversion.Method1,NumStability/Source/Higham/Chapter14/Section02/TriangularInversion/Method1.lean,Source,HighamSourceOther,Chapter14,8,2,0,0,0,0.0,2,0,0,2,0,0,0,
NumStability.Source.Higham.Chapter14.Section02.TriangularInversion.Method1.AsymptoticFamilies,NumStability/Source/Higham/Chapter14/Section02/TriangularInversion/Method1/AsymptoticFamilies.lean,Source,HighamSourceOther,Chapter14,148,120,6,6,6,5.0,17,6,1,12,5,4,5,0.8
NumStability.Source.Higham.Chapter14.Section02.TriangularInversion.Method1.ForwardErrorEndpoint,NumStability/Source/Higham/Chapter14/Section02/TriangularInversion/Method1/ForwardErrorEndpoint.lean,Source,HighamSourceOther,Chapter14,99,73,3,3,3,4.109589,18,7,1,11,2,1,2,0.5
NumStability.Source.Higham.Chapter14.Section02.TriangularInversion.Method1B,NumStability/Source/Higham/Chapter14/Section02/TriangularInversion/Method1B.lean,Source,HighamSourceOther,Chapter14,8,2,0,0,0,0.0,2,0,0,2,0,0,0,
NumStability.Source.Higham.Chapter14.Section02.TriangularInversion.Method1B.BlockResidual.WholeMatrixBounds,NumStability/Source/Higham/Chapter14/Section02/TriangularInversion/Method1B/BlockResidual/WholeMatrixBounds.lean,Source,HighamSourceOther,Chapter14,372,278,17,4,4,6.115108,6,6,0,0,0,16,0,
NumStability.Source.Higham.Chapter14.Section02.TriangularInversion.Method1B.BlockTriInverse,NumStability/Source/Higham/Chapter14/Section02/TriangularInversion/Method1B/BlockTriInverse.lean,Source,HighamSourceOther,Chapter14,464,381,38,27,19,9.973753,18,7,6,11,4,84,4,21.0
NumStability.Source.Higham.Chapter14.Section02.TriangularInversion.Method1B.Method1BWhole,NumStability/Source/Higham/Chapter14/Section02/TriangularInversion/Method1B/Method1BWhole.lean,Source,HighamSourceOther,Chapter14,319,224,17,14,11,7.589286,17,5,1,12,9,24,9,2.666667
NumStability.Source.Higham.Chapter14.Section02.TriangularInversion.Method2,NumStability/Source/Higham/Chapter14/Section02/TriangularInversion/Method2.lean,Source,HighamSourceOther,Chapter14,7,1,0,0,0,0.0,1,0,0,1,0,0,0,
NumStability.Source.Higham.Chapter14.Section02.TriangularInversion.Method2.Method2Loop,NumStability/Source/Higham/Chapter14/Section02/TriangularInversion/Method2/Method2Loop.lean,Source,HighamSourceOther,Chapter14,211,128,20,12,9,15.625,27,5,6,22,5,40,5,8.0
NumStability.Source.Higham.Chapter14.Section02.TriangularInversion.Method2B,NumStability/Source/Higham/Chapter14/Section02/TriangularInversion/Method2B.lean,Source,HighamSourceOther,Chapter14,8,2,0,0,0,0.0,2,0,0,2,0,0,0,
NumStability.Source.Higham.Chapter14.Section02.TriangularInversion.Method2B.MatrixInversion,NumStability/Source/Higham/Chapter14/Section02/TriangularInversion/Method2B/MatrixInversion.lean,Source,HighamSourceOther,Chapter14,283,217,16,15,10,7.373272,16,2,1,14,5,23,5,4.6
NumStability.Source.Higham.Chapter14.Section02.TriangularInversion.Method2B.MatrixInversionMethod2BInstance,NumStability/Source/Higham/Chapter14/Section02/TriangularInversion/Method2B/MatrixInversionMethod2BInstance.lean,Source,HighamSourceOther,Chapter14,780,604,69,59,46,11.423841,33,12,0,21,0,201,0,
NumStability.Source.Higham.Chapter14.Section02.TriangularInversion.Method2C,NumStability/Source/Higham/Chapter14/Section02/TriangularInversion/Method2C.lean,Source,HighamSourceOther,Chapter14,8,2,0,0,0,0.0,2,0,0,2,0,0,0,
NumStability.Source.Higham.Chapter14.Section02.TriangularInversion.Method2C.BlockResidual.LeftResidualBounds,NumStability/Source/Higham/Chapter14/Section02/TriangularInversion/Method2C/BlockResidual/LeftResidualBounds.lean,Source,HighamSourceOther,Chapter14,203,167,12,1,1,7.185629,5,4,1,1,1,11,1,11.0
NumStability.Source.Higham.Chapter14.Section02.TriangularInversion.Method2C.Method2C,NumStability/Source/Higham/Chapter14/Section02/TriangularInversion/Method2C/Method2C.lean,Source,HighamSourceOther,Chapter14,317,239,17,11,10,7.112971,17,5,2,12,8,22,8,2.75
NumStability.Source.Higham.Chapter14.Section02.TriangularInversion.Method2C.Method2CWhole,NumStability/Source/Higham/Chapter14/Section02/TriangularInversion/Method2C/Method2CWhole.lean,Source,HighamSourceOther,Chapter14,133,81,12,9,8,14.814815,29,5,1,24,7,7,7,1.0
NumStability.Source.Higham.Chapter14.Section02.TriangularInversion.Method2C.WholeMatrixResidual.LeftResidualBounds,NumStability/Source/Higham/Chapter14/Section02/TriangularInversion/Method2C/WholeMatrixResidual/LeftResidualBounds.lean,Source,HighamSourceOther,Chapter14,178,101,11,3,3,10.891089,8,8,0,0,0,10,0,
NumStability.Source.Higham.Chapter14.Section03,NumStability/Source/Higham/Chapter14/Section03.lean,Source,HighamSourceOther,Chapter14,8,2,0,0,0,0.0,2,0,0,2,0,0,0,
NumStability.Source.Higham.Chapter14.Section03.LUFactorInversion,NumStability/Source/Higham/Chapter14/Section03/LUFactorInversion.lean,Source,LU,Chapter14,9,3,0,0,0,0.0,3,0,0,3,0,0,0,
NumStability.Source.Higham.Chapter14.Section03.LUFactorInversion.MethodB,NumStability/Source/Higham/Chapter14/Section03/LUFactorInversion/MethodB.lean,Source,LU,Chapter14,7,1,0,0,0,0.0,1,0,0,1,0,0,0,
NumStability.Source.Higham.Chapter14.Section03.LUFactorInversion.MethodB.MethodsBC,NumStability/Source/Higham/Chapter14/Section03/LUFactorInversion/MethodB/MethodsBC.lean,Source,LU,Chapter14,413,360,11,8,7,3.055556,29,7,0,22,0,15,0,
NumStability.Source.Higham.Chapter14.Section03.LUFactorInversion.MethodC,NumStability/Source/Higham/Chapter14/Section03/LUFactorInversion/MethodC.lean,Source,LU,Chapter14,7,1,0,0,0,0.0,1,0,0,1,0,0,0,
NumStability.Source.Higham.Chapter14.Section03.LUFactorInversion.MethodC.MethodsBC,NumStability/Source/Higham/Chapter14/Section03/LUFactorInversion/MethodC/MethodsBC.lean,Source,LU,Chapter14,1391,1214,110,68,48,9.060956,28,4,0,24,0,253,0,
NumStability.Source.Higham.Chapter14.Section03.LUFactorInversion.MethodD,NumStability/Source/Higham/Chapter14/Section03/LUFactorInversion/MethodD.lean,Source,LU,Chapter14,10,4,0,0,0,0.0,4,0,0,4,0,0,0,
NumStability.Source.Higham.Chapter14.Section03.LUFactorInversion.MethodD.MatrixInversion,NumStability/Source/Higham/Chapter14/Section03/LUFactorInversion/MethodD/MatrixInversion.lean,Source,LU,Chapter14,977,862,32,26,22,3.712297,17,6,2,11,10,50,10,5.0
NumStability.Source.Higham.Chapter14.Section03.LUFactorInversion.MethodD.MethodDLeftResidual,NumStability/Source/Higham/Chapter14/Section03/LUFactorInversion/MethodD/MethodDLeftResidual.lean,Source,LU,Chapter14,397,318,8,5,5,2.515723,29,7,1,22,2,6,2,3.0
NumStability.Source.Higham.Chapter14.Section03.LUFactorInversion.MethodD.MethodDProductDischarge,NumStability/Source/Higham/Chapter14/Section03/LUFactorInversion/MethodD/MethodDProductDischarge.lean,Source,LU,Chapter14,236,158,8,5,5,5.063291,29,11,0,20,0,7,0,
NumStability.Source.Higham.Chapter14.Section03.LUFactorInversion.MethodD.MethodDUpperCertificate,NumStability/Source/Higham/Chapter14/Section03/LUFactorInversion/MethodD/MethodDUpperCertificate.lean,Source,LU,Chapter14,287,196,12,10,9,6.122449,30,8,2,22,4,14,4,3.5
NumStability.Source.Higham.Chapter14.Section03.ResidualOperatorTwoNorm,NumStability/Source/Higham/Chapter14/Section03/ResidualOperatorTwoNorm.lean,Source,Norms,Chapter14,7,1,0,0,0,0.0,1,0,0,1,0,0,0,
NumStability.Source.Higham.Chapter14.Section03.ResidualOperatorTwoNorm.Bridge,NumStability/Source/Higham/Chapter14/Section03/ResidualOperatorTwoNorm/Bridge.lean,Source,Norms,Chapter14,67,47,1,1,1,2.12766,22,4,0,20,0,0,0,
NumStability.Source.Higham.Chapter14.Section05,NumStability/Source/Higham/Chapter14/Section05.lean,Source,HighamSourceOther,Chapter14,10,3,0,0,0,0.0,3,0,0,3,0,0,0,
NumStability.Source.Higham.Chapter14.Section05.RectangularIteration,NumStability/Source/Higham/Chapter14/Section05/RectangularIteration.lean,Source,HighamSourceOther,Chapter14,612,492,66,43,30,13.414634,8,2,1,6,7,139,7,19.857143
NumStability.Source.Higham.Chapter14.Section05.SpectralConvergence,NumStability/Source/Higham/Chapter14/Section05/SpectralConvergence.lean,Source,Spectral,Chapter14,659,570,28,24,21,4.912281,4,9,0,1,0,51,0,
NumStability.Source.Higham.Chapter14.Section05.SquareIteration,NumStability/Source/Higham/Chapter14/Section05/SquareIteration.lean,Source,HighamSourceOther,Chapter14,400,320,27,25,21,8.4375,1,1,0,0,0,63,0,
NumStability.Source.Higham.Chapter14.Theorem05,NumStability/Source/Higham/Chapter14/Theorem05.lean,Source,HighamSourceOther,Chapter14,10,4,0,0,0,0.0,4,0,0,4,0,0,0,
NumStability.Source.Higham.Chapter14.Theorem05.EliminationFamilies.CoefficientAsymptotics,NumStability/Source/Higham/Chapter14/Theorem05/EliminationFamilies/CoefficientAsymptotics.lean,Source,HighamSourceOther,Chapter14,546,488,26,12,8,5.327869,10,10,5,1,8,32,8,4.0
NumStability.Source.Higham.Chapter14.Theorem05.ForwardError,NumStability/Source/Higham/Chapter14/Theorem05/ForwardError.lean,Source,Perturbation,Chapter14,11,5,0,0,0,0.0,5,0,0,5,0,0,0,
NumStability.Source.Higham.Chapter14.Theorem05.ForwardError.GJEAsymptoticFamilies,NumStability/Source/Higham/Chapter14/Theorem05/ForwardError/GJEAsymptoticFamilies.lean,Source,Perturbation,Chapter14,157,122,43,40,29,35.245902,29,9,12,20,29,85,29,2.931034
NumStability.Source.Higham.Chapter14.Theorem05.ForwardError.GJEFinalDivisionClosure,NumStability/Source/Higham/Chapter14/Theorem05/ForwardError/GJEFinalDivisionClosure.lean,Source,Perturbation,Chapter14,1097,1050,14,11,8,1.333333,40,19,1,23,4,15,4,3.75
NumStability.Source.Higham.Chapter14.Theorem05.ForwardError.GJEPrintedEnvelopeClosure,NumStability/Source/Higham/Chapter14/Theorem05/ForwardError/GJEPrintedEnvelopeClosure.lean,Source,Perturbation,Chapter14,315,258,50,46,35,19.379845,30,9,3,21,33,126,33,3.818182
NumStability.Source.Higham.Chapter14.Theorem05.ForwardError.GJETheorem145SourceClosure,NumStability/Source/Higham/Chapter14/Theorem05/ForwardError/GJETheorem145SourceClosure.lean,Source,Perturbation,Chapter14,906,829,87,67,44,10.494572,34,14,2,20,37,295,37,7.972973
NumStability.Source.Higham.Chapter14.Theorem05.ForwardError.GaussJordanQConstruction,NumStability/Source/Higham/Chapter14/Theorem05/ForwardError/GaussJordanQConstruction.lean,Source,Perturbation,Chapter14,383,313,8,8,4,2.555911,19,9,3,11,1,1,1,1.0
NumStability.Source.Higham.Chapter14.Theorem05.PrintedEnvelopes.CorrectionBounds,NumStability/Source/Higham/Chapter14/Theorem05/PrintedEnvelopes/CorrectionBounds.lean,Source,HighamSourceOther,Chapter14,878,810,40,23,15,4.938272,12,12,1,0,5,47,5,9.4
NumStability.Source.Higham.Chapter14.Theorem05.PrintedTrace.VanishingEndpoints,NumStability/Source/Higham/Chapter14/Theorem05/PrintedTrace/VanishingEndpoints.lean,Source,HighamSourceOther,Chapter14,557,518,12,12,7,2.316602,14,15,0,0,0,5,0,
NumStability.Source.Higham.Chapter15,NumStability/Source/Higham/Chapter15.lean,Source,HighamSourceOther,Chapter15,66,59,0,0,0,0.0,59,0,0,59,0,0,0,
NumStability.Source.Higham.Chapter15.Algorithm01.PNormPowerMethod.ConvergenceStatements,NumStability/Source/Higham/Chapter15/Algorithm01/PNormPowerMethod/ConvergenceStatements.lean,Source,Norms,Chapter15,62,39,2,2,2,5.128205,6,2,1,4,2,0,2,0.0
NumStability.Source.Higham.Chapter15.Algorithm01.PNormPowerMethod.PNormPowerMethod,NumStability/Source/Higham/Chapter15/Algorithm01/PNormPowerMethod/PNormPowerMethod.lean,Source,Norms,Chapter15,161,89,30,27,14,33.707865,6,5,3,1,4,62,4,15.5
NumStability.Source.Higham.Chapter15.Algorithm01.PNormPowerMethod.PNormRectangular,NumStability/Source/Higham/Chapter15/Algorithm01/PNormPowerMethod/PNormRectangular.lean,Source,Norms,Chapter15,76,51,3,3,3,5.882353,5,1,0,4,0,1,0,
NumStability.Source.Higham.Chapter15.Algorithm03.OneNormPowerMethod.Basic,NumStability/Source/Higham/Chapter15/Algorithm03/OneNormPowerMethod/Basic.lean,Source,Norms,Chapter15,170,105,13,8,7,12.380952,4,3,1,1,1,14,1,14.0
NumStability.Source.Higham.Chapter15.Algorithm04.LAPACKNormEstimator.Basic,NumStability/Source/Higham/Chapter15/Algorithm04/LAPACKNormEstimator/Basic.lean,Source,HighamSourceOther,Chapter15,37,19,1,1,1,5.263158,3,1,2,2,1,0,1,0.0
NumStability.Source.Higham.Chapter15.Algorithm04.LAPACKNormEstimator.ConditionEstimate.Bounds,NumStability/Source/Higham/Chapter15/Algorithm04/LAPACKNormEstimator/ConditionEstimate/Bounds.lean,Source,Norms,Chapter15,140,74,7,7,5,9.459459,7,8,0,1,0,2,0,
NumStability.Source.Higham.Chapter15.Algorithm05.LINPACKConditionEstimator.Basic,NumStability/Source/Higham/Chapter15/Algorithm05/LINPACKConditionEstimator/Basic.lean,Source,Norms,Chapter15,74,42,3,3,3,7.142857,3,2,1,1,2,1,2,0.5
NumStability.Source.Higham.Chapter15.Algorithm05.LINPACKConditionEstimator.InverseNormBound.TriangularSolve,NumStability/Source/Higham/Chapter15/Algorithm05/LINPACKConditionEstimator/InverseNormBound/TriangularSolve.lean,Source,Norms,Chapter15,260,170,22,5,3,12.941176,8,3,0,5,0,20,0,
NumStability.Source.Higham.Chapter15.Equation02.Subgradient.PNormGeneral,NumStability/Source/Higham/Chapter15/Equation02/Subgradient/PNormGeneral.lean,Source,Norms,Chapter15,85,64,9,9,2,14.0625,10,7,0,4,0,0,0,
NumStability.Source.Higham.Chapter15.Equation02.Subgradient.PNormPowerMethod,NumStability/Source/Higham/Chapter15/Equation02/Subgradient/PNormPowerMethod.lean,Source,Norms,Chapter15,91,62,2,2,2,3.225806,4,2,2,2,2,1,2,0.5
NumStability.Source.Higham.Chapter15.Equation03.GradientQuotient.ConvergenceStatements,NumStability/Source/Higham/Chapter15/Equation03/GradientQuotient/ConvergenceStatements.lean,Source,HighamSourceOther,Chapter15,103,82,8,1,1,9.756098,9,6,1,3,1,0,1,0.0
NumStability.Source.Higham.Chapter15.Equation03.GradientQuotient.PNormGeneral,NumStability/Source/Higham/Chapter15/Equation03/GradientQuotient/PNormGeneral.lean,Source,Norms,Chapter15,147,121,19,12,6,15.702479,11,7,0,4,0,8,0,
NumStability.Source.Higham.Chapter15.Equation03.GradientQuotient.PNormPowerMethod,NumStability/Source/Higham/Chapter15/Equation03/GradientQuotient/PNormPowerMethod.lean,Source,Norms,Chapter15,206,160,22,8,7,13.75,4,3,3,1,6,8,6,1.333333
NumStability.Source.Higham.Chapter15.Equation04.NormalizedDualDiscrepancy.Basic,NumStability/Source/Higham/Chapter15/Equation04/NormalizedDualDiscrepancy/Basic.lean,Source,HighamSourceOther,Chapter15,162,126,17,15,12,13.492063,4,3,0,1,0,45,0,
NumStability.Source.Higham.Chapter15.Equation05.SubgradientInequality.Basic,NumStability/Source/Higham/Chapter15/Equation05/SubgradientInequality/Basic.lean,Source,HighamSourceOther,Chapter15,63,35,2,2,2,5.714286,4,2,0,2,0,1,0,
NumStability.Source.Higham.Chapter15.Equation06.LAPACKCounterexample.Basic,NumStability/Source/Higham/Chapter15/Equation06/LAPACKCounterexample/Basic.lean,Source,HighamSourceOther,Chapter15,177,133,31,16,12,23.308271,6,6,1,1,0,84,0,
NumStability.Source.Higham.Chapter15.Equation07.DixonBound.Basic,NumStability/Source/Higham/Chapter15/Equation07/DixonBound/Basic.lean,Source,HighamSourceOther,Chapter15,55,28,1,1,1,3.571429,4,3,0,1,0,0,0,
NumStability.Source.Higham.Chapter15.Lemma02.PNormPowerMethod.BoydInterface,NumStability/Source/Higham/Chapter15/Lemma02/PNormPowerMethod/BoydInterface.lean,Source,Norms,Chapter15,381,335,12,12,11,3.58209,13,9,3,4,7,11,7,1.571429
NumStability.Source.Higham.Chapter15.Lemma02.PNormPowerMethod.BoydUniqueness,NumStability/Source/Higham/Chapter15/Lemma02/PNormPowerMethod/BoydUniqueness.lean,Source,Norms,Chapter15,399,370,13,6,6,3.513514,14,10,1,4,1,6,1,6.0
NumStability.Source.Higham.Chapter15.Lemma02.PNormPowerMethod.PNormPowerMethod,NumStability/Source/Higham/Chapter15/Lemma02/PNormPowerMethod/PNormPowerMethod.lean,Source,Norms,Chapter15,169,94,6,6,6,6.382979,5,4,4,1,3,7,3,2.333333
NumStability.Source.Higham.Chapter15.Lemma02.PNormPowerMethod.PNormRectangular,NumStability/Source/Higham/Chapter15/Lemma02/PNormPowerMethod/PNormRectangular.lean,Source,Norms,Chapter15,138,109,8,8,7,7.33945,7,4,4,3,4,7,4,1.75
NumStability.Source.Higham.Chapter15.Problem04.LUConditionBounds.Basic,NumStability/Source/Higham/Chapter15/Problem04/LUConditionBounds/Basic.lean,Source,Norms,Chapter15,505,400,49,17,14,12.25,2,2,0,0,0,51,0,
NumStability.Source.Higham.Chapter15.Problem06.TridiagonalInverseNorm.Recurrences.ArrayExecution,NumStability/Source/Higham/Chapter15/Problem06/TridiagonalInverseNorm/Recurrences/ArrayExecution.lean,Source,HighamSourceOther,Chapter15,105,70,4,3,3,5.714286,2,7,0,0,0,4,0,
NumStability.Source.Higham.Chapter15.Problem06.TridiagonalInverseNorm.Recurrences.EntryFormulas,NumStability/Source/Higham/Chapter15/Problem06/TridiagonalInverseNorm/Recurrences/EntryFormulas.lean,Source,HighamSourceOther,Chapter15,294,248,22,2,2,8.870968,2,4,1,1,2,32,2,16.0
NumStability.Source.Higham.Chapter15.Problem06.TridiagonalInverseNorm.Recurrences.FactorizationAndNorm,NumStability/Source/Higham/Chapter15/Problem06/TridiagonalInverseNorm/Recurrences/FactorizationAndNorm.lean,Source,HighamSourceOther,Chapter15,857,798,129,46,17,16.165414,2,7,1,0,3,218,3,72.666667
NumStability.Source.Higham.Chapter15.Problem06.TridiagonalInverseNorm.TridiagonalInverse,NumStability/Source/Higham/Chapter15/Problem06/TridiagonalInverseNorm/TridiagonalInverse.lean,Source,HighamSourceOther,Chapter15,190,126,59,42,26,46.825397,1,1,5,1,18,125,18,6.944444
NumStability.Source.Higham.Chapter15.Problem06.TridiagonalInverseNorm.TridiagonalInverseCompletion,NumStability/Source/Higham/Chapter15/Problem06/TridiagonalInverseNorm/TridiagonalInverseCompletion.lean,Source,HighamSourceOther,Chapter15,201,144,73,51,29,50.694444,2,3,3,1,15,150,15,10.0
NumStability.Source.Higham.Chapter15.Problem06.TridiagonalInverseNorm.TridiagonalInverseRuns,NumStability/Source/Higham/Chapter15/Problem06/TridiagonalInverseNorm/TridiagonalInverseRuns.lean,Source,HighamSourceOther,Chapter15,608,516,183,140,89,35.465116,3,4,1,1,15,497,15,33.133333
NumStability.Source.Higham.Chapter15.Section01.ConditionNumbers.CondEstimation,NumStability/Source/Higham/Chapter15/Section01/ConditionNumbers/CondEstimation.lean,Source,Norms,Chapter15,9,1,0,0,0,0.0,1,0,0,1,0,0,0,
NumStability.Source.Higham.Chapter15.Section01.ConditionNumbers.ConditionEstimators,NumStability/Source/Higham/Chapter15/Section01/ConditionNumbers/ConditionEstimators.lean,Source,Norms,Chapter15,59,29,3,3,3,10.344828,3,2,1,1,1,2,1,2.0
NumStability.Source.Higham.Chapter15.Section02.Boyd.Corrections.BoydConcrete,NumStability/Source/Higham/Chapter15/Section02/Boyd/Corrections/BoydConcrete.lean,Source,HighamSourceOther,Chapter15,61,41,1,1,1,2.439024,6,2,3,4,1,0,1,0.0
NumStability.Source.Higham.Chapter15.Section02.Boyd.Corrections.BoydLocal,NumStability/Source/Higham/Chapter15/Section02/Boyd/Corrections/BoydLocal.lean,Source,HighamSourceOther,Chapter15,71,51,1,1,1,1.960784,4,0,0,4,0,0,0,
NumStability.Source.Higham.Chapter15.Section02.Boyd.Corrections.BoydLocalStability,NumStability/Source/Higham/Chapter15/Section02/Boyd/Corrections/BoydLocalStability.lean,Source,HighamSourceOther,Chapter15,76,52,8,6,5,15.384615,4,0,0,4,0,14,0,
NumStability.Source.Higham.Chapter15.Section02.Boyd.Corrections.ConvergenceStatements,NumStability/Source/Higham/Chapter15/Section02/Boyd/Corrections/ConvergenceStatements.lean,Source,HighamSourceOther,Chapter15,247,195,19,17,12,9.74359,9,7,0,3,0,48,0,
NumStability.Source.Higham.Chapter15.Section02.Boyd.EndpointTermination.ConvergenceStatements,NumStability/Source/Higham/Chapter15/Section02/Boyd/EndpointTermination/ConvergenceStatements.lean,Source,HighamSourceOther,Chapter15,144,111,6,3,2,5.405405,10,7,0,3,0,3,0,
NumStability.Source.Higham.Chapter15.Section02.Boyd.EndpointTermination.InfinityCounterexample.Trace,NumStability/Source/Higham/Chapter15/Section02/Boyd/EndpointTermination/InfinityCounterexample/Trace.lean,Source,HighamSourceOther,Chapter15,645,563,82,6,2,14.564831,33,8,0,27,0,264,0,
NumStability.Source.Higham.Chapter15.Section02.Boyd.EndpointTermination.RectangularTermination,NumStability/Source/Higham/Chapter15/Section02/Boyd/EndpointTermination/RectangularTermination.lean,Source,HighamSourceOther,Chapter15,149,118,18,7,5,15.254237,11,8,1,3,2,15,2,7.5
NumStability.Source.Higham.Chapter15.Section02.Boyd.GlobalConvergence.BoydInterface,NumStability/Source/Higham/Chapter15/Section02/Boyd/GlobalConvergence/BoydInterface.lean,Source,HighamSourceOther,Chapter15,139,108,3,3,3,2.777778,13,9,1,4,1,0,1,0.0
NumStability.Source.Higham.Chapter15.Section02.Boyd.GlobalConvergence.BoydUniqueness,NumStability/Source/Higham/Chapter15/Section02/Boyd/GlobalConvergence/BoydUniqueness.lean,Source,HighamSourceOther,Chapter15,105,84,1,1,1,1.190476,11,7,1,4,1,0,1,0.0
NumStability.Source.Higham.Chapter15.Section02.Boyd.GlobalConvergence.ConvergenceStatements,NumStability/Source/Higham/Chapter15/Section02/Boyd/GlobalConvergence/ConvergenceStatements.lean,Source,HighamSourceOther,Chapter15,124,90,4,4,4,4.444444,11,8,0,3,0,1,0,
NumStability.Source.Higham.Chapter15.Section02.Boyd.GlobalConvergence.ScalarCase.Iteration,NumStability/Source/Higham/Chapter15/Section02/Boyd/GlobalConvergence/ScalarCase/Iteration.lean,Source,HighamSourceOther,Chapter15,312,255,13,8,8,5.098039,46,8,0,39,0,29,0,
NumStability.Source.Higham.Chapter15.Section02.Boyd.LocalConvergence.BoydConcrete,NumStability/Source/Higham/Chapter15/Section02/Boyd/LocalConvergence/BoydConcrete.lean,Source,HighamSourceOther,Chapter15,86,66,1,1,1,1.515152,12,8,0,4,0,0,0,
NumStability.Source.Higham.Chapter15.Section02.Boyd.LocalConvergence.BoydInterface,NumStability/Source/Higham/Chapter15/Section02/Boyd/LocalConvergence/BoydInterface.lean,Source,HighamSourceOther,Chapter15,95,70,2,2,2,2.857143,7,3,0,4,0,1,0,
NumStability.Source.Higham.Chapter15.Section02.Boyd.LocalConvergence.BoydLocal,NumStability/Source/Higham/Chapter15/Section02/Boyd/LocalConvergence/BoydLocal.lean,Source,HighamSourceOther,Chapter15,126,97,2,2,2,2.061856,11,7,0,4,0,0,0,
NumStability.Source.Higham.Chapter15.Section02.Boyd.LocalConvergence.BoydLocalStability,NumStability/Source/Higham/Chapter15/Section02/Boyd/LocalConvergence/BoydLocalStability.lean,Source,HighamSourceOther,Chapter15,121,96,2,2,2,2.083333,8,4,1,4,1,0,1,0.0
NumStability.Source.Higham.Chapter15.Section02.Boyd.LocalConvergence.ConstrainedLagrangian.Differentiation,NumStability/Source/Higham/Chapter15/Section02/Boyd/LocalConvergence/ConstrainedLagrangian/Differentiation.lean,Source,HighamSourceOther,Chapter15,271,227,6,3,3,2.643172,62,4,1,58,1,4,1,4.0
NumStability.Source.Higham.Chapter15.Section02.Boyd.SourceDomain.BoydCompletion,NumStability/Source/Higham/Chapter15/Section02/Boyd/SourceDomain/BoydCompletion.lean,Source,HighamSourceOther,Chapter15,127,98,4,4,3,4.081633,10,6,1,4,1,2,1,2.0
NumStability.Source.Higham.Chapter15.Section02.Boyd.SourceDomain.BoydConcrete,NumStability/Source/Higham/Chapter15/Section02/Boyd/SourceDomain/BoydConcrete.lean,Source,HighamSourceOther,Chapter15,211,180,3,3,3,1.666667,17,13,1,4,1,2,1,2.0
NumStability.Source.Higham.Chapter15.Section02.Boyd.SourceDomain.BoydDomain,NumStability/Source/Higham/Chapter15/Section02/Boyd/SourceDomain/BoydDomain.lean,Source,HighamSourceOther,Chapter15,189,157,6,5,5,3.821656,10,6,2,4,3,5,3,1.666667
NumStability.Source.Higham.Chapter15.Section02.Boyd.SourceDomain.BoydLocal,NumStability/Source/Higham/Chapter15/Section02/Boyd/SourceDomain/BoydLocal.lean,Source,HighamSourceOther,Chapter15,218,183,5,5,5,2.73224,12,8,4,4,4,4,4,1.0
NumStability.Source.Higham.Chapter15.Section02.Boyd.SourceDomain.BoydRowwise,NumStability/Source/Higham/Chapter15/Section02/Boyd/SourceDomain/BoydRowwise.lean,Source,HighamSourceOther,Chapter15,226,190,6,6,6,3.157895,12,8,1,4,2,5,2,2.5
NumStability.Source.Higham.Chapter15.Section02.Boyd.SourceDomain.SecondDerivative.Rowwise,NumStability/Source/Higham/Chapter15/Section02/Boyd/SourceDomain/SecondDerivative/Rowwise.lean,Source,HighamSourceOther,Chapter15,170,129,4,2,2,3.100775,7,7,1,4,1,3,1,3.0
NumStability.Source.Higham.Chapter15.Section02.Boyd.SourceDomain.StrongLocalMaximum.Convergence,NumStability/Source/Higham/Chapter15/Section02/Boyd/SourceDomain/StrongLocalMaximum/Convergence.lean,Source,HighamSourceOther,Chapter15,209,164,4,4,4,2.439024,3,17,0,1,0,3,0,
NumStability.Source.Higham.Chapter15.Section06.TridiagonalLUConditionBounds.ExactBounds,NumStability/Source/Higham/Chapter15/Section06/TridiagonalLUConditionBounds/ExactBounds.lean,Source,Norms,Chapter15,727,592,102,2,2,17.22973,4,6,0,2,0,92,0,
NumStability.Source.Higham.Chapter15.Theorem06.Dixon.Basic,NumStability/Source/Higham/Chapter15/Theorem06/Dixon/Basic.lean,Source,HighamSourceOther,Chapter15,237,210,5,3,3,2.380952,9,7,0,4,0,3,0,
NumStability.Source.Higham.Chapter15.Theorem07.TridiagonalLU.Basic,NumStability/Source/Higham/Chapter15/Theorem07/TridiagonalLU/Basic.lean,Source,LU,Chapter15,44,12,1,1,1,8.333333,1,1,0,0,0,0,0,
NumStability.Source.Higham.Chapter15.Theorem08.TridiagonalDiagonalDominance.Basic,NumStability/Source/Higham/Chapter15/Theorem08/TridiagonalDiagonalDominance/Basic.lean,Source,HighamSourceOther,Chapter15,53,20,1,1,1,5.0,1,2,1,0,1,0,1,0.0
NumStability.Source.Higham.Chapter15.Theorem09.Ikebe.Basic,NumStability/Source/Higham/Chapter15/Theorem09/Ikebe/Basic.lean,Source,HighamSourceOther,Chapter15,63,30,2,1,1,6.666667,1,2,0,0,0,1,0,
NumStability.Source.Higham.Chapter15.Theorem09.Ikebe.IrreducibleRightInverse.RankOneStructure,NumStability/Source/Higham/Chapter15/Theorem09/Ikebe/IrreducibleRightInverse/RankOneStructure.lean,Source,HighamSourceOther,Chapter15,293,229,25,1,1,10.917031,4,3,1,3,1,39,1,39.0
NumStability.Source.Higham.Chapter16,NumStability/Source/Higham/Chapter16.lean,Source,HighamSourceOther,Chapter16,23,17,0,0,0,0.0,17,0,0,17,0,0,0,
NumStability.Source.Higham.Chapter16.Foundations.Core,NumStability/Source/Higham/Chapter16/Foundations/Core.lean,Source,HighamSourceOther,Chapter16,8161,2333,138,135,135,5.915131,36,8,6,30,9,140,9,15.555556
NumStability.Source.Higham.Chapter16.HessenbergSchur.Results,NumStability/Source/Higham/Chapter16/HessenbergSchur/Results.lean,Source,Spectral,Chapter16,815,510,34,34,34,6.666667,13,15,0,10,0,31,0,
NumStability.Source.Higham.Chapter16.HessenbergSchur.Rounded,NumStability/Source/Higham/Chapter16/HessenbergSchur/Rounded.lean,Source,Spectral,Chapter16,415,44,2,2,2,4.545455,2,6,0,2,0,0,0,
NumStability.Source.Higham.Chapter16.Minimizers.Results,NumStability/Source/Higham/Chapter16/Minimizers/Results.lean,Source,HighamSourceOther,Chapter16,10770,3524,201,170,168,5.703746,8,23,1,4,1,216,1,216.0
NumStability.Source.Higham.Chapter16.Problem02,NumStability/Source/Higham/Chapter16/Problem02.lean,Source,HighamSourceOther,Chapter16,7,1,0,0,0,0.0,1,0,0,1,0,0,0,
NumStability.Source.Higham.Chapter16.Problem02.LyapunovIntegral,NumStability/Source/Higham/Chapter16/Problem02/LyapunovIntegral.lean,Source,MatrixEquations,Chapter16,7,1,0,0,0,0.0,1,0,0,1,0,0,0,
NumStability.Source.Higham.Chapter16.Problem02.LyapunovIntegral.All,NumStability/Source/Higham/Chapter16/Problem02/LyapunovIntegral/All.lean,Source,MatrixEquations,Chapter16,7,1,0,0,0,0.0,1,0,0,1,0,0,0,
NumStability.Source.Higham.Chapter16.Problem02.LyapunovIntegral.Results,NumStability/Source/Higham/Chapter16/Problem02/LyapunovIntegral/Results.lean,Source,MatrixEquations,Chapter16,845,60,11,9,8,18.333333,0,0,1,0,8,19,8,2.375
NumStability.Source.Higham.Chapter16.Problem02.Results.Core,NumStability/Source/Higham/Chapter16/Problem02/Results/Core.lean,Source,HighamSourceOther,Chapter16,846,645,54,24,21,8.372093,1,1,0,0,0,97,0,
NumStability.Source.Higham.Chapter16.QuasiRounded.Solve,NumStability/Source/Higham/Chapter16/QuasiRounded/Solve.lean,Source,HighamSourceOther,Chapter16,2076,804,58,7,6,7.21393,3,3,3,2,3,67,3,22.333333
NumStability.Source.Higham.Chapter16.QuasiRounded.Sylvester,NumStability/Source/Higham/Chapter16/QuasiRounded/Sylvester.lean,Source,MatrixEquations,Chapter16,893,449,17,16,16,3.786192,3,10,0,1,0,34,0,
NumStability.Source.Higham.Chapter16.Section01,NumStability/Source/Higham/Chapter16/Section01.lean,Source,HighamSourceOther,Chapter16,7,1,0,0,0,0.0,1,0,0,1,0,0,0,
NumStability.Source.Higham.Chapter16.Section01.SylvesterEquation,NumStability/Source/Higham/Chapter16/Section01/SylvesterEquation.lean,Source,MatrixEquations,Chapter16,9,3,0,0,0,0.0,3,0,0,3,0,0,0,
NumStability.Source.Higham.Chapter16.Section01.SylvesterEquation.All,NumStability/Source/Higham/Chapter16/Section01/SylvesterEquation/All.lean,Source,MatrixEquations,Chapter16,9,3,0,0,0,0.0,3,0,0,3,0,0,0,
NumStability.Source.Higham.Chapter16.Section01.SylvesterEquation.ComplexSolvability,NumStability/Source/Higham/Chapter16/Section01/SylvesterEquation/ComplexSolvability.lean,Source,MatrixEquations,Chapter16,7,1,0,0,0,0.0,1,0,0,1,0,0,0,
NumStability.Source.Higham.Chapter16.Section01.SylvesterEquation.ComplexSolvability.All,NumStability/Source/Higham/Chapter16/Section01/SylvesterEquation/ComplexSolvability/All.lean,Source,MatrixEquations,Chapter16,9,3,0,0,0,0.0,3,0,0,3,0,0,0,
NumStability.Source.Higham.Chapter16.Section01.SylvesterEquation.ComplexSolvability.SchurFactors,NumStability/Source/Higham/Chapter16/Section01/SylvesterEquation/ComplexSolvability/SchurFactors.lean,Source,MatrixEquations,Chapter16,1345,18,3,3,3,16.666667,1,1,0,0,0,0,0,
NumStability.Source.Higham.Chapter16.Section01.SylvesterEquation.ComplexSolvability.SpectralCriterion,NumStability/Source/Higham/Chapter16/Section01/SylvesterEquation/ComplexSolvability/SpectralCriterion.lean,Source,MatrixEquations,Chapter16,18509,85,7,7,7,8.235294,3,3,0,0,0,0,0,
NumStability.Source.Higham.Chapter16.Section01.SylvesterEquation.ComplexSolvability.Vectorized,NumStability/Source/Higham/Chapter16/Section01/SylvesterEquation/ComplexSolvability/Vectorized.lean,Source,MatrixEquations,Chapter16,10071,175,79,79,79,45.142857,10,10,0,0,0,0,0,
NumStability.Source.Higham.Chapter16.Section01.SylvesterEquation.Equation01,NumStability/Source/Higham/Chapter16/Section01/SylvesterEquation/Equation01.lean,Source,MatrixEquations,Chapter16,8128,10,2,2,2,20.0,3,3,0,0,0,0,0,
NumStability.Source.Higham.Chapter16.Section01.SylvesterEquation.Equation02,NumStability/Source/Higham/Chapter16/Section01/SylvesterEquation/Equation02.lean,Source,MatrixEquations,Chapter16,8128,12,5,5,5,41.666667,3,3,0,0,0,0,0,
NumStability.Source.Higham.Chapter16.Section01.SylvesterEquation.Equation03,NumStability/Source/Higham/Chapter16/Section01/SylvesterEquation/Equation03.lean,Source,MatrixEquations,Chapter16,8129,50,21,21,21,42.0,4,4,0,0,0,0,0,
NumStability.Source.Higham.Chapter16.Section01.SylvesterEquation.VectorizationNotes,NumStability/Source/Higham/Chapter16/Section01/SylvesterEquation/VectorizationNotes.lean,Source,MatrixEquations,Chapter16,7,1,0,0,0,0.0,1,0,0,1,0,0,0,
NumStability.Source.Higham.Chapter16.Section01.SylvesterEquation.VectorizationNotes.All,NumStability/Source/Higham/Chapter16/Section01/SylvesterEquation/VectorizationNotes/All.lean,Source,MatrixEquations,Chapter16,7,1,0,0,0,0.0,1,0,0,1,0,0,0,
NumStability.Source.Higham.Chapter16.Section01.SylvesterEquation.VectorizationNotes.Notes,NumStability/Source/Higham/Chapter16/Section01/SylvesterEquation/VectorizationNotes/Notes.lean,Source,MatrixEquations,Chapter16,99,7,1,1,1,14.285714,2,2,0,0,0,0,0,
NumStability.Source.Higham.Chapter16.Section02,NumStability/Source/Higham/Chapter16/Section02.lean,Source,HighamSourceOther,Chapter16,9,3,0,0,0,0.0,3,0,0,3,0,0,0,
NumStability.Source.Higham.Chapter16.Section02.BartelsStewart,NumStability/Source/Higham/Chapter16/Section02/BartelsStewart.lean,Source,HighamSourceOther,Chapter16,8,2,0,0,0,0.0,2,0,0,2,0,0,0,
NumStability.Source.Higham.Chapter16.Section02.BartelsStewart.Equation09,NumStability/Source/Higham/Chapter16/Section02/BartelsStewart/Equation09.lean,Source,HighamSourceOther,Chapter16,7,1,0,0,0,0.0,1,0,0,1,0,0,0,
NumStability.Source.Higham.Chapter16.Section02.BartelsStewart.Equation09.All,NumStability/Source/Higham/Chapter16/Section02/BartelsStewart/Equation09/All.lean,Source,HighamSourceOther,Chapter16,8,2,0,0,0,0.0,2,0,0,2,0,0,0,
NumStability.Source.Higham.Chapter16.Section02.BartelsStewart.Equation09.Assembly,NumStability/Source/Higham/Chapter16/Section02/BartelsStewart/Equation09/Assembly.lean,Source,HighamSourceOther,Chapter16,975,714,16,16,16,2.240896,8,8,2,0,2,11,2,5.5
NumStability.Source.Higham.Chapter16.Section02.BartelsStewart.Equation09.EndToEnd,NumStability/Source/Higham/Chapter16/Section02/BartelsStewart/Equation09/EndToEnd.lean,Source,HighamSourceOther,Chapter16,397,75,8,8,8,10.666667,8,8,0,0,0,3,0,
NumStability.Source.Higham.Chapter16.Section02.BartelsStewart.Equations04To08,NumStability/Source/Higham/Chapter16/Section02/BartelsStewart/Equations04To08.lean,Source,HighamSourceOther,Chapter16,7,1,0,0,0,0.0,1,0,0,1,0,0,0,
NumStability.Source.Higham.Chapter16.Section02.BartelsStewart.Equations04To08.All,NumStability/Source/Higham/Chapter16/Section02/BartelsStewart/Equations04To08/All.lean,Source,HighamSourceOther,Chapter16,16,10,0,0,0,0.0,10,0,0,10,0,0,0,
NumStability.Source.Higham.Chapter16.Section02.BartelsStewart.Equations04To08.HessenbergRounded,NumStability/Source/Higham/Chapter16/Section02/BartelsStewart/Equations04To08/HessenbergRounded.lean,Source,HighamSourceOther,Chapter16,424,156,8,8,8,5.128205,11,11,0,0,0,7,0,
NumStability.Source.Higham.Chapter16.Section02.BartelsStewart.Equations04To08.HessenbergSchur,NumStability/Source/Higham/Chapter16/Section02/BartelsStewart/Equations04To08/HessenbergSchur.lean,Source,Spectral,Chapter16,814,79,9,8,8,11.392405,12,6,2,6,3,8,3,2.666667
NumStability.Source.Higham.Chapter16.Section02.BartelsStewart.Equations04To08.PivotedSmallBlocks,NumStability/Source/Higham/Chapter16/Section02/BartelsStewart/Equations04To08/PivotedSmallBlocks.lean,Source,LU,Chapter16,460,79,6,6,4,7.594937,6,6,0,0,0,2,0,
NumStability.Source.Higham.Chapter16.Section02.BartelsStewart.Equations04To08.QuasiQuasiRounded,NumStability/Source/Higham/Chapter16/Section02/BartelsStewart/Equations04To08/QuasiQuasiRounded.lean,Source,HighamSourceOther,Chapter16,7,1,0,0,0,0.0,1,0,0,1,0,0,0,
NumStability.Source.Higham.Chapter16.Section02.BartelsStewart.Equations04To08.QuasiQuasiSylvester,NumStability/Source/Higham/Chapter16/Section02/BartelsStewart/Equations04To08/QuasiQuasiSylvester.lean,Source,MatrixEquations,Chapter16,1018,38,12,12,12,31.578947,8,8,0,0,0,0,0,
NumStability.Source.Higham.Chapter16.Section02.BartelsStewart.Equations04To08.QuasiRoundedSylvester,NumStability/Source/Higham/Chapter16/Section02/BartelsStewart/Equations04To08/QuasiRoundedSylvester.lean,Source,MatrixEquations,Chapter16,897,36,12,12,12,33.333333,7,7,0,0,0,0,0,
NumStability.Source.Higham.Chapter16.Section02.BartelsStewart.Equations04To08.RoundedExecutor,NumStability/Source/Higham/Chapter16/Section02/BartelsStewart/Equations04To08/RoundedExecutor.lean,Source,HighamSourceOther,Chapter16,836,363,15,15,6,4.132231,12,13,0,0,0,4,0,
NumStability.Source.Higham.Chapter16.Section02.BartelsStewart.Equations04To08.RoundedTriangular,NumStability/Source/Higham/Chapter16/Section02/BartelsStewart/Equations04To08/RoundedTriangular.lean,Source,HighamSourceOther,Chapter16,701,28,6,6,6,21.428571,8,7,0,1,0,0,0,
NumStability.Source.Higham.Chapter16.Section02.BartelsStewart.Equations04To08.Spectrum,NumStability/Source/Higham/Chapter16/Section02/BartelsStewart/Equations04To08/Spectrum.lean,Source,HighamSourceOther,Chapter16,18515,417,38,38,38,9.11271,9,9,2,0,3,10,3,3.333333
NumStability.Source.Higham.Chapter16.Section02.BartelsStewart.Equations04To08.Vectorized,NumStability/Source/Higham/Chapter16/Section02/BartelsStewart/Equations04To08/Vectorized.lean,Source,HighamSourceOther,Chapter16,10071,185,12,12,12,6.486486,10,10,0,0,0,11,0,
NumStability.Source.Higham.Chapter16.Section02.RealSchurDecomposition.All,NumStability/Source/Higham/Chapter16/Section02/RealSchurDecomposition/All.lean,Source,Spectral,Chapter16,8,2,0,0,0,0.0,2,0,0,2,0,0,0,
NumStability.Source.Higham.Chapter16.Section02.RealSchurDecomposition.InvariantSubspace,NumStability/Source/Higham/Chapter16/Section02/RealSchurDecomposition/InvariantSubspace.lean,Source,Spectral,Chapter16,8,2,0,0,0,0.0,2,0,0,2,0,0,0,
NumStability.Source.Higham.Chapter16.Section02.RealSchurDecomposition.QuasiTriangular,NumStability/Source/Higham/Chapter16/Section02/RealSchurDecomposition/QuasiTriangular.lean,Source,Spectral,Chapter16,7,1,0,0,0,0.0,1,0,0,1,0,0,0,
NumStability.Source.Higham.Chapter16.Section02.SylvesterAndLyapunovBackwardError,NumStability/Source/Higham/Chapter16/Section02/SylvesterAndLyapunovBackwardError.lean,Source,MatrixEquations,Chapter16,8,2,0,0,0,0.0,2,0,0,2,0,0,0,
NumStability.Source.Higham.Chapter16.Section02.SylvesterAndLyapunovBackwardError.All,NumStability/Source/Higham/Chapter16/Section02/SylvesterAndLyapunovBackwardError/All.lean,Source,MatrixEquations,Chapter16,17,11,0,0,0,0.0,11,0,0,11,0,0,0,
NumStability.Source.Higham.Chapter16.Section02.SylvesterAndLyapunovBackwardError.AttainedMinima,NumStability/Source/Higham/Chapter16/Section02/SylvesterAndLyapunovBackwardError/AttainedMinima.lean,Source,MatrixEquations,Chapter16,7,1,0,0,0,0.0,1,0,0,1,0,0,0,
NumStability.Source.Higham.Chapter16.Section02.SylvesterAndLyapunovBackwardError.AttainedMinima.All,NumStability/Source/Higham/Chapter16/Section02/SylvesterAndLyapunovBackwardError/AttainedMinima/All.lean,Source,MatrixEquations,Chapter16,7,1,0,0,0,0.0,1,0,0,1,0,0,0,
NumStability.Source.Higham.Chapter16.Section02.SylvesterAndLyapunovBackwardError.AttainedMinima.Equations15And21,NumStability/Source/Higham/Chapter16/Section02/SylvesterAndLyapunovBackwardError/AttainedMinima/Equations15And21.lean,Source,MatrixEquations,Chapter16,10768,88,5,5,5,5.681818,6,6,0,0,0,0,0,
NumStability.Source.Higham.Chapter16.Section02.SylvesterAndLyapunovBackwardError.Equation09,NumStability/Source/Higham/Chapter16/Section02/SylvesterAndLyapunovBackwardError/Equation09.lean,Source,MatrixEquations,Chapter16,8127,7,1,1,1,14.285714,2,2,0,0,0,0,0,
NumStability.Source.Higham.Chapter16.Section02.SylvesterAndLyapunovBackwardError.Equation10,NumStability/Source/Higham/Chapter16/Section02/SylvesterAndLyapunovBackwardError/Equation10.lean,Source,MatrixEquations,Chapter16,304,14,1,1,1,7.142857,2,1,0,1,0,0,0,
NumStability.Source.Higham.Chapter16.Section02.SylvesterAndLyapunovBackwardError.Equation11,NumStability/Source/Higham/Chapter16/Section02/SylvesterAndLyapunovBackwardError/Equation11.lean,Source,MatrixEquations,Chapter16,305,15,1,1,1,6.666667,3,3,0,0,0,0,0,
NumStability.Source.Higham.Chapter16.Section02.SylvesterAndLyapunovBackwardError.Equation12,NumStability/Source/Higham/Chapter16/Section02/SylvesterAndLyapunovBackwardError/Equation12.lean,Source,MatrixEquations,Chapter16,305,15,1,1,1,6.666667,3,3,0,0,0,0,0,
NumStability.Source.Higham.Chapter16.Section02.SylvesterAndLyapunovBackwardError.Equation13,NumStability/Source/Higham/Chapter16/Section02/SylvesterAndLyapunovBackwardError/Equation13.lean,Source,MatrixEquations,Chapter16,3031,17,3,3,3,17.647059,2,2,0,0,0,0,0,
NumStability.Source.Higham.Chapter16.Section02.SylvesterAndLyapunovBackwardError.Equation15,NumStability/Source/Higham/Chapter16/Section02/SylvesterAndLyapunovBackwardError/Equation15.lean,Source,MatrixEquations,Chapter16,3031,33,12,12,12,36.363636,2,2,0,0,0,0,0,
NumStability.Source.Higham.Chapter16.Section02.SylvesterAndLyapunovBackwardError.Equation16,NumStability/Source/Higham/Chapter16/Section02/SylvesterAndLyapunovBackwardError/Equation16.lean,Source,MatrixEquations,Chapter16,3031,16,2,2,2,12.5,2,1,0,1,0,0,0,
NumStability.Source.Higham.Chapter16.Section02.SylvesterAndLyapunovBackwardError.Equation18,NumStability/Source/Higham/Chapter16/Section02/SylvesterAndLyapunovBackwardError/Equation18.lean,Source,MatrixEquations,Chapter16,3031,17,2,2,2,11.764706,2,2,0,0,0,0,0,
NumStability.Source.Higham.Chapter16.Section02.SylvesterAndLyapunovBackwardError.Equation19,NumStability/Source/Higham/Chapter16/Section02/SylvesterAndLyapunovBackwardError/Equation19.lean,Source,MatrixEquations,Chapter16,3031,23,5,5,5,21.73913,2,2,0,0,0,0,0,
NumStability.Source.Higham.Chapter16.Section02.SylvesterAndLyapunovBackwardError.Equation21,NumStability/Source/Higham/Chapter16/Section02/SylvesterAndLyapunovBackwardError/Equation21.lean,Source,MatrixEquations,Chapter16,3320,105,46,46,46,43.809524,4,4,0,0,0,0,0,
NumStability.Source.Higham.Chapter16.Section02.SylvesterAndLyapunovBackwardError.LyapunovDefinition,NumStability/Source/Higham/Chapter16/Section02/SylvesterAndLyapunovBackwardError/LyapunovDefinition.lean,Source,MatrixEquations,Chapter16,305,17,2,2,2,11.764706,3,3,0,0,0,0,0,
NumStability.Source.Higham.Chapter16.Section03,NumStability/Source/Higham/Chapter16/Section03.lean,Source,HighamSourceOther,Chapter16,8,2,0,0,0,0.0,2,0,0,2,0,0,0,
NumStability.Source.Higham.Chapter16.Section03.PerturbationAndConditioning,NumStability/Source/Higham/Chapter16/Section03/PerturbationAndConditioning.lean,Source,Norms,Chapter16,10,4,0,0,0,0.0,4,0,0,4,0,0,0,
NumStability.Source.Higham.Chapter16.Section03.PerturbationAndConditioning.All,NumStability/Source/Higham/Chapter16/Section03/PerturbationAndConditioning/All.lean,Source,Norms,Chapter16,13,7,0,0,0,0.0,7,0,0,7,0,0,0,
NumStability.Source.Higham.Chapter16.Section03.PerturbationAndConditioning.AttainedSeparation,NumStability/Source/Higham/Chapter16/Section03/PerturbationAndConditioning/AttainedSeparation.lean,Source,Norms,Chapter16,7,1,0,0,0,0.0,1,0,0,1,0,0,0,
NumStability.Source.Higham.Chapter16.Section03.PerturbationAndConditioning.AttainedSeparation.All,NumStability/Source/Higham/Chapter16/Section03/PerturbationAndConditioning/AttainedSeparation/All.lean,Source,Norms,Chapter16,7,1,0,0,0,0.0,1,0,0,1,0,0,0,
NumStability.Source.Higham.Chapter16.Section03.PerturbationAndConditioning.AttainedSeparation.Equation26,NumStability/Source/Higham/Chapter16/Section03/PerturbationAndConditioning/AttainedSeparation/Equation26.lean,Source,Norms,Chapter16,10766,15,4,4,4,26.666667,4,4,0,0,0,0,0,
NumStability.Source.Higham.Chapter16.Section03.PerturbationAndConditioning.AutomaticBounds,NumStability/Source/Higham/Chapter16/Section03/PerturbationAndConditioning/AutomaticBounds.lean,Source,Norms,Chapter16,7,1,0,0,0,0.0,1,0,0,1,0,0,0,
NumStability.Source.Higham.Chapter16.Section03.PerturbationAndConditioning.AutomaticBounds.All,NumStability/Source/Higham/Chapter16/Section03/PerturbationAndConditioning/AutomaticBounds/All.lean,Source,Norms,Chapter16,6,0,0,0,0,,0,0,0,0,0,0,0,
NumStability.Source.Higham.Chapter16.Section03.PerturbationAndConditioning.AutomaticBounds.Results.Core,NumStability/Source/Higham/Chapter16/Section03/PerturbationAndConditioning/AutomaticBounds/Results/Core.lean,Source,Norms,Chapter16,518,166,8,8,8,4.819277,2,14,0,1,0,7,0,
NumStability.Source.Higham.Chapter16.Section03.PerturbationAndConditioning.Equation22,NumStability/Source/Higham/Chapter16/Section03/PerturbationAndConditioning/Equation22.lean,Source,Norms,Chapter16,8652,28,4,4,4,14.285714,5,5,0,0,0,0,0,
NumStability.Source.Higham.Chapter16.Section03.PerturbationAndConditioning.Equation23,NumStability/Source/Higham/Chapter16/Section03/PerturbationAndConditioning/Equation23.lean,Source,Norms,Chapter16,1369,69,9,9,9,13.043478,5,5,0,0,0,0,0,
NumStability.Source.Higham.Chapter16.Section03.PerturbationAndConditioning.Equation24,NumStability/Source/Higham/Chapter16/Section03/PerturbationAndConditioning/Equation24.lean,Source,Norms,Chapter16,1369,241,18,18,18,7.46888,5,5,0,0,0,7,0,
NumStability.Source.Higham.Chapter16.Section03.PerturbationAndConditioning.Equation25,NumStability/Source/Higham/Chapter16/Section03/PerturbationAndConditioning/Equation25.lean,Source,Norms,Chapter16,8653,34,7,7,7,20.588235,6,6,0,0,0,0,0,
NumStability.Source.Higham.Chapter16.Section03.PerturbationAndConditioning.Equation26,NumStability/Source/Higham/Chapter16/Section03/PerturbationAndConditioning/Equation26.lean,Source,Norms,Chapter16,9951,45,18,18,18,40.0,4,4,0,0,0,0,0,
NumStability.Source.Higham.Chapter16.Section03.PerturbationAndConditioning.Equation27,NumStability/Source/Higham/Chapter16/Section03/PerturbationAndConditioning/Equation27.lean,Source,Norms,Chapter16,10477,395,35,35,35,8.860759,8,8,1,0,1,7,1,7.0
NumStability.Source.Higham.Chapter16.Section03.PerturbationAndConditioning.LyapunovSolutions,NumStability/Source/Higham/Chapter16/Section03/PerturbationAndConditioning/LyapunovSolutions.lean,Source,MatrixEquations,Chapter16,8128,15,4,4,4,26.666667,3,3,0,0,0,0,0,
NumStability.Source.Higham.Chapter16.Section03.PerturbationAndConditioning.SigmaMinCorollaries,NumStability/Source/Higham/Chapter16/Section03/PerturbationAndConditioning/SigmaMinCorollaries.lean,Source,Norms,Chapter16,7,1,0,0,0,0.0,1,0,0,1,0,0,0,
NumStability.Source.Higham.Chapter16.Section03.PerturbationAndConditioning.SigmaMinCorollaries.All,NumStability/Source/Higham/Chapter16/Section03/PerturbationAndConditioning/SigmaMinCorollaries/All.lean,Source,Norms,Chapter16,10,4,0,0,0,0.0,4,0,0,4,0,0,0,
NumStability.Source.Higham.Chapter16.Section03.PerturbationAndConditioning.SigmaMinCorollaries.Lyapunov,NumStability/Source/Higham/Chapter16/Section03/PerturbationAndConditioning/SigmaMinCorollaries/Lyapunov.lean,Source,MatrixEquations,Chapter16,712,211,17,17,17,8.056872,7,7,2,0,1,2,1,2.0
NumStability.Source.Higham.Chapter16.Section03.PerturbationAndConditioning.SigmaMinCorollaries.StructuredSylvester,NumStability/Source/Higham/Chapter16/Section03/PerturbationAndConditioning/SigmaMinCorollaries/StructuredSylvester.lean,Source,MatrixEquations,Chapter16,189,102,4,4,4,3.921569,5,5,2,0,2,2,2,1.0
NumStability.Source.Higham.Chapter16.Section03.PerturbationAndConditioning.SigmaMinCorollaries.SylvesterPerturbation,NumStability/Source/Higham/Chapter16/Section03/PerturbationAndConditioning/SigmaMinCorollaries/SylvesterPerturbation.lean,Source,MatrixEquations,Chapter16,716,305,20,20,20,6.557377,7,7,0,0,0,5,0,
NumStability.Source.Higham.Chapter16.Section03.PerturbationAndConditioning.SigmaMinCorollaries.Vectorized,NumStability/Source/Higham/Chapter16/Section03/PerturbationAndConditioning/SigmaMinCorollaries/Vectorized.lean,Source,Norms,Chapter16,10078,1617,106,106,106,6.555349,17,17,3,0,7,72,7,10.285714
NumStability.Source.Higham.Chapter16.Section04,NumStability/Source/Higham/Chapter16/Section04.lean,Source,HighamSourceOther,Chapter16,7,1,0,0,0,0.0,1,0,0,1,0,0,0,
NumStability.Source.Higham.Chapter16.Section04.PracticalErrorBounds,NumStability/Source/Higham/Chapter16/Section04/PracticalErrorBounds.lean,Source,Perturbation,Chapter16,9,3,0,0,0,0.0,3,0,0,3,0,0,0,
NumStability.Source.Higham.Chapter16.Section04.PracticalErrorBounds.All,NumStability/Source/Higham/Chapter16/Section04/PracticalErrorBounds/All.lean,Source,Perturbation,Chapter16,8,2,0,0,0,0.0,2,0,0,2,0,0,0,
NumStability.Source.Higham.Chapter16.Section04.PracticalErrorBounds.Equation28,NumStability/Source/Higham/Chapter16/Section04/PracticalErrorBounds/Equation28.lean,Source,Perturbation,Chapter16,9953,124,24,24,24,19.354839,6,6,0,0,0,0,0,
NumStability.Source.Higham.Chapter16.Section04.PracticalErrorBounds.Equation29,NumStability/Source/Higham/Chapter16/Section04/PracticalErrorBounds/Equation29.lean,Source,Perturbation,Chapter16,8130,368,48,48,48,13.043478,5,5,0,0,0,0,0,
NumStability.Source.Higham.Chapter16.Section04.PracticalErrorBounds.Equation29Extensions,NumStability/Source/Higham/Chapter16/Section04/PracticalErrorBounds/Equation29Extensions.lean,Source,Perturbation,Chapter16,7,1,0,0,0,0.0,1,0,0,1,0,0,0,
NumStability.Source.Higham.Chapter16.Section04.PracticalErrorBounds.Equation29Extensions.All,NumStability/Source/Higham/Chapter16/Section04/PracticalErrorBounds/Equation29Extensions/All.lean,Source,Perturbation,Chapter16,9,3,0,0,0,0.0,3,0,0,3,0,0,0,
NumStability.Source.Higham.Chapter16.Section04.PracticalErrorBounds.Equation29Extensions.Minimizers,NumStability/Source/Higham/Chapter16/Section04/PracticalErrorBounds/Equation29Extensions/Minimizers.lean,Source,Perturbation,Chapter16,10772,522,130,130,130,24.904215,10,10,0,0,0,0,0,
NumStability.Source.Higham.Chapter16.Section04.PracticalErrorBounds.Equation29Extensions.Spectrum,NumStability/Source/Higham/Chapter16/Section04/PracticalErrorBounds/Equation29Extensions/Spectrum.lean,Source,Perturbation,Chapter16,18511,374,11,11,11,2.941176,5,5,0,0,0,0,0,
NumStability.Source.Higham.Chapter16.Section04.PracticalErrorBounds.Equation29Extensions.Vectorized,NumStability/Source/Higham/Chapter16/Section04/PracticalErrorBounds/Equation29Extensions/Vectorized.lean,Source,Perturbation,Chapter16,10068,379,48,48,48,12.664908,7,7,0,0,0,8,0,
NumStability.Source.Higham.Chapter16.Section04.PracticalErrorBounds.NormEstimator,NumStability/Source/Higham/Chapter16/Section04/PracticalErrorBounds/NormEstimator.lean,Source,Perturbation,Chapter16,7,1,0,0,0,0.0,1,0,0,1,0,0,0,
NumStability.Source.Higham.Chapter16.Section04.PracticalErrorBounds.NormEstimator.All,NumStability/Source/Higham/Chapter16/Section04/PracticalErrorBounds/NormEstimator/All.lean,Source,Perturbation,Chapter16,7,1,0,0,0,0.0,1,0,0,1,0,0,0,
NumStability.Source.Higham.Chapter16.Section04.PracticalErrorBounds.NormEstimator.Equation29,NumStability/Source/Higham/Chapter16/Section04/PracticalErrorBounds/NormEstimator/Equation29.lean,Source,Perturbation,Chapter16,464,36,2,2,2,5.555556,5,5,0,0,0,1,0,
NumStability.Source.Higham.Chapter16.Section05,NumStability/Source/Higham/Chapter16/Section05.lean,Source,HighamSourceOther,Chapter16,7,1,0,0,0,0.0,1,0,0,1,0,0,0,
NumStability.Source.Higham.Chapter16.Section05.GeneralizedMatrixEquations.All,NumStability/Source/Higham/Chapter16/Section05/GeneralizedMatrixEquations/All.lean,Source,MatrixEquations,Chapter16,9,3,0,0,0,0.0,3,0,0,3,0,0,0,
NumStability.Source.Higham.Chapter16.Section05.GeneralizedMatrixEquations.Equation30,NumStability/Source/Higham/Chapter16/Section05/GeneralizedMatrixEquations/Equation30.lean,Source,MatrixEquations,Chapter16,8127,12,3,3,3,25.0,2,2,0,0,0,0,0,
NumStability.Source.Higham.Chapter16.Section05.GeneralizedMatrixEquations.Equation31,NumStability/Source/Higham/Chapter16/Section05/GeneralizedMatrixEquations/Equation31.lean,Source,MatrixEquations,Chapter16,8127,14,4,4,4,28.571429,2,2,0,0,0,0,0,
NumStability.Source.Higham.Chapter16.Section05.GeneralizedMatrixEquations.Equation32,NumStability/Source/Higham/Chapter16/Section05/GeneralizedMatrixEquations/Equation32.lean,Source,MatrixEquations,Chapter16,8127,12,3,3,3,25.0,2,2,0,0,0,0,0,
NumStability.Source.Higham.Chapter16.Spectrum.Minimizers,NumStability/Source/Higham/Chapter16/Spectrum/Minimizers.lean,Source,HighamSourceOther,Chapter16,634,549,16,16,16,2.91439,2,10,0,0,0,8,0,
NumStability.Source.Higham.Chapter16.Spectrum.Results,NumStability/Source/Higham/Chapter16/Spectrum/Results.lean,Source,HighamSourceOther,Chapter16,18514,7344,358,300,299,4.874728,8,12,6,3,20,382,20,19.1
NumStability.Source.Higham.Chapter16.VecNorm.Results,NumStability/Source/Higham/Chapter16/VecNorm/Results.lean,Source,HighamSourceOther,Chapter16,10070,523,48,48,48,9.17782,9,12,0,7,0,40,0,
NumStability.Source.Higham.Chapter16.VecPermutation.Notes,NumStability/Source/Higham/Chapter16/VecPermutation/Notes.lean,Source,HighamSourceOther,Chapter16,100,36,3,2,2,8.333333,3,1,0,2,0,2,0,
NumStability.Source.Higham.Chapter17,NumStability/Source/Higham/Chapter17.lean,Source,HighamSourceOther,Chapter17,35,28,0,0,0,0.0,28,0,0,28,0,0,0,
NumStability.Source.Higham.Chapter17.Equation01.ComputedIteration.Results,NumStability/Source/Higham/Chapter17/Equation01/ComputedIteration/Results.lean,Source,HighamSourceOther,Chapter17,3969,73,10,9,4,13.69863,5,3,8,2,4,16,4,4.0
NumStability.Source.Higham.Chapter17.Equation02.LocalError.Results,NumStability/Source/Higham/Chapter17/Equation02/LocalError/Results.lean,Source,HighamSourceOther,Chapter17,3967,20,1,1,1,5.0,3,0,4,3,1,0,1,0.0
NumStability.Source.Higham.Chapter17.Equation03.ComputedRecurrence.Results,NumStability/Source/Higham/Chapter17/Equation03/ComputedRecurrence/Results.lean,Source,HighamSourceOther,Chapter17,3970,35,1,1,1,2.857143,6,4,1,2,1,0,1,0.0
NumStability.Source.Higham.Chapter17.Equation04.FixedPoint.Results,NumStability/Source/Higham/Chapter17/Equation04/FixedPoint/Results.lean,Source,HighamSourceOther,Chapter17,3969,75,2,2,2,2.666667,5,3,1,2,1,1,1,1.0
NumStability.Source.Higham.Chapter17.Equation05.ErrorExpansion.Results,NumStability/Source/Higham/Chapter17/Equation05/ErrorExpansion/Results.lean,Source,HighamSourceOther,Chapter17,3972,117,3,3,3,2.564103,8,6,3,2,2,1,2,0.5
NumStability.Source.Higham.Chapter17.Equation06.ComponentwiseForward.Results,NumStability/Source/Higham/Chapter17/Equation06/ComponentwiseForward/Results.lean,Source,HighamSourceOther,Chapter17,3967,50,1,1,1,2.0,3,1,1,2,1,0,1,0.0
NumStability.Source.Higham.Chapter17.Equation07.NormwiseGrowth.Results,NumStability/Source/Higham/Chapter17/Equation07/NormwiseGrowth/Results.lean,Source,HighamSourceOther,Chapter17,3967,43,6,6,5,13.953488,3,1,3,2,1,8,1,8.0
NumStability.Source.Higham.Chapter17.Equation08.NormwiseForward.Results,NumStability/Source/Higham/Chapter17/Equation08/NormwiseForward/Results.lean,Source,HighamSourceOther,Chapter17,3970,73,8,1,1,10.958904,6,4,0,2,0,0,0,
NumStability.Source.Higham.Chapter17.Equation09.ComponentwiseGrowth.Results,NumStability/Source/Higham/Chapter17/Equation09/ComponentwiseGrowth/Results.lean,Source,HighamSourceOther,Chapter17,3967,46,6,6,5,13.043478,3,0,2,3,1,8,1,8.0
NumStability.Source.Higham.Chapter17.Equation10.LocalErrorSimplification.Results,NumStability/Source/Higham/Chapter17/Equation10/LocalErrorSimplification/Results.lean,Source,HighamSourceOther,Chapter17,3969,190,2,2,2,1.052632,5,3,3,2,2,0,2,0.0
NumStability.Source.Higham.Chapter17.Equation12.PartialSumBound.Results,NumStability/Source/Higham/Chapter17/Equation12/PartialSumBound/Results.lean,Source,HighamSourceOther,Chapter17,3967,19,1,1,1,5.263158,3,1,6,2,1,0,1,0.0
NumStability.Source.Higham.Chapter17.Equation13.ComponentwiseForward.Results,NumStability/Source/Higham/Chapter17/Equation13/ComponentwiseForward/Results.lean,Source,HighamSourceOther,Chapter17,3968,130,9,9,7,6.923077,4,2,7,2,5,12,5,2.4
NumStability.Source.Higham.Chapter17.Equation15.NormwiseForward.Results,NumStability/Source/Higham/Chapter17/Equation15/NormwiseForward/Results.lean,Source,HighamSourceOther,Chapter17,3969,52,1,1,1,1.923077,5,3,3,2,1,0,1,0.0
NumStability.Source.Higham.Chapter17.Equation16.Jacobi.Results,NumStability/Source/Higham/Chapter17/Equation16/Jacobi/Results.lean,Source,HighamSourceOther,Chapter17,3970,73,5,5,5,6.849315,6,4,3,2,3,5,3,1.666667
NumStability.Source.Higham.Chapter17.Equation17.SOR.Results,NumStability/Source/Higham/Chapter17/Equation17/SOR/Results.lean,Source,HighamSourceOther,Chapter17,3971,229,16,9,8,6.9869,7,5,1,2,3,13,3,4.333333
NumStability.Source.Higham.Chapter17.Equation18.ResidualRecurrence.Results,NumStability/Source/Higham/Chapter17/Equation18/ResidualRecurrence/Results.lean,Source,HighamSourceOther,Chapter17,3972,92,2,2,2,2.173913,8,6,2,2,2,1,2,0.5
NumStability.Source.Higham.Chapter17.Equation19.ResidualBound.Results,NumStability/Source/Higham/Chapter17/Equation19/ResidualBound/Results.lean,Source,HighamSourceOther,Chapter17,3970,159,9,2,2,5.660377,6,4,0,2,0,1,0,
NumStability.Source.Higham.Chapter17.Equation20.ResidualSigma.Results,NumStability/Source/Higham/Chapter17/Equation20/ResidualSigma/Results.lean,Source,HighamSourceOther,Chapter17,3970,169,16,15,15,9.467456,6,4,2,2,11,18,11,1.636364
NumStability.Source.Higham.Chapter17.Equation21.SingularIteration.Results,NumStability/Source/Higham/Chapter17/Equation21/SingularIteration/Results.lean,Source,HighamSourceOther,Chapter17,3970,50,2,2,2,4.0,6,4,1,2,2,0,2,0.0
NumStability.Source.Higham.Chapter17.Equation22,NumStability/Source/Higham/Chapter17/Equation22.lean,Source,HighamSourceOther,Chapter17,239,194,8,7,6,4.123711,1,7,0,0,0,7,0,
NumStability.Source.Higham.Chapter17.Equation27.SingularErrorSplit.Results,NumStability/Source/Higham/Chapter17/Equation27/SingularErrorSplit/Results.lean,Source,HighamSourceOther,Chapter17,3974,167,1,1,1,0.598802,10,8,1,2,1,0,1,0.0
NumStability.Source.Higham.Chapter17.Equation28.SingularErrorSplit.Results,NumStability/Source/Higham/Chapter17/Equation28/SingularErrorSplit/Results.lean,Source,HighamSourceOther,Chapter17,3967,21,1,1,1,4.761905,3,1,4,2,1,0,1,0.0
NumStability.Source.Higham.Chapter17.Equation29.SingularSource.Results,NumStability/Source/Higham/Chapter17/Equation29/SingularSource/Results.lean,Source,HighamSourceOther,Chapter17,3967,30,3,3,3,10.0,3,1,2,2,3,1,3,0.333333
NumStability.Source.Higham.Chapter17.Equation33.StoppingTests.Results,NumStability/Source/Higham/Chapter17/Equation33/StoppingTests/Results.lean,Source,HighamSourceOther,Chapter17,3970,220,6,6,6,2.727273,6,5,0,1,0,0,0,
NumStability.Source.Higham.Chapter17.Problem01,NumStability/Source/Higham/Chapter17/Problem01.lean,Source,HighamSourceOther,Chapter17,134,94,4,4,4,4.255319,1,2,0,0,0,3,0,
NumStability.Source.Higham.Chapter17.Results.All,NumStability/Source/Higham/Chapter17/Results/All.lean,Source,HighamSourceOther,Chapter17,19,12,0,0,0,0.0,12,0,0,12,0,0,0,
NumStability.Source.Higham.Chapter17.Results.Equation08.GeometricSummability,NumStability/Source/Higham/Chapter17/Results/Equation08/GeometricSummability.lean,Source,HighamSourceOther,Chapter17,49,27,2,2,2,7.407407,1,1,0,0,0,1,0,
NumStability.Source.Higham.Chapter17.Results.Equation12.AttainedPartialSumBound,NumStability/Source/Higham/Chapter17/Results/Equation12/AttainedPartialSumBound.lean,Source,HighamSourceOther,Chapter17,208,123,24,14,13,19.512195,1,2,3,0,4,31,4,7.75
NumStability.Source.Higham.Chapter17.Results.Equation15.UniformForwardBound,NumStability/Source/Higham/Chapter17/Results/Equation15/UniformForwardBound.lean,Source,HighamSourceOther,Chapter17,39,21,1,1,1,4.761905,2,4,0,0,0,0,0,
NumStability.Source.Higham.Chapter17.Results.Equation16.JacobiForwardBound,NumStability/Source/Higham/Chapter17/Results/Equation16/JacobiForwardBound.lean,Source,HighamSourceOther,Chapter17,39,23,1,1,1,4.347826,2,4,0,0,0,0,0,
NumStability.Source.Higham.Chapter17.Results.Equation17.SORForwardBound,NumStability/Source/Higham/Chapter17/Results/Equation17/SORForwardBound.lean,Source,HighamSourceOther,Chapter17,73,51,2,2,2,3.921569,2,5,0,0,0,0,0,
NumStability.Source.Higham.Chapter17.Results.Equation20.DiagonalizableBounds,NumStability/Source/Higham/Chapter17/Results/Equation20/DiagonalizableBounds.lean,Source,HighamSourceOther,Chapter17,593,423,11,6,6,2.600473,37,3,1,34,1,9,1,9.0
NumStability.Source.Higham.Chapter17.Results.Equation20.ResidualSigmaEnvelope,NumStability/Source/Higham/Chapter17/Results/Equation20/ResidualSigmaEnvelope.lean,Source,HighamSourceOther,Chapter17,255,163,15,15,15,9.202454,2,3,0,0,0,28,0,
NumStability.Source.Higham.Chapter17.Results.Equation27.SingularErrorSplit,NumStability/Source/Higham/Chapter17/Results/Equation27/SingularErrorSplit.lean,Source,HighamSourceOther,Chapter17,210,158,3,3,3,1.898734,40,9,1,31,1,1,1,1.0
NumStability.Source.Higham.Chapter17.Results.Equation29.SingularBounds,NumStability/Source/Higham/Chapter17/Results/Equation29/SingularBounds.lean,Source,HighamSourceOther,Chapter17,573,209,6,5,4,2.870813,37,7,1,30,2,4,2,2.0
NumStability.Source.Higham.Chapter17.Results.Section01.RoundedExecution,NumStability/Source/Higham/Chapter17/Results/Section01/RoundedExecution.lean,Source,HighamSourceOther,Chapter17,463,422,12,9,8,2.843602,38,12,0,28,0,12,0,
NumStability.Source.Higham.Chapter17.Results.Section04.DrazinConsequences,NumStability/Source/Higham/Chapter17/Results/Section04/DrazinConsequences.lean,Source,HighamSourceOther,Chapter17,1648,1342,41,41,41,3.055142,6,16,0,0,0,85,0,
NumStability.Source.Higham.Chapter17.Results.Series,NumStability/Source/Higham/Chapter17/Results/Series.lean,Source,HighamSourceOther,Chapter17,13,6,0,0,0,0.0,6,0,0,6,0,0,0,
NumStability.Source.Higham.Chapter17.Section02.ScaleIndependence.Results,NumStability/Source/Higham/Chapter17/Section02/ScaleIndependence/Results.lean,Source,HighamSourceOther,Chapter17,3969,201,3,3,3,1.492537,5,3,0,2,0,1,0,
NumStability.Source.Higham.Chapter17.Section04.PrintedConclusions.Results,NumStability/Source/Higham/Chapter17/Section04/PrintedConclusions/Results.lean,Source,HighamSourceOther,Chapter17,3971,94,3,3,3,3.191489,7,5,1,2,2,2,2,1.0
NumStability.Source.Higham.Chapter18,NumStability/Source/Higham/Chapter18.lean,Source,HighamSourceOther,Chapter18,8,2,0,0,0,0.0,2,0,0,2,0,0,0,
NumStability.Source.Higham.Chapter18.Section01,NumStability/Source/Higham/Chapter18/Section01.lean,Source,HighamSourceOther,Chapter18,8,2,0,0,0,0.0,2,0,0,2,0,0,0,
NumStability.Source.Higham.Chapter18.Section01.MatrixPowerBounds,NumStability/Source/Higham/Chapter18/Section01/MatrixPowerBounds.lean,Source,MatrixPowers,Chapter18,8,2,0,0,0,0.0,2,0,0,2,0,0,0,
NumStability.Source.Higham.Chapter18.Section01.MatrixPowerBounds.Equations04And05,NumStability/Source/Higham/Chapter18/Section01/MatrixPowerBounds/Equations04And05.lean,Source,MatrixPowers,Chapter18,7,1,0,0,0,0.0,1,0,0,1,0,0,0,
NumStability.Source.Higham.Chapter18.Section01.MatrixPowerBounds.Equations04And05.All,NumStability/Source/Higham/Chapter18/Section01/MatrixPowerBounds/Equations04And05/All.lean,Source,MatrixPowers,Chapter18,11,5,0,0,0,0.0,5,0,0,5,0,0,0,
NumStability.Source.Higham.Chapter18.Section01.MatrixPowerBounds.Equations04And05.Equation05Primary,NumStability/Source/Higham/Chapter18/Section01/MatrixPowerBounds/Equations04And05/Equation05Primary.lean,Source,MatrixPowers,Chapter18,348,228,3,2,2,1.315789,9,9,0,0,0,1,0,
NumStability.Source.Higham.Chapter18.Section01.MatrixPowerBounds.Equations04And05.LpDiagonal,NumStability/Source/Higham/Chapter18/Section01/MatrixPowerBounds/Equations04And05/LpDiagonal.lean,Source,MatrixPowers,Chapter18,457,160,2,2,2,1.25,5,5,0,0,0,0,0,
NumStability.Source.Higham.Chapter18.Section01.MatrixPowerBounds.Equations04And05.LpJordan,NumStability/Source/Higham/Chapter18/Section01/MatrixPowerBounds/Equations04And05/LpJordan.lean,Source,MatrixPowers,Chapter18,534,189,1,1,1,0.529101,6,6,1,0,1,0,1,0.0
NumStability.Source.Higham.Chapter18.Section01.MatrixPowerBounds.Equations04And05.RealDiagonal,NumStability/Source/Higham/Chapter18/Section01/MatrixPowerBounds/Equations04And05/RealDiagonal.lean,Source,MatrixPowers,Chapter18,1099,116,2,2,2,1.724138,3,2,0,1,0,0,0,
NumStability.Source.Higham.Chapter18.Section01.MatrixPowerBounds.Equations04And05.RealJordan,NumStability/Source/Higham/Chapter18/Section01/MatrixPowerBounds/Equations04And05/RealJordan.lean,Source,MatrixPowers,Chapter18,807,106,2,1,1,1.886792,3,3,0,0,0,1,0,
NumStability.Source.Higham.Chapter18.Section01.MatrixPowerBounds.NamedBounds,NumStability/Source/Higham/Chapter18/Section01/MatrixPowerBounds/NamedBounds.lean,Source,MatrixPowers,Chapter18,7,1,0,0,0,0.0,1,0,0,1,0,0,0,
NumStability.Source.Higham.Chapter18.Section01.MatrixPowerBounds.NamedBounds.All,NumStability/Source/Higham/Chapter18/Section01/MatrixPowerBounds/NamedBounds/All.lean,Source,MatrixPowers,Chapter18,21,15,0,0,0,0.0,15,0,0,15,0,0,0,
NumStability.Source.Higham.Chapter18.Section01.MatrixPowerBounds.NamedBounds.BaiDemmelGu,NumStability/Source/Higham/Chapter18/Section01/MatrixPowerBounds/NamedBounds/BaiDemmelGu.lean,Source,MatrixPowers,Chapter18,711,111,3,3,3,2.702703,1,1,0,0,0,2,0,
NumStability.Source.Higham.Chapter18.Section01.MatrixPowerBounds.NamedBounds.BaiDemmelGuDistance,NumStability/Source/Higham/Chapter18/Section01/MatrixPowerBounds/NamedBounds/BaiDemmelGuDistance.lean,Source,MatrixPowers,Chapter18,7,1,0,0,0,0.0,1,0,0,1,0,0,0,
NumStability.Source.Higham.Chapter18.Section01.MatrixPowerBounds.NamedBounds.BergerHermitian,NumStability/Source/Higham/Chapter18/Section01/MatrixPowerBounds/NamedBounds/BergerHermitian.lean,Source,MatrixPowers,Chapter18,7,1,0,0,0,0.0,1,0,0,1,0,0,0,
NumStability.Source.Higham.Chapter18.Section01.MatrixPowerBounds.NamedBounds.Gautschi,NumStability/Source/Higham/Chapter18/Section01/MatrixPowerBounds/NamedBounds/Gautschi.lean,Source,MatrixPowers,Chapter18,177,95,2,2,2,2.105263,8,8,0,0,0,0,0,
NumStability.Source.Higham.Chapter18.Section01.MatrixPowerBounds.NamedBounds.HenriciDeparture,NumStability/Source/Higham/Chapter18/Section01/MatrixPowerBounds/NamedBounds/HenriciDeparture.lean,Source,MatrixPowers,Chapter18,7,1,0,0,0,0.0,1,0,0,1,0,0,0,
NumStability.Source.Higham.Chapter18.Section01.MatrixPowerBounds.NamedBounds.HenriciExtremal,NumStability/Source/Higham/Chapter18/Section01/MatrixPowerBounds/NamedBounds/HenriciExtremal.lean,Source,MatrixPowers,Chapter18,7,1,0,0,0,0.0,1,0,0,1,0,0,0,
NumStability.Source.Higham.Chapter18.Section01.MatrixPowerBounds.NamedBounds.HenriciImprovedConstant,NumStability/Source/Higham/Chapter18/Section01/MatrixPowerBounds/NamedBounds/HenriciImprovedConstant.lean,Source,MatrixPowers,Chapter18,7,1,0,0,0,0.0,1,0,0,1,0,0,0,
NumStability.Source.Higham.Chapter18.Section01.MatrixPowerBounds.NamedBounds.HenriciSharpConstant,NumStability/Source/Higham/Chapter18/Section01/MatrixPowerBounds/NamedBounds/HenriciSharpConstant.lean,Source,MatrixPowers,Chapter18,7,1,0,0,0,0.0,1,0,0,1,0,0,0,
NumStability.Source.Higham.Chapter18.Section01.MatrixPowerBounds.NamedBounds.Kreiss,NumStability/Source/Higham/Chapter18/Section01/MatrixPowerBounds/NamedBounds/Kreiss.lean,Source,MatrixPowers,Chapter18,452,21,2,2,2,9.52381,1,1,1,0,1,0,1,0.0
NumStability.Source.Higham.Chapter18.Section01.MatrixPowerBounds.NamedBounds.Laszlo,NumStability/Source/Higham/Chapter18/Section01/MatrixPowerBounds/NamedBounds/Laszlo.lean,Source,MatrixPowers,Chapter18,528,26,1,1,1,3.846154,3,3,0,0,0,0,0,
NumStability.Source.Higham.Chapter18.Section01.MatrixPowerBounds.NamedBounds.NumericalRadius,NumStability/Source/Higham/Chapter18/Section01/MatrixPowerBounds/NamedBounds/NumericalRadius.lean,Source,MatrixPowers,Chapter18,7,1,0,0,0,0.0,1,0,0,1,0,0,0,
NumStability.Source.Higham.Chapter18.Section01.MatrixPowerBounds.NamedBounds.SpijkerKreiss,NumStability/Source/Higham/Chapter18/Section01/MatrixPowerBounds/NamedBounds/SpijkerKreiss.lean,Source,MatrixPowers,Chapter18,632,40,2,2,2,5.0,3,3,1,0,2,1,2,0.5
NumStability.Source.Higham.Chapter18.Section01.MatrixPowerBounds.NamedBounds.SpijkerKreissUnconditional,NumStability/Source/Higham/Chapter18/Section01/MatrixPowerBounds/NamedBounds/SpijkerKreissUnconditional.lean,Source,Norms,Chapter18,7,1,0,0,0,0.0,1,0,0,1,0,0,0,
NumStability.Source.Higham.Chapter18.Section01.MatrixPowerBounds.NamedBounds.SpijkerKreissUnconditional.Bounds,NumStability/Source/Higham/Chapter18/Section01/MatrixPowerBounds/NamedBounds/SpijkerKreissUnconditional/Bounds.lean,Source,Norms,Chapter18,114,96,2,2,2,2.083333,41,3,0,38,0,0,0,
NumStability.Source.Higham.Chapter18.Section01.MatrixPowerBounds.NamedBounds.SpijkerProjectionIntegral,NumStability/Source/Higham/Chapter18/Section01/MatrixPowerBounds/NamedBounds/SpijkerProjectionIntegral.lean,Source,MatrixPowers,Chapter18,7,1,0,0,0,0.0,1,0,0,1,0,0,0,
NumStability.Source.Higham.Chapter18.Section01.MatrixPowerBounds.NamedBounds.SpijkerRational,NumStability/Source/Higham/Chapter18/Section01/MatrixPowerBounds/NamedBounds/SpijkerRational.lean,Source,MatrixPowers,Chapter18,7,1,0,0,0,0.0,1,0,0,1,0,0,0,
NumStability.Source.Higham.Chapter18.Section01.SchurDecomposition.All,NumStability/Source/Higham/Chapter18/Section01/SchurDecomposition/All.lean,Source,Spectral,Chapter18,7,1,0,0,0,0.0,1,0,0,1,0,0,0,
NumStability.Source.Higham.Chapter18.Section01.SchurDecomposition.ComplexTriangulation,NumStability/Source/Higham/Chapter18/Section01/SchurDecomposition/ComplexTriangulation.lean,Source,Spectral,Chapter18,7,1,0,0,0,0.0,1,0,0,1,0,0,0,
NumStability.Source.Higham.Chapter18.Section02,NumStability/Source/Higham/Chapter18/Section02.lean,Source,HighamSourceOther,Chapter18,7,1,0,0,0,0.0,1,0,0,1,0,0,0,
NumStability.Source.Higham.Chapter18.Section02.FinitePrecisionPowers,NumStability/Source/Higham/Chapter18/Section02/FinitePrecisionPowers.lean,Source,FloatingPoint,Chapter18,8,2,0,0,0,0.0,2,0,0,2,0,0,0,
NumStability.Source.Higham.Chapter18.Section02.FinitePrecisionPowers.Equations08To14,NumStability/Source/Higham/Chapter18/Section02/FinitePrecisionPowers/Equations08To14.lean,Source,FloatingPoint,Chapter18,7,1,0,0,0,0.0,1,0,0,1,0,0,0,
NumStability.Source.Higham.Chapter18.Section02.FinitePrecisionPowers.Equations08To14.All,NumStability/Source/Higham/Chapter18/Section02/FinitePrecisionPowers/Equations08To14/All.lean,Source,FloatingPoint,Chapter18,14,8,0,0,0,0.0,8,0,0,8,0,0,0,
NumStability.Source.Higham.Chapter18.Section02.FinitePrecisionPowers.Equations08To14.ComplexSimilarity,NumStability/Source/Higham/Chapter18/Section02/FinitePrecisionPowers/Equations08To14/ComplexSimilarity.lean,Source,FloatingPoint,Chapter18,1055,129,2,2,2,1.550388,5,5,1,0,1,1,1,1.0
NumStability.Source.Higham.Chapter18.Section02.FinitePrecisionPowers.Equations08To14.ComputedIteration,NumStability/Source/Higham/Chapter18/Section02/FinitePrecisionPowers/Equations08To14/ComputedIteration.lean,Source,FloatingPoint,Chapter18,1101,320,14,10,10,4.375,5,5,2,0,2,11,2,5.5
NumStability.Source.Higham.Chapter18.Section02.FinitePrecisionPowers.Equations08To14.DunfordResidue,NumStability/Source/Higham/Chapter18/Section02/FinitePrecisionPowers/Equations08To14/DunfordResidue.lean,Source,FloatingPoint,Chapter18,7,1,0,0,0,0.0,1,0,0,1,0,0,0,
NumStability.Source.Higham.Chapter18.Section02.FinitePrecisionPowers.Equations08To14.PowerBound,NumStability/Source/Higham/Chapter18/Section02/FinitePrecisionPowers/Equations08To14/PowerBound.lean,Source,FloatingPoint,Chapter18,297,39,2,2,2,5.128205,1,1,0,0,0,1,0,
NumStability.Source.Higham.Chapter18.Section02.FinitePrecisionPowers.Equations08To14.PseudospectralLowerBound,NumStability/Source/Higham/Chapter18/Section02/FinitePrecisionPowers/Equations08To14/PseudospectralLowerBound.lean,Source,FloatingPoint,Chapter18,7,1,0,0,0,0.0,1,0,0,1,0,0,0,
NumStability.Source.Higham.Chapter18.Section02.FinitePrecisionPowers.Equations08To14.PseudospectralRadius,NumStability/Source/Higham/Chapter18/Section02/FinitePrecisionPowers/Equations08To14/PseudospectralRadius.lean,Source,FloatingPoint,Chapter18,7,1,0,0,0,0.0,1,0,0,1,0,0,0,
NumStability.Source.Higham.Chapter18.Section02.FinitePrecisionPowers.Equations08To14.ResolventCalculus,NumStability/Source/Higham/Chapter18/Section02/FinitePrecisionPowers/Equations08To14/ResolventCalculus.lean,Source,FloatingPoint,Chapter18,7,1,0,0,0,0.0,1,0,0,1,0,0,0,
NumStability.Source.Higham.Chapter18.Section02.FinitePrecisionPowers.Equations08To14.ResolventLowerBound,NumStability/Source/Higham/Chapter18/Section02/FinitePrecisionPowers/Equations08To14/ResolventLowerBound.lean,Source,FloatingPoint,Chapter18,7,1,0,0,0,0.0,1,0,0,1,0,0,0,
NumStability.Source.Higham.Chapter18.Section02.FinitePrecisionPowers.Theorems01And02,NumStability/Source/Higham/Chapter18/Section02/FinitePrecisionPowers/Theorems01And02.lean,Source,FloatingPoint,Chapter18,7,1,0,0,0,0.0,1,0,0,1,0,0,0,
NumStability.Source.Higham.Chapter18.Section02.FinitePrecisionPowers.Theorems01And02.All,NumStability/Source/Higham/Chapter18/Section02/FinitePrecisionPowers/Theorems01And02/All.lean,Source,FloatingPoint,Chapter18,12,6,0,0,0,0.0,6,0,0,6,0,0,0,
NumStability.Source.Higham.Chapter18.Section02.FinitePrecisionPowers.Theorems01And02.ComplexJordan,NumStability/Source/Higham/Chapter18/Section02/FinitePrecisionPowers/Theorems01And02/ComplexJordan.lean,Source,FloatingPoint,Chapter18,1057,69,2,2,2,2.898551,7,7,2,0,1,1,1,1.0
NumStability.Source.Higham.Chapter18.Section02.FinitePrecisionPowers.Theorems01And02.PseudospectralCriterion,NumStability/Source/Higham/Chapter18/Section02/FinitePrecisionPowers/Theorems01And02/PseudospectralCriterion.lean,Source,FloatingPoint,Chapter18,284,69,2,2,2,2.898551,8,8,0,0,0,1,0,
NumStability.Source.Higham.Chapter18.Section02.FinitePrecisionPowers.Theorems01And02.PseudospectralPackaging,NumStability/Source/Higham/Chapter18/Section02/FinitePrecisionPowers/Theorems01And02/PseudospectralPackaging.lean,Source,FloatingPoint,Chapter18,169,58,2,2,2,3.448276,7,7,0,0,0,1,0,
NumStability.Source.Higham.Chapter18.Section02.FinitePrecisionPowers.Theorems01And02.RealCases,NumStability/Source/Higham/Chapter18/Section02/FinitePrecisionPowers/Theorems01And02/RealCases.lean,Source,FloatingPoint,Chapter18,1102,100,5,5,5,5.0,6,6,1,0,2,4,2,2.0
NumStability.Source.Higham.Chapter18.Section02.FinitePrecisionPowers.Theorems01And02.RealJordan,NumStability/Source/Higham/Chapter18/Section02/FinitePrecisionPowers/Theorems01And02/RealJordan.lean,Source,FloatingPoint,Chapter18,810,98,5,2,2,5.102041,6,6,0,0,0,4,0,
NumStability.Source.Higham.Chapter18.Section02.FinitePrecisionPowers.Theorems01And02.SpectralCriterion,NumStability/Source/Higham/Chapter18/Section02/FinitePrecisionPowers/Theorems01And02/SpectralCriterion.lean,Source,FloatingPoint,Chapter18,237,101,3,3,3,2.970297,6,6,0,0,0,2,0,
NumStability.Source.Higham.Chapter19,NumStability/Source/Higham/Chapter19.lean,Source,HighamSourceOther,Chapter19,49,43,0,0,0,0.0,43,0,0,43,0,0,0,
NumStability.Source.Higham.Chapter19.Algorithm11.CGSRounded,NumStability/Source/Higham/Chapter19/Algorithm11/CGSRounded.lean,Source,HighamSourceOther,Chapter19,878,566,76,61,44,13.427562,2,7,2,0,11,199,11,18.090909
NumStability.Source.Higham.Chapter19.Algorithm12.MGSClosure,NumStability/Source/Higham/Chapter19/Algorithm12/MGSClosure.lean,Source,HighamSourceOther,Chapter19,96,58,12,11,7,20.689655,1,6,0,1,0,18,0,
NumStability.Source.Higham.Chapter19.Algorithm12.MGSNonbreakdown,NumStability/Source/Higham/Chapter19/Algorithm12/MGSNonbreakdown.lean,Source,HighamSourceOther,Chapter19,214,165,36,20,15,21.818182,1,9,0,0,0,200,0,
NumStability.Source.Higham.Chapter19.Algorithm12.MGSPaddedClosure,NumStability/Source/Higham/Chapter19/Algorithm12/MGSPaddedClosure.lean,Source,HighamSourceOther,Chapter19,2251,2028,158,117,93,7.790927,3,13,2,2,23,408,23,17.73913
NumStability.Source.Higham.Chapter19.Algorithm12.MGSRepair,NumStability/Source/Higham/Chapter19/Algorithm12/MGSRepair.lean,Source,HighamSourceOther,Chapter19,219,170,15,8,8,8.823529,1,6,1,0,3,14,3,4.666667
NumStability.Source.Higham.Chapter19.Algorithm12.MGSRounded,NumStability/Source/Higham/Chapter19/Algorithm12/MGSRounded.lean,Source,HighamSourceOther,Chapter19,1131,896,120,90,69,13.392857,2,9,7,0,39,256,39,6.564103
NumStability.Source.Higham.Chapter19.Algorithm12.MGSSourceRate,NumStability/Source/Higham/Chapter19/Algorithm12/MGSSourceRate.lean,Source,HighamSourceOther,Chapter19,986,899,77,62,54,8.565072,2,11,1,1,5,213,5,42.6
NumStability.Source.Higham.Chapter19.Core,NumStability/Source/Higham/Chapter19/Core.lean,Source,HighamSourceOther,Chapter19,40752,36307,1271,1095,1016,3.500702,6,18,28,2,39,4218,39,108.153846
NumStability.Source.Higham.Chapter19.FormedQ,NumStability/Source/Higham/Chapter19/FormedQ.lean,Source,HighamSourceOther,Chapter19,241,133,6,5,5,4.511278,2,6,0,0,0,4,0,
NumStability.Source.Higham.Chapter19.Labels,NumStability/Source/Higham/Chapter19/Labels.lean,Source,HighamSourceOther,Chapter19,837,587,35,11,11,5.962521,9,13,2,0,1,22,1,22.0
NumStability.Source.Higham.Chapter19.Lemma01.Construction2,NumStability/Source/Higham/Chapter19/Lemma01/Construction2.lean,Source,HighamSourceOther,Chapter19,34,11,1,1,1,9.090909,1,3,0,0,0,0,0,
NumStability.Source.Higham.Chapter19.Lemma03.ActualSequence,NumStability/Source/Higham/Chapter19/Lemma03/ActualSequence.lean,Source,HighamSourceOther,Chapter19,252,229,2,2,2,0.873362,1,6,0,0,0,0,0,
NumStability.Source.Higham.Chapter19.Lemma07.Gamma4,NumStability/Source/Higham/Chapter19/Lemma07/Gamma4.lean,Source,HighamSourceOther,Chapter19,318,186,17,7,7,9.139785,4,4,1,0,1,10,1,10.0
NumStability.Source.Higham.Chapter19.Lemma09.DisjointSweep,NumStability/Source/Higham/Chapter19/Lemma09/DisjointSweep.lean,Source,HighamSourceOther,Chapter19,1664,1246,78,66,51,6.260032,6,8,1,2,7,260,7,37.142857
NumStability.Source.Higham.Chapter19.PolarNearest,NumStability/Source/Higham/Chapter19/PolarNearest.lean,Source,HighamSourceOther,Chapter19,556,505,7,7,7,1.386139,2,5,0,0,0,7,0,
NumStability.Source.Higham.Chapter19.Problem06.ActualStep,NumStability/Source/Higham/Chapter19/Problem06/ActualStep.lean,Source,HighamSourceOther,Chapter19,176,146,5,2,2,3.424658,1,7,0,0,0,4,0,
NumStability.Source.Higham.Chapter19.Problem09,NumStability/Source/Higham/Chapter19/Problem09.lean,Source,HighamSourceOther,Chapter19,317,269,17,15,12,6.319703,4,4,0,2,0,35,0,
NumStability.Source.Higham.Chapter19.Problem10,NumStability/Source/Higham/Chapter19/Problem10.lean,Source,HighamSourceOther,Chapter19,1508,1315,139,46,36,10.570342,2,11,0,0,0,453,0,
NumStability.Source.Higham.Chapter19.Sensitivity,NumStability/Source/Higham/Chapter19/Sensitivity.lean,Source,HighamSourceOther,Chapter19,18,2,0,0,0,0.0,2,0,0,2,0,0,0,
NumStability.Source.Higham.Chapter19.Sensitivity.Bounds.Results,NumStability/Source/Higham/Chapter19/Sensitivity/Bounds/Results.lean,Source,HighamSourceOther,Chapter19,1328,1047,77,65,53,7.354346,2,4,2,0,21,160,21,7.619048
NumStability.Source.Higham.Chapter19.Sensitivity.Closure,NumStability/Source/Higham/Chapter19/Sensitivity/Closure.lean,Source,HighamSourceOther,Chapter19,664,619,20,9,9,3.231018,1,4,0,0,0,13,0,
NumStability.Source.Higham.Chapter19.StoredLoop,NumStability/Source/Higham/Chapter19/StoredLoop.lean,Source,HighamSourceOther,Chapter19,19,3,0,0,0,0.0,3,0,0,3,0,0,0,
NumStability.Source.Higham.Chapter19.StoredLoop.AllPivots,NumStability/Source/Higham/Chapter19/StoredLoop/AllPivots.lean,Source,LU,Chapter19,504,318,21,19,14,6.603774,4,6,0,2,0,40,0,
NumStability.Source.Higham.Chapter19.StoredLoop.Perturbation.Bridge,NumStability/Source/Higham/Chapter19/StoredLoop/Perturbation/Bridge.lean,Source,Perturbation,Chapter19,278,96,8,8,8,8.333333,2,5,1,0,2,11,2,5.5
NumStability.Source.Higham.Chapter19.StoredLoop.StrongModel,NumStability/Source/Higham/Chapter19/StoredLoop/StrongModel.lean,Source,HighamSourceOther,Chapter19,282,122,14,13,9,11.47541,3,8,0,1,0,26,0,
NumStability.Source.Higham.Chapter19.SunBischof,NumStability/Source/Higham/Chapter19/SunBischof.lean,Source,HighamSourceOther,Chapter19,549,436,54,42,35,12.385321,1,1,0,1,0,131,0,
NumStability.Source.Higham.Chapter19.Theorem05.Nonbreakdown,NumStability/Source/Higham/Chapter19/Theorem05/Nonbreakdown.lean,Source,HighamSourceOther,Chapter19,328,272,12,11,9,4.411765,1,12,0,0,0,19,0,
NumStability.Source.Higham.Chapter19.Theorem05.SourceClosure,NumStability/Source/Higham/Chapter19/Theorem05/SourceClosure.lean,Source,HighamSourceOther,Chapter19,1310,1140,69,54,37,6.052632,3,17,1,0,8,141,8,17.625
NumStability.Source.Higham.Chapter19.Theorem06.ActualSource,NumStability/Source/Higham/Chapter19/Theorem06/ActualSource.lean,Source,HighamSourceOther,Chapter19,30,9,2,2,2,22.222222,1,8,0,0,0,0,0,
NumStability.Source.Higham.Chapter19.Theorem06.ColumnPivot,NumStability/Source/Higham/Chapter19/Theorem06/ColumnPivot.lean,Source,LU,Chapter19,424,170,24,22,19,14.117647,1,8,3,1,5,34,5,6.8
NumStability.Source.Higham.Chapter19.Theorem06.ColumnPivotFull,NumStability/Source/Higham/Chapter19/Theorem06/ColumnPivotFull.lean,Source,LU,Chapter19,625,320,29,26,20,9.0625,1,12,2,0,15,64,15,4.266667
NumStability.Source.Higham.Chapter19.Theorem06.CoxHigham,NumStability/Source/Higham/Chapter19/Theorem06/CoxHigham.lean,Source,HighamSourceOther,Chapter19,610,281,31,16,15,11.032028,2,4,14,1,11,11,11,1.0
NumStability.Source.Higham.Chapter19.Theorem06.CoxHighamAssembly,NumStability/Source/Higham/Chapter19/Theorem06/CoxHighamAssembly.lean,Source,HighamSourceOther,Chapter19,189,32,2,2,2,6.25,1,3,2,0,1,1,1,1.0
NumStability.Source.Higham.Chapter19.Theorem06.CoxHighamConcrete,NumStability/Source/Higham/Chapter19/Theorem06/CoxHighamConcrete.lean,Source,HighamSourceOther,Chapter19,410,197,22,16,9,11.167513,3,7,10,0,9,36,9,4.0
NumStability.Source.Higham.Chapter19.Theorem06.CoxHighamFull,NumStability/Source/Higham/Chapter19/Theorem06/CoxHighamFull.lean,Source,HighamSourceOther,Chapter19,392,165,6,6,6,3.636364,4,11,2,1,2,3,2,1.5
NumStability.Source.Higham.Chapter19.Theorem06.Elementwise,NumStability/Source/Higham/Chapter19/Theorem06/Elementwise.lean,Source,HighamSourceOther,Chapter19,443,226,6,6,6,2.654867,2,8,0,1,0,3,0,
NumStability.Source.Higham.Chapter19.Theorem06.ElementwiseEntry,NumStability/Source/Higham/Chapter19/Theorem06/ElementwiseEntry.lean,Source,HighamSourceOther,Chapter19,767,459,13,9,9,2.832244,1,7,1,0,1,11,1,11.0
NumStability.Source.Higham.Chapter19.Theorem06.ElementwisePackaged,NumStability/Source/Higham/Chapter19/Theorem06/ElementwisePackaged.lean,Source,HighamSourceOther,Chapter19,583,286,11,11,10,3.846154,1,6,2,1,3,16,3,5.333333
NumStability.Source.Higham.Chapter19.Theorem06.Final,NumStability/Source/Higham/Chapter19/Theorem06/Final.lean,Source,HighamSourceOther,Chapter19,572,305,22,19,13,7.213115,1,9,1,0,6,41,6,6.833333
NumStability.Source.Higham.Chapter19.Theorem06.Pivoted,NumStability/Source/Higham/Chapter19/Theorem06/Pivoted.lean,Source,LU,Chapter19,364,149,17,17,14,11.409396,1,6,23,0,7,22,7,3.142857
NumStability.Source.Higham.Chapter19.Theorem06.RowSpecific,NumStability/Source/Higham/Chapter19/Theorem06/RowSpecific.lean,Source,HighamSourceOther,Chapter19,354,105,12,12,12,11.428571,1,5,7,1,7,16,7,2.285714
NumStability.Source.Higham.Chapter19.Theorem06.StrongModel,NumStability/Source/Higham/Chapter19/Theorem06/StrongModel.lean,Source,HighamSourceOther,Chapter19,820,482,20,16,14,4.149378,1,13,0,0,0,37,0,
NumStability.Source.Higham.Chapter19.Theorem10.ActualMatrix,NumStability/Source/Higham/Chapter19/Theorem10/ActualMatrix.lean,Source,HighamSourceOther,Chapter19,817,768,47,40,30,6.119792,2,10,0,0,0,100,0,
NumStability.Source.Higham.Chapter19.TurnbullAitken,NumStability/Source/Higham/Chapter19/TurnbullAitken.lean,Source,Nonlinear,Chapter19,455,377,46,24,16,12.201592,2,3,0,0,0,97,0,
NumStability.Source.Higham.Chapter19.WYApplicationClosure,NumStability/Source/Higham/Chapter19/WYApplicationClosure.lean,Source,HighamSourceOther,Chapter19,917,772,105,100,70,13.601036,2,4,1,1,1,199,1,199.0
NumStability.Source.Higham.Chapter20,NumStability/Source/Higham/Chapter20.lean,Source,HighamSourceOther,Chapter20,50,43,0,0,0,0.0,43,0,0,43,0,0,0,
NumStability.Source.Higham.Chapter20.Equation32,NumStability/Source/Higham/Chapter20/Equation32.lean,Source,HighamSourceOther,Chapter20,67,50,1,1,1,2.0,1,2,0,0,0,0,0,
NumStability.Source.Higham.Chapter20.Equations,NumStability/Source/Higham/Chapter20/Equations.lean,Source,HighamSourceOther,Chapter20,11,2,0,0,0,0.0,2,0,0,2,0,0,0,
NumStability.Source.Higham.Chapter20.Equations.Core.Results,NumStability/Source/Higham/Chapter20/Equations/Core/Results.lean,Source,HighamSourceOther,Chapter20,1137,1028,47,31,20,4.571984,14,14,2,0,13,57,13,4.384615
NumStability.Source.Higham.Chapter20.Equations.WeightedLimit,NumStability/Source/Higham/Chapter20/Equations/WeightedLimit.lean,Source,HighamSourceOther,Chapter20,310,280,9,8,7,3.214286,8,8,1,0,1,7,1,7.0
NumStability.Source.Higham.Chapter20.Examples.Condition,NumStability/Source/Higham/Chapter20/Examples/Condition.lean,Source,Norms,Chapter20,217,194,11,7,6,5.670103,11,6,0,7,0,12,0,
NumStability.Source.Higham.Chapter20.Examples.CrossProduct,NumStability/Source/Higham/Chapter20/Examples/CrossProduct.lean,Source,HighamSourceOther,Chapter20,201,165,23,13,12,13.939394,4,6,1,0,1,45,1,45.0
NumStability.Source.Higham.Chapter20.Examples.GeneralRank,NumStability/Source/Higham/Chapter20/Examples/GeneralRank.lean,Source,HighamSourceOther,Chapter20,411,392,46,1,1,11.734694,11,6,0,6,0,127,0,
NumStability.Source.Higham.Chapter20.Lemma06,NumStability/Source/Higham/Chapter20/Lemma06.lean,Source,HighamSourceOther,Chapter20,89,70,1,1,1,1.428571,3,4,0,0,0,0,0,
NumStability.Source.Higham.Chapter20.Lemma11,NumStability/Source/Higham/Chapter20/Lemma11.lean,Source,HighamSourceOther,Chapter20,11,2,0,0,0,0.0,2,0,0,2,0,0,0,
NumStability.Source.Higham.Chapter20.Lemma11.Core.Results,NumStability/Source/Higham/Chapter20/Lemma11/Core/Results.lean,Source,HighamSourceOther,Chapter20,587,565,33,4,4,5.840708,12,7,1,6,1,31,1,31.0
NumStability.Source.Higham.Chapter20.Lemma11.Support,NumStability/Source/Higham/Chapter20/Lemma11/Support.lean,Source,HighamSourceOther,Chapter20,1451,1300,27,27,27,2.076923,9,9,3,0,3,26,3,8.666667
NumStability.Source.Higham.Chapter20.Lemma12,NumStability/Source/Higham/Chapter20/Lemma12.lean,Source,HighamSourceOther,Chapter20,378,344,7,3,3,2.034884,12,7,0,6,0,7,0,
NumStability.Source.Higham.Chapter20.MinimumNormBackwardError,NumStability/Source/Higham/Chapter20/MinimumNormBackwardError.lean,Source,LeastSquares,Chapter20,253,211,20,10,7,9.478673,6,6,0,0,0,47,0,
NumStability.Source.Higham.Chapter20.NormalEquations,NumStability/Source/Higham/Chapter20/NormalEquations.lean,Source,HighamSourceOther,Chapter20,428,398,16,7,6,4.020101,16,16,0,1,0,9,0,
NumStability.Source.Higham.Chapter20.Problem03,NumStability/Source/Higham/Chapter20/Problem03.lean,Source,HighamSourceOther,Chapter20,303,273,23,17,12,8.424908,8,2,1,6,4,38,4,9.5
NumStability.Source.Higham.Chapter20.Problem05.MGSStability,NumStability/Source/Higham/Chapter20/Problem05/MGSStability.lean,Source,HighamSourceOther,Chapter20,764,650,48,46,31,7.384615,12,12,0,0,0,121,0,
NumStability.Source.Higham.Chapter20.Prose,NumStability/Source/Higham/Chapter20/Prose.lean,Source,HighamSourceOther,Chapter20,18,2,0,0,0,0.0,2,0,0,2,0,0,0,
NumStability.Source.Higham.Chapter20.Prose.Core.Results,NumStability/Source/Higham/Chapter20/Prose/Core/Results.lean,Source,HighamSourceOther,Chapter20,338,277,42,32,25,15.162455,10,10,2,0,3,65,3,21.666667
NumStability.Source.Higham.Chapter20.Prose.MoorePenrose,NumStability/Source/Higham/Chapter20/Prose/MoorePenrose.lean,Source,HighamSourceOther,Chapter20,232,208,18,12,8,8.653846,7,8,0,1,0,21,0,
NumStability.Source.Higham.Chapter20.Prose.Quantitative,NumStability/Source/Higham/Chapter20/Prose/Quantitative.lean,Source,HighamSourceOther,Chapter20,272,236,7,5,4,2.966102,11,11,0,1,0,3,0,
NumStability.Source.Higham.Chapter20.Remaining,NumStability/Source/Higham/Chapter20/Remaining.lean,Source,HighamSourceOther,Chapter20,412,351,22,12,12,6.267806,12,12,1,0,1,20,1,20.0
NumStability.Source.Higham.Chapter20.Section02.Algorithms,NumStability/Source/Higham/Chapter20/Section02/Algorithms.lean,Source,HighamSourceOther,Chapter20,89,71,4,4,4,5.633803,8,8,0,0,0,2,0,
NumStability.Source.Higham.Chapter20.Theorem01,NumStability/Source/Higham/Chapter20/Theorem01.lean,Source,HighamSourceOther,Chapter20,97,78,1,1,1,1.282051,2,3,0,0,0,0,0,
NumStability.Source.Higham.Chapter20.Theorem02.AlternativeBound,NumStability/Source/Higham/Chapter20/Theorem02/AlternativeBound.lean,Source,HighamSourceOther,Chapter20,266,243,7,7,6,2.880658,10,10,1,0,2,10,2,5.0
NumStability.Source.Higham.Chapter20.Theorem03,NumStability/Source/Higham/Chapter20/Theorem03.lean,Source,HighamSourceOther,Chapter20,19,2,0,0,0,0.0,2,0,0,2,0,0,0,
NumStability.Source.Higham.Chapter20.Theorem03.Core.Results,NumStability/Source/Higham/Chapter20/Theorem03/Core/Results.lean,Source,HighamSourceOther,Chapter20,213,175,12,11,8,6.857143,9,9,3,0,8,15,8,1.875
NumStability.Source.Higham.Chapter20.Theorem03.QRSolve,NumStability/Source/Higham/Chapter20/Theorem03/QRSolve.lean,Source,QR,Chapter20,24613,22416,791,569,509,3.528729,34,35,18,0,56,1953,56,34.875
NumStability.Source.Higham.Chapter20.Theorem03.ResidualQuality,NumStability/Source/Higham/Chapter20/Theorem03/ResidualQuality.lean,Source,HighamSourceOther,Chapter20,1320,1251,16,16,15,1.278977,18,18,0,1,0,33,0,
NumStability.Source.Higham.Chapter20.Theorem03.ZeroDeltaB,NumStability/Source/Higham/Chapter20/Theorem03/ZeroDeltaB.lean,Source,HighamSourceOther,Chapter20,1290,1197,86,68,46,7.184628,14,15,1,2,2,244,2,122.0
NumStability.Source.Higham.Chapter20.Theorem04,NumStability/Source/Higham/Chapter20/Theorem04.lean,Source,HighamSourceOther,Chapter20,11,2,0,0,0,0.0,2,0,0,2,0,0,0,
NumStability.Source.Higham.Chapter20.Theorem04.Core.Results,NumStability/Source/Higham/Chapter20/Theorem04/Core/Results.lean,Source,HighamSourceOther,Chapter20,621,591,21,10,9,3.553299,13,13,0,0,0,22,0,
NumStability.Source.Higham.Chapter20.Theorem04.Refinement,NumStability/Source/Higham/Chapter20/Theorem04/Refinement.lean,Source,HighamSourceOther,Chapter20,436,399,58,54,34,14.536341,15,15,0,1,0,105,0,
NumStability.Source.Higham.Chapter20.Theorem07,NumStability/Source/Higham/Chapter20/Theorem07.lean,Source,HighamSourceOther,Chapter20,28,1,0,0,0,0.0,1,0,0,1,0,0,0,
NumStability.Source.Higham.Chapter20.Theorem07.ActualAssembly,NumStability/Source/Higham/Chapter20/Theorem07/ActualAssembly.lean,Source,HighamSourceOther,Chapter20,1947,1859,135,105,79,7.261969,14,14,2,1,32,357,32,11.15625
NumStability.Source.Higham.Chapter20.Theorem07.ActualBackSub,NumStability/Source/Higham/Chapter20/Theorem07/ActualBackSub.lean,Source,HighamSourceOther,Chapter20,1232,1169,71,49,34,6.073567,22,22,0,1,0,124,0,
NumStability.Source.Higham.Chapter20.Theorem07.ActualClosure,NumStability/Source/Higham/Chapter20/Theorem07/ActualClosure.lean,Source,HighamSourceOther,Chapter20,1152,1082,59,35,30,5.452865,12,12,5,1,17,74,17,4.352941
NumStability.Source.Higham.Chapter20.Theorem07.ActualGrowth,NumStability/Source/Higham/Chapter20/Theorem07/ActualGrowth.lean,Source,HighamSourceOther,Chapter20,287,266,10,4,4,3.759398,10,10,1,1,1,9,1,9.0
NumStability.Source.Higham.Chapter20.Theorem07.ActualRhs,NumStability/Source/Higham/Chapter20/Theorem07/ActualRhs.lean,Source,HighamSourceOther,Chapter20,477,438,38,35,26,8.675799,11,11,2,1,14,99,14,7.071429
NumStability.Source.Higham.Chapter20.Theorem07.ActualTrace,NumStability/Source/Higham/Chapter20/Theorem07/ActualTrace.lean,Source,HighamSourceOther,Chapter20,927,846,93,78,47,10.992908,12,13,6,1,43,297,43,6.906977
NumStability.Source.Higham.Chapter20.Theorem07.Contract,NumStability/Source/Higham/Chapter20/Theorem07/Contract.lean,Source,HighamSourceOther,Chapter20,2484,2234,215,164,118,9.623993,20,20,1,1,3,644,3,214.666667
NumStability.Source.Higham.Chapter20.Theorem07.Core.Results,NumStability/Source/Higham/Chapter20/Theorem07/Core/Results.lean,Source,HighamSourceOther,Chapter20,2832,2510,258,202,133,10.278884,21,20,12,1,69,799,69,11.57971
NumStability.Source.Higham.Chapter20.Theorem07.Elimination,NumStability/Source/Higham/Chapter20/Theorem07/Elimination.lean,Source,HighamSourceOther,Chapter20,842,771,70,70,47,9.079118,12,12,1,1,3,174,3,58.0
NumStability.Source.Higham.Chapter20.Theorem07.QdR,NumStability/Source/Higham/Chapter20/Theorem07/QdR.lean,Source,HighamSourceOther,Chapter20,652,577,42,37,25,7.279029,11,11,1,1,4,93,4,23.25
NumStability.Source.Higham.Chapter20.Theorem07.RowPolicy,NumStability/Source/Higham/Chapter20/Theorem07/RowPolicy.lean,Source,HighamSourceOther,Chapter20,1550,1417,123,110,75,8.680311,13,13,0,1,0,353,0,
NumStability.Source.Higham.Chapter20.Theorem07.Runtime,NumStability/Source/Higham/Chapter20/Theorem07/Runtime.lean,Source,HighamSourceOther,Chapter20,365,321,27,27,19,8.411215,10,10,0,1,0,50,0,
NumStability.Source.Higham.Chapter20.Theorem07.SourceTrace,NumStability/Source/Higham/Chapter20/Theorem07/SourceTrace.lean,Source,HighamSourceOther,Chapter20,932,872,87,76,49,9.977064,13,13,0,1,0,247,0,
NumStability.Source.Higham.Chapter20.Theorem08,NumStability/Source/Higham/Chapter20/Theorem08.lean,Source,HighamSourceOther,Chapter20,11,2,0,0,0,0.0,2,0,0,2,0,0,0,
NumStability.Source.Higham.Chapter20.Theorem08.Core.Results,NumStability/Source/Higham/Chapter20/Theorem08/Core/Results.lean,Source,HighamSourceOther,Chapter20,2064,1953,57,49,32,2.918587,9,10,0,0,0,107,0,
NumStability.Source.Higham.Chapter20.Theorem08.LSE,NumStability/Source/Higham/Chapter20/Theorem08/LSE.lean,Source,HighamSourceOther,Chapter20,6733,6294,63,60,59,1.000953,10,11,0,0,0,61,0,
NumStability.Source.Higham.Chapter20.Theorem10,NumStability/Source/Higham/Chapter20/Theorem10.lean,Source,HighamSourceOther,Chapter20,1008,913,31,22,17,3.3954,14,14,0,1,0,42,0,
NumStability.Source.Higham.Chapter21,NumStability/Source/Higham/Chapter21.lean,Source,HighamSourceOther,Chapter21,46,35,0,0,0,0.0,35,0,0,35,0,0,0,
NumStability.Source.Higham.Chapter21.Attainability.Results,NumStability/Source/Higham/Chapter21/Attainability/Results.lean,Source,HighamSourceOther,Chapter21,786,436,14,9,6,3.211009,2,11,0,0,0,11,0,
NumStability.Source.Higham.Chapter21.Corrections.CorrectedMGS.RoundedReplay,NumStability/Source/Higham/Chapter21/Corrections/CorrectedMGS/RoundedReplay.lean,Source,HighamSourceOther,Chapter21,1193,189,18,17,13,9.52381,18,5,2,14,9,22,9,2.444444
NumStability.Source.Higham.Chapter21.Equation01.QRFoundations,NumStability/Source/Higham/Chapter21/Equation01/QRFoundations.lean,Source,HighamSourceOther,Chapter21,492,109,3,3,3,2.752294,17,9,4,9,2,1,2,0.5
NumStability.Source.Higham.Chapter21.Equation01.UnderdeterminedSolve,NumStability/Source/Higham/Chapter21/Equation01/UnderdeterminedSolve.lean,Source,LeastSquares,Chapter21,15933,37,1,1,1,2.702703,14,2,1,12,1,0,1,0.0
NumStability.Source.Higham.Chapter21.Equation02.UnderdeterminedSolve,NumStability/Source/Higham/Chapter21/Equation02/UnderdeterminedSolve.lean,Source,LeastSquares,Chapter21,15933,39,1,1,1,2.564103,14,1,1,13,1,0,1,0.0
NumStability.Source.Higham.Chapter21.Equation03.QRFoundations,NumStability/Source/Higham/Chapter21/Equation03/QRFoundations.lean,Source,HighamSourceOther,Chapter21,494,286,7,7,7,2.447552,19,8,1,11,1,6,1,6.0
NumStability.Source.Higham.Chapter21.Equation03.UnderdeterminedSolve,NumStability/Source/Higham/Chapter21/Equation03/UnderdeterminedSolve.lean,Source,LeastSquares,Chapter21,15937,166,7,7,7,4.216867,18,7,2,12,4,5,4,1.25
NumStability.Source.Higham.Chapter21.Equation04.Pseudoinverse,NumStability/Source/Higham/Chapter21/Equation04/Pseudoinverse.lean,Source,HighamSourceOther,Chapter21,9,3,0,0,0,0.0,3,0,0,3,0,0,0,
NumStability.Source.Higham.Chapter21.Equation04.QRFoundations,NumStability/Source/Higham/Chapter21/Equation04/QRFoundations.lean,Source,HighamSourceOther,Chapter21,494,89,2,2,2,2.247191,19,7,0,12,0,1,0,
NumStability.Source.Higham.Chapter21.Equation04.UnderdeterminedSpec,NumStability/Source/Higham/Chapter21/Equation04/UnderdeterminedSpec.lean,Source,LeastSquares,Chapter21,883,183,12,12,11,6.557377,4,4,31,0,7,8,7,1.142857
NumStability.Source.Higham.Chapter21.Equation05.UnderdeterminedSolve,NumStability/Source/Higham/Chapter21/Equation05/UnderdeterminedSolve.lean,Source,LeastSquares,Chapter21,15938,107,4,4,4,3.738318,19,8,2,11,2,2,2,1.0
NumStability.Source.Higham.Chapter21.Equation05.UnderdeterminedSpec,NumStability/Source/Higham/Chapter21/Equation05/UnderdeterminedSpec.lean,Source,LeastSquares,Chapter21,882,18,1,1,1,5.555556,3,3,1,0,1,0,1,0.0
NumStability.Source.Higham.Chapter21.Equation06.Perturbation,NumStability/Source/Higham/Chapter21/Equation06/Perturbation.lean,Source,Perturbation,Chapter21,892,67,8,8,4,11.940299,15,5,4,11,4,4,4,1.0
NumStability.Source.Higham.Chapter21.Equation07.ConditionTransfer,NumStability/Source/Higham/Chapter21/Equation07/ConditionTransfer.lean,Source,Norms,Chapter21,831,611,17,17,13,2.782324,17,7,4,12,10,36,10,3.6
NumStability.Source.Higham.Chapter21.Equation07.UnderdeterminedSolve,NumStability/Source/Higham/Chapter21/Equation07/UnderdeterminedSolve.lean,Source,LeastSquares,Chapter21,15935,1308,58,58,42,4.434251,16,4,21,12,25,158,25,6.32
NumStability.Source.Higham.Chapter21.Equation08.EquationClosure,NumStability/Source/Higham/Chapter21/Equation08/EquationClosure.lean,Source,HighamSourceOther,Chapter21,988,826,46,37,31,5.569007,20,9,2,14,6,95,6,15.833333
NumStability.Source.Higham.Chapter21.Equation08.ProjectorNorm,NumStability/Source/Higham/Chapter21/Equation08/ProjectorNorm.lean,Source,HighamSourceOther,Chapter21,384,41,1,1,1,2.439024,18,5,0,13,0,0,0,
NumStability.Source.Higham.Chapter21.Equation08.Results.Core,NumStability/Source/Higham/Chapter21/Equation08/Results/Core.lean,Source,HighamSourceOther,Chapter21,966,72,1,1,1,1.388889,3,8,0,1,0,0,0,
NumStability.Source.Higham.Chapter21.Equation09.EquationClosure,NumStability/Source/Higham/Chapter21/Equation09/EquationClosure.lean,Source,HighamSourceOther,Chapter21,1050,361,29,28,24,8.033241,18,10,3,11,16,26,16,1.625
NumStability.Source.Higham.Chapter21.Equation09.ProjectorNorm,NumStability/Source/Higham/Chapter21/Equation09/ProjectorNorm.lean,Source,HighamSourceOther,Chapter21,386,195,10,10,10,5.128205,20,9,2,13,2,9,2,4.5
NumStability.Source.Higham.Chapter21.Equation09.Results.Core,NumStability/Source/Higham/Chapter21/Equation09/Results/Core.lean,Source,HighamSourceOther,Chapter21,1029,572,22,12,8,3.846154,2,10,0,0,0,12,0,
NumStability.Source.Higham.Chapter21.Equation10.Closure,NumStability/Source/Higham/Chapter21/Equation10/Closure.lean,Source,HighamSourceOther,Chapter21,1087,37,4,4,1,10.810811,5,7,0,1,0,0,0,
NumStability.Source.Higham.Chapter21.Equation10.RoundedReplay,NumStability/Source/Higham/Chapter21/Equation10/RoundedReplay.lean,Source,HighamSourceOther,Chapter21,721,31,3,3,1,9.677419,4,6,0,1,0,0,0,
NumStability.Source.Higham.Chapter21.Equation10.UnderdeterminedSolve,NumStability/Source/Higham/Chapter21/Equation10/UnderdeterminedSolve.lean,Source,LeastSquares,Chapter21,15933,453,29,23,22,6.401766,14,5,7,10,13,36,13,2.769231
NumStability.Source.Higham.Chapter21.Equation11.ActualOutput,NumStability/Source/Higham/Chapter21/Equation11/ActualOutput.lean,Source,HighamSourceOther,Chapter21,684,321,19,3,3,5.919003,21,12,0,10,0,4,0,
NumStability.Source.Higham.Chapter21.Equation11.Closure,NumStability/Source/Higham/Chapter21/Equation11/Closure.lean,Source,HighamSourceOther,Chapter21,2800,328,2,2,2,0.609756,22,13,0,10,0,0,0,
NumStability.Source.Higham.Chapter21.Equation11.Equation,NumStability/Source/Higham/Chapter21/Equation11/Equation.lean,Source,HighamSourceOther,Chapter21,422,30,1,1,1,3.333333,16,3,2,13,1,0,1,0.0
NumStability.Source.Higham.Chapter21.Equation11.Forward,NumStability/Source/Higham/Chapter21/Equation11/Forward.lean,Source,HighamSourceOther,Chapter21,241,67,2,2,1,2.985075,16,6,0,10,0,0,0,
NumStability.Source.Higham.Chapter21.Equation11.RemainderBounds,NumStability/Source/Higham/Chapter21/Equation11/RemainderBounds.lean,Source,HighamSourceOther,Chapter21,838,152,1,1,1,0.657895,16,3,2,13,1,0,1,0.0
NumStability.Source.Higham.Chapter21.Equation11.Results.Core,NumStability/Source/Higham/Chapter21/Equation11/Results/Core.lean,Source,HighamSourceOther,Chapter21,404,367,16,4,2,4.359673,3,18,2,0,1,6,1,6.0
NumStability.Source.Higham.Chapter21.Equation11.Scalar,NumStability/Source/Higham/Chapter21/Equation11/Scalar.lean,Source,HighamSourceOther,Chapter21,374,121,4,2,2,3.305785,19,6,1,13,1,3,1,3.0
NumStability.Source.Higham.Chapter21.Equation11.ScalarCase.Core,NumStability/Source/Higham/Chapter21/Equation11/ScalarCase/Core.lean,Source,HighamSourceOther,Chapter21,352,232,10,1,1,4.310345,2,17,0,0,0,2,0,
NumStability.Source.Higham.Chapter21.Equation11.UnderdeterminedSolve,NumStability/Source/Higham/Chapter21/Equation11/UnderdeterminedSolve.lean,Source,LeastSquares,Chapter21,15940,448,8,8,8,1.785714,21,11,10,12,7,4,7,0.571429
NumStability.Source.Higham.Chapter21.Equation11.Uniform,NumStability/Source/Higham/Chapter21/Equation11/Uniform.lean,Source,HighamSourceOther,Chapter21,2005,54,6,6,6,11.111111,17,4,2,13,6,7,6,1.166667
NumStability.Source.Higham.Chapter21.Equation11.UniformClosure,NumStability/Source/Higham/Chapter21/Equation11/UniformClosure.lean,Source,HighamSourceOther,Chapter21,843,94,18,17,17,19.148936,17,5,4,12,17,23,17,1.352941
NumStability.Source.Higham.Chapter21.Equation11.UniformEnvelope.Core,NumStability/Source/Higham/Chapter21/Equation11/UniformEnvelope/Core.lean,Source,HighamSourceOther,Chapter21,823,677,38,13,2,5.612999,2,18,1,0,1,27,1,27.0
NumStability.Source.Higham.Chapter21.Lemma02.Symmetrization.UnderdeterminedSolve,NumStability/Source/Higham/Chapter21/Lemma02/Symmetrization/UnderdeterminedSolve.lean,Source,LeastSquares,Chapter21,15938,1394,98,90,81,7.030129,19,11,7,10,64,73,64,1.140625
NumStability.Source.Higham.Chapter21.Lemma02.Symmetrization.UnderdeterminedSpec,NumStability/Source/Higham/Chapter21/Lemma02/Symmetrization/UnderdeterminedSpec.lean,Source,LeastSquares,Chapter21,883,92,13,12,7,14.130435,4,5,5,0,3,14,3,4.666667
NumStability.Source.Higham.Chapter21.RowScalingInvariance,NumStability/Source/Higham/Chapter21/RowScalingInvariance.lean,Source,ProbabilityStatistics,Chapter21,105,76,27,6,6,35.526316,1,6,0,1,0,10,0,
NumStability.Source.Higham.Chapter21.Section03.MethodComparison.Core,NumStability/Source/Higham/Chapter21/Section03/MethodComparison/Core.lean,Source,HighamSourceOther,Chapter21,597,103,15,14,9,14.563107,18,8,1,12,1,21,1,21.0
NumStability.Source.Higham.Chapter21.Theorem01.Attainability.Attainability,NumStability/Source/Higham/Chapter21/Theorem01/Attainability/Attainability.lean,Source,HighamSourceOther,Chapter21,806,306,23,21,16,7.51634,17,7,1,12,16,19,16,1.1875
NumStability.Source.Higham.Chapter21.Theorem01.ComponentwisePerturbation.Radius,NumStability/Source/Higham/Chapter21/Theorem01/ComponentwisePerturbation/Radius.lean,Source,HighamSourceOther,Chapter21,925,51,2,2,2,3.921569,16,3,0,13,0,1,0,
NumStability.Source.Higham.Chapter21.Theorem01.ComponentwisePerturbation.RankStability,NumStability/Source/Higham/Chapter21/Theorem01/ComponentwisePerturbation/RankStability.lean,Source,HighamSourceOther,Chapter21,252,223,5,5,5,2.242152,17,5,9,12,3,5,3,1.666667
NumStability.Source.Higham.Chapter21.Theorem01.ComponentwisePerturbation.UnderdeterminedSpec,NumStability/Source/Higham/Chapter21/Theorem01/ComponentwisePerturbation/UnderdeterminedSpec.lean,Source,LeastSquares,Chapter21,880,12,10,9,5,83.333333,1,0,0,1,0,15,0,
NumStability.Source.Higham.Chapter21.Theorem03,NumStability/Source/Higham/Chapter21/Theorem03.lean,Source,HighamSourceOther,Chapter21,8,1,0,0,0,0.0,1,0,0,1,0,0,0,
NumStability.Source.Higham.Chapter21.Theorem03.Attainment,NumStability/Source/Higham/Chapter21/Theorem03/Attainment.lean,Source,HighamSourceOther,Chapter21,563,469,29,22,18,6.183369,1,8,0,1,0,33,0,
NumStability.Source.Higham.Chapter21.Theorem03.NormwiseBackwardError.UnderdeterminedSolve,NumStability/Source/Higham/Chapter21/Theorem03/NormwiseBackwardError/UnderdeterminedSolve.lean,Source,LeastSquares,Chapter21,15939,1394,86,58,52,6.169297,20,11,1,10,18,153,18,8.5
NumStability.Source.Higham.Chapter21.Theorem04,NumStability/Source/Higham/Chapter21/Theorem04.lean,Source,HighamSourceOther,Chapter21,25,16,0,0,0,0.0,16,0,0,16,0,0,0,
NumStability.Source.Higham.Chapter21.Theorem04.GivensQMethod.Closure,NumStability/Source/Higham/Chapter21/Theorem04/GivensQMethod/Closure.lean,Source,HighamSourceOther,Chapter21,1087,123,13,9,5,10.569106,5,9,4,1,3,11,3,3.666667
NumStability.Source.Higham.Chapter21.Theorem04.GivensQMethod.Core,NumStability/Source/Higham/Chapter21/Theorem04/GivensQMethod/Core.lean,Source,HighamSourceOther,Chapter21,232,143,12,12,8,8.391608,5,11,4,0,3,10,3,3.333333
NumStability.Source.Higham.Chapter21.Theorem04.GivensQMethod.RoundedReplay,NumStability/Source/Higham/Chapter21/Theorem04/GivensQMethod/RoundedReplay.lean,Source,HighamSourceOther,Chapter21,726,238,8,8,4,3.361345,9,14,1,1,2,4,2,2.0
NumStability.Source.Higham.Chapter21.Theorem04.HouseholderQMethod.UnderdeterminedSolve,NumStability/Source/Higham/Chapter21/Theorem04/HouseholderQMethod/UnderdeterminedSolve.lean,Source,LeastSquares,Chapter21,15944,2469,103,97,82,4.171729,25,23,14,5,32,184,32,5.75
NumStability.Source.Higham.Chapter21.Theorem04.ModifiedGramSchmidtQMethod.Core,NumStability/Source/Higham/Chapter21/Theorem04/ModifiedGramSchmidtQMethod/Core.lean,Source,HighamSourceOther,Chapter21,598,99,2,2,2,2.020202,19,8,0,12,0,1,0,
NumStability.Source.Higham.Chapter21.Theorem04.ModifiedGramSchmidtQMethod.RoundedReplay,NumStability/Source/Higham/Chapter21/Theorem04/ModifiedGramSchmidtQMethod/RoundedReplay.lean,Source,HighamSourceOther,Chapter21,1194,48,1,1,1,2.083333,19,6,1,13,1,0,1,0.0
NumStability.Source.Higham.Chapter21.Theorem04.RowwiseBackwardError,NumStability/Source/Higham/Chapter21/Theorem04/RowwiseBackwardError.lean,Source,HighamSourceOther,Chapter21,161,108,19,18,14,17.592593,1,11,4,0,2,39,2,19.5
NumStability.Source.Higham.Chapter21.Theorem04.SeminormalEquations.ActualOutput,NumStability/Source/Higham/Chapter21/Theorem04/SeminormalEquations/ActualOutput.lean,Source,LeastSquares,Chapter21,685,266,6,6,4,2.255639,22,15,5,10,2,3,2,1.5
NumStability.Source.Higham.Chapter21.Theorem04.SeminormalEquations.Closure,NumStability/Source/Higham/Chapter21/Theorem04/SeminormalEquations/Closure.lean,Source,LeastSquares,Chapter21,2808,1317,47,39,28,3.568717,30,23,4,8,18,83,18,4.611111
NumStability.Source.Higham.Chapter21.Theorem04.SeminormalEquations.EnvelopeTransfer,NumStability/Source/Higham/Chapter21/Theorem04/SeminormalEquations/EnvelopeTransfer.lean,Source,LeastSquares,Chapter21,763,213,11,2,2,5.164319,21,11,0,11,0,3,0,
NumStability.Source.Higham.Chapter21.Theorem04.SeminormalEquations.Forward,NumStability/Source/Higham/Chapter21/Theorem04/SeminormalEquations/Forward.lean,Source,LeastSquares,Chapter21,242,89,4,4,1,4.494382,17,9,3,10,1,0,1,0.0
NumStability.Source.Higham.Chapter21.Theorem04.SeminormalEquations.QRMajorant,NumStability/Source/Higham/Chapter21/Theorem04/SeminormalEquations/QRMajorant.lean,Source,LeastSquares,Chapter21,364,133,2,2,2,1.503759,18,5,1,13,2,0,2,0.0
NumStability.Source.Higham.Chapter21.Theorem04.SeminormalEquations.RemainderBounds,NumStability/Source/Higham/Chapter21/Theorem04/SeminormalEquations/RemainderBounds.lean,Source,LeastSquares,Chapter21,841,506,6,6,6,1.185771,19,7,2,12,2,4,2,2.0
NumStability.Source.Higham.Chapter21.Theorem04.SeminormalEquations.Signed,NumStability/Source/Higham/Chapter21/Theorem04/SeminormalEquations/Signed.lean,Source,LeastSquares,Chapter21,1199,932,16,16,12,1.716738,20,10,3,12,7,27,7,3.857143
NumStability.Source.Higham.Chapter21.Theorem04.SeminormalEquations.Uniform,NumStability/Source/Higham/Chapter21/Theorem04/SeminormalEquations/Uniform.lean,Source,LeastSquares,Chapter21,2013,662,28,27,23,4.229607,25,18,1,8,20,34,20,1.7
NumStability.Source.Higham.Chapter21.Theorem04.SourceClosure.SourceClosure,NumStability/Source/Higham/Chapter21/Theorem04/SourceClosure/SourceClosure.lean,Source,HighamSourceOther,Chapter21,548,429,18,12,10,4.195804,28,22,1,8,6,17,6,2.833333
NumStability.Source.Higham.Chapter21.Theorem04.SourceClosure.Supplement.Core,NumStability/Source/Higham/Chapter21/Theorem04/SourceClosure/Supplement/Core.lean,Source,HighamSourceOther,Chapter21,519,62,2,2,2,3.225806,4,17,0,2,0,0,0,
NumStability.Source.Higham.Chapter22,NumStability/Source/Higham/Chapter22.lean,Source,HighamSourceOther,Chapter22,11,4,0,0,0,0.0,4,0,0,4,0,0,0,
NumStability.Source.Higham.Chapter22.MonomialResidual,NumStability/Source/Higham/Chapter22/MonomialResidual.lean,Source,HighamSourceOther,Chapter22,826,777,132,45,37,16.988417,1,4,0,0,0,156,0,
NumStability.Source.Higham.Chapter22.Problem07,NumStability/Source/Higham/Chapter22/Problem07.lean,Source,HighamSourceOther,Chapter22,1490,1285,124,95,74,9.649805,1,4,0,1,0,308,0,
NumStability.Source.Higham.Chapter22.Section03,NumStability/Source/Higham/Chapter22/Section03.lean,Source,HighamSourceOther,Chapter22,9,2,0,0,0,0.0,2,0,0,2,0,0,0,
NumStability.Source.Higham.Chapter22.Section03.ComplexConfluentRefinement,NumStability/Source/Higham/Chapter22/Section03/ComplexConfluentRefinement.lean,Source,HighamSourceOther,Chapter22,815,729,89,62,40,12.208505,4,4,0,2,0,154,0,
NumStability.Source.Higham.Chapter22.Section03.RealRefinement,NumStability/Source/Higham/Chapter22/Section03/RealRefinement.lean,Source,HighamSourceOther,Chapter22,468,320,54,25,18,16.875,4,7,0,1,0,63,0,
NumStability.Source.Higham.Chapter22.VandermondeSystems,NumStability/Source/Higham/Chapter22/VandermondeSystems.lean,Source,Polynomials,Chapter22,8288,7272,1334,780,521,18.344334,2,7,3,0,77,3429,77,44.532468
NumStability.Source.Higham.Chapter23,NumStability/Source/Higham/Chapter23.lean,Source,HighamSourceOther,Chapter23,22,14,0,0,0,0.0,14,0,0,14,0,0,0,
NumStability.Source.Higham.Chapter23.BalancedScaling,NumStability/Source/Higham/Chapter23/BalancedScaling.lean,Source,HighamSourceOther,Chapter23,75,49,2,2,2,4.081633,1,3,0,0,0,1,0,
NumStability.Source.Higham.Chapter23.BilinearAlgorithm,NumStability/Source/Higham/Chapter23/BilinearAlgorithm.lean,Source,HighamSourceOther,Chapter23,82,38,24,21,10,63.157895,0,0,4,0,7,55,7,7.857143
NumStability.Source.Higham.Chapter23.BiniLotti,NumStability/Source/Higham/Chapter23/BiniLotti.lean,Source,HighamSourceOther,Chapter23,11,4,0,0,0,0.0,4,0,0,4,0,0,0,
NumStability.Source.Higham.Chapter23.BiniLotti.ExactMajorant,NumStability/Source/Higham/Chapter23/BiniLotti/ExactMajorant.lean,Source,HighamSourceOther,Chapter23,253,234,10,7,2,4.273504,4,6,1,0,2,5,2,2.5
NumStability.Source.Higham.Chapter23.BiniLotti.Execution,NumStability/Source/Higham/Chapter23/BiniLotti/Execution.lean,Source,HighamSourceOther,Chapter23,81,55,12,10,8,21.818182,3,5,2,0,9,14,9,1.555556
NumStability.Source.Higham.Chapter23.BiniLotti.FirstOrder,NumStability/Source/Higham/Chapter23/BiniLotti/FirstOrder.lean,Source,HighamSourceOther,Chapter23,390,344,40,31,16,11.627907,7,9,0,0,0,71,0,
NumStability.Source.Higham.Chapter23.BiniLotti.RecursiveAlgebra,NumStability/Source/Higham/Chapter23/BiniLotti/RecursiveAlgebra.lean,Source,HighamSourceOther,Chapter23,380,340,65,50,25,19.117647,1,3,3,0,15,196,15,13.066667
NumStability.Source.Higham.Chapter23.BlockAlgorithms,NumStability/Source/Higham/Chapter23/BlockAlgorithms.lean,Source,HighamSourceOther,Chapter23,174,126,45,36,16,35.714286,0,0,8,0,13,134,13,10.307692
NumStability.Source.Higham.Chapter23.ConventionalMultiplication,NumStability/Source/Higham/Chapter23/ConventionalMultiplication.lean,Source,HighamSourceOther,Chapter23,95,62,7,7,5,11.290323,1,4,4,0,2,8,2,4.0
NumStability.Source.Higham.Chapter23.Equation11,NumStability/Source/Higham/Chapter23/Equation11.lean,Source,HighamSourceOther,Chapter23,685,614,49,43,34,7.980456,2,5,3,0,9,128,9,14.222222
NumStability.Source.Higham.Chapter23.ErrorRecurrences,NumStability/Source/Higham/Chapter23/ErrorRecurrences.lean,Source,HighamSourceOther,Chapter23,193,126,42,29,20,33.333333,1,1,4,0,12,102,12,8.5
NumStability.Source.Higham.Chapter23.GammaAsymptotics,NumStability/Source/Higham/Chapter23/GammaAsymptotics.lean,Source,HighamSourceOther,Chapter23,76,46,8,8,7,17.391304,1,2,6,1,4,11,4,2.75
NumStability.Source.Higham.Chapter23.Problem08,NumStability/Source/Higham/Chapter23/Problem08.lean,Source,HighamSourceOther,Chapter23,192,135,23,16,10,17.037037,2,1,0,1,0,29,0,
NumStability.Source.Higham.Chapter23.Theorem02,NumStability/Source/Higham/Chapter23/Theorem02.lean,Source,HighamSourceOther,Chapter23,12,5,0,0,0,0.0,5,0,0,5,0,0,0,
NumStability.Source.Higham.Chapter23.Theorem02.ErrorBound,NumStability/Source/Higham/Chapter23/Theorem02/ErrorBound.lean,Source,Perturbation,Chapter23,611,540,37,19,11,6.851852,8,10,2,0,4,84,4,21.0
NumStability.Source.Higham.Chapter23.Theorem02.ErrorRelations,NumStability/Source/Higham/Chapter23/Theorem02/ErrorRelations.lean,Source,HighamSourceOther,Chapter23,523,468,62,49,25,13.247863,2,3,10,0,23,121,23,5.26087
NumStability.Source.Higham.Chapter23.Theorem02.ExactMajorant,NumStability/Source/Higham/Chapter23/Theorem02/ExactMajorant.lean,Source,HighamSourceOther,Chapter23,253,219,21,14,10,9.589041,3,4,3,0,12,51,12,4.25
NumStability.Source.Higham.Chapter23.Theorem02.Execution,NumStability/Source/Higham/Chapter23/Theorem02/Execution.lean,Source,HighamSourceOther,Chapter23,56,35,3,2,1,8.571429,3,5,3,0,2,3,2,1.5
NumStability.Source.Higham.Chapter23.Theorem02.RecursiveMatrix,NumStability/Source/Higham/Chapter23/Theorem02/RecursiveMatrix.lean,Source,HighamSourceOther,Chapter23,139,104,42,26,18,40.384615,1,1,11,0,2,63,2,31.5
NumStability.Source.Higham.Chapter23.Theorem03,NumStability/Source/Higham/Chapter23/Theorem03.lean,Source,HighamSourceOther,Chapter23,11,4,0,0,0,0.0,4,0,0,4,0,0,0,
NumStability.Source.Higham.Chapter23.Theorem03.Certificates,NumStability/Source/Higham/Chapter23/Theorem03/Certificates.lean,Source,HighamSourceOther,Chapter23,112,85,12,11,7,14.117647,2,3,1,0,7,27,7,3.857143
NumStability.Source.Higham.Chapter23.Theorem03.ErrorBound,NumStability/Source/Higham/Chapter23/Theorem03/ErrorBound.lean,Source,Perturbation,Chapter23,220,186,30,14,9,16.129032,5,8,0,1,0,81,0,
NumStability.Source.Higham.Chapter23.Theorem03.ExactMajorant,NumStability/Source/Higham/Chapter23/Theorem03/ExactMajorant.lean,Source,HighamSourceOther,Chapter23,707,644,58,43,24,9.006211,6,8,1,0,23,199,23,8.652174
NumStability.Source.Higham.Chapter23.Theorem03.Execution,NumStability/Source/Higham/Chapter23/Theorem03/Execution.lean,Source,HighamSourceOther,Chapter23,53,33,3,2,1,9.090909,3,5,2,0,2,3,2,1.5
NumStability.Source.Higham.Chapter23.ThreeM,NumStability/Source/Higham/Chapter23/ThreeM.lean,Source,HighamSourceOther,Chapter23,681,583,71,57,32,12.178388,3,6,2,0,1,151,1,151.0
NumStability.Source.Higham.Chapter23.ThreeMStrassen,NumStability/Source/Higham/Chapter23/ThreeMStrassen.lean,Source,HighamSourceOther,Chapter23,10,3,0,0,0,0.0,3,0,0,3,0,0,0,
NumStability.Source.Higham.Chapter23.ThreeMStrassen.ExactMajorant,NumStability/Source/Higham/Chapter23/ThreeMStrassen/ExactMajorant.lean,Source,HighamSourceOther,Chapter23,174,154,4,4,1,2.597403,3,9,1,0,1,0,1,0.0
NumStability.Source.Higham.Chapter23.ThreeMStrassen.Execution,NumStability/Source/Higham/Chapter23/ThreeMStrassen/Execution.lean,Source,HighamSourceOther,Chapter23,101,69,13,12,11,18.84058,3,6,2,0,11,13,11,1.181818
NumStability.Source.Higham.Chapter23.ThreeMStrassen.FirstOrder,NumStability/Source/Higham/Chapter23/ThreeMStrassen/FirstOrder.lean,Source,HighamSourceOther,Chapter23,324,289,20,15,14,6.920415,5,9,0,0,0,39,0,
NumStability.Source.Higham.Chapter23.WinogradInnerProduct,NumStability/Source/Higham/Chapter23/WinogradInnerProduct.lean,Source,HighamSourceOther,Chapter23,379,345,13,6,5,3.768116,1,3,2,0,3,15,3,5.0
NumStability.Source.Higham.Chapter24,NumStability/Source/Higham/Chapter24.lean,Source,HighamSourceOther,Chapter24,17,10,0,0,0,0.0,10,0,0,10,0,0,0,
NumStability.Source.Higham.Chapter24.CirculantForwardError,NumStability/Source/Higham/Chapter24/CirculantForwardError.lean,Source,FFT,Chapter24,510,445,21,11,11,4.719101,1,9,0,0,0,18,0,
NumStability.Source.Higham.Chapter24.CirculantSystems,NumStability/Source/Higham/Chapter24/CirculantSystems.lean,Source,FFT,Chapter24,384,286,118,98,60,41.258741,1,3,4,0,12,245,12,20.416667
NumStability.Source.Higham.Chapter24.FFTBackwardStability,NumStability/Source/Higham/Chapter24/FFTBackwardStability.lean,Source,HighamSourceOther,Chapter24,155,121,20,6,5,16.528926,1,6,2,0,2,6,2,3.0
NumStability.Source.Higham.Chapter24.ForwardFFTPerturbation,NumStability/Source/Higham/Chapter24/ForwardFFTPerturbation.lean,Source,HighamSourceOther,Chapter24,464,378,54,28,22,14.285714,1,7,5,0,10,83,10,8.3
NumStability.Source.Higham.Chapter24.FourierTransform,NumStability/Source/Higham/Chapter24/FourierTransform.lean,Source,FFT,Chapter24,157,99,41,37,21,41.414141,11,3,8,9,17,82,17,4.823529
NumStability.Source.Higham.Chapter24.InverseFFT,NumStability/Source/Higham/Chapter24/InverseFFT.lean,Source,HighamSourceOther,Chapter24,242,178,22,21,16,12.359551,1,6,3,0,7,42,7,6.0
NumStability.Source.Higham.Chapter24.Radix2FFT,NumStability/Source/Higham/Chapter24/Radix2FFT.lean,Source,HighamSourceOther,Chapter24,2328,2034,267,210,131,13.126844,2,10,7,0,14,950,14,67.857143
NumStability.Source.Higham.Chapter24.RoundedCirculantSolver,NumStability/Source/Higham/Chapter24/RoundedCirculantSolver.lean,Source,FFT,Chapter24,181,139,14,7,7,10.071942,2,8,2,0,6,24,6,4.0
NumStability.Source.Higham.Chapter24.RoundedDiagonalSolve,NumStability/Source/Higham/Chapter24/RoundedDiagonalSolve.lean,Source,HighamSourceOther,Chapter24,104,63,12,10,8,19.047619,1,3,2,1,8,24,8,3.0
NumStability.Source.Higham.Chapter24.StructuredMixedStability,NumStability/Source/Higham/Chapter24/StructuredMixedStability.lean,Source,HighamSourceOther,Chapter24,1216,1100,85,49,37,7.727273,2,10,1,0,5,100,5,20.0
NumStability.Source.Higham.Chapter25,NumStability/Source/Higham/Chapter25.lean,Source,HighamSourceOther,Chapter25,11,3,0,0,0,0.0,3,0,0,3,0,0,0,
NumStability.Source.Higham.Chapter25.Eigenproblem,NumStability/Source/Higham/Chapter25/Eigenproblem.lean,Source,Spectral,Chapter25,660,572,53,49,34,9.265734,2,5,0,0,0,105,0,
NumStability.Source.Higham.Chapter25.NonlinearSystems,NumStability/Source/Higham/Chapter25/NonlinearSystems.lean,Source,Nonlinear,Chapter25,1344,1114,178,124,87,15.978456,3,4,1,0,1,231,1,231.0
NumStability.Source.Higham.Chapter25.Problem01,NumStability/Source/Higham/Chapter25/Problem01.lean,Source,HighamSourceOther,Chapter25,147,103,14,7,7,13.592233,1,1,0,0,0,5,0,
NumStability.Source.Higham.Chapter26,NumStability/Source/Higham/Chapter26.lean,Source,HighamSourceOther,Chapter26,26,12,0,0,0,0.0,12,0,0,12,0,0,0,
NumStability.Source.Higham.Chapter26.AlternatingDirections,NumStability/Source/Higham/Chapter26/AlternatingDirections.lean,Source,HighamSourceOther,Chapter26,16,2,0,0,0,0.0,2,0,0,2,0,0,0,
NumStability.Source.Higham.Chapter26.AlternatingDirections.CrudeLineSearch,NumStability/Source/Higham/Chapter26/AlternatingDirections/CrudeLineSearch.lean,Source,HighamSourceOther,Chapter26,176,124,30,22,15,24.193548,1,2,0,0,0,54,0,
NumStability.Source.Higham.Chapter26.AlternatingDirections.ExactExecution,NumStability/Source/Higham/Chapter26/AlternatingDirections/ExactExecution.lean,Source,HighamSourceOther,Chapter26,86,48,26,22,10,54.166667,2,2,1,0,4,70,4,17.5
NumStability.Source.Higham.Chapter26.CubicRoots,NumStability/Source/Higham/Chapter26/CubicRoots.lean,Source,HighamSourceOther,Chapter26,16,2,0,0,0,0.0,2,0,0,2,0,0,0,
NumStability.Source.Higham.Chapter26.CubicRoots.DepressedCubic,NumStability/Source/Higham/Chapter26/CubicRoots/DepressedCubic.lean,Source,HighamSourceOther,Chapter26,33,13,6,3,3,46.153846,0,0,2,0,2,9,2,4.5
NumStability.Source.Higham.Chapter26.CubicRoots.MonicCubic,NumStability/Source/Higham/Chapter26/CubicRoots/MonicCubic.lean,Source,HighamSourceOther,Chapter26,39,20,2,2,2,10.0,1,1,2,0,2,1,2,0.5
NumStability.Source.Higham.Chapter26.Equation01,NumStability/Source/Higham/Chapter26/Equation01.lean,Source,HighamSourceOther,Chapter26,28,7,2,2,2,28.571429,0,0,0,0,0,1,0,
NumStability.Source.Higham.Chapter26.Equation02,NumStability/Source/Higham/Chapter26/Equation02.lean,Source,HighamSourceOther,Chapter26,22,5,1,1,1,20.0,0,0,1,0,1,0,1,0.0
NumStability.Source.Higham.Chapter26.Equation03,NumStability/Source/Higham/Chapter26/Equation03.lean,Source,HighamSourceOther,Chapter26,35,12,3,3,3,25.0,1,1,1,0,1,2,1,2.0
NumStability.Source.Higham.Chapter26.Equation04,NumStability/Source/Higham/Chapter26/Equation04.lean,Source,HighamSourceOther,Chapter26,27,9,1,1,1,11.111111,1,1,0,0,0,0,0,
NumStability.Source.Higham.Chapter26.Equation05,NumStability/Source/Higham/Chapter26/Equation05.lean,Source,HighamSourceOther,Chapter26,18,4,0,0,0,0.0,4,0,0,4,0,0,0,
NumStability.Source.Higham.Chapter26.Equation05.CardanoRoots,NumStability/Source/Higham/Chapter26/Equation05/CardanoRoots.lean,Source,HighamSourceOther,Chapter26,113,79,9,8,8,11.392405,2,3,0,0,0,14,0,
NumStability.Source.Higham.Chapter26.Equation05.ComplexBranches,NumStability/Source/Higham/Chapter26/Equation05/ComplexBranches.lean,Source,HighamSourceOther,Chapter26,70,42,11,7,7,26.190476,0,0,3,0,7,24,7,3.428571
NumStability.Source.Higham.Chapter26.Equation05.RealBranches,NumStability/Source/Higham/Chapter26/Equation05/RealBranches.lean,Source,HighamSourceOther,Chapter26,47,22,8,5,5,36.363636,0,0,1,0,5,16,5,3.2
NumStability.Source.Higham.Chapter26.Equation05.ZeroBranchDiscrepancy,NumStability/Source/Higham/Chapter26/Equation05/ZeroBranchDiscrepancy.lean,Source,HighamSourceOther,Chapter26,57,39,2,2,1,5.128205,1,1,0,0,0,0,0,
NumStability.Source.Higham.Chapter26.Equation06,NumStability/Source/Higham/Chapter26/Equation06.lean,Source,HighamSourceOther,Chapter26,66,37,15,14,7,40.540541,2,2,0,0,0,21,0,
NumStability.Source.Higham.Chapter26.Equation07,NumStability/Source/Higham/Chapter26/Equation07.lean,Source,HighamSourceOther,Chapter26,27,9,1,1,1,11.111111,1,1,0,0,0,0,0,
NumStability.Source.Higham.Chapter26.Equation08,NumStability/Source/Higham/Chapter26/Equation08.lean,Source,HighamSourceOther,Chapter26,71,42,5,5,4,11.904762,0,0,0,0,0,6,0,
NumStability.Source.Higham.Chapter26.IntervalArithmetic,NumStability/Source/Higham/Chapter26/IntervalArithmetic.lean,Source,Arithmetic,Chapter26,17,3,0,0,0,0.0,3,0,0,3,0,0,0,
NumStability.Source.Higham.Chapter26.IntervalArithmetic.DependencyExamples,NumStability/Source/Higham/Chapter26/IntervalArithmetic/DependencyExamples.lean,Source,Arithmetic,Chapter26,48,24,6,6,2,25.0,1,1,0,0,0,1,0,
NumStability.Source.Higham.Chapter26.IntervalArithmetic.DirectedRounding,NumStability/Source/Higham/Chapter26/IntervalArithmetic/DirectedRounding.lean,Source,FloatingPoint,Chapter26,126,81,14,13,13,17.283951,2,3,0,1,0,31,0,
NumStability.Source.Higham.Chapter26.IntervalArithmetic.ExactOperations,NumStability/Source/Higham/Chapter26/IntervalArithmetic/ExactOperations.lean,Source,Arithmetic,Chapter26,165,108,38,30,18,35.185185,0,0,2,0,15,128,15,8.533333
NumStability.Source.Higham.Chapter26.MultidirectionalSearch,NumStability/Source/Higham/Chapter26/MultidirectionalSearch.lean,Source,HighamSourceOther,Chapter26,19,5,0,0,0,0.0,5,0,0,5,0,0,0,
NumStability.Source.Higham.Chapter26.MultidirectionalSearch.Execution,NumStability/Source/Higham/Chapter26/MultidirectionalSearch/Execution.lean,Source,HighamSourceOther,Chapter26,82,40,18,15,6,45.0,2,3,0,0,0,61,0,
NumStability.Source.Higham.Chapter26.MultidirectionalSearch.InitialSimplexGeometry,NumStability/Source/Higham/Chapter26/MultidirectionalSearch/InitialSimplexGeometry.lean,Source,HighamSourceOther,Chapter26,40,17,4,4,4,23.529412,1,1,2,0,4,1,4,0.25
NumStability.Source.Higham.Chapter26.MultidirectionalSearch.RegularSimplex,NumStability/Source/Higham/Chapter26/MultidirectionalSearch/RegularSimplex.lean,Source,HighamSourceOther,Chapter26,178,128,27,10,10,21.09375,2,3,0,0,0,27,0,
NumStability.Source.Higham.Chapter26.MultidirectionalSearch.RightAngledSimplex,NumStability/Source/Higham/Chapter26/MultidirectionalSearch/RightAngledSimplex.lean,Source,HighamSourceOther,Chapter26,71,45,5,5,5,11.111111,2,3,0,0,0,5,0,
NumStability.Source.Higham.Chapter26.MultidirectionalSearch.Simplex,NumStability/Source/Higham/Chapter26/MultidirectionalSearch/Simplex.lean,Source,HighamSourceOther,Chapter26,123,65,39,33,22,60.0,1,1,3,0,9,107,9,11.888889
NumStability.Source.Higham.Chapter27,NumStability/Source/Higham/Chapter27.lean,Source,HighamSourceOther,Chapter27,10,2,0,0,0,0.0,2,0,0,2,0,0,0,
NumStability.Source.Higham.Chapter27.Problem06,NumStability/Source/Higham/Chapter27/Problem06.lean,Source,HighamSourceOther,Chapter27,195,143,34,10,10,23.776224,1,0,0,1,0,30,0,
NumStability.Source.Higham.Chapter27.SoftwareEnvironment,NumStability/Source/Higham/Chapter27/SoftwareEnvironment.lean,Source,HighamSourceOther,Chapter27,1218,903,338,253,123,37.430786,5,11,0,2,0,857,0,
NumStability.Source.Higham.Chapter28,NumStability/Source/Higham/Chapter28.lean,Source,HighamSourceOther,Chapter28,64,58,0,0,0,0.0,58,0,0,58,0,0,0,
NumStability.Source.Higham.Chapter28.Equation01.HilbertInverse.Basic,NumStability/Source/Higham/Chapter28/Equation01/HilbertInverse/Basic.lean,Source,TestMatrices,Chapter28,51,27,7,7,4,25.925926,2,2,4,0,3,7,3,2.333333
NumStability.Source.Higham.Chapter28.Equation01.HilbertInverse.Exact,NumStability/Source/Higham/Chapter28/Equation01/HilbertInverse/Exact.lean,Source,TestMatrices,Chapter28,298,268,46,14,13,17.164179,6,6,1,0,3,49,3,16.333333
NumStability.Source.Higham.Chapter28.Equation02,NumStability/Source/Higham/Chapter28/Equation02.lean,Source,HighamSourceOther,Chapter28,11,4,0,0,0,0.0,4,0,0,4,0,0,0,
NumStability.Source.Higham.Chapter28.Equation02.DeterminantAsymptotics,NumStability/Source/Higham/Chapter28/Equation02/DeterminantAsymptotics.lean,Source,HighamSourceOther,Chapter28,184,162,18,2,2,11.111111,8,5,0,5,0,10,0,
NumStability.Source.Higham.Chapter28.Equation02.ExactHilbertDeterminant.Basic,NumStability/Source/Higham/Chapter28/Equation02/ExactHilbertDeterminant/Basic.lean,Source,TestMatrices,Chapter28,30,15,1,1,1,6.666667,2,1,0,1,0,0,0,
NumStability.Source.Higham.Chapter28.Equation02.ExactHilbertDeterminant.Exact,NumStability/Source/Higham/Chapter28/Equation02/ExactHilbertDeterminant/Exact.lean,Source,TestMatrices,Chapter28,98,78,4,4,4,5.128205,5,5,2,0,1,2,1,2.0
NumStability.Source.Higham.Chapter28.Equation02.RatioDiscrepancy,NumStability/Source/Higham/Chapter28/Equation02/RatioDiscrepancy.lean,Source,HighamSourceOther,Chapter28,220,153,27,12,11,17.647059,2,8,0,1,0,24,0,
NumStability.Source.Higham.Chapter28.Equation03.HilbertCholeskyFactor.Basic,NumStability/Source/Higham/Chapter28/Equation03/HilbertCholeskyFactor/Basic.lean,Source,Cholesky,Chapter28,33,15,2,2,2,13.333333,2,2,5,0,2,1,2,0.5
NumStability.Source.Higham.Chapter28.Equation03.HilbertCholeskyFactor.Exact,NumStability/Source/Higham/Chapter28/Equation03/HilbertCholeskyFactor/Exact.lean,Source,Cholesky,Chapter28,110,91,7,5,5,7.692308,5,5,3,0,3,4,3,1.333333
NumStability.Source.Higham.Chapter28.Equation04.HilbertCholeskyInverse.Basic,NumStability/Source/Higham/Chapter28/Equation04/HilbertCholeskyInverse/Basic.lean,Source,Cholesky,Chapter28,102,79,13,8,4,16.455696,3,3,3,0,3,12,3,4.0
NumStability.Source.Higham.Chapter28.Section01,NumStability/Source/Higham/Chapter28/Section01.lean,Source,HighamSourceOther,Chapter28,10,4,0,0,0,0.0,4,0,0,4,0,0,0,
NumStability.Source.Higham.Chapter28.Section01.Cauchy.Cauchy,NumStability/Source/Higham/Chapter28/Section01/Cauchy/Cauchy.lean,Source,HighamSourceOther,Chapter28,76,60,2,2,2,3.333333,17,4,0,13,0,0,0,
NumStability.Source.Higham.Chapter28.Section01.HilbertConditioning.Cauchy,NumStability/Source/Higham/Chapter28/Section01/HilbertConditioning/Cauchy.lean,Source,Norms,Chapter28,68,53,1,1,1,1.886792,18,5,0,13,0,0,0,
NumStability.Source.Higham.Chapter28.Section01.HilbertConditioning.ConditionLogRate,NumStability/Source/Higham/Chapter28/Section01/HilbertConditioning/ConditionLogRate.lean,Source,Norms,Chapter28,371,344,50,8,8,14.534884,5,5,0,4,0,25,0,
NumStability.Source.Higham.Chapter28.Section01.HilbertConditioning.HilbertCondition,NumStability/Source/Higham/Chapter28/Section01/HilbertConditioning/HilbertCondition.lean,Source,Norms,Chapter28,454,420,48,19,18,11.428571,21,6,1,15,7,57,7,8.142857
NumStability.Source.Higham.Chapter28.Section02,NumStability/Source/Higham/Chapter28/Section02.lean,Source,HighamSourceOther,Chapter28,54,48,0,0,0,0.0,48,0,0,48,0,0,0,
NumStability.Source.Higham.Chapter28.Section02.RealGinibre.Asymptotics.Asymptotics,NumStability/Source/Higham/Chapter28/Section02/RealGinibre/Asymptotics/Asymptotics.lean,Source,HighamSourceOther,Chapter28,230,159,19,15,15,11.949686,5,5,7,0,7,17,7,2.428571
NumStability.Source.Higham.Chapter28.Section02.RealGinibre.FiniteExpectation.CharacteristicProductMoments,NumStability/Source/Higham/Chapter28/Section02/RealGinibre/FiniteExpectation/CharacteristicProductMoments.lean,Source,HighamSourceOther,Chapter28,826,738,26,24,24,3.523035,6,4,2,3,3,27,3,9.0
NumStability.Source.Higham.Chapter28.Section02.RealGinibre.FiniteExpectation.ClosedFormAsymptotics,NumStability/Source/Higham/Chapter28/Section02/RealGinibre/FiniteExpectation/ClosedFormAsymptotics.lean,Source,HighamSourceOther,Chapter28,725,625,64,27,24,10.24,10,8,2,6,5,49,5,9.8
NumStability.Source.Higham.Chapter28.Section02.RealGinibre.FiniteExpectation.ExpectedCountFormula,NumStability/Source/Higham/Chapter28/Section02/RealGinibre/FiniteExpectation/ExpectedCountFormula.lean,Source,HighamSourceOther,Chapter28,640,546,42,28,25,7.692308,15,19,0,6,0,52,0,
NumStability.Source.Higham.Chapter28.Section02.RealGinibre.FiniteExpectation.Ginibre,NumStability/Source/Higham/Chapter28/Section02/RealGinibre/FiniteExpectation/Ginibre.lean,Source,HighamSourceOther,Chapter28,184,143,23,11,10,16.083916,6,3,6,3,9,19,9,2.111111
NumStability.Source.Higham.Chapter28.Section02.RealGinibre.FiniteExpectation.GinibreAbsoluteDetRecurrence,NumStability/Source/Higham/Chapter28/Section02/RealGinibre/FiniteExpectation/GinibreAbsoluteDetRecurrence.lean,Source,HighamSourceOther,Chapter28,615,533,66,36,32,12.382739,9,5,1,4,9,108,9,12.0
NumStability.Source.Higham.Chapter28.Section02.RealGinibre.FiniteExpectation.GinibreCharacteristicProduct,NumStability/Source/Higham/Chapter28/Section02/RealGinibre/FiniteExpectation/GinibreCharacteristicProduct.lean,Source,HighamSourceOther,Chapter28,1000,846,83,75,66,9.810875,4,1,2,3,27,139,27,5.148148
NumStability.Source.Higham.Chapter28.Section02.RealGinibre.FiniteExpectation.GinibreCorollary31Factor,NumStability/Source/Higham/Chapter28/Section02/RealGinibre/FiniteExpectation/GinibreCorollary31Factor.lean,Source,HighamSourceOther,Chapter28,101,80,9,2,2,11.25,6,1,1,5,1,1,1,1.0
NumStability.Source.Higham.Chapter28.Section02.RealGinibre.FiniteExpectation.GinibreDeterminantMoment,NumStability/Source/Higham/Chapter28/Section02/RealGinibre/FiniteExpectation/GinibreDeterminantMoment.lean,Source,HighamSourceOther,Chapter28,81,55,5,3,3,9.090909,5,0,6,5,3,5,3,1.666667
NumStability.Source.Higham.Chapter28.Section02.RealGinibre.FiniteExpectation.GinibreExpectationGlue,NumStability/Source/Higham/Chapter28/Section02/RealGinibre/FiniteExpectation/GinibreExpectationGlue.lean,Source,HighamSourceOther,Chapter28,135,116,8,1,1,6.896552,6,1,1,5,1,0,1,0.0
NumStability.Source.Higham.Chapter28.Section02.RealGinibre.FiniteExpectation.GinibreFiniteFormula,NumStability/Source/Higham/Chapter28/Section02/RealGinibre/FiniteExpectation/GinibreFiniteFormula.lean,Source,HighamSourceOther,Chapter28,172,136,10,10,10,7.352941,8,2,1,6,6,12,6,2.0
NumStability.Source.Higham.Chapter28.Section02.RealGinibre.FiniteExpectation.GinibreGaussianBridge,NumStability/Source/Higham/Chapter28/Section02/RealGinibre/FiniteExpectation/GinibreGaussianBridge.lean,Source,ProbabilityStatistics,Chapter28,123,95,18,7,4,18.947368,6,2,3,4,4,17,4,4.25
NumStability.Source.Higham.Chapter28.Section02.RealGinibre.FiniteExpectation.GinibreRecurrence,NumStability/Source/Higham/Chapter28/Section02/RealGinibre/FiniteExpectation/GinibreRecurrence.lean,Source,HighamSourceOther,Chapter28,110,85,19,4,4,22.352941,6,3,1,3,3,4,3,1.333333
NumStability.Source.Higham.Chapter28.Section02.RealGinibre.FiniteExpectation.GinibreSignedExpectation,NumStability/Source/Higham/Chapter28/Section02/RealGinibre/FiniteExpectation/GinibreSignedExpectation.lean,Source,HighamSourceOther,Chapter28,106,80,8,6,6,10.0,6,3,2,3,6,3,6,0.5
NumStability.Source.Higham.Chapter28.Section02.RealGinibre.FiniteExpectation.Moments,NumStability/Source/Higham/Chapter28/Section02/RealGinibre/FiniteExpectation/Moments.lean,Source,HighamSourceOther,Chapter28,225,183,14,11,10,7.650273,3,3,1,1,5,22,5,4.4
NumStability.Source.Higham.Chapter28.Section02.RealGinibre.Incidence.ExpectedCountTransfer,NumStability/Source/Higham/Chapter28/Section02/RealGinibre/Incidence/ExpectedCountTransfer.lean,Source,HighamSourceOther,Chapter28,526,444,35,28,23,7.882883,11,13,2,5,12,44,12,3.666667
NumStability.Source.Higham.Chapter28.Section02.RealGinibre.Incidence.GinibreIncidence,NumStability/Source/Higham/Chapter28/Section02/RealGinibre/Incidence/GinibreIncidence.lean,Source,HighamSourceOther,Chapter28,716,621,72,62,48,11.594203,6,3,12,3,36,274,36,7.611111
NumStability.Source.Higham.Chapter28.Section02.RealGinibre.Incidence.GinibrePlaneIncidence,NumStability/Source/Higham/Chapter28/Section02/RealGinibre/Incidence/GinibrePlaneIncidence.lean,Source,HighamSourceOther,Chapter28,166,120,27,24,14,22.5,4,1,1,3,6,61,6,10.166667
NumStability.Source.Higham.Chapter28.Section02.RealGinibre.Incidence.GinibreSignedIncidenceAlgebra,NumStability/Source/Higham/Chapter28/Section02/RealGinibre/Incidence/GinibreSignedIncidenceAlgebra.lean,Source,HighamSourceOther,Chapter28,104,86,1,1,1,1.162791,8,3,1,5,1,0,1,0.0
NumStability.Source.Higham.Chapter28.Section02.RealGinibre.Incidence.GinibreTruncatedIncidence,NumStability/Source/Higham/Chapter28/Section02/RealGinibre/Incidence/GinibreTruncatedIncidence.lean,Source,HighamSourceOther,Chapter28,76,55,2,2,2,3.636364,6,2,1,4,2,0,2,0.0
NumStability.Source.Higham.Chapter28.Section02.RealGinibre.InvariantPlanes.DimensionTwoExact,NumStability/Source/Higham/Chapter28/Section02/RealGinibre/InvariantPlanes/DimensionTwoExact.lean,Source,HighamSourceOther,Chapter28,263,217,24,10,10,11.059908,6,9,1,2,1,24,1,24.0
NumStability.Source.Higham.Chapter28.Section02.RealGinibre.InvariantPlanes.GinibreAtlas,NumStability/Source/Higham/Chapter28/Section02/RealGinibre/InvariantPlanes/GinibreAtlas.lean,Source,HighamSourceOther,Chapter28,287,250,24,23,20,9.6,5,1,4,4,3,45,3,15.0
NumStability.Source.Higham.Chapter28.Section02.RealGinibre.InvariantPlanes.GinibreComplexPairs,NumStability/Source/Higham/Chapter28/Section02/RealGinibre/InvariantPlanes/GinibreComplexPairs.lean,Source,HighamSourceOther,Chapter28,103,72,7,5,5,9.722222,7,3,2,4,3,4,3,1.333333
NumStability.Source.Higham.Chapter28.Section02.RealGinibre.InvariantPlanes.GinibreDimensionTwo,NumStability/Source/Higham/Chapter28/Section02/RealGinibre/InvariantPlanes/GinibreDimensionTwo.lean,Source,HighamSourceOther,Chapter28,635,566,62,49,39,10.954064,6,3,2,3,10,123,10,12.3
NumStability.Source.Higham.Chapter28.Section02.RealGinibre.InvariantPlanes.GinibreOrthogonalFiber,NumStability/Source/Higham/Chapter28/Section02/RealGinibre/InvariantPlanes/GinibreOrthogonalFiber.lean,Source,HighamSourceOther,Chapter28,1226,1082,97,80,65,8.96488,13,8,3,5,11,247,11,22.454545
NumStability.Source.Higham.Chapter28.Section02.RealGinibre.InvariantPlanes.GinibrePlaneChart,NumStability/Source/Higham/Chapter28/Section02/RealGinibre/InvariantPlanes/GinibrePlaneChart.lean,Source,HighamSourceOther,Chapter28,140,100,21,17,12,21.0,5,2,1,3,8,66,8,8.25
NumStability.Source.Higham.Chapter28.Section02.RealGinibre.InvariantPlanes.GinibrePlaneSylvester,NumStability/Source/Higham/Chapter28/Section02/RealGinibre/InvariantPlanes/GinibrePlaneSylvester.lean,Source,MatrixEquations,Chapter28,221,172,20,18,15,11.627907,4,1,1,3,10,29,10,2.9
NumStability.Source.Higham.Chapter28.Section02.RealGinibre.InvariantPlanes.PlaneSylvesterJacobian,NumStability/Source/Higham/Chapter28/Section02/RealGinibre/InvariantPlanes/PlaneSylvesterJacobian.lean,Source,MatrixEquations,Chapter28,496,429,32,27,21,7.459207,10,6,0,6,0,48,0,
NumStability.Source.Higham.Chapter28.Section02.RealGinibre.ProbabilityLaw.GinibreJointDensity,NumStability/Source/Higham/Chapter28/Section02/RealGinibre/ProbabilityLaw/GinibreJointDensity.lean,Source,ProbabilityStatistics,Chapter28,55,35,2,2,2,5.714286,4,0,1,4,1,0,1,0.0
NumStability.Source.Higham.Chapter28.Section02.RealGinibre.ProbabilityLaw.GinibreMeasure,NumStability/Source/Higham/Chapter28/Section02/RealGinibre/ProbabilityLaw/GinibreMeasure.lean,Source,ProbabilityStatistics,Chapter28,92,68,3,3,2,4.411765,4,1,7,3,3,1,3,0.333333
NumStability.Source.Higham.Chapter28.Section02.RealGinibre.ProbabilityLaw.GinibreTraceDensity,NumStability/Source/Higham/Chapter28/Section02/RealGinibre/ProbabilityLaw/GinibreTraceDensity.lean,Source,ProbabilityStatistics,Chapter28,300,248,26,23,20,10.483871,6,2,3,4,12,44,12,3.666667
NumStability.Source.Higham.Chapter28.Section02.RealGinibre.ProbabilityLaw.LebesgueMomentDensities,NumStability/Source/Higham/Chapter28/Section02/RealGinibre/ProbabilityLaw/LebesgueMomentDensities.lean,Source,ProbabilityStatistics,Chapter28,563,468,36,30,30,7.692308,9,6,4,6,12,87,12,7.25
NumStability.Source.Higham.Chapter28.Section02.RealGinibre.ProbabilityLaw.Probability,NumStability/Source/Higham/Chapter28/Section02/RealGinibre/ProbabilityLaw/Probability.lean,Source,ProbabilityStatistics,Chapter28,116,91,7,7,6,7.692308,4,5,15,2,5,5,5,1.0
NumStability.Source.Higham.Chapter28.Section02.RealGinibre.ProbabilityLaw.ProductLaw,NumStability/Source/Higham/Chapter28/Section02/RealGinibre/ProbabilityLaw/ProductLaw.lean,Source,ProbabilityStatistics,Chapter28,58,37,7,6,6,18.918919,6,2,10,5,5,10,5,2.0
NumStability.Source.Higham.Chapter28.Section02.RealGinibre.RootMeasurability.EigenvalueCounts,NumStability/Source/Higham/Chapter28/Section02/RealGinibre/RootMeasurability/EigenvalueCounts.lean,Source,Spectral,Chapter28,295,235,41,30,30,17.446809,7,7,3,4,5,66,5,13.2
NumStability.Source.Higham.Chapter28.Section02.RealGinibre.RootMeasurability.GinibreMultiplicity,NumStability/Source/Higham/Chapter28/Section02/RealGinibre/RootMeasurability/GinibreMultiplicity.lean,Source,HighamSourceOther,Chapter28,117,97,3,3,3,3.092784,6,2,2,4,2,1,2,0.5
NumStability.Source.Higham.Chapter28.Section02.RealGinibre.RootMeasurability.GinibreRoots,NumStability/Source/Higham/Chapter28/Section02/RealGinibre/RootMeasurability/GinibreRoots.lean,Source,HighamSourceOther,Chapter28,345,295,44,37,32,14.915254,6,2,9,4,19,98,19,5.157895
NumStability.Source.Higham.Chapter28.Section02.RealGinibre.SignedIncidence.AlternatingRankSheets,NumStability/Source/Higham/Chapter28/Section02/RealGinibre/SignedIncidence/AlternatingRankSheets.lean,Source,HighamSourceOther,Chapter28,850,753,41,28,28,5.444887,13,18,2,7,9,48,9,5.333333
NumStability.Source.Higham.Chapter28.Section02.RealGinibre.SignedIncidence.GinibreParity,NumStability/Source/Higham/Chapter28/Section02/RealGinibre/SignedIncidence/GinibreParity.lean,Source,HighamSourceOther,Chapter28,49,33,2,1,1,6.060606,4,0,1,4,1,1,1,1.0
NumStability.Source.Higham.Chapter28.Section02.RealGinibre.SignedIncidence.GinibreSignedConclusion,NumStability/Source/Higham/Chapter28/Section02/RealGinibre/SignedIncidence/GinibreSignedConclusion.lean,Source,HighamSourceOther,Chapter28,181,161,6,2,2,3.726708,6,1,1,5,2,4,2,2.0
NumStability.Source.Higham.Chapter28.Section02.RealGinibre.SignedIncidence.GinibreSignedGaussian,NumStability/Source/Higham/Chapter28/Section02/RealGinibre/SignedIncidence/GinibreSignedGaussian.lean,Source,ProbabilityStatistics,Chapter28,423,361,45,32,26,12.465374,6,2,3,4,8,99,8,12.375
NumStability.Source.Higham.Chapter28.Section02.RealGinibre.SignedIncidence.GinibreSignedIncidence,NumStability/Source/Higham/Chapter28/Section02/RealGinibre/SignedIncidence/GinibreSignedIncidence.lean,Source,HighamSourceOther,Chapter28,136,108,6,6,6,5.555556,12,7,1,5,5,4,5,0.8
NumStability.Source.Higham.Chapter28.Section02.RealGinibre.SignedIncidence.GinibreSignedKernel,NumStability/Source/Higham/Chapter28/Section02/RealGinibre/SignedIncidence/GinibreSignedKernel.lean,Source,HighamSourceOther,Chapter28,124,98,6,6,6,6.122449,6,2,1,4,4,9,4,2.25
NumStability.Source.Higham.Chapter28.Section02.RealGinibre.SignedIncidence.GinibreSignedRank,NumStability/Source/Higham/Chapter28/Section02/RealGinibre/SignedIncidence/GinibreSignedRank.lean,Source,HighamSourceOther,Chapter28,58,38,2,2,2,5.263158,4,0,6,4,2,0,2,0.0
NumStability.Source.Higham.Chapter28.Section02.RealGinibre.SignedIncidence.GinibreSignedRankTransfer,NumStability/Source/Higham/Chapter28/Section02/RealGinibre/SignedIncidence/GinibreSignedRankTransfer.lean,Source,HighamSourceOther,Chapter28,162,130,7,5,5,5.384615,8,5,3,3,4,3,4,0.75
NumStability.Source.Higham.Chapter28.Section02.RealGinibre.SignedIncidence.GinibreSignedScalar,NumStability/Source/Higham/Chapter28/Section02/RealGinibre/SignedIncidence/GinibreSignedScalar.lean,Source,HighamSourceOther,Chapter28,391,338,22,14,13,6.508876,4,0,4,4,4,14,4,3.5
NumStability.Source.Higham.Chapter28.Section02.RealGinibre.SignedIncidence.OneRootMomentReduction,NumStability/Source/Higham/Chapter28/Section02/RealGinibre/SignedIncidence/OneRootMomentReduction.lean,Source,HighamSourceOther,Chapter28,1627,1507,57,31,27,3.782349,15,20,1,8,4,108,4,27.0
NumStability.Source.Higham.Chapter28.Section02.UniformPositive.PerronAlmostSure,NumStability/Source/Higham/Chapter28/Section02/UniformPositive/PerronAlmostSure.lean,Source,HighamSourceOther,Chapter28,121,95,7,6,6,7.368421,7,2,0,6,0,14,0,
NumStability.Source.Higham.Chapter28.Section03,NumStability/Source/Higham/Chapter28/Section03.lean,Source,HighamSourceOther,Chapter28,14,8,0,0,0,0.0,8,0,0,8,0,0,0,
NumStability.Source.Higham.Chapter28.Section03.RandomSVD.RandsvdNorm,NumStability/Source/Higham/Chapter28/Section03/RandomSVD/RandsvdNorm.lean,Source,HighamSourceOther,Chapter28,554,516,45,23,16,8.72093,5,3,0,2,0,42,0,
NumStability.Source.Higham.Chapter28.Section03.RandomSVD.SingleHouseholderRankTwo,NumStability/Source/Higham/Chapter28/Section03/RandomSVD/SingleHouseholderRankTwo.lean,Source,HighamSourceOther,Chapter28,118,99,8,4,2,8.080808,3,5,0,2,0,4,0,
NumStability.Source.Higham.Chapter28.Section03.Theorem01.StewartHaar.GaussianQRHaar,NumStability/Source/Higham/Chapter28/Section03/Theorem01/StewartHaar/GaussianQRHaar.lean,Source,ProbabilityStatistics,Chapter28,497,432,48,47,42,11.111111,9,6,1,4,21,82,21,3.904762
NumStability.Source.Higham.Chapter28.Section03.Theorem01.StewartHaar.HaarConclusion,NumStability/Source/Higham/Chapter28/Section03/Theorem01/StewartHaar/HaarConclusion.lean,Source,ProbabilityStatistics,Chapter28,31,14,4,3,2,28.571429,2,2,1,1,1,2,1,2.0
NumStability.Source.Higham.Chapter28.Section03.Theorem01.StewartHaar.QRFactorHaar,NumStability/Source/Higham/Chapter28/Section03/Theorem01/StewartHaar/QRFactorHaar.lean,Source,ProbabilityStatistics,Chapter28,318,290,21,16,14,7.241379,5,5,0,4,0,22,0,
NumStability.Source.Higham.Chapter28.Section03.Theorem01.StewartHaar.RawFiberConclusion,NumStability/Source/Higham/Chapter28/Section03/Theorem01/StewartHaar/RawFiberConclusion.lean,Source,ProbabilityStatistics,Chapter28,140,121,11,10,8,9.090909,7,13,0,3,0,12,0,
NumStability.Source.Higham.Chapter28.Section03.Theorem01.StewartHaar.Stewart,NumStability/Source/Higham/Chapter28/Section03/Theorem01/StewartHaar/Stewart.lean,Source,ProbabilityStatistics,Chapter28,281,220,22,20,17,10.0,6,5,1,2,2,20,2,10.0
NumStability.Source.Higham.Chapter28.Section03.Theorem01.StewartHaar.StewartRawFiber,NumStability/Source/Higham/Chapter28/Section03/Theorem01/StewartHaar/StewartRawFiber.lean,Source,ProbabilityStatistics,Chapter28,81,63,5,5,4,7.936508,10,6,1,4,3,5,3,1.666667
NumStability.Source.Higham.Chapter28.Section04,NumStability/Source/Higham/Chapter28/Section04.lean,Source,HighamSourceOther,Chapter28,20,14,0,0,0,0.0,14,0,0,14,0,0,0,
NumStability.Source.Higham.Chapter28.Section04.Pascal.IdentityCubeRoot,NumStability/Source/Higham/Chapter28/Section04/Pascal/IdentityCubeRoot.lean,Source,HighamSourceOther,Chapter28,242,219,21,3,3,9.589041,5,3,0,4,0,20,0,
NumStability.Source.Higham.Chapter28.Section04.Pascal.MomentMatrix,NumStability/Source/Higham/Chapter28/Section04/Pascal/MomentMatrix.lean,Source,HighamSourceOther,Chapter28,355,322,39,6,6,12.111801,6,4,0,4,0,16,0,
NumStability.Source.Higham.Chapter28.Section04.Pascal.OptimalPerturbationRate,NumStability/Source/Higham/Chapter28/Section04/Pascal/OptimalPerturbationRate.lean,Source,HighamSourceOther,Chapter28,73,59,1,1,1,1.694915,3,6,0,1,0,0,0,
NumStability.Source.Higham.Chapter28.Section04.Pascal.OscillationEigenbasis,NumStability/Source/Higham/Chapter28/Section04/Pascal/OscillationEigenbasis.lean,Source,Spectral,Chapter28,100,87,7,7,5,8.045977,3,6,2,2,5,3,5,0.6
NumStability.Source.Higham.Chapter28.Section04.Pascal.OscillationSpectrum,NumStability/Source/Higham/Chapter28/Section04/Pascal/OscillationSpectrum.lean,Source,HighamSourceOther,Chapter28,303,283,11,7,7,3.886926,4,6,1,2,2,11,2,5.5
NumStability.Source.Higham.Chapter28.Section04.Pascal.Pascal,NumStability/Source/Higham/Chapter28/Section04/Pascal/Pascal.lean,Source,HighamSourceOther,Chapter28,63,38,9,7,5,23.684211,2,2,1,0,4,8,4,2.0
NumStability.Source.Higham.Chapter28.Section04.Pascal.PascalCondition,NumStability/Source/Higham/Chapter28/Section04/Pascal/PascalCondition.lean,Source,Norms,Chapter28,250,214,19,8,8,8.878505,20,5,2,15,4,11,4,2.75
NumStability.Source.Higham.Chapter28.Section04.Pascal.PascalOscillation,NumStability/Source/Higham/Chapter28/Section04/Pascal/PascalOscillation.lean,Source,HighamSourceOther,Chapter28,107,88,2,2,2,2.272727,17,2,0,15,0,0,0,
NumStability.Source.Higham.Chapter28.Section04.Pascal.PascalSpectral,NumStability/Source/Higham/Chapter28/Section04/Pascal/PascalSpectral.lean,Source,Spectral,Chapter28,341,277,34,30,24,12.274368,19,6,3,14,13,63,13,4.846154
NumStability.Source.Higham.Chapter28.Section04.Pascal.SignChangeCount,NumStability/Source/Higham/Chapter28/Section04/Pascal/SignChangeCount.lean,Source,HighamSourceOther,Chapter28,98,83,11,3,2,13.253012,3,7,0,0,0,13,0,
NumStability.Source.Higham.Chapter28.Section04.Pascal.SingularizingPerturbation,NumStability/Source/Higham/Chapter28/Section04/Pascal/SingularizingPerturbation.lean,Source,HighamSourceOther,Chapter28,183,164,14,5,4,8.536585,2,6,1,1,1,7,1,7.0
NumStability.Source.Higham.Chapter28.Section04.Pascal.TotalPositivity,NumStability/Source/Higham/Chapter28/Section04/Pascal/TotalPositivity.lean,Source,HighamSourceOther,Chapter28,118,104,4,2,2,3.846154,3,4,1,1,1,3,1,3.0
NumStability.Source.Higham.Chapter28.Section04.ReciprocalSpectrumSPD.ReciprocalSPD,NumStability/Source/Higham/Chapter28/Section04/ReciprocalSpectrumSPD/ReciprocalSPD.lean,Source,HighamSourceOther,Chapter28,382,338,38,30,24,11.242604,14,1,1,13,4,63,4,15.75
NumStability.Source.Higham.Chapter28.Section04.ReciprocalSpectrumSPD.TriangularInvolution,NumStability/Source/Higham/Chapter28/Section04/ReciprocalSpectrumSPD/TriangularInvolution.lean,Source,HighamSourceOther,Chapter28,117,101,4,3,2,3.960396,3,2,0,2,0,2,0,
NumStability.Source.Higham.Chapter28.Section05,NumStability/Source/Higham/Chapter28/Section05.lean,Source,HighamSourceOther,Chapter28,12,6,0,0,0,0.0,6,0,0,6,0,0,0,
NumStability.Source.Higham.Chapter28.Section05.TridiagonalToeplitz.CharacteristicPolynomial,NumStability/Source/Higham/Chapter28/Section05/TridiagonalToeplitz/CharacteristicPolynomial.lean,Source,Polynomials,Chapter28,372,329,32,5,5,9.726444,4,7,0,2,0,48,0,
NumStability.Source.Higham.Chapter28.Section05.TridiagonalToeplitz.SecondDifferenceCondition,NumStability/Source/Higham/Chapter28/Section05/TridiagonalToeplitz/SecondDifferenceCondition.lean,Source,Norms,Chapter28,116,104,6,5,5,5.769231,3,8,0,1,0,5,0,
NumStability.Source.Higham.Chapter28.Section05.TridiagonalToeplitz.SineEigenpairs,NumStability/Source/Higham/Chapter28/Section05/TridiagonalToeplitz/SineEigenpairs.lean,Source,Spectral,Chapter28,163,139,18,11,6,12.94964,3,5,1,1,1,4,1,4.0
NumStability.Source.Higham.Chapter28.Section05.TridiagonalToeplitz.SineEigenvectors,NumStability/Source/Higham/Chapter28/Section05/TridiagonalToeplitz/SineEigenvectors.lean,Source,Spectral,Chapter28,199,172,14,7,5,8.139535,7,4,3,6,4,11,4,2.75
NumStability.Source.Higham.Chapter28.Section05.TridiagonalToeplitz.ToeplitzCondition,NumStability/Source/Higham/Chapter28/Section05/TridiagonalToeplitz/ToeplitzCondition.lean,Source,Norms,Chapter28,287,259,29,18,15,11.196911,16,3,1,13,11,44,11,4.0
NumStability.Source.Higham.Chapter28.Section05.TridiagonalToeplitz.ToeplitzGeneral,NumStability/Source/Higham/Chapter28/Section05/TridiagonalToeplitz/ToeplitzGeneral.lean,Source,HighamSourceOther,Chapter28,353,312,50,25,19,16.025641,16,3,2,13,19,58,19,3.052632
NumStability.Source.Higham.Chapter28.Section06,NumStability/Source/Higham/Chapter28/Section06.lean,Source,HighamSourceOther,Chapter28,12,6,0,0,0,0.0,6,0,0,6,0,0,0,
NumStability.Source.Higham.Chapter28.Section06.Companion.CharacteristicPolynomial,NumStability/Source/Higham/Chapter28/Section06/Companion/CharacteristicPolynomial.lean,Source,Polynomials,Chapter28,247,219,18,5,4,8.219178,3,5,0,2,0,19,0,
NumStability.Source.Higham.Chapter28.Section06.Companion.Companion,NumStability/Source/Higham/Chapter28/Section06/Companion/Companion.lean,Source,HighamSourceOther,Chapter28,64,46,2,2,2,4.347826,17,2,0,15,0,0,0,
NumStability.Source.Higham.Chapter28.Section06.Companion.CompanionSpectral,NumStability/Source/Higham/Chapter28/Section06/Companion/CompanionSpectral.lean,Source,Spectral,Chapter28,159,133,6,6,6,4.511278,18,3,0,15,0,0,0,
NumStability.Source.Higham.Chapter28.Section06.Companion.Nonderogatory,NumStability/Source/Higham/Chapter28/Section06/Companion/Nonderogatory.lean,Source,HighamSourceOther,Chapter28,145,124,10,4,4,8.064516,10,3,1,9,2,11,2,5.5
NumStability.Source.Higham.Chapter28.Section06.Companion.Normality,NumStability/Source/Higham/Chapter28/Section06/Companion/Normality.lean,Source,HighamSourceOther,Chapter28,173,159,18,1,1,11.320755,2,2,0,2,0,23,0,
NumStability.Source.Higham.Chapter28.Section06.Companion.SingularValues,NumStability/Source/Higham/Chapter28/Section06/Companion/SingularValues.lean,Source,Spectral,Chapter28,873,792,54,19,17,6.818182,3,3,0,3,0,95,0,
NumStability.Source.Higham.CrossChapter,NumStability/Source/Higham/CrossChapter.lean,Source,HighamSourceOther,Unassigned,12,5,0,0,0,0.0,5,0,0,5,0,0,0,
NumStability.Source.Higham.CrossChapter.LUSolverWeights,NumStability/Source/Higham/CrossChapter/LUSolverWeights.lean,Source,HighamSourceOther,Unassigned,9,2,0,0,0,0.0,2,0,0,2,0,0,0,
NumStability.Source.Higham.CrossChapter.LUSolverWeights.Doolittle,NumStability/Source/Higham/CrossChapter/LUSolverWeights/Doolittle.lean,Source,LU,Unassigned,90,56,11,4,3,19.642857,2,7,0,0,0,4,0,
NumStability.Source.Higham.CrossChapter.LUSolverWeights.Factorization,NumStability/Source/Higham/CrossChapter/LUSolverWeights/Factorization.lean,Source,HighamSourceOther,Unassigned,177,135,17,10,7,12.592593,2,8,0,1,0,16,0,
NumStability.Source.Higham.CrossChapter.NoGuardDotProduct,NumStability/Source/Higham/CrossChapter/NoGuardDotProduct.lean,Source,DotProduct,Unassigned,172,150,5,4,4,3.333333,2,5,0,0,0,3,0,
NumStability.Source.Higham.CrossChapter.PracticalConditionBound,NumStability/Source/Higham/CrossChapter/PracticalConditionBound.lean,Source,Norms,Unassigned,64,41,4,4,3,9.756098,2,6,0,1,0,2,0,
NumStability.Source.Higham.CrossChapter.SymmetricIndefiniteLU.ActualExecutorBridge,NumStability/Source/Higham/CrossChapter/SymmetricIndefiniteLU/ActualExecutorBridge.lean,Source,SymmetricIndefinite,Unassigned,635,545,12,11,7,2.201835,6,16,0,0,0,19,0,
NumStability.Source.Higham.CrossChapter.SymmetricIndefiniteLU.BridgeClosure,NumStability/Source/Higham/CrossChapter/SymmetricIndefiniteLU/BridgeClosure.lean,Source,SymmetricIndefinite,Unassigned,1344,1145,84,51,46,7.336245,11,11,4,8,24,134,24,5.583333
NumStability.Upstream.Lindemann.AlgebraicPart,NumStability/Upstream/Lindemann/AlgebraicPart.lean,Root,Other,Unassigned,584,520,97,2,1,18.653846,2,2,1,0,1,202,1,202.0
NumStability.Upstream.Lindemann.Basic,NumStability/Upstream/Lindemann/Basic.lean,Root,Other,Unassigned,324,258,24,6,6,9.302326,2,2,1,0,1,19,1,19.0
NumStability.Upstream.Lindemann.FinsuppQuotient,NumStability/Upstream/Lindemann/FinsuppQuotient.lean,Root,Other,Unassigned,61,27,5,4,4,18.518519,0,0,1,0,1,4,1,4.0
NumStability.Upstream.Lindemann.MonoidAlgebraCompat,NumStability/Upstream/Lindemann/MonoidAlgebraCompat.lean,Root,Other,Unassigned,230,138,104,88,34,75.362319,0,0,1,0,16,171,16,10.6875
NumStability.Upstream.Lindemann.SymmetricEval,NumStability/Upstream/Lindemann/SymmetricEval.lean,Root,Other,Unassigned,207,149,24,9,9,16.107383,0,0,1,0,1,36,1,36.0
