entry_module,universe,reachable_declarations,universe_declarations,percent,reachability_basis,visibility_limitation
NumStability,all_project_environment,77246,77246,100.0,compiled transitive module-import closure plus entry module,Reachability is not practical usability; consumer probes are separate.
NumStability,environment_public,58120,58120,100.0,compiled transitive module-import closure plus entry module,Reachability is not practical usability; consumer probes are separate.
NumStability,confirmed_source_written_public,47890,47890,100.0,compiled transitive module-import closure plus entry module,Reachability is not practical usability; consumer probes are separate.
NumStability.Algorithms,all_project_environment,71703,77246,92.824224,compiled transitive module-import closure plus entry module,Reachability is not practical usability; consumer probes are separate.
NumStability.Algorithms,environment_public,54149,58120,93.167584,compiled transitive module-import closure plus entry module,Reachability is not practical usability; consumer probes are separate.
NumStability.Algorithms,confirmed_source_written_public,44770,47890,93.48507,compiled transitive module-import closure plus entry module,Reachability is not practical usability; consumer probes are separate.
NumStability.Algorithms.AutomaticErrorAnalysis.Higham26SourceSearch,all_project_environment,0,77246,0.0,compiled transitive module-import closure plus entry module,Reachability is not practical usability; consumer probes are separate.
NumStability.Algorithms.AutomaticErrorAnalysis.Higham26SourceSearch,environment_public,0,58120,0.0,compiled transitive module-import closure plus entry module,Reachability is not practical usability; consumer probes are separate.
NumStability.Algorithms.AutomaticErrorAnalysis.Higham26SourceSearch,confirmed_source_written_public,0,47890,0.0,compiled transitive module-import closure plus entry module,Reachability is not practical usability; consumer probes are separate.
NumStability.Algorithms.FastMatMul,all_project_environment,3577,77246,4.63066,compiled transitive module-import closure plus entry module,Reachability is not practical usability; consumer probes are separate.
NumStability.Algorithms.FastMatMul,environment_public,2804,58120,4.824501,compiled transitive module-import closure plus entry module,Reachability is not practical usability; consumer probes are separate.
NumStability.Algorithms.FastMatMul,confirmed_source_written_public,2166,47890,4.522865,compiled transitive module-import closure plus entry module,Reachability is not practical usability; consumer probes are separate.
NumStability.Algorithms.HighamChapter8FanInClosure,all_project_environment,0,77246,0.0,compiled transitive module-import closure plus entry module,Reachability is not practical usability; consumer probes are separate.
NumStability.Algorithms.HighamChapter8FanInClosure,environment_public,0,58120,0.0,compiled transitive module-import closure plus entry module,Reachability is not practical usability; consumer probes are separate.
NumStability.Algorithms.HighamChapter8FanInClosure,confirmed_source_written_public,0,47890,0.0,compiled transitive module-import closure plus entry module,Reachability is not practical usability; consumer probes are separate.
NumStability.Algorithms.IterativeRefinement,all_project_environment,0,77246,0.0,compiled transitive module-import closure plus entry module,Reachability is not practical usability; consumer probes are separate.
NumStability.Algorithms.IterativeRefinement,environment_public,0,58120,0.0,compiled transitive module-import closure plus entry module,Reachability is not practical usability; consumer probes are separate.
NumStability.Algorithms.IterativeRefinement,confirmed_source_written_public,0,47890,0.0,compiled transitive module-import closure plus entry module,Reachability is not practical usability; consumer probes are separate.
NumStability.Algorithms.LinearSystems,all_project_environment,31790,77246,41.154235,compiled transitive module-import closure plus entry module,Reachability is not practical usability; consumer probes are separate.
NumStability.Algorithms.LinearSystems,environment_public,25299,58120,43.528906,compiled transitive module-import closure plus entry module,Reachability is not practical usability; consumer probes are separate.
NumStability.Algorithms.LinearSystems,confirmed_source_written_public,22212,47890,46.38129,compiled transitive module-import closure plus entry module,Reachability is not practical usability; consumer probes are separate.
NumStability.Algorithms.LinearSystems.Cholesky,all_project_environment,4187,77246,5.420345,compiled transitive module-import closure plus entry module,Reachability is not practical usability; consumer probes are separate.
NumStability.Algorithms.LinearSystems.Cholesky,environment_public,3045,58120,5.23916,compiled transitive module-import closure plus entry module,Reachability is not practical usability; consumer probes are separate.
NumStability.Algorithms.LinearSystems.Cholesky,confirmed_source_written_public,2595,47890,5.418668,compiled transitive module-import closure plus entry module,Reachability is not practical usability; consumer probes are separate.
NumStability.Algorithms.LinearSystems.Cholesky.ErrorAnalysis,all_project_environment,4161,77246,5.386687,compiled transitive module-import closure plus entry module,Reachability is not practical usability; consumer probes are separate.
NumStability.Algorithms.LinearSystems.Cholesky.ErrorAnalysis,environment_public,3040,58120,5.230557,compiled transitive module-import closure plus entry module,Reachability is not practical usability; consumer probes are separate.
NumStability.Algorithms.LinearSystems.Cholesky.ErrorAnalysis,confirmed_source_written_public,2590,47890,5.408227,compiled transitive module-import closure plus entry module,Reachability is not practical usability; consumer probes are separate.
NumStability.Algorithms.LinearSystems.Cholesky.Factorization,all_project_environment,3709,77246,4.801543,compiled transitive module-import closure plus entry module,Reachability is not practical usability; consumer probes are separate.
NumStability.Algorithms.LinearSystems.Cholesky.Factorization,environment_public,2797,58120,4.812457,compiled transitive module-import closure plus entry module,Reachability is not practical usability; consumer probes are separate.
NumStability.Algorithms.LinearSystems.Cholesky.Factorization,confirmed_source_written_public,2364,47890,4.936312,compiled transitive module-import closure plus entry module,Reachability is not practical usability; consumer probes are separate.
NumStability.Algorithms.LinearSystems.Cholesky.Perturbation,all_project_environment,3760,77246,4.867566,compiled transitive module-import closure plus entry module,Reachability is not practical usability; consumer probes are separate.
NumStability.Algorithms.LinearSystems.Cholesky.Perturbation,environment_public,2840,58120,4.886442,compiled transitive module-import closure plus entry module,Reachability is not practical usability; consumer probes are separate.
NumStability.Algorithms.LinearSystems.Cholesky.Perturbation,confirmed_source_written_public,2407,47890,5.026101,compiled transitive module-import closure plus entry module,Reachability is not practical usability; consumer probes are separate.
NumStability.Algorithms.LinearSystems.Cholesky.PositiveSemidefinite,all_project_environment,4177,77246,5.4074,compiled transitive module-import closure plus entry module,Reachability is not practical usability; consumer probes are separate.
NumStability.Algorithms.LinearSystems.Cholesky.PositiveSemidefinite,environment_public,3041,58120,5.232278,compiled transitive module-import closure plus entry module,Reachability is not practical usability; consumer probes are separate.
NumStability.Algorithms.LinearSystems.Cholesky.PositiveSemidefinite,confirmed_source_written_public,2591,47890,5.410315,compiled transitive module-import closure plus entry module,Reachability is not practical usability; consumer probes are separate.
NumStability.Algorithms.LinearSystems.Cholesky.RoundedFactorization,all_project_environment,3811,77246,4.933589,compiled transitive module-import closure plus entry module,Reachability is not practical usability; consumer probes are separate.
NumStability.Algorithms.LinearSystems.Cholesky.RoundedFactorization,environment_public,2850,58120,4.903648,compiled transitive module-import closure plus entry module,Reachability is not practical usability; consumer probes are separate.
NumStability.Algorithms.LinearSystems.Cholesky.RoundedFactorization,confirmed_source_written_public,2412,47890,5.036542,compiled transitive module-import closure plus entry module,Reachability is not practical usability; consumer probes are separate.
NumStability.Algorithms.LinearSystems.Cholesky.Solve,all_project_environment,3717,77246,4.8119,compiled transitive module-import closure plus entry module,Reachability is not practical usability; consumer probes are separate.
NumStability.Algorithms.LinearSystems.Cholesky.Solve,environment_public,2800,58120,4.817619,compiled transitive module-import closure plus entry module,Reachability is not practical usability; consumer probes are separate.
NumStability.Algorithms.LinearSystems.Cholesky.Solve,confirmed_source_written_public,2367,47890,4.942577,compiled transitive module-import closure plus entry module,Reachability is not practical usability; consumer probes are separate.
NumStability.Algorithms.LinearSystems.GaussJordan,all_project_environment,3592,77246,4.650079,compiled transitive module-import closure plus entry module,Reachability is not practical usability; consumer probes are separate.
NumStability.Algorithms.LinearSystems.GaussJordan,environment_public,2707,58120,4.657605,compiled transitive module-import closure plus entry module,Reachability is not practical usability; consumer probes are separate.
NumStability.Algorithms.LinearSystems.GaussJordan,confirmed_source_written_public,2282,47890,4.765087,compiled transitive module-import closure plus entry module,Reachability is not practical usability; consumer probes are separate.
NumStability.Algorithms.LinearSystems.GaussJordan.ErrorAnalysis,all_project_environment,3592,77246,4.650079,compiled transitive module-import closure plus entry module,Reachability is not practical usability; consumer probes are separate.
NumStability.Algorithms.LinearSystems.GaussJordan.ErrorAnalysis,environment_public,2707,58120,4.657605,compiled transitive module-import closure plus entry module,Reachability is not practical usability; consumer probes are separate.
NumStability.Algorithms.LinearSystems.GaussJordan.ErrorAnalysis,confirmed_source_written_public,2282,47890,4.765087,compiled transitive module-import closure plus entry module,Reachability is not practical usability; consumer probes are separate.
NumStability.Algorithms.LinearSystems.LU,all_project_environment,4373,77246,5.661135,compiled transitive module-import closure plus entry module,Reachability is not practical usability; consumer probes are separate.
NumStability.Algorithms.LinearSystems.LU,environment_public,3338,58120,5.74329,compiled transitive module-import closure plus entry module,Reachability is not practical usability; consumer probes are separate.
NumStability.Algorithms.LinearSystems.LU,confirmed_source_written_public,2760,47890,5.763207,compiled transitive module-import closure plus entry module,Reachability is not practical usability; consumer probes are separate.
NumStability.Algorithms.LinearSystems.LU.BlockLU,all_project_environment,4214,77246,5.455299,compiled transitive module-import closure plus entry module,Reachability is not practical usability; consumer probes are separate.
NumStability.Algorithms.LinearSystems.LU.BlockLU,environment_public,3210,58120,5.523056,compiled transitive module-import closure plus entry module,Reachability is not practical usability; consumer probes are separate.
NumStability.Algorithms.LinearSystems.LU.BlockLU,confirmed_source_written_public,2659,47890,5.552307,compiled transitive module-import closure plus entry module,Reachability is not practical usability; consumer probes are separate.
NumStability.Algorithms.LinearSystems.LU.NonsymmetricPositiveDefinite,all_project_environment,3705,77246,4.796365,compiled transitive module-import closure plus entry module,Reachability is not practical usability; consumer probes are separate.
NumStability.Algorithms.LinearSystems.LU.NonsymmetricPositiveDefinite,environment_public,2790,58120,4.800413,compiled transitive module-import closure plus entry module,Reachability is not practical usability; consumer probes are separate.
NumStability.Algorithms.LinearSystems.LU.NonsymmetricPositiveDefinite,confirmed_source_written_public,2364,47890,4.936312,compiled transitive module-import closure plus entry module,Reachability is not practical usability; consumer probes are separate.
NumStability.Algorithms.LinearSystems.LeastSquares,all_project_environment,14032,77246,18.165342,compiled transitive module-import closure plus entry module,Reachability is not practical usability; consumer probes are separate.
NumStability.Algorithms.LinearSystems.LeastSquares,environment_public,11230,58120,19.322092,compiled transitive module-import closure plus entry module,Reachability is not practical usability; consumer probes are separate.
NumStability.Algorithms.LinearSystems.LeastSquares,confirmed_source_written_public,9494,47890,19.824598,compiled transitive module-import closure plus entry module,Reachability is not practical usability; consumer probes are separate.
NumStability.Algorithms.LinearSystems.QR,all_project_environment,6106,77246,7.904616,compiled transitive module-import closure plus entry module,Reachability is not practical usability; consumer probes are separate.
NumStability.Algorithms.LinearSystems.QR,environment_public,4826,58120,8.30351,compiled transitive module-import closure plus entry module,Reachability is not practical usability; consumer probes are separate.
NumStability.Algorithms.LinearSystems.QR,confirmed_source_written_public,3856,47890,8.051785,compiled transitive module-import closure plus entry module,Reachability is not practical usability; consumer probes are separate.
NumStability.Algorithms.LinearSystems.QR.HouseholderApplySupport,all_project_environment,0,77246,0.0,compiled transitive module-import closure plus entry module,Reachability is not practical usability; consumer probes are separate.
NumStability.Algorithms.LinearSystems.QR.HouseholderApplySupport,environment_public,0,58120,0.0,compiled transitive module-import closure plus entry module,Reachability is not practical usability; consumer probes are separate.
NumStability.Algorithms.LinearSystems.QR.HouseholderApplySupport,confirmed_source_written_public,0,47890,0.0,compiled transitive module-import closure plus entry module,Reachability is not practical usability; consumer probes are separate.
NumStability.Algorithms.LinearSystems.QR.HouseholderQRSupport,all_project_environment,3816,77246,4.940062,compiled transitive module-import closure plus entry module,Reachability is not practical usability; consumer probes are separate.
NumStability.Algorithms.LinearSystems.QR.HouseholderQRSupport,environment_public,3034,58120,5.220234,compiled transitive module-import closure plus entry module,Reachability is not practical usability; consumer probes are separate.
NumStability.Algorithms.LinearSystems.QR.HouseholderQRSupport,confirmed_source_written_public,2563,47890,5.351848,compiled transitive module-import closure plus entry module,Reachability is not practical usability; consumer probes are separate.
NumStability.Algorithms.LinearSystems.QR.HouseholderSpecSupport,all_project_environment,1010,77246,1.307511,compiled transitive module-import closure plus entry module,Reachability is not practical usability; consumer probes are separate.
NumStability.Algorithms.LinearSystems.QR.HouseholderSpecSupport,environment_public,865,58120,1.4883,compiled transitive module-import closure plus entry module,Reachability is not practical usability; consumer probes are separate.
NumStability.Algorithms.LinearSystems.QR.HouseholderSpecSupport,confirmed_source_written_public,781,47890,1.630821,compiled transitive module-import closure plus entry module,Reachability is not practical usability; consumer probes are separate.
NumStability.Algorithms.LinearSystems.SymmetricIndefinite,all_project_environment,20988,77246,27.170339,compiled transitive module-import closure plus entry module,Reachability is not practical usability; consumer probes are separate.
NumStability.Algorithms.LinearSystems.SymmetricIndefinite,environment_public,16590,58120,28.544391,compiled transitive module-import closure plus entry module,Reachability is not practical usability; consumer probes are separate.
NumStability.Algorithms.LinearSystems.SymmetricIndefinite,confirmed_source_written_public,15007,47890,31.336396,compiled transitive module-import closure plus entry module,Reachability is not practical usability; consumer probes are separate.
NumStability.Algorithms.LinearSystems.SymmetricIndefinite.Aasen,all_project_environment,17468,77246,22.613469,compiled transitive module-import closure plus entry module,Reachability is not practical usability; consumer probes are separate.
NumStability.Algorithms.LinearSystems.SymmetricIndefinite.Aasen,environment_public,14093,58120,24.248107,compiled transitive module-import closure plus entry module,Reachability is not practical usability; consumer probes are separate.
NumStability.Algorithms.LinearSystems.SymmetricIndefinite.Aasen,confirmed_source_written_public,12779,47890,26.684068,compiled transitive module-import closure plus entry module,Reachability is not practical usability; consumer probes are separate.
NumStability.Algorithms.LinearSystems.SymmetricIndefinite.BlockLDLT,all_project_environment,20785,77246,26.907542,compiled transitive module-import closure plus entry module,Reachability is not practical usability; consumer probes are separate.
NumStability.Algorithms.LinearSystems.SymmetricIndefinite.BlockLDLT,environment_public,16493,58120,28.377495,compiled transitive module-import closure plus entry module,Reachability is not practical usability; consumer probes are separate.
NumStability.Algorithms.LinearSystems.SymmetricIndefinite.BlockLDLT,confirmed_source_written_public,14928,47890,31.171435,compiled transitive module-import closure plus entry module,Reachability is not practical usability; consumer probes are separate.
NumStability.Algorithms.LinearSystems.SymmetricIndefinite.ErrorAnalysis,all_project_environment,3410,77246,4.414468,compiled transitive module-import closure plus entry module,Reachability is not practical usability; consumer probes are separate.
NumStability.Algorithms.LinearSystems.SymmetricIndefinite.ErrorAnalysis,environment_public,2725,58120,4.688575,compiled transitive module-import closure plus entry module,Reachability is not practical usability; consumer probes are separate.
NumStability.Algorithms.LinearSystems.SymmetricIndefinite.ErrorAnalysis,confirmed_source_written_public,2258,47890,4.714972,compiled transitive module-import closure plus entry module,Reachability is not practical usability; consumer probes are separate.
NumStability.Algorithms.LinearSystems.SymmetricIndefinite.Pivoting,all_project_environment,3518,77246,4.554281,compiled transitive module-import closure plus entry module,Reachability is not practical usability; consumer probes are separate.
NumStability.Algorithms.LinearSystems.SymmetricIndefinite.Pivoting,environment_public,2810,58120,4.834825,compiled transitive module-import closure plus entry module,Reachability is not practical usability; consumer probes are separate.
NumStability.Algorithms.LinearSystems.SymmetricIndefinite.Pivoting,confirmed_source_written_public,2338,47890,4.882021,compiled transitive module-import closure plus entry module,Reachability is not practical usability; consumer probes are separate.
NumStability.Algorithms.LinearSystems.Triangular,all_project_environment,1811,77246,2.344458,compiled transitive module-import closure plus entry module,Reachability is not practical usability; consumer probes are separate.
NumStability.Algorithms.LinearSystems.Triangular,environment_public,1061,58120,1.825533,compiled transitive module-import closure plus entry module,Reachability is not practical usability; consumer probes are separate.
NumStability.Algorithms.LinearSystems.Triangular,confirmed_source_written_public,914,47890,1.90854,compiled transitive module-import closure plus entry module,Reachability is not practical usability; consumer probes are separate.
NumStability.Algorithms.MatrixEquations,all_project_environment,6161,77246,7.975818,compiled transitive module-import closure plus entry module,Reachability is not practical usability; consumer probes are separate.
NumStability.Algorithms.MatrixEquations,environment_public,4482,58120,7.711631,compiled transitive module-import closure plus entry module,Reachability is not practical usability; consumer probes are separate.
NumStability.Algorithms.MatrixEquations,confirmed_source_written_public,3940,47890,8.227187,compiled transitive module-import closure plus entry module,Reachability is not practical usability; consumer probes are separate.
NumStability.Algorithms.MatrixEquations.Sylvester,all_project_environment,6161,77246,7.975818,compiled transitive module-import closure plus entry module,Reachability is not practical usability; consumer probes are separate.
NumStability.Algorithms.MatrixEquations.Sylvester,environment_public,4482,58120,7.711631,compiled transitive module-import closure plus entry module,Reachability is not practical usability; consumer probes are separate.
NumStability.Algorithms.MatrixEquations.Sylvester,confirmed_source_written_public,3940,47890,8.227187,compiled transitive module-import closure plus entry module,Reachability is not practical usability; consumer probes are separate.
NumStability.Algorithms.MatrixEquations.Sylvester.BackwardError,all_project_environment,1061,77246,1.373534,compiled transitive module-import closure plus entry module,Reachability is not practical usability; consumer probes are separate.
NumStability.Algorithms.MatrixEquations.Sylvester.BackwardError,environment_public,856,58120,1.472815,compiled transitive module-import closure plus entry module,Reachability is not practical usability; consumer probes are separate.
NumStability.Algorithms.MatrixEquations.Sylvester.BackwardError,confirmed_source_written_public,798,47890,1.666319,compiled transitive module-import closure plus entry module,Reachability is not practical usability; consumer probes are separate.
NumStability.Algorithms.MatrixEquations.Sylvester.Conditioning,all_project_environment,4880,77246,6.317479,compiled transitive module-import closure plus entry module,Reachability is not practical usability; consumer probes are separate.
NumStability.Algorithms.MatrixEquations.Sylvester.Conditioning,environment_public,3784,58120,6.510668,compiled transitive module-import closure plus entry module,Reachability is not practical usability; consumer probes are separate.
NumStability.Algorithms.MatrixEquations.Sylvester.Conditioning,confirmed_source_written_public,3315,47890,6.922113,compiled transitive module-import closure plus entry module,Reachability is not practical usability; consumer probes are separate.
NumStability.Algorithms.MatrixEquations.Sylvester.Conditioning.AttainedMinima,all_project_environment,4270,77246,5.527794,compiled transitive module-import closure plus entry module,Reachability is not practical usability; consumer probes are separate.
NumStability.Algorithms.MatrixEquations.Sylvester.Conditioning.AttainedMinima,environment_public,3460,58120,5.9532,compiled transitive module-import closure plus entry module,Reachability is not practical usability; consumer probes are separate.
NumStability.Algorithms.MatrixEquations.Sylvester.Conditioning.AttainedMinima,confirmed_source_written_public,3058,47890,6.385467,compiled transitive module-import closure plus entry module,Reachability is not practical usability; consumer probes are separate.
NumStability.Algorithms.MatrixEquations.Sylvester.Conditioning.AutomaticBounds,all_project_environment,1669,77246,2.16063,compiled transitive module-import closure plus entry module,Reachability is not practical usability; consumer probes are separate.
NumStability.Algorithms.MatrixEquations.Sylvester.Conditioning.AutomaticBounds,environment_public,1394,58120,2.398486,compiled transitive module-import closure plus entry module,Reachability is not practical usability; consumer probes are separate.
NumStability.Algorithms.MatrixEquations.Sylvester.Conditioning.AutomaticBounds,confirmed_source_written_public,1325,47890,2.766757,compiled transitive module-import closure plus entry module,Reachability is not practical usability; consumer probes are separate.
NumStability.Algorithms.MatrixEquations.Sylvester.Conditioning.PracticalEstimator,all_project_environment,3927,77246,5.083758,compiled transitive module-import closure plus entry module,Reachability is not practical usability; consumer probes are separate.
NumStability.Algorithms.MatrixEquations.Sylvester.Conditioning.PracticalEstimator,environment_public,3003,58120,5.166896,compiled transitive module-import closure plus entry module,Reachability is not practical usability; consumer probes are separate.
NumStability.Algorithms.MatrixEquations.Sylvester.Conditioning.PracticalEstimator,confirmed_source_written_public,2548,47890,5.320526,compiled transitive module-import closure plus entry module,Reachability is not practical usability; consumer probes are separate.
NumStability.Algorithms.MatrixEquations.Sylvester.Conditioning.SigmaMinBounds,all_project_environment,1664,77246,2.154157,compiled transitive module-import closure plus entry module,Reachability is not practical usability; consumer probes are separate.
NumStability.Algorithms.MatrixEquations.Sylvester.Conditioning.SigmaMinBounds,environment_public,1389,58120,2.389883,compiled transitive module-import closure plus entry module,Reachability is not practical usability; consumer probes are separate.
NumStability.Algorithms.MatrixEquations.Sylvester.Conditioning.SigmaMinBounds,confirmed_source_written_public,1320,47890,2.756317,compiled transitive module-import closure plus entry module,Reachability is not practical usability; consumer probes are separate.
NumStability.Algorithms.MatrixEquations.Sylvester.Equation,all_project_environment,892,77246,1.154752,compiled transitive module-import closure plus entry module,Reachability is not practical usability; consumer probes are separate.
NumStability.Algorithms.MatrixEquations.Sylvester.Equation,environment_public,780,58120,1.342051,compiled transitive module-import closure plus entry module,Reachability is not practical usability; consumer probes are separate.
NumStability.Algorithms.MatrixEquations.Sylvester.Equation,confirmed_source_written_public,719,47890,1.501357,compiled transitive module-import closure plus entry module,Reachability is not practical usability; consumer probes are separate.
NumStability.Algorithms.MatrixEquations.Sylvester.Equation.VectorizationIdentities,all_project_environment,853,77246,1.104264,compiled transitive module-import closure plus entry module,Reachability is not practical usability; consumer probes are separate.
NumStability.Algorithms.MatrixEquations.Sylvester.Equation.VectorizationIdentities,environment_public,741,58120,1.274948,compiled transitive module-import closure plus entry module,Reachability is not practical usability; consumer probes are separate.
NumStability.Algorithms.MatrixEquations.Sylvester.Equation.VectorizationIdentities,confirmed_source_written_public,683,47890,1.426185,compiled transitive module-import closure plus entry module,Reachability is not practical usability; consumer probes are separate.
NumStability.Algorithms.MatrixEquations.Sylvester.GeneralizedEquations,all_project_environment,834,77246,1.079668,compiled transitive module-import closure plus entry module,Reachability is not practical usability; consumer probes are separate.
NumStability.Algorithms.MatrixEquations.Sylvester.GeneralizedEquations,environment_public,723,58120,1.243978,compiled transitive module-import closure plus entry module,Reachability is not practical usability; consumer probes are separate.
NumStability.Algorithms.MatrixEquations.Sylvester.GeneralizedEquations,confirmed_source_written_public,670,47890,1.399039,compiled transitive module-import closure plus entry module,Reachability is not practical usability; consumer probes are separate.
NumStability.Algorithms.MatrixEquations.Sylvester.Perturbation,all_project_environment,971,77246,1.257023,compiled transitive module-import closure plus entry module,Reachability is not practical usability; consumer probes are separate.
NumStability.Algorithms.MatrixEquations.Sylvester.Perturbation,environment_public,832,58120,1.431521,compiled transitive module-import closure plus entry module,Reachability is not practical usability; consumer probes are separate.
NumStability.Algorithms.MatrixEquations.Sylvester.Perturbation,confirmed_source_written_public,772,47890,1.612028,compiled transitive module-import closure plus entry module,Reachability is not practical usability; consumer probes are separate.
NumStability.Algorithms.MatrixEquations.Sylvester.Solvers,all_project_environment,5594,77246,7.241799,compiled transitive module-import closure plus entry module,Reachability is not practical usability; consumer probes are separate.
NumStability.Algorithms.MatrixEquations.Sylvester.Solvers,environment_public,4077,58120,7.014797,compiled transitive module-import closure plus entry module,Reachability is not practical usability; consumer probes are separate.
NumStability.Algorithms.MatrixEquations.Sylvester.Solvers,confirmed_source_written_public,3581,47890,7.477553,compiled transitive module-import closure plus entry module,Reachability is not practical usability; consumer probes are separate.
NumStability.Algorithms.MatrixEquations.Sylvester.Solvers.ComplexSchur,all_project_environment,1776,77246,2.299148,compiled transitive module-import closure plus entry module,Reachability is not practical usability; consumer probes are separate.
NumStability.Algorithms.MatrixEquations.Sylvester.Solvers.ComplexSchur,environment_public,1487,58120,2.5585,compiled transitive module-import closure plus entry module,Reachability is not practical usability; consumer probes are separate.
NumStability.Algorithms.MatrixEquations.Sylvester.Solvers.ComplexSchur,confirmed_source_written_public,1412,47890,2.948423,compiled transitive module-import closure plus entry module,Reachability is not practical usability; consumer probes are separate.
NumStability.Algorithms.MatrixEquations.Sylvester.Solvers.HessenbergSchur,all_project_environment,0,77246,0.0,compiled transitive module-import closure plus entry module,Reachability is not practical usability; consumer probes are separate.
NumStability.Algorithms.MatrixEquations.Sylvester.Solvers.HessenbergSchur,environment_public,0,58120,0.0,compiled transitive module-import closure plus entry module,Reachability is not practical usability; consumer probes are separate.
NumStability.Algorithms.MatrixEquations.Sylvester.Solvers.HessenbergSchur,confirmed_source_written_public,0,47890,0.0,compiled transitive module-import closure plus entry module,Reachability is not practical usability; consumer probes are separate.
NumStability.Algorithms.MatrixEquations.Sylvester.Solvers.PivotedSmallBlocks,all_project_environment,4733,77246,6.127178,compiled transitive module-import closure plus entry module,Reachability is not practical usability; consumer probes are separate.
NumStability.Algorithms.MatrixEquations.Sylvester.Solvers.PivotedSmallBlocks,environment_public,3400,58120,5.849966,compiled transitive module-import closure plus entry module,Reachability is not practical usability; consumer probes are separate.
NumStability.Algorithms.MatrixEquations.Sylvester.Solvers.PivotedSmallBlocks,confirmed_source_written_public,2920,47890,6.097306,compiled transitive module-import closure plus entry module,Reachability is not practical usability; consumer probes are separate.
NumStability.Algorithms.MatrixEquations.Sylvester.Solvers.QuasiTriangularBartelsStewart,all_project_environment,4648,77246,6.01714,compiled transitive module-import closure plus entry module,Reachability is not practical usability; consumer probes are separate.
NumStability.Algorithms.MatrixEquations.Sylvester.Solvers.QuasiTriangularBartelsStewart,environment_public,3326,58120,5.722643,compiled transitive module-import closure plus entry module,Reachability is not practical usability; consumer probes are separate.
NumStability.Algorithms.MatrixEquations.Sylvester.Solvers.QuasiTriangularBartelsStewart,confirmed_source_written_public,2889,47890,6.032575,compiled transitive module-import closure plus entry module,Reachability is not practical usability; consumer probes are separate.
NumStability.Algorithms.MatrixEquations.Sylvester.Solvers.TriangularBartelsStewart,all_project_environment,1986,77246,2.571007,compiled transitive module-import closure plus entry module,Reachability is not practical usability; consumer probes are separate.
NumStability.Algorithms.MatrixEquations.Sylvester.Solvers.TriangularBartelsStewart,environment_public,1462,58120,2.515485,compiled transitive module-import closure plus entry module,Reachability is not practical usability; consumer probes are separate.
NumStability.Algorithms.MatrixEquations.Sylvester.Solvers.TriangularBartelsStewart,confirmed_source_written_public,1329,47890,2.77511,compiled transitive module-import closure plus entry module,Reachability is not practical usability; consumer probes are separate.
NumStability.Algorithms.MatrixInversion.LUFactors,all_project_environment,4902,77246,6.34596,compiled transitive module-import closure plus entry module,Reachability is not practical usability; consumer probes are separate.
NumStability.Algorithms.MatrixInversion.LUFactors,environment_public,3802,58120,6.541638,compiled transitive module-import closure plus entry module,Reachability is not practical usability; consumer probes are separate.
NumStability.Algorithms.MatrixInversion.LUFactors,confirmed_source_written_public,3242,47890,6.769681,compiled transitive module-import closure plus entry module,Reachability is not practical usability; consumer probes are separate.
NumStability.Algorithms.MatrixInversion.LUFactors.ErrorAnalysis,all_project_environment,4902,77246,6.34596,compiled transitive module-import closure plus entry module,Reachability is not practical usability; consumer probes are separate.
NumStability.Algorithms.MatrixInversion.LUFactors.ErrorAnalysis,environment_public,3802,58120,6.541638,compiled transitive module-import closure plus entry module,Reachability is not practical usability; consumer probes are separate.
NumStability.Algorithms.MatrixInversion.LUFactors.ErrorAnalysis,confirmed_source_written_public,3242,47890,6.769681,compiled transitive module-import closure plus entry module,Reachability is not practical usability; consumer probes are separate.
NumStability.Algorithms.MatrixInversion.LUFactors.Methods,all_project_environment,4864,77246,6.296766,compiled transitive module-import closure plus entry module,Reachability is not practical usability; consumer probes are separate.
NumStability.Algorithms.MatrixInversion.LUFactors.Methods,environment_public,3780,58120,6.503785,compiled transitive module-import closure plus entry module,Reachability is not practical usability; consumer probes are separate.
NumStability.Algorithms.MatrixInversion.LUFactors.Methods,confirmed_source_written_public,3221,47890,6.72583,compiled transitive module-import closure plus entry module,Reachability is not practical usability; consumer probes are separate.
NumStability.Algorithms.MatrixInversion.Residuals,all_project_environment,4877,77246,6.313596,compiled transitive module-import closure plus entry module,Reachability is not practical usability; consumer probes are separate.
NumStability.Algorithms.MatrixInversion.Residuals,environment_public,3786,58120,6.514109,compiled transitive module-import closure plus entry module,Reachability is not practical usability; consumer probes are separate.
NumStability.Algorithms.MatrixInversion.Residuals,confirmed_source_written_public,3227,47890,6.738359,compiled transitive module-import closure plus entry module,Reachability is not practical usability; consumer probes are separate.
NumStability.Algorithms.MatrixInversion.Triangular,all_project_environment,4967,77246,6.430106,compiled transitive module-import closure plus entry module,Reachability is not practical usability; consumer probes are separate.
NumStability.Algorithms.MatrixInversion.Triangular,environment_public,3848,58120,6.620785,compiled transitive module-import closure plus entry module,Reachability is not practical usability; consumer probes are separate.
NumStability.Algorithms.MatrixInversion.Triangular,confirmed_source_written_public,3277,47890,6.842765,compiled transitive module-import closure plus entry module,Reachability is not practical usability; consumer probes are separate.
NumStability.Algorithms.MatrixInversion.Triangular.ErrorAnalysis,all_project_environment,4967,77246,6.430106,compiled transitive module-import closure plus entry module,Reachability is not practical usability; consumer probes are separate.
NumStability.Algorithms.MatrixInversion.Triangular.ErrorAnalysis,environment_public,3848,58120,6.620785,compiled transitive module-import closure plus entry module,Reachability is not practical usability; consumer probes are separate.
NumStability.Algorithms.MatrixInversion.Triangular.ErrorAnalysis,confirmed_source_written_public,3277,47890,6.842765,compiled transitive module-import closure plus entry module,Reachability is not practical usability; consumer probes are separate.
NumStability.Algorithms.MatrixInversion.Triangular.Specifications,all_project_environment,4889,77246,6.32913,compiled transitive module-import closure plus entry module,Reachability is not practical usability; consumer probes are separate.
NumStability.Algorithms.MatrixInversion.Triangular.Specifications,environment_public,3802,58120,6.541638,compiled transitive module-import closure plus entry module,Reachability is not practical usability; consumer probes are separate.
NumStability.Algorithms.MatrixInversion.Triangular.Specifications,confirmed_source_written_public,3231,47890,6.746711,compiled transitive module-import closure plus entry module,Reachability is not practical usability; consumer probes are separate.
NumStability.Algorithms.MatrixPowers.ComputedIteration,all_project_environment,0,77246,0.0,compiled transitive module-import closure plus entry module,Reachability is not practical usability; consumer probes are separate.
NumStability.Algorithms.MatrixPowers.ComputedIteration,environment_public,0,58120,0.0,compiled transitive module-import closure plus entry module,Reachability is not practical usability; consumer probes are separate.
NumStability.Algorithms.MatrixPowers.ComputedIteration,confirmed_source_written_public,0,47890,0.0,compiled transitive module-import closure plus entry module,Reachability is not practical usability; consumer probes are separate.
NumStability.Algorithms.NormEstimation,all_project_environment,5766,77246,7.464464,compiled transitive module-import closure plus entry module,Reachability is not practical usability; consumer probes are separate.
NumStability.Algorithms.NormEstimation,environment_public,4407,58120,7.582588,compiled transitive module-import closure plus entry module,Reachability is not practical usability; consumer probes are separate.
NumStability.Algorithms.NormEstimation,confirmed_source_written_public,3722,47890,7.771977,compiled transitive module-import closure plus entry module,Reachability is not practical usability; consumer probes are separate.
NumStability.Algorithms.NormEstimation.OneNorm,all_project_environment,3883,77246,5.026798,compiled transitive module-import closure plus entry module,Reachability is not practical usability; consumer probes are separate.
NumStability.Algorithms.NormEstimation.OneNorm,environment_public,2936,58120,5.051617,compiled transitive module-import closure plus entry module,Reachability is not practical usability; consumer probes are separate.
NumStability.Algorithms.NormEstimation.OneNorm,confirmed_source_written_public,2457,47890,5.130507,compiled transitive module-import closure plus entry module,Reachability is not practical usability; consumer probes are separate.
NumStability.Algorithms.NormEstimation.PNorm,all_project_environment,5399,77246,6.989359,compiled transitive module-import closure plus entry module,Reachability is not practical usability; consumer probes are separate.
NumStability.Algorithms.NormEstimation.PNorm,environment_public,4103,58120,7.059532,compiled transitive module-import closure plus entry module,Reachability is not practical usability; consumer probes are separate.
NumStability.Algorithms.NormEstimation.PNorm,confirmed_source_written_public,3454,47890,7.212362,compiled transitive module-import closure plus entry module,Reachability is not practical usability; consumer probes are separate.
NumStability.Algorithms.NormEstimation.PNorm.Boyd,all_project_environment,5252,77246,6.799058,compiled transitive module-import closure plus entry module,Reachability is not practical usability; consumer probes are separate.
NumStability.Algorithms.NormEstimation.PNorm.Boyd,environment_public,3988,58120,6.861666,compiled transitive module-import closure plus entry module,Reachability is not practical usability; consumer probes are separate.
NumStability.Algorithms.NormEstimation.PNorm.Boyd,confirmed_source_written_public,3369,47890,7.034872,compiled transitive module-import closure plus entry module,Reachability is not practical usability; consumer probes are separate.
NumStability.Algorithms.NormEstimation.TwoNorm,all_project_environment,3998,77246,5.175673,compiled transitive module-import closure plus entry module,Reachability is not practical usability; consumer probes are separate.
NumStability.Algorithms.NormEstimation.TwoNorm,environment_public,3035,58120,5.221955,compiled transitive module-import closure plus entry module,Reachability is not practical usability; consumer probes are separate.
NumStability.Algorithms.NormEstimation.TwoNorm,confirmed_source_written_public,2583,47890,5.39361,compiled transitive module-import closure plus entry module,Reachability is not practical usability; consumer probes are separate.
NumStability.Algorithms.NormEstimation.TwoNorm.Dixon,all_project_environment,3998,77246,5.175673,compiled transitive module-import closure plus entry module,Reachability is not practical usability; consumer probes are separate.
NumStability.Algorithms.NormEstimation.TwoNorm.Dixon,environment_public,3035,58120,5.221955,compiled transitive module-import closure plus entry module,Reachability is not practical usability; consumer probes are separate.
NumStability.Algorithms.NormEstimation.TwoNorm.Dixon,confirmed_source_written_public,2583,47890,5.39361,compiled transitive module-import closure plus entry module,Reachability is not practical usability; consumer probes are separate.
NumStability.Algorithms.PriestFiniteFormat,all_project_environment,0,77246,0.0,compiled transitive module-import closure plus entry module,Reachability is not practical usability; consumer probes are separate.
NumStability.Algorithms.PriestFiniteFormat,environment_public,0,58120,0.0,compiled transitive module-import closure plus entry module,Reachability is not practical usability; consumer probes are separate.
NumStability.Algorithms.PriestFiniteFormat,confirmed_source_written_public,0,47890,0.0,compiled transitive module-import closure plus entry module,Reachability is not practical usability; consumer probes are separate.
NumStability.Algorithms.Summation,all_project_environment,6728,77246,8.709836,compiled transitive module-import closure plus entry module,Reachability is not practical usability; consumer probes are separate.
NumStability.Algorithms.Summation,environment_public,5454,58120,9.384033,compiled transitive module-import closure plus entry module,Reachability is not practical usability; consumer probes are separate.
NumStability.Algorithms.Summation,confirmed_source_written_public,4179,47890,8.726248,compiled transitive module-import closure plus entry module,Reachability is not practical usability; consumer probes are separate.
NumStability.Algorithms.Summation.Compensated,all_project_environment,5433,77246,7.033374,compiled transitive module-import closure plus entry module,Reachability is not practical usability; consumer probes are separate.
NumStability.Algorithms.Summation.Compensated,environment_public,4493,58120,7.730557,compiled transitive module-import closure plus entry module,Reachability is not practical usability; consumer probes are separate.
NumStability.Algorithms.Summation.Compensated,confirmed_source_written_public,3583,47890,7.481729,compiled transitive module-import closure plus entry module,Reachability is not practical usability; consumer probes are separate.
NumStability.Algorithms.Summation.Compensated.Alternative,all_project_environment,431,77246,0.557958,compiled transitive module-import closure plus entry module,Reachability is not practical usability; consumer probes are separate.
NumStability.Algorithms.Summation.Compensated.Alternative,environment_public,262,58120,0.450791,compiled transitive module-import closure plus entry module,Reachability is not practical usability; consumer probes are separate.
NumStability.Algorithms.Summation.Compensated.Alternative,confirmed_source_written_public,170,47890,0.35498,compiled transitive module-import closure plus entry module,Reachability is not practical usability; consumer probes are separate.
NumStability.Algorithms.Summation.Compensated.Kahan,all_project_environment,4201,77246,5.438469,compiled transitive module-import closure plus entry module,Reachability is not practical usability; consumer probes are separate.
NumStability.Algorithms.Summation.Compensated.Kahan,environment_public,3452,58120,5.939436,compiled transitive module-import closure plus entry module,Reachability is not practical usability; consumer probes are separate.
NumStability.Algorithms.Summation.Compensated.Kahan,confirmed_source_written_public,2785,47890,5.81541,compiled transitive module-import closure plus entry module,Reachability is not practical usability; consumer probes are separate.
NumStability.Algorithms.Summation.Compensated.Kahan.Coefficients,all_project_environment,768,77246,0.994226,compiled transitive module-import closure plus entry module,Reachability is not practical usability; consumer probes are separate.
NumStability.Algorithms.Summation.Compensated.Kahan.Coefficients,environment_public,592,58120,1.018582,compiled transitive module-import closure plus entry module,Reachability is not practical usability; consumer probes are separate.
NumStability.Algorithms.Summation.Compensated.Kahan.Coefficients,confirmed_source_written_public,412,47890,0.860305,compiled transitive module-import closure plus entry module,Reachability is not practical usability; consumer probes are separate.
NumStability.Algorithms.Summation.Compensated.NoGuard,all_project_environment,349,77246,0.451803,compiled transitive module-import closure plus entry module,Reachability is not practical usability; consumer probes are separate.
NumStability.Algorithms.Summation.Compensated.NoGuard,environment_public,296,58120,0.509291,compiled transitive module-import closure plus entry module,Reachability is not practical usability; consumer probes are separate.
NumStability.Algorithms.Summation.Compensated.NoGuard,confirmed_source_written_public,167,47890,0.348716,compiled transitive module-import closure plus entry module,Reachability is not practical usability; consumer probes are separate.
NumStability.Algorithms.Summation.Insertion,all_project_environment,3296,77246,4.266888,compiled transitive module-import closure plus entry module,Reachability is not practical usability; consumer probes are separate.
NumStability.Algorithms.Summation.Insertion,environment_public,2537,58120,4.365107,compiled transitive module-import closure plus entry module,Reachability is not practical usability; consumer probes are separate.
NumStability.Algorithms.Summation.Insertion,confirmed_source_written_public,1905,47890,3.977866,compiled transitive module-import closure plus entry module,Reachability is not practical usability; consumer probes are separate.
NumStability.Algorithms.Summation.Pairwise,all_project_environment,2579,77246,3.338684,compiled transitive module-import closure plus entry module,Reachability is not practical usability; consumer probes are separate.
NumStability.Algorithms.Summation.Pairwise,environment_public,1986,58120,3.417068,compiled transitive module-import closure plus entry module,Reachability is not practical usability; consumer probes are separate.
NumStability.Algorithms.Summation.Pairwise,confirmed_source_written_public,1558,47890,3.253289,compiled transitive module-import closure plus entry module,Reachability is not practical usability; consumer probes are separate.
NumStability.Algorithms.Summation.Recursive,all_project_environment,355,77246,0.459571,compiled transitive module-import closure plus entry module,Reachability is not practical usability; consumer probes are separate.
NumStability.Algorithms.Summation.Recursive,environment_public,197,58120,0.338954,compiled transitive module-import closure plus entry module,Reachability is not practical usability; consumer probes are separate.
NumStability.Algorithms.Summation.Recursive,confirmed_source_written_public,137,47890,0.286072,compiled transitive module-import closure plus entry module,Reachability is not practical usability; consumer probes are separate.
NumStability.Algorithms.Summation.Tree,all_project_environment,2662,77246,3.446133,compiled transitive module-import closure plus entry module,Reachability is not practical usability; consumer probes are separate.
NumStability.Algorithms.Summation.Tree,environment_public,2025,58120,3.484171,compiled transitive module-import closure plus entry module,Reachability is not practical usability; consumer probes are separate.
NumStability.Algorithms.Summation.Tree,confirmed_source_written_public,1588,47890,3.315932,compiled transitive module-import closure plus entry module,Reachability is not practical usability; consumer probes are separate.
NumStability.Algorithms.Sylvester,all_project_environment,20022,77246,25.919789,compiled transitive module-import closure plus entry module,Reachability is not practical usability; consumer probes are separate.
NumStability.Algorithms.Sylvester,environment_public,15598,58120,26.837577,compiled transitive module-import closure plus entry module,Reachability is not practical usability; consumer probes are separate.
NumStability.Algorithms.Sylvester,confirmed_source_written_public,13772,47890,28.757569,compiled transitive module-import closure plus entry module,Reachability is not practical usability; consumer probes are separate.
NumStability.Algorithms.TriangularArbitraryOrder,all_project_environment,0,77246,0.0,compiled transitive module-import closure plus entry module,Reachability is not practical usability; consumer probes are separate.
NumStability.Algorithms.TriangularArbitraryOrder,environment_public,0,58120,0.0,compiled transitive module-import closure plus entry module,Reachability is not practical usability; consumer probes are separate.
NumStability.Algorithms.TriangularArbitraryOrder,confirmed_source_written_public,0,47890,0.0,compiled transitive module-import closure plus entry module,Reachability is not practical usability; consumer probes are separate.
NumStability.Algorithms.TriangularNoGuard,all_project_environment,0,77246,0.0,compiled transitive module-import closure plus entry module,Reachability is not practical usability; consumer probes are separate.
NumStability.Algorithms.TriangularNoGuard,environment_public,0,58120,0.0,compiled transitive module-import closure plus entry module,Reachability is not practical usability; consumer probes are separate.
NumStability.Algorithms.TriangularNoGuard,confirmed_source_written_public,0,47890,0.0,compiled transitive module-import closure plus entry module,Reachability is not practical usability; consumer probes are separate.
NumStability.All,all_project_environment,77246,77246,100.0,compiled transitive module-import closure plus entry module,Reachability is not practical usability; consumer probes are separate.
NumStability.All,environment_public,58120,58120,100.0,compiled transitive module-import closure plus entry module,Reachability is not practical usability; consumer probes are separate.
NumStability.All,confirmed_source_written_public,47890,47890,100.0,compiled transitive module-import closure plus entry module,Reachability is not practical usability; consumer probes are separate.
NumStability.Analysis,all_project_environment,38224,77246,49.483468,compiled transitive module-import closure plus entry module,Reachability is not practical usability; consumer probes are separate.
NumStability.Analysis,environment_public,29543,58120,50.831039,compiled transitive module-import closure plus entry module,Reachability is not practical usability; consumer probes are separate.
NumStability.Analysis,confirmed_source_written_public,25467,47890,53.178117,compiled transitive module-import closure plus entry module,Reachability is not practical usability; consumer probes are separate.
NumStability.Analysis.Asymptotics,all_project_environment,5,77246,0.006473,compiled transitive module-import closure plus entry module,Reachability is not practical usability; consumer probes are separate.
NumStability.Analysis.Asymptotics,environment_public,5,58120,0.008603,compiled transitive module-import closure plus entry module,Reachability is not practical usability; consumer probes are separate.
NumStability.Analysis.Asymptotics,confirmed_source_written_public,5,47890,0.010441,compiled transitive module-import closure plus entry module,Reachability is not practical usability; consumer probes are separate.
NumStability.Analysis.BergerInequality,all_project_environment,0,77246,0.0,compiled transitive module-import closure plus entry module,Reachability is not practical usability; consumer probes are separate.
NumStability.Analysis.BergerInequality,environment_public,0,58120,0.0,compiled transitive module-import closure plus entry module,Reachability is not practical usability; consumer probes are separate.
NumStability.Analysis.BergerInequality,confirmed_source_written_public,0,47890,0.0,compiled transitive module-import closure plus entry module,Reachability is not practical usability; consumer probes are separate.
NumStability.Analysis.CStarMatrices,all_project_environment,941,77246,1.218186,compiled transitive module-import closure plus entry module,Reachability is not practical usability; consumer probes are separate.
NumStability.Analysis.CStarMatrices,environment_public,817,58120,1.405712,compiled transitive module-import closure plus entry module,Reachability is not practical usability; consumer probes are separate.
NumStability.Analysis.CStarMatrices,confirmed_source_written_public,757,47890,1.580706,compiled transitive module-import closure plus entry module,Reachability is not practical usability; consumer probes are separate.
NumStability.Analysis.CStarMatrices.Basic,all_project_environment,941,77246,1.218186,compiled transitive module-import closure plus entry module,Reachability is not practical usability; consumer probes are separate.
NumStability.Analysis.CStarMatrices.Basic,environment_public,817,58120,1.405712,compiled transitive module-import closure plus entry module,Reachability is not practical usability; consumer probes are separate.
NumStability.Analysis.CStarMatrices.Basic,confirmed_source_written_public,757,47890,1.580706,compiled transitive module-import closure plus entry module,Reachability is not practical usability; consumer probes are separate.
NumStability.Analysis.CStarMatrices.FiniteMatrixAlgebra,all_project_environment,941,77246,1.218186,compiled transitive module-import closure plus entry module,Reachability is not practical usability; consumer probes are separate.
NumStability.Analysis.CStarMatrices.FiniteMatrixAlgebra,environment_public,817,58120,1.405712,compiled transitive module-import closure plus entry module,Reachability is not practical usability; consumer probes are separate.
NumStability.Analysis.CStarMatrices.FiniteMatrixAlgebra,confirmed_source_written_public,757,47890,1.580706,compiled transitive module-import closure plus entry module,Reachability is not practical usability; consumer probes are separate.
NumStability.Analysis.Conditioning,all_project_environment,5341,77246,6.914274,compiled transitive module-import closure plus entry module,Reachability is not practical usability; consumer probes are separate.
NumStability.Analysis.Conditioning,environment_public,4127,58120,7.100826,compiled transitive module-import closure plus entry module,Reachability is not practical usability; consumer probes are separate.
NumStability.Analysis.Conditioning,confirmed_source_written_public,3542,47890,7.396116,compiled transitive module-import closure plus entry module,Reachability is not practical usability; consumer probes are separate.
NumStability.Analysis.CramersRule,all_project_environment,0,77246,0.0,compiled transitive module-import closure plus entry module,Reachability is not practical usability; consumer probes are separate.
NumStability.Analysis.CramersRule,environment_public,0,58120,0.0,compiled transitive module-import closure plus entry module,Reachability is not practical usability; consumer probes are separate.
NumStability.Analysis.CramersRule,confirmed_source_written_public,0,47890,0.0,compiled transitive module-import closure plus entry module,Reachability is not practical usability; consumer probes are separate.
NumStability.Analysis.Error,all_project_environment,0,77246,0.0,compiled transitive module-import closure plus entry module,Reachability is not practical usability; consumer probes are separate.
NumStability.Analysis.Error,environment_public,0,58120,0.0,compiled transitive module-import closure plus entry module,Reachability is not practical usability; consumer probes are separate.
NumStability.Analysis.Error,confirmed_source_written_public,0,47890,0.0,compiled transitive module-import closure plus entry module,Reachability is not practical usability; consumer probes are separate.
NumStability.Analysis.Error.MatrixProducts,all_project_environment,5044,77246,6.529788,compiled transitive module-import closure plus entry module,Reachability is not practical usability; consumer probes are separate.
NumStability.Analysis.Error.MatrixProducts,environment_public,3923,58120,6.749828,compiled transitive module-import closure plus entry module,Reachability is not practical usability; consumer probes are separate.
NumStability.Analysis.Error.MatrixProducts,confirmed_source_written_public,3294,47890,6.878263,compiled transitive module-import closure plus entry module,Reachability is not practical usability; consumer probes are separate.
NumStability.Analysis.Error.MatrixProducts.Contracts,all_project_environment,4874,77246,6.309712,compiled transitive module-import closure plus entry module,Reachability is not practical usability; consumer probes are separate.
NumStability.Analysis.Error.MatrixProducts.Contracts,environment_public,3785,58120,6.512388,compiled transitive module-import closure plus entry module,Reachability is not practical usability; consumer probes are separate.
NumStability.Analysis.Error.MatrixProducts.Contracts,confirmed_source_written_public,3226,47890,6.736271,compiled transitive module-import closure plus entry module,Reachability is not practical usability; consumer probes are separate.
NumStability.Analysis.Error.MatrixProducts.EvaluationTrees,all_project_environment,5044,77246,6.529788,compiled transitive module-import closure plus entry module,Reachability is not practical usability; consumer probes are separate.
NumStability.Analysis.Error.MatrixProducts.EvaluationTrees,environment_public,3923,58120,6.749828,compiled transitive module-import closure plus entry module,Reachability is not practical usability; consumer probes are separate.
NumStability.Analysis.Error.MatrixProducts.EvaluationTrees,confirmed_source_written_public,3294,47890,6.878263,compiled transitive module-import closure plus entry module,Reachability is not practical usability; consumer probes are separate.
NumStability.Analysis.FirstOrder,all_project_environment,4931,77246,6.383502,compiled transitive module-import closure plus entry module,Reachability is not practical usability; consumer probes are separate.
NumStability.Analysis.FirstOrder,environment_public,3837,58120,6.601858,compiled transitive module-import closure plus entry module,Reachability is not practical usability; consumer probes are separate.
NumStability.Analysis.FirstOrder,confirmed_source_written_public,3266,47890,6.819795,compiled transitive module-import closure plus entry module,Reachability is not practical usability; consumer probes are separate.
NumStability.Analysis.FirstOrder.MatrixFamilies,all_project_environment,4871,77246,6.305828,compiled transitive module-import closure plus entry module,Reachability is not practical usability; consumer probes are separate.
NumStability.Analysis.FirstOrder.MatrixFamilies,environment_public,3787,58120,6.515829,compiled transitive module-import closure plus entry module,Reachability is not practical usability; consumer probes are separate.
NumStability.Analysis.FirstOrder.MatrixFamilies,confirmed_source_written_public,3228,47890,6.740447,compiled transitive module-import closure plus entry module,Reachability is not practical usability; consumer probes are separate.
NumStability.Analysis.FunctionalCalculus,all_project_environment,24,77246,0.03107,compiled transitive module-import closure plus entry module,Reachability is not practical usability; consumer probes are separate.
NumStability.Analysis.FunctionalCalculus,environment_public,14,58120,0.024088,compiled transitive module-import closure plus entry module,Reachability is not practical usability; consumer probes are separate.
NumStability.Analysis.FunctionalCalculus,confirmed_source_written_public,14,47890,0.029234,compiled transitive module-import closure plus entry module,Reachability is not practical usability; consumer probes are separate.
NumStability.Analysis.FunctionalCalculus.Resolvent,all_project_environment,24,77246,0.03107,compiled transitive module-import closure plus entry module,Reachability is not practical usability; consumer probes are separate.
NumStability.Analysis.FunctionalCalculus.Resolvent,environment_public,14,58120,0.024088,compiled transitive module-import closure plus entry module,Reachability is not practical usability; consumer probes are separate.
NumStability.Analysis.FunctionalCalculus.Resolvent,confirmed_source_written_public,14,47890,0.029234,compiled transitive module-import closure plus entry module,Reachability is not practical usability; consumer probes are separate.
NumStability.Analysis.FusedMultiplyAdd,all_project_environment,0,77246,0.0,compiled transitive module-import closure plus entry module,Reachability is not practical usability; consumer probes are separate.
NumStability.Analysis.FusedMultiplyAdd,environment_public,0,58120,0.0,compiled transitive module-import closure plus entry module,Reachability is not practical usability; consumer probes are separate.
NumStability.Analysis.FusedMultiplyAdd,confirmed_source_written_public,0,47890,0.0,compiled transitive module-import closure plus entry module,Reachability is not practical usability; consumer probes are separate.
NumStability.Analysis.LinearOperators,all_project_environment,6108,77246,7.907206,compiled transitive module-import closure plus entry module,Reachability is not practical usability; consumer probes are separate.
NumStability.Analysis.LinearOperators,environment_public,4555,58120,7.837233,compiled transitive module-import closure plus entry module,Reachability is not practical usability; consumer probes are separate.
NumStability.Analysis.LinearOperators,confirmed_source_written_public,3940,47890,8.227187,compiled transitive module-import closure plus entry module,Reachability is not practical usability; consumer probes are separate.
NumStability.Analysis.LinearOperators.Jordan,all_project_environment,108,77246,0.139813,compiled transitive module-import closure plus entry module,Reachability is not practical usability; consumer probes are separate.
NumStability.Analysis.LinearOperators.Jordan,environment_public,69,58120,0.11872,compiled transitive module-import closure plus entry module,Reachability is not practical usability; consumer probes are separate.
NumStability.Analysis.LinearOperators.Jordan,confirmed_source_written_public,59,47890,0.123199,compiled transitive module-import closure plus entry module,Reachability is not practical usability; consumer probes are separate.
NumStability.Analysis.LinearOperators.Jordan.NormalForm,all_project_environment,108,77246,0.139813,compiled transitive module-import closure plus entry module,Reachability is not practical usability; consumer probes are separate.
NumStability.Analysis.LinearOperators.Jordan.NormalForm,environment_public,69,58120,0.11872,compiled transitive module-import closure plus entry module,Reachability is not practical usability; consumer probes are separate.
NumStability.Analysis.LinearOperators.Jordan.NormalForm,confirmed_source_written_public,59,47890,0.123199,compiled transitive module-import closure plus entry module,Reachability is not practical usability; consumer probes are separate.
NumStability.Analysis.LinearOperators.MatrixPowers,all_project_environment,5577,77246,7.219791,compiled transitive module-import closure plus entry module,Reachability is not practical usability; consumer probes are separate.
NumStability.Analysis.LinearOperators.MatrixPowers,environment_public,4205,58120,7.235031,compiled transitive module-import closure plus entry module,Reachability is not practical usability; consumer probes are separate.
NumStability.Analysis.LinearOperators.MatrixPowers,confirmed_source_written_public,3615,47890,7.548549,compiled transitive module-import closure plus entry module,Reachability is not practical usability; consumer probes are separate.
NumStability.Analysis.LinearOperators.MatrixPowers.BaiDemmelGu,all_project_environment,2275,77246,2.945136,compiled transitive module-import closure plus entry module,Reachability is not practical usability; consumer probes are separate.
NumStability.Analysis.LinearOperators.MatrixPowers.BaiDemmelGu,environment_public,1895,58120,3.260496,compiled transitive module-import closure plus entry module,Reachability is not practical usability; consumer probes are separate.
NumStability.Analysis.LinearOperators.MatrixPowers.BaiDemmelGu,confirmed_source_written_public,1709,47890,3.568595,compiled transitive module-import closure plus entry module,Reachability is not practical usability; consumer probes are separate.
NumStability.Analysis.LinearOperators.MatrixPowers.ExactNormBounds,all_project_environment,1645,77246,2.12956,compiled transitive module-import closure plus entry module,Reachability is not practical usability; consumer probes are separate.
NumStability.Analysis.LinearOperators.MatrixPowers.ExactNormBounds,environment_public,1342,58120,2.309016,compiled transitive module-import closure plus entry module,Reachability is not practical usability; consumer probes are separate.
NumStability.Analysis.LinearOperators.MatrixPowers.ExactNormBounds,confirmed_source_written_public,1161,47890,2.424306,compiled transitive module-import closure plus entry module,Reachability is not practical usability; consumer probes are separate.
NumStability.Analysis.LinearOperators.MatrixPowers.ExactNormBounds.NormalMatrices,all_project_environment,59,77246,0.076379,compiled transitive module-import closure plus entry module,Reachability is not practical usability; consumer probes are separate.
NumStability.Analysis.LinearOperators.MatrixPowers.ExactNormBounds.NormalMatrices,environment_public,48,58120,0.082588,compiled transitive module-import closure plus entry module,Reachability is not practical usability; consumer probes are separate.
NumStability.Analysis.LinearOperators.MatrixPowers.ExactNormBounds.NormalMatrices,confirmed_source_written_public,47,47890,0.098142,compiled transitive module-import closure plus entry module,Reachability is not practical usability; consumer probes are separate.
NumStability.Analysis.LinearOperators.MatrixPowers.Gautschi,all_project_environment,4633,77246,5.997722,compiled transitive module-import closure plus entry module,Reachability is not practical usability; consumer probes are separate.
NumStability.Analysis.LinearOperators.MatrixPowers.Gautschi,environment_public,3600,58120,6.194081,compiled transitive module-import closure plus entry module,Reachability is not practical usability; consumer probes are separate.
NumStability.Analysis.LinearOperators.MatrixPowers.Gautschi,confirmed_source_written_public,3067,47890,6.40426,compiled transitive module-import closure plus entry module,Reachability is not practical usability; consumer probes are separate.
NumStability.Analysis.LinearOperators.MatrixPowers.Henrici,all_project_environment,184,77246,0.2382,compiled transitive module-import closure plus entry module,Reachability is not practical usability; consumer probes are separate.
NumStability.Analysis.LinearOperators.MatrixPowers.Henrici,environment_public,111,58120,0.190984,compiled transitive module-import closure plus entry module,Reachability is not practical usability; consumer probes are separate.
NumStability.Analysis.LinearOperators.MatrixPowers.Henrici,confirmed_source_written_public,109,47890,0.227605,compiled transitive module-import closure plus entry module,Reachability is not practical usability; consumer probes are separate.
NumStability.Analysis.LinearOperators.MatrixPowers.Henrici.NormalCharacterization,all_project_environment,54,77246,0.069907,compiled transitive module-import closure plus entry module,Reachability is not practical usability; consumer probes are separate.
NumStability.Analysis.LinearOperators.MatrixPowers.Henrici.NormalCharacterization,environment_public,47,58120,0.080867,compiled transitive module-import closure plus entry module,Reachability is not practical usability; consumer probes are separate.
NumStability.Analysis.LinearOperators.MatrixPowers.Henrici.NormalCharacterization,confirmed_source_written_public,46,47890,0.096053,compiled transitive module-import closure plus entry module,Reachability is not practical usability; consumer probes are separate.
NumStability.Analysis.LinearOperators.MatrixPowers.Henrici.SchurBinomialBounds,all_project_environment,65,77246,0.084147,compiled transitive module-import closure plus entry module,Reachability is not practical usability; consumer probes are separate.
NumStability.Analysis.LinearOperators.MatrixPowers.Henrici.SchurBinomialBounds,environment_public,27,58120,0.046456,compiled transitive module-import closure plus entry module,Reachability is not practical usability; consumer probes are separate.
NumStability.Analysis.LinearOperators.MatrixPowers.Henrici.SchurBinomialBounds,confirmed_source_written_public,27,47890,0.056379,compiled transitive module-import closure plus entry module,Reachability is not practical usability; consumer probes are separate.
NumStability.Analysis.LinearOperators.MatrixPowers.JordanScaling,all_project_environment,4031,77246,5.218393,compiled transitive module-import closure plus entry module,Reachability is not practical usability; consumer probes are separate.
NumStability.Analysis.LinearOperators.MatrixPowers.JordanScaling,environment_public,3101,58120,5.335513,compiled transitive module-import closure plus entry module,Reachability is not practical usability; consumer probes are separate.
NumStability.Analysis.LinearOperators.MatrixPowers.JordanScaling,confirmed_source_written_public,2606,47890,5.441637,compiled transitive module-import closure plus entry module,Reachability is not practical usability; consumer probes are separate.
NumStability.Analysis.LinearOperators.MatrixPowers.Kreiss,all_project_environment,66,77246,0.085441,compiled transitive module-import closure plus entry module,Reachability is not practical usability; consumer probes are separate.
NumStability.Analysis.LinearOperators.MatrixPowers.Kreiss,environment_public,35,58120,0.06022,compiled transitive module-import closure plus entry module,Reachability is not practical usability; consumer probes are separate.
NumStability.Analysis.LinearOperators.MatrixPowers.Kreiss,confirmed_source_written_public,34,47890,0.070996,compiled transitive module-import closure plus entry module,Reachability is not practical usability; consumer probes are separate.
NumStability.Analysis.LinearOperators.MatrixPowers.Laszlo,all_project_environment,111,77246,0.143697,compiled transitive module-import closure plus entry module,Reachability is not practical usability; consumer probes are separate.
NumStability.Analysis.LinearOperators.MatrixPowers.Laszlo,environment_public,89,58120,0.153131,compiled transitive module-import closure plus entry module,Reachability is not practical usability; consumer probes are separate.
NumStability.Analysis.LinearOperators.MatrixPowers.Laszlo,confirmed_source_written_public,86,47890,0.179578,compiled transitive module-import closure plus entry module,Reachability is not practical usability; consumer probes are separate.
NumStability.Analysis.LinearOperators.MatrixPowers.LpBounds,all_project_environment,4271,77246,5.529089,compiled transitive module-import closure plus entry module,Reachability is not practical usability; consumer probes are separate.
NumStability.Analysis.LinearOperators.MatrixPowers.LpBounds,environment_public,3253,58120,5.597041,compiled transitive module-import closure plus entry module,Reachability is not practical usability; consumer probes are separate.
NumStability.Analysis.LinearOperators.MatrixPowers.LpBounds,confirmed_source_written_public,2754,47890,5.750679,compiled transitive module-import closure plus entry module,Reachability is not practical usability; consumer probes are separate.
NumStability.Analysis.LinearOperators.MatrixPowers.Spijker,all_project_environment,5308,77246,6.871553,compiled transitive module-import closure plus entry module,Reachability is not practical usability; consumer probes are separate.
NumStability.Analysis.LinearOperators.MatrixPowers.Spijker,environment_public,4034,58120,6.940812,compiled transitive module-import closure plus entry module,Reachability is not practical usability; consumer probes are separate.
NumStability.Analysis.LinearOperators.MatrixPowers.Spijker,confirmed_source_written_public,3450,47890,7.204009,compiled transitive module-import closure plus entry module,Reachability is not practical usability; consumer probes are separate.
NumStability.Analysis.LinearOperators.MatrixPowers.Spijker.ArcLengthPowerBounds,all_project_environment,2389,77246,3.092717,compiled transitive module-import closure plus entry module,Reachability is not practical usability; consumer probes are separate.
NumStability.Analysis.LinearOperators.MatrixPowers.Spijker.ArcLengthPowerBounds,environment_public,1942,58120,3.341363,compiled transitive module-import closure plus entry module,Reachability is not practical usability; consumer probes are separate.
NumStability.Analysis.LinearOperators.MatrixPowers.Spijker.ArcLengthPowerBounds,confirmed_source_written_public,1750,47890,3.654208,compiled transitive module-import closure plus entry module,Reachability is not practical usability; consumer probes are separate.
NumStability.Analysis.LinearOperators.MatrixPowers.Spijker.FiniteDimensionalPowerBounds,all_project_environment,5308,77246,6.871553,compiled transitive module-import closure plus entry module,Reachability is not practical usability; consumer probes are separate.
NumStability.Analysis.LinearOperators.MatrixPowers.Spijker.FiniteDimensionalPowerBounds,environment_public,4034,58120,6.940812,compiled transitive module-import closure plus entry module,Reachability is not practical usability; consumer probes are separate.
NumStability.Analysis.LinearOperators.MatrixPowers.Spijker.FiniteDimensionalPowerBounds,confirmed_source_written_public,3450,47890,7.204009,compiled transitive module-import closure plus entry module,Reachability is not practical usability; consumer probes are separate.
NumStability.Analysis.LinearOperators.MatrixPowers.Spijker.PlanarArcLength,all_project_environment,5306,77246,6.868964,compiled transitive module-import closure plus entry module,Reachability is not practical usability; consumer probes are separate.
NumStability.Analysis.LinearOperators.MatrixPowers.Spijker.PlanarArcLength,environment_public,4032,58120,6.937371,compiled transitive module-import closure plus entry module,Reachability is not practical usability; consumer probes are separate.
NumStability.Analysis.LinearOperators.MatrixPowers.Spijker.PlanarArcLength,confirmed_source_written_public,3448,47890,7.199833,compiled transitive module-import closure plus entry module,Reachability is not practical usability; consumer probes are separate.
NumStability.Analysis.LinearOperators.MatrixPowers.Spijker.PlanarCrossingBounds,all_project_environment,5240,77246,6.783523,compiled transitive module-import closure plus entry module,Reachability is not practical usability; consumer probes are separate.
NumStability.Analysis.LinearOperators.MatrixPowers.Spijker.PlanarCrossingBounds,environment_public,4004,58120,6.889195,compiled transitive module-import closure plus entry module,Reachability is not practical usability; consumer probes are separate.
NumStability.Analysis.LinearOperators.MatrixPowers.Spijker.PlanarCrossingBounds,confirmed_source_written_public,3422,47890,7.145542,compiled transitive module-import closure plus entry module,Reachability is not practical usability; consumer probes are separate.
NumStability.Analysis.LinearOperators.MatrixPowers.Spijker.ResolventCoefficients,all_project_environment,2365,77246,3.061647,compiled transitive module-import closure plus entry module,Reachability is not practical usability; consumer probes are separate.
NumStability.Analysis.LinearOperators.MatrixPowers.Spijker.ResolventCoefficients,environment_public,1935,58120,3.329319,compiled transitive module-import closure plus entry module,Reachability is not practical usability; consumer probes are separate.
NumStability.Analysis.LinearOperators.MatrixPowers.Spijker.ResolventCoefficients,confirmed_source_written_public,1743,47890,3.639591,compiled transitive module-import closure plus entry module,Reachability is not practical usability; consumer probes are separate.
NumStability.Analysis.LinearOperators.NumericalRadius,all_project_environment,54,77246,0.069907,compiled transitive module-import closure plus entry module,Reachability is not practical usability; consumer probes are separate.
NumStability.Analysis.LinearOperators.NumericalRadius,environment_public,37,58120,0.063661,compiled transitive module-import closure plus entry module,Reachability is not practical usability; consumer probes are separate.
NumStability.Analysis.LinearOperators.NumericalRadius,confirmed_source_written_public,35,47890,0.073084,compiled transitive module-import closure plus entry module,Reachability is not practical usability; consumer probes are separate.
NumStability.Analysis.LinearOperators.NumericalRadius.Berger,all_project_environment,54,77246,0.069907,compiled transitive module-import closure plus entry module,Reachability is not practical usability; consumer probes are separate.
NumStability.Analysis.LinearOperators.NumericalRadius.Berger,environment_public,37,58120,0.063661,compiled transitive module-import closure plus entry module,Reachability is not practical usability; consumer probes are separate.
NumStability.Analysis.LinearOperators.NumericalRadius.Berger,confirmed_source_written_public,35,47890,0.073084,compiled transitive module-import closure plus entry module,Reachability is not practical usability; consumer probes are separate.
NumStability.Analysis.LinearOperators.NumericalRadius.Berger.GeneralPowerInequality,all_project_environment,49,77246,0.063434,compiled transitive module-import closure plus entry module,Reachability is not practical usability; consumer probes are separate.
NumStability.Analysis.LinearOperators.NumericalRadius.Berger.GeneralPowerInequality,environment_public,32,58120,0.055058,compiled transitive module-import closure plus entry module,Reachability is not practical usability; consumer probes are separate.
NumStability.Analysis.LinearOperators.NumericalRadius.Berger.GeneralPowerInequality,confirmed_source_written_public,30,47890,0.062644,compiled transitive module-import closure plus entry module,Reachability is not practical usability; consumer probes are separate.
NumStability.Analysis.LinearOperators.NumericalRadius.Berger.Internal.HermitianEuclideanSpaceNotation,all_project_environment,0,77246,0.0,compiled transitive module-import closure plus entry module,Reachability is not practical usability; consumer probes are separate.
NumStability.Analysis.LinearOperators.NumericalRadius.Berger.Internal.HermitianEuclideanSpaceNotation,environment_public,0,58120,0.0,compiled transitive module-import closure plus entry module,Reachability is not practical usability; consumer probes are separate.
NumStability.Analysis.LinearOperators.NumericalRadius.Berger.Internal.HermitianEuclideanSpaceNotation,confirmed_source_written_public,0,47890,0.0,compiled transitive module-import closure plus entry module,Reachability is not practical usability; consumer probes are separate.
NumStability.Analysis.LinearOperators.NumericalRadius.Core,all_project_environment,20,77246,0.025891,compiled transitive module-import closure plus entry module,Reachability is not practical usability; consumer probes are separate.
NumStability.Analysis.LinearOperators.NumericalRadius.Core,environment_public,15,58120,0.025809,compiled transitive module-import closure plus entry module,Reachability is not practical usability; consumer probes are separate.
NumStability.Analysis.LinearOperators.NumericalRadius.Core,confirmed_source_written_public,14,47890,0.029234,compiled transitive module-import closure plus entry module,Reachability is not practical usability; consumer probes are separate.
NumStability.Analysis.LinearOperators.NumericalRadius.Core.Internal.EuclideanSpaceNotation,all_project_environment,0,77246,0.0,compiled transitive module-import closure plus entry module,Reachability is not practical usability; consumer probes are separate.
NumStability.Analysis.LinearOperators.NumericalRadius.Core.Internal.EuclideanSpaceNotation,environment_public,0,58120,0.0,compiled transitive module-import closure plus entry module,Reachability is not practical usability; consumer probes are separate.
NumStability.Analysis.LinearOperators.NumericalRadius.Core.Internal.EuclideanSpaceNotation,confirmed_source_written_public,0,47890,0.0,compiled transitive module-import closure plus entry module,Reachability is not practical usability; consumer probes are separate.
NumStability.Analysis.LinearOperators.Pseudospectra,all_project_environment,885,77246,1.14569,compiled transitive module-import closure plus entry module,Reachability is not practical usability; consumer probes are separate.
NumStability.Analysis.LinearOperators.Pseudospectra,environment_public,756,58120,1.300757,compiled transitive module-import closure plus entry module,Reachability is not practical usability; consumer probes are separate.
NumStability.Analysis.LinearOperators.Pseudospectra,confirmed_source_written_public,641,47890,1.338484,compiled transitive module-import closure plus entry module,Reachability is not practical usability; consumer probes are separate.
NumStability.Analysis.LinearOperators.Pseudospectra.Perturbation,all_project_environment,834,77246,1.079668,compiled transitive module-import closure plus entry module,Reachability is not practical usability; consumer probes are separate.
NumStability.Analysis.LinearOperators.Pseudospectra.Perturbation,environment_public,722,58120,1.242257,compiled transitive module-import closure plus entry module,Reachability is not practical usability; consumer probes are separate.
NumStability.Analysis.LinearOperators.Pseudospectra.Perturbation,confirmed_source_written_public,608,47890,1.269576,compiled transitive module-import closure plus entry module,Reachability is not practical usability; consumer probes are separate.
NumStability.Analysis.LinearOperators.Pseudospectra.PowerBounds,all_project_environment,46,77246,0.05955,compiled transitive module-import closure plus entry module,Reachability is not practical usability; consumer probes are separate.
NumStability.Analysis.LinearOperators.Pseudospectra.PowerBounds,environment_public,29,58120,0.049897,compiled transitive module-import closure plus entry module,Reachability is not practical usability; consumer probes are separate.
NumStability.Analysis.LinearOperators.Pseudospectra.PowerBounds,confirmed_source_written_public,28,47890,0.058467,compiled transitive module-import closure plus entry module,Reachability is not practical usability; consumer probes are separate.
NumStability.Analysis.LinearOperators.Pseudospectra.Resolvent,all_project_environment,5,77246,0.006473,compiled transitive module-import closure plus entry module,Reachability is not practical usability; consumer probes are separate.
NumStability.Analysis.LinearOperators.Pseudospectra.Resolvent,environment_public,5,58120,0.008603,compiled transitive module-import closure plus entry module,Reachability is not practical usability; consumer probes are separate.
NumStability.Analysis.LinearOperators.Pseudospectra.Resolvent,confirmed_source_written_public,5,47890,0.010441,compiled transitive module-import closure plus entry module,Reachability is not practical usability; consumer probes are separate.
NumStability.Analysis.LinearOperators.Pseudospectra.Resolvent.Internal.ScalarNotation,all_project_environment,0,77246,0.0,compiled transitive module-import closure plus entry module,Reachability is not practical usability; consumer probes are separate.
NumStability.Analysis.LinearOperators.Pseudospectra.Resolvent.Internal.ScalarNotation,environment_public,0,58120,0.0,compiled transitive module-import closure plus entry module,Reachability is not practical usability; consumer probes are separate.
NumStability.Analysis.LinearOperators.Pseudospectra.Resolvent.Internal.ScalarNotation,confirmed_source_written_public,0,47890,0.0,compiled transitive module-import closure plus entry module,Reachability is not practical usability; consumer probes are separate.
NumStability.Analysis.LinearOperators.Schur,all_project_environment,200,77246,0.258913,compiled transitive module-import closure plus entry module,Reachability is not practical usability; consumer probes are separate.
NumStability.Analysis.LinearOperators.Schur,environment_public,116,58120,0.199587,compiled transitive module-import closure plus entry module,Reachability is not practical usability; consumer probes are separate.
NumStability.Analysis.LinearOperators.Schur,confirmed_source_written_public,112,47890,0.233869,compiled transitive module-import closure plus entry module,Reachability is not practical usability; consumer probes are separate.
NumStability.Analysis.LinearOperators.Schur.Complex.NormalTriangular,all_project_environment,28,77246,0.036248,compiled transitive module-import closure plus entry module,Reachability is not practical usability; consumer probes are separate.
NumStability.Analysis.LinearOperators.Schur.Complex.NormalTriangular,environment_public,21,58120,0.036132,compiled transitive module-import closure plus entry module,Reachability is not practical usability; consumer probes are separate.
NumStability.Analysis.LinearOperators.Schur.Complex.NormalTriangular,confirmed_source_written_public,21,47890,0.04385,compiled transitive module-import closure plus entry module,Reachability is not practical usability; consumer probes are separate.
NumStability.Analysis.LinearOperators.Schur.Real,all_project_environment,21,77246,0.027186,compiled transitive module-import closure plus entry module,Reachability is not practical usability; consumer probes are separate.
NumStability.Analysis.LinearOperators.Schur.Real,environment_public,18,58120,0.03097,compiled transitive module-import closure plus entry module,Reachability is not practical usability; consumer probes are separate.
NumStability.Analysis.LinearOperators.Schur.Real,confirmed_source_written_public,18,47890,0.037586,compiled transitive module-import closure plus entry module,Reachability is not practical usability; consumer probes are separate.
NumStability.Analysis.LinearOperators.Schur.Real.Triangularization,all_project_environment,21,77246,0.027186,compiled transitive module-import closure plus entry module,Reachability is not practical usability; consumer probes are separate.
NumStability.Analysis.LinearOperators.Schur.Real.Triangularization,environment_public,18,58120,0.03097,compiled transitive module-import closure plus entry module,Reachability is not practical usability; consumer probes are separate.
NumStability.Analysis.LinearOperators.Schur.Real.Triangularization,confirmed_source_written_public,18,47890,0.037586,compiled transitive module-import closure plus entry module,Reachability is not practical usability; consumer probes are separate.
NumStability.Analysis.MatrixNorms,all_project_environment,5634,77246,7.293582,compiled transitive module-import closure plus entry module,Reachability is not practical usability; consumer probes are separate.
NumStability.Analysis.MatrixNorms,environment_public,4260,58120,7.329663,compiled transitive module-import closure plus entry module,Reachability is not practical usability; consumer probes are separate.
NumStability.Analysis.MatrixNorms,confirmed_source_written_public,3644,47890,7.609104,compiled transitive module-import closure plus entry module,Reachability is not practical usability; consumer probes are separate.
NumStability.Analysis.MatrixNorms.EntrywiseAbsolute,all_project_environment,3748,77246,4.852031,compiled transitive module-import closure plus entry module,Reachability is not practical usability; consumer probes are separate.
NumStability.Analysis.MatrixNorms.EntrywiseAbsolute,environment_public,2832,58120,4.872677,compiled transitive module-import closure plus entry module,Reachability is not practical usability; consumer probes are separate.
NumStability.Analysis.MatrixNorms.EntrywiseAbsolute,confirmed_source_written_public,2402,47890,5.015661,compiled transitive module-import closure plus entry module,Reachability is not practical usability; consumer probes are separate.
NumStability.Analysis.MatrixNorms.SpectralExtrema,all_project_environment,4176,77246,5.406105,compiled transitive module-import closure plus entry module,Reachability is not practical usability; consumer probes are separate.
NumStability.Analysis.MatrixNorms.SpectralExtrema,environment_public,3041,58120,5.232278,compiled transitive module-import closure plus entry module,Reachability is not practical usability; consumer probes are separate.
NumStability.Analysis.MatrixNorms.SpectralExtrema,confirmed_source_written_public,2591,47890,5.410315,compiled transitive module-import closure plus entry module,Reachability is not practical usability; consumer probes are separate.
NumStability.Analysis.Midpoint,all_project_environment,0,77246,0.0,compiled transitive module-import closure plus entry module,Reachability is not practical usability; consumer probes are separate.
NumStability.Analysis.Midpoint,environment_public,0,58120,0.0,compiled transitive module-import closure plus entry module,Reachability is not practical usability; consumer probes are separate.
NumStability.Analysis.Midpoint,confirmed_source_written_public,0,47890,0.0,compiled transitive module-import closure plus entry module,Reachability is not practical usability; consumer probes are separate.
NumStability.Analysis.NonrandomRounding,all_project_environment,0,77246,0.0,compiled transitive module-import closure plus entry module,Reachability is not practical usability; consumer probes are separate.
NumStability.Analysis.NonrandomRounding,environment_public,0,58120,0.0,compiled transitive module-import closure plus entry module,Reachability is not practical usability; consumer probes are separate.
NumStability.Analysis.NonrandomRounding,confirmed_source_written_public,0,47890,0.0,compiled transitive module-import closure plus entry module,Reachability is not practical usability; consumer probes are separate.
NumStability.Analysis.Norms.Core,all_project_environment,0,77246,0.0,compiled transitive module-import closure plus entry module,Reachability is not practical usability; consumer probes are separate.
NumStability.Analysis.Norms.Core,environment_public,0,58120,0.0,compiled transitive module-import closure plus entry module,Reachability is not practical usability; consumer probes are separate.
NumStability.Analysis.Norms.Core,confirmed_source_written_public,0,47890,0.0,compiled transitive module-import closure plus entry module,Reachability is not practical usability; consumer probes are separate.
NumStability.Analysis.NumericalRadius,all_project_environment,0,77246,0.0,compiled transitive module-import closure plus entry module,Reachability is not practical usability; consumer probes are separate.
NumStability.Analysis.NumericalRadius,environment_public,0,58120,0.0,compiled transitive module-import closure plus entry module,Reachability is not practical usability; consumer probes are separate.
NumStability.Analysis.NumericalRadius,confirmed_source_written_public,0,47890,0.0,compiled transitive module-import closure plus entry module,Reachability is not practical usability; consumer probes are separate.
NumStability.Analysis.OperatorNorms,all_project_environment,373,77246,0.482873,compiled transitive module-import closure plus entry module,Reachability is not practical usability; consumer probes are separate.
NumStability.Analysis.OperatorNorms,environment_public,287,58120,0.493806,compiled transitive module-import closure plus entry module,Reachability is not practical usability; consumer probes are separate.
NumStability.Analysis.OperatorNorms,confirmed_source_written_public,225,47890,0.469827,compiled transitive module-import closure plus entry module,Reachability is not practical usability; consumer probes are separate.
NumStability.Analysis.Perturbation,all_project_environment,16211,77246,20.9862,compiled transitive module-import closure plus entry module,Reachability is not practical usability; consumer probes are separate.
NumStability.Analysis.Perturbation,environment_public,13080,58120,22.505162,compiled transitive module-import closure plus entry module,Reachability is not practical usability; consumer probes are separate.
NumStability.Analysis.Perturbation,confirmed_source_written_public,11172,47890,23.328461,compiled transitive module-import closure plus entry module,Reachability is not practical usability; consumer probes are separate.
NumStability.Analysis.Perturbation.LeastSquares,all_project_environment,16211,77246,20.9862,compiled transitive module-import closure plus entry module,Reachability is not practical usability; consumer probes are separate.
NumStability.Analysis.Perturbation.LeastSquares,environment_public,13080,58120,22.505162,compiled transitive module-import closure plus entry module,Reachability is not practical usability; consumer probes are separate.
NumStability.Analysis.Perturbation.LeastSquares,confirmed_source_written_public,11172,47890,23.328461,compiled transitive module-import closure plus entry module,Reachability is not practical usability; consumer probes are separate.
NumStability.Analysis.Polynomials,all_project_environment,6092,77246,7.886493,compiled transitive module-import closure plus entry module,Reachability is not practical usability; consumer probes are separate.
NumStability.Analysis.Polynomials,environment_public,4643,58120,7.988644,compiled transitive module-import closure plus entry module,Reachability is not practical usability; consumer probes are separate.
NumStability.Analysis.Polynomials,confirmed_source_written_public,3880,47890,8.1019,compiled transitive module-import closure plus entry module,Reachability is not practical usability; consumer probes are separate.
NumStability.Analysis.Probability,all_project_environment,6081,77246,7.872252,compiled transitive module-import closure plus entry module,Reachability is not practical usability; consumer probes are separate.
NumStability.Analysis.Probability,environment_public,4458,58120,7.670337,compiled transitive module-import closure plus entry module,Reachability is not practical usability; consumer probes are separate.
NumStability.Analysis.Probability,confirmed_source_written_public,3793,47890,7.920234,compiled transitive module-import closure plus entry module,Reachability is not practical usability; consumer probes are separate.
NumStability.Analysis.Probability.Gaussian,all_project_environment,8,77246,0.010357,compiled transitive module-import closure plus entry module,Reachability is not practical usability; consumer probes are separate.
NumStability.Analysis.Probability.Gaussian,environment_public,8,58120,0.013765,compiled transitive module-import closure plus entry module,Reachability is not practical usability; consumer probes are separate.
NumStability.Analysis.Probability.Gaussian,confirmed_source_written_public,8,47890,0.016705,compiled transitive module-import closure plus entry module,Reachability is not practical usability; consumer probes are separate.
NumStability.Analysis.Probability.Haar,all_project_environment,6073,77246,7.861896,compiled transitive module-import closure plus entry module,Reachability is not practical usability; consumer probes are separate.
NumStability.Analysis.Probability.Haar,environment_public,4450,58120,7.656573,compiled transitive module-import closure plus entry module,Reachability is not practical usability; consumer probes are separate.
NumStability.Analysis.Probability.Haar,confirmed_source_written_public,3785,47890,7.903529,compiled transitive module-import closure plus entry module,Reachability is not practical usability; consumer probes are separate.
NumStability.Analysis.ProblemDependentStability,all_project_environment,0,77246,0.0,compiled transitive module-import closure plus entry module,Reachability is not practical usability; consumer probes are separate.
NumStability.Analysis.ProblemDependentStability,environment_public,0,58120,0.0,compiled transitive module-import closure plus entry module,Reachability is not practical usability; consumer probes are separate.
NumStability.Analysis.ProblemDependentStability,confirmed_source_written_public,0,47890,0.0,compiled transitive module-import closure plus entry module,Reachability is not practical usability; consumer probes are separate.
NumStability.Analysis.PseudospectralResolvent,all_project_environment,0,77246,0.0,compiled transitive module-import closure plus entry module,Reachability is not practical usability; consumer probes are separate.
NumStability.Analysis.PseudospectralResolvent,environment_public,0,58120,0.0,compiled transitive module-import closure plus entry module,Reachability is not practical usability; consumer probes are separate.
NumStability.Analysis.PseudospectralResolvent,confirmed_source_written_public,0,47890,0.0,compiled transitive module-import closure plus entry module,Reachability is not practical usability; consumer probes are separate.
NumStability.Analysis.RoundingProductBounds,all_project_environment,0,77246,0.0,compiled transitive module-import closure plus entry module,Reachability is not practical usability; consumer probes are separate.
NumStability.Analysis.RoundingProductBounds,environment_public,0,58120,0.0,compiled transitive module-import closure plus entry module,Reachability is not practical usability; consumer probes are separate.
NumStability.Analysis.RoundingProductBounds,confirmed_source_written_public,0,47890,0.0,compiled transitive module-import closure plus entry module,Reachability is not practical usability; consumer probes are separate.
NumStability.Analysis.SingularValues,all_project_environment,1794,77246,2.32245,compiled transitive module-import closure plus entry module,Reachability is not practical usability; consumer probes are separate.
NumStability.Analysis.SingularValues,environment_public,1544,58120,2.656573,compiled transitive module-import closure plus entry module,Reachability is not practical usability; consumer probes are separate.
NumStability.Analysis.SingularValues,confirmed_source_written_public,1349,47890,2.816872,compiled transitive module-import closure plus entry module,Reachability is not practical usability; consumer probes are separate.
NumStability.Analysis.SingularValues.InverseBounds,all_project_environment,881,77246,1.140512,compiled transitive module-import closure plus entry module,Reachability is not practical usability; consumer probes are separate.
NumStability.Analysis.SingularValues.InverseBounds,environment_public,764,58120,1.314522,compiled transitive module-import closure plus entry module,Reachability is not practical usability; consumer probes are separate.
NumStability.Analysis.SingularValues.InverseBounds,confirmed_source_written_public,706,47890,1.474212,compiled transitive module-import closure plus entry module,Reachability is not practical usability; consumer probes are separate.
NumStability.Analysis.Summation,all_project_environment,271,77246,0.350827,compiled transitive module-import closure plus entry module,Reachability is not practical usability; consumer probes are separate.
NumStability.Analysis.Summation,environment_public,136,58120,0.233999,compiled transitive module-import closure plus entry module,Reachability is not practical usability; consumer probes are separate.
NumStability.Analysis.Summation,confirmed_source_written_public,92,47890,0.192107,compiled transitive module-import closure plus entry module,Reachability is not practical usability; consumer probes are separate.
NumStability.Analysis.TestMatrices,all_project_environment,7035,77246,9.107268,compiled transitive module-import closure plus entry module,Reachability is not practical usability; consumer probes are separate.
NumStability.Analysis.TestMatrices,environment_public,5220,58120,8.981418,compiled transitive module-import closure plus entry module,Reachability is not practical usability; consumer probes are separate.
NumStability.Analysis.TestMatrices,confirmed_source_written_public,4378,47890,9.141783,compiled transitive module-import closure plus entry module,Reachability is not practical usability; consumer probes are separate.
NumStability.Analysis.TrigCancellation,all_project_environment,0,77246,0.0,compiled transitive module-import closure plus entry module,Reachability is not practical usability; consumer probes are separate.
NumStability.Analysis.TrigCancellation,environment_public,0,58120,0.0,compiled transitive module-import closure plus entry module,Reachability is not practical usability; consumer probes are separate.
NumStability.Analysis.TrigCancellation,confirmed_source_written_public,0,47890,0.0,compiled transitive module-import closure plus entry module,Reachability is not practical usability; consumer probes are separate.
NumStability.Analysis.VectorNorms,all_project_environment,367,77246,0.475106,compiled transitive module-import closure plus entry module,Reachability is not practical usability; consumer probes are separate.
NumStability.Analysis.VectorNorms,environment_public,311,58120,0.5351,compiled transitive module-import closure plus entry module,Reachability is not practical usability; consumer probes are separate.
NumStability.Analysis.VectorNorms,confirmed_source_written_public,249,47890,0.519942,compiled transitive module-import closure plus entry module,Reachability is not practical usability; consumer probes are separate.
NumStability.Core,all_project_environment,0,77246,0.0,compiled transitive module-import closure plus entry module,Reachability is not practical usability; consumer probes are separate.
NumStability.Core,environment_public,0,58120,0.0,compiled transitive module-import closure plus entry module,Reachability is not practical usability; consumer probes are separate.
NumStability.Core,confirmed_source_written_public,0,47890,0.0,compiled transitive module-import closure plus entry module,Reachability is not practical usability; consumer probes are separate.
NumStability.FloatingPoint,all_project_environment,2026,77246,2.62279,compiled transitive module-import closure plus entry module,Reachability is not practical usability; consumer probes are separate.
NumStability.FloatingPoint,environment_public,1653,58120,2.844116,compiled transitive module-import closure plus entry module,Reachability is not practical usability; consumer probes are separate.
NumStability.FloatingPoint,confirmed_source_written_public,1347,47890,2.812696,compiled transitive module-import closure plus entry module,Reachability is not practical usability; consumer probes are separate.
NumStability.Higham,all_project_environment,0,77246,0.0,compiled transitive module-import closure plus entry module,Reachability is not practical usability; consumer probes are separate.
NumStability.Higham,environment_public,0,58120,0.0,compiled transitive module-import closure plus entry module,Reachability is not practical usability; consumer probes are separate.
NumStability.Higham,confirmed_source_written_public,0,47890,0.0,compiled transitive module-import closure plus entry module,Reachability is not practical usability; consumer probes are separate.
NumStability.Source,all_project_environment,75072,77246,97.185615,compiled transitive module-import closure plus entry module,Reachability is not practical usability; consumer probes are separate.
NumStability.Source,environment_public,56401,58120,97.042326,compiled transitive module-import closure plus entry module,Reachability is not practical usability; consumer probes are separate.
NumStability.Source,confirmed_source_written_public,46499,47890,97.095427,compiled transitive module-import closure plus entry module,Reachability is not practical usability; consumer probes are separate.
NumStability.Source.Higham,all_project_environment,75072,77246,97.185615,compiled transitive module-import closure plus entry module,Reachability is not practical usability; consumer probes are separate.
NumStability.Source.Higham,environment_public,56401,58120,97.042326,compiled transitive module-import closure plus entry module,Reachability is not practical usability; consumer probes are separate.
NumStability.Source.Higham,confirmed_source_written_public,46499,47890,97.095427,compiled transitive module-import closure plus entry module,Reachability is not practical usability; consumer probes are separate.
NumStability.Source.Higham.Chapter02,all_project_environment,8927,77246,11.556585,compiled transitive module-import closure plus entry module,Reachability is not practical usability; consumer probes are separate.
NumStability.Source.Higham.Chapter02,environment_public,7138,58120,12.281487,compiled transitive module-import closure plus entry module,Reachability is not practical usability; consumer probes are separate.
NumStability.Source.Higham.Chapter02,confirmed_source_written_public,6200,47890,12.946335,compiled transitive module-import closure plus entry module,Reachability is not practical usability; consumer probes are separate.
NumStability.Source.Higham.Chapter02.FloatingPointArithmetic.ExactSubtraction,all_project_environment,3261,77246,4.221578,compiled transitive module-import closure plus entry module,Reachability is not practical usability; consumer probes are separate.
NumStability.Source.Higham.Chapter02.FloatingPointArithmetic.ExactSubtraction,environment_public,2714,58120,4.669649,compiled transitive module-import closure plus entry module,Reachability is not practical usability; consumer probes are separate.
NumStability.Source.Higham.Chapter02.FloatingPointArithmetic.ExactSubtraction,confirmed_source_written_public,2228,47890,4.652328,compiled transitive module-import closure plus entry module,Reachability is not practical usability; consumer probes are separate.
NumStability.Source.Higham.Chapter02.FloatingPointArithmetic.StandardModel,all_project_environment,1959,77246,2.536054,compiled transitive module-import closure plus entry module,Reachability is not practical usability; consumer probes are separate.
NumStability.Source.Higham.Chapter02.FloatingPointArithmetic.StandardModel,environment_public,1599,58120,2.751204,compiled transitive module-import closure plus entry module,Reachability is not practical usability; consumer probes are separate.
NumStability.Source.Higham.Chapter02.FloatingPointArithmetic.StandardModel,confirmed_source_written_public,1307,47890,2.729171,compiled transitive module-import closure plus entry module,Reachability is not practical usability; consumer probes are separate.
NumStability.Source.Higham.Chapter02.Problem22,all_project_environment,3517,77246,4.552987,compiled transitive module-import closure plus entry module,Reachability is not practical usability; consumer probes are separate.
NumStability.Source.Higham.Chapter02.Problem22,environment_public,2869,58120,4.936339,compiled transitive module-import closure plus entry module,Reachability is not practical usability; consumer probes are separate.
NumStability.Source.Higham.Chapter02.Problem22,confirmed_source_written_public,2361,47890,4.930048,compiled transitive module-import closure plus entry module,Reachability is not practical usability; consumer probes are separate.
NumStability.Source.Higham.Chapter02.Section07,all_project_environment,221,77246,0.286099,compiled transitive module-import closure plus entry module,Reachability is not practical usability; consumer probes are separate.
NumStability.Source.Higham.Chapter02.Section07,environment_public,190,58120,0.32691,compiled transitive module-import closure plus entry module,Reachability is not practical usability; consumer probes are separate.
NumStability.Source.Higham.Chapter02.Section07,confirmed_source_written_public,169,47890,0.352892,compiled transitive module-import closure plus entry module,Reachability is not practical usability; consumer probes are separate.
NumStability.Source.Higham.Chapter03,all_project_environment,7245,77246,9.379126,compiled transitive module-import closure plus entry module,Reachability is not practical usability; consumer probes are separate.
NumStability.Source.Higham.Chapter03,environment_public,5762,58120,9.913971,compiled transitive module-import closure plus entry module,Reachability is not practical usability; consumer probes are separate.
NumStability.Source.Higham.Chapter03,confirmed_source_written_public,4825,47890,10.075172,compiled transitive module-import closure plus entry module,Reachability is not practical usability; consumer probes are separate.
NumStability.Source.Higham.Chapter04,all_project_environment,19569,77246,25.333351,compiled transitive module-import closure plus entry module,Reachability is not practical usability; consumer probes are separate.
NumStability.Source.Higham.Chapter04,environment_public,15417,58120,26.526153,compiled transitive module-import closure plus entry module,Reachability is not practical usability; consumer probes are separate.
NumStability.Source.Higham.Chapter04,confirmed_source_written_public,12669,47890,26.454375,compiled transitive module-import closure plus entry module,Reachability is not practical usability; consumer probes are separate.
NumStability.Source.Higham.Chapter04.Algorithm02,all_project_environment,177,77246,0.229138,compiled transitive module-import closure plus entry module,Reachability is not practical usability; consumer probes are separate.
NumStability.Source.Higham.Chapter04.Algorithm02,environment_public,146,58120,0.251204,compiled transitive module-import closure plus entry module,Reachability is not practical usability; consumer probes are separate.
NumStability.Source.Higham.Chapter04.Algorithm02,confirmed_source_written_public,70,47890,0.146168,compiled transitive module-import closure plus entry module,Reachability is not practical usability; consumer probes are separate.
NumStability.Source.Higham.Chapter04.Equation07,all_project_environment,3814,77246,4.937472,compiled transitive module-import closure plus entry module,Reachability is not practical usability; consumer probes are separate.
NumStability.Source.Higham.Chapter04.Equation07,environment_public,3187,58120,5.483482,compiled transitive module-import closure plus entry module,Reachability is not practical usability; consumer probes are separate.
NumStability.Source.Higham.Chapter04.Equation07,confirmed_source_written_public,2616,47890,5.462518,compiled transitive module-import closure plus entry module,Reachability is not practical usability; consumer probes are separate.
NumStability.Source.Higham.Chapter04.Equation08,all_project_environment,4939,77246,6.393859,compiled transitive module-import closure plus entry module,Reachability is not practical usability; consumer probes are separate.
NumStability.Source.Higham.Chapter04.Equation08,environment_public,4003,58120,6.887474,compiled transitive module-import closure plus entry module,Reachability is not practical usability; consumer probes are separate.
NumStability.Source.Higham.Chapter04.Equation08,confirmed_source_written_public,3258,47890,6.80309,compiled transitive module-import closure plus entry module,Reachability is not practical usability; consumer probes are separate.
NumStability.Source.Higham.Chapter04.Equation09,all_project_environment,4939,77246,6.393859,compiled transitive module-import closure plus entry module,Reachability is not practical usability; consumer probes are separate.
NumStability.Source.Higham.Chapter04.Equation09,environment_public,4002,58120,6.885754,compiled transitive module-import closure plus entry module,Reachability is not practical usability; consumer probes are separate.
NumStability.Source.Higham.Chapter04.Equation09,confirmed_source_written_public,3258,47890,6.80309,compiled transitive module-import closure plus entry module,Reachability is not practical usability; consumer probes are separate.
NumStability.Source.Higham.Chapter04.Equation10,all_project_environment,4379,77246,5.668902,compiled transitive module-import closure plus entry module,Reachability is not practical usability; consumer probes are separate.
NumStability.Source.Higham.Chapter04.Equation10,environment_public,3591,58120,6.178596,compiled transitive module-import closure plus entry module,Reachability is not practical usability; consumer probes are separate.
NumStability.Source.Higham.Chapter04.Equation10,confirmed_source_written_public,2864,47890,5.980372,compiled transitive module-import closure plus entry module,Reachability is not practical usability; consumer probes are separate.
NumStability.Source.Higham.Chapter04.Section01,all_project_environment,2733,77246,3.538047,compiled transitive module-import closure plus entry module,Reachability is not practical usability; consumer probes are separate.
NumStability.Source.Higham.Chapter04.Section01,environment_public,2093,58120,3.60117,compiled transitive module-import closure plus entry module,Reachability is not practical usability; consumer probes are separate.
NumStability.Source.Higham.Chapter04.Section01,confirmed_source_written_public,1633,47890,3.409898,compiled transitive module-import closure plus entry module,Reachability is not practical usability; consumer probes are separate.
NumStability.Source.Higham.Chapter04.Section02,all_project_environment,2983,77246,3.861689,compiled transitive module-import closure plus entry module,Reachability is not practical usability; consumer probes are separate.
NumStability.Source.Higham.Chapter04.Section02,environment_public,2334,58120,4.015829,compiled transitive module-import closure plus entry module,Reachability is not practical usability; consumer probes are separate.
NumStability.Source.Higham.Chapter04.Section02,confirmed_source_written_public,1768,47890,3.691794,compiled transitive module-import closure plus entry module,Reachability is not practical usability; consumer probes are separate.
NumStability.Source.Higham.Chapter04.Section03,all_project_environment,5299,77246,6.859902,compiled transitive module-import closure plus entry module,Reachability is not practical usability; consumer probes are separate.
NumStability.Source.Higham.Chapter04.Section03,environment_public,4294,58120,7.388162,compiled transitive module-import closure plus entry module,Reachability is not practical usability; consumer probes are separate.
NumStability.Source.Higham.Chapter04.Section03,confirmed_source_written_public,3449,47890,7.201921,compiled transitive module-import closure plus entry module,Reachability is not practical usability; consumer probes are separate.
NumStability.Source.Higham.Chapter04.Section03.FiniteFormat,all_project_environment,4301,77246,5.567926,compiled transitive module-import closure plus entry module,Reachability is not practical usability; consumer probes are separate.
NumStability.Source.Higham.Chapter04.Section03.FiniteFormat,environment_public,3523,58120,6.061597,compiled transitive module-import closure plus entry module,Reachability is not practical usability; consumer probes are separate.
NumStability.Source.Higham.Chapter04.Section03.FiniteFormat,confirmed_source_written_public,2831,47890,5.911464,compiled transitive module-import closure plus entry module,Reachability is not practical usability; consumer probes are separate.
NumStability.Source.Higham.Chapter05,all_project_environment,6527,77246,8.449628,compiled transitive module-import closure plus entry module,Reachability is not practical usability; consumer probes are separate.
NumStability.Source.Higham.Chapter05,environment_public,5124,58120,8.816242,compiled transitive module-import closure plus entry module,Reachability is not practical usability; consumer probes are separate.
NumStability.Source.Higham.Chapter05,confirmed_source_written_public,4101,47890,8.563374,compiled transitive module-import closure plus entry module,Reachability is not practical usability; consumer probes are separate.
NumStability.Source.Higham.Chapter06,all_project_environment,12431,77246,16.092743,compiled transitive module-import closure plus entry module,Reachability is not practical usability; consumer probes are separate.
NumStability.Source.Higham.Chapter06,environment_public,9469,58120,16.292154,compiled transitive module-import closure plus entry module,Reachability is not practical usability; consumer probes are separate.
NumStability.Source.Higham.Chapter06,confirmed_source_written_public,8321,47890,17.375235,compiled transitive module-import closure plus entry module,Reachability is not practical usability; consumer probes are separate.
NumStability.Source.Higham.Chapter06.Asides,all_project_environment,788,77246,1.020118,compiled transitive module-import closure plus entry module,Reachability is not practical usability; consumer probes are separate.
NumStability.Source.Higham.Chapter06.Asides,environment_public,691,58120,1.188919,compiled transitive module-import closure plus entry module,Reachability is not practical usability; consumer probes are separate.
NumStability.Source.Higham.Chapter06.Asides,confirmed_source_written_public,578,47890,1.206933,compiled transitive module-import closure plus entry module,Reachability is not practical usability; consumer probes are separate.
NumStability.Source.Higham.Chapter06.BlockAntidiagonalNorm,all_project_environment,2009,77246,2.600782,compiled transitive module-import closure plus entry module,Reachability is not practical usability; consumer probes are separate.
NumStability.Source.Higham.Chapter06.BlockAntidiagonalNorm,environment_public,1707,58120,2.937027,compiled transitive module-import closure plus entry module,Reachability is not practical usability; consumer probes are separate.
NumStability.Source.Higham.Chapter06.BlockAntidiagonalNorm,confirmed_source_written_public,1529,47890,3.192733,compiled transitive module-import closure plus entry module,Reachability is not practical usability; consumer probes are separate.
NumStability.Source.Higham.Chapter06.Lemma06,all_project_environment,2002,77246,2.59172,compiled transitive module-import closure plus entry module,Reachability is not practical usability; consumer probes are separate.
NumStability.Source.Higham.Chapter06.Lemma06,environment_public,1709,58120,2.940468,compiled transitive module-import closure plus entry module,Reachability is not practical usability; consumer probes are separate.
NumStability.Source.Higham.Chapter06.Lemma06,confirmed_source_written_public,1530,47890,3.194821,compiled transitive module-import closure plus entry module,Reachability is not practical usability; consumer probes are separate.
NumStability.Source.Higham.Chapter06.Lemma06.OperatorTwoNormBound,all_project_environment,12064,77246,15.617637,compiled transitive module-import closure plus entry module,Reachability is not practical usability; consumer probes are separate.
NumStability.Source.Higham.Chapter06.Lemma06.OperatorTwoNormBound,environment_public,9180,58120,15.794907,compiled transitive module-import closure plus entry module,Reachability is not practical usability; consumer probes are separate.
NumStability.Source.Higham.Chapter06.Lemma06.OperatorTwoNormBound,confirmed_source_written_public,8059,47890,16.828148,compiled transitive module-import closure plus entry module,Reachability is not practical usability; consumer probes are separate.
NumStability.Source.Higham.Chapter06.Norms,all_project_environment,2584,77246,3.345157,compiled transitive module-import closure plus entry module,Reachability is not practical usability; consumer probes are separate.
NumStability.Source.Higham.Chapter06.Norms,environment_public,2164,58120,3.723331,compiled transitive module-import closure plus entry module,Reachability is not practical usability; consumer probes are separate.
NumStability.Source.Higham.Chapter06.Norms,confirmed_source_written_public,1917,47890,4.002923,compiled transitive module-import closure plus entry module,Reachability is not practical usability; consumer probes are separate.
NumStability.Source.Higham.Chapter07,all_project_environment,17393,77246,22.516376,compiled transitive module-import closure plus entry module,Reachability is not practical usability; consumer probes are separate.
NumStability.Source.Higham.Chapter07,environment_public,13789,58120,23.725052,compiled transitive module-import closure plus entry module,Reachability is not practical usability; consumer probes are separate.
NumStability.Source.Higham.Chapter07,confirmed_source_written_public,11780,47890,24.598037,compiled transitive module-import closure plus entry module,Reachability is not practical usability; consumer probes are separate.
NumStability.Source.Higham.Chapter08.Equation15.FanInExecutor.FirstOrderResidual,all_project_environment,16516,77246,21.381042,compiled transitive module-import closure plus entry module,Reachability is not practical usability; consumer probes are separate.
NumStability.Source.Higham.Chapter08.Equation15.FanInExecutor.FirstOrderResidual,environment_public,13178,58120,22.673778,compiled transitive module-import closure plus entry module,Reachability is not practical usability; consumer probes are separate.
NumStability.Source.Higham.Chapter08.Equation15.FanInExecutor.FirstOrderResidual,confirmed_source_written_public,11248,47890,23.487158,compiled transitive module-import closure plus entry module,Reachability is not practical usability; consumer probes are separate.
NumStability.Source.Higham.Chapter09,all_project_environment,20030,77246,25.930145,compiled transitive module-import closure plus entry module,Reachability is not practical usability; consumer probes are separate.
NumStability.Source.Higham.Chapter09,environment_public,15567,58120,26.78424,compiled transitive module-import closure plus entry module,Reachability is not practical usability; consumer probes are separate.
NumStability.Source.Higham.Chapter09,confirmed_source_written_public,13320,47890,27.81374,compiled transitive module-import closure plus entry module,Reachability is not practical usability; consumer probes are separate.
NumStability.Source.Higham.Chapter10.Equation07.AbsoluteFactorNorm,all_project_environment,12082,77246,15.640939,compiled transitive module-import closure plus entry module,Reachability is not practical usability; consumer probes are separate.
NumStability.Source.Higham.Chapter10.Equation07.AbsoluteFactorNorm,environment_public,9198,58120,15.825877,compiled transitive module-import closure plus entry module,Reachability is not practical usability; consumer probes are separate.
NumStability.Source.Higham.Chapter10.Equation07.AbsoluteFactorNorm,confirmed_source_written_public,8077,47890,16.865734,compiled transitive module-import closure plus entry module,Reachability is not practical usability; consumer probes are separate.
NumStability.Source.Higham.Chapter10.Equation29.Mathias,all_project_environment,13083,77246,16.936799,compiled transitive module-import closure plus entry module,Reachability is not practical usability; consumer probes are separate.
NumStability.Source.Higham.Chapter10.Equation29.Mathias,environment_public,9804,58120,16.868548,compiled transitive module-import closure plus entry module,Reachability is not practical usability; consumer probes are separate.
NumStability.Source.Higham.Chapter10.Equation29.Mathias,confirmed_source_written_public,8566,47890,17.886824,compiled transitive module-import closure plus entry module,Reachability is not practical usability; consumer probes are separate.
NumStability.Source.Higham.Chapter10.Equation30.ComplexPositiveDefinite,all_project_environment,13158,77246,17.033892,compiled transitive module-import closure plus entry module,Reachability is not practical usability; consumer probes are separate.
NumStability.Source.Higham.Chapter10.Equation30.ComplexPositiveDefinite,environment_public,9813,58120,16.884033,compiled transitive module-import closure plus entry module,Reachability is not practical usability; consumer probes are separate.
NumStability.Source.Higham.Chapter10.Equation30.ComplexPositiveDefinite,confirmed_source_written_public,8555,47890,17.863855,compiled transitive module-import closure plus entry module,Reachability is not practical usability; consumer probes are separate.
NumStability.Source.Higham.Chapter10.Lemma11.PivotSequenceStability,all_project_environment,12316,77246,15.943868,compiled transitive module-import closure plus entry module,Reachability is not practical usability; consumer probes are separate.
NumStability.Source.Higham.Chapter10.Lemma11.PivotSequenceStability,environment_public,9369,58120,16.120096,compiled transitive module-import closure plus entry module,Reachability is not practical usability; consumer probes are separate.
NumStability.Source.Higham.Chapter10.Lemma11.PivotSequenceStability,confirmed_source_written_public,8223,47890,17.170599,compiled transitive module-import closure plus entry module,Reachability is not practical usability; consumer probes are separate.
NumStability.Source.Higham.Chapter10.Lemma13.KahanSharpness,all_project_environment,12941,77246,16.752971,compiled transitive module-import closure plus entry module,Reachability is not practical usability; consumer probes are separate.
NumStability.Source.Higham.Chapter10.Lemma13.KahanSharpness,environment_public,9699,58120,16.687887,compiled transitive module-import closure plus entry module,Reachability is not practical usability; consumer probes are separate.
NumStability.Source.Higham.Chapter10.Lemma13.KahanSharpness,confirmed_source_written_public,8471,47890,17.688453,compiled transitive module-import closure plus entry module,Reachability is not practical usability; consumer probes are separate.
NumStability.Source.Higham.Chapter10.Problem01.PositiveSemidefiniteEntries,all_project_environment,12239,77246,15.844186,compiled transitive module-import closure plus entry module,Reachability is not practical usability; consumer probes are separate.
NumStability.Source.Higham.Chapter10.Problem01.PositiveSemidefiniteEntries,environment_public,9286,58120,15.977288,compiled transitive module-import closure plus entry module,Reachability is not practical usability; consumer probes are separate.
NumStability.Source.Higham.Chapter10.Problem01.PositiveSemidefiniteEntries,confirmed_source_written_public,8142,47890,17.001462,compiled transitive module-import closure plus entry module,Reachability is not practical usability; consumer probes are separate.
NumStability.Source.Higham.Chapter10.Problem03.ArbitraryEvaluationOrder,all_project_environment,2601,77246,3.367165,compiled transitive module-import closure plus entry module,Reachability is not practical usability; consumer probes are separate.
NumStability.Source.Higham.Chapter10.Problem03.ArbitraryEvaluationOrder,environment_public,1957,58120,3.367171,compiled transitive module-import closure plus entry module,Reachability is not practical usability; consumer probes are separate.
NumStability.Source.Higham.Chapter10.Problem03.ArbitraryEvaluationOrder,confirmed_source_written_public,1542,47890,3.219879,compiled transitive module-import closure plus entry module,Reachability is not practical usability; consumer probes are separate.
NumStability.Source.Higham.Chapter10.Problem04.UnpivotedGrowth,all_project_environment,12821,77246,16.597623,compiled transitive module-import closure plus entry module,Reachability is not practical usability; consumer probes are separate.
NumStability.Source.Higham.Chapter10.Problem04.UnpivotedGrowth,environment_public,9645,58120,16.594976,compiled transitive module-import closure plus entry module,Reachability is not practical usability; consumer probes are separate.
NumStability.Source.Higham.Chapter10.Problem04.UnpivotedGrowth,confirmed_source_written_public,8428,47890,17.598664,compiled transitive module-import closure plus entry module,Reachability is not practical usability; consumer probes are separate.
NumStability.Source.Higham.Chapter10.Problem08.LeadingMinorsCounterexample,all_project_environment,12068,77246,15.622815,compiled transitive module-import closure plus entry module,Reachability is not practical usability; consumer probes are separate.
NumStability.Source.Higham.Chapter10.Problem08.LeadingMinorsCounterexample,environment_public,9181,58120,15.796628,compiled transitive module-import closure plus entry module,Reachability is not practical usability; consumer probes are separate.
NumStability.Source.Higham.Chapter10.Problem08.LeadingMinorsCounterexample,confirmed_source_written_public,8057,47890,16.823972,compiled transitive module-import closure plus entry module,Reachability is not practical usability; consumer probes are separate.
NumStability.Source.Higham.Chapter10.Section01.Factorization,all_project_environment,12819,77246,16.595034,compiled transitive module-import closure plus entry module,Reachability is not practical usability; consumer probes are separate.
NumStability.Source.Higham.Chapter10.Section01.Factorization,environment_public,9643,58120,16.591535,compiled transitive module-import closure plus entry module,Reachability is not practical usability; consumer probes are separate.
NumStability.Source.Higham.Chapter10.Section01.Factorization,confirmed_source_written_public,8426,47890,17.594487,compiled transitive module-import closure plus entry module,Reachability is not practical usability; consumer probes are separate.
NumStability.Source.Higham.Chapter10.Section02.ErrorAnalysis,all_project_environment,12821,77246,16.597623,compiled transitive module-import closure plus entry module,Reachability is not practical usability; consumer probes are separate.
NumStability.Source.Higham.Chapter10.Section02.ErrorAnalysis,environment_public,9645,58120,16.594976,compiled transitive module-import closure plus entry module,Reachability is not practical usability; consumer probes are separate.
NumStability.Source.Higham.Chapter10.Section02.ErrorAnalysis,confirmed_source_written_public,8428,47890,17.598664,compiled transitive module-import closure plus entry module,Reachability is not practical usability; consumer probes are separate.
NumStability.Source.Higham.Chapter10.Section03.PositiveSemidefinite,all_project_environment,12898,77246,16.697305,compiled transitive module-import closure plus entry module,Reachability is not practical usability; consumer probes are separate.
NumStability.Source.Higham.Chapter10.Section03.PositiveSemidefinite,environment_public,9662,58120,16.624226,compiled transitive module-import closure plus entry module,Reachability is not practical usability; consumer probes are separate.
NumStability.Source.Higham.Chapter10.Section03.PositiveSemidefinite,confirmed_source_written_public,8445,47890,17.634162,compiled transitive module-import closure plus entry module,Reachability is not practical usability; consumer probes are separate.
NumStability.Source.Higham.Chapter10.Section04.PositiveDefiniteSymmetricPart,all_project_environment,12851,77246,16.63646,compiled transitive module-import closure plus entry module,Reachability is not practical usability; consumer probes are separate.
NumStability.Source.Higham.Chapter10.Section04.PositiveDefiniteSymmetricPart,environment_public,9665,58120,16.629387,compiled transitive module-import closure plus entry module,Reachability is not practical usability; consumer probes are separate.
NumStability.Source.Higham.Chapter10.Section04.PositiveDefiniteSymmetricPart,confirmed_source_written_public,8445,47890,17.634162,compiled transitive module-import closure plus entry module,Reachability is not practical usability; consumer probes are separate.
NumStability.Source.Higham.Chapter10.Theorem06.RoundedCholesky,all_project_environment,12834,77246,16.614453,compiled transitive module-import closure plus entry module,Reachability is not practical usability; consumer probes are separate.
NumStability.Source.Higham.Chapter10.Theorem06.RoundedCholesky,environment_public,9651,58120,16.605299,compiled transitive module-import closure plus entry module,Reachability is not practical usability; consumer probes are separate.
NumStability.Source.Higham.Chapter10.Theorem06.RoundedCholesky,confirmed_source_written_public,8431,47890,17.604928,compiled transitive module-import closure plus entry module,Reachability is not practical usability; consumer probes are separate.
NumStability.Source.Higham.Chapter10.Theorem07,all_project_environment,13189,77246,17.074023,compiled transitive module-import closure plus entry module,Reachability is not practical usability; consumer probes are separate.
NumStability.Source.Higham.Chapter10.Theorem07,environment_public,9708,58120,16.703372,compiled transitive module-import closure plus entry module,Reachability is not practical usability; consumer probes are separate.
NumStability.Source.Higham.Chapter10.Theorem07,confirmed_source_written_public,8490,47890,17.728127,compiled transitive module-import closure plus entry module,Reachability is not practical usability; consumer probes are separate.
NumStability.Source.Higham.Chapter10.Theorem07.FailureVacuity,all_project_environment,18468,77246,23.908034,compiled transitive module-import closure plus entry module,Reachability is not practical usability; consumer probes are separate.
NumStability.Source.Higham.Chapter10.Theorem07.FailureVacuity,environment_public,14474,58120,24.903648,compiled transitive module-import closure plus entry module,Reachability is not practical usability; consumer probes are separate.
NumStability.Source.Higham.Chapter10.Theorem07.FailureVacuity,confirmed_source_written_public,12407,47890,25.907288,compiled transitive module-import closure plus entry module,Reachability is not practical usability; consumer probes are separate.
NumStability.Source.Higham.Chapter10.Theorem08.ComponentwisePerturbation,all_project_environment,12156,77246,15.736737,compiled transitive module-import closure plus entry module,Reachability is not practical usability; consumer probes are separate.
NumStability.Source.Higham.Chapter10.Theorem08.ComponentwisePerturbation,environment_public,9238,58120,15.894701,compiled transitive module-import closure plus entry module,Reachability is not practical usability; consumer probes are separate.
NumStability.Source.Higham.Chapter10.Theorem08.ComponentwisePerturbation,confirmed_source_written_public,8108,47890,16.930466,compiled transitive module-import closure plus entry module,Reachability is not practical usability; consumer probes are separate.
NumStability.Source.Higham.Chapter10.Theorem08.NormwiseDiscrepancy,all_project_environment,12865,77246,16.654584,compiled transitive module-import closure plus entry module,Reachability is not practical usability; consumer probes are separate.
NumStability.Source.Higham.Chapter10.Theorem08.NormwiseDiscrepancy,environment_public,9684,58120,16.662078,compiled transitive module-import closure plus entry module,Reachability is not practical usability; consumer probes are separate.
NumStability.Source.Higham.Chapter10.Theorem08.NormwiseDiscrepancy,confirmed_source_written_public,8458,47890,17.661307,compiled transitive module-import closure plus entry module,Reachability is not practical usability; consumer probes are separate.
NumStability.Source.Higham.Chapter10.Theorem14.CompletePivotedPSD,all_project_environment,13388,77246,17.331642,compiled transitive module-import closure plus entry module,Reachability is not practical usability; consumer probes are separate.
NumStability.Source.Higham.Chapter10.Theorem14.CompletePivotedPSD,environment_public,9888,58120,17.013076,compiled transitive module-import closure plus entry module,Reachability is not practical usability; consumer probes are separate.
NumStability.Source.Higham.Chapter10.Theorem14.CompletePivotedPSD,confirmed_source_written_public,8610,47890,17.978701,compiled transitive module-import closure plus entry module,Reachability is not practical usability; consumer probes are separate.
NumStability.Source.Higham.Chapter11.Theorem07,all_project_environment,20804,77246,26.932139,compiled transitive module-import closure plus entry module,Reachability is not practical usability; consumer probes are separate.
NumStability.Source.Higham.Chapter11.Theorem07,environment_public,16504,58120,28.396421,compiled transitive module-import closure plus entry module,Reachability is not practical usability; consumer probes are separate.
NumStability.Source.Higham.Chapter11.Theorem07,confirmed_source_written_public,14938,47890,31.192316,compiled transitive module-import closure plus entry module,Reachability is not practical usability; consumer probes are separate.
NumStability.Source.Higham.Chapter11.Theorem07.TridiagonalTwoByTwoResidual,all_project_environment,3446,77246,4.461072,compiled transitive module-import closure plus entry module,Reachability is not practical usability; consumer probes are separate.
NumStability.Source.Higham.Chapter11.Theorem07.TridiagonalTwoByTwoResidual,environment_public,2774,58120,4.772884,compiled transitive module-import closure plus entry module,Reachability is not practical usability; consumer probes are separate.
NumStability.Source.Higham.Chapter11.Theorem07.TridiagonalTwoByTwoResidual,confirmed_source_written_public,2306,47890,4.815202,compiled transitive module-import closure plus entry module,Reachability is not practical usability; consumer probes are separate.
NumStability.Source.Higham.Chapter12,all_project_environment,5434,77246,7.034668,compiled transitive module-import closure plus entry module,Reachability is not practical usability; consumer probes are separate.
NumStability.Source.Higham.Chapter12,environment_public,4218,58120,7.257398,compiled transitive module-import closure plus entry module,Reachability is not practical usability; consumer probes are separate.
NumStability.Source.Higham.Chapter12,confirmed_source_written_public,3564,47890,7.442055,compiled transitive module-import closure plus entry module,Reachability is not practical usability; consumer probes are separate.
NumStability.Source.Higham.Chapter13,all_project_environment,15197,77246,19.673511,compiled transitive module-import closure plus entry module,Reachability is not practical usability; consumer probes are separate.
NumStability.Source.Higham.Chapter13,environment_public,11705,58120,20.139367,compiled transitive module-import closure plus entry module,Reachability is not practical usability; consumer probes are separate.
NumStability.Source.Higham.Chapter13,confirmed_source_written_public,10204,47890,21.307162,compiled transitive module-import closure plus entry module,Reachability is not practical usability; consumer probes are separate.
NumStability.Source.Higham.Chapter13.BlockLU,all_project_environment,15144,77246,19.604899,compiled transitive module-import closure plus entry module,Reachability is not practical usability; consumer probes are separate.
NumStability.Source.Higham.Chapter13.BlockLU,environment_public,11689,58120,20.111838,compiled transitive module-import closure plus entry module,Reachability is not practical usability; consumer probes are separate.
NumStability.Source.Higham.Chapter13.BlockLU,confirmed_source_written_public,10190,47890,21.277929,compiled transitive module-import closure plus entry module,Reachability is not practical usability; consumer probes are separate.
NumStability.Source.Higham.Chapter13.Equation23,all_project_environment,12480,77246,16.156176,compiled transitive module-import closure plus entry module,Reachability is not practical usability; consumer probes are separate.
NumStability.Source.Higham.Chapter13.Equation23,environment_public,9461,58120,16.27839,compiled transitive module-import closure plus entry module,Reachability is not practical usability; consumer probes are separate.
NumStability.Source.Higham.Chapter13.Equation23,confirmed_source_written_public,8296,47890,17.323032,compiled transitive module-import closure plus entry module,Reachability is not practical usability; consumer probes are separate.
NumStability.Source.Higham.Chapter13.Equation25,all_project_environment,5084,77246,6.581571,compiled transitive module-import closure plus entry module,Reachability is not practical usability; consumer probes are separate.
NumStability.Source.Higham.Chapter13.Equation25,environment_public,3927,58120,6.75671,compiled transitive module-import closure plus entry module,Reachability is not practical usability; consumer probes are separate.
NumStability.Source.Higham.Chapter13.Equation25,confirmed_source_written_public,3255,47890,6.796826,compiled transitive module-import closure plus entry module,Reachability is not practical usability; consumer probes are separate.
NumStability.Source.Higham.Chapter13.Lemma10,all_project_environment,0,77246,0.0,compiled transitive module-import closure plus entry module,Reachability is not practical usability; consumer probes are separate.
NumStability.Source.Higham.Chapter13.Lemma10,environment_public,0,58120,0.0,compiled transitive module-import closure plus entry module,Reachability is not practical usability; consumer probes are separate.
NumStability.Source.Higham.Chapter13.Lemma10,confirmed_source_written_public,0,47890,0.0,compiled transitive module-import closure plus entry module,Reachability is not practical usability; consumer probes are separate.
NumStability.Source.Higham.Chapter13.Problem04,all_project_environment,0,77246,0.0,compiled transitive module-import closure plus entry module,Reachability is not practical usability; consumer probes are separate.
NumStability.Source.Higham.Chapter13.Problem04,environment_public,0,58120,0.0,compiled transitive module-import closure plus entry module,Reachability is not practical usability; consumer probes are separate.
NumStability.Source.Higham.Chapter13.Problem04,confirmed_source_written_public,0,47890,0.0,compiled transitive module-import closure plus entry module,Reachability is not practical usability; consumer probes are separate.
NumStability.Source.Higham.Chapter13.Problem04.FactorizationProducts,all_project_environment,0,77246,0.0,compiled transitive module-import closure plus entry module,Reachability is not practical usability; consumer probes are separate.
NumStability.Source.Higham.Chapter13.Problem04.FactorizationProducts,environment_public,0,58120,0.0,compiled transitive module-import closure plus entry module,Reachability is not practical usability; consumer probes are separate.
NumStability.Source.Higham.Chapter13.Problem04.FactorizationProducts,confirmed_source_written_public,0,47890,0.0,compiled transitive module-import closure plus entry module,Reachability is not practical usability; consumer probes are separate.
NumStability.Source.Higham.Chapter13.Problem04.GlobalTableauProducts,all_project_environment,0,77246,0.0,compiled transitive module-import closure plus entry module,Reachability is not practical usability; consumer probes are separate.
NumStability.Source.Higham.Chapter13.Problem04.GlobalTableauProducts,environment_public,0,58120,0.0,compiled transitive module-import closure plus entry module,Reachability is not practical usability; consumer probes are separate.
NumStability.Source.Higham.Chapter13.Problem04.GlobalTableauProducts,confirmed_source_written_public,0,47890,0.0,compiled transitive module-import closure plus entry module,Reachability is not practical usability; consumer probes are separate.
NumStability.Source.Higham.Chapter13.Section01,all_project_environment,0,77246,0.0,compiled transitive module-import closure plus entry module,Reachability is not practical usability; consumer probes are separate.
NumStability.Source.Higham.Chapter13.Section01,environment_public,0,58120,0.0,compiled transitive module-import closure plus entry module,Reachability is not practical usability; consumer probes are separate.
NumStability.Source.Higham.Chapter13.Section01,confirmed_source_written_public,0,47890,0.0,compiled transitive module-import closure plus entry module,Reachability is not practical usability; consumer probes are separate.
NumStability.Source.Higham.Chapter13.Section03,all_project_environment,0,77246,0.0,compiled transitive module-import closure plus entry module,Reachability is not practical usability; consumer probes are separate.
NumStability.Source.Higham.Chapter13.Section03,environment_public,0,58120,0.0,compiled transitive module-import closure plus entry module,Reachability is not practical usability; consumer probes are separate.
NumStability.Source.Higham.Chapter13.Section03,confirmed_source_written_public,0,47890,0.0,compiled transitive module-import closure plus entry module,Reachability is not practical usability; consumer probes are separate.
NumStability.Source.Higham.Chapter13.Table01,all_project_environment,4529,77246,5.863087,compiled transitive module-import closure plus entry module,Reachability is not practical usability; consumer probes are separate.
NumStability.Source.Higham.Chapter13.Table01,environment_public,3464,58120,5.960083,compiled transitive module-import closure plus entry module,Reachability is not practical usability; consumer probes are separate.
NumStability.Source.Higham.Chapter13.Table01,confirmed_source_written_public,2828,47890,5.905199,compiled transitive module-import closure plus entry module,Reachability is not practical usability; consumer probes are separate.
NumStability.Source.Higham.Chapter13.Theorem02,all_project_environment,0,77246,0.0,compiled transitive module-import closure plus entry module,Reachability is not practical usability; consumer probes are separate.
NumStability.Source.Higham.Chapter13.Theorem02,environment_public,0,58120,0.0,compiled transitive module-import closure plus entry module,Reachability is not practical usability; consumer probes are separate.
NumStability.Source.Higham.Chapter13.Theorem02,confirmed_source_written_public,0,47890,0.0,compiled transitive module-import closure plus entry module,Reachability is not practical usability; consumer probes are separate.
NumStability.Source.Higham.Chapter13.Theorem05,all_project_environment,0,77246,0.0,compiled transitive module-import closure plus entry module,Reachability is not practical usability; consumer probes are separate.
NumStability.Source.Higham.Chapter13.Theorem05,environment_public,0,58120,0.0,compiled transitive module-import closure plus entry module,Reachability is not practical usability; consumer probes are separate.
NumStability.Source.Higham.Chapter13.Theorem05,confirmed_source_written_public,0,47890,0.0,compiled transitive module-import closure plus entry module,Reachability is not practical usability; consumer probes are separate.
NumStability.Source.Higham.Chapter13.Theorem06,all_project_environment,0,77246,0.0,compiled transitive module-import closure plus entry module,Reachability is not practical usability; consumer probes are separate.
NumStability.Source.Higham.Chapter13.Theorem06,environment_public,0,58120,0.0,compiled transitive module-import closure plus entry module,Reachability is not practical usability; consumer probes are separate.
NumStability.Source.Higham.Chapter13.Theorem06,confirmed_source_written_public,0,47890,0.0,compiled transitive module-import closure plus entry module,Reachability is not practical usability; consumer probes are separate.
NumStability.Source.Higham.Chapter13.Theorem07,all_project_environment,0,77246,0.0,compiled transitive module-import closure plus entry module,Reachability is not practical usability; consumer probes are separate.
NumStability.Source.Higham.Chapter13.Theorem07,environment_public,0,58120,0.0,compiled transitive module-import closure plus entry module,Reachability is not practical usability; consumer probes are separate.
NumStability.Source.Higham.Chapter13.Theorem07,confirmed_source_written_public,0,47890,0.0,compiled transitive module-import closure plus entry module,Reachability is not practical usability; consumer probes are separate.
NumStability.Source.Higham.Chapter13.Theorem08,all_project_environment,0,77246,0.0,compiled transitive module-import closure plus entry module,Reachability is not practical usability; consumer probes are separate.
NumStability.Source.Higham.Chapter13.Theorem08,environment_public,0,58120,0.0,compiled transitive module-import closure plus entry module,Reachability is not practical usability; consumer probes are separate.
NumStability.Source.Higham.Chapter13.Theorem08,confirmed_source_written_public,0,47890,0.0,compiled transitive module-import closure plus entry module,Reachability is not practical usability; consumer probes are separate.
NumStability.Source.Higham.Chapter14,all_project_environment,18692,77246,24.198017,compiled transitive module-import closure plus entry module,Reachability is not practical usability; consumer probes are separate.
NumStability.Source.Higham.Chapter14,environment_public,14318,58120,24.635237,compiled transitive module-import closure plus entry module,Reachability is not practical usability; consumer probes are separate.
NumStability.Source.Higham.Chapter14,confirmed_source_written_public,11997,47890,25.051159,compiled transitive module-import closure plus entry module,Reachability is not practical usability; consumer probes are separate.
NumStability.Source.Higham.Chapter14.Algorithm04,all_project_environment,14324,77246,18.543355,compiled transitive module-import closure plus entry module,Reachability is not practical usability; consumer probes are separate.
NumStability.Source.Higham.Chapter14.Algorithm04,environment_public,10889,58120,18.735375,compiled transitive module-import closure plus entry module,Reachability is not practical usability; consumer probes are separate.
NumStability.Source.Higham.Chapter14.Algorithm04,confirmed_source_written_public,9457,47890,19.747338,compiled transitive module-import closure plus entry module,Reachability is not practical usability; consumer probes are separate.
NumStability.Source.Higham.Chapter14.Algorithm04.Accumulation,all_project_environment,12444,77246,16.109572,compiled transitive module-import closure plus entry module,Reachability is not practical usability; consumer probes are separate.
NumStability.Source.Higham.Chapter14.Algorithm04.Accumulation,environment_public,9461,58120,16.27839,compiled transitive module-import closure plus entry module,Reachability is not practical usability; consumer probes are separate.
NumStability.Source.Higham.Chapter14.Algorithm04.Accumulation,confirmed_source_written_public,8293,47890,17.316768,compiled transitive module-import closure plus entry module,Reachability is not practical usability; consumer probes are separate.
NumStability.Source.Higham.Chapter14.Algorithm04.Execution,all_project_environment,13742,77246,17.789918,compiled transitive module-import closure plus entry module,Reachability is not practical usability; consumer probes are separate.
NumStability.Source.Higham.Chapter14.Algorithm04.Execution,environment_public,10448,58120,17.9766,compiled transitive module-import closure plus entry module,Reachability is not practical usability; consumer probes are separate.
NumStability.Source.Higham.Chapter14.Algorithm04.Execution,confirmed_source_written_public,9128,47890,19.060347,compiled transitive module-import closure plus entry module,Reachability is not practical usability; consumer probes are separate.
NumStability.Source.Higham.Chapter14.Algorithm04.Pivoting,all_project_environment,3354,77246,4.341972,compiled transitive module-import closure plus entry module,Reachability is not practical usability; consumer probes are separate.
NumStability.Source.Higham.Chapter14.Algorithm04.Pivoting,environment_public,2679,58120,4.609429,compiled transitive module-import closure plus entry module,Reachability is not practical usability; consumer probes are separate.
NumStability.Source.Higham.Chapter14.Algorithm04.Pivoting,confirmed_source_written_public,2253,47890,4.704531,compiled transitive module-import closure plus entry module,Reachability is not practical usability; consumer probes are separate.
NumStability.Source.Higham.Chapter14.Algorithm04.SecondStage,all_project_environment,12259,77246,15.870077,compiled transitive module-import closure plus entry module,Reachability is not practical usability; consumer probes are separate.
NumStability.Source.Higham.Chapter14.Algorithm04.SecondStage,environment_public,9323,58120,16.04095,compiled transitive module-import closure plus entry module,Reachability is not practical usability; consumer probes are separate.
NumStability.Source.Higham.Chapter14.Algorithm04.SecondStage,confirmed_source_written_public,8189,47890,17.099603,compiled transitive module-import closure plus entry module,Reachability is not practical usability; consumer probes are separate.
NumStability.Source.Higham.Chapter14.Corollary06,all_project_environment,14941,77246,19.342102,compiled transitive module-import closure plus entry module,Reachability is not practical usability; consumer probes are separate.
NumStability.Source.Higham.Chapter14.Corollary06,environment_public,11397,58120,19.609429,compiled transitive module-import closure plus entry module,Reachability is not practical usability; consumer probes are separate.
NumStability.Source.Higham.Chapter14.Corollary06,confirmed_source_written_public,9861,47890,20.590938,compiled transitive module-import closure plus entry module,Reachability is not practical usability; consumer probes are separate.
NumStability.Source.Higham.Chapter14.Corollary06.SPD,all_project_environment,13775,77246,17.832639,compiled transitive module-import closure plus entry module,Reachability is not practical usability; consumer probes are separate.
NumStability.Source.Higham.Chapter14.Corollary06.SPD,environment_public,10526,58120,18.110805,compiled transitive module-import closure plus entry module,Reachability is not practical usability; consumer probes are separate.
NumStability.Source.Higham.Chapter14.Corollary06.SPD,confirmed_source_written_public,9210,47890,19.231572,compiled transitive module-import closure plus entry module,Reachability is not practical usability; consumer probes are separate.
NumStability.Source.Higham.Chapter14.Corollary07,all_project_environment,14773,77246,19.124615,compiled transitive module-import closure plus entry module,Reachability is not practical usability; consumer probes are separate.
NumStability.Source.Higham.Chapter14.Corollary07,environment_public,11220,58120,19.304886,compiled transitive module-import closure plus entry module,Reachability is not practical usability; consumer probes are separate.
NumStability.Source.Higham.Chapter14.Corollary07,confirmed_source_written_public,9718,47890,20.292337,compiled transitive module-import closure plus entry module,Reachability is not practical usability; consumer probes are separate.
NumStability.Source.Higham.Chapter14.Corollary07.DiagonalDominance,all_project_environment,14056,77246,18.196411,compiled transitive module-import closure plus entry module,Reachability is not practical usability; consumer probes are separate.
NumStability.Source.Higham.Chapter14.Corollary07.DiagonalDominance,environment_public,10701,58120,18.411906,compiled transitive module-import closure plus entry module,Reachability is not practical usability; consumer probes are separate.
NumStability.Source.Higham.Chapter14.Corollary07.DiagonalDominance,confirmed_source_written_public,9334,47890,19.490499,compiled transitive module-import closure plus entry module,Reachability is not practical usability; consumer probes are separate.
NumStability.Source.Higham.Chapter14.Equation34,all_project_environment,4868,77246,6.301944,compiled transitive module-import closure plus entry module,Reachability is not practical usability; consumer probes are separate.
NumStability.Source.Higham.Chapter14.Equation34,environment_public,3784,58120,6.510668,compiled transitive module-import closure plus entry module,Reachability is not practical usability; consumer probes are separate.
NumStability.Source.Higham.Chapter14.Equation34,confirmed_source_written_public,3225,47890,6.734183,compiled transitive module-import closure plus entry module,Reachability is not practical usability; consumer probes are separate.
NumStability.Source.Higham.Chapter14.Equation34.DeterminantFromLU,all_project_environment,4868,77246,6.301944,compiled transitive module-import closure plus entry module,Reachability is not practical usability; consumer probes are separate.
NumStability.Source.Higham.Chapter14.Equation34.DeterminantFromLU,environment_public,3784,58120,6.510668,compiled transitive module-import closure plus entry module,Reachability is not practical usability; consumer probes are separate.
NumStability.Source.Higham.Chapter14.Equation34.DeterminantFromLU,confirmed_source_written_public,3225,47890,6.734183,compiled transitive module-import closure plus entry module,Reachability is not practical usability; consumer probes are separate.
NumStability.Source.Higham.Chapter14.Equation35,all_project_environment,4875,77246,6.311006,compiled transitive module-import closure plus entry module,Reachability is not practical usability; consumer probes are separate.
NumStability.Source.Higham.Chapter14.Equation35,environment_public,3790,58120,6.520991,compiled transitive module-import closure plus entry module,Reachability is not practical usability; consumer probes are separate.
NumStability.Source.Higham.Chapter14.Equation35,confirmed_source_written_public,3227,47890,6.738359,compiled transitive module-import closure plus entry module,Reachability is not practical usability; consumer probes are separate.
NumStability.Source.Higham.Chapter14.Equation35.HymanBlockFactorization,all_project_environment,4875,77246,6.311006,compiled transitive module-import closure plus entry module,Reachability is not practical usability; consumer probes are separate.
NumStability.Source.Higham.Chapter14.Equation35.HymanBlockFactorization,environment_public,3790,58120,6.520991,compiled transitive module-import closure plus entry module,Reachability is not practical usability; consumer probes are separate.
NumStability.Source.Higham.Chapter14.Equation35.HymanBlockFactorization,confirmed_source_written_public,3227,47890,6.738359,compiled transitive module-import closure plus entry module,Reachability is not practical usability; consumer probes are separate.
NumStability.Source.Higham.Chapter14.Equation36,all_project_environment,4877,77246,6.313596,compiled transitive module-import closure plus entry module,Reachability is not practical usability; consumer probes are separate.
NumStability.Source.Higham.Chapter14.Equation36,environment_public,3792,58120,6.524432,compiled transitive module-import closure plus entry module,Reachability is not practical usability; consumer probes are separate.
NumStability.Source.Higham.Chapter14.Equation36,confirmed_source_written_public,3229,47890,6.742535,compiled transitive module-import closure plus entry module,Reachability is not practical usability; consumer probes are separate.
NumStability.Source.Higham.Chapter14.Equation36.HymanDeterminant,all_project_environment,4877,77246,6.313596,compiled transitive module-import closure plus entry module,Reachability is not practical usability; consumer probes are separate.
NumStability.Source.Higham.Chapter14.Equation36.HymanDeterminant,environment_public,3792,58120,6.524432,compiled transitive module-import closure plus entry module,Reachability is not practical usability; consumer probes are separate.
NumStability.Source.Higham.Chapter14.Equation36.HymanDeterminant,confirmed_source_written_public,3229,47890,6.742535,compiled transitive module-import closure plus entry module,Reachability is not practical usability; consumer probes are separate.
NumStability.Source.Higham.Chapter14.Problem02,all_project_environment,13497,77246,17.472749,compiled transitive module-import closure plus entry module,Reachability is not practical usability; consumer probes are separate.
NumStability.Source.Higham.Chapter14.Problem02,environment_public,10279,58120,17.685822,compiled transitive module-import closure plus entry module,Reachability is not practical usability; consumer probes are separate.
NumStability.Source.Higham.Chapter14.Problem02,confirmed_source_written_public,8894,47890,18.571727,compiled transitive module-import closure plus entry module,Reachability is not practical usability; consumer probes are separate.
NumStability.Source.Higham.Chapter14.Problem02.TriangularInversion,all_project_environment,12702,77246,16.44357,compiled transitive module-import closure plus entry module,Reachability is not practical usability; consumer probes are separate.
NumStability.Source.Higham.Chapter14.Problem02.TriangularInversion,environment_public,9708,58120,16.703372,compiled transitive module-import closure plus entry module,Reachability is not practical usability; consumer probes are separate.
NumStability.Source.Higham.Chapter14.Problem02.TriangularInversion,confirmed_source_written_public,8444,47890,17.632074,compiled transitive module-import closure plus entry module,Reachability is not practical usability; consumer probes are separate.
NumStability.Source.Higham.Chapter14.Problem03,all_project_environment,4896,77246,6.338192,compiled transitive module-import closure plus entry module,Reachability is not practical usability; consumer probes are separate.
NumStability.Source.Higham.Chapter14.Problem03,environment_public,3791,58120,6.522712,compiled transitive module-import closure plus entry module,Reachability is not practical usability; consumer probes are separate.
NumStability.Source.Higham.Chapter14.Problem03,confirmed_source_written_public,3232,47890,6.748799,compiled transitive module-import closure plus entry module,Reachability is not practical usability; consumer probes are separate.
NumStability.Source.Higham.Chapter14.Problem03.ResidualComparison,all_project_environment,4896,77246,6.338192,compiled transitive module-import closure plus entry module,Reachability is not practical usability; consumer probes are separate.
NumStability.Source.Higham.Chapter14.Problem03.ResidualComparison,environment_public,3791,58120,6.522712,compiled transitive module-import closure plus entry module,Reachability is not practical usability; consumer probes are separate.
NumStability.Source.Higham.Chapter14.Problem03.ResidualComparison,confirmed_source_written_public,3232,47890,6.748799,compiled transitive module-import closure plus entry module,Reachability is not practical usability; consumer probes are separate.
NumStability.Source.Higham.Chapter14.Problem04,all_project_environment,4890,77246,6.330425,compiled transitive module-import closure plus entry module,Reachability is not practical usability; consumer probes are separate.
NumStability.Source.Higham.Chapter14.Problem04,environment_public,3798,58120,6.534756,compiled transitive module-import closure plus entry module,Reachability is not practical usability; consumer probes are separate.
NumStability.Source.Higham.Chapter14.Problem04,confirmed_source_written_public,3237,47890,6.75924,compiled transitive module-import closure plus entry module,Reachability is not practical usability; consumer probes are separate.
NumStability.Source.Higham.Chapter14.Problem04.ResidualCounterexample,all_project_environment,4890,77246,6.330425,compiled transitive module-import closure plus entry module,Reachability is not practical usability; consumer probes are separate.
NumStability.Source.Higham.Chapter14.Problem04.ResidualCounterexample,environment_public,3798,58120,6.534756,compiled transitive module-import closure plus entry module,Reachability is not practical usability; consumer probes are separate.
NumStability.Source.Higham.Chapter14.Problem04.ResidualCounterexample,confirmed_source_written_public,3237,47890,6.75924,compiled transitive module-import closure plus entry module,Reachability is not practical usability; consumer probes are separate.
NumStability.Source.Higham.Chapter14.Problem05,all_project_environment,5048,77246,6.534966,compiled transitive module-import closure plus entry module,Reachability is not practical usability; consumer probes are separate.
NumStability.Source.Higham.Chapter14.Problem05,environment_public,3936,58120,6.772195,compiled transitive module-import closure plus entry module,Reachability is not practical usability; consumer probes are separate.
NumStability.Source.Higham.Chapter14.Problem05,confirmed_source_written_public,3324,47890,6.940906,compiled transitive module-import closure plus entry module,Reachability is not practical usability; consumer probes are separate.
NumStability.Source.Higham.Chapter14.Problem05.InverseBasedSolve,all_project_environment,5048,77246,6.534966,compiled transitive module-import closure plus entry module,Reachability is not practical usability; consumer probes are separate.
NumStability.Source.Higham.Chapter14.Problem05.InverseBasedSolve,environment_public,3936,58120,6.772195,compiled transitive module-import closure plus entry module,Reachability is not practical usability; consumer probes are separate.
NumStability.Source.Higham.Chapter14.Problem05.InverseBasedSolve,confirmed_source_written_public,3324,47890,6.940906,compiled transitive module-import closure plus entry module,Reachability is not practical usability; consumer probes are separate.
NumStability.Source.Higham.Chapter14.Problem07,all_project_environment,4867,77246,6.30065,compiled transitive module-import closure plus entry module,Reachability is not practical usability; consumer probes are separate.
NumStability.Source.Higham.Chapter14.Problem07,environment_public,3781,58120,6.505506,compiled transitive module-import closure plus entry module,Reachability is not practical usability; consumer probes are separate.
NumStability.Source.Higham.Chapter14.Problem07,confirmed_source_written_public,3222,47890,6.727918,compiled transitive module-import closure plus entry module,Reachability is not practical usability; consumer probes are separate.
NumStability.Source.Higham.Chapter14.Problem07.OnesVector,all_project_environment,4867,77246,6.30065,compiled transitive module-import closure plus entry module,Reachability is not practical usability; consumer probes are separate.
NumStability.Source.Higham.Chapter14.Problem07.OnesVector,environment_public,3781,58120,6.505506,compiled transitive module-import closure plus entry module,Reachability is not practical usability; consumer probes are separate.
NumStability.Source.Higham.Chapter14.Problem07.OnesVector,confirmed_source_written_public,3222,47890,6.727918,compiled transitive module-import closure plus entry module,Reachability is not practical usability; consumer probes are separate.
NumStability.Source.Higham.Chapter14.Problem08,all_project_environment,4883,77246,6.321363,compiled transitive module-import closure plus entry module,Reachability is not practical usability; consumer probes are separate.
NumStability.Source.Higham.Chapter14.Problem08,environment_public,3798,58120,6.534756,compiled transitive module-import closure plus entry module,Reachability is not practical usability; consumer probes are separate.
NumStability.Source.Higham.Chapter14.Problem08,confirmed_source_written_public,3236,47890,6.757152,compiled transitive module-import closure plus entry module,Reachability is not practical usability; consumer probes are separate.
NumStability.Source.Higham.Chapter14.Problem08.ComplexInverseRealBlock,all_project_environment,4883,77246,6.321363,compiled transitive module-import closure plus entry module,Reachability is not practical usability; consumer probes are separate.
NumStability.Source.Higham.Chapter14.Problem08.ComplexInverseRealBlock,environment_public,3798,58120,6.534756,compiled transitive module-import closure plus entry module,Reachability is not practical usability; consumer probes are separate.
NumStability.Source.Higham.Chapter14.Problem08.ComplexInverseRealBlock,confirmed_source_written_public,3236,47890,6.757152,compiled transitive module-import closure plus entry module,Reachability is not practical usability; consumer probes are separate.
NumStability.Source.Higham.Chapter14.Problem10,all_project_environment,4867,77246,6.30065,compiled transitive module-import closure plus entry module,Reachability is not practical usability; consumer probes are separate.
NumStability.Source.Higham.Chapter14.Problem10,environment_public,3783,58120,6.508947,compiled transitive module-import closure plus entry module,Reachability is not practical usability; consumer probes are separate.
NumStability.Source.Higham.Chapter14.Problem10,confirmed_source_written_public,3224,47890,6.732094,compiled transitive module-import closure plus entry module,Reachability is not practical usability; consumer probes are separate.
NumStability.Source.Higham.Chapter14.Problem10.EntryPerturbation,all_project_environment,4867,77246,6.30065,compiled transitive module-import closure plus entry module,Reachability is not practical usability; consumer probes are separate.
NumStability.Source.Higham.Chapter14.Problem10.EntryPerturbation,environment_public,3783,58120,6.508947,compiled transitive module-import closure plus entry module,Reachability is not practical usability; consumer probes are separate.
NumStability.Source.Higham.Chapter14.Problem10.EntryPerturbation,confirmed_source_written_public,3224,47890,6.732094,compiled transitive module-import closure plus entry module,Reachability is not practical usability; consumer probes are separate.
NumStability.Source.Higham.Chapter14.Problem11,all_project_environment,4895,77246,6.336898,compiled transitive module-import closure plus entry module,Reachability is not practical usability; consumer probes are separate.
NumStability.Source.Higham.Chapter14.Problem11,environment_public,3811,58120,6.557123,compiled transitive module-import closure plus entry module,Reachability is not practical usability; consumer probes are separate.
NumStability.Source.Higham.Chapter14.Problem11,confirmed_source_written_public,3248,47890,6.782209,compiled transitive module-import closure plus entry module,Reachability is not practical usability; consumer probes are separate.
NumStability.Source.Higham.Chapter14.Problem11.HadamardCondition,all_project_environment,4895,77246,6.336898,compiled transitive module-import closure plus entry module,Reachability is not practical usability; consumer probes are separate.
NumStability.Source.Higham.Chapter14.Problem11.HadamardCondition,environment_public,3811,58120,6.557123,compiled transitive module-import closure plus entry module,Reachability is not practical usability; consumer probes are separate.
NumStability.Source.Higham.Chapter14.Problem11.HadamardCondition,confirmed_source_written_public,3248,47890,6.782209,compiled transitive module-import closure plus entry module,Reachability is not practical usability; consumer probes are separate.
NumStability.Source.Higham.Chapter14.Problem12,all_project_environment,5336,77246,6.907801,compiled transitive module-import closure plus entry module,Reachability is not practical usability; consumer probes are separate.
NumStability.Source.Higham.Chapter14.Problem12,environment_public,4110,58120,7.071576,compiled transitive module-import closure plus entry module,Reachability is not practical usability; consumer probes are separate.
NumStability.Source.Higham.Chapter14.Problem12,confirmed_source_written_public,3510,47890,7.329296,compiled transitive module-import closure plus entry module,Reachability is not practical usability; consumer probes are separate.
NumStability.Source.Higham.Chapter14.Problem12.HadamardExamples,all_project_environment,4906,77246,6.351138,compiled transitive module-import closure plus entry module,Reachability is not practical usability; consumer probes are separate.
NumStability.Source.Higham.Chapter14.Problem12.HadamardExamples,environment_public,3822,58120,6.57605,compiled transitive module-import closure plus entry module,Reachability is not practical usability; consumer probes are separate.
NumStability.Source.Higham.Chapter14.Problem12.HadamardExamples,confirmed_source_written_public,3258,47890,6.80309,compiled transitive module-import closure plus entry module,Reachability is not practical usability; consumer probes are separate.
NumStability.Source.Higham.Chapter14.Problem13,all_project_environment,4953,77246,6.411982,compiled transitive module-import closure plus entry module,Reachability is not practical usability; consumer probes are separate.
NumStability.Source.Higham.Chapter14.Problem13,environment_public,3846,58120,6.617343,compiled transitive module-import closure plus entry module,Reachability is not practical usability; consumer probes are separate.
NumStability.Source.Higham.Chapter14.Problem13,confirmed_source_written_public,3282,47890,6.853205,compiled transitive module-import closure plus entry module,Reachability is not practical usability; consumer probes are separate.
NumStability.Source.Higham.Chapter14.Problem13.GEJBound,all_project_environment,0,77246,0.0,compiled transitive module-import closure plus entry module,Reachability is not practical usability; consumer probes are separate.
NumStability.Source.Higham.Chapter14.Problem13.GEJBound,environment_public,0,58120,0.0,compiled transitive module-import closure plus entry module,Reachability is not practical usability; consumer probes are separate.
NumStability.Source.Higham.Chapter14.Problem13.GEJBound,confirmed_source_written_public,0,47890,0.0,compiled transitive module-import closure plus entry module,Reachability is not practical usability; consumer probes are separate.
NumStability.Source.Higham.Chapter14.Problem14,all_project_environment,4942,77246,6.397742,compiled transitive module-import closure plus entry module,Reachability is not practical usability; consumer probes are separate.
NumStability.Source.Higham.Chapter14.Problem14,environment_public,3827,58120,6.584652,compiled transitive module-import closure plus entry module,Reachability is not practical usability; consumer probes are separate.
NumStability.Source.Higham.Chapter14.Problem14,confirmed_source_written_public,3255,47890,6.796826,compiled transitive module-import closure plus entry module,Reachability is not practical usability; consumer probes are separate.
NumStability.Source.Higham.Chapter14.Problem14.HymanDeterminant,all_project_environment,0,77246,0.0,compiled transitive module-import closure plus entry module,Reachability is not practical usability; consumer probes are separate.
NumStability.Source.Higham.Chapter14.Problem14.HymanDeterminant,environment_public,0,58120,0.0,compiled transitive module-import closure plus entry module,Reachability is not practical usability; consumer probes are separate.
NumStability.Source.Higham.Chapter14.Problem14.HymanDeterminant,confirmed_source_written_public,0,47890,0.0,compiled transitive module-import closure plus entry module,Reachability is not practical usability; consumer probes are separate.
NumStability.Source.Higham.Chapter14.Problem15,all_project_environment,5017,77246,6.494835,compiled transitive module-import closure plus entry module,Reachability is not practical usability; consumer probes are separate.
NumStability.Source.Higham.Chapter14.Problem15,environment_public,3880,58120,6.675843,compiled transitive module-import closure plus entry module,Reachability is not practical usability; consumer probes are separate.
NumStability.Source.Higham.Chapter14.Problem15,confirmed_source_written_public,3316,47890,6.924201,compiled transitive module-import closure plus entry module,Reachability is not practical usability; consumer probes are separate.
NumStability.Source.Higham.Chapter14.Problem15.DeterminantPerturbation,all_project_environment,0,77246,0.0,compiled transitive module-import closure plus entry module,Reachability is not practical usability; consumer probes are separate.
NumStability.Source.Higham.Chapter14.Problem15.DeterminantPerturbation,environment_public,0,58120,0.0,compiled transitive module-import closure plus entry module,Reachability is not practical usability; consumer probes are separate.
NumStability.Source.Higham.Chapter14.Problem15.DeterminantPerturbation,confirmed_source_written_public,0,47890,0.0,compiled transitive module-import closure plus entry module,Reachability is not practical usability; consumer probes are separate.
NumStability.Source.Higham.Chapter14.Section01,all_project_environment,5693,77246,7.369961,compiled transitive module-import closure plus entry module,Reachability is not practical usability; consumer probes are separate.
NumStability.Source.Higham.Chapter14.Section01,environment_public,4416,58120,7.598073,compiled transitive module-import closure plus entry module,Reachability is not practical usability; consumer probes are separate.
NumStability.Source.Higham.Chapter14.Section01,confirmed_source_written_public,3682,47890,7.688453,compiled transitive module-import closure plus entry module,Reachability is not practical usability; consumer probes are separate.
NumStability.Source.Higham.Chapter14.Section01.InverseErrorAnalysis,all_project_environment,5016,77246,6.49354,compiled transitive module-import closure plus entry module,Reachability is not practical usability; consumer probes are separate.
NumStability.Source.Higham.Chapter14.Section01.InverseErrorAnalysis,environment_public,3913,58120,6.732622,compiled transitive module-import closure plus entry module,Reachability is not practical usability; consumer probes are separate.
NumStability.Source.Higham.Chapter14.Section01.InverseErrorAnalysis,confirmed_source_written_public,3301,47890,6.89288,compiled transitive module-import closure plus entry module,Reachability is not practical usability; consumer probes are separate.
NumStability.Source.Higham.Chapter14.Section01.ProductErrorNotation,all_project_environment,5051,77246,6.53885,compiled transitive module-import closure plus entry module,Reachability is not practical usability; consumer probes are separate.
NumStability.Source.Higham.Chapter14.Section01.ProductErrorNotation,environment_public,3930,58120,6.761872,compiled transitive module-import closure plus entry module,Reachability is not practical usability; consumer probes are separate.
NumStability.Source.Higham.Chapter14.Section01.ProductErrorNotation,confirmed_source_written_public,3301,47890,6.89288,compiled transitive module-import closure plus entry module,Reachability is not practical usability; consumer probes are separate.
NumStability.Source.Higham.Chapter14.Section02,all_project_environment,13308,77246,17.228077,compiled transitive module-import closure plus entry module,Reachability is not practical usability; consumer probes are separate.
NumStability.Source.Higham.Chapter14.Section02,environment_public,10106,58120,17.388162,compiled transitive module-import closure plus entry module,Reachability is not practical usability; consumer probes are separate.
NumStability.Source.Higham.Chapter14.Section02,confirmed_source_written_public,8809,47890,18.394237,compiled transitive module-import closure plus entry module,Reachability is not practical usability; consumer probes are separate.
NumStability.Source.Higham.Chapter14.Section02.TriangularInversion,all_project_environment,12936,77246,16.746498,compiled transitive module-import closure plus entry module,Reachability is not practical usability; consumer probes are separate.
NumStability.Source.Higham.Chapter14.Section02.TriangularInversion,environment_public,9865,58120,16.973503,compiled transitive module-import closure plus entry module,Reachability is not practical usability; consumer probes are separate.
NumStability.Source.Higham.Chapter14.Section02.TriangularInversion,confirmed_source_written_public,8592,47890,17.941115,compiled transitive module-import closure plus entry module,Reachability is not practical usability; consumer probes are separate.
NumStability.Source.Higham.Chapter14.Section02.TriangularInversion.Method1,all_project_environment,5129,77246,6.639826,compiled transitive module-import closure plus entry module,Reachability is not practical usability; consumer probes are separate.
NumStability.Source.Higham.Chapter14.Section02.TriangularInversion.Method1,environment_public,3991,58120,6.866827,compiled transitive module-import closure plus entry module,Reachability is not practical usability; consumer probes are separate.
NumStability.Source.Higham.Chapter14.Section02.TriangularInversion.Method1,confirmed_source_written_public,3367,47890,7.030695,compiled transitive module-import closure plus entry module,Reachability is not practical usability; consumer probes are separate.
NumStability.Source.Higham.Chapter14.Section02.TriangularInversion.Method1B,all_project_environment,5022,77246,6.501308,compiled transitive module-import closure plus entry module,Reachability is not practical usability; consumer probes are separate.
NumStability.Source.Higham.Chapter14.Section02.TriangularInversion.Method1B,environment_public,3889,58120,6.691328,compiled transitive module-import closure plus entry module,Reachability is not practical usability; consumer probes are separate.
NumStability.Source.Higham.Chapter14.Section02.TriangularInversion.Method1B,confirmed_source_written_public,3307,47890,6.905408,compiled transitive module-import closure plus entry module,Reachability is not practical usability; consumer probes are separate.
NumStability.Source.Higham.Chapter14.Section02.TriangularInversion.Method2,all_project_environment,12498,77246,16.179479,compiled transitive module-import closure plus entry module,Reachability is not practical usability; consumer probes are separate.
NumStability.Source.Higham.Chapter14.Section02.TriangularInversion.Method2,environment_public,9497,58120,16.34033,compiled transitive module-import closure plus entry module,Reachability is not practical usability; consumer probes are separate.
NumStability.Source.Higham.Chapter14.Section02.TriangularInversion.Method2,confirmed_source_written_public,8352,47890,17.439967,compiled transitive module-import closure plus entry module,Reachability is not practical usability; consumer probes are separate.
NumStability.Source.Higham.Chapter14.Section02.TriangularInversion.Method2B,all_project_environment,12711,77246,16.455221,compiled transitive module-import closure plus entry module,Reachability is not practical usability; consumer probes are separate.
NumStability.Source.Higham.Chapter14.Section02.TriangularInversion.Method2B,environment_public,9675,58120,16.646593,compiled transitive module-import closure plus entry module,Reachability is not practical usability; consumer probes are separate.
NumStability.Source.Higham.Chapter14.Section02.TriangularInversion.Method2B,confirmed_source_written_public,8468,47890,17.682188,compiled transitive module-import closure plus entry module,Reachability is not practical usability; consumer probes are separate.
NumStability.Source.Higham.Chapter14.Section02.TriangularInversion.Method2C,all_project_environment,12565,77246,16.266214,compiled transitive module-import closure plus entry module,Reachability is not practical usability; consumer probes are separate.
NumStability.Source.Higham.Chapter14.Section02.TriangularInversion.Method2C,environment_public,9544,58120,16.421198,compiled transitive module-import closure plus entry module,Reachability is not practical usability; consumer probes are separate.
NumStability.Source.Higham.Chapter14.Section02.TriangularInversion.Method2C,confirmed_source_written_public,8389,47890,17.517227,compiled transitive module-import closure plus entry module,Reachability is not practical usability; consumer probes are separate.
NumStability.Source.Higham.Chapter14.Section03,all_project_environment,12730,77246,16.479818,compiled transitive module-import closure plus entry module,Reachability is not practical usability; consumer probes are separate.
NumStability.Source.Higham.Chapter14.Section03,environment_public,9659,58120,16.619064,compiled transitive module-import closure plus entry module,Reachability is not practical usability; consumer probes are separate.
NumStability.Source.Higham.Chapter14.Section03,confirmed_source_written_public,8485,47890,17.717686,compiled transitive module-import closure plus entry module,Reachability is not practical usability; consumer probes are separate.
NumStability.Source.Higham.Chapter14.Section03.LUFactorInversion,all_project_environment,12707,77246,16.450043,compiled transitive module-import closure plus entry module,Reachability is not practical usability; consumer probes are separate.
NumStability.Source.Higham.Chapter14.Section03.LUFactorInversion,environment_public,9636,58120,16.579491,compiled transitive module-import closure plus entry module,Reachability is not practical usability; consumer probes are separate.
NumStability.Source.Higham.Chapter14.Section03.LUFactorInversion,confirmed_source_written_public,8464,47890,17.673836,compiled transitive module-import closure plus entry module,Reachability is not practical usability; consumer probes are separate.
NumStability.Source.Higham.Chapter14.Section03.LUFactorInversion.MethodB,all_project_environment,12589,77246,16.297284,compiled transitive module-import closure plus entry module,Reachability is not practical usability; consumer probes are separate.
NumStability.Source.Higham.Chapter14.Section03.LUFactorInversion.MethodB,environment_public,9563,58120,16.453889,compiled transitive module-import closure plus entry module,Reachability is not practical usability; consumer probes are separate.
NumStability.Source.Higham.Chapter14.Section03.LUFactorInversion.MethodB,confirmed_source_written_public,8411,47890,17.563166,compiled transitive module-import closure plus entry module,Reachability is not practical usability; consumer probes are separate.
NumStability.Source.Higham.Chapter14.Section03.LUFactorInversion.MethodC,all_project_environment,12484,77246,16.161355,compiled transitive module-import closure plus entry module,Reachability is not practical usability; consumer probes are separate.
NumStability.Source.Higham.Chapter14.Section03.LUFactorInversion.MethodC,environment_public,9484,58120,16.317963,compiled transitive module-import closure plus entry module,Reachability is not practical usability; consumer probes are separate.
NumStability.Source.Higham.Chapter14.Section03.LUFactorInversion.MethodC,confirmed_source_written_public,8334,47890,17.40238,compiled transitive module-import closure plus entry module,Reachability is not practical usability; consumer probes are separate.
NumStability.Source.Higham.Chapter14.Section03.LUFactorInversion.MethodD,all_project_environment,12586,77246,16.2934,compiled transitive module-import closure plus entry module,Reachability is not practical usability; consumer probes are separate.
NumStability.Source.Higham.Chapter14.Section03.LUFactorInversion.MethodD,environment_public,9560,58120,16.448727,compiled transitive module-import closure plus entry module,Reachability is not practical usability; consumer probes are separate.
NumStability.Source.Higham.Chapter14.Section03.LUFactorInversion.MethodD,confirmed_source_written_public,8409,47890,17.558989,compiled transitive module-import closure plus entry module,Reachability is not practical usability; consumer probes are separate.
NumStability.Source.Higham.Chapter14.Section03.ResidualOperatorTwoNorm,all_project_environment,12065,77246,15.618932,compiled transitive module-import closure plus entry module,Reachability is not practical usability; consumer probes are separate.
NumStability.Source.Higham.Chapter14.Section03.ResidualOperatorTwoNorm,environment_public,9181,58120,15.796628,compiled transitive module-import closure plus entry module,Reachability is not practical usability; consumer probes are separate.
NumStability.Source.Higham.Chapter14.Section03.ResidualOperatorTwoNorm,confirmed_source_written_public,8060,47890,16.830236,compiled transitive module-import closure plus entry module,Reachability is not practical usability; consumer probes are separate.
NumStability.Source.Higham.Chapter14.Section05,all_project_environment,6908,77246,8.942858,compiled transitive module-import closure plus entry module,Reachability is not practical usability; consumer probes are separate.
NumStability.Source.Higham.Chapter14.Section05,environment_public,5383,58120,9.261872,compiled transitive module-import closure plus entry module,Reachability is not practical usability; consumer probes are separate.
NumStability.Source.Higham.Chapter14.Section05,confirmed_source_written_public,4381,47890,9.148048,compiled transitive module-import closure plus entry module,Reachability is not practical usability; consumer probes are separate.
NumStability.Source.Higham.Chapter14.Theorem05,all_project_environment,14425,77246,18.674106,compiled transitive module-import closure plus entry module,Reachability is not practical usability; consumer probes are separate.
NumStability.Source.Higham.Chapter14.Theorem05,environment_public,10979,58120,18.890227,compiled transitive module-import closure plus entry module,Reachability is not practical usability; consumer probes are separate.
NumStability.Source.Higham.Chapter14.Theorem05,confirmed_source_written_public,9512,47890,19.862184,compiled transitive module-import closure plus entry module,Reachability is not practical usability; consumer probes are separate.
NumStability.Source.Higham.Chapter14.Theorem05.ForwardError,all_project_environment,13824,77246,17.896072,compiled transitive module-import closure plus entry module,Reachability is not practical usability; consumer probes are separate.
NumStability.Source.Higham.Chapter14.Theorem05.ForwardError,environment_public,10533,58120,18.122849,compiled transitive module-import closure plus entry module,Reachability is not practical usability; consumer probes are separate.
NumStability.Source.Higham.Chapter14.Theorem05.ForwardError,confirmed_source_written_public,9183,47890,19.175193,compiled transitive module-import closure plus entry module,Reachability is not practical usability; consumer probes are separate.
NumStability.Source.Higham.Chapter15,all_project_environment,7312,77246,9.465862,compiled transitive module-import closure plus entry module,Reachability is not practical usability; consumer probes are separate.
NumStability.Source.Higham.Chapter15,environment_public,5102,58120,8.77839,compiled transitive module-import closure plus entry module,Reachability is not practical usability; consumer probes are separate.
NumStability.Source.Higham.Chapter15,confirmed_source_written_public,4207,47890,8.784715,compiled transitive module-import closure plus entry module,Reachability is not practical usability; consumer probes are separate.
NumStability.Source.Higham.Chapter16,all_project_environment,19903,77246,25.765735,compiled transitive module-import closure plus entry module,Reachability is not practical usability; consumer probes are separate.
NumStability.Source.Higham.Chapter16,environment_public,15502,58120,26.672402,compiled transitive module-import closure plus entry module,Reachability is not practical usability; consumer probes are separate.
NumStability.Source.Higham.Chapter16,confirmed_source_written_public,13706,47890,28.619754,compiled transitive module-import closure plus entry module,Reachability is not practical usability; consumer probes are separate.
NumStability.Source.Higham.Chapter16.Problem02,all_project_environment,11,77246,0.01424,compiled transitive module-import closure plus entry module,Reachability is not practical usability; consumer probes are separate.
NumStability.Source.Higham.Chapter16.Problem02,environment_public,9,58120,0.015485,compiled transitive module-import closure plus entry module,Reachability is not practical usability; consumer probes are separate.
NumStability.Source.Higham.Chapter16.Problem02,confirmed_source_written_public,8,47890,0.016705,compiled transitive module-import closure plus entry module,Reachability is not practical usability; consumer probes are separate.
NumStability.Source.Higham.Chapter16.Problem02.LyapunovIntegral,all_project_environment,11,77246,0.01424,compiled transitive module-import closure plus entry module,Reachability is not practical usability; consumer probes are separate.
NumStability.Source.Higham.Chapter16.Problem02.LyapunovIntegral,environment_public,9,58120,0.015485,compiled transitive module-import closure plus entry module,Reachability is not practical usability; consumer probes are separate.
NumStability.Source.Higham.Chapter16.Problem02.LyapunovIntegral,confirmed_source_written_public,8,47890,0.016705,compiled transitive module-import closure plus entry module,Reachability is not practical usability; consumer probes are separate.
NumStability.Source.Higham.Chapter16.Section01,all_project_environment,2530,77246,3.27525,compiled transitive module-import closure plus entry module,Reachability is not practical usability; consumer probes are separate.
NumStability.Source.Higham.Chapter16.Section01,environment_public,2237,58120,3.848933,compiled transitive module-import closure plus entry module,Reachability is not practical usability; consumer probes are separate.
NumStability.Source.Higham.Chapter16.Section01,confirmed_source_written_public,2159,47890,4.508248,compiled transitive module-import closure plus entry module,Reachability is not practical usability; consumer probes are separate.
NumStability.Source.Higham.Chapter16.Section01.SylvesterEquation,all_project_environment,2530,77246,3.27525,compiled transitive module-import closure plus entry module,Reachability is not practical usability; consumer probes are separate.
NumStability.Source.Higham.Chapter16.Section01.SylvesterEquation,environment_public,2237,58120,3.848933,compiled transitive module-import closure plus entry module,Reachability is not practical usability; consumer probes are separate.
NumStability.Source.Higham.Chapter16.Section01.SylvesterEquation,confirmed_source_written_public,2159,47890,4.508248,compiled transitive module-import closure plus entry module,Reachability is not practical usability; consumer probes are separate.
NumStability.Source.Higham.Chapter16.Section01.SylvesterEquation.ComplexSolvability,all_project_environment,2524,77246,3.267483,compiled transitive module-import closure plus entry module,Reachability is not practical usability; consumer probes are separate.
NumStability.Source.Higham.Chapter16.Section01.SylvesterEquation.ComplexSolvability,environment_public,2232,58120,3.84033,compiled transitive module-import closure plus entry module,Reachability is not practical usability; consumer probes are separate.
NumStability.Source.Higham.Chapter16.Section01.SylvesterEquation.ComplexSolvability,confirmed_source_written_public,2156,47890,4.501984,compiled transitive module-import closure plus entry module,Reachability is not practical usability; consumer probes are separate.
NumStability.Source.Higham.Chapter16.Section01.SylvesterEquation.VectorizationNotes,all_project_environment,854,77246,1.105559,compiled transitive module-import closure plus entry module,Reachability is not practical usability; consumer probes are separate.
NumStability.Source.Higham.Chapter16.Section01.SylvesterEquation.VectorizationNotes,environment_public,742,58120,1.276669,compiled transitive module-import closure plus entry module,Reachability is not practical usability; consumer probes are separate.
NumStability.Source.Higham.Chapter16.Section01.SylvesterEquation.VectorizationNotes,confirmed_source_written_public,684,47890,1.428273,compiled transitive module-import closure plus entry module,Reachability is not practical usability; consumer probes are separate.
NumStability.Source.Higham.Chapter16.Section02,all_project_environment,18567,77246,24.036196,compiled transitive module-import closure plus entry module,Reachability is not practical usability; consumer probes are separate.
NumStability.Source.Higham.Chapter16.Section02,environment_public,14353,58120,24.695458,compiled transitive module-import closure plus entry module,Reachability is not practical usability; consumer probes are separate.
NumStability.Source.Higham.Chapter16.Section02,confirmed_source_written_public,12567,47890,26.241387,compiled transitive module-import closure plus entry module,Reachability is not practical usability; consumer probes are separate.
NumStability.Source.Higham.Chapter16.Section02.BartelsStewart,all_project_environment,18412,77246,23.835538,compiled transitive module-import closure plus entry module,Reachability is not practical usability; consumer probes are separate.
NumStability.Source.Higham.Chapter16.Section02.BartelsStewart,environment_public,14203,58120,24.437371,compiled transitive module-import closure plus entry module,Reachability is not practical usability; consumer probes are separate.
NumStability.Source.Higham.Chapter16.Section02.BartelsStewart,confirmed_source_written_public,12421,47890,25.936521,compiled transitive module-import closure plus entry module,Reachability is not practical usability; consumer probes are separate.
NumStability.Source.Higham.Chapter16.Section02.BartelsStewart.Equation09,all_project_environment,8607,77246,11.142325,compiled transitive module-import closure plus entry module,Reachability is not practical usability; consumer probes are separate.
NumStability.Source.Higham.Chapter16.Section02.BartelsStewart.Equation09,environment_public,6946,58120,11.951136,compiled transitive module-import closure plus entry module,Reachability is not practical usability; consumer probes are separate.
NumStability.Source.Higham.Chapter16.Section02.BartelsStewart.Equation09,confirmed_source_written_public,5951,47890,12.426394,compiled transitive module-import closure plus entry module,Reachability is not practical usability; consumer probes are separate.
NumStability.Source.Higham.Chapter16.Section02.BartelsStewart.Equations04To08,all_project_environment,18404,77246,23.825182,compiled transitive module-import closure plus entry module,Reachability is not practical usability; consumer probes are separate.
NumStability.Source.Higham.Chapter16.Section02.BartelsStewart.Equations04To08,environment_public,14195,58120,24.423606,compiled transitive module-import closure plus entry module,Reachability is not practical usability; consumer probes are separate.
NumStability.Source.Higham.Chapter16.Section02.BartelsStewart.Equations04To08,confirmed_source_written_public,12413,47890,25.919816,compiled transitive module-import closure plus entry module,Reachability is not practical usability; consumer probes are separate.
NumStability.Source.Higham.Chapter16.Section02.SylvesterAndLyapunovBackwardError,all_project_environment,4334,77246,5.610647,compiled transitive module-import closure plus entry module,Reachability is not practical usability; consumer probes are separate.
NumStability.Source.Higham.Chapter16.Section02.SylvesterAndLyapunovBackwardError,environment_public,3527,58120,6.068479,compiled transitive module-import closure plus entry module,Reachability is not practical usability; consumer probes are separate.
NumStability.Source.Higham.Chapter16.Section02.SylvesterAndLyapunovBackwardError,confirmed_source_written_public,3125,47890,6.525371,compiled transitive module-import closure plus entry module,Reachability is not practical usability; consumer probes are separate.
NumStability.Source.Higham.Chapter16.Section02.SylvesterAndLyapunovBackwardError.AttainedMinima,all_project_environment,4258,77246,5.51226,compiled transitive module-import closure plus entry module,Reachability is not practical usability; consumer probes are separate.
NumStability.Source.Higham.Chapter16.Section02.SylvesterAndLyapunovBackwardError.AttainedMinima,environment_public,3451,58120,5.937715,compiled transitive module-import closure plus entry module,Reachability is not practical usability; consumer probes are separate.
NumStability.Source.Higham.Chapter16.Section02.SylvesterAndLyapunovBackwardError.AttainedMinima,confirmed_source_written_public,3049,47890,6.366674,compiled transitive module-import closure plus entry module,Reachability is not practical usability; consumer probes are separate.
NumStability.Source.Higham.Chapter16.Section03,all_project_environment,3644,77246,4.717396,compiled transitive module-import closure plus entry module,Reachability is not practical usability; consumer probes are separate.
NumStability.Source.Higham.Chapter16.Section03,environment_public,3111,58120,5.352719,compiled transitive module-import closure plus entry module,Reachability is not practical usability; consumer probes are separate.
NumStability.Source.Higham.Chapter16.Section03,confirmed_source_written_public,3011,47890,6.287325,compiled transitive module-import closure plus entry module,Reachability is not practical usability; consumer probes are separate.
NumStability.Source.Higham.Chapter16.Section03.PerturbationAndConditioning,all_project_environment,2364,77246,3.060353,compiled transitive module-import closure plus entry module,Reachability is not practical usability; consumer probes are separate.
NumStability.Source.Higham.Chapter16.Section03.PerturbationAndConditioning,environment_public,2083,58120,3.583964,compiled transitive module-import closure plus entry module,Reachability is not practical usability; consumer probes are separate.
NumStability.Source.Higham.Chapter16.Section03.PerturbationAndConditioning,confirmed_source_written_public,2013,47890,4.203383,compiled transitive module-import closure plus entry module,Reachability is not practical usability; consumer probes are separate.
NumStability.Source.Higham.Chapter16.Section03.PerturbationAndConditioning.AttainedSeparation,all_project_environment,934,77246,1.209124,compiled transitive module-import closure plus entry module,Reachability is not practical usability; consumer probes are separate.
NumStability.Source.Higham.Chapter16.Section03.PerturbationAndConditioning.AttainedSeparation,environment_public,806,58120,1.386786,compiled transitive module-import closure plus entry module,Reachability is not practical usability; consumer probes are separate.
NumStability.Source.Higham.Chapter16.Section03.PerturbationAndConditioning.AttainedSeparation,confirmed_source_written_public,747,47890,1.559825,compiled transitive module-import closure plus entry module,Reachability is not practical usability; consumer probes are separate.
NumStability.Source.Higham.Chapter16.Section03.PerturbationAndConditioning.AutomaticBounds,all_project_environment,0,77246,0.0,compiled transitive module-import closure plus entry module,Reachability is not practical usability; consumer probes are separate.
NumStability.Source.Higham.Chapter16.Section03.PerturbationAndConditioning.AutomaticBounds,environment_public,0,58120,0.0,compiled transitive module-import closure plus entry module,Reachability is not practical usability; consumer probes are separate.
NumStability.Source.Higham.Chapter16.Section03.PerturbationAndConditioning.AutomaticBounds,confirmed_source_written_public,0,47890,0.0,compiled transitive module-import closure plus entry module,Reachability is not practical usability; consumer probes are separate.
NumStability.Source.Higham.Chapter16.Section03.PerturbationAndConditioning.SigmaMinCorollaries,all_project_environment,2343,77246,3.033167,compiled transitive module-import closure plus entry module,Reachability is not practical usability; consumer probes are separate.
NumStability.Source.Higham.Chapter16.Section03.PerturbationAndConditioning.SigmaMinCorollaries,environment_public,2065,58120,3.552994,compiled transitive module-import closure plus entry module,Reachability is not practical usability; consumer probes are separate.
NumStability.Source.Higham.Chapter16.Section03.PerturbationAndConditioning.SigmaMinCorollaries,confirmed_source_written_public,1995,47890,4.165797,compiled transitive module-import closure plus entry module,Reachability is not practical usability; consumer probes are separate.
NumStability.Source.Higham.Chapter16.Section04,all_project_environment,6238,77246,8.075499,compiled transitive module-import closure plus entry module,Reachability is not practical usability; consumer probes are separate.
NumStability.Source.Higham.Chapter16.Section04,environment_public,4957,58120,8.528906,compiled transitive module-import closure plus entry module,Reachability is not practical usability; consumer probes are separate.
NumStability.Source.Higham.Chapter16.Section04,confirmed_source_written_public,4458,47890,9.308833,compiled transitive module-import closure plus entry module,Reachability is not practical usability; consumer probes are separate.
NumStability.Source.Higham.Chapter16.Section04.PracticalErrorBounds,all_project_environment,6238,77246,8.075499,compiled transitive module-import closure plus entry module,Reachability is not practical usability; consumer probes are separate.
NumStability.Source.Higham.Chapter16.Section04.PracticalErrorBounds,environment_public,4957,58120,8.528906,compiled transitive module-import closure plus entry module,Reachability is not practical usability; consumer probes are separate.
NumStability.Source.Higham.Chapter16.Section04.PracticalErrorBounds,confirmed_source_written_public,4458,47890,9.308833,compiled transitive module-import closure plus entry module,Reachability is not practical usability; consumer probes are separate.
NumStability.Source.Higham.Chapter16.Section04.PracticalErrorBounds.Equation29Extensions,all_project_environment,5631,77246,7.289698,compiled transitive module-import closure plus entry module,Reachability is not practical usability; consumer probes are separate.
NumStability.Source.Higham.Chapter16.Section04.PracticalErrorBounds.Equation29Extensions,environment_public,4636,58120,7.9766,compiled transitive module-import closure plus entry module,Reachability is not practical usability; consumer probes are separate.
NumStability.Source.Higham.Chapter16.Section04.PracticalErrorBounds.Equation29Extensions,confirmed_source_written_public,4204,47890,8.778451,compiled transitive module-import closure plus entry module,Reachability is not practical usability; consumer probes are separate.
NumStability.Source.Higham.Chapter16.Section04.PracticalErrorBounds.NormEstimator,all_project_environment,3929,77246,5.086348,compiled transitive module-import closure plus entry module,Reachability is not practical usability; consumer probes are separate.
NumStability.Source.Higham.Chapter16.Section04.PracticalErrorBounds.NormEstimator,environment_public,3005,58120,5.170337,compiled transitive module-import closure plus entry module,Reachability is not practical usability; consumer probes are separate.
NumStability.Source.Higham.Chapter16.Section04.PracticalErrorBounds.NormEstimator,confirmed_source_written_public,2550,47890,5.324702,compiled transitive module-import closure plus entry module,Reachability is not practical usability; consumer probes are separate.
NumStability.Source.Higham.Chapter16.Section05,all_project_environment,844,77246,1.092613,compiled transitive module-import closure plus entry module,Reachability is not practical usability; consumer probes are separate.
NumStability.Source.Higham.Chapter16.Section05,environment_public,733,58120,1.261184,compiled transitive module-import closure plus entry module,Reachability is not practical usability; consumer probes are separate.
NumStability.Source.Higham.Chapter16.Section05,confirmed_source_written_public,680,47890,1.419921,compiled transitive module-import closure plus entry module,Reachability is not practical usability; consumer probes are separate.
NumStability.Source.Higham.Chapter17,all_project_environment,5868,77246,7.59651,compiled transitive module-import closure plus entry module,Reachability is not practical usability; consumer probes are separate.
NumStability.Source.Higham.Chapter17,environment_public,4519,58120,7.775292,compiled transitive module-import closure plus entry module,Reachability is not practical usability; consumer probes are separate.
NumStability.Source.Higham.Chapter17,confirmed_source_written_public,3873,47890,8.087283,compiled transitive module-import closure plus entry module,Reachability is not practical usability; consumer probes are separate.
NumStability.Source.Higham.Chapter17.Results.Series,all_project_environment,5412,77246,7.006188,compiled transitive module-import closure plus entry module,Reachability is not practical usability; consumer probes are separate.
NumStability.Source.Higham.Chapter17.Results.Series,environment_public,4194,58120,7.216105,compiled transitive module-import closure plus entry module,Reachability is not practical usability; consumer probes are separate.
NumStability.Source.Higham.Chapter17.Results.Series,confirmed_source_written_public,3576,47890,7.467112,compiled transitive module-import closure plus entry module,Reachability is not practical usability; consumer probes are separate.
NumStability.Source.Higham.Chapter18,all_project_environment,5623,77246,7.279341,compiled transitive module-import closure plus entry module,Reachability is not practical usability; consumer probes are separate.
NumStability.Source.Higham.Chapter18,environment_public,4271,58120,7.348589,compiled transitive module-import closure plus entry module,Reachability is not practical usability; consumer probes are separate.
NumStability.Source.Higham.Chapter18,confirmed_source_written_public,3680,47890,7.684276,compiled transitive module-import closure plus entry module,Reachability is not practical usability; consumer probes are separate.
NumStability.Source.Higham.Chapter18.Section01,all_project_environment,5591,77246,7.237915,compiled transitive module-import closure plus entry module,Reachability is not practical usability; consumer probes are separate.
NumStability.Source.Higham.Chapter18.Section01,environment_public,4246,58120,7.305575,compiled transitive module-import closure plus entry module,Reachability is not practical usability; consumer probes are separate.
NumStability.Source.Higham.Chapter18.Section01,confirmed_source_written_public,3656,47890,7.634162,compiled transitive module-import closure plus entry module,Reachability is not practical usability; consumer probes are separate.
NumStability.Source.Higham.Chapter18.Section01.MatrixPowerBounds,all_project_environment,5591,77246,7.237915,compiled transitive module-import closure plus entry module,Reachability is not practical usability; consumer probes are separate.
NumStability.Source.Higham.Chapter18.Section01.MatrixPowerBounds,environment_public,4246,58120,7.305575,compiled transitive module-import closure plus entry module,Reachability is not practical usability; consumer probes are separate.
NumStability.Source.Higham.Chapter18.Section01.MatrixPowerBounds,confirmed_source_written_public,3656,47890,7.634162,compiled transitive module-import closure plus entry module,Reachability is not practical usability; consumer probes are separate.
NumStability.Source.Higham.Chapter18.Section01.MatrixPowerBounds.Equations04And05,all_project_environment,4281,77246,5.542035,compiled transitive module-import closure plus entry module,Reachability is not practical usability; consumer probes are separate.
NumStability.Source.Higham.Chapter18.Section01.MatrixPowerBounds.Equations04And05,environment_public,3261,58120,5.610805,compiled transitive module-import closure plus entry module,Reachability is not practical usability; consumer probes are separate.
NumStability.Source.Higham.Chapter18.Section01.MatrixPowerBounds.Equations04And05,confirmed_source_written_public,2762,47890,5.767384,compiled transitive module-import closure plus entry module,Reachability is not practical usability; consumer probes are separate.
NumStability.Source.Higham.Chapter18.Section01.MatrixPowerBounds.NamedBounds,all_project_environment,5586,77246,7.231442,compiled transitive module-import closure plus entry module,Reachability is not practical usability; consumer probes are separate.
NumStability.Source.Higham.Chapter18.Section01.MatrixPowerBounds.NamedBounds,environment_public,4242,58120,7.298692,compiled transitive module-import closure plus entry module,Reachability is not practical usability; consumer probes are separate.
NumStability.Source.Higham.Chapter18.Section01.MatrixPowerBounds.NamedBounds,confirmed_source_written_public,3652,47890,7.625809,compiled transitive module-import closure plus entry module,Reachability is not practical usability; consumer probes are separate.
NumStability.Source.Higham.Chapter18.Section01.MatrixPowerBounds.NamedBounds.SpijkerKreissUnconditional,all_project_environment,5353,77246,6.929809,compiled transitive module-import closure plus entry module,Reachability is not practical usability; consumer probes are separate.
NumStability.Source.Higham.Chapter18.Section01.MatrixPowerBounds.NamedBounds.SpijkerKreissUnconditional,environment_public,4071,58120,7.004474,compiled transitive module-import closure plus entry module,Reachability is not practical usability; consumer probes are separate.
NumStability.Source.Higham.Chapter18.Section01.MatrixPowerBounds.NamedBounds.SpijkerKreissUnconditional,confirmed_source_written_public,3487,47890,7.28127,compiled transitive module-import closure plus entry module,Reachability is not practical usability; consumer probes are separate.
NumStability.Source.Higham.Chapter18.Section02,all_project_environment,4453,77246,5.7647,compiled transitive module-import closure plus entry module,Reachability is not practical usability; consumer probes are separate.
NumStability.Source.Higham.Chapter18.Section02,environment_public,3451,58120,5.937715,compiled transitive module-import closure plus entry module,Reachability is not practical usability; consumer probes are separate.
NumStability.Source.Higham.Chapter18.Section02,confirmed_source_written_public,2918,47890,6.09313,compiled transitive module-import closure plus entry module,Reachability is not practical usability; consumer probes are separate.
NumStability.Source.Higham.Chapter18.Section02.FinitePrecisionPowers,all_project_environment,4453,77246,5.7647,compiled transitive module-import closure plus entry module,Reachability is not practical usability; consumer probes are separate.
NumStability.Source.Higham.Chapter18.Section02.FinitePrecisionPowers,environment_public,3451,58120,5.937715,compiled transitive module-import closure plus entry module,Reachability is not practical usability; consumer probes are separate.
NumStability.Source.Higham.Chapter18.Section02.FinitePrecisionPowers,confirmed_source_written_public,2918,47890,6.09313,compiled transitive module-import closure plus entry module,Reachability is not practical usability; consumer probes are separate.
NumStability.Source.Higham.Chapter18.Section02.FinitePrecisionPowers.Equations08To14,all_project_environment,4049,77246,5.241695,compiled transitive module-import closure plus entry module,Reachability is not practical usability; consumer probes are separate.
NumStability.Source.Higham.Chapter18.Section02.FinitePrecisionPowers.Equations08To14,environment_public,3285,58120,5.652099,compiled transitive module-import closure plus entry module,Reachability is not practical usability; consumer probes are separate.
NumStability.Source.Higham.Chapter18.Section02.FinitePrecisionPowers.Equations08To14,confirmed_source_written_public,2788,47890,5.821675,compiled transitive module-import closure plus entry module,Reachability is not practical usability; consumer probes are separate.
NumStability.Source.Higham.Chapter18.Section02.FinitePrecisionPowers.Theorems01And02,all_project_environment,4147,77246,5.368563,compiled transitive module-import closure plus entry module,Reachability is not practical usability; consumer probes are separate.
NumStability.Source.Higham.Chapter18.Section02.FinitePrecisionPowers.Theorems01And02,environment_public,3194,58120,5.495526,compiled transitive module-import closure plus entry module,Reachability is not practical usability; consumer probes are separate.
NumStability.Source.Higham.Chapter18.Section02.FinitePrecisionPowers.Theorems01And02,confirmed_source_written_public,2689,47890,5.614951,compiled transitive module-import closure plus entry module,Reachability is not practical usability; consumer probes are separate.
NumStability.Source.Higham.Chapter19,all_project_environment,16021,77246,20.740233,compiled transitive module-import closure plus entry module,Reachability is not practical usability; consumer probes are separate.
NumStability.Source.Higham.Chapter19,environment_public,12615,58120,21.705093,compiled transitive module-import closure plus entry module,Reachability is not practical usability; consumer probes are separate.
NumStability.Source.Higham.Chapter19,confirmed_source_written_public,10507,47890,21.939862,compiled transitive module-import closure plus entry module,Reachability is not practical usability; consumer probes are separate.
NumStability.Source.Higham.Chapter19.Sensitivity,all_project_environment,5300,77246,6.861197,compiled transitive module-import closure plus entry module,Reachability is not practical usability; consumer probes are separate.
NumStability.Source.Higham.Chapter19.Sensitivity,environment_public,4124,58120,7.095664,compiled transitive module-import closure plus entry module,Reachability is not practical usability; consumer probes are separate.
NumStability.Source.Higham.Chapter19.Sensitivity,confirmed_source_written_public,3337,47890,6.968052,compiled transitive module-import closure plus entry module,Reachability is not practical usability; consumer probes are separate.
NumStability.Source.Higham.Chapter19.StoredLoop,all_project_environment,3859,77246,4.995728,compiled transitive module-import closure plus entry module,Reachability is not practical usability; consumer probes are separate.
NumStability.Source.Higham.Chapter19.StoredLoop,environment_public,3074,58120,5.289057,compiled transitive module-import closure plus entry module,Reachability is not practical usability; consumer probes are separate.
NumStability.Source.Higham.Chapter19.StoredLoop,confirmed_source_written_public,2594,47890,5.41658,compiled transitive module-import closure plus entry module,Reachability is not practical usability; consumer probes are separate.
NumStability.Source.Higham.Chapter20,all_project_environment,19127,77246,24.761153,compiled transitive module-import closure plus entry module,Reachability is not practical usability; consumer probes are separate.
NumStability.Source.Higham.Chapter20,environment_public,14957,58120,25.734687,compiled transitive module-import closure plus entry module,Reachability is not practical usability; consumer probes are separate.
NumStability.Source.Higham.Chapter20,confirmed_source_written_public,12413,47890,25.919816,compiled transitive module-import closure plus entry module,Reachability is not practical usability; consumer probes are separate.
NumStability.Source.Higham.Chapter20.Equations,all_project_environment,14770,77246,19.120731,compiled transitive module-import closure plus entry module,Reachability is not practical usability; consumer probes are separate.
NumStability.Source.Higham.Chapter20.Equations,environment_public,11877,58120,20.435306,compiled transitive module-import closure plus entry module,Reachability is not practical usability; consumer probes are separate.
NumStability.Source.Higham.Chapter20.Equations,confirmed_source_written_public,10070,47890,21.027354,compiled transitive module-import closure plus entry module,Reachability is not practical usability; consumer probes are separate.
NumStability.Source.Higham.Chapter20.Lemma11,all_project_environment,6384,77246,8.264506,compiled transitive module-import closure plus entry module,Reachability is not practical usability; consumer probes are separate.
NumStability.Source.Higham.Chapter20.Lemma11,environment_public,4966,58120,8.544391,compiled transitive module-import closure plus entry module,Reachability is not practical usability; consumer probes are separate.
NumStability.Source.Higham.Chapter20.Lemma11,confirmed_source_written_public,4284,47890,8.9455,compiled transitive module-import closure plus entry module,Reachability is not practical usability; consumer probes are separate.
NumStability.Source.Higham.Chapter20.Prose,all_project_environment,10601,77246,13.723688,compiled transitive module-import closure plus entry module,Reachability is not practical usability; consumer probes are separate.
NumStability.Source.Higham.Chapter20.Prose,environment_public,8244,58120,14.184446,compiled transitive module-import closure plus entry module,Reachability is not practical usability; consumer probes are separate.
NumStability.Source.Higham.Chapter20.Prose,confirmed_source_written_public,6936,47890,14.483191,compiled transitive module-import closure plus entry module,Reachability is not practical usability; consumer probes are separate.
NumStability.Source.Higham.Chapter20.Theorem03,all_project_environment,12617,77246,16.333532,compiled transitive module-import closure plus entry module,Reachability is not practical usability; consumer probes are separate.
NumStability.Source.Higham.Chapter20.Theorem03,environment_public,10021,58120,17.241913,compiled transitive module-import closure plus entry module,Reachability is not practical usability; consumer probes are separate.
NumStability.Source.Higham.Chapter20.Theorem03,confirmed_source_written_public,8481,47890,17.709334,compiled transitive module-import closure plus entry module,Reachability is not practical usability; consumer probes are separate.
NumStability.Source.Higham.Chapter20.Theorem04,all_project_environment,14860,77246,19.237242,compiled transitive module-import closure plus entry module,Reachability is not practical usability; consumer probes are separate.
NumStability.Source.Higham.Chapter20.Theorem04,environment_public,11949,58120,20.559188,compiled transitive module-import closure plus entry module,Reachability is not practical usability; consumer probes are separate.
NumStability.Source.Higham.Chapter20.Theorem04,confirmed_source_written_public,10121,47890,21.133848,compiled transitive module-import closure plus entry module,Reachability is not practical usability; consumer probes are separate.
NumStability.Source.Higham.Chapter20.Theorem07,all_project_environment,8907,77246,11.530694,compiled transitive module-import closure plus entry module,Reachability is not practical usability; consumer probes are separate.
NumStability.Source.Higham.Chapter20.Theorem07,environment_public,7104,58120,12.222987,compiled transitive module-import closure plus entry module,Reachability is not practical usability; consumer probes are separate.
NumStability.Source.Higham.Chapter20.Theorem07,confirmed_source_written_public,5840,47890,12.194613,compiled transitive module-import closure plus entry module,Reachability is not practical usability; consumer probes are separate.
NumStability.Source.Higham.Chapter20.Theorem08,all_project_environment,14707,77246,19.039174,compiled transitive module-import closure plus entry module,Reachability is not practical usability; consumer probes are separate.
NumStability.Source.Higham.Chapter20.Theorem08,environment_public,11843,58120,20.376807,compiled transitive module-import closure plus entry module,Reachability is not practical usability; consumer probes are separate.
NumStability.Source.Higham.Chapter20.Theorem08,confirmed_source_written_public,10054,47890,20.993944,compiled transitive module-import closure plus entry module,Reachability is not practical usability; consumer probes are separate.
NumStability.Source.Higham.Chapter21,all_project_environment,14443,77246,18.697408,compiled transitive module-import closure plus entry module,Reachability is not practical usability; consumer probes are separate.
NumStability.Source.Higham.Chapter21,environment_public,11505,58120,19.795251,compiled transitive module-import closure plus entry module,Reachability is not practical usability; consumer probes are separate.
NumStability.Source.Higham.Chapter21,confirmed_source_written_public,9662,47890,20.175402,compiled transitive module-import closure plus entry module,Reachability is not practical usability; consumer probes are separate.
NumStability.Source.Higham.Chapter21.Theorem03,all_project_environment,13437,77246,17.395075,compiled transitive module-import closure plus entry module,Reachability is not practical usability; consumer probes are separate.
NumStability.Source.Higham.Chapter21.Theorem03,environment_public,10717,58120,18.439436,compiled transitive module-import closure plus entry module,Reachability is not practical usability; consumer probes are separate.
NumStability.Source.Higham.Chapter21.Theorem03,confirmed_source_written_public,9074,47890,18.947588,compiled transitive module-import closure plus entry module,Reachability is not practical usability; consumer probes are separate.
NumStability.Source.Higham.Chapter21.Theorem04,all_project_environment,14070,77246,18.214535,compiled transitive module-import closure plus entry module,Reachability is not practical usability; consumer probes are separate.
NumStability.Source.Higham.Chapter21.Theorem04,environment_public,11261,58120,19.37543,compiled transitive module-import closure plus entry module,Reachability is not practical usability; consumer probes are separate.
NumStability.Source.Higham.Chapter21.Theorem04,confirmed_source_written_public,9467,47890,19.768219,compiled transitive module-import closure plus entry module,Reachability is not practical usability; consumer probes are separate.
NumStability.Source.Higham.Chapter22,all_project_environment,9625,77246,12.460192,compiled transitive module-import closure plus entry module,Reachability is not practical usability; consumer probes are separate.
NumStability.Source.Higham.Chapter22,environment_public,7030,58120,12.095664,compiled transitive module-import closure plus entry module,Reachability is not practical usability; consumer probes are separate.
NumStability.Source.Higham.Chapter22,confirmed_source_written_public,5697,47890,11.896012,compiled transitive module-import closure plus entry module,Reachability is not practical usability; consumer probes are separate.
NumStability.Source.Higham.Chapter22.Section03,all_project_environment,9369,77246,12.128783,compiled transitive module-import closure plus entry module,Reachability is not practical usability; consumer probes are separate.
NumStability.Source.Higham.Chapter22.Section03,environment_public,6890,58120,11.854783,compiled transitive module-import closure plus entry module,Reachability is not practical usability; consumer probes are separate.
NumStability.Source.Higham.Chapter22.Section03,confirmed_source_written_public,5586,47890,11.664231,compiled transitive module-import closure plus entry module,Reachability is not practical usability; consumer probes are separate.
NumStability.Source.Higham.Chapter23.BiniLotti,all_project_environment,2547,77246,3.297258,compiled transitive module-import closure plus entry module,Reachability is not practical usability; consumer probes are separate.
NumStability.Source.Higham.Chapter23.BiniLotti,environment_public,1978,58120,3.403304,compiled transitive module-import closure plus entry module,Reachability is not practical usability; consumer probes are separate.
NumStability.Source.Higham.Chapter23.BiniLotti,confirmed_source_written_public,1575,47890,3.288787,compiled transitive module-import closure plus entry module,Reachability is not practical usability; consumer probes are separate.
NumStability.Source.Higham.Chapter23.Theorem02,all_project_environment,2564,77246,3.319266,compiled transitive module-import closure plus entry module,Reachability is not practical usability; consumer probes are separate.
NumStability.Source.Higham.Chapter23.Theorem02,environment_public,1969,58120,3.387818,compiled transitive module-import closure plus entry module,Reachability is not practical usability; consumer probes are separate.
NumStability.Source.Higham.Chapter23.Theorem02,confirmed_source_written_public,1566,47890,3.269994,compiled transitive module-import closure plus entry module,Reachability is not practical usability; consumer probes are separate.
NumStability.Source.Higham.Chapter23.Theorem03,all_project_environment,2606,77246,3.373637,compiled transitive module-import closure plus entry module,Reachability is not practical usability; consumer probes are separate.
NumStability.Source.Higham.Chapter23.Theorem03,environment_public,2004,58120,3.448039,compiled transitive module-import closure plus entry module,Reachability is not practical usability; consumer probes are separate.
NumStability.Source.Higham.Chapter23.Theorem03,confirmed_source_written_public,1585,47890,3.309668,compiled transitive module-import closure plus entry module,Reachability is not practical usability; consumer probes are separate.
NumStability.Source.Higham.Chapter23.ThreeMStrassen,all_project_environment,3213,77246,4.159439,compiled transitive module-import closure plus entry module,Reachability is not practical usability; consumer probes are separate.
NumStability.Source.Higham.Chapter23.ThreeMStrassen,environment_public,2522,58120,4.339298,compiled transitive module-import closure plus entry module,Reachability is not practical usability; consumer probes are separate.
NumStability.Source.Higham.Chapter23.ThreeMStrassen,confirmed_source_written_public,2002,47890,4.180413,compiled transitive module-import closure plus entry module,Reachability is not practical usability; consumer probes are separate.
NumStability.Source.Higham.Chapter26,all_project_environment,4832,77246,6.25534,compiled transitive module-import closure plus entry module,Reachability is not practical usability; consumer probes are separate.
NumStability.Source.Higham.Chapter26,environment_public,4053,58120,6.973503,compiled transitive module-import closure plus entry module,Reachability is not practical usability; consumer probes are separate.
NumStability.Source.Higham.Chapter26,confirmed_source_written_public,3395,47890,7.089163,compiled transitive module-import closure plus entry module,Reachability is not practical usability; consumer probes are separate.
NumStability.Source.Higham.Chapter26.AlternatingDirections,all_project_environment,881,77246,1.140512,compiled transitive module-import closure plus entry module,Reachability is not practical usability; consumer probes are separate.
NumStability.Source.Higham.Chapter26.AlternatingDirections,environment_public,758,58120,1.304198,compiled transitive module-import closure plus entry module,Reachability is not practical usability; consumer probes are separate.
NumStability.Source.Higham.Chapter26.AlternatingDirections,confirmed_source_written_public,686,47890,1.432449,compiled transitive module-import closure plus entry module,Reachability is not practical usability; consumer probes are separate.
NumStability.Source.Higham.Chapter26.CubicRoots,all_project_environment,8,77246,0.010357,compiled transitive module-import closure plus entry module,Reachability is not practical usability; consumer probes are separate.
NumStability.Source.Higham.Chapter26.CubicRoots,environment_public,5,58120,0.008603,compiled transitive module-import closure plus entry module,Reachability is not practical usability; consumer probes are separate.
NumStability.Source.Higham.Chapter26.CubicRoots,confirmed_source_written_public,5,47890,0.010441,compiled transitive module-import closure plus entry module,Reachability is not practical usability; consumer probes are separate.
NumStability.Source.Higham.Chapter26.Equation05,all_project_environment,38,77246,0.049193,compiled transitive module-import closure plus entry module,Reachability is not practical usability; consumer probes are separate.
NumStability.Source.Higham.Chapter26.Equation05,environment_public,27,58120,0.046456,compiled transitive module-import closure plus entry module,Reachability is not practical usability; consumer probes are separate.
NumStability.Source.Higham.Chapter26.Equation05,confirmed_source_written_public,26,47890,0.054291,compiled transitive module-import closure plus entry module,Reachability is not practical usability; consumer probes are separate.
NumStability.Source.Higham.Chapter26.IntervalArithmetic,all_project_environment,3793,77246,4.910287,compiled transitive module-import closure plus entry module,Reachability is not practical usability; consumer probes are separate.
NumStability.Source.Higham.Chapter26.IntervalArithmetic,environment_public,3175,58120,5.462836,compiled transitive module-import closure plus entry module,Reachability is not practical usability; consumer probes are separate.
NumStability.Source.Higham.Chapter26.IntervalArithmetic,confirmed_source_written_public,2618,47890,5.466695,compiled transitive module-import closure plus entry module,Reachability is not practical usability; consumer probes are separate.
NumStability.Source.Higham.Chapter26.MultidirectionalSearch,all_project_environment,920,77246,1.191,compiled transitive module-import closure plus entry module,Reachability is not practical usability; consumer probes are separate.
NumStability.Source.Higham.Chapter26.MultidirectionalSearch,environment_public,783,58120,1.347213,compiled transitive module-import closure plus entry module,Reachability is not practical usability; consumer probes are separate.
NumStability.Source.Higham.Chapter26.MultidirectionalSearch,confirmed_source_written_public,710,47890,1.482564,compiled transitive module-import closure plus entry module,Reachability is not practical usability; consumer probes are separate.
NumStability.Source.Higham.Chapter27,all_project_environment,7382,77246,9.556482,compiled transitive module-import closure plus entry module,Reachability is not practical usability; consumer probes are separate.
NumStability.Source.Higham.Chapter27,environment_public,6066,58120,10.437027,compiled transitive module-import closure plus entry module,Reachability is not practical usability; consumer probes are separate.
NumStability.Source.Higham.Chapter27,confirmed_source_written_public,5293,47890,11.052412,compiled transitive module-import closure plus entry module,Reachability is not practical usability; consumer probes are separate.
NumStability.Source.Higham.Chapter28,all_project_environment,22110,77246,28.622841,compiled transitive module-import closure plus entry module,Reachability is not practical usability; consumer probes are separate.
NumStability.Source.Higham.Chapter28,environment_public,16711,58120,28.752581,compiled transitive module-import closure plus entry module,Reachability is not practical usability; consumer probes are separate.
NumStability.Source.Higham.Chapter28,confirmed_source_written_public,14134,47890,29.513468,compiled transitive module-import closure plus entry module,Reachability is not practical usability; consumer probes are separate.
NumStability.Source.Higham.Chapter28.Equation02,all_project_environment,1897,77246,2.455791,compiled transitive module-import closure plus entry module,Reachability is not practical usability; consumer probes are separate.
NumStability.Source.Higham.Chapter28.Equation02,environment_public,1173,58120,2.018238,compiled transitive module-import closure plus entry module,Reachability is not practical usability; consumer probes are separate.
NumStability.Source.Higham.Chapter28.Equation02,confirmed_source_written_public,1008,47890,2.104824,compiled transitive module-import closure plus entry module,Reachability is not practical usability; consumer probes are separate.
NumStability.Source.Higham.Chapter28.Section01,all_project_environment,13361,77246,17.296689,compiled transitive module-import closure plus entry module,Reachability is not practical usability; consumer probes are separate.
NumStability.Source.Higham.Chapter28.Section01,environment_public,9938,58120,17.099105,compiled transitive module-import closure plus entry module,Reachability is not practical usability; consumer probes are separate.
NumStability.Source.Higham.Chapter28.Section01,confirmed_source_written_public,8677,47890,18.118605,compiled transitive module-import closure plus entry module,Reachability is not practical usability; consumer probes are separate.
NumStability.Source.Higham.Chapter28.Section02,all_project_environment,18494,77246,23.941693,compiled transitive module-import closure plus entry module,Reachability is not practical usability; consumer probes are separate.
NumStability.Source.Higham.Chapter28.Section02,environment_public,14505,58120,24.956986,compiled transitive module-import closure plus entry module,Reachability is not practical usability; consumer probes are separate.
NumStability.Source.Higham.Chapter28.Section02,confirmed_source_written_public,12224,47890,25.525162,compiled transitive module-import closure plus entry module,Reachability is not practical usability; consumer probes are separate.
NumStability.Source.Higham.Chapter28.Section03,all_project_environment,7901,77246,10.228361,compiled transitive module-import closure plus entry module,Reachability is not practical usability; consumer probes are separate.
NumStability.Source.Higham.Chapter28.Section03,environment_public,6163,58120,10.603923,compiled transitive module-import closure plus entry module,Reachability is not practical usability; consumer probes are separate.
NumStability.Source.Higham.Chapter28.Section03,confirmed_source_written_public,5020,47890,10.482355,compiled transitive module-import closure plus entry module,Reachability is not practical usability; consumer probes are separate.
NumStability.Source.Higham.Chapter28.Section04,all_project_environment,13800,77246,17.865003,compiled transitive module-import closure plus entry module,Reachability is not practical usability; consumer probes are separate.
NumStability.Source.Higham.Chapter28.Section04,environment_public,10303,58120,17.727116,compiled transitive module-import closure plus entry module,Reachability is not practical usability; consumer probes are separate.
NumStability.Source.Higham.Chapter28.Section04,confirmed_source_written_public,8849,47890,18.477762,compiled transitive module-import closure plus entry module,Reachability is not practical usability; consumer probes are separate.
NumStability.Source.Higham.Chapter28.Section05,all_project_environment,12953,77246,16.768506,compiled transitive module-import closure plus entry module,Reachability is not practical usability; consumer probes are separate.
NumStability.Source.Higham.Chapter28.Section05,environment_public,9752,58120,16.779078,compiled transitive module-import closure plus entry module,Reachability is not practical usability; consumer probes are separate.
NumStability.Source.Higham.Chapter28.Section05,confirmed_source_written_public,8474,47890,17.694717,compiled transitive module-import closure plus entry module,Reachability is not practical usability; consumer probes are separate.
NumStability.Source.Higham.Chapter28.Section06,all_project_environment,13265,77246,17.17241,compiled transitive module-import closure plus entry module,Reachability is not practical usability; consumer probes are separate.
NumStability.Source.Higham.Chapter28.Section06,environment_public,9916,58120,17.061253,compiled transitive module-import closure plus entry module,Reachability is not practical usability; consumer probes are separate.
NumStability.Source.Higham.Chapter28.Section06,confirmed_source_written_public,8539,47890,17.830445,compiled transitive module-import closure plus entry module,Reachability is not practical usability; consumer probes are separate.
