module,declaration_count,public_declaration_count,declarations_used_by_project,public_declarations_used_by_project,declarations_used_outside_module,public_declarations_used_outside_module,apparent_leaf_count,public_apparent_leaf_count,isolated_count,public_isolated_count,outside_module_utilization_percent,public_outside_module_utilization_percent
NumStability.Algorithms.AitkenDenominator,31,30,18,17,0,0,13,13,0,0,0.0,0.0
NumStability.Algorithms.Arithmetic.DotProduct.NoGuard.Core,14,11,13,10,7,7,1,1,0,0,50.0,63.6364
NumStability.Algorithms.Arithmetic.DotProduct.NoGuard.Tree,13,8,7,5,2,2,6,3,0,0,15.3846,25.0
NumStability.Algorithms.BlockDotProduct,11,8,8,5,0,0,3,3,0,0,0.0,0.0
NumStability.Algorithms.Cholesky.CholeskyDemmel,1,1,1,1,1,1,0,0,0,0,100.0,100.0
NumStability.Algorithms.Cholesky.CholeskyFl,87,16,51,15,10,9,36,1,35,0,11.4943,56.25
NumStability.Algorithms.Cholesky.CholeskyNonsym,9,3,9,3,4,3,0,0,0,0,44.4444,100.0
NumStability.Algorithms.Cholesky.CholeskySpec,12,3,11,3,3,3,1,0,1,0,25.0,100.0
NumStability.Algorithms.ComplexBackwardError,7,7,3,3,0,0,4,4,2,2,0.0,0.0
NumStability.Algorithms.CondEstimation,19,10,7,3,3,3,12,7,0,0,15.7895,30.0
NumStability.Algorithms.ContinuedFraction,12,5,3,3,0,0,9,2,7,0,0.0,0.0
NumStability.Algorithms.DotProduct,62,44,45,32,8,7,17,12,0,0,12.9032,15.9091
NumStability.Algorithms.ExtendedPrecisionDotProduct,21,17,11,10,0,0,10,7,0,0,0.0,0.0
NumStability.Algorithms.FastMatMul.Internal.LegacyBounds,36,32,12,12,0,0,24,20,1,1,0.0,0.0
NumStability.Algorithms.FastMatMul.Recurrences,18,15,9,8,4,4,9,7,0,0,22.2222,26.6667
NumStability.Algorithms.GridPoints,19,19,13,13,0,0,6,6,0,0,0.0,0.0
NumStability.Algorithms.LU.GaussianElimination,74,66,54,51,48,47,20,15,2,1,64.8649,71.2121
NumStability.Algorithms.LU.GrowthFactor,41,34,28,28,21,21,13,6,7,0,51.2195,61.7647
NumStability.Algorithms.LU.LUSolve,8,5,8,5,5,5,0,0,0,0,62.5,100.0
NumStability.Algorithms.LU.SpecialMatrices,9,9,4,4,4,4,5,5,0,0,44.4444,44.4444
NumStability.Algorithms.LU.Tridiagonal,22,17,13,8,5,5,9,9,0,0,22.7273,29.4118
NumStability.Algorithms.LU.TridiagonalCond,34,14,29,9,9,9,5,5,0,0,26.4706,64.2857
NumStability.Algorithms.LU.TridiagonalRecurrence,193,58,175,47,34,33,18,11,4,0,17.6166,56.8966
NumStability.Algorithms.LinearSystems.Cholesky.ErrorAnalysis.Certificates,26,6,12,6,6,6,14,0,14,0,23.0769,100.0
NumStability.Algorithms.LinearSystems.Cholesky.ErrorAnalysis.Demmel,21,21,19,19,15,15,2,2,0,0,71.4286,71.4286
NumStability.Algorithms.LinearSystems.Cholesky.ErrorAnalysis.PositivePivots.Certificate,2,1,1,0,0,0,1,1,0,0,0.0,0.0
NumStability.Algorithms.LinearSystems.Cholesky.Factorization.Spec,25,23,16,16,12,12,9,7,0,0,48.0,52.1739
NumStability.Algorithms.LinearSystems.Cholesky.Perturbation.Basic,51,43,45,37,16,16,6,6,0,0,31.3725,37.2093
NumStability.Algorithms.LinearSystems.Cholesky.PositiveSemidefinite.Basic,20,18,15,14,13,13,5,4,0,0,65.0,72.2222
NumStability.Algorithms.LinearSystems.Cholesky.PositiveSemidefinite.KahanMatrix,1,1,1,1,1,1,0,0,0,0,100.0,100.0
NumStability.Algorithms.LinearSystems.Cholesky.PositiveSemidefinite.KahanTelescope.Identity,16,1,16,1,2,1,0,0,0,0,12.5,100.0
NumStability.Algorithms.LinearSystems.Cholesky.PositiveSemidefinite.PivotedFactorization.Existence,2,1,2,1,1,1,0,0,0,0,50.0,100.0
NumStability.Algorithms.LinearSystems.Cholesky.PositiveSemidefinite.ScaledStage,36,6,7,5,6,5,29,1,28,0,16.6667,83.3333
NumStability.Algorithms.LinearSystems.Cholesky.PositiveSemidefinite.StageEmbedding.InteriorMass,2,1,2,1,2,1,0,0,0,0,100.0,100.0
NumStability.Algorithms.LinearSystems.Cholesky.RoundedFactorization.Basic,81,32,71,30,26,22,10,2,7,0,32.0988,68.75
NumStability.Algorithms.LinearSystems.Cholesky.Solve.Basic,8,3,7,2,2,2,1,1,0,0,25.0,66.6667
NumStability.Algorithms.LinearSystems.CramersRule.Core,19,18,18,17,12,11,1,1,0,0,63.1579,61.1111
NumStability.Algorithms.LinearSystems.GaussJordan.ErrorAnalysis.GaussJordan,104,64,55,44,20,19,49,20,28,0,19.2308,29.6875
NumStability.Algorithms.LinearSystems.Iterative.Stationary.Convergence.Singular.FixedSubspaces,3,3,3,3,3,3,0,0,0,0,100.0,100.0
NumStability.Algorithms.LinearSystems.Iterative.Stationary.ErrorAnalysis.Forward.ComplementDecomposition,1,1,1,1,1,1,0,0,0,0,100.0,100.0
NumStability.Algorithms.LinearSystems.Iterative.Stationary.ErrorAnalysis.Local.OneStep,2,1,1,1,1,1,1,0,1,0,50.0,100.0
NumStability.Algorithms.LinearSystems.Iterative.Stationary.ErrorAnalysis.Residual.Identities,2,2,2,2,2,2,0,0,0,0,100.0,100.0
NumStability.Algorithms.LinearSystems.Iterative.Stationary.Execution.Computed.Model,7,6,4,4,3,3,3,2,0,0,42.8571,50.0
NumStability.Algorithms.LinearSystems.Iterative.Stationary.Projectors.Drazin.Algebra,16,15,11,11,10,10,5,4,0,0,62.5,66.6667
NumStability.Algorithms.LinearSystems.Iterative.Stationary.Recurrences.Affine.Unrolling,3,3,3,3,3,3,0,0,0,0,100.0,100.0
NumStability.Algorithms.LinearSystems.Iterative.Stationary.Semiconvergence.BlockForm.Existence,9,9,8,8,7,7,1,1,0,0,77.7778,77.7778
NumStability.Algorithms.LinearSystems.Iterative.Stationary.Semiconvergence.BlockForm.ProjectorLimit,19,19,18,18,15,15,1,1,0,0,78.9474,78.9474
NumStability.Algorithms.LinearSystems.Iterative.Stationary.Semiconvergence.Execution.RoundedCertificates,24,16,13,9,8,8,11,7,0,0,33.3333,50.0
NumStability.Algorithms.LinearSystems.Iterative.Stationary.Semiconvergence.Projectors.FixedRange,14,11,10,7,1,1,4,4,0,0,7.1429,9.0909
NumStability.Algorithms.LinearSystems.Iterative.Stationary.Splittings.Core.Definitions,16,12,11,9,8,8,5,3,1,0,50.0,66.6667
NumStability.Algorithms.LinearSystems.Iterative.Stationary.Splittings.Scaling.Diagonal,4,4,4,4,4,4,0,0,0,0,100.0,100.0
NumStability.Algorithms.LinearSystems.IterativeRefinement.Core,67,58,39,33,6,6,28,25,4,4,8.9552,10.3448
NumStability.Algorithms.LinearSystems.LU.BlockLU.ArbitraryNorm,22,14,19,11,9,8,3,3,0,0,40.9091,57.1429
NumStability.Algorithms.LinearSystems.LU.BlockLU.BlockMatrices,21,20,18,17,16,15,3,3,1,1,76.1905,75.0
NumStability.Algorithms.LinearSystems.LU.BlockLU.DiagonalDominance,14,12,7,5,3,3,7,7,0,0,21.4286,25.0
NumStability.Algorithms.LinearSystems.LU.BlockLU.Factorization,83,70,67,58,44,43,16,12,0,0,53.012,61.4286
NumStability.Algorithms.LinearSystems.LU.BlockLU.FactorizationError,10,9,3,3,0,0,7,6,0,0,0.0,0.0
NumStability.Algorithms.LinearSystems.LU.BlockLU.FirstOrderFamilies,67,60,27,27,9,9,40,33,0,0,13.4328,15.0
NumStability.Algorithms.LinearSystems.LU.BlockLU.FirstOrderModels,69,61,45,45,34,34,24,16,0,0,49.2754,55.7377
NumStability.Algorithms.LinearSystems.LU.BlockLU.GrowthBounds,24,10,9,9,9,9,15,1,14,0,37.5,90.0
NumStability.Algorithms.LinearSystems.LU.BlockLU.OperatorTwo,3,3,3,3,2,2,0,0,0,0,66.6667,66.6667
NumStability.Algorithms.LinearSystems.LU.BlockLU.PositiveDefinite,8,8,8,8,8,8,0,0,0,0,100.0,100.0
NumStability.Algorithms.LinearSystems.LU.BlockLU.PositiveDefiniteFactorBounds,17,17,16,16,8,8,1,1,0,0,47.0588,47.0588
NumStability.Algorithms.LinearSystems.LU.BlockLU.RecursiveFactorization,17,8,12,6,7,6,5,2,3,0,41.1765,75.0
NumStability.Algorithms.LinearSystems.LU.BlockLU.ResidualLifting,22,20,17,15,13,13,5,5,0,0,59.0909,65.0
NumStability.Algorithms.LinearSystems.LU.BlockLU.SchurComplement,6,5,5,4,4,3,1,1,0,0,66.6667,60.0
NumStability.Algorithms.LinearSystems.LU.BlockLU.SolveError,3,3,3,3,2,2,0,0,0,0,66.6667,66.6667
NumStability.Algorithms.LinearSystems.LU.BlockLU.VaryingBlocks.Algebra,20,15,10,7,7,5,10,8,0,0,35.0,33.3333
NumStability.Algorithms.LinearSystems.LU.BlockLU.VaryingBlocks.Basic,37,31,19,18,17,17,18,13,0,0,45.9459,54.8387
NumStability.Algorithms.LinearSystems.LU.BlockLU.VaryingBlocks.RecursiveFactorization,8,8,6,6,5,5,2,2,0,0,62.5,62.5
NumStability.Algorithms.LinearSystems.LU.BlockLU.VaryingBlocks.SchurComplement,7,5,6,4,3,3,1,1,0,0,42.8571,60.0
NumStability.Algorithms.LinearSystems.LU.BlockLU.VaryingBlocks.Uniqueness,12,7,10,6,0,0,2,1,1,0,0.0,0.0
NumStability.Algorithms.LinearSystems.LU.Doolittle.Assembly.Core,20,11,19,10,10,10,1,1,0,0,50.0,90.9091
NumStability.Algorithms.LinearSystems.LU.Doolittle.BackwardError,1,1,0,0,0,0,1,1,0,0,0.0,0.0
NumStability.Algorithms.LinearSystems.LU.Doolittle.Basic,11,10,8,8,7,7,3,2,0,0,63.6364,70.0
NumStability.Algorithms.LinearSystems.LU.Doolittle.Budgets,47,42,34,29,22,21,13,13,0,0,46.8085,50.0
NumStability.Algorithms.LinearSystems.LU.Doolittle.Certificates,33,31,25,25,14,14,8,6,0,0,42.4242,45.1613
NumStability.Algorithms.LinearSystems.LU.Doolittle.RoundedEntries,26,17,16,14,13,11,10,3,7,0,50.0,64.7059
NumStability.Algorithms.LinearSystems.LU.NonsymmetricPositiveDefinite.Basic,21,16,18,15,14,13,3,1,1,1,66.6667,81.25
NumStability.Algorithms.LinearSystems.LeastSquares.AugmentedSystem,238,180,155,140,56,54,83,40,36,0,23.5294,30.0
NumStability.Algorithms.LinearSystems.LeastSquares.Basic,108,89,95,79,61,61,13,10,3,0,56.4815,68.5393
NumStability.Algorithms.LinearSystems.LeastSquares.Equality.Basic,474,398,340,307,213,207,134,91,42,0,44.9367,52.0101
NumStability.Algorithms.LinearSystems.LeastSquares.Equality.GQR,337,308,262,238,111,111,75,70,1,1,32.9377,36.039
NumStability.Algorithms.LinearSystems.LeastSquares.Equality.KKT,8,6,8,6,5,5,0,0,0,0,62.5,83.3333
NumStability.Algorithms.LinearSystems.LeastSquares.GramBasis,17,8,9,7,5,5,8,1,7,0,29.4118,62.5
NumStability.Algorithms.LinearSystems.LeastSquares.MGS,11,10,8,8,7,7,3,2,0,0,63.6364,70.0
NumStability.Algorithms.LinearSystems.LeastSquares.NormalEquations,28,24,23,19,19,18,5,5,0,0,67.8571,75.0
NumStability.Algorithms.LinearSystems.LeastSquares.QRSolve,24,19,8,7,6,6,16,12,0,0,25.0,31.5789
NumStability.Algorithms.LinearSystems.LeastSquares.RankGeometry,42,41,34,33,27,27,8,8,0,0,64.2857,65.8537
NumStability.Algorithms.LinearSystems.LeastSquares.Refinement,91,81,66,62,24,24,25,19,0,0,26.3736,29.6296
NumStability.Algorithms.LinearSystems.LeastSquares.RowSorting,37,29,23,18,15,15,14,11,0,0,40.5405,51.7241
NumStability.Algorithms.LinearSystems.LeastSquares.StoredQR,34,27,27,22,17,14,7,5,0,0,50.0,51.8519
NumStability.Algorithms.LinearSystems.LeastSquares.TraceKernel,28,19,21,14,12,12,7,5,0,0,42.8571,63.1579
NumStability.Algorithms.LinearSystems.QR.GivensMatrixStep,53,50,35,35,16,16,18,15,0,0,30.1887,32.0
NumStability.Algorithms.LinearSystems.QR.GivensQR,166,128,117,91,31,31,49,37,1,0,18.6747,24.2188
NumStability.Algorithms.LinearSystems.QR.GivensSpec,102,71,70,51,37,37,32,20,9,0,36.2745,52.1127
NumStability.Algorithms.LinearSystems.QR.GramSchmidt,520,469,387,378,260,260,133,91,16,2,50.0,55.4371
NumStability.Algorithms.LinearSystems.QR.GramSchmidtPolar,61,60,59,58,43,43,2,2,0,0,70.4918,71.6667
NumStability.Algorithms.LinearSystems.QR.Householder.PanelApplication,115,102,100,87,62,62,15,15,0,0,53.913,60.7843
NumStability.Algorithms.LinearSystems.QR.Householder.StoredQR,189,152,154,118,87,84,35,34,1,0,46.0317,55.2632
NumStability.Algorithms.LinearSystems.QR.Householder.TrailingPanels,149,126,102,99,73,72,47,27,14,0,48.9933,57.1429
NumStability.Algorithms.LinearSystems.QR.HouseholderApply,28,17,23,15,9,9,5,2,3,0,32.1429,52.9412
NumStability.Algorithms.LinearSystems.QR.HouseholderConstruction2,92,52,51,33,5,5,41,19,21,0,5.4348,9.6154
NumStability.Algorithms.LinearSystems.QR.HouseholderMatrixStep,30,28,22,22,11,11,8,6,0,0,36.6667,39.2857
NumStability.Algorithms.LinearSystems.QR.HouseholderOneStep,9,5,8,4,3,3,1,1,0,0,33.3333,60.0
NumStability.Algorithms.LinearSystems.QR.HouseholderQApply,64,33,46,20,0,0,18,13,0,0,0.0,0.0
NumStability.Algorithms.LinearSystems.QR.HouseholderQR,679,580,419,375,147,144,260,205,7,0,21.6495,24.8276
NumStability.Algorithms.LinearSystems.QR.HouseholderReflector,107,65,69,49,35,34,38,16,21,0,32.7103,52.3077
NumStability.Algorithms.LinearSystems.QR.HouseholderSpec,37,26,21,20,16,16,16,6,8,0,43.2432,61.5385
NumStability.Algorithms.LinearSystems.QR.QRSolve,273,216,169,135,59,58,104,81,4,0,21.6117,26.8519
NumStability.Algorithms.LinearSystems.SymmetricIndefinite.Aasen.AasenCoupledFp,104,72,89,58,34,34,15,14,0,0,32.6923,47.2222
NumStability.Algorithms.LinearSystems.SymmetricIndefinite.Aasen.AasenFactorResidual,74,19,60,19,8,8,14,0,14,0,10.8108,42.1053
NumStability.Algorithms.LinearSystems.SymmetricIndefinite.BlockLDLT.BunchTridiagonalFactorBound,13,8,11,6,5,5,2,2,0,0,38.4615,62.5
NumStability.Algorithms.LinearSystems.SymmetricIndefinite.BlockLDLT.BunchTridiagonalGrowth,10,7,10,7,5,5,0,0,0,0,50.0,71.4286
NumStability.Algorithms.LinearSystems.SymmetricIndefinite.BlockLDLT.BunchTridiagonalGrowthInvariant,136,74,84,66,25,23,52,8,28,0,18.3824,31.0811
NumStability.Algorithms.LinearSystems.SymmetricIndefinite.BlockLDLT.BunchTridiagonalSparseFactor,50,31,37,25,10,7,13,6,7,0,20.0,22.5806
NumStability.Algorithms.LinearSystems.SymmetricIndefinite.BlockLDLT.BunchTridiagonalSparseSolve,59,19,54,16,4,4,5,3,0,0,6.7797,21.0526
NumStability.Algorithms.LinearSystems.SymmetricIndefinite.ErrorAnalysis.BlockLDLT,110,98,59,51,31,31,51,47,0,0,28.1818,31.6327
NumStability.Algorithms.LinearSystems.SymmetricIndefinite.ErrorAnalysis.BlockLDLTStep,25,8,8,7,4,4,17,1,14,0,16.0,50.0
NumStability.Algorithms.LinearSystems.SymmetricIndefinite.ErrorAnalysis.Predicates,5,5,5,5,5,5,0,0,0,0,100.0,100.0
NumStability.Algorithms.LinearSystems.SymmetricIndefinite.ErrorAnalysis.SkewSymmetric,3,3,3,3,3,3,0,0,0,0,100.0,100.0
NumStability.Algorithms.LinearSystems.SymmetricIndefinite.Pivoting.Basic,85,49,49,45,47,43,36,4,28,0,55.2941,87.7551
NumStability.Algorithms.LinearSystems.SymmetricIndefinite.Pivoting.Tridiagonal,51,47,49,45,42,40,2,2,0,0,82.3529,85.1064
NumStability.Algorithms.LinearSystems.Triangular.BackSubstitution,117,14,97,11,9,8,20,3,14,0,7.6923,57.1429
NumStability.Algorithms.LinearSystems.Triangular.Combined,1,1,0,0,0,0,1,1,0,0,0.0,0.0
NumStability.Algorithms.LinearSystems.Triangular.ComparisonBounds,98,18,74,13,7,7,24,5,16,0,7.1429,38.8889
NumStability.Algorithms.LinearSystems.Triangular.DiagonalDominance,104,30,88,24,14,13,16,6,10,0,13.4615,43.3333
NumStability.Algorithms.LinearSystems.Triangular.ErrorAnalysis.NoGuardBackward,35,10,26,8,7,7,9,2,7,0,20.0,70.0
NumStability.Algorithms.LinearSystems.Triangular.ErrorAnalysis.NoGuardForward,9,4,8,3,2,2,1,1,0,0,22.2222,50.0
NumStability.Algorithms.LinearSystems.Triangular.ForwardSubstitution,84,10,65,8,4,4,19,2,14,0,4.7619,40.0
NumStability.Algorithms.LinearSystems.Triangular.InverseBounds,116,26,89,20,19,17,27,6,22,1,16.3793,65.3846
NumStability.Algorithms.LinearSystems.Underdetermined.BackwardError.Normwise.UnderdeterminedSolve,13,13,11,11,8,8,2,2,0,0,61.5385,61.5385
NumStability.Algorithms.LinearSystems.Underdetermined.BackwardError.Rowwise.UnderdeterminedSolve,12,11,9,9,8,8,3,2,0,0,66.6667,72.7273
NumStability.Algorithms.LinearSystems.Underdetermined.Conditioning.Componentwise.Radius,2,2,2,2,2,2,0,0,0,0,100.0,100.0
NumStability.Algorithms.LinearSystems.Underdetermined.Conditioning.Componentwise.UnderdeterminedSolve,5,5,4,4,4,4,1,1,0,0,80.0,80.0
NumStability.Algorithms.LinearSystems.Underdetermined.MinimumNorm.Pseudoinverse.UnderdeterminedSpec,25,23,22,21,17,17,3,2,0,0,68.0,73.913
NumStability.Algorithms.LinearSystems.Underdetermined.MinimumNorm.Solvers.Executor.Core,130,101,92,84,3,3,38,17,21,0,2.3077,2.9703
NumStability.Algorithms.LinearSystems.Underdetermined.MinimumNorm.Solvers.UnderdeterminedSolve,1,1,1,1,1,1,0,0,0,0,100.0,100.0
NumStability.Algorithms.LinearSystems.Underdetermined.MinimumNorm.Solvers.UnderdeterminedSpec,5,5,4,4,4,4,1,1,0,0,80.0,80.0
NumStability.Algorithms.LinearSystems.Underdetermined.MinimumNorm.Specifications.UnderdeterminedSolve,1,1,1,1,1,1,0,0,0,0,100.0,100.0
NumStability.Algorithms.LinearSystems.Underdetermined.MinimumNorm.Specifications.UnderdeterminedSpec,18,16,10,10,6,6,8,6,0,0,33.3333,37.5
NumStability.Algorithms.LinearSystems.Underdetermined.Perturbation.Bounds.Core,16,9,14,7,4,4,2,2,0,0,25.0,44.4444
NumStability.Algorithms.LinearSystems.Underdetermined.Perturbation.Componentwise.Radius,4,4,4,4,4,4,0,0,0,0,100.0,100.0
NumStability.Algorithms.LinearSystems.Underdetermined.Perturbation.Componentwise.UnderdeterminedSolve,18,18,17,17,14,14,1,1,0,0,77.7778,77.7778
NumStability.Algorithms.LinearSystems.Underdetermined.Perturbation.FixedRadius.Radius,21,20,18,17,17,16,3,3,0,0,80.9524,80.0
NumStability.Algorithms.LinearSystems.Underdetermined.Perturbation.Radius.Core,17,16,10,9,2,2,7,7,0,0,11.7647,12.5
NumStability.Algorithms.LinearSystems.Underdetermined.Projectors.ComplementNorm.ProjectorNorm,8,7,6,6,3,3,2,1,1,0,37.5,42.8571
NumStability.Algorithms.LinearSystems.Underdetermined.QR.Foundations.UnderdeterminedSolve,12,9,8,8,8,8,4,1,3,0,66.6667,88.8889
NumStability.Algorithms.LinearSystems.Underdetermined.QR.Givens.BackwardError.Core,4,3,4,3,4,3,0,0,0,0,100.0,100.0
NumStability.Algorithms.LinearSystems.Underdetermined.QR.Givens.EndToEnd.Core,3,3,1,1,1,1,2,2,0,0,33.3333,33.3333
NumStability.Algorithms.LinearSystems.Underdetermined.QR.Givens.Rounded.Core,5,5,3,3,1,1,2,2,0,0,20.0,20.0
NumStability.Algorithms.LinearSystems.Underdetermined.QR.Givens.StoredReplay.EndToEnd.Core,80,62,51,40,16,14,29,22,0,0,20.0,22.5806
NumStability.Algorithms.LinearSystems.Underdetermined.QR.Givens.StoredReplay.RoundedReplay,50,44,39,35,23,23,11,9,0,0,46.0,52.2727
NumStability.Algorithms.LinearSystems.Underdetermined.QR.ModifiedGramSchmidt.CorrectedRecurrence.Core,51,48,32,32,16,16,19,16,0,0,31.3725,33.3333
NumStability.Algorithms.LinearSystems.Underdetermined.QR.ModifiedGramSchmidt.Rounded.Core,34,14,13,7,0,0,21,7,14,0,0.0,0.0
NumStability.Algorithms.LinearSystems.Underdetermined.QR.ModifiedGramSchmidt.RoundedReplay.RoundedReplay,76,63,47,39,16,16,29,24,0,0,21.0526,25.3968
NumStability.Algorithms.LinearSystems.Underdetermined.RankStability.FullRowRank.UnderdeterminedSolve,12,5,5,5,4,4,7,0,7,0,33.3333,80.0
NumStability.Algorithms.LinearSystems.Underdetermined.SeminormalEquations.ConditionTransfer.Core,3,3,3,3,3,3,0,0,0,0,100.0,100.0
NumStability.Algorithms.LinearSystems.Underdetermined.SeminormalEquations.EndToEnd.Core,5,5,4,4,0,0,1,1,0,0,0.0,0.0
NumStability.Algorithms.LinearSystems.Underdetermined.SeminormalEquations.ForwardError.ComputedOutput.Core,9,7,7,5,5,5,2,2,0,0,55.5556,71.4286
NumStability.Algorithms.LinearSystems.Underdetermined.SeminormalEquations.ForwardError.Forward,9,8,8,7,8,7,1,1,0,0,88.8889,87.5
NumStability.Algorithms.LinearSystems.Underdetermined.SeminormalEquations.ForwardError.RemainderBounds,9,2,1,1,1,1,8,1,7,0,11.1111,50.0
NumStability.Algorithms.LinearSystems.Underdetermined.SeminormalEquations.ForwardError.UnderdeterminedSolve,2,2,2,2,2,2,0,0,0,0,100.0,100.0
NumStability.Algorithms.LinearSystems.Underdetermined.SeminormalEquations.Householder.EndToEnd,24,17,16,16,14,14,8,1,7,0,58.3333,82.3529
NumStability.Algorithms.LinearSystems.Underdetermined.SeminormalEquations.Householder.Uniform,4,4,2,2,2,2,2,2,0,0,50.0,50.0
NumStability.Algorithms.LinearSystems.Underdetermined.SeminormalEquations.QRTransfer.EnvelopeTransfer,15,15,12,12,1,1,3,3,0,0,6.6667,6.6667
NumStability.Algorithms.LinearSystems.Underdetermined.SeminormalEquations.QRTransfer.QRMajorant,4,4,4,4,3,3,0,0,0,0,75.0,75.0
NumStability.Algorithms.LinearSystems.Underdetermined.SeminormalEquations.QRTransfer.Signed,8,8,8,8,8,8,0,0,0,0,100.0,100.0
NumStability.Algorithms.LinearSystems.Underdetermined.SeminormalEquations.TriangularSolves.EnvelopeTransfer,1,1,1,1,1,1,0,0,0,0,100.0,100.0
NumStability.Algorithms.LinearSystems.Underdetermined.SeminormalEquations.TriangularSolves.UnderdeterminedSolve,1,1,1,1,1,1,0,0,0,0,100.0,100.0
NumStability.Algorithms.LinearSystems.Underdetermined.SeminormalEquations.Uniform.Core,19,12,9,9,0,0,10,3,7,0,0.0,0.0
NumStability.Algorithms.LogExpProduct,30,27,19,17,0,0,11,10,0,0,0.0,0.0
NumStability.Algorithms.MMatrix,10,4,8,3,1,1,2,1,1,0,10.0,25.0
NumStability.Algorithms.MatMul,49,37,30,18,5,5,19,19,0,0,10.2041,13.5135
NumStability.Algorithms.MatMulBackwardError,13,13,7,7,0,0,6,6,1,1,0.0,0.0
NumStability.Algorithms.MatSeqProduct,24,16,9,7,0,0,15,9,0,0,0.0,0.0
NumStability.Algorithms.MatVec,16,16,7,7,3,3,9,9,0,0,18.75,18.75
NumStability.Algorithms.MatrixEquations.Sylvester.BackwardError.LyapunovSpectral,113,69,64,62,47,47,49,7,42,0,41.5929,68.1159
NumStability.Algorithms.MatrixEquations.Sylvester.BackwardError.Specification,4,4,4,4,4,4,0,0,0,0,100.0,100.0
NumStability.Algorithms.MatrixEquations.Sylvester.BackwardError.SylvesterSVD,107,57,56,55,41,41,51,2,49,0,38.3178,71.9298
NumStability.Algorithms.MatrixEquations.Sylvester.Conditioning.AttainedMinima.BackwardError,150,145,146,141,140,140,4,4,0,0,93.3333,96.5517
NumStability.Algorithms.MatrixEquations.Sylvester.Conditioning.AttainedMinima.Separation,17,14,17,14,7,7,0,0,0,0,41.1765,50.0
NumStability.Algorithms.MatrixEquations.Sylvester.Conditioning.AutomaticBounds.GramPositivity,5,5,4,4,1,1,1,1,0,0,20.0,20.0
NumStability.Algorithms.MatrixEquations.Sylvester.Conditioning.FirstOrder,9,9,9,9,9,9,0,0,0,0,100.0,100.0
NumStability.Algorithms.MatrixEquations.Sylvester.Conditioning.PracticalErrorBounds,95,95,79,79,67,67,16,16,0,0,70.5263,70.5263
NumStability.Algorithms.MatrixEquations.Sylvester.Conditioning.PracticalEstimator.OneNorm,9,9,9,9,4,4,0,0,0,0,44.4444,44.4444
NumStability.Algorithms.MatrixEquations.Sylvester.Conditioning.Separation,30,16,16,16,16,16,14,0,14,0,53.3333,100.0
NumStability.Algorithms.MatrixEquations.Sylvester.Conditioning.SigmaMinBounds.Lyapunov,16,16,14,14,14,14,2,2,0,0,87.5,87.5
NumStability.Algorithms.MatrixEquations.Sylvester.Conditioning.SigmaMinBounds.StructuredSylvester,2,2,2,2,2,2,0,0,0,0,100.0,100.0
NumStability.Algorithms.MatrixEquations.Sylvester.Conditioning.SigmaMinBounds.SylvesterPerturbation,14,14,14,14,14,14,0,0,0,0,100.0,100.0
NumStability.Algorithms.MatrixEquations.Sylvester.Conditioning.SigmaMinBounds.Vectorized,304,290,211,211,170,170,93,79,14,0,55.9211,58.6207
NumStability.Algorithms.MatrixEquations.Sylvester.Conditioning.SingularValue,3,3,3,3,3,3,0,0,0,0,100.0,100.0
NumStability.Algorithms.MatrixEquations.Sylvester.Conditioning.StructuredLyapunov,55,40,37,36,34,33,18,4,14,0,61.8182,82.5
NumStability.Algorithms.MatrixEquations.Sylvester.Conditioning.StructuredSylvester,22,15,15,15,14,14,7,0,7,0,63.6364,93.3333
NumStability.Algorithms.MatrixEquations.Sylvester.Equation.Basic,5,5,4,4,4,4,1,1,0,0,80.0,80.0
NumStability.Algorithms.MatrixEquations.Sylvester.Equation.Diagonal,27,27,26,26,24,24,1,1,0,0,88.8889,88.8889
NumStability.Algorithms.MatrixEquations.Sylvester.Equation.Lyapunov,8,8,8,8,8,8,0,0,0,0,100.0,100.0
NumStability.Algorithms.MatrixEquations.Sylvester.Equation.Rectangular,6,6,6,6,6,6,0,0,0,0,100.0,100.0
NumStability.Algorithms.MatrixEquations.Sylvester.Equation.SchurCoordinates,4,4,4,4,4,4,0,0,0,0,100.0,100.0
NumStability.Algorithms.MatrixEquations.Sylvester.Equation.Vectorization,13,13,10,10,10,10,3,3,0,0,76.9231,76.9231
NumStability.Algorithms.MatrixEquations.Sylvester.Equation.VectorizationIdentities.KroneckerPermutation,5,4,3,2,2,2,2,2,1,1,40.0,50.0
NumStability.Algorithms.MatrixEquations.Sylvester.GeneralizedEquations.Basic,10,10,10,10,10,10,0,0,0,0,100.0,100.0
NumStability.Algorithms.MatrixEquations.Sylvester.Perturbation.Basic,13,6,6,6,6,6,7,0,7,0,46.1538,100.0
NumStability.Algorithms.MatrixEquations.Sylvester.Perturbation.SeparationBounds,32,25,21,21,19,19,11,4,7,0,59.375,76.0
NumStability.Algorithms.MatrixEquations.Sylvester.Perturbation.Vectorization,4,4,3,3,3,3,1,1,0,0,75.0,75.0
NumStability.Algorithms.MatrixEquations.Sylvester.Solvers.ComplexSchur.Existence,31,28,27,24,15,15,4,4,0,0,48.3871,53.5714
NumStability.Algorithms.MatrixEquations.Sylvester.Solvers.ComplexSchur.SpectralSolvability,61,53,47,46,30,30,14,7,7,0,49.1803,56.6038
NumStability.Algorithms.MatrixEquations.Sylvester.Solvers.ComplexSchur.VectorizedSolvability,1,1,1,1,1,1,0,0,0,0,100.0,100.0
NumStability.Algorithms.MatrixEquations.Sylvester.Solvers.PivotedSmallBlocks.CompletePivot,65,52,43,37,6,6,22,15,0,0,9.2308,11.5385
NumStability.Algorithms.MatrixEquations.Sylvester.Solvers.QuasiTriangularBartelsStewart.BlockTraversal,363,266,270,183,75,75,93,83,7,0,20.6612,28.1955
NumStability.Algorithms.MatrixEquations.Sylvester.Solvers.QuasiTriangularBartelsStewart.Executor,18,17,18,17,16,15,0,0,0,0,88.8889,88.2353
NumStability.Algorithms.MatrixEquations.Sylvester.Solvers.QuasiTriangularBartelsStewart.QuasiQuasiSolve,42,28,34,20,17,17,8,8,0,0,40.4762,60.7143
NumStability.Algorithms.MatrixEquations.Sylvester.Solvers.QuasiTriangularBartelsStewart.QuasiTriangularSolve,161,33,137,33,32,27,24,0,8,0,19.8758,81.8182
NumStability.Algorithms.MatrixEquations.Sylvester.Solvers.QuasiTriangularBartelsStewart.QuasiTriangularSylvester,12,7,12,7,9,7,0,0,0,0,75.0,100.0
NumStability.Algorithms.MatrixEquations.Sylvester.Solvers.QuasiTriangularBartelsStewart.SmallSystemRounding,300,65,275,58,35,27,25,7,9,0,11.6667,41.5385
NumStability.Algorithms.MatrixEquations.Sylvester.Solvers.TriangularBartelsStewart.EndToEnd,5,5,5,5,5,5,0,0,0,0,100.0,100.0
NumStability.Algorithms.MatrixEquations.Sylvester.Solvers.TriangularBartelsStewart.ResidualAssembly,2,2,2,2,2,2,0,0,0,0,100.0,100.0
NumStability.Algorithms.MatrixEquations.Sylvester.Solvers.TriangularBartelsStewart.RoundedSolve,27,26,26,25,19,19,1,1,0,0,70.3704,73.0769
NumStability.Algorithms.MatrixInversion.LUFactors.ErrorAnalysis.MatrixInversion,27,16,18,9,1,1,9,7,2,0,3.7037,6.25
NumStability.Algorithms.MatrixInversion.LUFactors.Methods.MatrixInversion,1,1,1,1,1,1,0,0,0,0,100.0,100.0
NumStability.Algorithms.MatrixInversion.Residuals.MatrixInversion,14,7,7,3,3,3,7,4,5,2,21.4286,42.8571
NumStability.Algorithms.MatrixInversion.Triangular.ErrorAnalysis.MatrixInversion,67,40,40,29,9,9,27,11,16,0,13.4328,22.5
NumStability.Algorithms.MatrixInversion.Triangular.Specifications.MatrixInversion,26,23,15,15,10,10,11,8,0,0,38.4615,43.4783
NumStability.Algorithms.MatrixPowers.ComputedIteration.Model,20,15,11,10,5,5,9,5,0,0,25.0,33.3333
NumStability.Algorithms.NeumaierCompensatedFiniteFormat,11,6,10,5,0,0,1,1,0,0,0.0,0.0
NumStability.Algorithms.Norm2,33,20,24,18,9,9,9,2,9,2,27.2727,45.0
NumStability.Algorithms.NormEstimation.OneNorm.FiniteIndex.Basic,6,5,5,4,4,4,1,1,0,0,66.6667,80.0
NumStability.Algorithms.NormEstimation.OneNorm.GeneralIndex,20,20,16,16,6,6,4,4,0,0,30.0,30.0
NumStability.Algorithms.NormEstimation.OneNorm.LAPACK.Basic,2,2,2,2,2,2,0,0,0,0,100.0,100.0
NumStability.Algorithms.NormEstimation.OneNorm.LINPACK.Basic,12,11,11,11,10,10,1,0,0,0,83.3333,90.9091
NumStability.Algorithms.NormEstimation.OneNorm.PowerMethod.CondEstimation,33,29,24,22,16,16,9,7,0,0,48.4848,55.1724
NumStability.Algorithms.NormEstimation.OneNorm.PowerMethod.PNormPowerMethod,7,7,7,7,7,7,0,0,0,0,100.0,100.0
NumStability.Algorithms.NormEstimation.PNorm.Boyd.Carrier.BoydInterface,18,18,15,15,9,9,3,3,0,0,50.0,50.0
NumStability.Algorithms.NormEstimation.PNorm.Boyd.Carrier.BoydLocal,47,38,41,32,24,23,6,6,0,0,51.0638,60.5263
NumStability.Algorithms.NormEstimation.PNorm.Boyd.Differentiation.BoydDomain,13,6,6,6,4,4,7,0,7,0,30.7692,66.6667
NumStability.Algorithms.NormEstimation.PNorm.Boyd.Differentiation.BoydInterface,4,4,4,4,2,2,0,0,0,0,50.0,50.0
NumStability.Algorithms.NormEstimation.PNorm.Boyd.Differentiation.BoydLocal,18,11,11,11,7,7,7,0,7,0,38.8889,63.6364
NumStability.Algorithms.NormEstimation.PNorm.Boyd.Differentiation.PNormGeneral,14,6,6,5,6,5,8,1,7,0,42.8571,83.3333
NumStability.Algorithms.NormEstimation.PNorm.Boyd.FixedPoints.BoydConcrete,2,1,2,1,2,1,0,0,0,0,100.0,100.0
NumStability.Algorithms.NormEstimation.PNorm.Boyd.FixedPoints.BoydInterface,9,2,2,2,1,1,7,0,7,0,11.1111,50.0
NumStability.Algorithms.NormEstimation.PNorm.Boyd.FixedPoints.BoydLocal,11,4,3,3,3,3,8,1,7,0,27.2727,75.0
NumStability.Algorithms.NormEstimation.PNorm.Boyd.LocalStability.BoydConcrete,100,51,80,39,4,4,20,12,7,0,4.0,7.8431
NumStability.Algorithms.NormEstimation.PNorm.Boyd.LocalStability.BoydInterface,4,4,4,4,4,4,0,0,0,0,100.0,100.0
NumStability.Algorithms.NormEstimation.PNorm.Boyd.LocalStability.BoydLocal,2,2,2,2,1,1,0,0,0,0,50.0,50.0
NumStability.Algorithms.NormEstimation.PNorm.Boyd.LocalStability.BoydLocalStability,33,16,17,14,9,9,16,2,14,0,27.2727,56.25
NumStability.Algorithms.NormEstimation.PNorm.Boyd.RowwiseDomain.Basic,26,18,14,13,8,7,12,5,7,0,30.7692,38.8889
NumStability.Algorithms.NormEstimation.PNorm.Boyd.Scalar.BoydDomain,1,1,1,1,1,1,0,0,0,0,100.0,100.0
NumStability.Algorithms.NormEstimation.PNorm.Boyd.Scalar.BoydLocal,21,14,13,13,10,10,8,1,7,0,47.619,71.4286
NumStability.Algorithms.NormEstimation.PNorm.Boyd.Scalar.BoydRowwise,1,1,1,1,1,1,0,0,0,0,100.0,100.0
NumStability.Algorithms.NormEstimation.PNorm.Boyd.SecondVariation.BoydConcrete,5,4,5,4,5,4,0,0,0,0,100.0,100.0
NumStability.Algorithms.NormEstimation.PNorm.Boyd.SecondVariation.BoydLocal,10,9,7,6,5,5,3,3,0,0,50.0,55.5556
NumStability.Algorithms.NormEstimation.PNorm.Boyd.Uniqueness.Basic,36,15,10,10,9,9,26,5,21,0,25.0,60.0
NumStability.Algorithms.NormEstimation.PNorm.Convergence.BoydConcrete,1,1,1,1,1,1,0,0,0,0,100.0,100.0
NumStability.Algorithms.NormEstimation.PNorm.Convergence.BoydInterface,2,2,2,2,2,2,0,0,0,0,100.0,100.0
NumStability.Algorithms.NormEstimation.PNorm.Convergence.ConvergenceStatements,2,2,2,2,2,2,0,0,0,0,100.0,100.0
NumStability.Algorithms.NormEstimation.PNorm.Duality.BoydInterface,19,19,18,18,10,10,1,1,0,0,52.6316,52.6316
NumStability.Algorithms.NormEstimation.PNorm.Duality.BoydUniqueness,6,6,5,5,4,4,1,1,1,1,66.6667,66.6667
NumStability.Algorithms.NormEstimation.PNorm.Duality.ConvergenceStatements,4,4,3,3,3,3,1,1,0,0,75.0,75.0
NumStability.Algorithms.NormEstimation.PNorm.Duality.PNormGeneral,19,18,17,17,16,16,2,1,1,0,84.2105,88.8889
NumStability.Algorithms.NormEstimation.PNorm.Duality.PNormPowerMethod,21,13,13,12,12,11,8,1,7,0,57.1429,84.6154
NumStability.Algorithms.NormEstimation.PNorm.OneAndInfinityNorms.Rectangular,7,6,7,6,6,5,0,0,0,0,85.7143,83.3333
NumStability.Algorithms.NormEstimation.PNorm.OneAndInfinityNorms.Square,13,8,13,8,6,6,0,0,0,0,46.1538,75.0
NumStability.Algorithms.NormEstimation.PNorm.PowerMethod.BoydConcrete,1,1,1,1,1,1,0,0,0,0,100.0,100.0
NumStability.Algorithms.NormEstimation.PNorm.PowerMethod.BoydInterface,3,3,3,3,3,3,0,0,0,0,100.0,100.0
NumStability.Algorithms.NormEstimation.PNorm.PowerMethod.PNormGeneral,16,4,15,3,15,3,1,1,0,0,93.75,75.0
NumStability.Algorithms.NormEstimation.PNorm.PowerMethod.PNormPowerMethod,79,65,56,47,33,32,23,18,0,0,41.7722,49.2308
NumStability.Algorithms.NormEstimation.PNorm.Rectangular.BoydInterface,1,1,1,1,1,1,0,0,0,0,100.0,100.0
NumStability.Algorithms.NormEstimation.PNorm.Rectangular.PNormGeneral,6,6,6,6,4,4,0,0,0,0,66.6667,66.6667
NumStability.Algorithms.NormEstimation.PNorm.Rectangular.PNormRectangular,83,65,61,48,43,35,22,17,0,0,51.8072,53.8462
NumStability.Algorithms.NormEstimation.PNorm.Rectangular.RectangularTermination,5,5,5,5,5,5,0,0,0,0,100.0,100.0
NumStability.Algorithms.NormEstimation.TwoNorm.Dixon.Algebra.CondEstimators,3,3,3,3,3,3,0,0,0,0,100.0,100.0
NumStability.Algorithms.NormEstimation.TwoNorm.Dixon.Algebra.DixonCompletion,11,8,11,8,9,7,0,0,0,0,81.8182,87.5
NumStability.Algorithms.NormEstimation.TwoNorm.Dixon.PowerBounds.CondEstimators,1,1,1,1,1,1,0,0,0,0,100.0,100.0
NumStability.Algorithms.NormEstimation.TwoNorm.Dixon.PowerBounds.DixonCompletion,6,5,4,4,2,2,2,1,1,0,33.3333,40.0
NumStability.Algorithms.NormEstimation.TwoNorm.Dixon.Probability.DixonCompletion,2,2,1,1,1,1,1,1,0,0,50.0,50.0
NumStability.Algorithms.NormEstimation.TwoNorm.Dixon.Probability.DixonProbability,26,21,23,18,2,2,3,3,0,0,7.6923,9.5238
NumStability.Algorithms.OuterProduct,25,15,18,8,0,0,7,7,0,0,0.0,0.0
NumStability.Algorithms.PolynomialEvaluation.DerivativeEvaluation.ErrorBounds,20,4,13,4,3,3,7,0,7,0,15.0,75.0
NumStability.Algorithms.PolynomialEvaluation.ElementaryErrorBounds,4,4,4,4,3,3,0,0,0,0,75.0,75.0
NumStability.Algorithms.PolynomialEvaluation.MatrixNorms,16,16,14,14,14,14,2,2,0,0,87.5,87.5
NumStability.Algorithms.PolynomialEvaluation.RootProduct,14,9,7,6,6,6,7,3,0,0,42.8571,66.6667
NumStability.Algorithms.PriestAccuracy,29,20,23,15,10,6,6,5,0,0,34.4828,30.0
NumStability.Algorithms.PriestDefectBounded,20,15,16,11,4,4,4,4,0,0,20.0,26.6667
NumStability.Algorithms.Quadrature,5,5,2,2,0,0,3,3,0,0,0.0,0.0
NumStability.Algorithms.RankOneUpdate,17,11,13,7,1,1,4,4,0,0,5.8824,9.0909
NumStability.Algorithms.SquareDifference,8,8,5,5,0,0,3,3,0,0,0.0,0.0
NumStability.Algorithms.Summation.Accumulator,89,78,56,50,0,0,33,28,0,0,0.0,0.0
NumStability.Algorithms.Summation.Compensated.Alternative.Core,49,43,32,27,22,19,17,16,0,0,44.898,44.186
NumStability.Algorithms.Summation.Compensated.Alternative.ErrorBounds,28,18,23,13,2,2,5,5,0,0,7.1429,11.1111
NumStability.Algorithms.Summation.Compensated.CorrectionFormula,21,18,14,12,6,6,7,6,0,0,28.5714,33.3333
NumStability.Algorithms.Summation.Compensated.FastTwoSum,50,46,32,29,8,8,18,17,0,0,16.0,17.3913
NumStability.Algorithms.Summation.Compensated.FiniteFormat,15,9,14,8,7,7,1,1,0,0,46.6667,77.7778
NumStability.Algorithms.Summation.Compensated.Kahan.Coefficients.Affine,116,93,69,61,14,12,47,32,0,0,12.069,12.9032
NumStability.Algorithms.Summation.Compensated.Kahan.Coefficients.Coupled,215,202,166,160,46,44,49,42,0,0,21.3953,21.7822
NumStability.Algorithms.Summation.Compensated.Kahan.Core,69,61,47,41,28,26,22,20,0,0,40.5797,42.623
NumStability.Algorithms.Summation.Compensated.Kahan.ErrorBounds,16,16,9,9,4,4,7,7,0,0,25.0,25.0
NumStability.Algorithms.Summation.Compensated.Kahan.Exactness,17,17,12,12,1,1,5,5,0,0,5.8824,5.8824
NumStability.Algorithms.Summation.Compensated.Kahan.Finite,59,56,46,44,25,23,13,12,0,0,42.3729,41.0714
NumStability.Algorithms.Summation.Compensated.Kahan.FiniteErrorBounds,10,10,3,3,0,0,7,7,0,0,0.0,0.0
NumStability.Algorithms.Summation.Compensated.Kahan.FiniteFormat,1,1,1,1,1,1,0,0,0,0,100.0,100.0
NumStability.Algorithms.Summation.Compensated.Kahan.Internal.FinFold,2,2,2,2,1,1,0,0,0,0,50.0,50.0
NumStability.Algorithms.Summation.Compensated.Kahan.LocalCoefficients,119,107,86,80,51,48,33,27,0,0,42.8571,44.8598
NumStability.Algorithms.Summation.Compensated.Kahan.Majorants,32,24,15,11,6,3,17,13,0,0,18.75,12.5
NumStability.Algorithms.Summation.Compensated.Neumaier.AdaptiveFiniteFormat,32,28,22,19,9,9,10,9,0,0,28.125,32.1429
NumStability.Algorithms.Summation.Compensated.Neumaier.ExactResidual,15,13,11,9,6,6,4,4,0,0,40.0,46.1538
NumStability.Algorithms.Summation.Compensated.Neumaier.FiniteExecutor,34,30,24,21,3,3,10,9,0,0,8.8235,10.0
NumStability.Algorithms.Summation.Compensated.NoGuard.CorrectionFormula,26,23,17,15,7,7,9,8,0,0,26.9231,30.4348
NumStability.Algorithms.Summation.Compensated.NoGuard.Modified,59,52,33,27,1,1,26,25,0,0,1.6949,1.9231
NumStability.Algorithms.Summation.Compensated.NoGuard.Ordinary,16,14,8,6,7,6,8,8,0,0,43.75,42.8571
NumStability.Algorithms.Summation.Compensated.Priest.FiniteFormat,40,33,35,29,13,11,5,4,0,0,32.5,33.3333
NumStability.Algorithms.Summation.DoublyCompensated,76,67,51,44,30,29,25,23,0,0,39.4737,43.2836
NumStability.Algorithms.Summation.Insertion.ActiveList,37,27,18,16,9,9,19,11,0,0,24.3243,33.3333
NumStability.Algorithms.Summation.Insertion.Executor,41,30,21,17,5,5,20,13,0,0,12.1951,16.6667
NumStability.Algorithms.Summation.Insertion.RunningError,24,19,15,13,3,3,9,6,0,0,12.5,15.7895
NumStability.Algorithms.Summation.Insertion.Schedule,357,285,225,193,35,34,132,92,12,0,9.8039,11.9298
NumStability.Algorithms.Summation.Insertion.ScheduleExecution,112,91,71,62,0,0,41,29,0,0,0.0,0.0
NumStability.Algorithms.Summation.Pairwise.Core,81,34,54,19,1,1,27,15,4,0,1.2346,2.9412
NumStability.Algorithms.Summation.PlusMinus,25,25,19,19,0,0,6,6,0,0,0.0,0.0
NumStability.Algorithms.Summation.Recursive.Core,57,42,44,30,12,11,13,12,0,0,21.0526,26.1905
NumStability.Algorithms.Summation.Tree.ArbitraryOrderError.PivotNormalized,46,7,32,7,4,4,14,0,14,0,8.6957,57.1429
NumStability.Algorithms.Summation.Tree.Balanced,15,8,6,3,2,2,9,5,0,0,13.3333,25.0
NumStability.Algorithms.Summation.Tree.Chain,23,9,11,4,1,1,12,5,0,0,4.3478,11.1111
NumStability.Algorithms.Summation.Tree.Core,112,84,52,42,23,22,60,42,0,0,20.5357,26.1905
NumStability.Algorithms.TestMatrices.UpperTriangularStress,1,1,1,1,1,1,0,0,0,0,100.0,100.0
NumStability.Algorithms.TreeDotProduct,18,13,13,8,0,0,5,5,0,0,0.0,0.0
NumStability.Analysis.AlternativeNumberSystems,39,36,26,24,0,0,13,12,0,0,0.0,0.0
NumStability.Analysis.Approximation.SineTaylor.OddDegreeFiveError.Theorems,5,1,5,1,1,1,0,0,0,0,20.0,100.0
NumStability.Analysis.Asymptotics.Bounds,3,3,3,3,3,3,0,0,0,0,100.0,100.0
NumStability.Analysis.Asymptotics.ExponentialBounds,2,2,2,2,1,1,0,0,0,0,50.0,50.0
NumStability.Analysis.BeneficialRounding,492,368,297,266,3,3,195,102,67,4,0.6098,0.8152
NumStability.Analysis.BrentBaseOptimality,12,7,10,5,0,0,2,2,0,0,0.0,0.0
NumStability.Analysis.CStarMatrices.FiniteMatrixAlgebra.BlockDiagonal,27,23,19,15,5,5,8,8,0,0,18.5185,21.7391
NumStability.Analysis.CStarMatrices.FiniteMatrixAlgebra.BlockDiagonalCompression,2,2,0,0,0,0,2,2,0,0,0.0,0.0
NumStability.Analysis.CStarMatrices.FiniteMatrixAlgebra.ColumnPair,7,7,7,7,4,4,0,0,0,0,57.1429,57.1429
NumStability.Analysis.CStarMatrices.FiniteMatrixAlgebra.ColumnPairPinching,8,8,5,5,0,0,3,3,0,0,0.0,0.0
NumStability.Analysis.CStarMatrices.FiniteMatrixAlgebra.ColumnPairRangeProjection,6,6,5,5,5,5,1,1,0,0,83.3333,83.3333
NumStability.Analysis.CStarMatrices.FiniteMatrixAlgebra.ColumnPairRangeReflection,8,8,5,5,4,4,3,3,0,0,50.0,50.0
NumStability.Analysis.CStarMatrices.FiniteMatrixAlgebra.FiniteDimensional,1,1,1,1,1,1,0,0,0,0,100.0,100.0
NumStability.Analysis.CStarMatrices.FiniteMatrixAlgebra.FiniteMatrixOrder,2,2,1,1,0,0,1,1,0,0,0.0,0.0
NumStability.Analysis.CStarMatrices.FiniteMatrixAlgebra.FiniteRealEmbedding,12,12,2,2,2,2,10,10,0,0,16.6667,16.6667
NumStability.Analysis.CStarMatrices.FiniteMatrixAlgebra.FiniteRealOrder,4,4,2,2,1,1,2,2,0,0,25.0,25.0
NumStability.Analysis.CStarMatrices.FiniteMatrixAlgebra.ProjectionReflection,11,9,9,7,8,7,2,2,0,0,72.7273,77.7778
NumStability.Analysis.CStarMatrices.FiniteMatrixAlgebra.RectangularCompression,14,7,10,3,0,0,4,4,0,0,0.0,0.0
NumStability.Analysis.CStarMatrices.FiniteMatrixAlgebra.RectangularMultiplication,8,8,7,7,7,7,1,1,0,0,87.5,87.5
NumStability.Analysis.CStarMatrices.FiniteMatrixAlgebra.ReflectionAverage,4,4,4,4,4,4,0,0,0,0,100.0,100.0
NumStability.Analysis.CStarMatrices.FiniteMatrixAlgebra.StrictPositivity,3,3,2,2,1,1,1,1,0,0,33.3333,33.3333
NumStability.Analysis.Chopping,44,24,15,14,0,0,29,10,14,0,0.0,0.0
NumStability.Analysis.ComplexArithmetic,177,100,76,76,16,16,101,24,77,0,9.0395,16.0
NumStability.Analysis.ComplexSqrt,36,21,17,16,0,0,19,5,14,0,0.0,0.0
NumStability.Analysis.ConditionEstimatorLowerBound,7,7,6,6,5,5,1,1,0,0,71.4286,71.4286
NumStability.Analysis.Conditioning.DistanceToSingularity,52,31,28,28,7,7,24,3,21,0,13.4615,22.5806
NumStability.Analysis.Conditioning.InversePerturbation,114,79,69,69,11,11,45,10,35,0,9.6491,13.9241
NumStability.Analysis.Conditioning.LinearSystems.InversePerturbation,45,33,33,31,24,24,12,2,10,0,53.3333,72.7273
NumStability.Analysis.Conditioning.LinearSystems.PerronFrobenius,45,45,45,45,33,33,0,0,0,0,73.3333,73.3333
NumStability.Analysis.Conditioning.LinearSystems.SubordinatePerturbation,5,5,5,5,3,3,0,0,0,0,60.0,60.0
NumStability.Analysis.Equidistribution.AddCircle,41,37,39,35,4,4,2,2,0,0,9.7561,10.8108
NumStability.Analysis.Error.MatrixProducts.Contracts.MatrixInversion,11,6,11,6,5,5,0,0,0,0,45.4545,83.3333
NumStability.Analysis.Error.MatrixProducts.EvaluationTrees.ProductErrorNotation,170,138,81,68,12,12,89,70,0,0,7.0588,8.6957
NumStability.Analysis.Error.Measures.AccuracyPrecision,54,47,34,28,2,2,20,19,0,0,3.7037,4.2553
NumStability.Analysis.Error.Measures.Componentwise,7,6,5,4,1,1,2,2,0,0,14.2857,16.6667
NumStability.Analysis.Error.Measures.ScalarDefinitions,5,5,5,5,5,5,0,0,0,0,100.0,100.0
NumStability.Analysis.Error.Measures.ScalarProperties,24,10,8,8,8,8,16,2,14,0,33.3333,80.0
NumStability.Analysis.Error.Measures.ScalarWitnesses,18,4,2,2,2,2,16,2,14,0,11.1111,50.0
NumStability.Analysis.Error.RoundingProducts.Core,17,10,8,8,6,6,9,2,7,0,35.2941,60.0
NumStability.Analysis.FiniteProbability,120,103,81,74,6,6,39,29,9,0,5.0,5.8252
NumStability.Analysis.FirstOrder.AsymptoticFamilies,41,38,33,31,24,24,8,7,0,0,58.5366,63.1579
NumStability.Analysis.FirstOrder.FixedPrecision,19,12,12,12,12,12,7,0,7,0,63.1579,100.0
NumStability.Analysis.FirstOrder.MatrixFamilies.AsymptoticFamilies,8,8,8,8,8,8,0,0,0,0,100.0,100.0
NumStability.Analysis.FirstOrderFramework,30,22,13,11,0,0,17,11,0,0,0.0,0.0
NumStability.Analysis.FloatingPointArithmetic.DoubleRounding.FiniteNormalRange,4,4,3,3,0,0,1,1,0,0,0.0,0.0
NumStability.Analysis.FloatingPointArithmetic.DoubleRounding.ToyBinary,11,7,9,5,8,5,2,2,0,0,72.7273,71.4286
NumStability.Analysis.FloatingPointArithmetic.ErrorModels.Additive,4,4,4,4,4,4,0,0,0,0,100.0,100.0
NumStability.Analysis.FloatingPointArithmetic.ErrorModels.AdditiveProperties,7,7,5,5,3,3,2,2,0,0,42.8571,42.8571
NumStability.Analysis.FloatingPointArithmetic.ErrorModels.NoGuardBasic,20,20,9,9,8,8,11,11,0,0,40.0,40.0
NumStability.Analysis.FloatingPointArithmetic.ErrorModels.NoGuardModel,56,39,30,24,17,13,26,15,0,0,30.3571,33.3333
NumStability.Analysis.FloatingPointArithmetic.ExactSubtraction,216,190,159,134,25,21,57,56,0,0,11.5741,11.0526
NumStability.Analysis.FloatingPointArithmetic.Format,300,268,245,219,178,172,55,49,0,0,59.3333,64.1791
NumStability.Analysis.FloatingPointArithmetic.IeeeExceptions,910,727,352,303,192,192,558,424,0,0,21.0989,26.4099
NumStability.Analysis.FloatingPointArithmetic.IeeeOperations,268,255,115,111,31,31,153,144,0,0,11.5672,12.1569
NumStability.Analysis.FloatingPointArithmetic.IeeeSpecialValueOperations.Results,234,232,25,23,0,0,209,209,0,0,0.0,0.0
NumStability.Analysis.FloatingPointArithmetic.IeeeValue,426,311,206,150,95,83,220,161,0,0,22.3005,26.6881
NumStability.Analysis.FloatingPointArithmetic.MidpointRounding.DecimalTieExamples,14,14,13,13,7,7,1,1,0,0,50.0,50.0
NumStability.Analysis.FloatingPointArithmetic.NearestRoundingError,323,287,269,247,99,98,54,40,14,0,30.6502,34.1463
NumStability.Analysis.FloatingPointArithmetic.RoundToEvenLocalError,426,363,366,313,22,22,60,50,0,0,5.1643,6.0606
NumStability.Analysis.FloatingPointArithmetic.Rounding,296,244,257,212,108,108,39,32,7,0,36.4865,44.2623
NumStability.Analysis.FloatingPointArithmetic.StandardModel,68,47,39,39,9,9,29,8,21,0,13.2353,19.1489
NumStability.Analysis.FloatingPointArithmetic.TrigonometricCancellation.Core,27,26,16,15,1,1,11,11,1,1,3.7037,3.8462
NumStability.Analysis.ForwardError,3,3,3,3,3,3,0,0,0,0,100.0,100.0
NumStability.Analysis.FunctionalCalculus.Resolvent.Analyticity,9,9,6,6,5,5,3,3,0,0,55.5556,55.5556
NumStability.Analysis.FunctionalCalculus.Resolvent.DunfordResidue,15,5,7,4,1,1,8,1,7,0,6.6667,20.0
NumStability.Analysis.Heron,96,94,76,74,17,17,20,20,0,0,17.7083,18.0851
NumStability.Analysis.LeadingDigits.Decimal,6,5,3,2,2,1,3,3,1,1,33.3333,20.0
NumStability.Analysis.LeadingDigits.DecimalPowers,27,19,20,19,9,9,7,0,7,0,33.3333,47.3684
NumStability.Analysis.LeadingDigits.Empirical,14,14,9,9,0,0,5,5,0,0,0.0,0.0
NumStability.Analysis.LeadingDigits.LogarithmicDistribution,26,25,16,15,1,1,10,10,0,0,3.8462,4.0
NumStability.Analysis.LinearOperators.Basic,31,29,22,21,19,19,9,8,0,0,61.2903,65.5172
NumStability.Analysis.LinearOperators.Jordan.NormalForm.NilpotentChains,57,36,55,34,0,0,2,2,0,0,0.0,0.0
NumStability.Analysis.LinearOperators.Jordan.NormalForm.PrimaryDecomposition,51,33,41,23,9,9,10,10,0,0,17.6471,27.2727
NumStability.Analysis.LinearOperators.MatrixPowers.BaiDemmelGu.DistanceToInstability,42,34,33,27,1,1,9,7,2,0,2.381,2.9412
NumStability.Analysis.LinearOperators.MatrixPowers.BaiDemmelGu.StabilityRadius,39,20,18,17,9,9,21,3,18,0,23.0769,45.0
NumStability.Analysis.LinearOperators.MatrixPowers.ExactNormBounds.Complex,9,9,9,9,8,8,0,0,0,0,88.8889,88.8889
NumStability.Analysis.LinearOperators.MatrixPowers.ExactNormBounds.NormalMatrices.Powers,5,1,4,0,0,0,1,1,0,0,0.0,0.0
NumStability.Analysis.LinearOperators.MatrixPowers.ExactNormBounds.Real,2,2,2,2,2,2,0,0,0,0,100.0,100.0
NumStability.Analysis.LinearOperators.MatrixPowers.ExactNormBounds.Schur,6,4,6,4,3,3,0,0,0,0,50.0,75.0
NumStability.Analysis.LinearOperators.MatrixPowers.ExactNormBounds.SpectralRadius,8,8,8,8,6,6,0,0,0,0,75.0,75.0
NumStability.Analysis.LinearOperators.MatrixPowers.Gautschi.Bounds,1,1,1,1,1,1,0,0,0,0,100.0,100.0
NumStability.Analysis.LinearOperators.MatrixPowers.Henrici.BinomialPowerBound,6,3,4,1,1,1,2,2,1,1,16.6667,33.3333
NumStability.Analysis.LinearOperators.MatrixPowers.Henrici.DepartureFromNormality,22,22,17,17,7,7,5,5,0,0,31.8182,31.8182
NumStability.Analysis.LinearOperators.MatrixPowers.Henrici.Extremal,30,22,28,20,12,12,2,2,0,0,40.0,54.5455
NumStability.Analysis.LinearOperators.MatrixPowers.Henrici.ImprovedConstant,19,14,15,10,5,5,4,4,0,0,26.3158,35.7143
NumStability.Analysis.LinearOperators.MatrixPowers.Henrici.NormalCharacterization.Schur,3,3,2,2,1,1,1,1,0,0,33.3333,33.3333
NumStability.Analysis.LinearOperators.MatrixPowers.Henrici.NormalMatrices,1,1,1,1,1,1,0,0,0,0,100.0,100.0
NumStability.Analysis.LinearOperators.MatrixPowers.Henrici.SchurBinomialBounds.Estimates,34,4,30,2,0,0,4,2,0,0,0.0,0.0
NumStability.Analysis.LinearOperators.MatrixPowers.Henrici.SharpConstant,41,21,35,15,0,0,6,6,0,0,0.0,0.0
NumStability.Analysis.LinearOperators.MatrixPowers.JordanScaling.Complex,20,10,18,10,6,6,2,0,2,0,30.0,60.0
NumStability.Analysis.LinearOperators.MatrixPowers.JordanScaling.RealDiagonal,29,23,20,15,9,9,9,8,0,0,31.0345,39.1304
NumStability.Analysis.LinearOperators.MatrixPowers.JordanScaling.RealJordan,38,20,32,17,14,14,6,3,0,0,36.8421,70.0
NumStability.Analysis.LinearOperators.MatrixPowers.Kreiss.ResolventBound,42,21,20,18,12,12,22,3,19,0,28.5714,57.1429
NumStability.Analysis.LinearOperators.MatrixPowers.Laszlo.NearestNormal,39,28,34,23,1,1,5,5,0,0,2.5641,3.5714
NumStability.Analysis.LinearOperators.MatrixPowers.LpBounds.ComplexDiagonal,20,15,15,15,11,11,5,0,4,0,55.0,73.3333
NumStability.Analysis.LinearOperators.MatrixPowers.LpBounds.ComplexJordan,12,7,12,7,2,2,0,0,0,0,16.6667,28.5714
NumStability.Analysis.LinearOperators.MatrixPowers.Semiconvergence.Limits.General,24,24,22,22,8,8,2,2,0,0,33.3333,33.3333
NumStability.Analysis.LinearOperators.MatrixPowers.Semiconvergence.Limits.RealSpectrum,29,11,25,7,0,0,4,4,0,0,0.0,0.0
NumStability.Analysis.LinearOperators.MatrixPowers.Semiconvergence.PrimarySplitting,38,35,31,28,20,20,7,7,1,1,52.6316,57.1429
NumStability.Analysis.LinearOperators.MatrixPowers.Semiconvergence.QuasiTriangularBlockForm,10,5,10,5,2,2,0,0,0,0,20.0,40.0
NumStability.Analysis.LinearOperators.MatrixPowers.Semiconvergence.TriangularBlockForm,37,25,28,23,12,12,9,2,7,0,32.4324,48.0
NumStability.Analysis.LinearOperators.MatrixPowers.Spijker.ArcLengthPowerBounds.FiniteDimension,24,7,8,7,3,3,16,0,16,0,12.5,42.8571
NumStability.Analysis.LinearOperators.MatrixPowers.Spijker.FiniteDimensionalPowerBounds.Kreiss,2,2,0,0,0,0,2,2,0,0,0.0,0.0
NumStability.Analysis.LinearOperators.MatrixPowers.Spijker.PlanarAlgebra,52,36,30,29,20,19,22,7,14,0,38.4615,52.7778
NumStability.Analysis.LinearOperators.MatrixPowers.Spijker.PlanarAnalysis,15,14,14,13,1,1,1,1,0,0,6.6667,7.1429
NumStability.Analysis.LinearOperators.MatrixPowers.Spijker.PlanarArcLength.Variation,24,4,22,4,1,1,2,0,1,0,4.1667,25.0
NumStability.Analysis.LinearOperators.MatrixPowers.Spijker.PlanarCrossingBounds.Polynomial,7,4,7,4,1,1,0,0,0,0,14.2857,25.0
NumStability.Analysis.LinearOperators.MatrixPowers.Spijker.ProjectionIntegral,3,3,3,3,1,1,0,0,0,0,33.3333,33.3333
NumStability.Analysis.LinearOperators.MatrixPowers.Spijker.Rational,42,28,34,22,8,8,8,6,1,0,19.0476,28.5714
NumStability.Analysis.LinearOperators.MatrixPowers.Spijker.ResolventCoefficients.Analytic,47,18,25,13,9,9,22,5,17,0,19.1489,50.0
NumStability.Analysis.LinearOperators.NumericalRadius.Berger.GeneralPowerInequality.Powers,12,5,8,4,0,0,4,1,3,0,0.0,0.0
NumStability.Analysis.LinearOperators.NumericalRadius.Berger.GeneralPowerInequality.PowersOfTwo,12,7,6,4,0,0,6,3,3,0,0.0,0.0
NumStability.Analysis.LinearOperators.NumericalRadius.Berger.Hermitian,5,5,4,4,0,0,1,1,0,0,0.0,0.0
NumStability.Analysis.LinearOperators.NumericalRadius.Berger.PowerTwo,5,5,3,3,2,2,2,2,0,0,40.0,40.0
NumStability.Analysis.LinearOperators.NumericalRadius.Core.Basic,20,15,19,14,13,8,1,1,0,0,65.0,53.3333
NumStability.Analysis.LinearOperators.Pseudospectra.Perturbation.ConvergenceCriterion,4,4,2,2,1,1,2,2,0,0,25.0,25.0
NumStability.Analysis.LinearOperators.Pseudospectra.Perturbation.Definitions,5,5,4,4,3,3,1,1,0,0,60.0,60.0
NumStability.Analysis.LinearOperators.Pseudospectra.Perturbation.LowerBounds,21,14,11,11,0,0,10,3,7,0,0.0,0.0
NumStability.Analysis.LinearOperators.Pseudospectra.PowerBounds.Contour,22,15,15,14,5,5,7,1,6,0,22.7273,33.3333
NumStability.Analysis.LinearOperators.Pseudospectra.Resolvent.LowerBounds,5,5,4,4,1,1,1,1,0,0,20.0,20.0
NumStability.Analysis.LinearOperators.Schur.Complex.BlockEmbedding,13,11,7,7,4,4,6,4,2,0,30.7692,36.3636
NumStability.Analysis.LinearOperators.Schur.Complex.Deflation,4,3,4,3,3,3,0,0,0,0,75.0,100.0
NumStability.Analysis.LinearOperators.Schur.Complex.NormalTriangular.Diagonal,3,1,3,1,1,1,0,0,0,0,33.3333,100.0
NumStability.Analysis.LinearOperators.Schur.Complex.Triangulation,2,2,2,2,2,2,0,0,0,0,100.0,100.0
NumStability.Analysis.LinearOperators.Schur.Real.InvariantSubspace.Complexification,8,8,7,7,4,4,1,1,0,0,50.0,50.0
NumStability.Analysis.LinearOperators.Schur.Real.InvariantSubspace.Existence,17,6,16,5,2,2,1,1,0,0,11.7647,33.3333
NumStability.Analysis.LinearOperators.Schur.Real.InvariantSubspace.TwoByTwo,12,11,10,9,4,3,2,2,0,0,33.3333,27.2727
NumStability.Analysis.LinearOperators.Schur.Real.QuasiTriangular.API,4,4,3,3,2,2,1,1,0,0,50.0,50.0
NumStability.Analysis.LinearOperators.Schur.Real.QuasiTriangular.Basic,3,2,3,2,3,2,0,0,0,0,100.0,100.0
NumStability.Analysis.LinearOperators.Schur.Real.QuasiTriangular.BlockEmbedding,5,5,5,5,3,3,0,0,0,0,60.0,60.0
NumStability.Analysis.LinearOperators.Schur.Real.QuasiTriangular.Deflation,3,3,3,3,3,3,0,0,0,0,100.0,100.0
NumStability.Analysis.LinearOperators.Schur.Real.QuasiTriangular.Existence,44,2,44,2,2,2,0,0,0,0,4.5455,100.0
NumStability.Analysis.LinearOperators.Schur.Real.QuasiTriangular.OrthogonalFrame,21,12,18,9,3,3,3,3,0,0,14.2857,25.0
NumStability.Analysis.LinearOperators.Schur.Real.QuasiTriangular.Reindex,18,11,16,9,8,8,2,2,0,0,44.4444,72.7273
NumStability.Analysis.LinearOperators.Schur.Real.QuasiTriangular.TrailingConjugation,16,13,12,9,3,3,4,4,0,0,18.75,23.0769
NumStability.Analysis.LinearOperators.Schur.Real.Triangularization.SplitCharpoly,21,18,15,14,1,1,6,4,2,0,4.7619,5.5556
NumStability.Analysis.LinearOperators.Triangularization,13,9,11,7,1,1,2,2,0,0,7.6923,11.1111
NumStability.Analysis.MatrixAlgebra,824,713,634,611,458,453,190,102,77,3,55.5825,63.5344
NumStability.Analysis.MatrixEquations.SylvesterExistence,37,28,24,16,1,1,13,12,0,0,2.7027,3.5714
NumStability.Analysis.MatrixNorms.Attainment,67,60,34,34,5,5,33,26,7,0,7.4627,8.3333
NumStability.Analysis.MatrixNorms.Basic,109,105,82,79,72,71,27,26,1,0,66.055,67.619
NumStability.Analysis.MatrixNorms.Comparisons,152,142,121,120,33,33,31,22,9,0,21.7105,23.2394
NumStability.Analysis.MatrixNorms.EntrywiseAbsolute.Basic,16,16,14,14,14,14,2,2,0,0,87.5,87.5
NumStability.Analysis.MatrixNorms.EntrywiseMaximum,44,36,34,33,32,31,10,3,7,0,72.7273,86.1111
NumStability.Analysis.MatrixNorms.Hadamard,53,45,41,41,11,11,12,4,8,0,20.7547,24.4444
NumStability.Analysis.MatrixNorms.HadamardDeterminant,3,3,3,3,2,2,0,0,0,0,66.6667,66.6667
NumStability.Analysis.MatrixNorms.Lp,208,130,117,116,31,30,91,14,77,0,14.9038,23.0769
NumStability.Analysis.MatrixNorms.SpectralExtrema.Basic,18,17,16,15,15,15,2,2,0,0,83.3333,88.2353
NumStability.Analysis.MatrixNorms.SpectralExtrema.PrincipalSubmatrices.Bounds,19,3,11,2,3,2,8,1,7,0,15.7895,66.6667
NumStability.Analysis.MatrixNorms.SpectralRadius,31,24,19,19,6,6,12,5,7,0,19.3548,25.0
NumStability.Analysis.MatrixNorms.UnitarilyInvariant,69,60,50,44,11,11,19,16,0,0,15.942,18.3333
NumStability.Analysis.MatrixSpectral,48,42,35,30,16,16,13,12,0,0,33.3333,38.0952
NumStability.Analysis.Monotonicity,57,52,34,34,0,0,23,18,0,0,0.0,0.0
NumStability.Analysis.Nonassociativity,53,49,42,38,12,8,11,11,0,0,22.6415,16.3265
NumStability.Analysis.OperatorNorms.Attainment,57,35,32,32,20,20,25,3,22,0,35.0877,57.1429
NumStability.Analysis.OperatorNorms.Basic,28,21,18,18,16,16,10,3,7,0,57.1429,76.1905
NumStability.Analysis.Perturbation.LeastSquares.Absorption,11,8,11,8,6,6,0,0,0,0,54.5455,75.0
NumStability.Analysis.Perturbation.LeastSquares.AlternativeBound,1,1,1,1,1,1,0,0,0,0,100.0,100.0
NumStability.Analysis.Perturbation.LeastSquares.AugmentedSystem,49,43,29,27,8,8,20,16,0,0,16.3265,18.6047
NumStability.Analysis.Perturbation.LeastSquares.BackwardError,128,124,67,64,2,2,61,60,0,0,1.5625,1.6129
NumStability.Analysis.Perturbation.LeastSquares.Basic,375,330,257,223,102,99,118,107,7,0,27.2,30.0
NumStability.Analysis.Perturbation.LeastSquares.Conditioning,2,2,1,1,1,1,1,1,0,0,50.0,50.0
NumStability.Analysis.Perturbation.LeastSquares.Contract,24,10,9,6,7,6,15,4,7,0,29.1667,60.0
NumStability.Analysis.Perturbation.LeastSquares.Equality.KKTInverse,14,11,12,9,9,7,2,2,0,0,64.2857,63.6364
NumStability.Analysis.Perturbation.LeastSquares.Equality.MixedStability,346,243,271,170,17,17,75,73,0,0,4.9133,6.9959
NumStability.Analysis.Perturbation.LeastSquares.Equality.Perturbation,606,541,357,334,88,88,249,207,42,0,14.5215,16.2662
NumStability.Analysis.Perturbation.LeastSquares.Equality.RowwiseBackwardError,580,539,399,366,0,0,181,173,7,0,0.0,0.0
NumStability.Analysis.Perturbation.LeastSquares.GramBasis,3,3,3,3,1,1,0,0,0,0,33.3333,33.3333
NumStability.Analysis.Perturbation.LeastSquares.MinimumNorm,8,8,8,8,7,7,0,0,0,0,87.5,87.5
NumStability.Analysis.Perturbation.LeastSquares.NormalEquations,60,53,40,36,16,16,20,17,1,1,26.6667,30.1887
NumStability.Analysis.Perturbation.LeastSquares.Normwise,158,142,111,109,52,51,47,33,14,0,32.9114,35.9155
NumStability.Analysis.Perturbation.LeastSquares.Projection,1,1,1,1,1,1,0,0,0,0,100.0,100.0
NumStability.Analysis.Perturbation.LeastSquares.ResidualQuality,13,13,9,9,7,7,4,4,0,0,53.8462,53.8462
NumStability.Analysis.Perturbation.LeastSquares.Wedin,304,232,191,189,52,51,113,43,70,1,17.1053,21.9828
NumStability.Analysis.Perturbation.LeastSquares.WeightedLimit,4,3,4,3,3,3,0,0,0,0,75.0,100.0
NumStability.Analysis.PerturbationTheory,103,56,48,44,31,30,55,12,44,1,30.0971,53.5714
NumStability.Analysis.Polynomials.RealRootCounting,16,2,9,2,2,2,7,0,1,0,12.5,100.0
NumStability.Analysis.Probability.Gaussian.AbsoluteMoment,8,8,7,7,1,1,1,1,0,0,12.5,12.5
NumStability.Analysis.Probability.Haar.HomogeneousSpaceUniqueness,4,3,3,2,2,2,1,1,1,1,50.0,66.6667
NumStability.Analysis.Probability.Haar.NormalizedOrthogonalMatrixLaw,4,3,2,1,0,0,2,2,0,0,0.0,0.0
NumStability.Analysis.ProblemDependentStability.HessenbergDeterminant,137,103,56,54,3,3,81,49,8,0,2.1898,2.9126
NumStability.Analysis.Quadratic,212,157,121,108,0,0,91,49,42,0,0.0,0.0
NumStability.Analysis.RelativePrecision,14,7,2,2,0,0,12,5,7,0,0.0,0.0
NumStability.Analysis.Rounding,142,43,51,36,35,35,91,7,84,0,24.6479,81.3953
NumStability.Analysis.SemiconvergentExistenceGaps,10,7,9,6,4,4,1,1,0,0,40.0,57.1429
NumStability.Analysis.SemiconvergentSpectral,7,7,2,2,0,0,5,5,3,3,0.0,0.0
NumStability.Analysis.SingularValues.Basic,232,207,193,169,110,97,39,38,2,2,47.4138,46.8599
NumStability.Analysis.SingularValues.InverseBounds.Gram,4,4,3,3,3,3,1,1,0,0,75.0,75.0
NumStability.Analysis.SingularValues.InverseBounds.OperatorTwo,4,4,3,3,1,1,1,1,0,0,25.0,25.0
NumStability.Analysis.SingularValues.InverseBounds.Rayleigh,1,1,1,1,1,1,0,0,0,0,100.0,100.0
NumStability.Analysis.SingularValues.Realification,38,38,35,35,32,32,3,3,0,0,84.2105,84.2105
NumStability.Analysis.SingularValues.RectangularGram,68,49,49,44,33,31,19,5,14,0,48.5294,63.2653
NumStability.Analysis.SingularValues.RectangularRankFactorization,30,23,20,17,11,10,10,6,0,0,36.6667,43.4783
NumStability.Analysis.SingularValues.WeylMirsky,17,4,16,4,2,2,1,0,1,0,11.7647,50.0
NumStability.Analysis.Stability,34,27,14,14,2,2,20,13,7,0,5.8824,7.4074
NumStability.Analysis.StatisticalRounding,132,97,66,49,6,6,66,48,0,0,4.5455,6.1856
NumStability.Analysis.Statistics.SampleVariance.Core,14,14,13,13,13,13,1,1,0,0,92.8571,92.8571
NumStability.Analysis.Statistics.SampleVariance.RoundingErrorBounds.Theorems,27,15,7,4,0,0,20,11,7,0,0.0,0.0
NumStability.Analysis.Statistics.SampleVariance.TwoPass,72,18,25,13,3,3,47,5,42,0,4.1667,16.6667
NumStability.Analysis.Statistics.SampleVariance.Updating,65,39,32,26,21,21,33,13,14,0,32.3077,53.8462
NumStability.Analysis.SubtractionFold,17,5,10,5,5,5,7,0,7,0,29.4118,100.0
NumStability.Analysis.Summation.ErrorBounds,46,23,20,14,10,10,26,9,14,0,21.7391,43.4783
NumStability.Analysis.Summation.Signs,10,10,10,10,9,9,0,0,0,0,90.0,90.0
NumStability.Analysis.TestMatrices.Cauchy.Basic,12,12,5,5,5,5,7,7,0,0,41.6667,41.6667
NumStability.Analysis.TestMatrices.Cauchy.Cauchy,115,45,48,42,8,8,67,3,65,1,6.9565,17.7778
NumStability.Analysis.TestMatrices.Cauchy.Contracts,43,41,33,32,25,25,10,9,1,1,58.1395,60.9756
NumStability.Analysis.TestMatrices.Companion.Basic,9,5,7,3,2,2,2,2,0,0,22.2222,40.0
NumStability.Analysis.TestMatrices.Companion.Companion,8,8,7,7,6,6,1,1,0,0,75.0,75.0
NumStability.Analysis.TestMatrices.Companion.CompanionSpectral,12,9,12,9,10,7,0,0,0,0,83.3333,77.7778
NumStability.Analysis.TestMatrices.Companion.Contracts,19,13,16,10,8,8,3,3,0,0,42.1053,61.5385
NumStability.Analysis.TestMatrices.Gaussian.GaussianDirection,19,13,17,11,13,10,2,2,0,0,68.4211,76.9231
NumStability.Analysis.TestMatrices.Gaussian.GaussianOrthogonal,37,28,33,24,10,10,4,4,0,0,27.027,35.7143
NumStability.Analysis.TestMatrices.Hilbert.Asymptotics,4,3,4,3,4,3,0,0,0,0,100.0,100.0
NumStability.Analysis.TestMatrices.Hilbert.Basic,83,34,77,29,22,22,6,5,0,0,26.506,64.7059
NumStability.Analysis.TestMatrices.Hilbert.Exact,30,9,26,6,4,4,4,3,1,0,13.3333,44.4444
NumStability.Analysis.TestMatrices.Hilbert.HilbertAsymptotic,30,5,8,5,3,3,22,0,22,0,10.0,60.0
NumStability.Analysis.TestMatrices.Hilbert.ShiftedHilbert,57,37,40,34,0,0,17,3,14,0,0.0,0.0
NumStability.Analysis.TestMatrices.Orthogonal.Basic,2,2,2,2,2,2,0,0,0,0,100.0,100.0
NumStability.Analysis.TestMatrices.Orthogonal.HaarFiberMeasure,10,9,9,8,2,2,1,1,0,0,20.0,22.2222
NumStability.Analysis.TestMatrices.Orthogonal.OrthogonalCoordinates,18,13,18,13,3,3,0,0,0,0,16.6667,23.0769
NumStability.Analysis.TestMatrices.Orthogonal.OrthogonalFibers,52,42,40,31,20,18,12,11,1,0,38.4615,42.8571
NumStability.Analysis.TestMatrices.Orthogonal.OrthogonalHaar,19,17,19,17,15,15,0,0,0,0,78.9474,88.2353
NumStability.Analysis.TestMatrices.Orthogonal.OrthogonalSphere,10,6,9,6,5,5,1,0,1,0,50.0,83.3333
NumStability.Analysis.TestMatrices.Pascal.Basic,34,23,32,21,17,17,2,2,0,0,50.0,73.913
NumStability.Analysis.TestMatrices.Pascal.Contracts,26,18,13,12,0,0,13,6,7,0,0.0,0.0
NumStability.Analysis.TestMatrices.Pascal.Exact,4,4,4,4,2,2,0,0,0,0,50.0,50.0
NumStability.Analysis.TestMatrices.Pascal.PascalDualFlag,58,43,45,30,4,3,13,13,1,1,6.8966,6.9767
NumStability.Analysis.TestMatrices.Pascal.PascalOscillation,43,37,32,28,23,22,11,9,0,0,53.4884,59.4595
NumStability.Analysis.TestMatrices.Pascal.PascalOscillationCore,67,41,56,34,18,18,11,7,0,0,26.8657,43.9024
NumStability.Analysis.TestMatrices.Pascal.PascalSpectral,1,1,1,1,1,1,0,0,0,0,100.0,100.0
NumStability.Analysis.TestMatrices.Pascal.PascalTotalPositivity,83,28,72,23,11,6,11,5,3,0,13.253,21.4286
NumStability.Analysis.TestMatrices.RandomSVD.Basic,2,2,2,2,2,2,0,0,0,0,100.0,100.0
NumStability.Analysis.TestMatrices.RandomSVD.GroupLawRecursion,12,12,8,8,2,2,4,4,0,0,16.6667,16.6667
NumStability.Analysis.TestMatrices.RandomSVD.Stewart,45,33,41,29,32,25,4,4,0,0,71.1111,75.7576
NumStability.Analysis.TestMatrices.RandomSVD.StewartHaar,13,10,11,8,6,5,2,2,0,0,46.1538,50.0
NumStability.Analysis.TestMatrices.RandomSVD.StewartMeasurability,20,17,13,13,6,6,7,4,0,0,30.0,35.2941
NumStability.Analysis.TestMatrices.RandomSVD.StewartRecursion,74,54,60,42,12,10,14,12,0,0,16.2162,18.5185
NumStability.Analysis.TestMatrices.RealGinibre.GinibreRoots,1,1,1,1,1,1,0,0,0,0,100.0,100.0
NumStability.Analysis.TestMatrices.RealGinibre.ProjectiveWeightIntegral,22,3,15,3,1,1,7,0,7,0,4.5455,33.3333
NumStability.Analysis.TestMatrices.Toeplitz.Basic,21,8,17,4,4,3,4,4,0,0,19.0476,37.5
NumStability.Analysis.TestMatrices.Toeplitz.Contracts,5,3,5,3,5,3,0,0,0,0,100.0,100.0
NumStability.Analysis.TieRules,34,28,29,23,5,5,5,5,0,0,14.7059,17.8571
NumStability.Analysis.VectorNorms.Attainment,7,7,7,7,7,7,0,0,0,0,100.0,100.0
NumStability.Analysis.VectorNorms.Basic,199,161,129,124,91,91,70,37,30,0,45.7286,56.5217
NumStability.Analysis.VectorNorms.Duality,58,41,33,33,25,25,25,8,14,0,43.1034,60.9756
NumStability.Analysis.VectorNorms.Interpolation,103,102,80,80,44,44,23,22,0,0,42.7184,43.1373
NumStability.FloatingPoint.FusedMultiplyAdd.Core,12,12,7,7,4,4,5,5,0,0,33.3333,33.3333
NumStability.FloatingPoint.FusedMultiplyAdd.DotProductCounts,32,19,18,14,4,4,14,5,0,0,12.5,21.0526
NumStability.FloatingPoint.IEEE.NaiveMaximum,16,16,12,12,0,0,4,4,0,0,0.0,0.0
NumStability.FloatingPoint.Model,73,60,53,41,34,28,20,19,0,0,46.5753,46.6667
NumStability.FloatingPoint.OperationLaws,7,7,7,7,7,7,0,0,0,0,100.0,100.0
NumStability.Source.Higham.Chapter01.FloatingPointArithmetic.CancellationOfRoundingErrors,209,100,93,67,21,17,116,33,86,3,10.0478,17.0
NumStability.Source.Higham.Chapter01.FloatingPointArithmetic.IncreasingPrecision,30,26,22,18,12,8,8,8,0,0,40.0,30.7692
NumStability.Source.Higham.Chapter01.FloatingPointArithmetic.InstabilityWithoutCancellation,1278,1054,945,738,17,15,333,316,2,0,1.3302,1.4231
NumStability.Source.Higham.Chapter01.Problem01.RelativeError.Bounds,1,1,0,0,0,0,1,1,0,0,0.0,0.0
NumStability.Source.Higham.Chapter01.Problem02.NearIntegerTable.Basic,40,36,24,20,0,0,16,16,0,0,0.0,0.0
NumStability.Source.Higham.Chapter01.Problem03.CancellationRewrites.Algebra,9,7,4,2,3,1,5,5,4,4,33.3333,14.2857
NumStability.Source.Higham.Chapter01.Problem05.CompensatedLogarithm.Basic,22,8,4,4,0,0,18,4,14,0,0.0,0.0
NumStability.Source.Higham.Chapter01.Problem06.CalculatorWords.Basic,59,53,27,23,0,0,32,30,2,2,0.0,0.0
NumStability.Source.Higham.Chapter01.Problem07.SampleVarianceConditioning.ConditionNumbers,55,19,12,11,0,0,43,8,35,0,0.0,0.0
NumStability.Source.Higham.Chapter01.Problem08.MullerRecurrence.Basic,75,47,42,23,0,0,33,24,1,0,0.0,0.0
NumStability.Source.Higham.Chapter01.Problem09.CramersRule.ForwardError,56,34,25,24,0,0,31,10,21,0,0.0,0.0
NumStability.Source.Higham.Chapter01.Problem10.TwoPassSampleVariance.Bounds,18,17,10,9,4,3,8,8,0,0,22.2222,17.6471
NumStability.Source.Higham.Chapter01.Problem10.TwoPassSampleVariance.RemainderBound.Theorem,3,2,1,0,0,0,2,2,0,0,0.0,0.0
NumStability.Source.Higham.Chapter01.Section03.ErrorSources.Core,32,28,19,15,0,0,13,13,0,0,0.0,0.0
NumStability.Source.Higham.Chapter01.Section07.Cancellation.Basic,4,4,3,3,0,0,1,1,0,0,0.0,0.0
NumStability.Source.Higham.Chapter01.Section07.TrigonometricCancellation.Example,17,12,10,5,0,0,7,7,0,0,0.0,0.0
NumStability.Source.Higham.Chapter01.Section09.SampleVariance.Examples,26,21,15,10,11,6,11,11,0,0,42.3077,28.5714
NumStability.Source.Higham.Chapter01.Section09.SampleVariance.IeeeSingleOnePassCounterexample.Results,77,49,60,35,0,0,17,14,0,0,0.0,0.0
NumStability.Source.Higham.Chapter01.Section10.CramersRule.PrintedComparison,49,37,32,20,0,0,17,17,0,0,0.0,0.0
NumStability.Source.Higham.Chapter01.Section11.Accumulation.Basic,66,45,43,29,2,2,23,16,7,0,3.0303,4.4444
NumStability.Source.Higham.Chapter01.Section12.InstabilityWithoutCancellation.PivotingExample,12,9,4,4,1,1,8,5,0,0,8.3333,11.1111
NumStability.Source.Higham.Chapter01.Section13.IncreasingPrecision.BinaryStorageExamples,36,20,28,12,0,0,8,8,0,0,0.0,0.0
NumStability.Source.Higham.Chapter01.Section14.CancellationOfRoundingErrors.Algorithm02RoundedCore,33,23,26,17,0,0,7,6,0,0,0.0,0.0
NumStability.Source.Higham.Chapter01.Section16.ProblemDependentStability.ExactExample,106,82,23,21,13,11,83,61,0,0,12.2642,13.4146
NumStability.Source.Higham.Chapter01.Section16.ProblemDependentStability.Table13IeeeSingle,179,148,111,102,0,0,68,46,0,0,0.0,0.0
NumStability.Source.Higham.Chapter01.Section17.ErrorSpread,9,8,7,6,0,0,2,2,0,0,0.0,0.0
NumStability.Source.Higham.Chapter01.Section17.GridVariation,63,45,39,28,5,2,24,17,7,0,7.9365,4.4444
NumStability.Source.Higham.Chapter01.Section17.HornerEvaluation,108,86,83,64,57,38,25,22,0,0,52.7778,44.186
NumStability.Source.Higham.Chapter01.Section17.SourceInterval,21,13,17,10,4,4,4,3,0,0,19.0476,30.7692
NumStability.Source.Higham.Chapter01.Section17.StoredGrid,41,36,41,36,3,3,0,0,0,0,7.3171,8.3333
NumStability.Source.Higham.Chapter02.FloatingPointArithmetic.AdditiveUnderflowModel,39,39,26,26,1,1,13,13,0,0,2.5641,2.5641
NumStability.Source.Higham.Chapter02.FloatingPointArithmetic.Environment,14,14,5,5,1,1,9,9,0,0,7.1429,7.1429
NumStability.Source.Higham.Chapter02.Problem01.FloatingPointCounts.Basic,36,31,16,11,0,0,20,20,0,0,0.0,0.0
NumStability.Source.Higham.Chapter02.Problem02,3,3,2,2,0,0,1,1,0,0,0.0,0.0
NumStability.Source.Higham.Chapter02.Problem03.AdjacentPrecisionValues.Basic,92,71,77,56,30,30,15,15,0,0,32.6087,42.2535
NumStability.Source.Higham.Chapter02.Problem03.AdjacentPrecisionValues.Results.Theorems,94,52,55,24,0,0,39,28,0,0,0.0,0.0
NumStability.Source.Higham.Chapter02.Problem04,3,3,0,0,0,0,3,3,0,0,0.0,0.0
NumStability.Source.Higham.Chapter02.Problem05.BinaryOneTenth.Basic,8,6,6,4,0,0,2,2,0,0,0.0,0.0
NumStability.Source.Higham.Chapter02.Problem06.IntegerRepresentability.Basic,17,13,15,11,0,0,2,2,0,0,0.0,0.0
NumStability.Source.Higham.Chapter02.Problem07,9,9,0,0,0,0,9,9,0,0,0.0,0.0
NumStability.Source.Higham.Chapter02.Problem08.MidpointRounding.Counterexample,8,8,5,5,1,1,3,3,0,0,12.5,12.5
NumStability.Source.Higham.Chapter02.Problem09.DoubleRounding.Counterexample,6,2,6,2,6,2,0,0,0,0,100.0,100.0
NumStability.Source.Higham.Chapter02.Problem09.DoubleRounding.Counterexample.Results,17,8,15,6,2,2,2,2,0,0,11.7647,25.0
NumStability.Source.Higham.Chapter02.Problem10.DivisionRoundTrip.Basic,609,592,393,383,195,195,216,209,7,0,32.0197,32.9392
NumStability.Source.Higham.Chapter02.Problem10.DivisionRoundTrip.ExhaustiveBinary64.Results,1348,956,1063,671,2,2,285,285,0,0,0.1484,0.2092
NumStability.Source.Higham.Chapter02.Problem11,57,53,25,21,0,0,32,32,4,4,0.0,0.0
NumStability.Source.Higham.Chapter02.Problem12.ReciprocalProduct.Basic,8,8,8,8,3,3,0,0,0,0,37.5,37.5
NumStability.Source.Higham.Chapter02.Problem12.ReciprocalProduct.Results.Theorems,15,6,8,6,4,4,7,0,7,0,26.6667,66.6667
NumStability.Source.Higham.Chapter02.Problem13.ReciprocalProductThreshold.Basic,60,49,45,34,23,22,15,15,0,0,38.3333,44.898
NumStability.Source.Higham.Chapter02.Problem13.ReciprocalProductThreshold.Results.Theorems,109,62,92,45,0,0,17,17,0,0,0.0,0.0
NumStability.Source.Higham.Chapter02.Problem14.UnitRoundoffProbe.Basic,4,2,4,2,4,2,0,0,0,0,100.0,100.0
NumStability.Source.Higham.Chapter02.Problem14.UnitRoundoffProbe.IeeeExamples.Results,22,14,20,12,0,0,2,2,0,0,0.0,0.0
NumStability.Source.Higham.Chapter02.Problem18.ExactSubtractionCounterexample.Basic,8,8,6,6,0,0,2,2,0,0,0.0,0.0
NumStability.Source.Higham.Chapter02.Problem19.GradualUnderflowExactness.Basic,6,6,3,3,0,0,3,3,0,0,0.0,0.0
NumStability.Source.Higham.Chapter02.Problem20.SquareRootIdentities.Basic,7,7,4,4,2,2,3,3,0,0,28.5714,28.5714
NumStability.Source.Higham.Chapter02.Problem21.HypotenuseNormalization.Basic,32,29,25,22,5,5,7,7,0,0,15.625,17.2414
NumStability.Source.Higham.Chapter02.Problem21.HypotenuseNormalization.StandardModelCounterexample.Results,18,4,13,1,0,0,5,3,0,0,0.0,0.0
NumStability.Source.Higham.Chapter02.Problem23,2,2,0,0,0,0,2,2,0,0,0.0,0.0
NumStability.Source.Higham.Chapter02.Problem24.GuardDigitCancellation.Basic,14,13,10,9,0,0,4,4,0,0,0.0,0.0
NumStability.Source.Higham.Chapter02.Problem25.NonzeroEvaluation.Basic,212,192,162,142,29,29,50,50,0,0,13.6792,15.1042
NumStability.Source.Higham.Chapter02.Problem25.NonzeroEvaluation.IeeeFiniteSystems.Results,30,27,20,17,0,0,10,10,0,0,0.0,0.0
NumStability.Source.Higham.Chapter02.Problem26.ExactProduct.Discrepancy,5,5,3,3,0,0,2,2,0,0,0.0,0.0
NumStability.Source.Higham.Chapter02.Problem27.KahanDeterminant.Basic,22,22,18,18,0,0,4,4,0,0,0.0,0.0
NumStability.Source.Higham.Chapter02.Problem28.IterativeDivisionTermination.Basic,22,15,12,12,7,7,10,3,7,0,31.8182,46.6667
NumStability.Source.Higham.Chapter02.Problem28.IterativeDivisionTermination.UnderflowAwareConvergence.Results,14,13,10,9,0,0,4,4,0,0,0.0,0.0
NumStability.Source.Higham.Chapter02.Problems15And16.SpecialValueProbes.Basic,101,94,46,40,0,0,55,54,0,0,0.0,0.0
NumStability.Source.Higham.Chapter02.Section03.DoubleRounding.Counterexample,1,1,0,0,0,0,1,1,0,0,0.0,0.0
NumStability.Source.Higham.Chapter02.Section04.NoGuardModel.BinaryT3Example,4,4,1,1,1,1,3,3,3,3,25.0,25.0
NumStability.Source.Higham.Chapter02.Section06.Discriminant.FusedMultiplyAdd.Basic,9,9,6,6,6,6,3,3,0,0,66.6667,66.6667
NumStability.Source.Higham.Chapter02.Section06.Discriminant.FusedMultiplyAdd.Counterexample.Results,10,2,9,1,0,0,1,1,0,0,0.0,0.0
NumStability.Source.Higham.Chapter02.Section06.Discriminant.StandardModel.Basic,6,6,5,5,5,5,1,1,0,0,83.3333,83.3333
NumStability.Source.Higham.Chapter02.Section06.Discriminant.StandardModel.Counterexample.Results,18,5,12,1,0,0,6,4,0,0,0.0,0.0
NumStability.Source.Higham.Chapter02.Section06.FusedMultiplyAdd.DotProductCount,1,1,0,0,0,0,1,1,0,0,0.0,0.0
NumStability.Source.Higham.Chapter02.Section06.ReciprocalIteration.Basic,108,79,52,49,0,0,56,30,15,1,0.0,0.0
NumStability.Source.Higham.Chapter02.Section07.PowerLeadingDigits,1,1,0,0,0,0,1,1,0,0,0.0,0.0
NumStability.Source.Higham.Chapter02.Section10.ArctangentRange.Basic,7,7,5,5,5,5,2,2,0,0,71.4286,71.4286
NumStability.Source.Higham.Chapter02.Section10.ArctangentRange.Counterexample.Results,7,1,6,0,0,0,1,1,0,0,0.0,0.0
NumStability.Source.Higham.Chapter02.Section10.Tablemaker.FiniteSeparation.Basic,8,8,8,8,2,2,0,0,0,0,25.0,25.0
NumStability.Source.Higham.Chapter02.Section10.Tablemaker.FiniteSeparation.Results.Theorems,4,2,3,1,0,0,1,1,0,0,0.0,0.0
NumStability.Source.Higham.Chapter02.Section10.Tablemaker.HermiteLindemann.Basic,13,12,12,11,3,3,1,1,0,0,23.0769,25.0
NumStability.Source.Higham.Chapter02.Section11.AccuracyTests.Basic,77,56,49,35,13,9,28,21,7,0,16.8831,16.0714
NumStability.Source.Higham.Chapter02.Section11.AccuracyTests.CodySineResults.Theorems,17,6,12,3,0,0,5,3,0,0,0.0,0.0
NumStability.Source.Higham.Chapter03.Problem02.ProductBounds.PositiveFactors,1,1,0,0,0,0,1,1,0,0,0.0,0.0
NumStability.Source.Higham.Chapter03.Problem11.KahanAbsoluteValue.Basic,125,100,95,75,58,47,30,25,0,0,46.4,47.0
NumStability.Source.Higham.Chapter03.Problem11.KahanAbsoluteValue.IeeeDoubleTrace.Results,188,141,152,105,0,0,36,36,0,0,0.0,0.0
NumStability.Source.Higham.Chapter04.Algorithm02.InitializationModelLimitations,3,3,0,0,0,0,3,3,0,0,0.0,0.0
NumStability.Source.Higham.Chapter04.Algorithm03.Priest.SourceAssumptions,43,39,27,26,9,9,16,13,0,0,20.9302,23.0769
NumStability.Source.Higham.Chapter04.Algorithm03.SourceClosure.Basic,48,42,33,31,0,0,15,11,0,0,0.0,0.0
NumStability.Source.Higham.Chapter04.Equation05.OrderingExamples.Basic,584,465,352,309,0,0,232,156,26,10,0.0,0.0
NumStability.Source.Higham.Chapter04.Equation07.AbstractModelCounterexample,11,4,8,1,8,1,3,3,1,1,72.7273,25.0
NumStability.Source.Higham.Chapter04.Equation07.NoGuardCounterexample,12,10,3,1,0,0,9,9,1,1,0.0,0.0
NumStability.Source.Higham.Chapter04.Equation07.SterbenzCounterexamples,9,6,5,2,0,0,4,4,0,0,0.0,0.0
NumStability.Source.Higham.Chapter04.Equation08.FiniteFamily,121,18,105,15,0,0,16,3,7,0,0.0,0.0
NumStability.Source.Higham.Chapter04.Equation08.FiniteFormat,1,1,1,1,1,1,0,0,0,0,100.0,100.0
NumStability.Source.Higham.Chapter04.Equation08.FiniteRouteLimitations,7,7,2,2,0,0,5,5,0,0,0.0,0.0
NumStability.Source.Higham.Chapter04.Equation08.ModelStrength,21,14,16,9,10,4,5,5,0,0,47.619,28.5714
NumStability.Source.Higham.Chapter04.Equation08.ReturnedSum,124,109,97,84,24,17,27,25,0,0,19.3548,15.5963
NumStability.Source.Higham.Chapter04.Equation09.Correction,2,2,1,1,0,0,1,1,0,0,0.0,0.0
NumStability.Source.Higham.Chapter04.Equation09.FiniteFormat,1,1,0,0,0,0,1,1,0,0,0.0,0.0
NumStability.Source.Higham.Chapter04.Equation09.ModelStrength,4,3,3,2,0,0,1,1,0,0,0.0,0.0
NumStability.Source.Higham.Chapter04.Equation10.AbstractModel,30,30,21,21,1,1,9,9,0,0,3.3333,3.3333
NumStability.Source.Higham.Chapter04.Equation10.FiniteFormat,3,2,2,1,0,0,1,1,0,0,0.0,0.0
NumStability.Source.Higham.Chapter04.Problem02.WilkinsonAttainability.Basic,82,53,60,35,16,15,22,18,1,0,19.5122,28.3019
NumStability.Source.Higham.Chapter04.Problem02.WilkinsonAttainability.IeeeDoubleTrace.Results,53,15,48,10,0,0,5,5,0,0,0.0,0.0
NumStability.Source.Higham.Chapter04.Problem03,22,14,17,9,0,0,5,5,0,0,0.0,0.0
NumStability.Source.Higham.Chapter04.Problem04,162,114,87,59,0,0,75,55,0,0,0.0,0.0
NumStability.Source.Higham.Chapter04.Problem10,21,20,11,10,0,0,10,10,0,0,0.0,0.0
NumStability.Source.Higham.Chapter04.Section01.InsertionExamples,51,42,20,15,0,0,31,27,4,3,0.0,0.0
NumStability.Source.Higham.Chapter04.Section01.PairwiseSixTerm,8,8,3,3,0,0,5,5,0,0,0.0,0.0
NumStability.Source.Higham.Chapter04.Section02.KaoWangCitationDiscrepancy,127,94,73,54,0,0,54,40,1,1,0.0,0.0
NumStability.Source.Higham.Chapter04.Section03.NoGuardKahanCounterexample,24,15,14,5,0,0,10,10,0,0,0.0,0.0
NumStability.Source.Higham.Chapter05.Algorithm01.ComplexHorner.Basic,36,30,19,17,15,14,17,13,0,0,41.6667,46.6667
NumStability.Source.Higham.Chapter05.Algorithm01.ComplexHorner.ErrorBounds.Theorems,11,9,6,4,0,0,5,5,0,0,0.0,0.0
NumStability.Source.Higham.Chapter05.Equation14.MatrixPolynomialForms.Basic,25,18,12,11,10,10,13,7,0,0,40.0,55.5556
NumStability.Source.Higham.Chapter05.Problem01.DifferentiatedHorner.Basic,115,95,53,51,17,17,62,44,0,0,14.7826,17.8947
NumStability.Source.Higham.Chapter05.Problem02.PowerBuilding.Basic,41,30,17,15,0,0,24,15,0,0,0.0,0.0
NumStability.Source.Higham.Chapter05.Problem03.EvenOddSplitting.Basic,24,17,10,7,0,0,14,10,0,0,0.0,0.0
NumStability.Source.Higham.Chapter05.Problem04.LejaOrdering.Basic,65,38,48,27,0,0,17,11,0,0,0.0,0.0
NumStability.Source.Higham.Chapter05.Problem06.MatrixPolynomialHorner.Basic,153,128,74,70,0,0,79,58,0,0,0.0,0.0
NumStability.Source.Higham.Chapter05.Section01.Horner.Basic,179,148,84,74,39,39,95,74,0,0,21.7877,26.3514
NumStability.Source.Higham.Chapter05.Section01.RelativeError.Basic,13,10,5,4,1,1,8,6,0,0,7.6923,10.0
NumStability.Source.Higham.Chapter05.Section02.BidiagonalDerivativeAnalysis.Basic,36,29,30,23,21,20,6,6,0,0,58.3333,68.9655
NumStability.Source.Higham.Chapter05.Section02.BidiagonalDerivativeAnalysis.Results.Theorems,41,16,27,9,0,0,14,7,7,0,0.0,0.0
NumStability.Source.Higham.Chapter05.Section02.DerivativeError.Basic,12,10,8,8,1,1,4,2,0,0,8.3333,10.0
NumStability.Source.Higham.Chapter05.Section02.DerivativeError.Results.Theorems,4,4,1,1,0,0,3,3,0,0,0.0,0.0
NumStability.Source.Higham.Chapter05.Section02.DerivativeEvaluation.Bidiagonal,8,8,6,6,6,6,2,2,0,0,75.0,75.0
NumStability.Source.Higham.Chapter05.Section02.DerivativeEvaluation.SyntheticDivision,76,58,30,26,12,12,46,32,0,0,15.7895,20.6897
NumStability.Source.Higham.Chapter05.Section03.DividedDifferences.Basic,158,129,76,73,34,34,82,56,11,0,21.519,26.3566
NumStability.Source.Higham.Chapter05.Section03.LejaOrdering.Basic,21,16,11,10,9,9,10,6,0,0,42.8571,56.25
NumStability.Source.Higham.Chapter05.Section03.NewtonEvaluation.Basic,76,47,37,26,0,0,39,21,7,0,0.0,0.0
NumStability.Source.Higham.Chapter05.Section03.NewtonEvaluation.HornerBasis,26,16,8,6,1,1,18,10,0,0,3.8462,6.25
NumStability.Source.Higham.Chapter05.Section03.ResidualUnwind.Basic,7,6,7,6,3,3,0,0,0,0,42.8571,50.0
NumStability.Source.Higham.Chapter05.Section04.PatersonStockmeyer.Basic,33,30,19,18,12,12,14,12,0,0,36.3636,40.0
NumStability.Source.Higham.Chapter05.Section04.PatersonStockmeyer.Results.Theorems,18,12,8,5,0,0,10,7,0,0,0.0,0.0
NumStability.Source.Higham.Chapter05.Section05.FastPolynomialEvaluation.Basic,54,49,34,30,13,13,20,19,0,0,24.0741,26.5306
NumStability.Source.Higham.Chapter05.Section05.FastPolynomialEvaluation.Results.Theorems,12,4,9,2,0,0,3,2,0,0,0.0,0.0
NumStability.Source.Higham.Chapter06.Asides.ConditionNumberBounds,7,7,5,5,0,0,2,2,0,0,0.0,0.0
NumStability.Source.Higham.Chapter06.Asides.EuclideanNormDifferentiability,2,2,0,0,0,0,2,2,2,2,0.0,0.0
NumStability.Source.Higham.Chapter06.Asides.MaxNormInconsistency,6,5,4,3,0,0,2,2,0,0,0.0,0.0
NumStability.Source.Higham.Chapter06.Asides.UnitaryInvariance,6,4,4,2,1,1,2,2,0,0,16.6667,25.0
NumStability.Source.Higham.Chapter06.BlockAntidiagonalNorm.InducedLp,18,11,15,8,0,0,3,3,0,0,0.0,0.0
NumStability.Source.Higham.Chapter06.BlockAntidiagonalNorm.OperatorTwo,3,3,0,0,0,0,3,3,0,0,0.0,0.0
NumStability.Source.Higham.Chapter06.Equation01,4,4,2,2,0,0,2,2,0,0,0.0,0.0
NumStability.Source.Higham.Chapter06.Equation02,3,3,1,1,0,0,2,2,1,1,0.0,0.0
NumStability.Source.Higham.Chapter06.Lemma06.Core.Results,20,20,19,19,5,5,1,1,0,0,25.0,25.0
NumStability.Source.Higham.Chapter06.Lemma06.OperatorTwoNormBound.Bridge,2,2,2,2,2,2,0,0,0,0,100.0,100.0
NumStability.Source.Higham.Chapter06.Problem01,79,75,21,21,0,0,58,54,0,0,0.0,0.0
NumStability.Source.Higham.Chapter06.Problem05,30,30,23,23,2,2,7,7,0,0,6.6667,6.6667
NumStability.Source.Higham.Chapter06.Problem09,1,1,0,0,0,0,1,1,0,0,0.0,0.0
NumStability.Source.Higham.Chapter06.Problem10,49,35,37,26,0,0,12,9,0,0,0.0,0.0
NumStability.Source.Higham.Chapter06.Theorem04,21,14,12,12,0,0,9,2,7,0,0.0,0.0
NumStability.Source.Higham.Chapter07.Corollary06.Equilibration.Basic,58,34,32,30,14,14,26,4,22,0,24.1379,41.1765
NumStability.Source.Higham.Chapter07.Corollary06.LinearSystemsConditioning.Basic,2,2,2,2,2,2,0,0,0,0,100.0,100.0
NumStability.Source.Higham.Chapter07.Corollary06.LinearSystemsConditioning.Results,17,17,13,13,8,8,4,4,0,0,47.0588,47.0588
NumStability.Source.Higham.Chapter07.Equation17.KahanConditioningExample,15,6,9,0,0,0,6,6,0,0,0.0,0.0
NumStability.Source.Higham.Chapter07.Equation25.InverseConditioning.ExactPerturbation,85,62,50,48,4,4,35,14,21,0,4.7059,6.4516
NumStability.Source.Higham.Chapter07.Equation25.SourceEndpoint.Basic,20,20,17,17,0,0,3,3,0,0,0.0,0.0
NumStability.Source.Higham.Chapter07.Equation26.ComponentwiseDistance.Basic,44,32,31,27,11,9,13,5,7,0,25.0,28.125
NumStability.Source.Higham.Chapter07.Equation26.DistanceToSingularity.Results,1,1,0,0,0,0,1,1,0,0,0.0,0.0
NumStability.Source.Higham.Chapter07.Equation26.RumpCycle.Basic,66,47,46,40,31,29,20,7,12,0,46.9697,61.7021
NumStability.Source.Higham.Chapter07.Equation26.RumpCycle.Results.Theorems,33,12,16,9,0,0,17,3,14,0,0.0,0.0
NumStability.Source.Higham.Chapter07.LinearSystemsConditioning.ComputedResidual,6,6,5,5,3,3,1,1,0,0,50.0,50.0
NumStability.Source.Higham.Chapter07.LinearSystemsConditioning.ConditionNumbers,22,22,16,16,6,6,6,6,0,0,27.2727,27.2727
NumStability.Source.Higham.Chapter07.LinearSystemsConditioning.Equation05,22,8,7,7,0,0,15,1,14,0,0.0,0.0
NumStability.Source.Higham.Chapter07.LinearSystemsConditioning.Equation32,9,2,1,1,0,0,8,1,7,0,0.0,0.0
NumStability.Source.Higham.Chapter07.LinearSystemsConditioning.Equation33,2,2,1,1,0,0,1,1,0,0,0.0,0.0
NumStability.Source.Higham.Chapter07.LinearSystemsConditioning.ForwardErrorKernels,6,5,6,5,6,5,0,0,0,0,100.0,100.0
NumStability.Source.Higham.Chapter07.LinearSystemsConditioning.Lemma09,3,3,1,1,0,0,2,2,0,0,0.0,0.0
NumStability.Source.Higham.Chapter07.LinearSystemsConditioning.Problem01,11,11,9,9,3,3,2,2,0,0,27.2727,27.2727
NumStability.Source.Higham.Chapter07.LinearSystemsConditioning.Problem02,36,8,4,4,0,0,32,4,28,0,0.0,0.0
NumStability.Source.Higham.Chapter07.LinearSystemsConditioning.Problem04,9,9,8,8,0,0,1,1,0,0,0.0,0.0
NumStability.Source.Higham.Chapter07.LinearSystemsConditioning.Problem05,25,16,14,12,3,3,11,4,7,0,12.0,18.75
NumStability.Source.Higham.Chapter07.LinearSystemsConditioning.Problem06Columnwise,11,11,10,10,0,0,1,1,0,0,0.0,0.0
NumStability.Source.Higham.Chapter07.LinearSystemsConditioning.Problem06Rowwise,8,8,7,7,0,0,1,1,0,0,0.0,0.0
NumStability.Source.Higham.Chapter07.LinearSystemsConditioning.Problem07,28,7,3,3,0,0,25,4,21,0,0.0,0.0
NumStability.Source.Higham.Chapter07.LinearSystemsConditioning.Problem08RectangularBackwardError,69,26,22,21,0,0,47,5,42,0,0.0,0.0
NumStability.Source.Higham.Chapter07.LinearSystemsConditioning.Problem09Exact,68,40,36,36,1,1,32,4,28,0,1.4706,2.5
NumStability.Source.Higham.Chapter07.LinearSystemsConditioning.Problem09Linearized,121,65,59,59,23,23,62,6,56,0,19.0083,35.3846
NumStability.Source.Higham.Chapter07.LinearSystemsConditioning.Problem10Bauer.Part01,61,61,39,39,22,22,22,22,0,0,36.0656,36.0656
NumStability.Source.Higham.Chapter07.LinearSystemsConditioning.Problem10Bauer.Part02,44,37,26,26,14,14,18,11,8,1,31.8182,37.8378
NumStability.Source.Higham.Chapter07.LinearSystemsConditioning.Problem10Bauer.Part03,29,29,19,19,7,7,10,10,0,0,24.1379,24.1379
NumStability.Source.Higham.Chapter07.LinearSystemsConditioning.Problem10OneNorm,100,72,54,54,14,14,46,18,28,0,14.0,19.4444
NumStability.Source.Higham.Chapter07.LinearSystemsConditioning.Problem13SparseResidual,16,15,13,12,0,0,3,3,0,0,0.0,0.0
NumStability.Source.Higham.Chapter07.LinearSystemsConditioning.Problem15Hadamard,32,32,24,24,0,0,8,8,0,0,0.0,0.0
NumStability.Source.Higham.Chapter07.LinearSystemsConditioning.RectangularTheorems,6,6,5,5,2,2,1,1,0,0,33.3333,33.3333
NumStability.Source.Higham.Chapter07.LinearSystemsConditioning.RowScaling,37,34,31,28,8,5,6,6,0,0,21.6216,14.7059
NumStability.Source.Higham.Chapter07.LinearSystemsConditioning.Theorem02,8,1,1,1,1,1,7,0,7,0,12.5,100.0
NumStability.Source.Higham.Chapter07.LinearSystemsConditioning.Theorem03.RectangularResults,3,2,2,1,0,0,1,1,0,0,0.0,0.0
NumStability.Source.Higham.Chapter07.LinearSystemsConditioning.Theorem04,12,5,1,1,1,1,11,4,7,0,8.3333,20.0
NumStability.Source.Higham.Chapter07.LinearSystemsConditioning.Theorem05.Part01,75,53,47,46,36,36,28,7,22,1,48.0,67.9245
NumStability.Source.Higham.Chapter07.LinearSystemsConditioning.Theorem05.Part02,101,73,65,65,38,38,36,8,28,0,37.6238,52.0548
NumStability.Source.Higham.Chapter07.LinearSystemsConditioning.Theorem05.Part03,90,76,68,68,14,14,22,8,14,0,15.5556,18.4211
NumStability.Source.Higham.Chapter07.LinearSystemsConditioning.Theorem05.Part04,95,81,70,70,11,11,25,11,14,0,11.5789,13.5802
NumStability.Source.Higham.Chapter07.LinearSystemsConditioning.Theorem05.Part05,58,32,29,24,14,9,29,8,21,0,24.1379,28.125
NumStability.Source.Higham.Chapter07.LinearSystemsConditioning.Theorem05.Part06,70,70,24,24,3,3,46,46,0,0,4.2857,4.2857
NumStability.Source.Higham.Chapter07.LinearSystemsConditioning.Theorem05.RowInfinityScaleCounterexample.Theorems,12,6,6,0,0,0,6,6,0,0,0.0,0.0
NumStability.Source.Higham.Chapter07.LinearSystemsConditioning.Theorem07FrobeniusScaling,32,18,17,17,0,0,15,1,14,0,0.0,0.0
NumStability.Source.Higham.Chapter07.LinearSystemsConditioning.Theorem08Aliases,3,3,0,0,0,0,3,3,0,0,0.0,0.0
NumStability.Source.Higham.Chapter08.Equation02.TriangularSubstitution.RelativeInfinityNormBounds.Theorems,5,4,1,0,0,0,4,4,0,0,0.0,0.0
NumStability.Source.Higham.Chapter08.Equation10.ColumnPivotedQR.Basic,2,2,1,1,0,0,1,1,0,0,0.0,0.0
NumStability.Source.Higham.Chapter08.Equation14.FanInExecutor.Executor,4,4,4,4,4,4,0,0,0,0,100.0,100.0
NumStability.Source.Higham.Chapter08.Equation14.FanInProduct.Basic,11,11,7,7,1,1,4,4,0,0,9.0909,9.0909
NumStability.Source.Higham.Chapter08.Equation15.GlobalEnvelopeCounterexample.LocalCancellationResults.Theorems,8,1,4,0,0,0,4,1,0,0,0.0,0.0
NumStability.Source.Higham.Chapter08.Equation15.GlobalEnvelopeCounterexample.RawCube,27,20,20,13,0,0,7,7,0,0,0.0,0.0
NumStability.Source.Higham.Chapter08.Equation18.FanInExecutor.FirstOrderForwardError,3,2,1,0,0,0,2,2,0,0,0.0,0.0
NumStability.Source.Higham.Chapter08.Lemma08.CorrectedCondition.RowDominance,19,3,12,3,3,3,7,0,7,0,15.7895,100.0
NumStability.Source.Higham.Chapter08.Lemma08.Entrywise.Basic,12,4,4,3,0,0,8,1,7,0,0.0,0.0
NumStability.Source.Higham.Chapter08.Lemma08Discrepancy,9,8,6,5,0,0,3,3,0,0,0.0,0.0
NumStability.Source.Higham.Chapter08.Problem01.NoGuardSubstitution.Aliases,4,4,0,0,0,0,4,4,0,0,0.0,0.0
NumStability.Source.Higham.Chapter08.Problem01.NoGuardSubstitution.BackwardSubstitution,20,1,20,1,1,1,0,0,0,0,5.0,100.0
NumStability.Source.Higham.Chapter08.Problem01.NoGuardSubstitution.ForwardSubstitution,15,1,15,1,1,1,0,0,0,0,6.6667,100.0
NumStability.Source.Higham.Chapter08.Problem02.ComparisonMatrixWitness.ArbitraryRatios.Theorems,22,3,7,2,0,0,15,1,14,0,0.0,0.0
NumStability.Source.Higham.Chapter08.Problem02.ComparisonMatrixWitness.RatioWitness,13,12,5,4,3,2,8,8,0,0,23.0769,16.6667
NumStability.Source.Higham.Chapter08.Problem03.UnitTriangularSubstitution.Bound,9,1,8,0,0,0,1,1,0,0,0.0,0.0
NumStability.Source.Higham.Chapter08.Problem04.MMatrixSubstitution.Comparison,1,1,0,0,0,0,1,1,0,0,0.0,0.0
NumStability.Source.Higham.Chapter08.Problem05.InverseNormBounds.ZInverse,5,3,5,3,3,3,0,0,0,0,60.0,100.0
NumStability.Source.Higham.Chapter08.Problem06.ComparisonInverseBounds.VectorBounds,15,8,11,4,4,4,4,4,0,0,26.6667,50.0
NumStability.Source.Higham.Chapter08.Problem07.DiagonalScaling.Bounds,2,2,2,2,2,2,0,0,0,0,100.0,100.0
NumStability.Source.Higham.Chapter08.Problem07.DiagonalScaling.Results.Theorems,14,6,9,1,0,0,5,5,0,0,0.0,0.0
NumStability.Source.Higham.Chapter08.Problem08.SingleEntrySingularity.RankOne,7,2,6,1,1,1,1,1,0,0,14.2857,50.0
NumStability.Source.Higham.Chapter08.Problem08.SingleEntrySingularity.Results.Theorems,7,5,6,4,0,0,1,1,0,0,0.0,0.0
NumStability.Source.Higham.Chapter08.Problem09.KahanSingularValues.KahanMatrix,40,28,30,18,16,12,10,10,0,0,40.0,42.8571
NumStability.Source.Higham.Chapter08.Problem09.KahanSingularValues.Results.Theorems,120,28,111,21,0,0,9,7,0,0,0.0,0.0
NumStability.Source.Higham.Chapter08.Section01.BackwardErrorAnalysis.Core,9,9,4,4,4,4,5,5,0,0,44.4444,44.4444
NumStability.Source.Higham.Chapter08.Section02.ForwardErrorAnalysis.ComparisonBounds,4,3,2,1,2,1,2,2,0,0,50.0,33.3333
NumStability.Source.Higham.Chapter08.Section02.ForwardErrorAnalysis.ComparisonBoundsPrelude,4,3,0,0,0,0,4,3,2,1,0.0,0.0
NumStability.Source.Higham.Chapter08.Section02.ForwardErrorAnalysis.NormBounds,10,9,9,8,7,7,1,1,0,0,70.0,77.7778
NumStability.Source.Higham.Chapter08.Section03.BidiagonalComparison.Basic,30,5,21,3,0,0,9,2,7,0,0.0,0.0
NumStability.Source.Higham.Chapter08.Section03.TriangularSystems.ArbitraryOrder,70,13,54,11,7,7,16,2,14,0,10.0,53.8462
NumStability.Source.Higham.Chapter08.Section03.TriangularSystems.ComparisonConditioningResults.Theorems,38,5,28,3,0,0,10,2,8,0,0.0,0.0
NumStability.Source.Higham.Chapter08.Section03.TriangularSystems.InverseBoundsLower,5,5,4,4,4,4,1,1,0,0,80.0,80.0
NumStability.Source.Higham.Chapter08.Section03.TriangularSystems.InverseBoundsPrelude,36,21,24,16,15,15,12,5,7,0,41.6667,71.4286
NumStability.Source.Higham.Chapter08.Section03.TriangularSystems.InverseBoundsUpper,7,7,7,7,7,7,0,0,0,0,100.0,100.0
NumStability.Source.Higham.Chapter08.Section03.TriangularSystems.InverseNormResults.Theorems,71,13,50,6,0,0,21,7,14,0,0.0,0.0
NumStability.Source.Higham.Chapter08.Section04.FanInAsymptotics.Basic,5,5,5,5,5,5,0,0,0,0,100.0,100.0
NumStability.Source.Higham.Chapter08.Section04.FanInCore.AllOrdersEnvelope,27,23,21,17,8,8,6,6,0,0,29.6296,34.7826
NumStability.Source.Higham.Chapter08.Section04.FanInCore.Factors,41,34,24,21,8,8,17,13,0,0,19.5122,23.5294
NumStability.Source.Higham.Chapter08.Section04.FanInCore.ResidualForwardBounds,20,20,15,15,2,2,5,5,0,0,10.0,10.0
NumStability.Source.Higham.Chapter09.CompletePivotSharpClosure,45,25,40,20,0,0,5,5,0,0,0.0,0.0
NumStability.Source.Higham.Chapter09.ComplexClosure,152,111,124,83,6,6,28,28,0,0,3.9474,5.4054
NumStability.Source.Higham.Chapter09.ComputedCorrection,6,6,4,4,0,0,2,2,0,0,0.0,0.0
NumStability.Source.Higham.Chapter09.DoolittleClosure,56,30,40,22,10,7,16,8,8,1,17.8571,23.3333
NumStability.Source.Higham.Chapter09.Problems,1934,1285,1411,895,46,45,523,390,120,5,2.3785,3.5019
NumStability.Source.Higham.Chapter09.Section01,22,22,18,18,10,10,4,4,0,0,45.4545,45.4545
NumStability.Source.Higham.Chapter09.Section02,425,381,323,286,141,139,102,95,2,1,33.1765,36.4829
NumStability.Source.Higham.Chapter09.Section03,44,44,13,13,5,5,31,31,0,0,11.3636,11.3636
NumStability.Source.Higham.Chapter09.Section04,718,533,513,398,90,86,205,135,66,0,12.5348,16.1351
NumStability.Source.Higham.Chapter09.Section05,246,169,140,91,31,30,106,78,28,0,12.6016,17.7515
NumStability.Source.Higham.Chapter09.Section06,602,585,323,320,58,55,279,265,14,0,9.6346,9.4017
NumStability.Source.Higham.Chapter09.Section08,45,23,18,17,1,1,27,6,21,0,2.2222,4.3478
NumStability.Source.Higham.Chapter09.Section10,15,15,8,8,1,1,7,7,0,0,6.6667,6.6667
NumStability.Source.Higham.Chapter09.Section11,1170,1118,693,671,24,22,477,447,32,2,2.0513,1.9678
NumStability.Source.Higham.Chapter09.Theorem14.Actual,316,145,233,97,22,21,83,48,29,0,6.962,14.4828
NumStability.Source.Higham.Chapter09.Theorem14.DiagDominant,14,2,12,1,0,0,2,1,0,0,0.0,0.0
NumStability.Source.Higham.Chapter09.Theorem14.Primitive,58,24,38,20,14,14,20,4,14,0,24.1379,58.3333
NumStability.Source.Higham.Chapter09.Theorem15.Barrlund.Basic,9,2,1,1,0,0,8,1,7,0,0.0,0.0
NumStability.Source.Higham.Chapter09.Theorem15.Sun.Basic,4,3,2,2,0,0,2,1,1,0,0.0,0.0
NumStability.Source.Higham.Chapter09.Theorem97Classification,48,40,35,27,0,0,13,13,0,0,0.0,0.0
NumStability.Source.Higham.Chapter09.Theorem99Closure,63,28,43,25,1,1,20,3,17,0,1.5873,3.5714
NumStability.Source.Higham.Chapter09.Theorem99ComplexClosure,89,43,58,38,0,0,31,5,26,0,0.0,0.0
NumStability.Source.Higham.Chapter10.Equation07.AbsoluteFactorNorm.Bridge,1,1,0,0,0,0,1,1,0,0,0.0,0.0
NumStability.Source.Higham.Chapter10.Equation07.AbsoluteFactorNorm.Endpoints,1,1,1,1,1,1,0,0,0,0,100.0,100.0
NumStability.Source.Higham.Chapter10.Equation29.Mathias.Endpoints,1,1,0,0,0,0,1,1,0,0,0.0,0.0
NumStability.Source.Higham.Chapter10.Equation29.Mathias.FirstBreakdown,10,5,7,2,0,0,3,3,0,0,0.0,0.0
NumStability.Source.Higham.Chapter10.Equation29.Mathias.RoundedSchur.Bounds,15,11,6,4,0,0,9,7,0,0,0.0,0.0
NumStability.Source.Higham.Chapter10.Equation29.Mathias.SourceIngredients,66,44,48,42,19,17,18,2,14,0,28.7879,38.6364
NumStability.Source.Higham.Chapter10.Equation30.ComplexPositiveDefinite.Endpoints,1,1,1,1,1,1,0,0,0,0,100.0,100.0
NumStability.Source.Higham.Chapter10.Equation30.ComplexPositiveDefinite.NoPivotLU.SourceBounds,115,32,85,13,0,0,30,19,1,0,0.0,0.0
NumStability.Source.Higham.Chapter10.Equation30.ComplexPositiveDefinite.SourceClosure,42,33,32,24,19,18,10,9,0,0,45.2381,54.5455
NumStability.Source.Higham.Chapter10.Lemma11.PivotSequenceStability.Endpoints,8,7,5,4,3,3,3,3,1,1,37.5,42.8571
NumStability.Source.Higham.Chapter10.Lemma11.PivotSequenceStability.SourceClosure,7,7,3,3,2,2,4,4,0,0,28.5714,28.5714
NumStability.Source.Higham.Chapter10.Lemma13.KahanSharpness.CompletePivotingBound,3,2,3,2,1,1,0,0,0,0,33.3333,50.0
NumStability.Source.Higham.Chapter10.Lemma13.KahanSharpness.Endpoints,5,4,2,1,1,1,3,3,1,1,20.0,25.0
NumStability.Source.Higham.Chapter10.Lemma13.KahanSharpness.GramFamily,34,30,22,19,8,8,12,11,0,0,23.5294,26.6667
NumStability.Source.Higham.Chapter10.Lemma13.KahanSharpness.Limit,28,17,25,14,7,7,3,3,0,0,25.0,41.1765
NumStability.Source.Higham.Chapter10.Lemma13.KahanSharpness.OperatorNorm.SourceBound,18,8,16,7,0,0,2,1,1,0,0.0,0.0
NumStability.Source.Higham.Chapter10.Lemma13.KahanSharpness.UnboundedGrowth.Construction,28,2,20,1,0,0,8,1,7,0,0.0,0.0
NumStability.Source.Higham.Chapter10.Problem01.PositiveSemidefiniteEntries.Basic,5,5,4,4,3,3,1,1,0,0,60.0,60.0
NumStability.Source.Higham.Chapter10.Problem01.PositiveSemidefiniteEntries.EntryBounds.Results,4,3,4,3,3,3,0,0,0,0,75.0,100.0
NumStability.Source.Higham.Chapter10.Problem03.ArbitraryEvaluationOrder.Basic,10,1,2,0,0,0,8,1,7,0,0.0,0.0
NumStability.Source.Higham.Chapter10.Problem04.UnpivotedGrowth.Basic,6,2,4,2,2,1,2,0,0,0,33.3333,50.0
NumStability.Source.Higham.Chapter10.Problem04.UnpivotedGrowth.PositivePivots.Bounds,4,4,3,3,0,0,1,1,0,0,0.0,0.0
NumStability.Source.Higham.Chapter10.Problem08.LeadingMinorsCounterexample.Basic,6,5,2,1,0,0,4,4,0,0,0.0,0.0
NumStability.Source.Higham.Chapter10.Section01.Factorization.Basic,7,6,4,3,1,1,3,3,0,0,14.2857,16.6667
NumStability.Source.Higham.Chapter10.Section01.Factorization.ExistenceUniqueness.Results,2,2,1,1,1,1,1,1,0,0,50.0,50.0
NumStability.Source.Higham.Chapter10.Section02.ErrorAnalysis.Basic,8,8,4,4,4,4,4,4,0,0,50.0,50.0
NumStability.Source.Higham.Chapter10.Section02.ErrorAnalysis.FactorizationAndSolve.Bounds,4,4,1,1,0,0,3,3,0,0,0.0,0.0
NumStability.Source.Higham.Chapter10.Section03.PositiveSemidefinite.ConstructiveFactorization.Existence,44,4,30,2,2,2,14,2,12,0,4.5455,50.0
NumStability.Source.Higham.Chapter10.Section03.PositiveSemidefinite.Endpoints,17,15,11,9,8,8,6,6,2,2,47.0588,53.3333
NumStability.Source.Higham.Chapter10.Section03.PositiveSemidefinite.Existence,16,9,14,7,6,5,2,2,0,0,37.5,55.5556
NumStability.Source.Higham.Chapter10.Section03.PositiveSemidefinite.PivotingAndScaling.Results,28,10,15,4,1,1,13,6,7,0,3.5714,10.0
NumStability.Source.Higham.Chapter10.Section03.PositiveSemidefinite.QuadraticFormBounds.WeightedNorm,2,2,1,1,1,1,1,1,0,0,50.0,50.0
NumStability.Source.Higham.Chapter10.Section03.PositiveSemidefinite.SchurComplement,94,59,45,43,21,21,49,16,28,0,22.3404,35.5932
NumStability.Source.Higham.Chapter10.Section03.PositiveSemidefinite.Termination,1,1,1,1,1,1,0,0,0,0,100.0,100.0
NumStability.Source.Higham.Chapter10.Section03.PositiveSemidefinite.TrailingTermination.Bound,1,1,0,0,0,0,1,1,0,0,0.0,0.0
NumStability.Source.Higham.Chapter10.Section03.PositiveSemidefinite.WNormBound,16,4,16,4,3,3,0,0,0,0,18.75,75.0
NumStability.Source.Higham.Chapter10.Section04.PositiveDefiniteSymmetricPart.Endpoints,8,8,6,6,6,6,2,2,0,0,75.0,75.0
NumStability.Source.Higham.Chapter10.Section04.PositiveDefiniteSymmetricPart.Equation29,25,17,15,14,8,8,10,3,7,0,32.0,47.0588
NumStability.Source.Higham.Chapter10.Section04.PositiveDefiniteSymmetricPart.LUGrowth.Equation29,4,3,4,3,1,1,0,0,0,0,25.0,33.3333
NumStability.Source.Higham.Chapter10.Section04.PositiveDefiniteSymmetricPart.SchurStages.Bounds,5,4,3,2,1,1,2,2,0,0,20.0,25.0
NumStability.Source.Higham.Chapter10.Theorem06.RoundedCholesky.ActualClosure,15,8,7,7,4,4,8,1,7,0,26.6667,50.0
NumStability.Source.Higham.Chapter10.Theorem06.RoundedCholesky.Endpoints,12,5,4,4,1,1,8,1,7,0,8.3333,20.0
NumStability.Source.Higham.Chapter10.Theorem06.RoundedCholesky.ForwardError.ActualAlgorithm,2,2,0,0,0,0,2,2,0,0,0.0,0.0
NumStability.Source.Higham.Chapter10.Theorem07.Core.Results,163,12,56,10,1,1,107,2,98,0,0.6135,8.3333
NumStability.Source.Higham.Chapter10.Theorem07.FailureVacuity.Endpoints,7,7,3,3,0,0,4,4,0,0,0.0,0.0
NumStability.Source.Higham.Chapter10.Theorem07.FailureVacuity.Vacuity,10,3,2,2,0,0,8,1,7,0,0.0,0.0
NumStability.Source.Higham.Chapter10.Theorem07.SuccessThreshold.Factorization,19,5,9,2,0,0,10,3,7,0,0.0,0.0
NumStability.Source.Higham.Chapter10.Theorem08.ComponentwisePerturbation.Endpoints,1,1,0,0,0,0,1,1,0,0,0.0,0.0
NumStability.Source.Higham.Chapter10.Theorem08.ComponentwisePerturbation.NormalizedResolvent.SourceBound,22,7,18,3,0,0,4,4,0,0,0.0,0.0
NumStability.Source.Higham.Chapter10.Theorem08.ComponentwisePerturbation.Resolvent,3,3,3,3,3,3,0,0,0,0,100.0,100.0
NumStability.Source.Higham.Chapter10.Theorem08.NormwiseDiscrepancy.Counterexample.Uniqueness,1,1,0,0,0,0,1,1,0,0,0.0,0.0
NumStability.Source.Higham.Chapter10.Theorem08.NormwiseDiscrepancy.Endpoints,1,1,0,0,0,0,1,1,0,0,0.0,0.0
NumStability.Source.Higham.Chapter10.Theorem08.NormwiseDiscrepancy.LiteralSource,45,40,27,22,3,3,18,18,0,0,6.6667,7.5
NumStability.Source.Higham.Chapter10.Theorem14.CompletePivotedPSD.ActualComputation.ErrorBounds,21,14,4,4,0,0,17,10,7,0,0.0,0.0
NumStability.Source.Higham.Chapter10.Theorem14.CompletePivotedPSD.ActualRun,77,62,39,33,17,16,38,29,7,0,22.0779,25.8065
NumStability.Source.Higham.Chapter10.Theorem14.CompletePivotedPSD.Endpoints,2,2,0,0,0,0,2,2,0,0,0.0,0.0
NumStability.Source.Higham.Chapter10.Theorem14.CompletePivotedPSD.Equation22,37,34,27,24,23,21,10,10,0,0,62.1622,61.7647
NumStability.Source.Higham.Chapter10.Theorem14.CompletePivotedPSD.PsdErrorAnalysis,1,1,1,1,1,1,0,0,0,0,100.0,100.0
NumStability.Source.Higham.Chapter10.Theorem14.CompletePivotedPSD.RankSensitiveError.Bounds,22,5,20,3,1,1,2,2,0,0,4.5455,20.0
NumStability.Source.Higham.Chapter10.Theorem14.CompletePivotedPSD.RoundedErrorAnalysis.Bounds,6,4,4,2,1,1,2,2,0,0,16.6667,25.0
NumStability.Source.Higham.Chapter10.Theorem14.CompletePivotedPSD.SchurPerturbation.Family,11,6,9,5,0,0,2,1,1,0,0.0,0.0
NumStability.Source.Higham.Chapter10.Theorem14.CompletePivotedPSD.SourceError,7,7,6,6,6,6,1,1,0,0,85.7143,85.7143
NumStability.Source.Higham.Chapter10.Theorem14.CompletePivotedPSD.SourceSuccess,2,1,2,1,1,1,0,0,0,0,50.0,100.0
NumStability.Source.Higham.Chapter10.Theorem14.CompletePivotedPSD.SuccessfulRun.StageBounds,22,4,22,4,1,1,0,0,0,0,4.5455,25.0
NumStability.Source.Higham.Chapter11.Aasen118Reduced,7,1,6,0,0,0,1,1,0,0,0.0,0.0
NumStability.Source.Higham.Chapter11.AasenAdjacentPivotOperationalMiddle,94,74,55,37,8,8,39,37,2,2,8.5106,10.8108
NumStability.Source.Higham.Chapter11.AasenAdjacentPivotResidualDomain,45,28,12,9,0,0,33,19,0,0,0.0,0.0
NumStability.Source.Higham.Chapter11.AasenAdjacentPivotSourceResidual,16,12,13,9,2,2,3,3,0,0,12.5,16.6667
NumStability.Source.Higham.Chapter11.AasenAdjacentPivotTridiagExecutor,121,85,81,59,44,43,40,26,7,0,36.3636,50.5882
NumStability.Source.Higham.Chapter11.AasenAdjacentPivotTridiagForwardCounterexample,80,57,55,36,5,5,25,21,0,0,6.25,8.7719
NumStability.Source.Higham.Chapter11.AasenDirect118,10,4,8,2,2,2,2,2,0,0,20.0,50.0
NumStability.Source.Higham.Chapter11.AasenDirectTridiagGEPPSolve,28,10,25,7,4,4,3,3,0,0,14.2857,40.0
NumStability.Source.Higham.Chapter11.AasenFactorNorm,19,5,18,4,2,2,1,1,0,0,10.5263,40.0
NumStability.Source.Higham.Chapter11.AasenGrowth,25,6,23,4,0,0,2,2,0,0,0.0,0.0
NumStability.Source.Higham.Chapter11.AasenMiddleGEPPCh11Counterexample,129,97,47,34,0,0,82,63,0,0,0.0,0.0
NumStability.Source.Higham.Chapter11.AasenOriginalCoordinateCorrection,12,12,5,5,0,0,7,7,0,0,0.0,0.0
NumStability.Source.Higham.Chapter11.AasenPermutationSourceCorrection,20,5,10,2,0,0,10,3,0,0,0.0,0.0
NumStability.Source.Higham.Chapter11.AasenPrintedCoefficientAlgebra,14,4,12,2,0,0,2,2,0,0,0.0,0.0
NumStability.Source.Higham.Chapter11.AasenSourceSharpFactorResidual,59,26,48,22,0,0,11,4,7,0,0.0,0.0
NumStability.Source.Higham.Chapter11.AasenTheorem118ScalarEdge,25,19,14,8,0,0,11,11,0,0,0.0,0.0
NumStability.Source.Higham.Chapter11.AasenTridiagGEPP,11,8,8,5,2,2,3,3,0,0,18.1818,25.0
NumStability.Source.Higham.Chapter11.AasenUnitOuterSolve,22,18,17,13,0,0,5,5,0,0,0.0,0.0
NumStability.Source.Higham.Chapter11.BlockLDLTAllOneByOnePrinted,58,34,27,23,9,8,31,11,14,0,15.5172,23.5294
NumStability.Source.Higham.Chapter11.BlockLDLTBunchTridiagonal,36,16,34,14,12,12,2,2,0,0,33.3333,75.0
NumStability.Source.Higham.Chapter11.BlockLDLTMixedPivot,135,121,109,100,77,74,26,21,0,0,57.037,61.157
NumStability.Source.Higham.Chapter11.BlockLDLTSolveBackward,71,53,54,40,15,14,17,13,0,0,21.1268,26.4151
NumStability.Source.Higham.Chapter11.Bunch.ActualSharpGrowthClosure,105,71,73,48,9,9,32,23,0,0,8.5714,12.6761
NumStability.Source.Higham.Chapter11.Bunch.ExactTrace,92,76,60,53,39,35,32,23,0,0,42.3913,46.0526
NumStability.Source.Higham.Chapter11.Bunch.SharpGrowthBridge,238,84,144,53,21,20,94,31,49,0,8.8235,23.8095
NumStability.Source.Higham.Chapter11.Bunch.TraceHadamard,144,30,109,23,0,0,35,7,0,0,0.0,0.0
NumStability.Source.Higham.Chapter11.BunchKaufman.ActualSelector,53,39,32,24,21,19,21,15,0,0,39.6226,48.7179
NumStability.Source.Higham.Chapter11.BunchKaufman.Exact.Growth,23,10,18,5,0,0,5,5,0,0,0.0,0.0
NumStability.Source.Higham.Chapter11.BunchKaufman.Exact.GrowthArithmetic,7,5,6,4,4,3,1,1,0,0,57.1429,60.0
NumStability.Source.Higham.Chapter11.BunchKaufman.Exact.Trace,147,118,83,64,36,31,64,54,0,0,24.4898,26.2712
NumStability.Source.Higham.Chapter11.BunchKaufman.ExplicitInverse.Solve,80,36,29,21,2,2,51,15,28,0,2.5,5.5556
NumStability.Source.Higham.Chapter11.BunchKaufman.ExplicitInverse.TerminalClosedForm,7,6,5,4,0,0,2,2,0,0,0.0,0.0
NumStability.Source.Higham.Chapter11.BunchKaufman.Rounded.Accumulated,60,59,55,54,44,44,5,5,0,0,73.3333,74.5763
NumStability.Source.Higham.Chapter11.BunchKaufman.Rounded.Bridge,45,32,16,11,4,4,29,21,0,0,8.8889,12.5
NumStability.Source.Higham.Chapter11.BunchKaufman.Rounded.Closure,40,38,32,30,15,14,8,8,0,0,37.5,36.8421
NumStability.Source.Higham.Chapter11.BunchKaufman.Rounded.Execution,150,121,94,75,31,26,56,46,0,0,20.6667,21.4876
NumStability.Source.Higham.Chapter11.BunchKaufman.Rounded.Factors,30,14,22,9,12,7,8,5,0,0,40.0,50.0
NumStability.Source.Higham.Chapter11.BunchKaufman.Rounded.Global,168,136,114,100,8,8,54,36,0,0,4.7619,5.8824
NumStability.Source.Higham.Chapter11.BunchKaufman.Rounded.Growth,93,41,64,37,21,21,29,4,21,0,22.5806,51.2195
NumStability.Source.Higham.Chapter11.BunchKaufman.Rounded.GrowthSolve,4,4,4,4,2,2,0,0,0,0,50.0,50.0
NumStability.Source.Higham.Chapter11.BunchKaufman.Rounded.MiddleSolve,26,12,9,4,7,4,17,8,0,0,26.9231,33.3333
NumStability.Source.Higham.Chapter11.BunchKaufman.Rounded.Solve,46,25,24,10,6,6,22,15,0,0,13.0435,24.0
NumStability.Source.Higham.Chapter11.BunchKaufman.Rounded.Terminal,2,2,2,2,2,2,0,0,0,0,100.0,100.0
NumStability.Source.Higham.Chapter11.BunchKaufman.Rounded.TerminalClosedForm,23,13,13,10,5,4,10,3,0,0,21.7391,30.7692
NumStability.Source.Higham.Chapter11.BunchKaufman.SourceCorrection,15,9,8,4,0,0,7,5,0,0,0.0,0.0
NumStability.Source.Higham.Chapter11.BunchKaufmanSolve,5,3,4,2,0,0,1,1,0,0,0.0,0.0
NumStability.Source.Higham.Chapter11.BunchTridiagonalActualSolve,16,12,10,8,3,3,6,4,0,0,18.75,25.0
NumStability.Source.Higham.Chapter11.BunchTridiagonalHFactor,55,30,37,29,4,4,18,1,14,0,7.2727,13.3333
NumStability.Source.Higham.Chapter11.Problems,32,25,6,6,0,0,26,19,11,4,0.0,0.0
NumStability.Source.Higham.Chapter11.Rook.ExactTrace,112,96,72,62,0,0,40,34,0,0,0.0,0.0
NumStability.Source.Higham.Chapter11.Rook.ExecutorAdapter,13,9,5,3,1,1,8,6,0,0,7.6923,11.1111
NumStability.Source.Higham.Chapter11.Rook.RoundedGap,43,29,33,20,0,0,10,9,0,0,0.0,0.0
NumStability.Source.Higham.Chapter11.Rook.SourceClosure,27,24,15,15,4,4,12,9,0,0,14.8148,16.6667
NumStability.Source.Higham.Chapter11.Section01.Basic,6,6,2,2,2,2,4,4,1,1,33.3333,33.3333
NumStability.Source.Higham.Chapter11.Section01.CompletePivoting,29,29,19,19,15,15,10,10,0,0,51.7241,51.7241
NumStability.Source.Higham.Chapter11.Section01.PartialPivoting,1272,1184,703,648,28,27,569,536,28,0,2.2013,2.2804
NumStability.Source.Higham.Chapter11.Section01.RookPivoting,42,36,31,28,18,18,11,8,1,1,42.8571,50.0
NumStability.Source.Higham.Chapter11.Section01.Tridiagonal,1968,1867,1138,1047,1,1,830,820,1,0,0.0508,0.0536
NumStability.Source.Higham.Chapter11.Section02.Aasen,1542,1434,877,790,34,33,665,644,23,2,2.2049,2.3013
NumStability.Source.Higham.Chapter11.Section03.SkewSymmetric,14,13,8,7,5,4,6,6,1,1,35.7143,30.7692
NumStability.Source.Higham.Chapter11.Skew.ActualSelector,35,27,24,16,17,15,11,11,0,0,48.5714,55.5556
NumStability.Source.Higham.Chapter11.Skew.ExactTrace,150,97,100,55,0,0,50,42,0,0,0.0,0.0
NumStability.Source.Higham.Chapter11.Skew.SourceCorrection,30,17,15,9,3,3,15,8,7,0,10.0,17.6471
NumStability.Source.Higham.Chapter11.Theorem07.Core.Results,19,11,15,7,0,0,4,4,0,0,0.0,0.0
NumStability.Source.Higham.Chapter11.Theorem07.TridiagonalTwoByTwoResidual.Basic,13,13,13,13,13,13,0,0,0,0,100.0,100.0
NumStability.Source.Higham.Chapter11.TwoByTwoSchurStep,14,9,12,8,3,3,2,1,0,0,21.4286,33.3333
NumStability.Source.Higham.Chapter12.IterativeRefinement.ForwardErrorBounds.Results,5,5,5,5,5,5,0,0,0,0,100.0,100.0
NumStability.Source.Higham.Chapter12.IterativeRefinement.LegacyChapter11Surface,29,21,16,15,10,10,13,6,10,3,34.4828,47.619
NumStability.Source.Higham.Chapter12.IterativeRefinement.Results.Theorems,36,28,11,10,6,6,25,18,9,2,16.6667,21.4286
NumStability.Source.Higham.Chapter12.OmegaDiscontinuity,13,13,8,8,0,0,5,5,0,0,0.0,0.0
NumStability.Source.Higham.Chapter12.Problem02,13,6,3,3,0,0,10,3,8,1,0.0,0.0
NumStability.Source.Higham.Chapter13.Algorithm01,2,2,1,1,1,1,1,1,1,1,50.0,50.0
NumStability.Source.Higham.Chapter13.Algorithm03,7,2,4,1,1,1,3,1,3,1,14.2857,50.0
NumStability.Source.Higham.Chapter13.Algorithm04,1,1,0,0,0,0,1,1,0,0,0.0,0.0
NumStability.Source.Higham.Chapter13.DemmelSharpMultiplier,53,16,38,11,0,0,15,5,7,0,0.0,0.0
NumStability.Source.Higham.Chapter13.Equation01,1,1,0,0,0,0,1,1,1,1,0.0,0.0
NumStability.Source.Higham.Chapter13.Equation02,1,1,0,0,0,0,1,1,1,1,0.0,0.0
NumStability.Source.Higham.Chapter13.Equation03,1,1,0,0,0,0,1,1,1,1,0.0,0.0
NumStability.Source.Higham.Chapter13.Equation18,6,4,3,3,2,2,3,1,2,0,33.3333,50.0
NumStability.Source.Higham.Chapter13.Equation19,11,10,4,4,1,1,7,6,2,1,9.0909,10.0
NumStability.Source.Higham.Chapter13.Equation20,1,1,1,1,1,1,0,0,0,0,100.0,100.0
NumStability.Source.Higham.Chapter13.Equation21,150,143,106,103,27,27,44,40,1,1,18.0,18.8811
NumStability.Source.Higham.Chapter13.Equation22,21,20,16,15,7,7,5,5,1,1,33.3333,35.0
NumStability.Source.Higham.Chapter13.Equation23.PointRowGrowth,46,29,40,24,5,5,6,5,1,0,10.8696,17.2414
NumStability.Source.Higham.Chapter13.Equation23.ProductBounds.PointRow,3,3,3,3,2,2,0,0,0,0,66.6667,66.6667
NumStability.Source.Higham.Chapter13.Equation24,1,1,1,1,1,1,0,0,0,0,100.0,100.0
NumStability.Source.Higham.Chapter13.Equation25.BackwardError.Bounds,2,2,0,0,0,0,2,2,2,2,0.0,0.0
NumStability.Source.Higham.Chapter13.Equation25.Factorization,2,2,1,1,0,0,1,1,0,0,0.0,0.0
NumStability.Source.Higham.Chapter13.Equation25.Families,4,4,3,3,1,1,1,1,0,0,25.0,25.0
NumStability.Source.Higham.Chapter13.Equation25.PartitionedComputation.Implementation1,1,1,0,0,0,0,1,1,0,0,0.0,0.0
NumStability.Source.Higham.Chapter13.Equation26,1,1,0,0,0,0,1,1,0,0,0.0,0.0
NumStability.Source.Higham.Chapter13.Lemma09,65,64,56,55,1,1,9,9,1,1,1.5385,1.5625
NumStability.Source.Higham.Chapter13.Lemma10.ConditionNumber,3,3,1,1,0,0,2,2,1,1,0.0,0.0
NumStability.Source.Higham.Chapter13.Lemma10.SchurComplement,8,8,7,7,3,3,1,1,1,1,37.5,37.5
NumStability.Source.Higham.Chapter13.Problem01,9,2,0,0,0,0,9,2,9,2,0.0,0.0
NumStability.Source.Higham.Chapter13.Problem02,56,38,30,26,0,0,26,12,3,0,0.0,0.0
NumStability.Source.Higham.Chapter13.Problem03,8,8,5,5,0,0,3,3,0,0,0.0,0.0
NumStability.Source.Higham.Chapter13.Problem04.ActiveStageBounds,76,75,60,59,36,35,16,16,0,0,47.3684,46.6667
NumStability.Source.Higham.Chapter13.Problem04.ActiveStageProducts,30,30,18,18,0,0,12,12,0,0,0.0,0.0
NumStability.Source.Higham.Chapter13.Problem04.ActiveTailProducts,20,20,10,10,0,0,10,10,0,0,0.0,0.0
NumStability.Source.Higham.Chapter13.Problem04.BlockInverseBounds,27,25,26,24,11,11,1,1,0,0,40.7407,44.0
NumStability.Source.Higham.Chapter13.Problem04.ComparisonChains,45,45,24,24,0,0,21,21,0,0,0.0,0.0
NumStability.Source.Higham.Chapter13.Problem04.DeterminantChainProducts,20,20,10,10,0,0,10,10,0,0,0.0,0.0
NumStability.Source.Higham.Chapter13.Problem04.FactorizationExistence,32,16,27,11,1,1,5,5,0,0,3.125,6.25
NumStability.Source.Higham.Chapter13.Problem04.FactorizationProducts.ComparisonUpdates,31,31,11,11,0,0,20,20,0,0,0.0,0.0
NumStability.Source.Higham.Chapter13.Problem04.FactorizationProducts.DeterminantBounds,12,12,6,6,0,0,6,6,0,0,0.0,0.0
NumStability.Source.Higham.Chapter13.Problem04.FactorizationProducts.InverseBounds,46,46,20,20,0,0,26,26,0,0,0.0,0.0
NumStability.Source.Higham.Chapter13.Problem04.FactorizationProducts.LocalComparisons,10,10,6,6,4,4,4,4,0,0,40.0,40.0
NumStability.Source.Higham.Chapter13.Problem04.FactorizationProducts.LowerBlockBudgets,28,28,12,12,4,4,16,16,0,0,14.2857,14.2857
NumStability.Source.Higham.Chapter13.Problem04.GlobalTableauChain,70,63,48,41,13,13,22,22,0,0,18.5714,20.6349
NumStability.Source.Higham.Chapter13.Problem04.GlobalTableauGrowth,18,18,9,9,0,0,9,9,0,0,0.0,0.0
NumStability.Source.Higham.Chapter13.Problem04.GlobalTableauProducts.ActiveSuffix,12,12,10,10,7,7,2,2,0,0,58.3333,58.3333
NumStability.Source.Higham.Chapter13.Problem04.GlobalTableauProducts.DiagonalUpdate,30,30,17,17,1,1,13,13,0,0,3.3333,3.3333
NumStability.Source.Higham.Chapter13.Problem04.GlobalTableauProducts.TailChain,6,6,2,2,0,0,4,4,0,0,0.0,0.0
NumStability.Source.Higham.Chapter13.Problem04.HistoryEnvelope,19,16,13,10,5,5,6,6,0,0,26.3158,31.25
NumStability.Source.Higham.Chapter13.Problem04.InfNormGrowth,95,95,59,59,1,1,36,36,0,0,1.0526,1.0526
NumStability.Source.Higham.Chapter13.Problem04.InverseRatioChain,20,20,14,14,6,6,6,6,0,0,30.0,30.0
NumStability.Source.Higham.Chapter13.Problem04.LocalGrowth,70,56,40,38,17,17,30,18,2,0,24.2857,30.3571
NumStability.Source.Higham.Chapter13.Problem04.LocalNormBounds,22,22,15,15,2,2,7,7,0,0,9.0909,9.0909
NumStability.Source.Higham.Chapter13.Problem04.LowerComparisonChain,31,31,23,23,12,12,8,8,0,0,38.7097,38.7097
NumStability.Source.Higham.Chapter13.Problem04.MatrixStageHistory,28,27,23,22,14,13,5,5,0,0,50.0,48.1481
NumStability.Source.Higham.Chapter13.Problem04.MatrixStages,66,63,49,46,22,22,17,17,0,0,33.3333,34.9206
NumStability.Source.Higham.Chapter13.Problem04.OneStepProducts,36,35,19,18,0,0,17,17,0,0,0.0,0.0
NumStability.Source.Higham.Chapter13.Problem04.ProductBounds,57,57,34,34,7,7,23,23,0,0,12.2807,12.2807
NumStability.Source.Higham.Chapter13.Problem04.RecursiveBudgetChains,31,30,22,21,14,14,9,9,0,0,45.1613,46.6667
NumStability.Source.Higham.Chapter13.Problem04.ScalarGrowthBridge,70,11,62,9,0,0,8,2,0,0,0.0,0.0
NumStability.Source.Higham.Chapter13.Problem04.StageHistory,43,42,32,31,6,6,11,11,0,0,13.9535,14.2857
NumStability.Source.Higham.Chapter13.Problem05,10,9,7,6,0,0,3,3,0,0,0.0,0.0
NumStability.Source.Higham.Chapter13.Problem06,28,14,6,6,0,0,22,8,15,1,0.0,0.0
NumStability.Source.Higham.Chapter13.Problem07,2,2,0,0,0,0,2,2,2,2,0.0,0.0
NumStability.Source.Higham.Chapter13.Problem08,1,1,1,1,1,1,0,0,0,0,100.0,100.0
NumStability.Source.Higham.Chapter13.Problem09,2,2,0,0,0,0,2,2,2,2,0.0,0.0
NumStability.Source.Higham.Chapter13.Section01.NormConventions,13,12,10,9,7,7,3,3,0,0,53.8462,58.3333
NumStability.Source.Higham.Chapter13.Section01.OperationModelFamilies,3,3,0,0,0,0,3,3,0,0,0.0,0.0
NumStability.Source.Higham.Chapter13.Section01.OperationModels,38,29,19,19,10,10,19,10,7,0,26.3158,34.4828
NumStability.Source.Higham.Chapter13.Section01.StandardFactorization,4,4,2,2,0,0,2,2,0,0,0.0,0.0
NumStability.Source.Higham.Chapter13.Section03.ArbitraryNormDominance,17,9,9,7,0,0,8,2,0,0,0.0,0.0
NumStability.Source.Higham.Chapter13.Section03.ColumnDominanceClosure,11,7,6,5,1,1,5,2,0,0,9.0909,14.2857
NumStability.Source.Higham.Chapter13.Section03.RowDominanceClosure,17,11,12,9,2,2,5,2,0,0,11.7647,18.1818
NumStability.Source.Higham.Chapter13.Section03.SPDFactorBounds,8,4,5,4,1,1,3,0,0,0,12.5,25.0
NumStability.Source.Higham.Chapter13.Section03.SchurStageAnalysis,123,88,85,77,48,48,38,11,21,0,39.0244,54.5455
NumStability.Source.Higham.Chapter13.Table01.BackwardErrorBounds.Endpoints,8,8,2,2,1,1,6,6,0,0,12.5,12.5
NumStability.Source.Higham.Chapter13.Table01.DiagonalDominance.Bounds,20,18,7,5,2,2,13,13,6,6,10.0,11.1111
NumStability.Source.Higham.Chapter13.Table01.Families,2,2,2,2,1,1,0,0,0,0,50.0,50.0
NumStability.Source.Higham.Chapter13.Table01.ProductTransfers.Families,5,5,0,0,0,0,5,5,0,0,0.0,0.0
NumStability.Source.Higham.Chapter13.Theorem02.Factorization,26,18,23,15,12,10,3,3,0,0,46.1538,55.5556
NumStability.Source.Higham.Chapter13.Theorem02.Uniqueness,44,13,30,11,0,0,14,2,4,0,0.0,0.0
NumStability.Source.Higham.Chapter13.Theorem05.ErrorAnalysis,41,41,26,26,4,4,15,15,0,0,9.7561,9.7561
NumStability.Source.Higham.Chapter13.Theorem05.FamilyErrorAnalysis,30,29,22,22,7,7,8,7,0,0,23.3333,24.1379
NumStability.Source.Higham.Chapter13.Theorem05.Recurrences,27,19,13,12,6,6,14,7,0,0,22.2222,31.5789
NumStability.Source.Higham.Chapter13.Theorem06.AssumptionModel,135,119,84,79,46,46,51,40,2,2,34.0741,38.6555
NumStability.Source.Higham.Chapter13.Theorem06.Computation,31,19,23,12,3,3,8,7,1,0,9.6774,15.7895
NumStability.Source.Higham.Chapter13.Theorem06.FactorAndSolve,115,67,82,55,11,11,33,12,21,0,9.5652,16.4179
NumStability.Source.Higham.Chapter13.Theorem07.OneStep,4,2,2,2,2,2,2,0,2,0,50.0,100.0
NumStability.Source.Higham.Chapter13.Theorem07.PivotExistence,33,30,23,20,9,9,10,10,0,0,27.2727,30.0
NumStability.Source.Higham.Chapter13.Theorem08.OneStep,2,1,1,1,1,1,1,0,1,0,50.0,100.0
NumStability.Source.Higham.Chapter14.Algorithm04.Accumulation.GJESourceAccumulationBridge,5,3,5,3,3,3,0,0,0,0,60.0,100.0
NumStability.Source.Higham.Chapter14.Algorithm04.Accumulation.GaussJordanAccumulation,31,31,29,29,18,18,2,2,0,0,58.0645,58.0645
NumStability.Source.Higham.Chapter14.Algorithm04.Execution.GJEActualDoolittleAdapter,13,9,7,3,0,0,6,6,0,0,0.0,0.0
NumStability.Source.Higham.Chapter14.Algorithm04.Execution.GJEFinalDivisionClosure,159,127,110,101,76,73,49,26,21,0,47.7987,57.4803
NumStability.Source.Higham.Chapter14.Algorithm04.Execution.GJEOperationalBridge,85,58,62,38,12,12,23,20,0,0,14.1176,20.6897
NumStability.Source.Higham.Chapter14.Algorithm04.Execution.GaussJordanSourceClosure,93,67,75,53,18,18,18,14,1,0,19.3548,26.8657
NumStability.Source.Higham.Chapter14.Algorithm04.FinalDivisionStage.FinalizedErrorFamilies,19,19,13,13,1,1,6,6,0,0,5.2632,5.2632
NumStability.Source.Higham.Chapter14.Algorithm04.Pivoting.GaussJordanPivoting,87,68,62,48,19,19,25,20,0,0,21.8391,27.9412
NumStability.Source.Higham.Chapter14.Algorithm04.SecondStage.GaussJordanQConstruction,110,94,103,87,61,59,7,7,0,0,55.4545,62.766
NumStability.Source.Higham.Chapter14.Algorithm04.SecondStage.GaussJordanStep,20,18,13,11,9,9,7,7,0,0,45.0,50.0
NumStability.Source.Higham.Chapter14.Corollary06.FinalizedRunRegularity.UniformInverseRegularity,8,4,5,1,0,0,3,3,0,0,0.0,0.0
NumStability.Source.Higham.Chapter14.Corollary06.SPD.Closure,174,166,142,136,30,28,32,30,0,0,17.2414,16.8675
NumStability.Source.Higham.Chapter14.Corollary06.SPD.Concrete,21,14,9,9,4,4,12,5,7,0,19.0476,28.5714
NumStability.Source.Higham.Chapter14.Corollary06.SPD.GaussJordanSPDCorollary,59,38,29,29,11,11,30,9,21,0,18.6441,28.9474
NumStability.Source.Higham.Chapter14.Corollary06.SPD.SourceClosure,59,55,47,44,0,0,12,11,0,0,0.0,0.0
NumStability.Source.Higham.Chapter14.Corollary06.SPD.UniformInverseBridge,1,1,1,1,1,1,0,0,0,0,100.0,100.0
NumStability.Source.Higham.Chapter14.Corollary07.DiagonalDominance.Basic,29,9,13,7,5,5,16,2,14,0,17.2414,55.5556
NumStability.Source.Higham.Chapter14.Corollary07.DiagonalDominance.Closure,46,32,27,23,7,7,19,9,9,0,15.2174,21.875
NumStability.Source.Higham.Chapter14.Corollary07.DiagonalDominance.Concrete,27,20,15,15,3,3,12,5,7,0,11.1111,15.0
NumStability.Source.Higham.Chapter14.Corollary07.DiagonalDominance.FinalDivisionFamilyClosure,43,35,38,31,30,25,5,4,0,0,69.7674,71.4286
NumStability.Source.Higham.Chapter14.Corollary07.DiagonalDominance.SourceClosure,108,86,86,72,45,39,22,14,7,0,41.6667,45.3488
NumStability.Source.Higham.Chapter14.Corollary07.DiagonalDominance.SourceDomainConstructor,3,3,2,2,0,0,1,1,0,0,0.0,0.0
NumStability.Source.Higham.Chapter14.Corollary07.DiagonalDominance.WeakFamily,63,54,55,47,38,32,8,7,0,0,60.3175,59.2593
NumStability.Source.Higham.Chapter14.Corollary07.FinalizedRunFamilies.ResidualAndForwardEnvelopes,37,30,18,18,0,0,19,12,7,0,0.0,0.0
NumStability.Source.Higham.Chapter14.Corollary07.PrintedTraceFamilies.ResidualAndForwardEndpoints,36,24,20,15,2,2,16,9,7,0,5.5556,8.3333
NumStability.Source.Higham.Chapter14.Corollary07.RowDominantCertificates.CumulativeProductBounds,39,8,7,4,0,0,32,4,28,0,0.0,0.0
NumStability.Source.Higham.Chapter14.Corollary07.WeakDominanceFamilies.ResidualAndForwardBounds,23,16,10,10,0,0,13,6,7,0,0.0,0.0
NumStability.Source.Higham.Chapter14.Discrepancies,1,1,0,0,0,0,1,1,0,0,0.0,0.0
NumStability.Source.Higham.Chapter14.Equation34.DeterminantFromLU.MatrixInversion,5,5,2,2,0,0,3,3,0,0,0.0,0.0
NumStability.Source.Higham.Chapter14.Equation35.HymanBlockFactorization.MatrixInversion,12,11,9,9,8,8,3,2,1,0,66.6667,72.7273
NumStability.Source.Higham.Chapter14.Equation36.HymanDeterminant.MatrixInversion,2,2,2,2,2,2,0,0,0,0,100.0,100.0
NumStability.Source.Higham.Chapter14.Problem02.TriangularInversion.Basic,57,55,41,41,19,19,16,14,0,0,33.3333,34.5455
NumStability.Source.Higham.Chapter14.Problem02.TriangularInversion.Families,119,110,80,78,22,22,39,32,0,0,18.4874,20.0
NumStability.Source.Higham.Chapter14.Problem02.TriangularInversion.Method2B,24,23,15,15,4,4,9,8,0,0,16.6667,17.3913
NumStability.Source.Higham.Chapter14.Problem02.TriangularInversion.TwoBlockFamilies.Derivations,5,5,2,2,0,0,3,3,0,0,0.0,0.0
NumStability.Source.Higham.Chapter14.Problem02.TriangularInversion.TwoBlockFirstOrder.Derivations,13,6,10,3,1,1,3,3,0,0,7.6923,16.6667
NumStability.Source.Higham.Chapter14.Problem02.TriangularInversion.TwoBlockMethod2B.FirstOrderBound,1,1,0,0,0,0,1,1,0,0,0.0,0.0
NumStability.Source.Higham.Chapter14.Problem03.ResidualComparison.MatrixInversion,19,5,4,4,0,0,15,1,14,0,0.0,0.0
NumStability.Source.Higham.Chapter14.Problem04.ResidualCounterexample.MatrixInversion,13,12,10,9,0,0,3,3,0,0,0.0,0.0
NumStability.Source.Higham.Chapter14.Problem05.InverseBasedSolve.AsymptoticFamilies,2,2,2,2,2,2,0,0,0,0,100.0,100.0
NumStability.Source.Higham.Chapter14.Problem05.InverseBasedSolve.ForwardErrorEndpoint,4,4,2,2,2,2,2,2,0,0,50.0,50.0
NumStability.Source.Higham.Chapter14.Problem05.InverseBasedSolve.MatrixInversion,15,11,8,7,2,2,7,4,3,0,13.3333,18.1818
NumStability.Source.Higham.Chapter14.Problem07.OnesVector.MatrixInversion,4,2,0,0,0,0,4,2,2,0,0.0,0.0
NumStability.Source.Higham.Chapter14.Problem08.ComplexInverseRealBlock.MatrixInversion,20,19,15,14,0,0,5,5,0,0,0.0,0.0
NumStability.Source.Higham.Chapter14.Problem10.EntryPerturbation.MatrixInversion,4,4,3,3,0,0,1,1,0,0,0.0,0.0
NumStability.Source.Higham.Chapter14.Problem11.HadamardCondition.MatrixInversion,32,32,19,19,5,5,13,13,0,0,15.625,15.625
NumStability.Source.Higham.Chapter14.Problem12.ConditionNumberExamples.StressAndPeiMatrices,19,4,17,2,0,0,2,2,0,0,0.0,0.0
NumStability.Source.Higham.Chapter14.Problem12.HadamardExamples.MatrixInversion,11,11,9,9,2,2,2,2,0,0,18.1818,18.1818
NumStability.Source.Higham.Chapter14.Problem13.ConditionNumberBounds.UnitRowAndScalarCase,5,5,4,4,0,0,1,1,0,0,0.0,0.0
NumStability.Source.Higham.Chapter14.Problem13.GEJBound.MatrixInversion,53,30,30,28,10,10,23,2,21,0,18.8679,33.3333
NumStability.Source.Higham.Chapter14.Problem14.FloatingPointDeterminant.HymanBackwardError,39,16,31,11,0,0,8,5,0,0,0.0,0.0
NumStability.Source.Higham.Chapter14.Problem14.HymanDeterminant.MatrixInversion,26,19,13,13,4,4,13,6,7,0,15.3846,21.0526
NumStability.Source.Higham.Chapter14.Problem15.DeterminantPerturbation.MatrixInversion,37,23,18,18,6,6,19,5,15,1,16.2162,26.087
NumStability.Source.Higham.Chapter14.Problem15.SingularValueGuards.DeterminantSignAndRelativeBounds,10,7,7,4,1,1,3,3,1,1,10.0,14.2857
NumStability.Source.Higham.Chapter14.Section01.InverseErrorAnalysis.AsymptoticFamilies,92,80,68,60,21,21,24,20,0,0,22.8261,26.25
NumStability.Source.Higham.Chapter14.Section01.InverseErrorAnalysis.ComposedCoefficientFamilies.RemainderAsymptotics,18,16,7,5,0,0,11,11,0,0,0.0,0.0
NumStability.Source.Higham.Chapter14.Section01.InverseErrorAnalysis.ForwardErrorEndpoint,32,32,22,22,19,19,10,10,0,0,59.375,59.375
NumStability.Source.Higham.Chapter14.Section01.InverseErrorAnalysis.MatrixInversion,7,7,6,6,5,5,1,1,0,0,71.4286,71.4286
NumStability.Source.Higham.Chapter14.Section01.InverseErrorAnalysis.ScaledPerturbationEndpoints.ForwardError,15,10,8,3,3,3,7,7,0,0,20.0,30.0
NumStability.Source.Higham.Chapter14.Section01.ProductErrorNotation.ProductErrorNotation,7,7,2,2,0,0,5,5,0,0,0.0,0.0
NumStability.Source.Higham.Chapter14.Section02.TriangularInversion.Method1.AsymptoticFamilies,6,6,6,6,5,5,0,0,0,0,83.3333,83.3333
NumStability.Source.Higham.Chapter14.Section02.TriangularInversion.Method1.ForwardErrorEndpoint,3,3,2,2,2,2,1,1,0,0,66.6667,66.6667
NumStability.Source.Higham.Chapter14.Section02.TriangularInversion.Method1B.BlockResidual.WholeMatrixBounds,17,4,16,3,0,0,1,1,0,0,0.0,0.0
NumStability.Source.Higham.Chapter14.Section02.TriangularInversion.Method1B.BlockTriInverse,38,27,26,15,4,4,12,12,0,0,10.5263,14.8148
NumStability.Source.Higham.Chapter14.Section02.TriangularInversion.Method1B.Method1BWhole,17,14,13,11,9,9,4,3,0,0,52.9412,64.2857
NumStability.Source.Higham.Chapter14.Section02.TriangularInversion.Method2.Method2Loop,20,12,18,11,5,5,2,1,0,0,25.0,41.6667
NumStability.Source.Higham.Chapter14.Section02.TriangularInversion.Method2B.MatrixInversion,16,15,9,9,5,5,7,6,0,0,31.25,33.3333
NumStability.Source.Higham.Chapter14.Section02.TriangularInversion.Method2B.MatrixInversionMethod2BInstance,69,59,43,33,0,0,26,26,0,0,0.0,0.0
NumStability.Source.Higham.Chapter14.Section02.TriangularInversion.Method2C.BlockResidual.LeftResidualBounds,12,1,12,1,1,1,0,0,0,0,8.3333,100.0
NumStability.Source.Higham.Chapter14.Section02.TriangularInversion.Method2C.Method2C,17,11,15,9,8,8,2,2,0,0,47.0588,72.7273
NumStability.Source.Higham.Chapter14.Section02.TriangularInversion.Method2C.Method2CWhole,12,9,10,8,7,7,2,1,0,0,58.3333,77.7778
NumStability.Source.Higham.Chapter14.Section02.TriangularInversion.Method2C.WholeMatrixResidual.LeftResidualBounds,11,3,10,2,0,0,1,1,0,0,0.0,0.0
NumStability.Source.Higham.Chapter14.Section03.LUFactorInversion.MethodB.MethodsBC,11,8,9,6,0,0,2,2,0,0,0.0,0.0
NumStability.Source.Higham.Chapter14.Section03.LUFactorInversion.MethodC.MethodsBC,110,68,63,45,0,0,47,23,21,0,0.0,0.0
NumStability.Source.Higham.Chapter14.Section03.LUFactorInversion.MethodD.MatrixInversion,32,26,23,19,10,10,9,7,2,0,31.25,38.4615
NumStability.Source.Higham.Chapter14.Section03.LUFactorInversion.MethodD.MethodDLeftResidual,8,5,5,3,2,2,3,2,1,0,25.0,40.0
NumStability.Source.Higham.Chapter14.Section03.LUFactorInversion.MethodD.MethodDProductDischarge,8,5,6,3,0,0,2,2,0,0,0.0,0.0
NumStability.Source.Higham.Chapter14.Section03.LUFactorInversion.MethodD.MethodDUpperCertificate,12,10,9,7,4,4,3,3,0,0,33.3333,40.0
NumStability.Source.Higham.Chapter14.Section03.ResidualOperatorTwoNorm.Bridge,1,1,0,0,0,0,1,1,0,0,0.0,0.0
NumStability.Source.Higham.Chapter14.Section05.RectangularIteration,66,43,45,29,7,7,21,14,2,0,10.6061,16.2791
NumStability.Source.Higham.Chapter14.Section05.SpectralConvergence,28,24,23,19,0,0,5,5,0,0,0.0,0.0
NumStability.Source.Higham.Chapter14.Section05.SquareIteration,27,25,16,15,0,0,11,10,0,0,0.0,0.0
NumStability.Source.Higham.Chapter14.Theorem05.EliminationFamilies.CoefficientAsymptotics,26,12,22,8,8,8,4,4,0,0,30.7692,66.6667
NumStability.Source.Higham.Chapter14.Theorem05.ForwardError.GJEAsymptoticFamilies,43,40,38,36,30,29,5,4,0,0,69.7674,72.5
NumStability.Source.Higham.Chapter14.Theorem05.ForwardError.GJEFinalDivisionClosure,14,11,8,5,4,4,6,6,0,0,28.5714,36.3636
NumStability.Source.Higham.Chapter14.Theorem05.ForwardError.GJEPrintedEnvelopeClosure,50,46,43,40,34,33,7,6,0,0,68.0,71.7391
NumStability.Source.Higham.Chapter14.Theorem05.ForwardError.GJETheorem145SourceClosure,87,67,70,51,47,37,17,16,0,0,54.023,55.2239
NumStability.Source.Higham.Chapter14.Theorem05.ForwardError.GaussJordanQConstruction,8,8,2,2,1,1,6,6,0,0,12.5,12.5
NumStability.Source.Higham.Chapter14.Theorem05.PrintedEnvelopes.CorrectionBounds,40,23,30,13,5,5,10,10,0,0,12.5,21.7391
NumStability.Source.Higham.Chapter14.Theorem05.PrintedTrace.VanishingEndpoints,12,12,5,5,0,0,7,7,0,0,0.0,0.0
NumStability.Source.Higham.Chapter15.Algorithm01.PNormPowerMethod.ConvergenceStatements,2,2,2,2,2,2,0,0,0,0,100.0,100.0
NumStability.Source.Higham.Chapter15.Algorithm01.PNormPowerMethod.PNormPowerMethod,30,27,18,16,4,4,12,11,0,0,13.3333,14.8148
NumStability.Source.Higham.Chapter15.Algorithm01.PNormPowerMethod.PNormRectangular,3,3,1,1,0,0,2,2,0,0,0.0,0.0
NumStability.Source.Higham.Chapter15.Algorithm03.OneNormPowerMethod.Basic,13,8,6,6,1,1,7,2,0,0,7.6923,12.5
NumStability.Source.Higham.Chapter15.Algorithm04.LAPACKNormEstimator.Basic,1,1,1,1,1,1,0,0,0,0,100.0,100.0
NumStability.Source.Higham.Chapter15.Algorithm04.LAPACKNormEstimator.ConditionEstimate.Bounds,7,7,2,2,0,0,5,5,0,0,0.0,0.0
NumStability.Source.Higham.Chapter15.Algorithm05.LINPACKConditionEstimator.Basic,3,3,2,2,2,2,1,1,0,0,66.6667,66.6667
NumStability.Source.Higham.Chapter15.Algorithm05.LINPACKConditionEstimator.InverseNormBound.TriangularSolve,22,5,18,3,0,0,4,2,0,0,0.0,0.0
NumStability.Source.Higham.Chapter15.Equation02.Subgradient.PNormGeneral,9,9,0,0,0,0,9,9,0,0,0.0,0.0
NumStability.Source.Higham.Chapter15.Equation02.Subgradient.PNormPowerMethod,2,2,2,2,2,2,0,0,0,0,100.0,100.0
NumStability.Source.Higham.Chapter15.Equation03.GradientQuotient.ConvergenceStatements,8,1,1,1,1,1,7,0,7,0,12.5,100.0
NumStability.Source.Higham.Chapter15.Equation03.GradientQuotient.PNormGeneral,19,12,4,4,0,0,15,8,7,0,0.0,0.0
NumStability.Source.Higham.Chapter15.Equation03.GradientQuotient.PNormPowerMethod,22,8,7,7,6,6,15,1,14,0,27.2727,75.0
NumStability.Source.Higham.Chapter15.Equation04.NormalizedDualDiscrepancy.Basic,17,15,13,11,0,0,4,4,0,0,0.0,0.0
NumStability.Source.Higham.Chapter15.Equation05.SubgradientInequality.Basic,2,2,1,1,0,0,1,1,0,0,0.0,0.0
NumStability.Source.Higham.Chapter15.Equation06.LAPACKCounterexample.Basic,31,16,17,6,1,0,14,10,0,0,3.2258,0.0
NumStability.Source.Higham.Chapter15.Equation07.DixonBound.Basic,1,1,0,0,0,0,1,1,0,0,0.0,0.0
NumStability.Source.Higham.Chapter15.Lemma02.PNormPowerMethod.BoydInterface,12,12,11,11,7,7,1,1,0,0,58.3333,58.3333
NumStability.Source.Higham.Chapter15.Lemma02.PNormPowerMethod.BoydUniqueness,13,6,6,6,1,1,7,0,7,0,7.6923,16.6667
NumStability.Source.Higham.Chapter15.Lemma02.PNormPowerMethod.PNormPowerMethod,6,6,3,3,3,3,3,3,0,0,50.0,50.0
NumStability.Source.Higham.Chapter15.Lemma02.PNormPowerMethod.PNormRectangular,8,8,5,5,4,4,3,3,0,0,50.0,50.0
NumStability.Source.Higham.Chapter15.Problem04.LUConditionBounds.Basic,49,17,48,16,0,0,1,1,0,0,0.0,0.0
NumStability.Source.Higham.Chapter15.Problem06.TridiagonalInverseNorm.Recurrences.ArrayExecution,4,3,3,2,0,0,1,1,0,0,0.0,0.0
NumStability.Source.Higham.Chapter15.Problem06.TridiagonalInverseNorm.Recurrences.EntryFormulas,22,2,21,2,3,2,1,0,0,0,13.6364,100.0
NumStability.Source.Higham.Chapter15.Problem06.TridiagonalInverseNorm.Recurrences.FactorizationAndNorm,129,46,99,19,4,3,30,27,0,0,3.1008,6.5217
NumStability.Source.Higham.Chapter15.Problem06.TridiagonalInverseNorm.TridiagonalInverse,59,42,34,26,19,18,25,16,0,0,32.2034,42.8571
NumStability.Source.Higham.Chapter15.Problem06.TridiagonalInverseNorm.TridiagonalInverseCompletion,73,51,53,38,15,15,20,13,0,0,20.5479,29.4118
NumStability.Source.Higham.Chapter15.Problem06.TridiagonalInverseNorm.TridiagonalInverseRuns,183,140,143,103,15,15,40,37,1,1,8.1967,10.7143
NumStability.Source.Higham.Chapter15.Section01.ConditionNumbers.ConditionEstimators,3,3,1,1,1,1,2,2,0,0,33.3333,33.3333
NumStability.Source.Higham.Chapter15.Section02.Boyd.Corrections.BoydConcrete,1,1,1,1,1,1,0,0,0,0,100.0,100.0
NumStability.Source.Higham.Chapter15.Section02.Boyd.Corrections.BoydLocal,1,1,0,0,0,0,1,1,1,1,0.0,0.0
NumStability.Source.Higham.Chapter15.Section02.Boyd.Corrections.BoydLocalStability,8,6,6,4,0,0,2,2,0,0,0.0,0.0
NumStability.Source.Higham.Chapter15.Section02.Boyd.Corrections.ConvergenceStatements,19,17,12,10,0,0,7,7,0,0,0.0,0.0
NumStability.Source.Higham.Chapter15.Section02.Boyd.EndpointTermination.ConvergenceStatements,6,3,3,0,0,0,3,3,0,0,0.0,0.0
NumStability.Source.Higham.Chapter15.Section02.Boyd.EndpointTermination.InfinityCounterexample.Trace,82,6,62,0,0,0,20,6,0,0,0.0,0.0
NumStability.Source.Higham.Chapter15.Section02.Boyd.EndpointTermination.RectangularTermination,18,7,13,2,10,2,5,5,0,0,55.5556,28.5714
NumStability.Source.Higham.Chapter15.Section02.Boyd.GlobalConvergence.BoydInterface,3,3,1,1,1,1,2,2,0,0,33.3333,33.3333
NumStability.Source.Higham.Chapter15.Section02.Boyd.GlobalConvergence.BoydUniqueness,1,1,1,1,1,1,0,0,0,0,100.0,100.0
NumStability.Source.Higham.Chapter15.Section02.Boyd.GlobalConvergence.ConvergenceStatements,4,4,1,1,0,0,3,3,0,0,0.0,0.0
NumStability.Source.Higham.Chapter15.Section02.Boyd.GlobalConvergence.ScalarCase.Iteration,13,8,11,7,0,0,2,1,0,0,0.0,0.0
NumStability.Source.Higham.Chapter15.Section02.Boyd.LocalConvergence.BoydConcrete,1,1,0,0,0,0,1,1,0,0,0.0,0.0
NumStability.Source.Higham.Chapter15.Section02.Boyd.LocalConvergence.BoydInterface,2,2,1,1,0,0,1,1,0,0,0.0,0.0
NumStability.Source.Higham.Chapter15.Section02.Boyd.LocalConvergence.BoydLocal,2,2,0,0,0,0,2,2,0,0,0.0,0.0
NumStability.Source.Higham.Chapter15.Section02.Boyd.LocalConvergence.BoydLocalStability,2,2,1,1,1,1,1,1,0,0,50.0,50.0
NumStability.Source.Higham.Chapter15.Section02.Boyd.LocalConvergence.ConstrainedLagrangian.Differentiation,6,3,4,2,1,1,2,1,1,0,16.6667,33.3333
NumStability.Source.Higham.Chapter15.Section02.Boyd.SourceDomain.BoydCompletion,4,4,2,2,1,1,2,2,0,0,25.0,25.0
NumStability.Source.Higham.Chapter15.Section02.Boyd.SourceDomain.BoydConcrete,3,3,2,2,1,1,1,1,0,0,33.3333,33.3333
NumStability.Source.Higham.Chapter15.Section02.Boyd.SourceDomain.BoydDomain,6,5,5,4,3,3,1,1,0,0,50.0,60.0
NumStability.Source.Higham.Chapter15.Section02.Boyd.SourceDomain.BoydLocal,5,5,5,5,4,4,0,0,0,0,80.0,80.0
NumStability.Source.Higham.Chapter15.Section02.Boyd.SourceDomain.BoydRowwise,6,6,5,5,2,2,1,1,0,0,33.3333,33.3333
NumStability.Source.Higham.Chapter15.Section02.Boyd.SourceDomain.SecondDerivative.Rowwise,4,2,4,2,1,1,0,0,0,0,25.0,50.0
NumStability.Source.Higham.Chapter15.Section02.Boyd.SourceDomain.StrongLocalMaximum.Convergence,4,4,2,2,0,0,2,2,0,0,0.0,0.0
NumStability.Source.Higham.Chapter15.Section06.TridiagonalLUConditionBounds.ExactBounds,102,2,84,0,0,0,18,2,16,0,0.0,0.0
NumStability.Source.Higham.Chapter15.Theorem06.Dixon.Basic,5,3,3,2,0,0,2,1,1,0,0.0,0.0
NumStability.Source.Higham.Chapter15.Theorem07.TridiagonalLU.Basic,1,1,0,0,0,0,1,1,0,0,0.0,0.0
NumStability.Source.Higham.Chapter15.Theorem08.TridiagonalDiagonalDominance.Basic,1,1,1,1,1,1,0,0,0,0,100.0,100.0
NumStability.Source.Higham.Chapter15.Theorem09.Ikebe.Basic,2,1,1,0,0,0,1,1,0,0,0.0,0.0
NumStability.Source.Higham.Chapter15.Theorem09.Ikebe.IrreducibleRightInverse.RankOneStructure,25,1,25,1,1,1,0,0,0,0,4.0,100.0
NumStability.Source.Higham.Chapter16.Foundations.Core,138,135,68,65,9,9,70,70,0,0,6.5217,6.6667
NumStability.Source.Higham.Chapter16.HessenbergSchur.Results,34,34,17,17,0,0,17,17,0,0,0.0,0.0
NumStability.Source.Higham.Chapter16.HessenbergSchur.Rounded,2,2,0,0,0,0,2,2,0,0,0.0,0.0
NumStability.Source.Higham.Chapter16.Minimizers.Results,201,170,110,80,1,1,91,90,0,0,0.4975,0.5882
NumStability.Source.Higham.Chapter16.Problem02.LyapunovIntegral.Results,11,9,10,8,9,8,1,1,0,0,81.8182,88.8889
NumStability.Source.Higham.Chapter16.Problem02.Results.Core,54,24,47,18,0,0,7,6,1,1,0.0,0.0
NumStability.Source.Higham.Chapter16.QuasiRounded.Solve,58,7,49,5,3,3,9,2,7,0,5.1724,42.8571
NumStability.Source.Higham.Chapter16.QuasiRounded.Sylvester,17,16,9,8,0,0,8,8,0,0,0.0,0.0
NumStability.Source.Higham.Chapter16.Section01.SylvesterEquation.ComplexSolvability.SchurFactors,3,3,0,0,0,0,3,3,0,0,0.0,0.0
NumStability.Source.Higham.Chapter16.Section01.SylvesterEquation.ComplexSolvability.SpectralCriterion,7,7,0,0,0,0,7,7,0,0,0.0,0.0
NumStability.Source.Higham.Chapter16.Section01.SylvesterEquation.ComplexSolvability.Vectorized,79,79,0,0,0,0,79,79,0,0,0.0,0.0
NumStability.Source.Higham.Chapter16.Section01.SylvesterEquation.Equation01,2,2,0,0,0,0,2,2,0,0,0.0,0.0
NumStability.Source.Higham.Chapter16.Section01.SylvesterEquation.Equation02,5,5,0,0,0,0,5,5,0,0,0.0,0.0
NumStability.Source.Higham.Chapter16.Section01.SylvesterEquation.Equation03,21,21,0,0,0,0,21,21,0,0,0.0,0.0
NumStability.Source.Higham.Chapter16.Section01.SylvesterEquation.VectorizationNotes.Notes,1,1,0,0,0,0,1,1,0,0,0.0,0.0
NumStability.Source.Higham.Chapter16.Section02.BartelsStewart.Equation09.Assembly,16,16,7,7,2,2,9,9,0,0,12.5,12.5
NumStability.Source.Higham.Chapter16.Section02.BartelsStewart.Equation09.EndToEnd,8,8,2,2,0,0,6,6,0,0,0.0,0.0
NumStability.Source.Higham.Chapter16.Section02.BartelsStewart.Equations04To08.HessenbergRounded,8,8,4,4,0,0,4,4,0,0,0.0,0.0
NumStability.Source.Higham.Chapter16.Section02.BartelsStewart.Equations04To08.HessenbergSchur,9,8,5,4,3,3,4,4,0,0,33.3333,37.5
NumStability.Source.Higham.Chapter16.Section02.BartelsStewart.Equations04To08.PivotedSmallBlocks,6,6,2,2,0,0,4,4,0,0,0.0,0.0
NumStability.Source.Higham.Chapter16.Section02.BartelsStewart.Equations04To08.QuasiQuasiSylvester,12,12,0,0,0,0,12,12,0,0,0.0,0.0
NumStability.Source.Higham.Chapter16.Section02.BartelsStewart.Equations04To08.QuasiRoundedSylvester,12,12,0,0,0,0,12,12,0,0,0.0,0.0
NumStability.Source.Higham.Chapter16.Section02.BartelsStewart.Equations04To08.RoundedExecutor,15,15,4,4,0,0,11,11,0,0,0.0,0.0
NumStability.Source.Higham.Chapter16.Section02.BartelsStewart.Equations04To08.RoundedTriangular,6,6,0,0,0,0,6,6,0,0,0.0,0.0
NumStability.Source.Higham.Chapter16.Section02.BartelsStewart.Equations04To08.Spectrum,38,38,6,6,3,3,32,32,0,0,7.8947,7.8947
NumStability.Source.Higham.Chapter16.Section02.BartelsStewart.Equations04To08.Vectorized,12,12,6,6,0,0,6,6,0,0,0.0,0.0
NumStability.Source.Higham.Chapter16.Section02.SylvesterAndLyapunovBackwardError.AttainedMinima.Equations15And21,5,5,0,0,0,0,5,5,0,0,0.0,0.0
NumStability.Source.Higham.Chapter16.Section02.SylvesterAndLyapunovBackwardError.Equation09,1,1,0,0,0,0,1,1,0,0,0.0,0.0
NumStability.Source.Higham.Chapter16.Section02.SylvesterAndLyapunovBackwardError.Equation10,1,1,0,0,0,0,1,1,0,0,0.0,0.0
NumStability.Source.Higham.Chapter16.Section02.SylvesterAndLyapunovBackwardError.Equation11,1,1,0,0,0,0,1,1,0,0,0.0,0.0
NumStability.Source.Higham.Chapter16.Section02.SylvesterAndLyapunovBackwardError.Equation12,1,1,0,0,0,0,1,1,0,0,0.0,0.0
NumStability.Source.Higham.Chapter16.Section02.SylvesterAndLyapunovBackwardError.Equation13,3,3,0,0,0,0,3,3,0,0,0.0,0.0
NumStability.Source.Higham.Chapter16.Section02.SylvesterAndLyapunovBackwardError.Equation15,12,12,0,0,0,0,12,12,0,0,0.0,0.0
NumStability.Source.Higham.Chapter16.Section02.SylvesterAndLyapunovBackwardError.Equation16,2,2,0,0,0,0,2,2,0,0,0.0,0.0
NumStability.Source.Higham.Chapter16.Section02.SylvesterAndLyapunovBackwardError.Equation18,2,2,0,0,0,0,2,2,0,0,0.0,0.0
NumStability.Source.Higham.Chapter16.Section02.SylvesterAndLyapunovBackwardError.Equation19,5,5,0,0,0,0,5,5,0,0,0.0,0.0
NumStability.Source.Higham.Chapter16.Section02.SylvesterAndLyapunovBackwardError.Equation21,46,46,0,0,0,0,46,46,0,0,0.0,0.0
NumStability.Source.Higham.Chapter16.Section02.SylvesterAndLyapunovBackwardError.LyapunovDefinition,2,2,0,0,0,0,2,2,0,0,0.0,0.0
NumStability.Source.Higham.Chapter16.Section03.PerturbationAndConditioning.AttainedSeparation.Equation26,4,4,0,0,0,0,4,4,0,0,0.0,0.0
NumStability.Source.Higham.Chapter16.Section03.PerturbationAndConditioning.AutomaticBounds.Results.Core,8,8,2,2,0,0,6,6,0,0,0.0,0.0
NumStability.Source.Higham.Chapter16.Section03.PerturbationAndConditioning.Equation22,4,4,0,0,0,0,4,4,0,0,0.0,0.0
NumStability.Source.Higham.Chapter16.Section03.PerturbationAndConditioning.Equation23,9,9,0,0,0,0,9,9,0,0,0.0,0.0
NumStability.Source.Higham.Chapter16.Section03.PerturbationAndConditioning.Equation24,18,18,6,6,0,0,12,12,0,0,0.0,0.0
NumStability.Source.Higham.Chapter16.Section03.PerturbationAndConditioning.Equation25,7,7,0,0,0,0,7,7,0,0,0.0,0.0
NumStability.Source.Higham.Chapter16.Section03.PerturbationAndConditioning.Equation26,18,18,0,0,0,0,18,18,0,0,0.0,0.0
NumStability.Source.Higham.Chapter16.Section03.PerturbationAndConditioning.Equation27,35,35,6,6,1,1,29,29,0,0,2.8571,2.8571
NumStability.Source.Higham.Chapter16.Section03.PerturbationAndConditioning.LyapunovSolutions,4,4,0,0,0,0,4,4,0,0,0.0,0.0
NumStability.Source.Higham.Chapter16.Section03.PerturbationAndConditioning.SigmaMinCorollaries.Lyapunov,17,17,2,2,1,1,15,15,0,0,5.8824,5.8824
NumStability.Source.Higham.Chapter16.Section03.PerturbationAndConditioning.SigmaMinCorollaries.StructuredSylvester,4,4,3,3,2,2,1,1,0,0,50.0,50.0
NumStability.Source.Higham.Chapter16.Section03.PerturbationAndConditioning.SigmaMinCorollaries.SylvesterPerturbation,20,20,3,3,0,0,17,17,0,0,0.0,0.0
NumStability.Source.Higham.Chapter16.Section03.PerturbationAndConditioning.SigmaMinCorollaries.Vectorized,106,106,39,39,7,7,67,67,0,0,6.6038,6.6038
NumStability.Source.Higham.Chapter16.Section04.PracticalErrorBounds.Equation28,24,24,0,0,0,0,24,24,0,0,0.0,0.0
NumStability.Source.Higham.Chapter16.Section04.PracticalErrorBounds.Equation29,48,48,0,0,0,0,48,48,0,0,0.0,0.0
NumStability.Source.Higham.Chapter16.Section04.PracticalErrorBounds.Equation29Extensions.Minimizers,130,130,0,0,0,0,130,130,0,0,0.0,0.0
NumStability.Source.Higham.Chapter16.Section04.PracticalErrorBounds.Equation29Extensions.Spectrum,11,11,0,0,0,0,11,11,0,0,0.0,0.0
NumStability.Source.Higham.Chapter16.Section04.PracticalErrorBounds.Equation29Extensions.Vectorized,48,48,8,8,0,0,40,40,0,0,0.0,0.0
NumStability.Source.Higham.Chapter16.Section04.PracticalErrorBounds.NormEstimator.Equation29,2,2,1,1,0,0,1,1,0,0,0.0,0.0
NumStability.Source.Higham.Chapter16.Section05.GeneralizedMatrixEquations.Equation30,3,3,0,0,0,0,3,3,0,0,0.0,0.0
NumStability.Source.Higham.Chapter16.Section05.GeneralizedMatrixEquations.Equation31,4,4,0,0,0,0,4,4,0,0,0.0,0.0
NumStability.Source.Higham.Chapter16.Section05.GeneralizedMatrixEquations.Equation32,3,3,0,0,0,0,3,3,0,0,0.0,0.0
NumStability.Source.Higham.Chapter16.Spectrum.Minimizers,16,16,8,8,0,0,8,8,0,0,0.0,0.0
NumStability.Source.Higham.Chapter16.Spectrum.Results,358,300,220,162,20,20,138,138,0,0,5.5866,6.6667
NumStability.Source.Higham.Chapter16.VecNorm.Results,48,48,22,22,0,0,26,26,0,0,0.0,0.0
NumStability.Source.Higham.Chapter16.VecPermutation.Notes,3,2,2,1,0,0,1,1,0,0,0.0,0.0
NumStability.Source.Higham.Chapter17.Equation01.ComputedIteration.Results,10,9,6,6,4,4,4,3,0,0,40.0,44.4444
NumStability.Source.Higham.Chapter17.Equation02.LocalError.Results,1,1,1,1,1,1,0,0,0,0,100.0,100.0
NumStability.Source.Higham.Chapter17.Equation03.ComputedRecurrence.Results,1,1,1,1,1,1,0,0,0,0,100.0,100.0
NumStability.Source.Higham.Chapter17.Equation04.FixedPoint.Results,2,2,1,1,1,1,1,1,0,0,50.0,50.0
NumStability.Source.Higham.Chapter17.Equation05.ErrorExpansion.Results,3,3,3,3,2,2,0,0,0,0,66.6667,66.6667
NumStability.Source.Higham.Chapter17.Equation06.ComponentwiseForward.Results,1,1,1,1,1,1,0,0,0,0,100.0,100.0
NumStability.Source.Higham.Chapter17.Equation07.NormwiseGrowth.Results,6,6,4,4,1,1,2,2,0,0,16.6667,16.6667
NumStability.Source.Higham.Chapter17.Equation08.NormwiseForward.Results,8,1,0,0,0,0,8,1,7,0,0.0,0.0
NumStability.Source.Higham.Chapter17.Equation09.ComponentwiseGrowth.Results,6,6,4,4,1,1,2,2,0,0,16.6667,16.6667
NumStability.Source.Higham.Chapter17.Equation10.LocalErrorSimplification.Results,2,2,2,2,2,2,0,0,0,0,100.0,100.0
NumStability.Source.Higham.Chapter17.Equation12.PartialSumBound.Results,1,1,1,1,1,1,0,0,0,0,100.0,100.0
NumStability.Source.Higham.Chapter17.Equation13.ComponentwiseForward.Results,9,9,7,7,5,5,2,2,0,0,55.5556,55.5556
NumStability.Source.Higham.Chapter17.Equation15.NormwiseForward.Results,1,1,1,1,1,1,0,0,0,0,100.0,100.0
NumStability.Source.Higham.Chapter17.Equation16.Jacobi.Results,5,5,5,5,3,3,0,0,0,0,60.0,60.0
NumStability.Source.Higham.Chapter17.Equation17.SOR.Results,16,9,8,8,3,3,8,1,7,0,18.75,33.3333
NumStability.Source.Higham.Chapter17.Equation18.ResidualRecurrence.Results,2,2,2,2,2,2,0,0,0,0,100.0,100.0
NumStability.Source.Higham.Chapter17.Equation19.ResidualBound.Results,9,2,1,1,0,0,8,1,7,0,0.0,0.0
NumStability.Source.Higham.Chapter17.Equation20.ResidualSigma.Results,16,15,13,12,11,11,3,3,0,0,68.75,73.3333
NumStability.Source.Higham.Chapter17.Equation21.SingularIteration.Results,2,2,2,2,2,2,0,0,0,0,100.0,100.0
NumStability.Source.Higham.Chapter17.Equation22,8,7,6,5,0,0,2,2,0,0,0.0,0.0
NumStability.Source.Higham.Chapter17.Equation27.SingularErrorSplit.Results,1,1,1,1,1,1,0,0,0,0,100.0,100.0
NumStability.Source.Higham.Chapter17.Equation28.SingularErrorSplit.Results,1,1,1,1,1,1,0,0,0,0,100.0,100.0
NumStability.Source.Higham.Chapter17.Equation29.SingularSource.Results,3,3,3,3,3,3,0,0,0,0,100.0,100.0
NumStability.Source.Higham.Chapter17.Equation33.StoppingTests.Results,6,6,0,0,0,0,6,6,0,0,0.0,0.0
NumStability.Source.Higham.Chapter17.Problem01,4,4,3,3,0,0,1,1,0,0,0.0,0.0
NumStability.Source.Higham.Chapter17.Results.Equation08.GeometricSummability,2,2,1,1,0,0,1,1,0,0,0.0,0.0
NumStability.Source.Higham.Chapter17.Results.Equation12.AttainedPartialSumBound,24,14,14,11,4,4,10,3,7,0,16.6667,28.5714
NumStability.Source.Higham.Chapter17.Results.Equation15.UniformForwardBound,1,1,0,0,0,0,1,1,0,0,0.0,0.0
NumStability.Source.Higham.Chapter17.Results.Equation16.JacobiForwardBound,1,1,0,0,0,0,1,1,0,0,0.0,0.0
NumStability.Source.Higham.Chapter17.Results.Equation17.SORForwardBound,2,2,0,0,0,0,2,2,0,0,0.0,0.0
NumStability.Source.Higham.Chapter17.Results.Equation20.DiagonalizableBounds,11,6,8,4,1,1,3,2,1,0,9.0909,16.6667
NumStability.Source.Higham.Chapter17.Results.Equation20.ResidualSigmaEnvelope,15,15,14,14,0,0,1,1,0,0,0.0,0.0
NumStability.Source.Higham.Chapter17.Results.Equation27.SingularErrorSplit,3,3,1,1,1,1,2,2,0,0,33.3333,33.3333
NumStability.Source.Higham.Chapter17.Results.Equation29.SingularBounds,6,5,3,2,2,2,3,3,0,0,33.3333,40.0
NumStability.Source.Higham.Chapter17.Results.Section01.RoundedExecution,12,9,8,5,0,0,4,4,0,0,0.0,0.0
NumStability.Source.Higham.Chapter17.Results.Section04.DrazinConsequences,41,41,32,32,0,0,9,9,0,0,0.0,0.0
NumStability.Source.Higham.Chapter17.Section02.ScaleIndependence.Results,3,3,1,1,0,0,2,2,0,0,0.0,0.0
NumStability.Source.Higham.Chapter17.Section04.PrintedConclusions.Results,3,3,3,3,2,2,0,0,0,0,66.6667,66.6667
NumStability.Source.Higham.Chapter18.Section01.MatrixPowerBounds.Equations04And05.Equation05Primary,3,2,1,0,0,0,2,2,0,0,0.0,0.0
NumStability.Source.Higham.Chapter18.Section01.MatrixPowerBounds.Equations04And05.LpDiagonal,2,2,0,0,0,0,2,2,0,0,0.0,0.0
NumStability.Source.Higham.Chapter18.Section01.MatrixPowerBounds.Equations04And05.LpJordan,1,1,1,1,1,1,0,0,0,0,100.0,100.0
NumStability.Source.Higham.Chapter18.Section01.MatrixPowerBounds.Equations04And05.RealDiagonal,2,2,0,0,0,0,2,2,0,0,0.0,0.0
NumStability.Source.Higham.Chapter18.Section01.MatrixPowerBounds.Equations04And05.RealJordan,2,1,1,0,0,0,1,1,0,0,0.0,0.0
NumStability.Source.Higham.Chapter18.Section01.MatrixPowerBounds.NamedBounds.BaiDemmelGu,3,3,2,2,0,0,1,1,0,0,0.0,0.0
NumStability.Source.Higham.Chapter18.Section01.MatrixPowerBounds.NamedBounds.Gautschi,2,2,0,0,0,0,2,2,1,1,0.0,0.0
NumStability.Source.Higham.Chapter18.Section01.MatrixPowerBounds.NamedBounds.Kreiss,2,2,1,1,1,1,1,1,0,0,50.0,50.0
NumStability.Source.Higham.Chapter18.Section01.MatrixPowerBounds.NamedBounds.Laszlo,1,1,0,0,0,0,1,1,0,0,0.0,0.0
NumStability.Source.Higham.Chapter18.Section01.MatrixPowerBounds.NamedBounds.SpijkerKreiss,2,2,2,2,2,2,0,0,0,0,100.0,100.0
NumStability.Source.Higham.Chapter18.Section01.MatrixPowerBounds.NamedBounds.SpijkerKreissUnconditional.Bounds,2,2,0,0,0,0,2,2,0,0,0.0,0.0
NumStability.Source.Higham.Chapter18.Section02.FinitePrecisionPowers.Equations08To14.ComplexSimilarity,2,2,2,2,1,1,0,0,0,0,50.0,50.0
NumStability.Source.Higham.Chapter18.Section02.FinitePrecisionPowers.Equations08To14.ComputedIteration,14,10,9,6,2,2,5,4,1,0,14.2857,20.0
NumStability.Source.Higham.Chapter18.Section02.FinitePrecisionPowers.Equations08To14.PowerBound,2,2,1,1,0,0,1,1,0,0,0.0,0.0
NumStability.Source.Higham.Chapter18.Section02.FinitePrecisionPowers.Theorems01And02.ComplexJordan,2,2,1,1,1,1,1,1,0,0,50.0,50.0
NumStability.Source.Higham.Chapter18.Section02.FinitePrecisionPowers.Theorems01And02.PseudospectralCriterion,2,2,1,1,0,0,1,1,0,0,0.0,0.0
NumStability.Source.Higham.Chapter18.Section02.FinitePrecisionPowers.Theorems01And02.PseudospectralPackaging,2,2,1,1,0,0,1,1,0,0,0.0,0.0
NumStability.Source.Higham.Chapter18.Section02.FinitePrecisionPowers.Theorems01And02.RealCases,5,5,3,3,2,2,2,2,0,0,40.0,40.0
NumStability.Source.Higham.Chapter18.Section02.FinitePrecisionPowers.Theorems01And02.RealJordan,5,2,4,1,0,0,1,1,0,0,0.0,0.0
NumStability.Source.Higham.Chapter18.Section02.FinitePrecisionPowers.Theorems01And02.SpectralCriterion,3,3,2,2,0,0,1,1,0,0,0.0,0.0
NumStability.Source.Higham.Chapter19.Algorithm11.CGSRounded,76,61,54,44,12,11,22,17,0,0,15.7895,18.0328
NumStability.Source.Higham.Chapter19.Algorithm12.MGSClosure,12,11,3,3,0,0,9,8,0,0,0.0,0.0
NumStability.Source.Higham.Chapter19.Algorithm12.MGSNonbreakdown,36,20,30,14,0,0,6,6,0,0,0.0,0.0
NumStability.Source.Higham.Chapter19.Algorithm12.MGSPaddedClosure,158,117,125,95,24,23,33,22,7,0,15.1899,19.6581
NumStability.Source.Higham.Chapter19.Algorithm12.MGSRepair,15,8,8,8,3,3,7,0,7,0,20.0,37.5
NumStability.Source.Higham.Chapter19.Algorithm12.MGSRounded,120,90,74,71,39,39,46,19,21,0,32.5,43.3333
NumStability.Source.Higham.Chapter19.Algorithm12.MGSSourceRate,77,62,57,50,5,5,20,12,7,0,6.4935,8.0645
NumStability.Source.Higham.Chapter19.Core,1271,1095,762,632,40,39,509,463,10,0,3.1471,3.5616
NumStability.Source.Higham.Chapter19.FormedQ,6,5,4,3,0,0,2,2,0,0,0.0,0.0
NumStability.Source.Higham.Chapter19.Labels,35,11,20,4,1,1,15,7,7,0,2.8571,9.0909
NumStability.Source.Higham.Chapter19.Lemma01.Construction2,1,1,0,0,0,0,1,1,0,0,0.0,0.0
NumStability.Source.Higham.Chapter19.Lemma03.ActualSequence,2,2,0,0,0,0,2,2,0,0,0.0,0.0
NumStability.Source.Higham.Chapter19.Lemma07.Gamma4,17,7,10,7,1,1,7,0,7,0,5.8824,14.2857
NumStability.Source.Higham.Chapter19.Lemma09.DisjointSweep,78,66,53,47,7,7,25,19,1,1,8.9744,10.6061
NumStability.Source.Higham.Chapter19.PolarNearest,7,7,6,6,0,0,1,1,0,0,0.0,0.0
NumStability.Source.Higham.Chapter19.Problem06.ActualStep,5,2,4,1,0,0,1,1,0,0,0.0,0.0
NumStability.Source.Higham.Chapter19.Problem09,17,15,14,12,0,0,3,3,0,0,0.0,0.0
NumStability.Source.Higham.Chapter19.Problem10,139,46,91,27,0,0,48,19,14,0,0.0,0.0
NumStability.Source.Higham.Chapter19.Sensitivity.Bounds.Results,77,65,53,49,21,21,24,16,7,0,27.2727,32.3077
NumStability.Source.Higham.Chapter19.Sensitivity.Closure,20,9,9,7,0,0,11,2,9,0,0.0,0.0
NumStability.Source.Higham.Chapter19.StoredLoop.AllPivots,21,19,16,15,0,0,5,4,0,0,0.0,0.0
NumStability.Source.Higham.Chapter19.StoredLoop.Perturbation.Bridge,8,8,5,5,2,2,3,3,0,0,25.0,25.0
NumStability.Source.Higham.Chapter19.StoredLoop.StrongModel,14,13,10,10,0,0,4,3,0,0,0.0,0.0
NumStability.Source.Higham.Chapter19.SunBischof,54,42,43,33,0,0,11,9,0,0,0.0,0.0
NumStability.Source.Higham.Chapter19.Theorem05.Nonbreakdown,12,11,8,7,0,0,4,4,0,0,0.0,0.0
NumStability.Source.Higham.Chapter19.Theorem05.SourceClosure,69,54,49,39,8,8,20,15,2,0,11.5942,14.8148
NumStability.Source.Higham.Chapter19.Theorem06.ActualSource,2,2,0,0,0,0,2,2,0,0,0.0,0.0
NumStability.Source.Higham.Chapter19.Theorem06.ColumnPivot,24,22,14,14,5,5,10,8,0,0,20.8333,22.7273
NumStability.Source.Higham.Chapter19.Theorem06.ColumnPivotFull,29,26,22,21,15,15,7,5,0,0,51.7241,57.6923
NumStability.Source.Higham.Chapter19.Theorem06.CoxHigham,31,16,12,12,11,11,19,4,15,1,35.4839,68.75
NumStability.Source.Higham.Chapter19.Theorem06.CoxHighamAssembly,2,2,1,1,1,1,1,1,0,0,50.0,50.0
NumStability.Source.Higham.Chapter19.Theorem06.CoxHighamConcrete,22,16,12,10,9,9,10,6,0,0,40.9091,56.25
NumStability.Source.Higham.Chapter19.Theorem06.CoxHighamFull,6,6,4,4,2,2,2,2,0,0,33.3333,33.3333
NumStability.Source.Higham.Chapter19.Theorem06.Elementwise,6,6,3,3,0,0,3,3,0,0,0.0,0.0
NumStability.Source.Higham.Chapter19.Theorem06.ElementwiseEntry,13,9,11,7,1,1,2,2,0,0,7.6923,11.1111
NumStability.Source.Higham.Chapter19.Theorem06.ElementwisePackaged,11,11,8,8,3,3,3,3,1,1,27.2727,27.2727
NumStability.Source.Higham.Chapter19.Theorem06.Final,22,19,13,12,7,6,9,7,0,0,31.8182,31.5789
NumStability.Source.Higham.Chapter19.Theorem06.Pivoted,17,17,10,10,7,7,7,7,0,0,41.1765,41.1765
NumStability.Source.Higham.Chapter19.Theorem06.RowSpecific,12,12,10,10,7,7,2,2,0,0,58.3333,58.3333
NumStability.Source.Higham.Chapter19.Theorem06.StrongModel,20,16,16,14,0,0,4,2,0,0,0.0,0.0
NumStability.Source.Higham.Chapter19.Theorem10.ActualMatrix,47,40,32,29,0,0,15,11,0,0,0.0,0.0
NumStability.Source.Higham.Chapter19.TurnbullAitken,46,24,29,14,0,0,17,10,7,0,0.0,0.0
NumStability.Source.Higham.Chapter19.WYApplicationClosure,105,100,70,70,1,1,35,30,0,0,0.9524,1.0
NumStability.Source.Higham.Chapter20.Equation32,1,1,0,0,0,0,1,1,0,0,0.0,0.0
NumStability.Source.Higham.Chapter20.Equations.Core.Results,47,31,28,16,13,13,19,15,0,0,27.6596,41.9355
NumStability.Source.Higham.Chapter20.Equations.WeightedLimit,9,8,6,5,1,1,3,3,0,0,11.1111,12.5
NumStability.Source.Higham.Chapter20.Examples.Condition,11,7,8,4,0,0,3,3,0,0,0.0,0.0
NumStability.Source.Higham.Chapter20.Examples.CrossProduct,23,13,16,6,8,1,7,7,1,1,34.7826,7.6923
NumStability.Source.Higham.Chapter20.Examples.GeneralRank,46,1,36,0,0,0,10,1,0,0,0.0,0.0
NumStability.Source.Higham.Chapter20.Lemma06,1,1,0,0,0,0,1,1,0,0,0.0,0.0
NumStability.Source.Higham.Chapter20.Lemma11.Core.Results,33,4,25,3,1,1,8,1,7,0,3.0303,25.0
NumStability.Source.Higham.Chapter20.Lemma11.Support,27,27,22,22,3,3,5,5,0,0,11.1111,11.1111
NumStability.Source.Higham.Chapter20.Lemma12,7,3,6,2,0,0,1,1,0,0,0.0,0.0
NumStability.Source.Higham.Chapter20.MinimumNormBackwardError,20,10,13,5,0,0,7,5,0,0,0.0,0.0
NumStability.Source.Higham.Chapter20.NormalEquations,16,7,7,5,0,0,9,2,7,0,0.0,0.0
NumStability.Source.Higham.Chapter20.Problem03,23,17,18,13,4,4,5,4,0,0,17.3913,23.5294
NumStability.Source.Higham.Chapter20.Problem05.MGSStability,48,46,30,28,0,0,18,18,0,0,0.0,0.0
NumStability.Source.Higham.Chapter20.Prose.Core.Results,42,32,19,16,4,3,23,16,7,0,9.5238,9.375
NumStability.Source.Higham.Chapter20.Prose.MoorePenrose,18,12,9,4,0,0,9,8,0,0,0.0,0.0
NumStability.Source.Higham.Chapter20.Prose.Quantitative,7,5,3,1,0,0,4,4,0,0,0.0,0.0
NumStability.Source.Higham.Chapter20.Remaining,22,12,18,8,1,1,4,4,0,0,4.5455,8.3333
NumStability.Source.Higham.Chapter20.Section02.Algorithms,4,4,1,1,0,0,3,3,0,0,0.0,0.0
NumStability.Source.Higham.Chapter20.Theorem01,1,1,0,0,0,0,1,1,0,0,0.0,0.0
NumStability.Source.Higham.Chapter20.Theorem02.AlternativeBound,7,7,6,6,2,2,1,1,0,0,28.5714,28.5714
NumStability.Source.Higham.Chapter20.Theorem03.Core.Results,12,11,9,8,9,8,3,3,0,0,75.0,72.7273
NumStability.Source.Higham.Chapter20.Theorem03.QRSolve,791,569,471,394,56,56,320,175,137,0,7.0796,9.8418
NumStability.Source.Higham.Chapter20.Theorem03.ResidualQuality,16,16,13,13,0,0,3,3,0,0,0.0,0.0
NumStability.Source.Higham.Chapter20.Theorem03.ZeroDeltaB,86,68,49,46,2,2,37,22,15,1,2.3256,2.9412
NumStability.Source.Higham.Chapter20.Theorem04.Core.Results,21,10,11,7,0,0,10,3,7,0,0.0,0.0
NumStability.Source.Higham.Chapter20.Theorem04.Refinement,58,54,29,26,0,0,29,28,0,0,0.0,0.0
NumStability.Source.Higham.Chapter20.Theorem07.ActualAssembly,135,105,109,79,32,32,26,26,0,0,23.7037,30.4762
NumStability.Source.Higham.Chapter20.Theorem07.ActualBackSub,71,49,54,32,0,0,17,17,0,0,0.0,0.0
NumStability.Source.Higham.Chapter20.Theorem07.ActualClosure,59,35,45,28,19,17,14,7,7,0,32.2034,48.5714
NumStability.Source.Higham.Chapter20.Theorem07.ActualGrowth,10,4,10,4,1,1,0,0,0,0,10.0,25.0
NumStability.Source.Higham.Chapter20.Theorem07.ActualRhs,38,35,29,27,14,14,9,8,0,0,36.8421,40.0
NumStability.Source.Higham.Chapter20.Theorem07.ActualTrace,93,78,61,49,44,43,32,29,0,0,47.3118,55.1282
NumStability.Source.Higham.Chapter20.Theorem07.Contract,215,164,137,105,3,3,78,59,0,0,1.3953,1.8293
NumStability.Source.Higham.Chapter20.Theorem07.Core.Results,258,202,169,132,83,69,89,70,2,1,32.1705,34.1584
NumStability.Source.Higham.Chapter20.Theorem07.Elimination,70,70,45,45,3,3,25,25,0,0,4.2857,4.2857
NumStability.Source.Higham.Chapter20.Theorem07.QdR,42,37,30,28,4,4,12,9,0,0,9.5238,10.8108
NumStability.Source.Higham.Chapter20.Theorem07.RowPolicy,123,110,83,73,0,0,40,37,0,0,0.0,0.0
NumStability.Source.Higham.Chapter20.Theorem07.Runtime,27,27,18,18,0,0,9,9,0,0,0.0,0.0
NumStability.Source.Higham.Chapter20.Theorem07.SourceTrace,87,76,44,38,0,0,43,38,1,0,0.0,0.0
NumStability.Source.Higham.Chapter20.Theorem08.Core.Results,57,49,30,29,0,0,27,20,7,0,0.0,0.0
NumStability.Source.Higham.Chapter20.Theorem08.LSE,63,60,47,44,0,0,16,16,0,0,0.0,0.0
NumStability.Source.Higham.Chapter20.Theorem10,31,22,19,10,0,0,12,12,0,0,0.0,0.0
NumStability.Source.Higham.Chapter21.Attainability.Results,14,9,10,5,0,0,4,4,0,0,0.0,0.0
NumStability.Source.Higham.Chapter21.Corrections.CorrectedMGS.RoundedReplay,18,17,13,13,9,9,5,4,0,0,50.0,52.9412
NumStability.Source.Higham.Chapter21.Equation01.QRFoundations,3,3,2,2,2,2,1,1,0,0,66.6667,66.6667
NumStability.Source.Higham.Chapter21.Equation01.UnderdeterminedSolve,1,1,1,1,1,1,0,0,0,0,100.0,100.0
NumStability.Source.Higham.Chapter21.Equation02.UnderdeterminedSolve,1,1,1,1,1,1,0,0,0,0,100.0,100.0
NumStability.Source.Higham.Chapter21.Equation03.QRFoundations,7,7,5,5,1,1,2,2,0,0,14.2857,14.2857
NumStability.Source.Higham.Chapter21.Equation03.UnderdeterminedSolve,7,7,6,6,4,4,1,1,0,0,57.1429,57.1429
NumStability.Source.Higham.Chapter21.Equation04.QRFoundations,2,2,1,1,0,0,1,1,0,0,0.0,0.0
NumStability.Source.Higham.Chapter21.Equation04.UnderdeterminedSpec,12,12,10,10,7,7,2,2,0,0,58.3333,58.3333
NumStability.Source.Higham.Chapter21.Equation05.UnderdeterminedSolve,4,4,3,3,2,2,1,1,0,0,50.0,50.0
NumStability.Source.Higham.Chapter21.Equation05.UnderdeterminedSpec,1,1,1,1,1,1,0,0,0,0,100.0,100.0
NumStability.Source.Higham.Chapter21.Equation06.Perturbation,8,8,4,4,4,4,4,4,0,0,50.0,50.0
NumStability.Source.Higham.Chapter21.Equation07.ConditionTransfer,17,17,13,13,10,10,4,4,0,0,58.8235,58.8235
NumStability.Source.Higham.Chapter21.Equation07.UnderdeterminedSolve,58,58,42,42,25,25,16,16,0,0,43.1034,43.1034
NumStability.Source.Higham.Chapter21.Equation08.EquationClosure,46,37,31,29,6,6,15,8,7,0,13.0435,16.2162
NumStability.Source.Higham.Chapter21.Equation08.ProjectorNorm,1,1,0,0,0,0,1,1,0,0,0.0,0.0
NumStability.Source.Higham.Chapter21.Equation08.Results.Core,1,1,0,0,0,0,1,1,0,0,0.0,0.0
NumStability.Source.Higham.Chapter21.Equation09.EquationClosure,29,28,21,20,16,16,8,8,0,0,55.1724,57.1429
NumStability.Source.Higham.Chapter21.Equation09.ProjectorNorm,10,10,6,6,2,2,4,4,0,0,20.0,20.0
NumStability.Source.Higham.Chapter21.Equation09.Results.Core,22,12,9,6,0,0,13,6,7,0,0.0,0.0
NumStability.Source.Higham.Chapter21.Equation10.Closure,4,4,0,0,0,0,4,4,0,0,0.0,0.0
NumStability.Source.Higham.Chapter21.Equation10.RoundedReplay,3,3,0,0,0,0,3,3,0,0,0.0,0.0
NumStability.Source.Higham.Chapter21.Equation10.UnderdeterminedSolve,29,23,27,21,13,13,2,2,0,0,44.8276,56.5217
NumStability.Source.Higham.Chapter21.Equation11.ActualOutput,19,3,4,2,0,0,15,1,14,0,0.0,0.0
NumStability.Source.Higham.Chapter21.Equation11.Closure,2,2,0,0,0,0,2,2,0,0,0.0,0.0
NumStability.Source.Higham.Chapter21.Equation11.Equation,1,1,1,1,1,1,0,0,0,0,100.0,100.0
NumStability.Source.Higham.Chapter21.Equation11.Forward,2,2,0,0,0,0,2,2,0,0,0.0,0.0
NumStability.Source.Higham.Chapter21.Equation11.RemainderBounds,1,1,1,1,1,1,0,0,0,0,100.0,100.0
NumStability.Source.Higham.Chapter21.Equation11.Results.Core,16,4,6,1,1,1,10,3,7,0,6.25,25.0
NumStability.Source.Higham.Chapter21.Equation11.Scalar,4,2,4,2,1,1,0,0,0,0,25.0,50.0
NumStability.Source.Higham.Chapter21.Equation11.ScalarCase.Core,10,1,2,0,0,0,8,1,7,0,0.0,0.0
NumStability.Source.Higham.Chapter21.Equation11.UnderdeterminedSolve,8,8,7,7,7,7,1,1,0,0,87.5,87.5
NumStability.Source.Higham.Chapter21.Equation11.Uniform,6,6,6,6,6,6,0,0,0,0,100.0,100.0
NumStability.Source.Higham.Chapter21.Equation11.UniformClosure,18,17,18,17,18,17,0,0,0,0,100.0,100.0
NumStability.Source.Higham.Chapter21.Equation11.UniformEnvelope.Core,38,13,19,1,1,1,19,12,7,0,2.6316,7.6923
NumStability.Source.Higham.Chapter21.Lemma02.Symmetrization.UnderdeterminedSolve,98,90,72,72,64,64,26,18,7,0,65.3061,71.1111
NumStability.Source.Higham.Chapter21.Lemma02.Symmetrization.UnderdeterminedSpec,13,12,7,7,3,3,6,5,0,0,23.0769,25.0
NumStability.Source.Higham.Chapter21.RowScalingInvariance,27,6,4,4,0,0,23,2,21,0,0.0,0.0
NumStability.Source.Higham.Chapter21.Section03.MethodComparison.Core,15,14,7,7,1,1,8,7,0,0,6.6667,7.1429
NumStability.Source.Higham.Chapter21.Theorem01.Attainability.Attainability,23,21,18,16,17,16,5,5,0,0,73.913,76.1905
NumStability.Source.Higham.Chapter21.Theorem01.ComponentwisePerturbation.Radius,2,2,1,1,0,0,1,1,0,0,0.0,0.0
NumStability.Source.Higham.Chapter21.Theorem01.ComponentwisePerturbation.RankStability,5,5,5,5,3,3,0,0,0,0,60.0,60.0
NumStability.Source.Higham.Chapter21.Theorem01.ComponentwisePerturbation.UnderdeterminedSpec,10,9,3,3,0,0,7,6,0,0,0.0,0.0
NumStability.Source.Higham.Chapter21.Theorem03.Attainment,29,22,12,12,0,0,17,10,7,0,0.0,0.0
NumStability.Source.Higham.Chapter21.Theorem03.NormwiseBackwardError.UnderdeterminedSolve,86,58,46,46,18,18,40,12,28,0,20.9302,31.0345
NumStability.Source.Higham.Chapter21.Theorem04.GivensQMethod.Closure,13,9,9,5,3,3,4,4,0,0,23.0769,33.3333
NumStability.Source.Higham.Chapter21.Theorem04.GivensQMethod.Core,12,12,6,6,3,3,6,6,0,0,25.0,25.0
NumStability.Source.Higham.Chapter21.Theorem04.GivensQMethod.RoundedReplay,8,8,2,2,2,2,6,6,0,0,25.0,25.0
NumStability.Source.Higham.Chapter21.Theorem04.HouseholderQMethod.UnderdeterminedSolve,103,97,78,73,32,32,25,24,0,0,31.068,32.9897
NumStability.Source.Higham.Chapter21.Theorem04.ModifiedGramSchmidtQMethod.Core,2,2,1,1,0,0,1,1,0,0,0.0,0.0
NumStability.Source.Higham.Chapter21.Theorem04.ModifiedGramSchmidtQMethod.RoundedReplay,1,1,1,1,1,1,0,0,0,0,100.0,100.0
NumStability.Source.Higham.Chapter21.Theorem04.RowwiseBackwardError,19,18,10,10,2,2,9,8,0,0,10.5263,11.1111
NumStability.Source.Higham.Chapter21.Theorem04.SeminormalEquations.ActualOutput,6,6,3,3,2,2,3,3,0,0,33.3333,33.3333
NumStability.Source.Higham.Chapter21.Theorem04.SeminormalEquations.Closure,47,39,27,26,18,18,20,13,7,0,38.2979,46.1538
NumStability.Source.Higham.Chapter21.Theorem04.SeminormalEquations.EnvelopeTransfer,11,2,3,1,0,0,8,1,7,0,0.0,0.0
NumStability.Source.Higham.Chapter21.Theorem04.SeminormalEquations.Forward,4,4,1,1,1,1,3,3,0,0,25.0,25.0
NumStability.Source.Higham.Chapter21.Theorem04.SeminormalEquations.QRMajorant,2,2,2,2,2,2,0,0,0,0,100.0,100.0
NumStability.Source.Higham.Chapter21.Theorem04.SeminormalEquations.RemainderBounds,6,6,4,4,2,2,2,2,0,0,33.3333,33.3333
NumStability.Source.Higham.Chapter21.Theorem04.SeminormalEquations.Signed,16,16,11,11,7,7,5,5,0,0,43.75,43.75
NumStability.Source.Higham.Chapter21.Theorem04.SeminormalEquations.Uniform,28,27,23,22,21,20,5,5,0,0,75.0,74.0741
NumStability.Source.Higham.Chapter21.Theorem04.SourceClosure.SourceClosure,18,12,16,10,6,6,2,2,0,0,33.3333,50.0
NumStability.Source.Higham.Chapter21.Theorem04.SourceClosure.Supplement.Core,2,2,0,0,0,0,2,2,0,0,0.0,0.0
NumStability.Source.Higham.Chapter22.MonomialResidual,132,45,108,35,0,0,24,10,14,0,0.0,0.0
NumStability.Source.Higham.Chapter22.Problem07,124,95,86,71,0,0,38,24,14,0,0.0,0.0
NumStability.Source.Higham.Chapter22.Section03.ComplexConfluentRefinement,89,62,48,41,0,0,41,21,14,0,0.0,0.0
NumStability.Source.Higham.Chapter22.Section03.RealRefinement,54,25,21,12,0,0,33,13,15,1,0.0,0.0
NumStability.Source.Higham.Chapter22.VandermondeSystems,1334,780,957,530,82,77,377,250,58,2,6.1469,9.8718
NumStability.Source.Higham.Chapter23.BalancedScaling,2,2,1,1,0,0,1,1,0,0,0.0,0.0
NumStability.Source.Higham.Chapter23.BilinearAlgorithm,24,21,16,14,7,7,8,7,0,0,29.1667,33.3333
NumStability.Source.Higham.Chapter23.BiniLotti.ExactMajorant,10,7,6,5,2,2,4,2,0,0,20.0,28.5714
NumStability.Source.Higham.Chapter23.BiniLotti.Execution,12,10,10,10,9,9,2,0,0,0,75.0,90.0
NumStability.Source.Higham.Chapter23.BiniLotti.FirstOrder,40,31,24,21,0,0,16,10,0,0,0.0,0.0
NumStability.Source.Higham.Chapter23.BiniLotti.RecursiveAlgebra,65,50,43,42,15,15,22,8,0,0,23.0769,30.0
NumStability.Source.Higham.Chapter23.BlockAlgorithms,45,36,27,23,13,13,18,13,0,0,28.8889,36.1111
NumStability.Source.Higham.Chapter23.ConventionalMultiplication,7,7,3,3,2,2,4,4,0,0,28.5714,28.5714
NumStability.Source.Higham.Chapter23.Equation11,49,43,39,33,9,9,10,10,0,0,18.3673,20.9302
NumStability.Source.Higham.Chapter23.ErrorRecurrences,42,29,23,14,18,12,19,15,0,0,42.8571,41.3793
NumStability.Source.Higham.Chapter23.GammaAsymptotics,8,8,7,7,4,4,1,1,0,0,50.0,50.0
NumStability.Source.Higham.Chapter23.Problem08,23,16,9,6,0,0,14,10,1,1,0.0,0.0
NumStability.Source.Higham.Chapter23.Theorem02.ErrorBound,37,19,26,13,4,4,11,6,0,0,10.8108,21.0526
NumStability.Source.Higham.Chapter23.Theorem02.ErrorRelations,62,49,46,43,23,23,16,6,0,0,37.0968,46.9388
NumStability.Source.Higham.Chapter23.Theorem02.ExactMajorant,21,14,17,13,15,12,4,1,0,0,71.4286,85.7143
NumStability.Source.Higham.Chapter23.Theorem02.Execution,3,2,2,2,2,2,1,0,0,0,66.6667,100.0
NumStability.Source.Higham.Chapter23.Theorem02.RecursiveMatrix,42,26,24,10,2,2,18,16,0,0,4.7619,7.6923
NumStability.Source.Higham.Chapter23.Theorem03.Certificates,12,11,9,9,7,7,3,2,0,0,58.3333,63.6364
NumStability.Source.Higham.Chapter23.Theorem03.ErrorBound,30,14,23,10,0,0,7,4,0,0,0.0,0.0
NumStability.Source.Higham.Chapter23.Theorem03.ExactMajorant,58,43,37,27,25,23,21,16,0,0,43.1034,53.4884
NumStability.Source.Higham.Chapter23.Theorem03.Execution,3,2,2,2,2,2,1,0,0,0,66.6667,100.0
NumStability.Source.Higham.Chapter23.ThreeM,71,57,36,32,1,1,35,25,7,0,1.4085,1.7544
NumStability.Source.Higham.Chapter23.ThreeMStrassen.ExactMajorant,4,4,1,1,1,1,3,3,0,0,25.0,25.0
NumStability.Source.Higham.Chapter23.ThreeMStrassen.Execution,13,12,13,12,12,11,0,0,0,0,92.3077,91.6667
NumStability.Source.Higham.Chapter23.ThreeMStrassen.FirstOrder,20,15,18,13,0,0,2,2,0,0,0.0,0.0
NumStability.Source.Higham.Chapter23.WinogradInnerProduct,13,6,12,5,3,3,1,1,0,0,23.0769,50.0
NumStability.Source.Higham.Chapter24.CirculantForwardError,21,11,13,10,0,0,8,1,7,0,0.0,0.0
NumStability.Source.Higham.Chapter24.CirculantSystems,118,98,82,66,12,12,36,32,0,0,10.1695,12.2449
NumStability.Source.Higham.Chapter24.FFTBackwardStability,20,6,4,4,2,2,16,2,14,0,10.0,33.3333
NumStability.Source.Higham.Chapter24.ForwardFFTPerturbation,54,28,26,21,11,10,28,7,21,0,20.3704,35.7143
NumStability.Source.Higham.Chapter24.FourierTransform,41,37,32,29,18,17,9,8,0,0,43.9024,45.9459
NumStability.Source.Higham.Chapter24.InverseFFT,22,21,17,16,7,7,5,5,0,0,31.8182,33.3333
NumStability.Source.Higham.Chapter24.Radix2FFT,267,210,156,139,15,14,111,71,14,0,5.618,6.6667
NumStability.Source.Higham.Chapter24.RoundedCirculantSolver,14,7,14,7,6,6,0,0,0,0,42.8571,85.7143
NumStability.Source.Higham.Chapter24.RoundedDiagonalSolve,12,10,10,8,8,8,2,2,0,0,66.6667,80.0
NumStability.Source.Higham.Chapter24.StructuredMixedStability,85,49,46,38,9,5,39,11,28,0,10.5882,10.2041
NumStability.Source.Higham.Chapter25.Eigenproblem,53,49,36,33,0,0,17,16,0,0,0.0,0.0
NumStability.Source.Higham.Chapter25.NonlinearSystems,178,124,85,77,1,1,93,47,48,6,0.5618,0.8065
NumStability.Source.Higham.Chapter25.Problem01,14,7,2,2,0,0,12,5,8,1,0.0,0.0
NumStability.Source.Higham.Chapter26.AlternatingDirections.CrudeLineSearch,30,22,15,10,0,0,15,12,0,0,0.0,0.0
NumStability.Source.Higham.Chapter26.AlternatingDirections.ExactExecution,26,22,18,14,4,4,8,8,0,0,15.3846,18.1818
NumStability.Source.Higham.Chapter26.CubicRoots.DepressedCubic,6,3,5,2,5,2,1,1,0,0,83.3333,66.6667
NumStability.Source.Higham.Chapter26.CubicRoots.MonicCubic,2,2,2,2,2,2,0,0,0,0,100.0,100.0
NumStability.Source.Higham.Chapter26.Equation01,2,2,1,1,0,0,1,1,0,0,0.0,0.0
NumStability.Source.Higham.Chapter26.Equation02,1,1,1,1,1,1,0,0,0,0,100.0,100.0
NumStability.Source.Higham.Chapter26.Equation03,3,3,3,3,1,1,0,0,0,0,33.3333,33.3333
NumStability.Source.Higham.Chapter26.Equation04,1,1,0,0,0,0,1,1,0,0,0.0,0.0
NumStability.Source.Higham.Chapter26.Equation05.CardanoRoots,9,8,7,6,0,0,2,2,0,0,0.0,0.0
NumStability.Source.Higham.Chapter26.Equation05.ComplexBranches,11,7,11,7,10,7,0,0,0,0,90.9091,100.0
NumStability.Source.Higham.Chapter26.Equation05.RealBranches,8,5,8,5,6,5,0,0,0,0,75.0,100.0
NumStability.Source.Higham.Chapter26.Equation05.ZeroBranchDiscrepancy,2,2,0,0,0,0,2,2,0,0,0.0,0.0
NumStability.Source.Higham.Chapter26.Equation06,15,14,6,5,0,0,9,9,0,0,0.0,0.0
NumStability.Source.Higham.Chapter26.Equation07,1,1,0,0,0,0,1,1,0,0,0.0,0.0
NumStability.Source.Higham.Chapter26.Equation08,5,5,2,2,0,0,3,3,0,0,0.0,0.0
NumStability.Source.Higham.Chapter26.IntervalArithmetic.DependencyExamples,6,6,1,1,0,0,5,5,0,0,0.0,0.0
NumStability.Source.Higham.Chapter26.IntervalArithmetic.DirectedRounding,14,13,10,9,0,0,4,4,0,0,0.0,0.0
NumStability.Source.Higham.Chapter26.IntervalArithmetic.ExactOperations,38,30,30,23,17,15,8,7,0,0,44.7368,50.0
NumStability.Source.Higham.Chapter26.MultidirectionalSearch.Execution,18,15,13,11,0,0,5,4,0,0,0.0,0.0
NumStability.Source.Higham.Chapter26.MultidirectionalSearch.InitialSimplexGeometry,4,4,4,4,4,4,0,0,0,0,100.0,100.0
NumStability.Source.Higham.Chapter26.MultidirectionalSearch.RegularSimplex,27,10,10,7,0,0,17,3,14,0,0.0,0.0
NumStability.Source.Higham.Chapter26.MultidirectionalSearch.RightAngledSimplex,5,5,2,2,0,0,3,3,0,0,0.0,0.0
NumStability.Source.Higham.Chapter26.MultidirectionalSearch.Simplex,39,33,24,19,9,9,15,14,0,0,23.0769,27.2727
NumStability.Source.Higham.Chapter27.Problem06,34,10,7,4,0,0,27,6,21,0,0.0,0.0
NumStability.Source.Higham.Chapter27.SoftwareEnvironment,338,253,171,148,0,0,167,105,43,0,0.0,0.0
NumStability.Source.Higham.Chapter28.Equation01.HilbertInverse.Basic,7,7,3,3,3,3,4,4,0,0,42.8571,42.8571
NumStability.Source.Higham.Chapter28.Equation01.HilbertInverse.Exact,46,14,41,11,3,3,5,3,2,0,6.5217,21.4286
NumStability.Source.Higham.Chapter28.Equation02.DeterminantAsymptotics,18,2,10,1,0,0,8,1,7,0,0.0,0.0
NumStability.Source.Higham.Chapter28.Equation02.ExactHilbertDeterminant.Basic,1,1,0,0,0,0,1,1,0,0,0.0,0.0
NumStability.Source.Higham.Chapter28.Equation02.ExactHilbertDeterminant.Exact,4,4,3,3,1,1,1,1,0,0,25.0,25.0
NumStability.Source.Higham.Chapter28.Equation02.RatioDiscrepancy,27,12,12,11,0,0,15,1,14,0,0.0,0.0
NumStability.Source.Higham.Chapter28.Equation03.HilbertCholeskyFactor.Basic,2,2,2,2,2,2,0,0,0,0,100.0,100.0
NumStability.Source.Higham.Chapter28.Equation03.HilbertCholeskyFactor.Exact,7,5,7,5,3,3,0,0,0,0,42.8571,60.0
NumStability.Source.Higham.Chapter28.Equation04.HilbertCholeskyInverse.Basic,13,8,9,4,3,3,4,4,0,0,23.0769,37.5
NumStability.Source.Higham.Chapter28.Section01.Cauchy.Cauchy,2,2,0,0,0,0,2,2,0,0,0.0,0.0
NumStability.Source.Higham.Chapter28.Section01.HilbertConditioning.Cauchy,1,1,0,0,0,0,1,1,0,0,0.0,0.0
NumStability.Source.Higham.Chapter28.Section01.HilbertConditioning.ConditionLogRate,50,8,21,7,0,0,29,1,28,0,0.0,0.0
NumStability.Source.Higham.Chapter28.Section01.HilbertConditioning.HilbertCondition,48,19,47,18,8,7,1,1,0,0,16.6667,36.8421
NumStability.Source.Higham.Chapter28.Section02.RealGinibre.Asymptotics.Asymptotics,19,15,14,11,8,7,5,4,1,0,42.1053,46.6667
NumStability.Source.Higham.Chapter28.Section02.RealGinibre.FiniteExpectation.CharacteristicProductMoments,26,24,23,22,3,3,3,2,0,0,11.5385,12.5
NumStability.Source.Higham.Chapter28.Section02.RealGinibre.FiniteExpectation.ClosedFormAsymptotics,64,27,44,23,5,5,20,4,15,0,7.8125,18.5185
NumStability.Source.Higham.Chapter28.Section02.RealGinibre.FiniteExpectation.ExpectedCountFormula,42,28,37,23,0,0,5,5,0,0,0.0,0.0
NumStability.Source.Higham.Chapter28.Section02.RealGinibre.FiniteExpectation.Ginibre,23,11,15,10,10,9,8,1,7,0,43.4783,81.8182
NumStability.Source.Higham.Chapter28.Section02.RealGinibre.FiniteExpectation.GinibreAbsoluteDetRecurrence,66,36,38,29,10,9,28,7,21,0,15.1515,25.0
NumStability.Source.Higham.Chapter28.Section02.RealGinibre.FiniteExpectation.GinibreCharacteristicProduct,83,75,75,67,27,27,8,8,0,0,32.5301,36.0
NumStability.Source.Higham.Chapter28.Section02.RealGinibre.FiniteExpectation.GinibreCorollary31Factor,9,2,2,2,1,1,7,0,7,0,11.1111,50.0
NumStability.Source.Higham.Chapter28.Section02.RealGinibre.FiniteExpectation.GinibreDeterminantMoment,5,3,5,3,5,3,0,0,0,0,100.0,100.0
NumStability.Source.Higham.Chapter28.Section02.RealGinibre.FiniteExpectation.GinibreExpectationGlue,8,1,1,1,1,1,7,0,7,0,12.5,100.0
NumStability.Source.Higham.Chapter28.Section02.RealGinibre.FiniteExpectation.GinibreFiniteFormula,10,10,10,10,6,6,0,0,0,0,60.0,60.0
NumStability.Source.Higham.Chapter28.Section02.RealGinibre.FiniteExpectation.GinibreGaussianBridge,18,7,15,4,15,4,3,3,1,1,83.3333,57.1429
NumStability.Source.Higham.Chapter28.Section02.RealGinibre.FiniteExpectation.GinibreRecurrence,19,4,5,4,4,3,14,0,14,0,21.0526,75.0
NumStability.Source.Higham.Chapter28.Section02.RealGinibre.FiniteExpectation.GinibreSignedExpectation,8,6,8,6,6,6,0,0,0,0,75.0,100.0
NumStability.Source.Higham.Chapter28.Section02.RealGinibre.FiniteExpectation.Moments,14,11,10,7,5,5,4,4,0,0,35.7143,45.4545
NumStability.Source.Higham.Chapter28.Section02.RealGinibre.Incidence.ExpectedCountTransfer,35,28,28,23,13,12,7,5,0,0,37.1429,42.8571
NumStability.Source.Higham.Chapter28.Section02.RealGinibre.Incidence.GinibreIncidence,72,62,56,46,39,36,16,16,0,0,54.1667,58.0645
NumStability.Source.Higham.Chapter28.Section02.RealGinibre.Incidence.GinibrePlaneIncidence,27,24,13,13,6,6,14,11,0,0,22.2222,25.0
NumStability.Source.Higham.Chapter28.Section02.RealGinibre.Incidence.GinibreSignedIncidenceAlgebra,1,1,1,1,1,1,0,0,0,0,100.0,100.0
NumStability.Source.Higham.Chapter28.Section02.RealGinibre.Incidence.GinibreTruncatedIncidence,2,2,2,2,2,2,0,0,0,0,100.0,100.0
NumStability.Source.Higham.Chapter28.Section02.RealGinibre.InvariantPlanes.DimensionTwoExact,24,10,17,9,1,1,7,1,6,0,4.1667,10.0
NumStability.Source.Higham.Chapter28.Section02.RealGinibre.InvariantPlanes.GinibreAtlas,24,23,21,20,3,3,3,3,0,0,12.5,13.0435
NumStability.Source.Higham.Chapter28.Section02.RealGinibre.InvariantPlanes.GinibreComplexPairs,7,5,6,4,4,3,1,1,0,0,57.1429,60.0
NumStability.Source.Higham.Chapter28.Section02.RealGinibre.InvariantPlanes.GinibreDimensionTwo,62,49,52,39,12,10,10,10,0,0,19.3548,20.4082
NumStability.Source.Higham.Chapter28.Section02.RealGinibre.InvariantPlanes.GinibreOrthogonalFiber,97,80,83,66,11,11,14,14,0,0,11.3402,13.75
NumStability.Source.Higham.Chapter28.Section02.RealGinibre.InvariantPlanes.GinibrePlaneChart,21,17,15,11,12,8,6,6,0,0,57.1429,47.0588
NumStability.Source.Higham.Chapter28.Section02.RealGinibre.InvariantPlanes.GinibrePlaneSylvester,20,18,16,14,10,10,4,4,0,0,50.0,55.5556
NumStability.Source.Higham.Chapter28.Section02.RealGinibre.InvariantPlanes.PlaneSylvesterJacobian,32,27,19,15,0,0,13,12,0,0,0.0,0.0
NumStability.Source.Higham.Chapter28.Section02.RealGinibre.ProbabilityLaw.GinibreJointDensity,2,2,1,1,1,1,1,1,1,1,50.0,50.0
NumStability.Source.Higham.Chapter28.Section02.RealGinibre.ProbabilityLaw.GinibreMeasure,3,3,3,3,3,3,0,0,0,0,100.0,100.0
NumStability.Source.Higham.Chapter28.Section02.RealGinibre.ProbabilityLaw.GinibreTraceDensity,26,23,21,18,13,12,5,5,0,0,50.0,52.1739
NumStability.Source.Higham.Chapter28.Section02.RealGinibre.ProbabilityLaw.LebesgueMomentDensities,36,30,28,23,13,12,8,7,0,0,36.1111,40.0
NumStability.Source.Higham.Chapter28.Section02.RealGinibre.ProbabilityLaw.Probability,7,7,5,5,5,5,2,2,0,0,71.4286,71.4286
NumStability.Source.Higham.Chapter28.Section02.RealGinibre.ProbabilityLaw.ProductLaw,7,6,6,5,5,5,1,1,0,0,71.4286,83.3333
NumStability.Source.Higham.Chapter28.Section02.RealGinibre.RootMeasurability.EigenvalueCounts,41,30,38,27,5,5,3,3,0,0,12.1951,16.6667
NumStability.Source.Higham.Chapter28.Section02.RealGinibre.RootMeasurability.GinibreMultiplicity,3,3,3,3,2,2,0,0,0,0,66.6667,66.6667
NumStability.Source.Higham.Chapter28.Section02.RealGinibre.RootMeasurability.GinibreRoots,44,37,41,34,19,19,3,3,0,0,43.1818,51.3514
NumStability.Source.Higham.Chapter28.Section02.RealGinibre.SignedIncidence.AlternatingRankSheets,41,28,37,26,9,9,4,2,0,0,21.9512,32.1429
NumStability.Source.Higham.Chapter28.Section02.RealGinibre.SignedIncidence.GinibreParity,2,1,2,1,2,1,0,0,0,0,100.0,100.0
NumStability.Source.Higham.Chapter28.Section02.RealGinibre.SignedIncidence.GinibreSignedConclusion,6,2,6,2,2,2,0,0,0,0,33.3333,100.0
NumStability.Source.Higham.Chapter28.Section02.RealGinibre.SignedIncidence.GinibreSignedGaussian,45,32,29,23,8,8,16,9,7,0,17.7778,25.0
NumStability.Source.Higham.Chapter28.Section02.RealGinibre.SignedIncidence.GinibreSignedIncidence,6,6,5,5,5,5,1,1,0,0,83.3333,83.3333
NumStability.Source.Higham.Chapter28.Section02.RealGinibre.SignedIncidence.GinibreSignedKernel,6,6,5,5,4,4,1,1,0,0,66.6667,66.6667
NumStability.Source.Higham.Chapter28.Section02.RealGinibre.SignedIncidence.GinibreSignedRank,2,2,2,2,2,2,0,0,0,0,100.0,100.0
NumStability.Source.Higham.Chapter28.Section02.RealGinibre.SignedIncidence.GinibreSignedRankTransfer,7,5,7,5,4,4,0,0,0,0,57.1429,80.0
NumStability.Source.Higham.Chapter28.Section02.RealGinibre.SignedIncidence.GinibreSignedScalar,22,14,15,14,4,4,7,0,7,0,18.1818,28.5714
NumStability.Source.Higham.Chapter28.Section02.RealGinibre.SignedIncidence.OneRootMomentReduction,57,31,48,25,4,4,9,6,1,1,7.0175,12.9032
NumStability.Source.Higham.Chapter28.Section02.UniformPositive.PerronAlmostSure,7,6,4,3,0,0,3,3,0,0,0.0,0.0
NumStability.Source.Higham.Chapter28.Section03.RandomSVD.RandsvdNorm,45,23,27,8,0,0,18,15,0,0,0.0,0.0
NumStability.Source.Higham.Chapter28.Section03.RandomSVD.SingleHouseholderRankTwo,8,4,4,1,0,0,4,3,0,0,0.0,0.0
NumStability.Source.Higham.Chapter28.Section03.Theorem01.StewartHaar.GaussianQRHaar,48,47,43,42,21,21,5,5,0,0,43.75,44.6809
NumStability.Source.Higham.Chapter28.Section03.Theorem01.StewartHaar.HaarConclusion,4,3,1,1,1,1,3,2,0,0,25.0,33.3333
NumStability.Source.Higham.Chapter28.Section03.Theorem01.StewartHaar.QRFactorHaar,21,16,17,12,0,0,4,4,1,1,0.0,0.0
NumStability.Source.Higham.Chapter28.Section03.Theorem01.StewartHaar.RawFiberConclusion,11,10,9,8,0,0,2,2,0,0,0.0,0.0
NumStability.Source.Higham.Chapter28.Section03.Theorem01.StewartHaar.Stewart,22,20,13,11,2,2,9,9,0,0,9.0909,10.0
NumStability.Source.Higham.Chapter28.Section03.Theorem01.StewartHaar.StewartRawFiber,5,5,5,5,3,3,0,0,0,0,60.0,60.0
NumStability.Source.Higham.Chapter28.Section04.Pascal.IdentityCubeRoot,21,3,20,2,0,0,1,1,0,0,0.0,0.0
NumStability.Source.Higham.Chapter28.Section04.Pascal.MomentMatrix,39,6,12,3,0,0,27,3,24,0,0.0,0.0
NumStability.Source.Higham.Chapter28.Section04.Pascal.OptimalPerturbationRate,1,1,0,0,0,0,1,1,0,0,0.0,0.0
NumStability.Source.Higham.Chapter28.Section04.Pascal.OscillationEigenbasis,7,7,6,6,5,5,1,1,0,0,71.4286,71.4286
NumStability.Source.Higham.Chapter28.Section04.Pascal.OscillationSpectrum,11,7,10,6,2,2,1,1,0,0,18.1818,28.5714
NumStability.Source.Higham.Chapter28.Section04.Pascal.Pascal,9,7,6,4,4,4,3,3,0,0,44.4444,57.1429
NumStability.Source.Higham.Chapter28.Section04.Pascal.PascalCondition,19,8,12,8,4,4,7,0,7,0,21.0526,50.0
NumStability.Source.Higham.Chapter28.Section04.Pascal.PascalOscillation,2,2,0,0,0,0,2,2,0,0,0.0,0.0
NumStability.Source.Higham.Chapter28.Section04.Pascal.PascalSpectral,34,30,27,23,13,13,7,7,0,0,38.2353,43.3333
NumStability.Source.Higham.Chapter28.Section04.Pascal.SignChangeCount,11,3,9,1,0,0,2,2,0,0,0.0,0.0
NumStability.Source.Higham.Chapter28.Section04.Pascal.SingularizingPerturbation,14,5,6,4,1,1,8,1,7,0,7.1429,20.0
NumStability.Source.Higham.Chapter28.Section04.Pascal.TotalPositivity,4,2,4,2,1,1,0,0,0,0,25.0,50.0
NumStability.Source.Higham.Chapter28.Section04.ReciprocalSpectrumSPD.ReciprocalSPD,38,30,17,16,4,4,21,14,7,0,10.5263,13.3333
NumStability.Source.Higham.Chapter28.Section04.ReciprocalSpectrumSPD.TriangularInvolution,4,3,2,1,0,0,2,2,0,0,0.0,0.0
NumStability.Source.Higham.Chapter28.Section05.TridiagonalToeplitz.CharacteristicPolynomial,32,5,29,3,0,0,3,2,0,0,0.0,0.0
NumStability.Source.Higham.Chapter28.Section05.TridiagonalToeplitz.SecondDifferenceCondition,6,5,5,4,0,0,1,1,0,0,0.0,0.0
NumStability.Source.Higham.Chapter28.Section05.TridiagonalToeplitz.SineEigenpairs,18,11,4,4,1,1,14,7,7,0,5.5556,9.0909
NumStability.Source.Higham.Chapter28.Section05.TridiagonalToeplitz.SineEigenvectors,14,7,11,4,4,4,3,3,0,0,28.5714,57.1429
NumStability.Source.Higham.Chapter28.Section05.TridiagonalToeplitz.ToeplitzCondition,29,18,19,15,12,11,10,3,7,0,41.3793,61.1111
NumStability.Source.Higham.Chapter28.Section05.TridiagonalToeplitz.ToeplitzGeneral,50,25,46,21,21,19,4,4,0,0,42.0,76.0
NumStability.Source.Higham.Chapter28.Section06.Companion.CharacteristicPolynomial,18,5,14,3,0,0,4,2,0,0,0.0,0.0
NumStability.Source.Higham.Chapter28.Section06.Companion.Companion,2,2,0,0,0,0,2,2,0,0,0.0,0.0
NumStability.Source.Higham.Chapter28.Section06.Companion.CompanionSpectral,6,6,0,0,0,0,6,6,0,0,0.0,0.0
NumStability.Source.Higham.Chapter28.Section06.Companion.Nonderogatory,10,4,9,3,2,2,1,1,0,0,20.0,50.0
NumStability.Source.Higham.Chapter28.Section06.Companion.Normality,18,1,17,0,0,0,1,1,0,0,0.0,0.0
NumStability.Source.Higham.Chapter28.Section06.Companion.SingularValues,54,19,39,9,0,0,15,10,0,0,0.0,0.0
NumStability.Source.Higham.CrossChapter.LUSolverWeights.Doolittle,11,4,2,2,0,0,9,2,7,0,0.0,0.0
NumStability.Source.Higham.CrossChapter.LUSolverWeights.Factorization,17,10,4,4,0,0,13,6,7,0,0.0,0.0
NumStability.Source.Higham.CrossChapter.NoGuardDotProduct,5,4,3,2,0,0,2,2,0,0,0.0,0.0
NumStability.Source.Higham.CrossChapter.PracticalConditionBound,4,4,2,2,0,0,2,2,0,0,0.0,0.0
NumStability.Source.Higham.CrossChapter.SymmetricIndefiniteLU.ActualExecutorBridge,12,11,7,6,0,0,5,5,0,0,0.0,0.0
NumStability.Source.Higham.CrossChapter.SymmetricIndefiniteLU.BridgeClosure,84,51,48,43,29,24,36,8,28,0,34.5238,47.0588
NumStability.Upstream.Lindemann.AlgebraicPart,97,2,82,1,1,1,15,1,6,1,1.0309,50.0
NumStability.Upstream.Lindemann.Basic,24,6,16,2,1,1,8,4,4,0,4.1667,16.6667
NumStability.Upstream.Lindemann.FinsuppQuotient,5,4,3,2,1,1,2,2,0,0,20.0,25.0
NumStability.Upstream.Lindemann.MonoidAlgebraCompat,104,88,48,36,16,16,56,52,1,1,15.3846,18.1818
NumStability.Upstream.Lindemann.SymmetricEval,24,9,21,8,1,1,3,1,0,0,4.1667,11.1111
