snapshot_commit,group_id,group_key,type_hash,type_equivalence_id,group_size,module_count,nonreserved_member_count,reserved_member_count,unknown_origin_member_count,leaf_member_count,isolated_member_count,used_outside_module_member_count,explicit_source_member_count,generated_name_signal_member_count,has_direct_peer_body_edge,has_direct_peer_type_edge,same_statement_body_edge_count,forwarding_shape,canonical_hint,evidence_bucket,members
045daf28056a6e4358d5de7c22c7a9d7acc2e80e,1674,161a4b9cac5d6d4802acfb15b97bb1cca51705d25249c567073fd4529a7ee3f9,921040258,30624,2,2,2,0,0,2,2,0,2,0,false,false,0,no_same_statement_body_edge,,A_nonreserved_isolate_in_exact_group,NumStability.correctionFormulaAbstractCounterexample_abs_order | NumStability.noGuardCorrectionFormulaCounterexample_abs_order
045daf28056a6e4358d5de7c22c7a9d7acc2e80e,799,002139758996101f720009d617b2fb4e55db0580731f1fbde7e6003921647ad1,268425023,24763,2,1,2,0,0,1,0,0,2,0,true,false,1,unique_nonreserved_sink,NumStability.complexSylvesterVecCoeff_det_eq_prod_of_upperTriangular,B_unique_nonreserved_sink,NumStability.H16_eq16_3_complexSylvesterVecCoeff_det_eq_prod_of_upperTriangular | NumStability.complexSylvesterVecCoeff_det_eq_prod_of_upperTriangular
045daf28056a6e4358d5de7c22c7a9d7acc2e80e,1158,002521ba1cda58f57a6ef0d2b21fe6384aecf0f6ffb49118efe88e7b4cecd847,3531131990,7837,2,2,2,0,0,0,0,1,2,0,true,false,1,unique_nonreserved_sink,NumStability.mgsProblem1912_repair_of_csDiagonalAlgebra,B_unique_nonreserved_sink,NumStability.mgsProblem1912_repair_of_csDiagonalAlgebra | H19.Theorem19_13.problem1912_repair_of_csDiagonalAlgebra
045daf28056a6e4358d5de7c22c7a9d7acc2e80e,141,00c78739b98a308cedaaadeb9c83636a72882108a8725796834b2b2180ceb700,1150573577,24550,2,2,2,0,0,1,0,1,1,0,true,false,1,unique_nonreserved_sink,NumStability.backward_error_lower_sq,B_unique_nonreserved_sink,NumStability.backward_error_lower_sq | NumStability.H16_eq16_14_15_backward_error_lower_sq
045daf28056a6e4358d5de7c22c7a9d7acc2e80e,1631,00d575d54eba0d9f789c1885115a01e4b16f4ece216026e71f556d80b0ec3175,825723308,24657,2,2,2,0,0,1,0,1,1,0,true,false,1,unique_nonreserved_sink,NumStability.lyapunovCond_of_sepLowerBound_isLyapunovConditionFirstOrderBound,B_unique_nonreserved_sink,NumStability.lyapunovCond_of_sepLowerBound_isLyapunovConditionFirstOrderBound | NumStability.H16_eq16_27_lyapunovCond_of_sepLowerBound_isLyapunovConditionFirstOrderBound
045daf28056a6e4358d5de7c22c7a9d7acc2e80e,287,00ebd03367b1c9a790481fa1dc0d9529003ce4af24c930bfd12acee6538dd8f0,1516327452,31816,2,1,2,0,0,1,0,0,2,0,true,false,1,unique_nonreserved_sink,NumStability.sylvester_practical_error_bound_fl_of_schurTriangular_scalar,B_unique_nonreserved_sink,NumStability.H16_eq16_29_sylvester_practical_error_bound_fl_of_schurTriangular_scalar | NumStability.sylvester_practical_error_bound_fl_of_schurTriangular_scalar
045daf28056a6e4358d5de7c22c7a9d7acc2e80e,353,01135090b5ab6ad014fb26dc63a1efd76aaa3b89958d455cf7af6dcf856b017c,165907926,23632,2,2,2,0,0,1,0,1,1,0,true,false,1,unique_nonreserved_sink,NumStability.lyapunov_solution_symmetric_of_symmetric_rhs,B_unique_nonreserved_sink,NumStability.lyapunov_solution_symmetric_of_symmetric_rhs | NumStability.H16_Lyapunov_solution_symmetric_of_symmetric_rhs
045daf28056a6e4358d5de7c22c7a9d7acc2e80e,590,01313bdcc220db6967f51dc34b18915cb903e24ae356760864a92ff5bb535140,2233160997,24546,2,2,2,0,0,1,0,1,1,0,true,false,1,unique_nonreserved_sink,NumStability.svdOptimalDeltaA_frobNormSq_le_xiSq,B_unique_nonreserved_sink,NumStability.svdOptimalDeltaA_frobNormSq_le_xiSq | NumStability.H16_eq16_15_svdOptimalDeltaA_frobNormSq_le_xiSq
045daf28056a6e4358d5de7c22c7a9d7acc2e80e,914,013c70a892e619ce41c8f4d3fcb24f747f6fc4cec03a499eeba2ffd1ff26b6d0,2952656303,26524,2,2,2,0,0,1,0,1,1,0,true,false,1,unique_nonreserved_sink,NumStability.sylvester_practical_error_bound_of_operator_sigmaMin_computed_residual_budget,B_unique_nonreserved_sink,NumStability.sylvester_practical_error_bound_of_operator_sigmaMin_computed_residual_budget | NumStability.H16_eq16_29_sylvester_practical_error_bound_of_operator_sigmaMin_computed_residual_budget
045daf28056a6e4358d5de7c22c7a9d7acc2e80e,228,015109fb76ed922dac7224b8f9a618a4725b75515d5f04813692fd3c6ea33014,136713920,10423,2,1,2,0,0,1,0,0,2,0,true,false,1,unique_nonreserved_sink,NumStability.exists_perturbed_ls_minimizer_of_stored_trailing_householder_sequence_topBlock_fl_backSub_gamma_bound_explicitCompactBudget_of_signed_alpha_leadingBlock_det_ne_zero_kappaInf_selfNorm_dualBudget_signedStageUniformBudget_globalCompactBudget_activeMaxPivot_completedColumns_globalProduct_stageDiagDefect_offdiag_rows_of_actualUnitRoundoff_no_gammaValid,B_unique_nonreserved_sink,NumStability.exists_perturbed_ls_minimizer_of_stored_trailing_householder_sequence_topBlock_fl_backSub_gamma_bound_explicitCompactBudget_of_signed_alpha_leadingBlock_det_ne_zero_kappaInf_selfNorm_dualBudget_signedStageUniformBudget_globalCompactBudget_activeMaxPivot_completedColumns_globalProduct_stageDiagDefect_offdiag_rows_of_actualUnitRoundoff_no_gammaValid | NumStability.theorem20_3_householder_qr_ls_backward_error_compactBudget_of_activePivot_stageDiag_dualBudget_actualUnitRoundoff
045daf28056a6e4358d5de7c22c7a9d7acc2e80e,812,01603d7c00454cdf9b5eaa5facd4e0b4aa1de7c1be7ec8b069ff81c35c75abfb,2715604877,12114,2,1,2,0,0,1,0,0,2,0,true,false,1,unique_nonreserved_sink,NumStability.Wave20.vecNorm2_col_colPivotNextPanelExact_le_sigma,B_unique_nonreserved_sink,NumStability.Wave20.colPivot_sigma_ordering_delivered_note | NumStability.Wave20.vecNorm2_col_colPivotNextPanelExact_le_sigma
045daf28056a6e4358d5de7c22c7a9d7acc2e80e,47,01608e7b0345d4597a5de41e133c8393367b908a7be4d80d3c86b125b61334c3,1738177030,31480,3,1,3,0,0,1,0,1,3,0,true,false,2,unique_nonreserved_sink,NumStability.H16_eq16_24_structured_condition_of_sigmaMin,B_unique_nonreserved_sink,NumStability.H16_eq16_24_structured_condition_of_sigmaMin | NumStability.H16_eq16_24_sylvester_relative_first_order_bound_of_sigmaMin | NumStability.sylvester_relative_first_order_bound_of_sigmaMin
045daf28056a6e4358d5de7c22c7a9d7acc2e80e,796,01777bbe57b686b3a30aafa316035c55257de984f0a16fc1d79c9fc8c0fa3df3,2671080336,26121,2,2,2,0,0,1,0,1,2,0,true,false,1,unique_nonreserved_sink,NumStability.sylvester_relative_error_le_of_sepLowerBound_residual_budget,B_unique_nonreserved_sink,NumStability.sylvester_relative_error_le_of_sepLowerBound_residual_budget | NumStability.H16_eq16_28_sylvester_relative_error_le_of_sepLowerBound_residual_budget
045daf28056a6e4358d5de7c22c7a9d7acc2e80e,1427,01778af3f396f06fc80c60ee3f7207791361d40407e07162f8788518b503da8b,4217939797,24860,2,1,2,0,0,1,0,0,1,0,true,false,1,unique_nonreserved_sink,NumStability.no_common_real_left_eigenpair_of_schurTriangular,B_unique_nonreserved_sink,NumStability.H16_eq16_3_no_common_real_left_eigenpair_of_schurTriangular | NumStability.no_common_real_left_eigenpair_of_schurTriangular
045daf28056a6e4358d5de7c22c7a9d7acc2e80e,733,017c1d88ac6c0cf4e0b92d651b8ba21bb8af27bbf38f8c8d8663d6c83e8fca88,2508142054,31606,2,1,2,0,0,1,0,0,2,0,true,false,1,unique_nonreserved_sink,NumStability.sylvester_practical_error_bound_fl_of_pos_le_sylvesterSepInf_mono,B_unique_nonreserved_sink,NumStability.H16_eq16_29_sylvester_practical_error_bound_fl_of_pos_le_sylvesterSepInf_mono | NumStability.sylvester_practical_error_bound_fl_of_pos_le_sylvesterSepInf_mono
045daf28056a6e4358d5de7c22c7a9d7acc2e80e,923,01820f2778d2dd3ec93b97b51f6c583af5267221c2c32643f7023dd65859b087,2983568981,1975,2,1,2,0,0,0,0,1,1,0,true,false,1,unique_nonreserved_sink,NumStability.NoGuardFPModel.unit_roundoff_pos,B_unique_nonreserved_sink,NumStability.NoGuardFPModel.u_pos | NumStability.NoGuardFPModel.unit_roundoff_pos
045daf28056a6e4358d5de7c22c7a9d7acc2e80e,1168,023fcbee5eede967a2f874b7b7ef73e4e68c357fbb6b81deeb7b638c455db8ad,3542159303,7881,2,2,2,0,0,1,0,1,2,0,true,false,1,unique_nonreserved_sink,NumStability.rectangularGram_eq_zero_iff,B_unique_nonreserved_sink,NumStability.rectangularGram_eq_zero_iff | H19.Theorem19_13.problem1912_rectangularGram_eq_zero_iff
045daf28056a6e4358d5de7c22c7a9d7acc2e80e,74,02688cf852693adb997dc301e7d825b09538e40971288f3bc92fb97d023a1e0c,707357806,24670,3,1,3,0,0,1,0,0,3,0,true,false,2,unique_nonreserved_sink,NumStability.H16_eq16_27_lyapunov_condition_diagonal,B_unique_nonreserved_sink,NumStability.H16_eq16_27_lyapunov_condition_diagonal | NumStability.H16_eq16_27_lyapunov_relative_first_order_bound_diagonal | NumStability.lyapunov_relative_first_order_bound_diagonal
045daf28056a6e4358d5de7c22c7a9d7acc2e80e,643,0288c6ebcd00f5d19894581e99efb73d223e64201e9208516e66e92ce4b0c9c7,2313129048,24700,2,1,2,0,0,1,0,1,1,0,true,false,1,unique_nonreserved_sink,NumStability.frobNormRect_sylvesterResidualRect_schur_transform,B_unique_nonreserved_sink,NumStability.H16_eq16_9_frobNormRect_sylvesterResidualRect_schur_transform | NumStability.frobNormRect_sylvesterResidualRect_schur_transform
045daf28056a6e4358d5de7c22c7a9d7acc2e80e,973,02cc770dab2d14ba88d0d3cc07353b9680249d33be5243efdbe17825438ed590,3093781329,24869,2,1,2,0,0,1,0,0,2,0,true,false,1,unique_nonreserved_sink,NumStability.sylvester_practical_error_bound_of_schurTriangular_computed_residual_budget_mono,B_unique_nonreserved_sink,NumStability.H16_eq16_29_schurTriangular_computed_residual_budget_mono | NumStability.sylvester_practical_error_bound_of_schurTriangular_computed_residual_budget_mono
045daf28056a6e4358d5de7c22c7a9d7acc2e80e,154,02fc592a167fe9f2c827b51170f10e25cf5d5de7ee09b2dc54fc93cb6c186441,1184817964,24577,2,2,2,0,0,1,0,1,1,0,true,false,1,unique_nonreserved_sink,NumStability.lyapunovBackwardScalarEq_iff_unscaled,B_unique_nonreserved_sink,NumStability.lyapunovBackwardScalarEq_iff_unscaled | NumStability.H16_eq16_21_lyapunovBackwardScalarEq_iff_unscaled
045daf28056a6e4358d5de7c22c7a9d7acc2e80e,1103,031329f9977c0f89b3a5a81e0df06fbfbecf16db81cdf1f9d65ecbd72911b573,3424326322,15098,2,1,2,0,0,1,0,0,2,0,true,false,1,unique_nonreserved_sink,NumStability.higham9_14_matrix_source_h_bound_of_rectRoundedLoop_square_fl_triangular_solves_gamma,B_unique_nonreserved_sink,NumStability.higham9_14_matrix_source_h_bound_of_rectRoundedLoop_square_fl_triangular_solves_absLU_le_absA_gamma | NumStability.higham9_14_matrix_source_h_bound_of_rectRoundedLoop_square_fl_triangular_solves_gamma
045daf28056a6e4358d5de7c22c7a9d7acc2e80e,750,03854b8628b6a09a5b29550a123d3f195a85d33edea28a3a78027cfa6f214f4a,2556763380,31613,2,1,2,0,0,1,0,0,1,0,true,false,1,unique_nonreserved_sink,NumStability.sylvester_practical_error_bound_fl_of_no_common_complex_right_eigenvalue_mono_scalar,B_unique_nonreserved_sink,NumStability.H16_eq16_29_sylvester_practical_error_bound_fl_of_no_common_complex_right_eigenvalue_mono_scalar | NumStability.sylvester_practical_error_bound_fl_of_no_common_complex_right_eigenvalue_mono_scalar
045daf28056a6e4358d5de7c22c7a9d7acc2e80e,836,03855097ed4c07b5fa32800ab91305e1fc71120398ba597b0cf4a9da4548f740,2781147258,24831,2,1,2,0,0,1,0,0,1,0,true,false,1,unique_nonreserved_sink,NumStability.sylvester_quasiSchur_blockTraversal_solution_of_twoBlockSpectral_no_common_neighbor_frontier_step_oracle,B_unique_nonreserved_sink,NumStability.H16_eq16_4_8_sylvester_quasiSchur_blockTraversal_solution_of_twoBlockSpectral_no_common_neighbor_frontier_step_oracle | NumStability.sylvester_quasiSchur_blockTraversal_solution_of_twoBlockSpectral_no_common_neighbor_frontier_step_oracle
045daf28056a6e4358d5de7c22c7a9d7acc2e80e,831,039cbf3e79b2769c054a77d2112a12ef7ed84aa6ac2c1036ddb508b57b6123c0,2765026549,24913,2,1,2,0,0,1,0,0,1,0,true,false,1,unique_nonreserved_sink,NumStability.sylvester_quasiSchur_blockTraversal_original_solution_eq_of_twoBlockSpectral_local_no_common_generated_step_formula,B_unique_nonreserved_sink,NumStability.H16_eq16_4_8_sylvester_quasiSchur_blockTraversal_original_solution_eq_of_twoBlockSpectral_local_no_common_generated_step_formula | NumStability.sylvester_quasiSchur_blockTraversal_original_solution_eq_of_twoBlockSpectral_local_no_common_generated_step_formula
045daf28056a6e4358d5de7c22c7a9d7acc2e80e,1079,03c7023356aad6bba566ccf8fecfd20b738897e9dfe7b91be28a93c841f13bc0,3369821293,23651,2,2,2,0,0,1,0,1,1,0,true,false,1,unique_nonreserved_sink,NumStability.sylvesterVecCoeff_mulVec_vec_sylvesterDiagonalSolution,B_unique_nonreserved_sink,NumStability.sylvesterVecCoeff_mulVec_vec_sylvesterDiagonalSolution | NumStability.H16_eq16_3_sylvesterVecCoeff_mulVec_vec_sylvesterDiagonalSolution
045daf28056a6e4358d5de7c22c7a9d7acc2e80e,399,040ea28f749cfe877a2ff0761876b23f378688a4c46fb670245530bd868756af,1762844723,7967,2,2,2,0,0,1,0,1,2,0,true,false,1,unique_nonreserved_sink,NumStability.mgsProblem1912_csAlgebra_correction_factor,B_unique_nonreserved_sink,NumStability.mgsProblem1912_csAlgebra_correction_factor | H19.Theorem19_13.problem1912_csAlgebra_correction_factor
045daf28056a6e4358d5de7c22c7a9d7acc2e80e,709,041fc69aa15b7af5bd25373459627e35640f17d2fe1cadd1af4800093c721a2e,2457772497,26513,2,2,2,0,0,1,0,1,1,0,true,false,1,unique_nonreserved_sink,NumStability.lyapunov_practical_error_bound_of_pos_le_sylvesterSepInf_computed_residual_budget_mono,B_unique_nonreserved_sink,NumStability.lyapunov_practical_error_bound_of_pos_le_sylvesterSepInf_computed_residual_budget_mono | NumStability.H16_eq16_29_lyapunov_practical_error_bound_of_pos_le_sylvesterSepInf_computed_residual_budget_mono
045daf28056a6e4358d5de7c22c7a9d7acc2e80e,477,0420722c7a01a674804b8b294378687cec05e6f21a2d93a60825dfe8d10d4253,1960604538,19006,2,1,2,0,0,1,0,0,2,0,true,false,1,unique_nonreserved_sink,NumStability.higham11_4_bunch_kaufman_solve_backward_error_of_first_stage_recursive_split_L_entry_normalized_prefix_regional_D_bound_unit_initial,B_unique_nonreserved_sink,NumStability.higham11_4_bunch_kaufman_solve_backward_error_interface_of_first_stage_recursive_split_L_entry_normalized_prefix_regional_D_bound_unit_initial | NumStability.higham11_4_bunch_kaufman_solve_backward_error_of_first_stage_recursive_split_L_entry_normalized_prefix_regional_D_bound_unit_initial
045daf28056a6e4358d5de7c22c7a9d7acc2e80e,291,042d675e5a64b8110c0663ad1f16dbdc49016967d382ac33250bb280f41b065f,1530260811,24951,2,1,2,0,0,1,0,0,1,0,true,false,1,unique_nonreserved_sink,NumStability.sylvester_column_identity_of_zero_below,B_unique_nonreserved_sink,NumStability.H16_eq16_6_sylvester_column_identity_of_zero_below | NumStability.sylvester_column_identity_of_zero_below
045daf28056a6e4358d5de7c22c7a9d7acc2e80e,1466,0550ac7f9f81a786c58d82173e150eee79c82f7afd2c4e4ee6c9a625eca6d9de,44605985,6844,2,2,2,0,0,1,0,1,2,0,true,false,1,unique_nonreserved_sink,NumStability.fl_householderStoredTrailingPanel_sequence_diag_nonzero_of_span_nonbreakdown_leadingBlock_leftInverse_frobNorm_budget,B_unique_nonreserved_sink,NumStability.fl_householderStoredTrailingPanel_sequence_diag_nonzero_of_span_nonbreakdown_leadingBlock_leftInverse_frobNorm_budget | H19.Theorem19_6.stored_panel_sequence_diag_nonzero_of_span_nonbreakdown_leadingBlock_leftInverse_frobNorm_budget
045daf28056a6e4358d5de7c22c7a9d7acc2e80e,1034,05847c5ee7ee8876d28673a09590b5f40a959eb0447be0690e17eeb654968dee,3267288415,11112,2,2,2,0,0,1,0,1,2,0,true,false,1,unique_nonreserved_sink,NumStability.theorem7_5_p2_column_equilibration_exists_min_right_scalings_of_rect_left_inverse,B_unique_nonreserved_sink,NumStability.theorem7_5_p2_column_equilibration_exists_min_right_scalings_of_rect_left_inverse | NumStability.higham20_van_der_sluis_column_normalization
045daf28056a6e4358d5de7c22c7a9d7acc2e80e,1681,05d838bcb786db4c76fcfc11540c194d5b8ff5688a2b48681d26569c9388a615,931439691,31617,2,1,2,0,0,1,0,0,1,0,true,false,1,unique_nonreserved_sink,NumStability.lyapunov_practical_error_bound_fl_of_operator_sigmaMin_mono_scalar,B_unique_nonreserved_sink,NumStability.H16_eq16_29_lyapunov_practical_error_bound_fl_of_operator_sigmaMin_mono_scalar | NumStability.lyapunov_practical_error_bound_fl_of_operator_sigmaMin_mono_scalar
045daf28056a6e4358d5de7c22c7a9d7acc2e80e,1277,0610aec9e3a31829d5fe1b3970084cb2584c5db19bddb081deeff894d0a3e214,3804533330,24905,2,1,2,0,0,1,0,0,1,0,true,false,1,unique_nonreserved_sink,NumStability.sylvester_quasiSchur_blockTraversal_original_solution_eq_of_realQuasiSchur_factors_vecCoeff_det_ne_zero_generated_step_formula,B_unique_nonreserved_sink,NumStability.H16_eq16_4_8_sylvester_quasiSchur_blockTraversal_original_solution_eq_of_realQuasiSchur_factors_vecCoeff_det_ne_zero_generated_step_formula | NumStability.sylvester_quasiSchur_blockTraversal_original_solution_eq_of_realQuasiSchur_factors_vecCoeff_det_ne_zero_generated_step_formula
045daf28056a6e4358d5de7c22c7a9d7acc2e80e,516,06289895824fb253db1d6b5317d1cb201c9be658a7670b8fe759146ffb90f993,205631913,26531,2,2,2,0,0,1,0,1,2,0,true,false,1,unique_nonreserved_sink,NumStability.lyapunovBackwardErrorInf_le_mu_relative_residual_of_symmetric_spectral,B_unique_nonreserved_sink,NumStability.lyapunovBackwardErrorInf_le_mu_relative_residual_of_symmetric_spectral | NumStability.H16_eq16_21_lyapunov_eta_residual_amplification_of_symmetric_spectral
045daf28056a6e4358d5de7c22c7a9d7acc2e80e,1038,067f04683791c341b789c976d46069c831e9c2a672d2e4a657912fdab1d0335d,3275237658,11942,2,2,2,0,0,1,0,1,2,0,true,false,1,unique_nonreserved_sink,NumStability.rectTransposeMulVec_solves_of_gram_normal_eq,B_unique_nonreserved_sink,NumStability.rectTransposeMulVec_solves_of_gram_normal_eq | NumStability.higham21_eq21_4_rect_transpose_solves
045daf28056a6e4358d5de7c22c7a9d7acc2e80e,1148,0690ed06bcd7e353dc1ae2dcb2255ab50e02193beca06873ed52d1ab26ad3156,3513987830,15170,2,1,2,0,0,1,0,0,2,0,true,false,1,unique_nonreserved_sink,NumStability.higham9_14_source_h_bound_of_RectDoolittleDenseLoopAbsBudgetCertificate_square_fl_triangular_solves_gamma,B_unique_nonreserved_sink,NumStability.higham9_14_source_h_bound_of_RectDoolittleDenseLoopAbsBudgetCertificate_square_fl_triangular_solves_absLU_le_absA_gamma | NumStability.higham9_14_source_h_bound_of_RectDoolittleDenseLoopAbsBudgetCertificate_square_fl_triangular_solves_gamma
045daf28056a6e4358d5de7c22c7a9d7acc2e80e,602,06ae489e9210d7682b0b4edba63405e1852d22339a996ee5715727265f84f260,2253889134,26432,2,2,2,0,0,1,0,1,1,0,true,false,1,unique_nonreserved_sink,NumStability.lyapunov_practical_error_bound_of_vecCoeff_det_ne_zero_computed_residual_certificate_mono_scalar,B_unique_nonreserved_sink,NumStability.lyapunov_practical_error_bound_of_vecCoeff_det_ne_zero_computed_residual_certificate_mono_scalar | NumStability.H16_eq16_29_lyapunov_practical_error_bound_of_vecCoeff_det_ne_zero_computed_residual_certificate_mono_scalar
045daf28056a6e4358d5de7c22c7a9d7acc2e80e,1687,06d8fdd2604992c8fec0ef8af691d093f027277ddc60372c134dd955b005dc54,94781739,24762,2,1,2,0,0,1,0,0,2,0,true,false,1,unique_nonreserved_sink,NumStability.complexSylvesterVecCoeff_det_ne_zero_of_upperTriangular_no_common_eigenpair,B_unique_nonreserved_sink,NumStability.H16_eq16_3_complexSylvesterVecCoeff_det_ne_zero_of_upperTriangular_no_common_eigenpair | NumStability.complexSylvesterVecCoeff_det_ne_zero_of_upperTriangular_no_common_eigenpair
045daf28056a6e4358d5de7c22c7a9d7acc2e80e,935,06dc00548f3a97f9c1affe5264d11ca9534be10da2b9cce1112741fb58638183,301348620,24758,2,1,2,0,0,1,0,1,2,0,true,false,1,unique_nonreserved_sink,NumStability.complexSylvesterVecCoeff_det_ne_zero_of_no_common_eigenpair,B_unique_nonreserved_sink,NumStability.H16_eq16_3_complexSylvesterVecCoeff_det_ne_zero_of_no_common_eigenpair | NumStability.complexSylvesterVecCoeff_det_ne_zero_of_no_common_eigenpair
045daf28056a6e4358d5de7c22c7a9d7acc2e80e,42,070008dd0f7aa964c946bc8a1f1a293d18b99ac8f57e03074f6c6d1ad93f4656,1270081629,29689,3,3,3,0,0,1,0,1,3,0,true,false,2,unique_nonreserved_sink,NumStability.fl_hornerDerivativeDesc_snd_forward_error_bound_coupled,B_unique_nonreserved_sink,NumStability.fl_hornerDerivativeDesc_snd_forward_error_bound_coupled | NumStability.ch5deriv_derivative_forward_error_bound | NumStability.Ch22B.ch22b_horner_derivative_error_via_higham5_7
045daf28056a6e4358d5de7c22c7a9d7acc2e80e,1313,071d48ba3f4a8b6c0b2979999a8f555072b914a50fdfa1e57b299f957e6b0021,3905558423,24843,2,1,2,0,0,1,0,1,1,0,true,false,1,unique_nonreserved_sink,NumStability.existsUnique_isSylvesterSolutionRect_schurTriangular,B_unique_nonreserved_sink,NumStability.H16_eq16_4_6_existsUnique_isSylvesterSolutionRect_schurTriangular | NumStability.existsUnique_isSylvesterSolutionRect_schurTriangular
045daf28056a6e4358d5de7c22c7a9d7acc2e80e,421,072307b99b41c2f2295809358a443d81b952451222ce5207a84844862b4924bd,1808328689,15890,2,1,2,0,0,1,0,0,1,0,true,false,1,unique_nonreserved_sink,NumStability.higham9_15_normwise_source_bound_of_factorization_init_residual_zero_opNorm_no_smallness,B_unique_nonreserved_sink,NumStability.higham9_15_normwise_source_bound_of_factorization_G_init_residual_zero_opNorm_no_smallness | NumStability.higham9_15_normwise_source_bound_of_factorization_init_residual_zero_opNorm_no_smallness
045daf28056a6e4358d5de7c22c7a9d7acc2e80e,1023,0728c637ecdbd4cc657d04430893bc25b0e5c418ce13340a364b135b1f2246f7,323411390,18605,2,1,2,0,0,1,0,0,2,0,true,false,1,unique_nonreserved_sink,NumStability.higham11_4_bunch_kaufman_stability_of_blockDiagonalD_and_tail_L_row_sum_bound_first_stage_recursive_maxEntryNorm_A,B_unique_nonreserved_sink,NumStability.higham11_4_bunch_kaufman_stability_interface_of_blockDiagonalD_and_tail_L_row_sum_bound_first_stage_recursive_maxEntryNorm_A | NumStability.higham11_4_bunch_kaufman_stability_of_blockDiagonalD_and_tail_L_row_sum_bound_first_stage_recursive_maxEntryNorm_A
045daf28056a6e4358d5de7c22c7a9d7acc2e80e,1699,0742824b98e5630d0b8365c2813f8d7bb5690f1afc76a6040f89e6ba53202e85,973999891,24824,2,1,2,0,0,1,0,0,1,0,true,false,1,unique_nonreserved_sink,NumStability.sylvester_quasiSchur_blockTraversal_columns_eq_of_solution_det_frontier_step_oracle,B_unique_nonreserved_sink,NumStability.H16_eq16_4_8_sylvester_quasiSchur_blockTraversal_columns_eq_of_solution_det_frontier_step_oracle | NumStability.sylvester_quasiSchur_blockTraversal_columns_eq_of_solution_det_frontier_step_oracle
045daf28056a6e4358d5de7c22c7a9d7acc2e80e,53,07d5fb5f40854e6bdbf3381ed75c9c9e809461911cc5eba3c4b07ea16c7148a7,2316547427,24671,3,1,3,0,0,1,0,1,3,0,true,false,2,unique_nonreserved_sink,NumStability.H16_eq16_27_lyapunov_condition_of_sepLowerBound,B_unique_nonreserved_sink,NumStability.H16_eq16_27_lyapunov_condition_of_sepLowerBound | NumStability.H16_eq16_27_lyapunov_relative_first_order_bound_of_sepLowerBound | NumStability.lyapunov_relative_first_order_bound_of_sepLowerBound
045daf28056a6e4358d5de7c22c7a9d7acc2e80e,732,081f74190e6138367539195f2a081e37783e4fb5ff39b134f5b432ff961a36d3,2504771988,24599,2,2,2,0,0,1,0,1,1,0,true,false,1,unique_nonreserved_sink,NumStability.lyapunovOptimalDeltaC_symmetric,B_unique_nonreserved_sink,NumStability.lyapunovOptimalDeltaC_symmetric | NumStability.H16_eq16_21_lyapunovOptimalDeltaC_symmetric
045daf28056a6e4358d5de7c22c7a9d7acc2e80e,1667,0861ae5b97f00fdf10ee83d29652d6dd1abbb94d10f1eea3189deec639fddbfc,905522641,7048,2,2,2,0,0,1,0,1,2,0,true,false,1,unique_nonreserved_sink,NumStability.fl_householderQR_solve_backward_error_gammaHigham_of_global_gammaValid,B_unique_nonreserved_sink,NumStability.fl_householderQR_solve_backward_error_gammaHigham_of_global_gammaValid | NumStability.H19_Theorem19_5_qr_solve_columnwise_backward_error
045daf28056a6e4358d5de7c22c7a9d7acc2e80e,82,087d397e03978ef55525ab2e1e452b69f73f215f7b7d728964cdb2f98c2e6f01,1024012052,24931,2,1,2,0,0,1,0,0,1,0,true,false,1,unique_nonreserved_sink,NumStability.sylvester_practical_error_bound_of_no_common_complex_right_eigenvalue_computed_residual_budget,B_unique_nonreserved_sink,NumStability.H16_eq16_29_sylvester_practical_error_bound_of_no_common_complex_right_eigenvalue_computed_residual_budget | NumStability.sylvester_practical_error_bound_of_no_common_complex_right_eigenvalue_computed_residual_budget
045daf28056a6e4358d5de7c22c7a9d7acc2e80e,729,088cb1c20c79cdc7a78391fc06c86916d297e60935de42c812b6bb950dfa592f,2499707929,26515,2,2,2,0,0,1,0,1,1,0,true,false,1,unique_nonreserved_sink,NumStability.sylvester_practical_error_bound_of_vecCoeff_left_inverse_finiteOpNorm2Le_computed_residual_error_model_mono,B_unique_nonreserved_sink,NumStability.sylvester_practical_error_bound_of_vecCoeff_left_inverse_finiteOpNorm2Le_computed_residual_error_model_mono | NumStability.H16_eq16_29_sylvester_practical_error_bound_of_vecCoeff_left_inverse_finiteOpNorm2Le_computed_residual_error_model_mono
045daf28056a6e4358d5de7c22c7a9d7acc2e80e,458,08a40da5e2b8cf170b442332582f7a069e5e2199bcacef0cc39e0a7459dd1edc,1913448796,31539,2,1,2,0,0,1,0,0,1,0,true,false,1,unique_nonreserved_sink,NumStability.existsUnique_isSylvesterSolutionRect_of_no_common_complex_eigenpair,B_unique_nonreserved_sink,NumStability.H16_eq16_3_existsUnique_isSylvesterSolutionRect_of_no_common_complex_eigenpair | NumStability.existsUnique_isSylvesterSolutionRect_of_no_common_complex_eigenpair
045daf28056a6e4358d5de7c22c7a9d7acc2e80e,1547,08b33bbe5aa7f34242635bf133b07c484d892b72e78fc55165df87ce34938c83,632785008,31540,2,1,2,0,0,1,0,0,2,0,true,false,1,unique_nonreserved_sink,NumStability.exists_realQuasiSchur_schedule_original_solution_and_generated_step_formula_of_sepLowerBound,B_unique_nonreserved_sink,NumStability.H16_eq16_4_8_exists_realQuasiSchur_schedule_original_solution_and_generated_step_formula_of_sepLowerBound | NumStability.exists_realQuasiSchur_schedule_original_solution_and_generated_step_formula_of_sepLowerBound
045daf28056a6e4358d5de7c22c7a9d7acc2e80e,243,08b79649683f52ffb2c3ed91ddaaba7a3436a86f5a2023e57053608629a5c099,1388817476,31533,2,1,2,0,0,1,0,0,1,0,true,false,1,unique_nonreserved_sink,NumStability.sylvester_aposteriori_bound_schurDiagonal_of_vecCoeff_entrywise_abs_ge,B_unique_nonreserved_sink,NumStability.H16_eq16_28_sylvester_aposteriori_bound_schurDiagonal_of_vecCoeff_entrywise_abs_ge | NumStability.sylvester_aposteriori_bound_schurDiagonal_of_vecCoeff_entrywise_abs_ge
045daf28056a6e4358d5de7c22c7a9d7acc2e80e,1088,08fbdd0575927ca04a942c9e90e0f5ad35ee78bfd853686d9bb7f63bb5fb7ffc,3387181779,31698,2,1,2,0,0,1,0,0,2,0,true,false,1,unique_nonreserved_sink,NumStability.sylvester_practical_error_bound_fl_of_sepLowerBound_mono,B_unique_nonreserved_sink,NumStability.H16_eq16_29_sylvester_practical_error_bound_fl_of_sepLowerBound_mono | NumStability.sylvester_practical_error_bound_fl_of_sepLowerBound_mono
045daf28056a6e4358d5de7c22c7a9d7acc2e80e,1467,09275031bb5bbdb76598bb85439d44276574bcfbbb249d55a00379849d186ae2,44699808,31504,2,2,2,0,0,1,0,1,1,0,true,false,1,unique_nonreserved_sink,NumStability.exists_sylvesterVecCoeff_schurDiagonal_gram_eigenvalues_ge_of_entrywise_ne,B_unique_nonreserved_sink,NumStability.H16_eq16_2_3_exists_sylvesterVecCoeff_schurDiagonal_gram_eigenvalues_ge_of_entrywise_ne | NumStability.exists_sylvesterVecCoeff_schurDiagonal_gram_eigenvalues_ge_of_entrywise_ne
045daf28056a6e4358d5de7c22c7a9d7acc2e80e,953,09287860f1c46ef20c411237ec4a9b08d79d7678a25448a3ebb3ab5dff4c7e97,3050055788,23835,2,2,2,0,0,1,0,1,2,0,true,false,1,unique_nonreserved_sink,NumStability.sylvesterVecCoeff_eigenpair_vecMul,B_unique_nonreserved_sink,NumStability.sylvesterVecCoeff_eigenpair_vecMul | NumStability.H16_eq16_3_sylvesterVecCoeff_eigenpair_vecMul
045daf28056a6e4358d5de7c22c7a9d7acc2e80e,685,09434d0705558b90a91cd4e6035bc7eec5b36ba4c41655e5e8ba06f8ced697fe,2407117924,24884,2,1,2,0,0,1,0,1,1,0,true,false,1,unique_nonreserved_sink,NumStability.sylvester_practical_error_bound_of_no_common_complex_right_eigenvalue_computed_residual_certificate_mono_scalar,B_unique_nonreserved_sink,NumStability.H16_eq16_29_sylvester_practical_error_bound_of_no_common_complex_right_eigenvalue_computed_residual_certificate_mono_scalar | NumStability.sylvester_practical_error_bound_of_no_common_complex_right_eigenvalue_computed_residual_certificate_mono_scalar
045daf28056a6e4358d5de7c22c7a9d7acc2e80e,1465,09586d9e9d872c8c9ac3aee27686126e7941d2772933dd51aca3dcc1beac1a5f,445885082,24687,2,1,2,0,0,1,0,0,1,0,true,false,1,unique_nonreserved_sink,NumStability.sylvester_practical_error_bound_of_schurDiagonal_computed_residual_error_model,B_unique_nonreserved_sink,NumStability.H16_eq16_29_sylvester_practical_error_bound_of_schurDiagonal_computed_residual_error_model | NumStability.sylvester_practical_error_bound_of_schurDiagonal_computed_residual_error_model
045daf28056a6e4358d5de7c22c7a9d7acc2e80e,1479,096004dd701055ac3a96295a27dcf7001fe222807b847bb211c02381af7d1ad7,465663389,24741,2,1,2,0,0,1,0,0,1,0,true,false,1,unique_nonreserved_sink,NumStability.sylvester_practical_error_bound_of_pos_le_sylvesterSepInf_computed_residual_certificate,B_unique_nonreserved_sink,NumStability.H16_eq16_29_sylvester_practical_error_bound_of_pos_le_sylvesterSepInf_computed_residual_certificate | NumStability.sylvester_practical_error_bound_of_pos_le_sylvesterSepInf_computed_residual_certificate
045daf28056a6e4358d5de7c22c7a9d7acc2e80e,1576,09c2ddb121ecf29c52f7dd33e6202a552875bb5475f8c84deb733a66ee002e51,693237575,7219,2,2,2,0,0,1,0,1,2,0,true,false,1,unique_nonreserved_sink,NumStability.inv_abs_mul_bound_diagDom,B_unique_nonreserved_sink,NumStability.inv_abs_mul_bound_diagDom | NumStability.higham8_6_inv_abs_mul_bound_diagDom
045daf28056a6e4358d5de7c22c7a9d7acc2e80e,507,09ffb976ebfa91089015bede9f18e06e2e0a14e4e57010e9c9658ea3a1a0f871,2050329676,23665,2,2,2,0,0,1,0,1,1,0,true,false,1,unique_nonreserved_sink,NumStability.sylvester_practical_error_bound_of_diagonal_computed_residual_certificate_mono_scalar,B_unique_nonreserved_sink,NumStability.sylvester_practical_error_bound_of_diagonal_computed_residual_certificate_mono_scalar | NumStability.H16_eq16_29_sylvester_practical_error_bound_of_diagonal_computed_residual_certificate_mono_scalar
045daf28056a6e4358d5de7c22c7a9d7acc2e80e,487,0a190b086abb88c1a752468e1b9929631315109b032e1ca90e7c0fe3e413c27d,1989212076,26449,2,2,2,0,0,1,0,1,1,0,true,false,1,unique_nonreserved_sink,NumStability.lyapunov_practical_error_bound_of_pos_le_sylvesterSepInf_computed_residual_error_model_mono_scalar,B_unique_nonreserved_sink,NumStability.lyapunov_practical_error_bound_of_pos_le_sylvesterSepInf_computed_residual_error_model_mono_scalar | NumStability.H16_eq16_29_lyapunov_practical_error_bound_of_pos_le_sylvesterSepInf_computed_residual_error_model_mono_scalar
045daf28056a6e4358d5de7c22c7a9d7acc2e80e,887,0a30c4eb38bd6d5fb1f596b18ed149c38547bcaa736007d7d878dd28e55b5536,2900734598,7862,2,2,2,0,0,1,0,1,2,0,true,false,1,unique_nonreserved_sink,NumStability.matMul_finiteDiagonal_csHalfTangent,B_unique_nonreserved_sink,NumStability.matMul_finiteDiagonal_csHalfTangent | H19.Theorem19_13.problem1912_matMul_finiteDiagonal_csHalfTangent
045daf28056a6e4358d5de7c22c7a9d7acc2e80e,559,0a4f726bef64e1ae1f39dafd79cddc3842e8ac406b0645b57ffc527276239f94,2177160423,23722,2,2,2,0,0,1,0,1,1,0,true,false,1,unique_nonreserved_sink,NumStability.sylvester_practical_error_bound_of_diagonal_computed_residual_certificate_mono,B_unique_nonreserved_sink,NumStability.sylvester_practical_error_bound_of_diagonal_computed_residual_certificate_mono | NumStability.H16_eq16_29_sylvester_practical_error_bound_of_diagonal_computed_residual_certificate_mono
045daf28056a6e4358d5de7c22c7a9d7acc2e80e,1491,0a66596b0942717551f1559afdd8656ef38eb26afe06da98d1c34b71bb2fdd91,488021332,9989,2,2,2,0,0,0,0,2,2,0,true,false,1,unique_nonreserved_sink,NumStability.abs_inv_le_compMatrix_inv,B_unique_nonreserved_sink,NumStability.abs_inv_le_compMatrix_inv | NumStability.higham8_12_abs_inv_le_comparison_inv
045daf28056a6e4358d5de7c22c7a9d7acc2e80e,1190,0a8a0bb512907efa55e6298ed4c0cc1b8bcf19a31e149a0935818fb00185098d,3600970247,24888,2,1,2,0,0,1,0,0,1,0,true,false,1,unique_nonreserved_sink,NumStability.sylvester_practical_abs_error_bound_of_no_common_complex_right_eigenvalue_schur_transform_residual_bound_mono_scalar,B_unique_nonreserved_sink,NumStability.H16_eq16_29_sylvester_practical_abs_error_bound_of_no_common_complex_right_eigenvalue_schur_transform_residual_bound_mono_scalar | NumStability.sylvester_practical_abs_error_bound_of_no_common_complex_right_eigenvalue_schur_transform_residual_bound_mono_scalar
045daf28056a6e4358d5de7c22c7a9d7acc2e80e,365,0ab3bb10f864553e9dcffce6d32bf2dfce458bd95b4e1ff6d4df1ef1ecc5a028,168687387,26479,2,2,2,0,0,1,0,1,1,0,true,false,1,unique_nonreserved_sink,NumStability.sylvester_practical_error_bound_of_vecCoeff_sigmaMin_computed_residual_budget_scalar,B_unique_nonreserved_sink,NumStability.sylvester_practical_error_bound_of_vecCoeff_sigmaMin_computed_residual_budget_scalar | NumStability.H16_eq16_29_sylvester_practical_error_bound_of_vecCoeff_sigmaMin_computed_residual_budget_scalar
045daf28056a6e4358d5de7c22c7a9d7acc2e80e,1033,0b261ff1be52d75c5e5c5b8d9aebbcb08022dbb09004566287b901370e253595,3266207847,24818,2,1,2,0,0,1,0,0,1,0,true,false,1,unique_nonreserved_sink,NumStability.sylvesterVecCoeff_realQuasiSchur_strictBlockMap_nonsingInv_mulVec_solution,B_unique_nonreserved_sink,NumStability.H16_eq16_2_6_sylvesterVecCoeff_realQuasiSchur_strictBlockMap_nonsingInv_mulVec_solution | NumStability.sylvesterVecCoeff_realQuasiSchur_strictBlockMap_nonsingInv_mulVec_solution
045daf28056a6e4358d5de7c22c7a9d7acc2e80e,1197,0b315783a684af02c8a9b0b53b3e7fec20a6d133459c77ffca9d2bc1bda6a840,3610472338,24643,2,2,2,0,0,1,0,1,2,0,true,false,1,unique_nonreserved_sink,NumStability.lyapunov_relative_aposteriori_bound_of_pos_le_sylvesterSepInf_total,B_unique_nonreserved_sink,NumStability.lyapunov_relative_aposteriori_bound_of_pos_le_sylvesterSepInf_total | NumStability.H16_eq16_28_lyapunov_relative_aposteriori_bound_of_pos_le_sylvesterSepInf_total
045daf28056a6e4358d5de7c22c7a9d7acc2e80e,801,0b91acf826d21c501f4ed9e332f71aefa74b7e7d1748338ed3a0c9bc1c498919,2696404415,24437,2,2,2,0,0,1,0,1,1,0,true,false,1,unique_nonreserved_sink,NumStability.SepLowerBound_iff_pos_le_sylvesterSepInf_of_nonempty,B_unique_nonreserved_sink,NumStability.SepLowerBound_iff_pos_le_sylvesterSepInf_of_nonempty | NumStability.H16_eq16_26_SepLowerBound_iff_pos_le_sylvesterSepInf_of_nonempty
045daf28056a6e4358d5de7c22c7a9d7acc2e80e,1409,0b935ccd9ffeaa8a75d62624091b8fc4d4101ce7018a14cd2225ac3d7f512ecd,4179228620,6890,2,2,2,0,0,1,0,1,2,0,true,false,1,unique_nonreserved_sink,NumStability.fl_householderStoredTrailingPanel_sequence_diag_nonzero_of_span_nonbreakdown_active_entry_budget,B_unique_nonreserved_sink,NumStability.fl_householderStoredTrailingPanel_sequence_diag_nonzero_of_span_nonbreakdown_active_entry_budget | H19.Theorem19_6.stored_panel_sequence_diag_nonzero_of_span_nonbreakdown_active_entry_budget
045daf28056a6e4358d5de7c22c7a9d7acc2e80e,1272,0bc926516be9aad9a0542513e74bd90f4b3bccaf188c04d6ad23c9ed13067ace,3792809013,24439,2,2,2,0,0,1,0,1,1,0,true,false,1,unique_nonreserved_sink,NumStability.exists_nonzero_sylvesterOp_diagonal_kernel_of_common_entry,B_unique_nonreserved_sink,NumStability.exists_nonzero_sylvesterOp_diagonal_kernel_of_common_entry | NumStability.H16_eq16_26_exists_nonzero_sylvesterOp_diagonal_kernel_of_common_entry
045daf28056a6e4358d5de7c22c7a9d7acc2e80e,862,0bcf6a5284d0561f2e3e9f005f26c32f2da12a73b73c026841a688bdd73410e3,2835190387,26390,2,2,2,0,0,1,0,1,1,0,true,false,1,unique_nonreserved_sink,NumStability.sylvester_first_order_bound_of_vecCoeff_left_inverse_finiteOpNorm2Le,B_unique_nonreserved_sink,NumStability.sylvester_first_order_bound_of_vecCoeff_left_inverse_finiteOpNorm2Le | NumStability.H16_eq16_23_sylvester_first_order_bound_of_vecCoeff_left_inverse_finiteOpNorm2Le
045daf28056a6e4358d5de7c22c7a9d7acc2e80e,1237,0bffec528410e4a96ee0ed0ea51aff7963906ab5c6eed0069a5e706814917ed0,3723101008,43696,2,1,2,0,0,1,0,0,1,0,true,false,1,unique_nonreserved_sink,NumStability.DemmelHighamSchreiber13_6Theorem2_1Result.estimates,B_unique_nonreserved_sink,NumStability.DemmelHighamSchreiber13_6Theorem2_1Result.estimates | NumStability.demmelHighamSchreiber13_6_estimates_from_theorem2_1_result
045daf28056a6e4358d5de7c22c7a9d7acc2e80e,264,0c48220b17243bd7dba56e8db9fa97cbe1afed57d5a4cf4b556bd3e0aa2fb0f7,1440568393,23710,2,2,2,0,0,1,0,1,1,0,true,false,1,unique_nonreserved_sink,NumStability.sylvester_practical_error_bound_of_vecCoeff_det_ne_zero_computed_residual_error_model,B_unique_nonreserved_sink,NumStability.sylvester_practical_error_bound_of_vecCoeff_det_ne_zero_computed_residual_error_model | NumStability.H16_eq16_29_sylvester_practical_error_bound_of_vecCoeff_det_ne_zero_computed_residual_error_model
045daf28056a6e4358d5de7c22c7a9d7acc2e80e,1496,0c805d046bee6af1e9dcf5a174b997f0a0440e39541813e8e8866dbc8ecc13e4,496650282,31584,2,1,2,0,0,1,0,0,1,0,true,false,1,unique_nonreserved_sink,NumStability.existsUnique_isSylvesterSolutionRect_and_HessenbergGEPPUTrace_growth_of_realSchur_upperHessenberg_triangular_vecCoeff_det_ne_zero,B_unique_nonreserved_sink,NumStability.H16_eq16_4_8_existsUnique_isSylvesterSolutionRect_and_HessenbergGEPPUTrace_growth_of_realSchur_upperHessenberg_triangular_vecCoeff_det_ne_zero | NumStability.existsUnique_isSylvesterSolutionRect_and_HessenbergGEPPUTrace_growth_of_realSchur_upperHessenberg_triangular_vecCoeff_det_ne_zero
045daf28056a6e4358d5de7c22c7a9d7acc2e80e,494,0cafef3d2c817efc6f3d6d1aff47eec7a74fe88d48a0369e0f5da4cb4b22dc2b,1998994479,23647,2,2,2,0,0,1,0,1,1,0,true,false,1,unique_nonreserved_sink,NumStability.sylvesterDiagonalSolution_unique,B_unique_nonreserved_sink,NumStability.sylvesterDiagonalSolution_unique | NumStability.H16_eq16_3_sylvesterDiagonalSolution_unique
045daf28056a6e4358d5de7c22c7a9d7acc2e80e,255,0cb184f5f997752afa922c55e98d3dd0823bd82fa7b45559f3efd203721ad2fb,1414924575,16247,2,1,2,0,0,1,0,0,1,0,true,false,1,unique_nonreserved_sink,NumStability.higham9_15_normwise_source_bound_of_factorization_init_min_factor_bound_opNorm_exact_opNorm2_of_factor_triangularity,B_unique_nonreserved_sink,NumStability.higham9_15_normwise_source_bound_of_factorization_G_init_min_factor_bound_opNorm_exact_opNorm2_of_factor_triangularity | NumStability.higham9_15_normwise_source_bound_of_factorization_init_min_factor_bound_opNorm_exact_opNorm2_of_factor_triangularity
045daf28056a6e4358d5de7c22c7a9d7acc2e80e,138,0ce474c517391803af2516c5f76e09f77f699b8cb17f9bf3932a12c1d3d74173,1147887941,31566,2,1,2,0,0,1,0,1,1,0,true,false,1,unique_nonreserved_sink,NumStability.exists_HessenbergGEPPUTrace_growthFactorEntry_le_card_sylvesterTriangularShiftedCoeff_of_det_ne_zero,B_unique_nonreserved_sink,NumStability.H16_eq16_6_exists_HessenbergGEPPUTrace_growthFactorEntry_le_card_sylvesterTriangularShiftedCoeff_of_det_ne_zero | NumStability.exists_HessenbergGEPPUTrace_growthFactorEntry_le_card_sylvesterTriangularShiftedCoeff_of_det_ne_zero
045daf28056a6e4358d5de7c22c7a9d7acc2e80e,525,0d6ebd55dce766c6fb0bdfd827387bd3a8022f44eaa8b6384b54bd09ce88c625,2078218368,26434,2,2,2,0,0,1,0,1,1,0,true,false,1,unique_nonreserved_sink,NumStability.lyapunov_practical_error_bound_of_vecCoeff_left_inverse_finiteOpNorm2Le_computed_residual_budget_mono,B_unique_nonreserved_sink,NumStability.lyapunov_practical_error_bound_of_vecCoeff_left_inverse_finiteOpNorm2Le_computed_residual_budget_mono | NumStability.H16_eq16_29_lyapunov_practical_error_bound_of_vecCoeff_left_inverse_finiteOpNorm2Le_computed_residual_budget_mono
045daf28056a6e4358d5de7c22c7a9d7acc2e80e,792,0d9aa23e8f009fa28a91c10048e309494ed46c8c895c00961a5c91c5a716772b,2665654696,24920,2,1,2,0,0,1,0,1,1,0,true,false,1,unique_nonreserved_sink,NumStability.sylvester_practical_error_bound_of_no_common_complex_right_eigenvalue_computed_residual_certificate_scalar,B_unique_nonreserved_sink,NumStability.H16_eq16_29_sylvester_practical_error_bound_of_no_common_complex_right_eigenvalue_computed_residual_certificate_scalar | NumStability.sylvester_practical_error_bound_of_no_common_complex_right_eigenvalue_computed_residual_certificate_scalar
045daf28056a6e4358d5de7c22c7a9d7acc2e80e,337,0ddd6f1c5d7bac2fd494614e3d38754a263f68e4b19ae026149f841b2e84a2ef,1640028178,23693,2,2,2,0,0,1,0,1,1,0,true,false,1,unique_nonreserved_sink,NumStability.sylvester_practical_error_bound_of_diagonal_computed_residual_certificate_scalar,B_unique_nonreserved_sink,NumStability.sylvester_practical_error_bound_of_diagonal_computed_residual_certificate_scalar | NumStability.H16_eq16_29_sylvester_practical_error_bound_of_diagonal_computed_residual_certificate_scalar
045daf28056a6e4358d5de7c22c7a9d7acc2e80e,1493,0de2bb020f94a89f493a2bcf6e9b5cd5fff5c07eac55b5a21b6d33ee86ace427,492306153,24842,2,1,2,0,0,1,0,0,1,0,true,false,1,unique_nonreserved_sink,NumStability.existsUnique_isSylvesterSolutionRect_of_quasiSchur_det_frontier_step_oracle,B_unique_nonreserved_sink,NumStability.H16_eq16_4_8_existsUnique_isSylvesterSolutionRect_of_quasiSchur_det_frontier_step_oracle | NumStability.existsUnique_isSylvesterSolutionRect_of_quasiSchur_det_frontier_step_oracle
045daf28056a6e4358d5de7c22c7a9d7acc2e80e,361,0df5b7749422de95a2e991c2c2a653a222fb75d3748ed20f84624eed4cfaf37d,1681332601,24681,2,1,2,0,0,1,0,1,1,0,true,false,1,unique_nonreserved_sink,NumStability.sylvester_practical_error_bound_of_schurDiagonal_computed_residual_certificate_mono,B_unique_nonreserved_sink,NumStability.H16_eq16_29_sylvester_practical_error_bound_of_schurDiagonal_computed_residual_certificate_mono | NumStability.sylvester_practical_error_bound_of_schurDiagonal_computed_residual_certificate_mono
045daf28056a6e4358d5de7c22c7a9d7acc2e80e,568,0e400666b7687cc84dfe046ac44c6c13212540de570081dda2a832e085cce865,2198319360,16349,2,1,2,0,0,1,0,0,1,0,true,false,1,unique_nonreserved_sink,NumStability.higham9_15_normwise_source_bound_of_factorization_init_residual_zero_opNorm_product_lt,B_unique_nonreserved_sink,NumStability.higham9_15_normwise_source_bound_of_factorization_G_init_residual_zero_opNorm_product_lt | NumStability.higham9_15_normwise_source_bound_of_factorization_init_residual_zero_opNorm_product_lt
045daf28056a6e4358d5de7c22c7a9d7acc2e80e,124,0e92a7840005604e9828a43d9a79b32a24795b89d06d0e938e1b98e5e8f7cbf7,1116005352,9518,2,2,2,0,0,1,0,1,2,0,true,false,1,unique_nonreserved_sink,NumStability.Wave19.theorem19_6_coxHigham_concrete_of_stageBound,B_unique_nonreserved_sink,NumStability.Wave19.theorem19_6_coxHigham_concrete_of_stageBound | NumStability.Wave19.theorem19_6_coxHigham_concrete_full
045daf28056a6e4358d5de7c22c7a9d7acc2e80e,1641,0eda93bf065977899ce0de8e7702626e103cc5b6698450c5f44d6c2a8a4ddebc,838266532,6814,2,2,2,0,0,0,0,2,2,0,true,false,1,unique_nonreserved_sink,NumStability.storedQRSignedStage_pivot_column_zero_below_of_trailingNorm_pos,B_unique_nonreserved_sink,NumStability.storedQRSignedStage_pivot_column_zero_below_of_trailingNorm_pos | H19.Theorem19_6.stored_signed_stage_pivot_column_zero_below_of_trailingNorm_pos
045daf28056a6e4358d5de7c22c7a9d7acc2e80e,1078,0edb8092a600b81224c29452c3e5ec584b89855e436d6376b1774112a2c3fd8d,3364749146,15886,2,1,2,0,0,1,0,0,1,0,true,false,1,unique_nonreserved_sink,NumStability.higham9_15_normwise_source_bound_of_factorization_min_factor_bound_opNorm_of_matrix_inverse_identities,B_unique_nonreserved_sink,NumStability.higham9_15_normwise_source_bound_of_factorization_G_min_factor_bound_opNorm_of_matrix_inverse_identities | NumStability.higham9_15_normwise_source_bound_of_factorization_min_factor_bound_opNorm_of_matrix_inverse_identities
045daf28056a6e4358d5de7c22c7a9d7acc2e80e,1225,0ee36c5798d19f7e3fa11cdc4907d04596d543ef4b595141e2d5fd739c51b8bd,3697461327,26185,2,2,2,0,0,1,0,1,2,0,true,false,1,unique_nonreserved_sink,NumStability.sylvesterVecCoeff_mulVec_eq_zero_iff_of_operator_sigmaMin,B_unique_nonreserved_sink,NumStability.sylvesterVecCoeff_mulVec_eq_zero_iff_of_operator_sigmaMin | NumStability.H16_eq16_26_sylvesterVecCoeff_mulVec_eq_zero_iff_of_operator_sigmaMin
045daf28056a6e4358d5de7c22c7a9d7acc2e80e,1399,0eebb8f63ebbfa8417ff82acec04635c64565473905c29f02528b58a4b7f8e83,4161373891,18721,2,1,2,0,0,1,0,0,2,0,true,false,1,unique_nonreserved_sink,NumStability.higham11_4_bunch_kaufman_solve_backward_error_of_first_stage_recursive_split_L_entry_normalized_prefix_regional_D_maxEntryNorm_bound_unit_initial,B_unique_nonreserved_sink,NumStability.higham11_4_bunch_kaufman_solve_backward_error_interface_of_first_stage_recursive_split_L_entry_normalized_prefix_regional_D_maxEntryNorm_bound_unit_initial | NumStability.higham11_4_bunch_kaufman_solve_backward_error_of_first_stage_recursive_split_L_entry_normalized_prefix_regional_D_maxEntryNorm_bound_unit_initial
045daf28056a6e4358d5de7c22c7a9d7acc2e80e,1406,0f083bc99b0b4803679437821ab0e0a06e63bef1132ba94e7476ac3072dcf71b,4174115660,23739,2,2,2,0,0,1,0,1,1,0,true,false,1,unique_nonreserved_sink,NumStability.sylvester_practical_error_bound_of_diagonal_computed_residual_error_model_mono_scalar,B_unique_nonreserved_sink,NumStability.sylvester_practical_error_bound_of_diagonal_computed_residual_error_model_mono_scalar | NumStability.H16_eq16_29_sylvester_practical_error_bound_of_diagonal_computed_residual_error_model_mono_scalar
045daf28056a6e4358d5de7c22c7a9d7acc2e80e,297,0f210b5a0e54a82260db8add3c37e3fbe63905782abe99ee713020a7b964468e,1541392621,26268,2,2,2,0,0,1,0,1,1,0,true,false,1,unique_nonreserved_sink,NumStability.sylvester_first_order_bound_diagonal_of_vecCoeff_entrywise_abs_ge,B_unique_nonreserved_sink,NumStability.sylvester_first_order_bound_diagonal_of_vecCoeff_entrywise_abs_ge | NumStability.H16_eq16_23_sylvester_first_order_bound_diagonal_of_vecCoeff_entrywise_abs_ge
045daf28056a6e4358d5de7c22c7a9d7acc2e80e,1107,0f280147d98e787fb0ca006db4f79ef3f58e1a7e10daa8124658fa54fb95418f,342804202,31496,2,1,2,0,0,1,0,0,1,0,true,false,1,unique_nonreserved_sink,NumStability.SepLowerBound_schurDiagonal_of_entrywise_abs_ge,B_unique_nonreserved_sink,NumStability.H16_eq16_26_SepLowerBound_schurDiagonal_of_entrywise_abs_ge | NumStability.SepLowerBound_schurDiagonal_of_entrywise_abs_ge
045daf28056a6e4358d5de7c22c7a9d7acc2e80e,898,0fb9442193607ccaada80405b00d83e0ca8876e3eaaa2462b9794b1e5b3ff152,2930909704,26927,2,2,2,0,0,1,0,1,1,0,true,false,1,unique_nonreserved_sink,NumStability.Wave16.sylvesterQQPartitionBudget_le_of_growth,B_unique_nonreserved_sink,NumStability.Wave16.sylvesterQQPartitionBudget_le_of_growth | NumStability.Wave16.H16_eq16_6_quasiquasi_sylvesterQQPartitionBudget_le_of_growth
045daf28056a6e4358d5de7c22c7a9d7acc2e80e,279,1009f6d75268f0006ae60cf6576f14f1e5dad8f3ba4fbb9032d8a5526ae193d9,1496610127,24453,2,2,2,0,0,1,0,1,1,0,true,false,1,unique_nonreserved_sink,NumStability.riccatiResidual_zero_iff_solution,B_unique_nonreserved_sink,NumStability.riccatiResidual_zero_iff_solution | NumStability.H16_eq16_32_riccatiResidual_zero_iff_solution
045daf28056a6e4358d5de7c22c7a9d7acc2e80e,1318,1011c5b40ae1459034369c7706df9c47efd4358f132c7baf1a036b171217c631,3920057978,26184,2,2,2,0,0,1,0,1,1,0,true,false,1,unique_nonreserved_sink,NumStability.sylvesterVecCoeff_det_ne_zero_of_vecCoeff_gram_eigenvalues,B_unique_nonreserved_sink,NumStability.sylvesterVecCoeff_det_ne_zero_of_vecCoeff_gram_eigenvalues | NumStability.H16_eq16_2_26_sylvesterVecCoeff_det_ne_zero_of_vecCoeff_gram_eigenvalues
045daf28056a6e4358d5de7c22c7a9d7acc2e80e,533,102b36c399cd9a3bac3cf617312ec5db068e1388451c05e55863ae1184a68195,2102123271,24918,2,1,2,0,0,1,0,0,1,0,true,false,1,unique_nonreserved_sink,NumStability.sylvester_practical_abs_error_bound_of_no_common_complex_right_eigenvalue_computed_residual_certificate_mono,B_unique_nonreserved_sink,NumStability.H16_eq16_29_sylvester_practical_abs_error_bound_of_no_common_complex_right_eigenvalue_computed_residual_certificate_mono | NumStability.sylvester_practical_abs_error_bound_of_no_common_complex_right_eigenvalue_computed_residual_certificate_mono
045daf28056a6e4358d5de7c22c7a9d7acc2e80e,114,102cf6a4aa380be29ee934c2f62c1b55f825468e5bbd93fbea5d89923ec59634,110490437,24279,2,2,2,0,0,1,0,1,2,0,true,false,1,unique_nonreserved_sink,NumStability.sylvester_practical_error_bound_of_realQuasiSchur_strictBlockMap_computed_residual_certificate_mono_scalar,B_unique_nonreserved_sink,NumStability.sylvester_practical_error_bound_of_realQuasiSchur_strictBlockMap_computed_residual_certificate_mono_scalar | NumStability.H16_eq16_29_realQuasiSchur_strictBlockMap_computed_residual_certificate_mono_scalar
045daf28056a6e4358d5de7c22c7a9d7acc2e80e,1577,103737611513d505a41350d7de9ba9b71c8c0454d62efba40d34e1b0d292639b,696833988,26228,2,2,2,0,0,1,0,1,1,0,true,false,1,unique_nonreserved_sink,NumStability.lyapunovVecCoeff_eq_nonsingInv_mulVec_of_mulVec_eq_of_operator_sigmaMin,B_unique_nonreserved_sink,NumStability.lyapunovVecCoeff_eq_nonsingInv_mulVec_of_mulVec_eq_of_operator_sigmaMin | NumStability.H16_eq16_2_27_lyapunovVecCoeff_eq_nonsingInv_mulVec_of_mulVec_eq_of_operator_sigmaMin
045daf28056a6e4358d5de7c22c7a9d7acc2e80e,178,106843bc2d30f62e36d83d35ae0d9f0fc395e464137298c0eb54b640d7f3909e,1242763239,31548,2,1,2,0,0,1,0,0,1,0,true,false,1,unique_nonreserved_sink,NumStability.existsUnique_isSylvesterSolutionRect_of_realQuasiSchur_schedule_vecCoeff_gram_eigenvalues_generated_step_formula_witness,B_unique_nonreserved_sink,NumStability.H16_eq16_4_8_existsUnique_isSylvesterSolutionRect_of_realQuasiSchur_schedule_vecCoeff_gram_eigenvalues | NumStability.existsUnique_isSylvesterSolutionRect_of_realQuasiSchur_schedule_vecCoeff_gram_eigenvalues_generated_step_formula_witness
045daf28056a6e4358d5de7c22c7a9d7acc2e80e,1170,108d90ee89f04d8721e956d740888600244905d8abd5f0cf87ddeba5caee3a2a,354872560,18945,2,1,2,0,0,1,0,0,2,0,true,false,1,unique_nonreserved_sink,NumStability.higham11_4_bunch_kaufman_stability_of_first_stage_recursive_higham_const_uniform_row_sum_exact_budgets,B_unique_nonreserved_sink,NumStability.higham11_4_bunch_kaufman_stability_interface_of_first_stage_recursive_higham_const_uniform_row_sum_exact_budgets | NumStability.higham11_4_bunch_kaufman_stability_of_first_stage_recursive_higham_const_uniform_row_sum_exact_budgets
045daf28056a6e4358d5de7c22c7a9d7acc2e80e,985,10a591f560ce77efc077f7350547f8e2413979a39570437a9c6ec933663ea896,3126213088,24664,2,2,2,0,0,1,0,1,1,0,true,false,1,unique_nonreserved_sink,NumStability.frobNorm_le_alpha_mul_lyapunovPairNorm,B_unique_nonreserved_sink,NumStability.frobNorm_le_alpha_mul_lyapunovPairNorm | NumStability.H16_eq16_27_frobNorm_le_alpha_mul_lyapunovPairNorm
045daf28056a6e4358d5de7c22c7a9d7acc2e80e,626,10c5980f555e0cf78f9e9d1d7f1f3e9220842262b0526cfcbd652e9f88a9f88a,2279619169,24876,2,1,2,0,0,1,0,0,1,0,true,false,1,unique_nonreserved_sink,NumStability.existsUnique_isSylvesterSolutionRect_of_quasiSchur_schedule_twoBlockSpectral_complex_root_separation_generated_step_formula_witness,B_unique_nonreserved_sink,NumStability.H16_eq16_4_8_existsUnique_isSylvesterSolutionRect_of_quasiSchur_schedule_twoBlockSpectral_complex_root_separation_generated_step_formula_witness | NumStability.existsUnique_isSylvesterSolutionRect_of_quasiSchur_schedule_twoBlockSpectral_complex_root_separation_generated_step_formula_witness
045daf28056a6e4358d5de7c22c7a9d7acc2e80e,786,10d1bcf10e2328cb0887137bb5c51f37a9b2847453e749d5f1652b23b78e21e8,2642380126,24773,2,1,2,0,0,1,0,0,2,0,true,false,1,unique_nonreserved_sink,NumStability.complexSylvesterVecCoeff_shifted_det_ne_zero_iff_of_upperTriangular_diagonal_separation,B_unique_nonreserved_sink,NumStability.H16_eq16_3_complexSylvesterVecCoeff_shifted_det_ne_zero_iff_of_upperTriangular_diagonal_separation | NumStability.complexSylvesterVecCoeff_shifted_det_ne_zero_iff_of_upperTriangular_diagonal_separation
045daf28056a6e4358d5de7c22c7a9d7acc2e80e,1191,11359d9a4505c851c767ce23a55a46c54ebe282cda0180869e72980f3c14271d,360098711,10360,2,1,2,0,0,1,0,0,2,0,true,false,1,unique_nonreserved_sink,NumStability.exists_perturbed_ls_minimizer_of_stored_trailing_householder_sequence_topBlock_fl_backSub_gamma_bound_columnwise_of_sourceDen_conservativeOperationCount_signed_alpha_diagDominant_storedLower_finiteMaxSourceDenURationalGammaCanonicalBounds_of_actualUnitRoundoff_no_gammaValid,B_unique_nonreserved_sink,NumStability.exists_perturbed_ls_minimizer_of_stored_trailing_householder_sequence_topBlock_fl_backSub_gamma_bound_columnwise_of_sourceDen_conservativeOperationCount_signed_alpha_diagDominant_storedLower_finiteMaxSourceDenURationalGammaCanonicalBounds_of_actualUnitRoundoff_no_gammaValid | NumStability.theorem20_3_householder_qr_ls_backward_error_columnwise_of_diagDominant_storedLower_finiteMax_actualUnitRoundoff
045daf28056a6e4358d5de7c22c7a9d7acc2e80e,557,1136211cb0e0e5267956fae5808ec5513ee78613a9463ae44381283bb84e39d1,2160785500,4783,2,2,2,0,0,1,0,1,2,0,true,false,1,unique_nonreserved_sink,NumStability.cholesky_perturbation_normwise,B_unique_nonreserved_sink,NumStability.cholesky_perturbation_normwise | NumStability.higham10_8_sun_normwise_perturbation
045daf28056a6e4358d5de7c22c7a9d7acc2e80e,588,1163f6eff00b39772ed7bc221cffc57a178913a40827d4e4d37fe72b602bedfe,2232146844,16157,2,1,2,0,0,1,0,0,1,0,true,false,1,unique_nonreserved_sink,NumStability.higham9_15_normwise_source_bound_of_factorization_linear_step_opNorm,B_unique_nonreserved_sink,NumStability.higham9_15_normwise_source_bound_of_factorization_G_linear_step_opNorm | NumStability.higham9_15_normwise_source_bound_of_factorization_linear_step_opNorm
045daf28056a6e4358d5de7c22c7a9d7acc2e80e,1438,119d6708705affdfc7c81241a225ec0356e1ebef00b152e42bd41efb76f55565,4248149817,26138,2,2,2,0,0,1,0,1,2,0,true,false,1,unique_nonreserved_sink,NumStability.sylvesterSepInf_lyapunov_ge_of_sigmaMin,B_unique_nonreserved_sink,NumStability.sylvesterSepInf_lyapunov_ge_of_sigmaMin | NumStability.H16_eq16_26_sylvesterSepInf_lyapunov_ge_of_sigmaMin
045daf28056a6e4358d5de7c22c7a9d7acc2e80e,1161,11b5d965a6a2ab758508b1653d54db14a6f0cf7d4d12108bc79d640634059867,3531727571,3496,2,2,2,0,0,1,0,1,2,0,true,false,1,unique_nonreserved_sink,NumStability.cholesky_scaled_forward_error,B_unique_nonreserved_sink,NumStability.cholesky_scaled_forward_error | NumStability.higham10_6_scaled_forward_error
045daf28056a6e4358d5de7c22c7a9d7acc2e80e,539,120c17c6407255aa9013191f23ae77a1440ce6f3412d300139d3888b77ad6aa1,211275737,24717,2,1,2,0,0,1,0,0,1,0,true,false,1,unique_nonreserved_sink,NumStability.sylvester_practical_error_bound_of_sepLowerBound_computed_residual_error_model_mono,B_unique_nonreserved_sink,NumStability.H16_eq16_29_sylvester_practical_error_bound_of_sepLowerBound_computed_residual_error_model_mono | NumStability.sylvester_practical_error_bound_of_sepLowerBound_computed_residual_error_model_mono
045daf28056a6e4358d5de7c22c7a9d7acc2e80e,1144,123e5b15d33c8c2b55d3a5ea8e84ebde77dd1f9e462f862e5f83330b118fdbc0,3509321427,31534,2,1,2,0,0,1,0,0,1,0,true,false,1,unique_nonreserved_sink,NumStability.sylvester_relative_aposteriori_bound_schurDiagonal_of_vecCoeff_entrywise_abs_ge,B_unique_nonreserved_sink,NumStability.H16_eq16_28_sylvester_relative_aposteriori_bound_schurDiagonal_of_vecCoeff_entrywise_abs_ge | NumStability.sylvester_relative_aposteriori_bound_schurDiagonal_of_vecCoeff_entrywise_abs_ge
045daf28056a6e4358d5de7c22c7a9d7acc2e80e,322,127ed2b7f5508303ebdd9754a30696593daf6b22696ddedcccd6dd7c5df32fc2,1609139239,26556,2,2,2,0,0,1,0,1,1,0,true,false,1,unique_nonreserved_sink,NumStability.sylvesterSepInf_mem_sylvesterSepRatios,B_unique_nonreserved_sink,NumStability.sylvesterSepInf_mem_sylvesterSepRatios | NumStability.H16_eq16_26_sylvesterSepInf_mem_sylvesterSepRatios
045daf28056a6e4358d5de7c22c7a9d7acc2e80e,1269,129e215745649c5a0ab2ae8fff0e6b8f7952030f7048f97f5a5a7de238775e7b,3781465157,26920,2,2,2,0,0,1,0,1,1,0,true,false,1,unique_nonreserved_sink,NumStability.Wave16.sylvesterVecCoeff_quasiQuasi_blockBackSub_componentwise_error_and_residual,B_unique_nonreserved_sink,NumStability.Wave16.sylvesterVecCoeff_quasiQuasi_blockBackSub_componentwise_error_and_residual | NumStability.Wave16.H16_eq16_7_8_quasiquasi_sylvesterVecCoeff_blockBackSub_componentwise_error_and_residual
045daf28056a6e4358d5de7c22c7a9d7acc2e80e,851,12c80a6465c5ebef5468567405953bda1d991730b2c936d5196f712eee8ad9db,2819146757,18454,2,2,2,0,0,1,0,1,2,0,true,false,1,unique_nonreserved_sink,NumStability.exact_blockLDLT_all_oneByOne,B_unique_nonreserved_sink,NumStability.exact_blockLDLT_all_oneByOne | NumStability.higham11_1_exact_blockLDLT_all_oneByOne
045daf28056a6e4358d5de7c22c7a9d7acc2e80e,841,12ce7c83302c9958b42ba130ed4738a99b718ca013753658f5d3ba3d7c3d2af3,2791445864,26423,2,2,2,0,0,1,0,1,1,0,true,false,1,unique_nonreserved_sink,NumStability.lyapunov_practical_error_bound_of_vecCoeff_gram_eigenvalues_computed_residual_error_model_mono_scalar,B_unique_nonreserved_sink,NumStability.lyapunov_practical_error_bound_of_vecCoeff_gram_eigenvalues_computed_residual_error_model_mono_scalar | NumStability.H16_eq16_29_lyapunov_practical_error_bound_of_vecCoeff_gram_eigenvalues_computed_residual_error_model_mono_scalar
045daf28056a6e4358d5de7c22c7a9d7acc2e80e,273,13312f36bae311a00db409925e3e0ec1e3859ffdab0dc39e69c74f274696bae7,1478468430,24331,2,2,2,0,0,1,0,1,1,0,true,false,1,unique_nonreserved_sink,NumStability.Wave14.sylvesterResidualRect_schurTriangular_backSub_componentwise_le,B_unique_nonreserved_sink,NumStability.Wave14.sylvesterResidualRect_schurTriangular_backSub_componentwise_le | NumStability.Wave14.H16_eq16_8_sylvesterResidualRect_schurTriangular_backSub_componentwise_le
045daf28056a6e4358d5de7c22c7a9d7acc2e80e,606,134bab6c8592c8aeb0116527cbfae571b8f08dea858607b77c307f3342990de2,2257837126,24574,2,2,2,0,0,1,0,1,1,0,true,false,1,unique_nonreserved_sink,NumStability.lyapunovBackwardErrorValues_bddBelow,B_unique_nonreserved_sink,NumStability.lyapunovBackwardErrorValues_bddBelow | NumStability.H16_eq16_21_lyapunovBackwardErrorValues_bddBelow
045daf28056a6e4358d5de7c22c7a9d7acc2e80e,555,135305e294d20772bf6d68a169f44dd12d15f0dfc6ca001a4709fc07324f786f,2154444682,26130,2,2,2,0,0,1,0,1,1,0,true,false,1,unique_nonreserved_sink,NumStability.lyapunov_solution_eq_of_residual_norm_zero_sigmaMin,B_unique_nonreserved_sink,NumStability.lyapunov_solution_eq_of_residual_norm_zero_sigmaMin | NumStability.H16_eq16_27_lyapunov_solution_eq_of_residual_norm_zero_sigmaMin
045daf28056a6e4358d5de7c22c7a9d7acc2e80e,1630,13ef216aa32edd79e394508fa1bb651d24969b438197fdb00d03a6ab79bebecb,824512703,24010,2,2,2,0,0,1,0,1,1,0,true,false,1,unique_nonreserved_sink,NumStability.sylvesterVecCoeff_one_reindex_eq_sylvesterTriangularShiftedCoeff,B_unique_nonreserved_sink,NumStability.sylvesterVecCoeff_one_reindex_eq_sylvesterTriangularShiftedCoeff | NumStability.H16_eq16_6_sylvesterVecCoeff_one_reindex_eq_sylvesterTriangularShiftedCoeff
045daf28056a6e4358d5de7c22c7a9d7acc2e80e,1428,140556729712dda33f57438113d8d8531e9f061d32cb69c46c8a72b89d4b27af,4228309393,3168,2,2,2,0,0,1,0,1,2,0,true,false,1,unique_nonreserved_sink,NumStability.lu_perturbation_identity,B_unique_nonreserved_sink,NumStability.lu_perturbation_identity | NumStability.higham9_15_lu_perturbation_identity
045daf28056a6e4358d5de7c22c7a9d7acc2e80e,633,140da5b1c46cbbb56d8f6d7558d154709cc410d974d50a8848fb5dd3dce7d801,2293329006,26437,2,2,2,0,0,1,0,1,1,0,true,false,1,unique_nonreserved_sink,NumStability.sylvester_practical_error_bound_of_vecCoeff_sigmaMin_computed_residual_error_model_mono,B_unique_nonreserved_sink,NumStability.sylvester_practical_error_bound_of_vecCoeff_sigmaMin_computed_residual_error_model_mono | NumStability.H16_eq16_29_sylvester_practical_error_bound_of_vecCoeff_sigmaMin_computed_residual_error_model_mono
045daf28056a6e4358d5de7c22c7a9d7acc2e80e,1677,14334f19c30c059bc5d49c8f5ca5136afc5236459b38ffcd24ce940d0f9ba3c3,925571828,49629,2,2,2,0,0,1,0,1,1,0,true,false,1,unique_nonreserved_sink,NumStability.Theorem20_7.fl_sourceConstructedPivotedStoredQR_actual_rowwise_backward_error,B_unique_nonreserved_sink,NumStability.Theorem19_6.sourceConstructed_actual_rowwise_backward_error | NumStability.Theorem20_7.fl_sourceConstructedPivotedStoredQR_actual_rowwise_backward_error
045daf28056a6e4358d5de7c22c7a9d7acc2e80e,1169,1458c2873b63705c3c7571935f6faf99dd6c25851288b0fbd50ea3728ccc8c5f,3548114617,26969,2,2,2,0,0,1,0,1,1,0,true,false,1,unique_nonreserved_sink,NumStability.Wave15.sylvesterQuasiSchurBackSubCoeff_pivot_ne_zero,B_unique_nonreserved_sink,NumStability.Wave15.sylvesterQuasiSchurBackSubCoeff_pivot_ne_zero | NumStability.Wave15.H16_eq16_6_quasi_sylvesterQuasiSchurBackSubCoeff_pivot_ne_zero
045daf28056a6e4358d5de7c22c7a9d7acc2e80e,1484,14ac4a31f1a29af267b4b77d6507da3afb6aadce555f9623f5564d82778dfce2,473739146,24589,2,2,2,0,0,1,0,1,1,0,true,false,1,unique_nonreserved_sink,NumStability.lyapunovResidual_decomposition,B_unique_nonreserved_sink,NumStability.lyapunovResidual_decomposition | NumStability.H16_eq16_21_lyapunovResidual_decomposition
045daf28056a6e4358d5de7c22c7a9d7acc2e80e,102,14ae99835f2d33e3ebedde77d5fcc48d6498b65cd0113d212598be6537c39458,1079778993,31594,2,1,2,0,0,1,0,0,1,0,true,false,1,unique_nonreserved_sink,NumStability.sylvester_practical_error_bound_fl_of_vecCoeff_left_inverse_finiteOpNorm2Le_scalar,B_unique_nonreserved_sink,NumStability.H16_eq16_29_sylvester_practical_error_bound_fl_of_vecCoeff_left_inverse_finiteOpNorm2Le_scalar | NumStability.sylvester_practical_error_bound_fl_of_vecCoeff_left_inverse_finiteOpNorm2Le_scalar
045daf28056a6e4358d5de7c22c7a9d7acc2e80e,1621,14e2db98f8e35bbe91d7100b594ecb2b869801fecff2650295806f46b66897ac,807841731,26427,2,2,2,0,0,1,0,1,2,0,true,false,1,unique_nonreserved_sink,NumStability.lyapunov_relative_error_le_of_sepLowerBound_computed_residual_budget,B_unique_nonreserved_sink,NumStability.lyapunov_relative_error_le_of_sepLowerBound_computed_residual_budget | NumStability.H16_eq16_29_lyapunov_relative_error_le_of_sepLowerBound_computed_residual_budget
045daf28056a6e4358d5de7c22c7a9d7acc2e80e,1338,14edd296cbd753025a86948829f81e11b20df9584836c8126c84c5bdde2563ff,3986135171,24495,2,2,2,0,0,1,0,1,1,0,true,false,1,unique_nonreserved_sink,NumStability.sylvester_perturbation_first_order_vec,B_unique_nonreserved_sink,NumStability.sylvester_perturbation_first_order_vec | NumStability.H16_eq16_22_sylvester_perturbation_first_order_vec
045daf28056a6e4358d5de7c22c7a9d7acc2e80e,1256,153b201e627b74b39936af886ceba70946e222949d4259608d7d66975bd4f085,376633013,59504,2,2,2,0,0,1,0,1,2,0,true,false,1,unique_nonreserved_sink,NumStability.FloatingPointFormat.finiteRoundToEvenOp_sub_sign_symmetry_of_exact_finiteSystem,B_unique_nonreserved_sink,NumStability.FloatingPointFormat.finiteRoundToEvenOp_sub_sign_symmetry_of_exact_finiteSystem | NumStability.FloatingPointFormat.problem2_7_statement2_sub_sign_symmetry_of_exact_finiteSystem
045daf28056a6e4358d5de7c22c7a9d7acc2e80e,757,153d3f1b649d5f7a4e81f94c8889e9e8e2dbbf3102c7ea83e5db6e8c85842454,2572533289,15915,2,1,2,0,0,1,0,0,1,0,true,false,1,unique_nonreserved_sink,NumStability.higham9_15_normwise_source_bound_of_factorization_init_linear_step_opNorm_product_lt,B_unique_nonreserved_sink,NumStability.higham9_15_normwise_source_bound_of_factorization_G_init_linear_step_opNorm_product_lt | NumStability.higham9_15_normwise_source_bound_of_factorization_init_linear_step_opNorm_product_lt
045daf28056a6e4358d5de7c22c7a9d7acc2e80e,403,155a04b62652a5ac09ad9d0cd4642164f57e1367700759a90a79271c857eb5c3,1774876499,31507,2,1,2,0,0,1,0,0,1,0,true,false,1,unique_nonreserved_sink,NumStability.lyapunov_perturbation_bound_spectralDiagonal_of_vecCoeff_entrywise_abs_ge_total,B_unique_nonreserved_sink,NumStability.H16_eq16_27_lyapunov_perturbation_bound_spectralDiagonal_of_vecCoeff_entrywise_abs_ge_total | NumStability.lyapunov_perturbation_bound_spectralDiagonal_of_vecCoeff_entrywise_abs_ge_total
045daf28056a6e4358d5de7c22c7a9d7acc2e80e,321,158770eb054207e0707775fe12cc26b9643e9fb99f723ceafcda618d455133e9,1604220992,24764,2,1,2,0,0,1,0,0,1,0,true,false,1,unique_nonreserved_sink,NumStability.complexSylvester_exists_unique_of_schur_diagonal_separation,B_unique_nonreserved_sink,NumStability.H16_eq16_3_6_complexSylvester_exists_unique_of_schur_diagonal_separation | NumStability.complexSylvester_exists_unique_of_schur_diagonal_separation
045daf28056a6e4358d5de7c22c7a9d7acc2e80e,598,15b95495e16608d57bad3d31d254efe2a725c99f8290421f97c87124f51b12e5,2251375281,26446,2,2,2,0,0,1,0,1,1,0,true,false,1,unique_nonreserved_sink,NumStability.lyapunov_practical_error_bound_of_sepLowerBound_computed_residual_certificate_mono_scalar,B_unique_nonreserved_sink,NumStability.lyapunov_practical_error_bound_of_sepLowerBound_computed_residual_certificate_mono_scalar | NumStability.H16_eq16_29_lyapunov_practical_error_bound_of_sepLowerBound_computed_residual_certificate_mono_scalar
045daf28056a6e4358d5de7c22c7a9d7acc2e80e,1670,15eb3fcdab9de59404b412b20bca1f379dc6415a6bee7d5518894d813e6aad49,917779056,24605,2,2,2,0,0,1,0,1,1,0,true,false,1,unique_nonreserved_sink,NumStability.lyapunovXiSq_symmetric_le_min_eigen_bound,B_unique_nonreserved_sink,NumStability.lyapunovXiSq_symmetric_le_min_eigen_bound | NumStability.H16_eq16_21_lyapunovXiSq_symmetric_le_min_eigen_bound
045daf28056a6e4358d5de7c22c7a9d7acc2e80e,1605,1615bc0ec8da9d557008b0c1dc2d483a4239d33768e552e42b11658245ce8b06,755682639,7964,2,2,2,0,0,1,0,1,2,0,true,false,1,unique_nonreserved_sink,NumStability.commonR_difference_eq_perturbation_difference_mul_right_inverse,B_unique_nonreserved_sink,NumStability.commonR_difference_eq_perturbation_difference_mul_right_inverse | H19.Theorem19_13.commonR_difference_eq_perturbation_difference_mul_right_inverse
045daf28056a6e4358d5de7c22c7a9d7acc2e80e,948,16e37e5f12df029b4e51dcdf2da5cfd82f15c2aa31322ac537b2b4d66b948ffc,3041148574,23627,2,2,2,0,0,1,0,1,1,0,true,false,1,unique_nonreserved_sink,NumStability.lyapunovVecCoeff_mulVec_vec,B_unique_nonreserved_sink,NumStability.lyapunovVecCoeff_mulVec_vec | NumStability.H16_eq16_27_lyapunovVecCoeff_mulVec_vec
045daf28056a6e4358d5de7c22c7a9d7acc2e80e,76,170481d24912302598a28a40bbec0b4d8e5339f31a693f7a990fa6935b0b26f9,100091377,7671,2,2,2,0,0,1,0,1,2,0,true,false,1,unique_nonreserved_sink,NumStability.mgsProblem1912_p11_opNorm2Le_one_of_csDiagonalAlgebra,B_unique_nonreserved_sink,NumStability.mgsProblem1912_p11_opNorm2Le_one_of_csDiagonalAlgebra | H19.Theorem19_13.problem1912_p11_opNorm2Le_one_of_csDiagonalAlgebra
045daf28056a6e4358d5de7c22c7a9d7acc2e80e,710,1774ba735fbb482ecda9cf115f8f90a3c67f16d30384ce4dd478769e01f9db81,2460897456,24816,2,1,2,0,0,1,0,0,1,0,true,false,1,unique_nonreserved_sink,NumStability.existsUnique_isSylvesterSolutionRect_of_quasiSchur_twoBlockSpectral_local_no_common_generated_frontier_step_oracle,B_unique_nonreserved_sink,NumStability.H16_eq16_4_8_existsUnique_isSylvesterSolutionRect_of_quasiSchur_twoBlockSpectral_local_no_common_generated_frontier_step_oracle | NumStability.existsUnique_isSylvesterSolutionRect_of_quasiSchur_twoBlockSpectral_local_no_common_generated_frontier_step_oracle
045daf28056a6e4358d5de7c22c7a9d7acc2e80e,830,177a1bab9d289bf775f4a6254f988816d8ea4902f5cf5077086733f878af0a3b,2763595848,24642,2,2,2,0,0,1,0,1,2,0,true,false,1,unique_nonreserved_sink,NumStability.lyapunov_perturbation_bound_of_pos_le_sylvesterSepInf_total,B_unique_nonreserved_sink,NumStability.lyapunov_perturbation_bound_of_pos_le_sylvesterSepInf_total | NumStability.H16_eq16_27_lyapunov_perturbation_bound_of_pos_le_sylvesterSepInf_total
045daf28056a6e4358d5de7c22c7a9d7acc2e80e,55,17c178082ed67326f262d0e5f19b53bcd5db56ee3aa4f6634c8b7b8f0c5b4a82,2365935446,26238,3,2,3,0,0,2,0,1,2,0,true,false,1,unique_nonreserved_sink,NumStability.lyapunov_relative_first_order_bound_of_vecCoeff_gram_eigenvalues,B_unique_nonreserved_sink,NumStability.lyapunov_relative_first_order_bound_of_vecCoeff_gram_eigenvalues | NumStability.H16_eq16_27_lyapunov_condition_of_vecCoeff_gram_eigenvalues | NumStability.H16_eq16_27_lyapunov_relative_first_order_bound_of_vecCoeff_gram_eigenvalues
045daf28056a6e4358d5de7c22c7a9d7acc2e80e,1202,18454ecf1df96c62b53373101890e97dec11b8bcbf7f8f6279dca915294ef5cb,3630106535,13643,2,2,2,0,0,0,0,1,2,0,true,false,1,unique_nonreserved_sink,NumStability.tridiag_growth_bound_3,B_unique_nonreserved_sink,NumStability.tridiag_growth_bound_3 | NumStability.higham9_13_tridiag_growth_bound_3
045daf28056a6e4358d5de7c22c7a9d7acc2e80e,438,188c5652797153742d1cb928c6e1e75980de7722fa4853b2b5822d65fe64f4c8,1851171369,26480,2,2,2,0,0,1,0,1,1,0,true,false,1,unique_nonreserved_sink,NumStability.sylvester_practical_error_bound_of_operator_sigmaMin_computed_residual_error_model,B_unique_nonreserved_sink,NumStability.sylvester_practical_error_bound_of_operator_sigmaMin_computed_residual_error_model | NumStability.H16_eq16_29_sylvester_practical_error_bound_of_operator_sigmaMin_computed_residual_error_model
045daf28056a6e4358d5de7c22c7a9d7acc2e80e,445,18c5b18156efeb517e28660063a03ef2a1ca3772facfbaace117fb2464e4a95f,1870556441,24901,2,1,2,0,0,1,0,0,2,0,true,false,1,unique_nonreserved_sink,NumStability.sylvester_practical_error_bound_of_schurTriangular_computed_residual_budget_mono_scalar,B_unique_nonreserved_sink,NumStability.H16_eq16_29_schurTriangular_computed_residual_budget_mono_scalar | NumStability.sylvester_practical_error_bound_of_schurTriangular_computed_residual_budget_mono_scalar
045daf28056a6e4358d5de7c22c7a9d7acc2e80e,335,18d1c8c1afd269fc771cf07d93fa4d055b8536cd144d4c5a7579b6d67ea25869,1632908659,31614,2,1,2,0,0,1,0,0,1,0,true,false,1,unique_nonreserved_sink,NumStability.isLeast_lyapunovBackwardErrorValues_of_symmetric_spectral,B_unique_nonreserved_sink,NumStability.H16_eq16_21_isLeast_lyapunovBackwardErrorValues_of_symmetric_spectral | NumStability.isLeast_lyapunovBackwardErrorValues_of_symmetric_spectral
045daf28056a6e4358d5de7c22c7a9d7acc2e80e,499,18d61a8d9c5cf683fc1693339ee3fb7d79917245d9307f17f8942dbd6ce423fe,2025980648,19691,2,2,2,0,0,1,0,1,2,0,true,false,1,unique_nonreserved_sink,NumStability.bunch_tridiagonal_alpha_pos,B_unique_nonreserved_sink,NumStability.Ch11Closure.BunchTriFactor.alpha_pos | NumStability.bunch_tridiagonal_alpha_pos
045daf28056a6e4358d5de7c22c7a9d7acc2e80e,1333,19440435017701755ba61fb490c5f13a3c1b4f00ba2fef1fc0bf83f292ef7cc0,3952961975,23844,2,2,2,0,0,1,0,1,2,0,true,false,1,unique_nonreserved_sink,NumStability.no_common_real_eigenpair_of_sylvesterVecCoeff_det_ne_zero,B_unique_nonreserved_sink,NumStability.no_common_real_eigenpair_of_sylvesterVecCoeff_det_ne_zero | NumStability.H16_eq16_3_no_common_real_eigenpair_of_det_ne_zero
045daf28056a6e4358d5de7c22c7a9d7acc2e80e,1624,19654849e36d507dbe04bd12f87c33f3b4beae2f7dc879fd06409454403f90d4,813225154,18506,2,2,2,0,0,0,0,1,2,0,true,false,1,unique_nonreserved_sink,NumStability.bunch_kaufman_stability,B_unique_nonreserved_sink,NumStability.bunch_kaufman_stability | NumStability.higham11_4_bunch_kaufman_stability
045daf28056a6e4358d5de7c22c7a9d7acc2e80e,483,19e8c146f8a80016ef42a5d03b31010974485ea5645be0e2233ed151e86a2da3,1976037891,24432,2,2,2,0,0,1,0,1,1,0,true,false,1,unique_nonreserved_sink,NumStability.sylvesterSepInf_nonneg,B_unique_nonreserved_sink,NumStability.sylvesterSepInf_nonneg | NumStability.H16_eq16_26_sylvesterSepInf_nonneg
045daf28056a6e4358d5de7c22c7a9d7acc2e80e,592,19f3099a5debe45ef0642dd16b415ba79bfeafc6efe4b0277f8ac46f11467825,2237758233,26945,2,2,2,0,0,1,0,1,1,0,true,false,1,unique_nonreserved_sink,NumStability.Wave16.vec_flSylvesterQQBlockBackSubSolve,B_unique_nonreserved_sink,NumStability.Wave16.vec_flSylvesterQQBlockBackSubSolve | NumStability.Wave16.H16_eq16_6_quasiquasi_vec_flSylvesterQQBlockBackSubSolve
045daf28056a6e4358d5de7c22c7a9d7acc2e80e,1257,1a12e8bbf194775d0de5311a0aa2bc2a9352bf4e6e6ccb6bb13a16f2f570e49c,3768025301,31575,2,1,2,0,0,1,0,0,1,0,true,false,1,unique_nonreserved_sink,NumStability.existsUnique_isSylvesterSolutionRect_and_HessenbergGEPPUTrace_growth_of_upperHessenberg_triangular_no_common_complex_right_eigenvalue,B_unique_nonreserved_sink,NumStability.H16_eq16_4_8_existsUnique_isSylvesterSolutionRect_and_HessenbergGEPPUTrace_growth_of_upperHessenberg_triangular_no_common_complex_right_eigenvalue | NumStability.existsUnique_isSylvesterSolutionRect_and_HessenbergGEPPUTrace_growth_of_upperHessenberg_triangular_no_common_complex_right_eigenvalue
045daf28056a6e4358d5de7c22c7a9d7acc2e80e,1077,1a53e18eb0ae9682a92de4e9b314b2feda7e521100156007b6b39e369563990c,3364441708,23737,2,2,2,0,0,1,0,1,2,0,true,false,1,unique_nonreserved_sink,NumStability.sylvester_practical_error_bound_of_computed_residual_certificate_mono_scalar,B_unique_nonreserved_sink,NumStability.sylvester_practical_error_bound_of_computed_residual_certificate_mono_scalar | NumStability.H16_eq16_29_sylvester_practical_error_bound_of_computed_residual_certificate_mono_scalar
045daf28056a6e4358d5de7c22c7a9d7acc2e80e,846,1a652e5f983bd12e2f62a203903f34bddbdeb8ff4d133ceaec738ab1c0d358f7,280050431,24792,2,1,2,0,0,1,0,0,1,0,true,false,1,unique_nonreserved_sink,NumStability.sylvesterVecCoeff_realQuasiSchur_strictBlockMap_mulVec_surjective,B_unique_nonreserved_sink,NumStability.H16_eq16_2_6_sylvesterVecCoeff_realQuasiSchur_strictBlockMap_mulVec_surjective | NumStability.sylvesterVecCoeff_realQuasiSchur_strictBlockMap_mulVec_surjective
045daf28056a6e4358d5de7c22c7a9d7acc2e80e,478,1a758398f5e30fc12e4ba20d0a3948bf5cfa844a63a6f7780764cabceddb1f7f,1962151511,24833,2,1,2,0,0,1,0,0,1,0,true,false,1,unique_nonreserved_sink,NumStability.sylvester_quasiSchur_blockTraversal_solution_of_twoBlockSpectral_vecCoeff_det_ne_zero_generated_step_formula,B_unique_nonreserved_sink,NumStability.H16_eq16_4_8_sylvester_quasiSchur_blockTraversal_solution_of_twoBlockSpectral_vecCoeff_det_ne_zero_generated_step_formula | NumStability.sylvester_quasiSchur_blockTraversal_solution_of_twoBlockSpectral_vecCoeff_det_ne_zero_generated_step_formula
045daf28056a6e4358d5de7c22c7a9d7acc2e80e,91,1ae704df4ad5253a864cb10a8368eac228f5ab548d962ef0e27d979d1872f721,1050021135,24737,2,1,2,0,0,1,0,0,1,0,true,false,1,unique_nonreserved_sink,NumStability.sylvester_practical_error_bound_of_pos_le_sylvesterSepInf_computed_residual_error_model,B_unique_nonreserved_sink,NumStability.H16_eq16_29_sylvester_practical_error_bound_of_pos_le_sylvesterSepInf_computed_residual_error_model | NumStability.sylvester_practical_error_bound_of_pos_le_sylvesterSepInf_computed_residual_error_model
045daf28056a6e4358d5de7c22c7a9d7acc2e80e,1653,1aedd1b84c8575811d672565fa962d668cd831c8e4ed9f261684ae6e326e49f2,882393196,31619,2,1,2,0,0,1,0,0,1,0,true,false,1,unique_nonreserved_sink,NumStability.sylvester_practical_error_bound_fl_of_vecCoeff_det_ne_zero_scalar,B_unique_nonreserved_sink,NumStability.H16_eq16_29_sylvester_practical_error_bound_fl_of_vecCoeff_det_ne_zero_scalar | NumStability.sylvester_practical_error_bound_fl_of_vecCoeff_det_ne_zero_scalar
045daf28056a6e4358d5de7c22c7a9d7acc2e80e,1353,1b46a0141285af9a1c1f945fad0a10a7e3fb35b362f06e31ab88f6290408009f,4018908407,26486,2,2,2,0,0,1,0,1,1,0,true,false,1,unique_nonreserved_sink,NumStability.lyapunov_practical_error_bound_of_vecCoeff_det_ne_zero_computed_residual_certificate,B_unique_nonreserved_sink,NumStability.lyapunov_practical_error_bound_of_vecCoeff_det_ne_zero_computed_residual_certificate | NumStability.H16_eq16_29_lyapunov_practical_error_bound_of_vecCoeff_det_ne_zero_computed_residual_certificate
045daf28056a6e4358d5de7c22c7a9d7acc2e80e,1229,1b893c6b0b04a01434a04aa1b745e769fcc5ddd98967f024017021c86759f2ab,3702700869,24723,2,1,2,0,0,1,0,0,1,0,true,false,1,unique_nonreserved_sink,NumStability.sylvester_practical_abs_error_bound_of_schur_transform_residual_bound,B_unique_nonreserved_sink,NumStability.H16_eq16_29_sylvester_practical_abs_error_bound_of_schur_transform_residual_bound | NumStability.sylvester_practical_abs_error_bound_of_schur_transform_residual_bound
045daf28056a6e4358d5de7c22c7a9d7acc2e80e,1007,1ba6c997963953ab5f150696c2ecd5b196219526fcefd38c35f3f808457d4f26,3186698504,26547,2,2,2,0,0,1,0,1,1,0,true,false,1,unique_nonreserved_sink,NumStability.sylvester_practical_error_bound_of_vecCoeff_sigmaMin_computed_residual_certificate_mono,B_unique_nonreserved_sink,NumStability.sylvester_practical_error_bound_of_vecCoeff_sigmaMin_computed_residual_certificate_mono | NumStability.H16_eq16_29_sylvester_practical_error_bound_of_vecCoeff_sigmaMin_computed_residual_certificate_mono
045daf28056a6e4358d5de7c22c7a9d7acc2e80e,609,1bc856ca6a5bb61627450b0be84a657fb434b854e834361e917668c469d79816,226177323,23726,2,2,2,0,0,1,0,1,2,0,true,false,1,unique_nonreserved_sink,NumStability.sylvester_practical_error_bound_of_computed_residual_certificate_mono,B_unique_nonreserved_sink,NumStability.sylvester_practical_error_bound_of_computed_residual_certificate_mono | NumStability.H16_eq16_29_sylvester_practical_error_bound_of_computed_residual_certificate_mono
045daf28056a6e4358d5de7c22c7a9d7acc2e80e,327,1be5432f1d100499c0ec447849fc1fa89165b1c05e864272b6c3ecac7e54d14f,1618746873,24428,2,2,2,0,0,1,0,1,1,0,true,false,1,unique_nonreserved_sink,NumStability.sylvesterSepInf_le_ratio,B_unique_nonreserved_sink,NumStability.sylvesterSepInf_le_ratio | NumStability.H16_eq16_26_sylvesterSepInf_le_ratio
045daf28056a6e4358d5de7c22c7a9d7acc2e80e,1024,1beb7b1dc0183ee9438d2d88c0cfbe2fb3fa158b1a5ae5e5eb24f411ffcb5ab7,3237213585,6342,2,2,2,0,0,1,0,1,2,0,true,false,1,unique_nonreserved_sink,NumStability.fl_householder_sequence_backward_error,B_unique_nonreserved_sink,NumStability.fl_householder_sequence_backward_error | NumStability.H19_Lemma19_3_sequence_normwise_backward_error
045daf28056a6e4358d5de7c22c7a9d7acc2e80e,945,1c75744609881c9132213af91df3b5da2dcdb75294445c41947f672079e2a03f,303424420,24709,2,1,2,0,0,1,0,0,1,0,true,false,1,unique_nonreserved_sink,NumStability.sylvester_practical_error_bound_of_sepLowerBound_computed_residual_certificate_mono,B_unique_nonreserved_sink,NumStability.H16_eq16_29_sylvester_practical_error_bound_of_sepLowerBound_computed_residual_certificate_mono | NumStability.sylvester_practical_error_bound_of_sepLowerBound_computed_residual_certificate_mono
045daf28056a6e4358d5de7c22c7a9d7acc2e80e,136,1c93a7415880432be777d598288d7516df9081dc7ff2fe54c093f6a62c919369,1145712624,24937,2,1,2,0,0,1,0,0,1,0,true,false,1,unique_nonreserved_sink,NumStability.existsUnique_isSylvesterSolutionRect_of_quasiSchur_twoBlockSpectral_no_common_generated_step_formula,B_unique_nonreserved_sink,NumStability.H16_eq16_4_8_existsUnique_isSylvesterSolutionRect_of_quasiSchur_twoBlockSpectral_no_common_generated_step_formula | NumStability.existsUnique_isSylvesterSolutionRect_of_quasiSchur_twoBlockSpectral_no_common_generated_step_formula
045daf28056a6e4358d5de7c22c7a9d7acc2e80e,1117,1cc8b69f5b51c2c988e1028cbb5f94e1b4a1940bdc9e17002dca80cdfca9adeb,3451893113,26116,2,2,2,0,0,1,0,1,1,0,true,false,1,unique_nonreserved_sink,NumStability.sylvester_relative_perturbation_of_sigmaMin,B_unique_nonreserved_sink,NumStability.sylvester_relative_perturbation_of_sigmaMin | NumStability.H16_eq16_25_sylvester_relative_perturbation_of_sigmaMin
045daf28056a6e4358d5de7c22c7a9d7acc2e80e,256,1ccce16eb32e9064800591657eb55195bc41bb9e4b53b9af83bfaca39bf35fb7,1415358715,24890,2,1,2,0,0,1,0,0,1,0,true,false,1,unique_nonreserved_sink,NumStability.existsUnique_isSylvesterSolutionRect_of_quasiSchur_twoBlockSpectral_complex_root_separation_generated_step_formula,B_unique_nonreserved_sink,NumStability.H16_eq16_4_8_existsUnique_isSylvesterSolutionRect_of_quasiSchur_twoBlockSpectral_complex_root_separation_generated_step_formula | NumStability.existsUnique_isSylvesterSolutionRect_of_quasiSchur_twoBlockSpectral_complex_root_separation_generated_step_formula
045daf28056a6e4358d5de7c22c7a9d7acc2e80e,861,1ce5c04b69c13d0e25ad044e1d6cbeb6413e6fe108b1ac399502d020f8fa82b2,2833230373,18507,2,2,2,0,0,1,0,1,2,0,true,false,1,unique_nonreserved_sink,NumStability.fl_blockLDLT_trailing_bound,B_unique_nonreserved_sink,NumStability.fl_blockLDLT_trailing_bound | NumStability.higham11_3_fl_blockLDLT_trailing_bound
045daf28056a6e4358d5de7c22c7a9d7acc2e80e,1259,1d1073edcb1af295b5ebe2219bd15705874e3e2a25ffde01ea805fd985eceb2e,3769626217,31615,2,1,2,0,0,1,0,0,1,0,true,false,1,unique_nonreserved_sink,NumStability.sylvester_practical_error_bound_fl_of_vecCoeff_det_ne_zero_mono,B_unique_nonreserved_sink,NumStability.H16_eq16_29_sylvester_practical_error_bound_fl_of_vecCoeff_det_ne_zero_mono | NumStability.sylvester_practical_error_bound_fl_of_vecCoeff_det_ne_zero_mono
045daf28056a6e4358d5de7c22c7a9d7acc2e80e,1636,1d15e30f0ca1771fa3ddc35d64912ca4b8a693541efb3ecc6940d58d39deb02e,82752326,26485,2,2,2,0,0,1,0,1,1,0,true,false,1,unique_nonreserved_sink,NumStability.sylvester_practical_error_bound_of_vecCoeff_left_inverse_finiteOpNorm2Le_computed_residual_budget_mono,B_unique_nonreserved_sink,NumStability.sylvester_practical_error_bound_of_vecCoeff_left_inverse_finiteOpNorm2Le_computed_residual_budget_mono | NumStability.H16_eq16_29_sylvester_practical_error_bound_of_vecCoeff_left_inverse_finiteOpNorm2Le_computed_residual_budget_mono
045daf28056a6e4358d5de7c22c7a9d7acc2e80e,1294,1d34516cc1540a3dc2db23872c6bee02f79a1cce68c3622239782efa9fbc0133,3864506943,26915,2,2,2,0,0,1,0,1,1,0,true,false,1,unique_nonreserved_sink,NumStability.Wave16.sylvesterVecCoeff_quasiQuasi_blockBackSub_componentwise_residual_with_budget,B_unique_nonreserved_sink,NumStability.Wave16.sylvesterVecCoeff_quasiQuasi_blockBackSub_componentwise_residual_with_budget | NumStability.Wave16.H16_eq16_8_quasiquasi_sylvesterVecCoeff_blockBackSub_componentwise_residual_with_budget
045daf28056a6e4358d5de7c22c7a9d7acc2e80e,1157,1d714b6e994525070479d5b18ad8fb0f31236fd2a29feaf47620770a4a5fc037,3529939383,18480,2,2,2,0,0,0,0,2,2,0,true,false,1,unique_nonreserved_sink,NumStability.oneByOne_schur_growth,B_unique_nonreserved_sink,NumStability.oneByOne_schur_growth | NumStability.higham11_1_oneByOne_schur_growth
045daf28056a6e4358d5de7c22c7a9d7acc2e80e,1344,1d92eac6a37ad429c8da00e5c9ec85d5e58d370ab54d9d71df2170408892c245,3995279129,29891,2,1,2,0,0,1,0,0,1,0,true,false,1,unique_nonreserved_sink,NumStability.DistillationTrace.sum_preserved,B_unique_nonreserved_sink,NumStability.DistillationTrace.sum_preserved | NumStability.distillationTrace_sum_preserved
045daf28056a6e4358d5de7c22c7a9d7acc2e80e,820,1e2c137a564498fc9e1863bdc3cd985213ad8775228a7920f62faa545630051f,2739093784,24265,2,2,2,0,0,1,0,1,1,0,true,false,1,unique_nonreserved_sink,NumStability.quasiSchur_exists_frontier_schedule,B_unique_nonreserved_sink,NumStability.quasiSchur_exists_frontier_schedule | NumStability.H16_eq16_4_8_quasiSchur_exists_frontier_schedule
045daf28056a6e4358d5de7c22c7a9d7acc2e80e,1534,1e423f7e16a4b2f4864b2f5d197e5b0ce92fc1095ba44c5a41f7e57af7884ff6,593391901,31582,2,1,2,0,0,1,0,0,1,0,true,false,1,unique_nonreserved_sink,NumStability.existsUnique_isSylvesterSolutionRect_and_HessenbergGEPPUTrace_growth_of_realSchur_upperHessenberg_triangular_vecCoeff_left_inverse_finiteOpNorm2Le,B_unique_nonreserved_sink,NumStability.H16_eq16_4_8_existsUnique_isSylvesterSolutionRect_and_HessenbergGEPPUTrace_growth_of_realSchur_upperHessenberg_triangular_vecCoeff_left_inverse_finiteOpNorm2Le | NumStability.existsUnique_isSylvesterSolutionRect_and_HessenbergGEPPUTrace_growth_of_realSchur_upperHessenberg_triangular_vecCoeff_left_inverse_finiteOpNorm2Le
045daf28056a6e4358d5de7c22c7a9d7acc2e80e,1689,1e43a364f765ab2a598c712297cf8d2877d595901585b37582b7f74b4131e328,955708641,16219,2,1,2,0,0,1,0,0,1,0,true,false,1,unique_nonreserved_sink,NumStability.higham9_15_normwise_source_bound_of_factorization_init_linear_step_opNorm_of_matrix_inverse_identities_exact_opNorm2_one_residual,B_unique_nonreserved_sink,NumStability.higham9_15_normwise_source_bound_of_factorization_G_init_linear_step_opNorm_of_matrix_inverse_identities_exact_opNorm2_one_residual | NumStability.higham9_15_normwise_source_bound_of_factorization_init_linear_step_opNorm_of_matrix_inverse_identities_exact_opNorm2_one_residual
045daf28056a6e4358d5de7c22c7a9d7acc2e80e,1227,1e6133a3853118fc794563dda9a400bd5532052ecb2385a4d209eebbf05c30b6,370016891,26420,2,2,2,0,0,1,0,1,1,0,true,false,1,unique_nonreserved_sink,NumStability.lyapunov_practical_error_bound_of_sepLowerBound_computed_residual_error_model,B_unique_nonreserved_sink,NumStability.lyapunov_practical_error_bound_of_sepLowerBound_computed_residual_error_model | NumStability.H16_eq16_29_lyapunov_practical_error_bound_of_sepLowerBound_computed_residual_error_model
045daf28056a6e4358d5de7c22c7a9d7acc2e80e,486,1ecc5ddb51404f760404e63fb2796347f553228060f618835c54799aa1a402ca,1984224834,24491,2,2,2,0,0,1,0,1,1,0,true,false,1,unique_nonreserved_sink,NumStability.sylvester_aposteriori_bound_of_sepLowerBound_total,B_unique_nonreserved_sink,NumStability.sylvester_aposteriori_bound_of_sepLowerBound_total | NumStability.H16_eq16_28_sylvester_aposteriori_bound_of_sepLowerBound_total
045daf28056a6e4358d5de7c22c7a9d7acc2e80e,1254,1f127f7506604edc96302b9608100cbad839813ee745abfc4b2329e74127c773,3760486097,24493,2,2,2,0,0,1,0,1,1,0,true,false,1,unique_nonreserved_sink,NumStability.sylvester_aposteriori_bound_of_pos_le_sylvesterSepInf_total,B_unique_nonreserved_sink,NumStability.sylvester_aposteriori_bound_of_pos_le_sylvesterSepInf_total | NumStability.H16_eq16_28_sylvester_aposteriori_bound_of_pos_le_sylvesterSepInf_total
045daf28056a6e4358d5de7c22c7a9d7acc2e80e,1061,1f3039b5ea201ac6a2fed7581eba521340d661dbb87ada9151715d583c037981,3343061744,26261,2,2,2,0,0,1,0,1,1,0,true,false,1,unique_nonreserved_sink,NumStability.lyapunovVecCoeff_det_ne_zero_of_operator_sigmaMin,B_unique_nonreserved_sink,NumStability.lyapunovVecCoeff_det_ne_zero_of_operator_sigmaMin | NumStability.H16_eq16_2_27_lyapunovVecCoeff_det_ne_zero_of_operator_sigmaMin
045daf28056a6e4358d5de7c22c7a9d7acc2e80e,654,1f664d459ace0b78daa23fa5a695b4f353263feeafa708a1367f8c9d07340c0d,2344199338,18558,2,1,2,0,0,1,0,0,2,0,true,false,1,unique_nonreserved_sink,NumStability.higham11_4_bunch_kaufman_stability_of_first_stage_recursive_higham_const_uniform_entry_exact_budgets,B_unique_nonreserved_sink,NumStability.higham11_4_bunch_kaufman_stability_interface_of_first_stage_recursive_higham_const_uniform_entry_exact_budgets | NumStability.higham11_4_bunch_kaufman_stability_of_first_stage_recursive_higham_const_uniform_entry_exact_budgets
045daf28056a6e4358d5de7c22c7a9d7acc2e80e,119,1f6d99cc21e20d6983adeff5b116bcaace81f8686655e0dc6156680e64593368,1109369466,31531,2,1,2,0,0,1,0,0,2,0,true,false,1,unique_nonreserved_sink,NumStability.sylvester_aposteriori_bound_schurDiagonal_of_vecCoeff_entrywise_abs_ge_total,B_unique_nonreserved_sink,NumStability.H16_eq16_28_sylvester_aposteriori_bound_schurDiagonal_of_vecCoeff_entrywise_abs_ge_total | NumStability.sylvester_aposteriori_bound_schurDiagonal_of_vecCoeff_entrywise_abs_ge_total
045daf28056a6e4358d5de7c22c7a9d7acc2e80e,1228,1fd5dc2d4e60952e56cb04572b50b57dc72c21f648125c2d30bc62fd3c12153b,3700922498,18920,2,1,2,0,0,0,0,0,2,0,true,false,1,unique_nonreserved_sink,NumStability.higham11_4_bunch_kaufman_solve_backward_error_of_path_branchwise_source_six_growth_bounds_maxEntryNorm_A_product,B_unique_nonreserved_sink,NumStability.higham11_4_bunch_kaufman_solve_backward_error_interface_of_path_branchwise_source_six_growth_bounds_maxEntryNorm_A_product | NumStability.higham11_4_bunch_kaufman_solve_backward_error_of_path_branchwise_source_six_growth_bounds_maxEntryNorm_A_product
045daf28056a6e4358d5de7c22c7a9d7acc2e80e,621,20340d0ff12e1fd152b476988b67fd8054d06f2f5c6b95957c67b0b8baf191d2,2274379249,24609,2,2,2,0,0,1,0,1,1,0,true,false,1,unique_nonreserved_sink,NumStability.lyapunovBackwardScalarEq_of_spectral_decomposition,B_unique_nonreserved_sink,NumStability.lyapunovBackwardScalarEq_of_spectral_decomposition | NumStability.H16_eq16_21_lyapunovBackwardScalarEq_of_spectral_decomposition
045daf28056a6e4358d5de7c22c7a9d7acc2e80e,203,208f42bab2be8140d28e0172029c7c8a05cdad7e9a056e8a68565ff12bbc9cf9,1304892967,3180,2,2,2,0,0,0,0,1,2,0,true,false,1,unique_nonreserved_sink,NumStability.lu_backward_error_gamma,B_unique_nonreserved_sink,NumStability.lu_backward_error_gamma | NumStability.higham9_3_lu_backward_error_gamma
045daf28056a6e4358d5de7c22c7a9d7acc2e80e,669,20a7c4e557a5ac2f86daf1bb7f660a1ece0afc160826d1bde1e9be1d80157df9,238277109,24490,2,2,2,0,0,1,0,1,1,0,true,false,1,unique_nonreserved_sink,NumStability.sylvester_perturbation_bound_of_pos_le_sylvesterSepInf_total,B_unique_nonreserved_sink,NumStability.sylvester_perturbation_bound_of_pos_le_sylvesterSepInf_total | NumStability.H16_eq16_25_sylvester_perturbation_bound_of_pos_le_sylvesterSepInf_total
045daf28056a6e4358d5de7c22c7a9d7acc2e80e,678,20bb2f8febba7ab0eed7d140bde5c91799edc7555403e51472179902046ea384,2397882083,31583,2,1,2,0,0,1,0,0,1,0,true,false,1,unique_nonreserved_sink,NumStability.existsUnique_isSylvesterSolutionRect_and_HessenbergGEPPUTrace_growth_of_upperHessenberg_triangular_vecCoeff_left_inverse_finiteOpNorm2Le,B_unique_nonreserved_sink,NumStability.H16_eq16_4_8_existsUnique_isSylvesterSolutionRect_and_HessenbergGEPPUTrace_growth_of_upperHessenberg_triangular_vecCoeff_left_inverse_finiteOpNorm2Le | NumStability.existsUnique_isSylvesterSolutionRect_and_HessenbergGEPPUTrace_growth_of_upperHessenberg_triangular_vecCoeff_left_inverse_finiteOpNorm2Le
045daf28056a6e4358d5de7c22c7a9d7acc2e80e,611,20bda4e2bb6f0cb45920ea1eef82405e6a27b7fdb3175d5cb9b5d64b5af78b4d,2264859562,26135,2,2,2,0,0,1,0,1,2,0,true,false,1,unique_nonreserved_sink,NumStability.lyapunov_perturbation_bound_of_sigmaMin_total,B_unique_nonreserved_sink,NumStability.lyapunov_perturbation_bound_of_sigmaMin_total | NumStability.H16_eq16_27_lyapunov_perturbation_bound_of_sigmaMin_total
045daf28056a6e4358d5de7c22c7a9d7acc2e80e,800,20c0a19b4eb8b7ea772955cd79d0269e1af65e3f2f6082972a12e7e51a4955fc,2685243168,42810,2,2,2,0,0,1,0,1,2,0,true,false,1,unique_nonreserved_sink,NumStability.eq_11_17,B_unique_nonreserved_sink,NumStability.eq_11_17 | NumStability.higham12_19_combined_coefficients
045daf28056a6e4358d5de7c22c7a9d7acc2e80e,312,20d141cfa8258edcfffa076d48881c7a80b891c0aadc96c8fb34ed3546e97dd0,1594836436,15942,2,1,2,0,0,1,0,0,1,0,true,false,1,unique_nonreserved_sink,NumStability.higham9_15_normwise_source_bound_of_factorization_left_zero_opNorm_product_lt,B_unique_nonreserved_sink,NumStability.higham9_15_normwise_source_bound_of_factorization_G_left_zero_opNorm_product_lt | NumStability.higham9_15_normwise_source_bound_of_factorization_left_zero_opNorm_product_lt
045daf28056a6e4358d5de7c22c7a9d7acc2e80e,970,21331d0b456ebb42f2f71c32dac0e61bfdffcd503f2e151ab02feabc8289c6bc,3087544538,3449,2,2,2,0,0,0,0,1,2,0,true,false,1,unique_nonreserved_sink,NumStability.banded_growth_factor_solve_tight,B_unique_nonreserved_sink,NumStability.banded_growth_factor_solve_tight | NumStability.higham9_11_banded_growth_factor_solve_tight
045daf28056a6e4358d5de7c22c7a9d7acc2e80e,657,214ff8c43351d2d5538dd227e8f811554e8175424af06905c0d5ea8d42a49643,2347989418,15976,2,1,2,0,0,0,0,0,2,0,true,false,1,unique_nonreserved_sink,NumStability.higham9_15_normalized_G_min_factor_bound_fin_one,B_unique_nonreserved_sink,NumStability.higham9_15_normalized_G_min_factor_bound_fin_one | NumStability.higham9_15_normalized_Gtilde_min_factor_bound_fin_one
045daf28056a6e4358d5de7c22c7a9d7acc2e80e,589,216fdf61e3d17b1f2c745b6066a17d62bc404931c270ee86f4983afe932e5612,2232221030,26501,2,2,2,0,0,1,0,1,1,0,true,false,1,unique_nonreserved_sink,NumStability.lyapunov_practical_error_bound_of_operator_sigmaMin_computed_residual_error_model_mono,B_unique_nonreserved_sink,NumStability.lyapunov_practical_error_bound_of_operator_sigmaMin_computed_residual_error_model_mono | NumStability.H16_eq16_29_lyapunov_practical_error_bound_of_operator_sigmaMin_computed_residual_error_model_mono
045daf28056a6e4358d5de7c22c7a9d7acc2e80e,1395,21784ec2cecbc72529d9234b1deb6906aeea00f4cc2c6de0ec61266e223bb2e6,4136213773,26265,2,2,2,0,0,1,0,1,1,0,true,false,1,unique_nonreserved_sink,NumStability.lyapunov_relative_perturbation_of_vecCoeff_sigmaMin_total,B_unique_nonreserved_sink,NumStability.lyapunov_relative_perturbation_of_vecCoeff_sigmaMin_total | NumStability.H16_eq16_27_lyapunov_relative_perturbation_of_vecCoeff_sigmaMin_total
045daf28056a6e4358d5de7c22c7a9d7acc2e80e,339,21fc40a86fc7105c95b645c7f5baf4d9ed8cbccb01eeb4ef0da1d322c0ef10c3,1643191783,24449,2,2,2,0,0,1,0,1,1,0,true,false,1,unique_nonreserved_sink,NumStability.generalizedSylvesterPair_residual_zero_iff_solution,B_unique_nonreserved_sink,NumStability.generalizedSylvesterPair_residual_zero_iff_solution | NumStability.H16_eq16_31_generalizedSylvesterPair_residual_zero_iff_solution
045daf28056a6e4358d5de7c22c7a9d7acc2e80e,618,2255dbad32ec4a5796378a07af93e5c323adc0019285e17693962543b620bb09,2272255457,31776,2,1,2,0,0,1,0,0,1,0,true,false,1,unique_nonreserved_sink,NumStability.Wave15.sylvesterResidualRect_quasiTriangular_blockBackSub_componentwise_le,B_unique_nonreserved_sink,NumStability.Wave15.H16_eq16_8_quasi_sylvesterResidualRect_blockBackSub_componentwise_le | NumStability.Wave15.sylvesterResidualRect_quasiTriangular_blockBackSub_componentwise_le
045daf28056a6e4358d5de7c22c7a9d7acc2e80e,1425,22636b55a530a4e740c7723719bc8988564786722a7633590b254789d0794f53,4208274543,26321,2,2,2,0,0,1,0,1,1,0,true,false,1,unique_nonreserved_sink,NumStability.lyapunovVecCoeff_nonsingInv_mulVec_mulVec_of_sepLowerBound,B_unique_nonreserved_sink,NumStability.lyapunovVecCoeff_nonsingInv_mulVec_mulVec_of_sepLowerBound | NumStability.H16_eq16_2_27_lyapunovVecCoeff_nonsingInv_mulVec_mulVec_of_sepLowerBound
045daf28056a6e4358d5de7c22c7a9d7acc2e80e,531,2288b1b7a333f4cffe085125e23fad39e9ea58a68f09f03eb85b8250dd6ea6e2,2098685843,24625,2,2,2,0,0,1,0,1,1,0,true,false,1,unique_nonreserved_sink,NumStability.sylvesterInverseOpBound_of_sepLowerBound,B_unique_nonreserved_sink,NumStability.sylvesterInverseOpBound_of_sepLowerBound | NumStability.H16_eq16_24_sylvesterInverseOpBound_of_sepLowerBound
045daf28056a6e4358d5de7c22c7a9d7acc2e80e,65,22cd78062d9ed6f9d051520961e9208565b1a7d231cfaae3c646ba2c2c31718f,3780462408,24827,3,1,3,0,0,1,0,0,2,0,true,false,1,unique_nonreserved_sink,NumStability.sylvester_quasiSchur_blockTraversal_solution_of_realQuasiSchur_block_separation_vecCoeff_det_ne_zero_generated_frontier_step_oracle,B_unique_nonreserved_sink,NumStability.H16_eq16_4_8_sylvester_quasiSchur_blockTraversal_solution_of_realQuasiSchur_block_separation_vecCoeff_det_ne_zero_generated_frontier_step_oracle | NumStability.sylvester_quasiSchur_blockTraversal_solution_of_realQuasiSchur_block_separation_vecCoeff_det_ne_zero_generated_frontier_step_oracle | NumStability.sylvester_quasiSchur_blockTraversal_solution_of_twoBlockSpectral_vecCoeff_det_ne_zero_generated_frontier_step_oracle
045daf28056a6e4358d5de7c22c7a9d7acc2e80e,1041,22ecc4bf7d1cf9e2ef8fddf98f80369fce1f34d1d0e11c1913290fa7fbfadffb,3281370868,24580,2,2,2,0,0,1,0,1,1,0,true,false,1,unique_nonreserved_sink,NumStability.two_mul_lyapunovXiSq_eq_simple_bound_of_symmetric,B_unique_nonreserved_sink,NumStability.two_mul_lyapunovXiSq_eq_simple_bound_of_symmetric | NumStability.H16_eq16_21_two_mul_lyapunovXiSq_eq_simple_bound_of_symmetric
045daf28056a6e4358d5de7c22c7a9d7acc2e80e,1291,230d0a80f2f5697d82d2af7766b3db76af103c810aaa4a9a487ab1f03b8816bb,3854921652,24615,2,2,2,0,0,1,0,1,1,0,true,false,1,unique_nonreserved_sink,NumStability.frobNorm_le_beta_mul_tripleNorm,B_unique_nonreserved_sink,NumStability.frobNorm_le_beta_mul_tripleNorm | NumStability.H16_eq16_23_frobNorm_le_beta_mul_tripleNorm
045daf28056a6e4358d5de7c22c7a9d7acc2e80e,764,234e063fa2d10ccd8b533184da872abf7694bee76cc48cfd5338654bcdc7e2ba,258578138,26447,2,2,2,0,0,1,0,1,1,0,true,false,1,unique_nonreserved_sink,NumStability.lyapunov_practical_error_bound_of_sepLowerBound_computed_residual_budget_mono_scalar,B_unique_nonreserved_sink,NumStability.lyapunov_practical_error_bound_of_sepLowerBound_computed_residual_budget_mono_scalar | NumStability.H16_eq16_29_lyapunov_practical_error_bound_of_sepLowerBound_computed_residual_budget_mono_scalar
045daf28056a6e4358d5de7c22c7a9d7acc2e80e,802,2403e281cb20323af63384a20423761cd5f371a79b63c582defaa43a7705fb3c,2706460585,3376,2,2,2,0,0,0,0,1,2,0,true,false,1,unique_nonreserved_sink,NumStability.frobNorm_residualRankOnePerturbation,B_unique_nonreserved_sink,NumStability.frobNorm_residualRankOnePerturbation | NumStability.higham13_problem13_6_residualRankOnePerturbation_frobNorm
045daf28056a6e4358d5de7c22c7a9d7acc2e80e,247,24193f93ca92806130c5bc68fe5a075b94acb16a4d08b33e347d2939c6d462fb,1394527988,31488,2,1,2,0,0,1,0,1,1,0,true,false,1,unique_nonreserved_sink,NumStability.SepLowerBound_lyapunovSpectralDiagonal_of_entrywise_abs_ge,B_unique_nonreserved_sink,NumStability.H16_eq16_26_SepLowerBound_lyapunovSpectralDiagonal_of_entrywise_abs_ge | NumStability.SepLowerBound_lyapunovSpectralDiagonal_of_entrywise_abs_ge
045daf28056a6e4358d5de7c22c7a9d7acc2e80e,229,24662976471bfecfdf15dc7e5efb55fb64831cf239d8ef327329dd0c3c4ed761,1367621564,26470,2,2,2,0,0,1,0,1,1,0,true,false,1,unique_nonreserved_sink,NumStability.sylvester_practical_error_bound_of_vecCoeff_left_inverse_finiteOpNorm2Le_computed_residual_certificate_mono_scalar,B_unique_nonreserved_sink,NumStability.sylvester_practical_error_bound_of_vecCoeff_left_inverse_finiteOpNorm2Le_computed_residual_certificate_mono_scalar | NumStability.H16_eq16_29_sylvester_practical_error_bound_of_vecCoeff_left_inverse_finiteOpNorm2Le_computed_residual_certificate_mono_scalar
045daf28056a6e4358d5de7c22c7a9d7acc2e80e,1456,24849a420a7821601a73b8c571fa6204e489141cd0cde00007cff695646e30f1,4294809667,15414,2,1,2,0,0,1,0,0,2,0,true,false,1,unique_nonreserved_sink,NumStability.higham9_14_matrix_source_h_bound_of_DoolittleDenseLoopAbsBudgetCertificate_fl_triangular_solves_gamma,B_unique_nonreserved_sink,NumStability.higham9_14_matrix_source_h_bound_of_DoolittleDenseLoopAbsBudgetCertificate_fl_triangular_solves_absLU_le_absA_gamma | NumStability.higham9_14_matrix_source_h_bound_of_DoolittleDenseLoopAbsBudgetCertificate_fl_triangular_solves_gamma
045daf28056a6e4358d5de7c22c7a9d7acc2e80e,153,24c80a405aa63dba6f4b056e5e45a40a8d4a739be51019072b936e3a519664c2,1183711877,16750,2,1,2,0,0,1,0,0,1,0,true,false,1,unique_nonreserved_sink,NumStability.higham9_15_normwise_source_bound_of_factorization_init_min_factor_bound_opNorm_product_lt_one_residual_of_factor_triangularity,B_unique_nonreserved_sink,NumStability.higham9_15_normwise_source_bound_of_factorization_G_init_min_factor_bound_opNorm_product_lt_one_residual_of_factor_triangularity | NumStability.higham9_15_normwise_source_bound_of_factorization_init_min_factor_bound_opNorm_product_lt_one_residual_of_factor_triangularity
045daf28056a6e4358d5de7c22c7a9d7acc2e80e,758,2501c745651ab32dccf327e62bcdfa05ee48b5af4f77d29b339449d18992f2c7,2573625868,26967,2,2,2,0,0,1,0,1,1,0,true,false,1,unique_nonreserved_sink,NumStability.Wave15.sylvesterQuasiSchurBackSubCoeff_below_subdiag_zero,B_unique_nonreserved_sink,NumStability.Wave15.sylvesterQuasiSchurBackSubCoeff_below_subdiag_zero | NumStability.Wave15.H16_eq16_6_quasi_sylvesterQuasiSchurBackSubCoeff_below_subdiag_zero
045daf28056a6e4358d5de7c22c7a9d7acc2e80e,230,2514a3c7c967808db0f0541dbb1b533f193de320e77d6150e1e8fcc60ab18447,136792529,18609,2,1,2,0,0,0,0,0,2,0,true,false,1,unique_nonreserved_sink,NumStability.higham11_4_bunch_kaufman_solve_backward_error_of_path_branchwise_source_six_growth_caps_maxEntryNorm_A,B_unique_nonreserved_sink,NumStability.higham11_4_bunch_kaufman_solve_backward_error_interface_of_path_branchwise_source_six_growth_caps_maxEntryNorm_A | NumStability.higham11_4_bunch_kaufman_solve_backward_error_of_path_branchwise_source_six_growth_caps_maxEntryNorm_A
045daf28056a6e4358d5de7c22c7a9d7acc2e80e,1461,2532d134a3c4381426bdfbe1c8a6c757a19cdd97233ac3a68e6df74f05aba731,434726837,24832,2,1,2,0,0,1,0,0,1,0,true,false,1,unique_nonreserved_sink,NumStability.sylvester_quasiSchur_blockTraversal_columns_eq_of_solution_product_shift_det_frontier_step_oracle,B_unique_nonreserved_sink,NumStability.H16_eq16_4_8_sylvester_quasiSchur_blockTraversal_columns_eq_of_solution_product_shift_det_frontier_step_oracle | NumStability.sylvester_quasiSchur_blockTraversal_columns_eq_of_solution_product_shift_det_frontier_step_oracle
045daf28056a6e4358d5de7c22c7a9d7acc2e80e,662,25456ae443e6362e626dc47221e6b0658b320c0d1e619999ed85f7069b6f1c56,2358811891,14896,2,1,2,0,0,1,0,0,2,0,true,false,1,unique_nonreserved_sink,NumStability.higham9_11_matrix_pentadiagonal_bohte_solve_tight,B_unique_nonreserved_sink,NumStability.higham9_11_matrix_bandwidth_two_bohte_solve_tight | NumStability.higham9_11_matrix_pentadiagonal_bohte_solve_tight
045daf28056a6e4358d5de7c22c7a9d7acc2e80e,585,259e416abaac3f6d571b598a2ce06b656938c6b2eaa7a4da56e78fd8bb2eddd0,2220615708,26503,2,2,2,0,0,1,0,1,1,0,true,false,1,unique_nonreserved_sink,NumStability.sylvester_practical_error_bound_of_operator_sigmaMin_computed_residual_budget_mono_scalar,B_unique_nonreserved_sink,NumStability.sylvester_practical_error_bound_of_operator_sigmaMin_computed_residual_budget_mono_scalar | NumStability.H16_eq16_29_sylvester_practical_error_bound_of_operator_sigmaMin_computed_residual_budget_mono_scalar
045daf28056a6e4358d5de7c22c7a9d7acc2e80e,1401,25a8b637bc0391ddc8cde08ea6d28d7a8d1c4fbb483202d4191f452f2226b83e,4164151253,41438,2,1,2,0,0,1,0,0,2,0,true,false,1,unique_nonreserved_sink,NumStability.Higham11BunchSharpBlockCertificate.higham11_1_bunchSharpGrowth_ratio_bound,B_unique_nonreserved_sink,NumStability.Higham11BunchSharpBlockCertificate.higham11_1_bunchSharpGrowth_ratio_bound | NumStability.higham11_1_bunchSharpGrowth_ratio_bound
045daf28056a6e4358d5de7c22c7a9d7acc2e80e,708,25dcd7b1340ce9bf8fb2f0a0d1945fe36b4da5e0226e7bed0f16cd3ab9a6de2b,2457271652,26283,2,2,2,0,0,1,0,1,1,0,true,false,1,unique_nonreserved_sink,NumStability.sylvesterVecCoeff_mulVec_eq_zero_iff_of_pos_le_sylvesterSepInf,B_unique_nonreserved_sink,NumStability.sylvesterVecCoeff_mulVec_eq_zero_iff_of_pos_le_sylvesterSepInf | NumStability.H16_eq16_26_sylvesterVecCoeff_mulVec_eq_zero_iff_of_pos_le_sylvesterSepInf
045daf28056a6e4358d5de7c22c7a9d7acc2e80e,1282,26d4bc27d0c80eda13da9e5a4039cfbd320e8d1fd4d3ac7612580c7fd808af46,3816660543,26539,2,2,2,0,0,1,0,1,1,0,true,false,1,unique_nonreserved_sink,NumStability.lyapunov_practical_error_bound_of_operator_sigmaMin_computed_residual_budget_mono_scalar,B_unique_nonreserved_sink,NumStability.lyapunov_practical_error_bound_of_operator_sigmaMin_computed_residual_budget_mono_scalar | NumStability.H16_eq16_29_lyapunov_practical_error_bound_of_operator_sigmaMin_computed_residual_budget_mono_scalar
045daf28056a6e4358d5de7c22c7a9d7acc2e80e,96,26de1739d46a8beda3726f6814fe90f14bcec079ba1a6863801c9c443ea2cce6,1066423412,24692,2,1,2,0,0,1,0,0,1,0,true,false,1,unique_nonreserved_sink,NumStability.sylvester_practical_error_bound_of_pos_le_sylvesterSepInf_computed_residual_budget_scalar,B_unique_nonreserved_sink,NumStability.H16_eq16_29_sylvester_practical_error_bound_of_pos_le_sylvesterSepInf_computed_residual_budget_scalar | NumStability.sylvester_practical_error_bound_of_pos_le_sylvesterSepInf_computed_residual_budget_scalar
045daf28056a6e4358d5de7c22c7a9d7acc2e80e,891,275b0d649eea0396056905e487ac3c08a7d6c590be3b79f6e90279809f96967a,291387874,26518,2,2,2,0,0,1,0,1,1,0,true,false,1,unique_nonreserved_sink,NumStability.sylvester_practical_error_bound_of_vecCoeff_sigmaMin_computed_residual_certificate_mono_scalar,B_unique_nonreserved_sink,NumStability.sylvester_practical_error_bound_of_vecCoeff_sigmaMin_computed_residual_certificate_mono_scalar | NumStability.H16_eq16_29_sylvester_practical_error_bound_of_vecCoeff_sigmaMin_computed_residual_certificate_mono_scalar
045daf28056a6e4358d5de7c22c7a9d7acc2e80e,125,27e79e13913b16720e979451f8237d184964f0786cf8f1a95b3377f0ff58891b,1116481065,3379,2,2,2,0,0,0,0,1,2,0,true,false,1,unique_nonreserved_sink,NumStability.opNorm2Le_residualRankOnePerturbation,B_unique_nonreserved_sink,NumStability.opNorm2Le_residualRankOnePerturbation | NumStability.higham13_problem13_6_residualRankOnePerturbation_opNorm2Le
045daf28056a6e4358d5de7c22c7a9d7acc2e80e,224,28ab2a1866fc8a8a870da1cd75897be389e23e8f4660ce5f190160919b95d5d1,1359617152,31544,2,1,2,0,0,1,0,0,1,0,true,false,1,unique_nonreserved_sink,NumStability.existsUnique_isSylvesterSolutionRect_of_realQuasiSchur_schedule_operator_sigmaMin_generated_step_formula_witness,B_unique_nonreserved_sink,NumStability.H16_eq16_4_8_existsUnique_isSylvesterSolutionRect_of_realQuasiSchur_schedule_operator_sigmaMin | NumStability.existsUnique_isSylvesterSolutionRect_of_realQuasiSchur_schedule_operator_sigmaMin_generated_step_formula_witness
045daf28056a6e4358d5de7c22c7a9d7acc2e80e,769,28adff8e8bc87946e60bf10f07e46ee4001a1f9408976f21bd356f27ef1e34fe,2602631778,26269,2,2,2,0,0,1,0,1,1,0,true,false,1,unique_nonreserved_sink,NumStability.sylvesterVecCoeff_nonsingInv_mulVec_mulVec_of_pos_le_sylvesterSepInf,B_unique_nonreserved_sink,NumStability.sylvesterVecCoeff_nonsingInv_mulVec_mulVec_of_pos_le_sylvesterSepInf | NumStability.H16_eq16_2_26_sylvesterVecCoeff_nonsingInv_mulVec_mulVec_of_pos_le_sylvesterSepInf
045daf28056a6e4358d5de7c22c7a9d7acc2e80e,1486,28b5aed8035dc792d82c3fbc57e8425e5db2aba4aab75eb49b1c134706a846f7,480289247,24806,2,1,2,0,0,1,0,0,2,0,true,false,1,unique_nonreserved_sink,NumStability.sylvesterVecCoeff_complexified_shifted_det_eq_zero_iff_exists_complex_eigenvalue_difference,B_unique_nonreserved_sink,NumStability.H16_eq16_3_sylvesterVecCoeff_complexified_shifted_det_eq_zero_iff_exists_complex_eigenvalue_difference | NumStability.sylvesterVecCoeff_complexified_shifted_det_eq_zero_iff_exists_complex_eigenvalue_difference
045daf28056a6e4358d5de7c22c7a9d7acc2e80e,1386,2909c073791d0989993994b54664f0e1db7cecb9ee3d13dc3880bc2e55e9ba92,4123369105,26532,2,2,2,0,0,1,0,1,1,0,true,false,1,unique_nonreserved_sink,NumStability.lyapunov_practical_error_bound_of_operator_sigmaMin_computed_residual_error_model_scalar,B_unique_nonreserved_sink,NumStability.lyapunov_practical_error_bound_of_operator_sigmaMin_computed_residual_error_model_scalar | NumStability.H16_eq16_29_lyapunov_practical_error_bound_of_operator_sigmaMin_computed_residual_error_model_scalar
045daf28056a6e4358d5de7c22c7a9d7acc2e80e,1448,2969a2830e70a37f9d91065d307563268e9bea0f411e8c72b78d67c0f0b8fa3c,4265116221,14868,2,1,2,0,0,1,0,0,2,0,true,false,1,unique_nonreserved_sink,NumStability.higham9_11_matrix_pentadiagonal_bohte_solve_tight_of_isBanded,B_unique_nonreserved_sink,NumStability.higham9_11_matrix_bandwidth_two_bohte_solve_tight_of_isBanded | NumStability.higham9_11_matrix_pentadiagonal_bohte_solve_tight_of_isBanded
045daf28056a6e4358d5de7c22c7a9d7acc2e80e,983,296b7f91b6c710ccf064dfdb312bcd13b3509ca82db8c600e68e3b9b92974e7e,3122064979,15818,2,1,2,0,0,1,0,0,1,0,true,false,1,unique_nonreserved_sink,NumStability.higham9_15_normwise_source_bound_of_factorization_left_zero_opNorm_product_lt_of_factor_triangularity,B_unique_nonreserved_sink,NumStability.higham9_15_normwise_source_bound_of_factorization_G_left_zero_opNorm_product_lt_of_factor_triangularity | NumStability.higham9_15_normwise_source_bound_of_factorization_left_zero_opNorm_product_lt_of_factor_triangularity
045daf28056a6e4358d5de7c22c7a9d7acc2e80e,896,298e42d926b533c52cdfc106ffddbc22903f129931d401466ac2dd0f924656b0,2930534773,31777,2,1,2,0,0,1,0,0,1,0,true,false,1,unique_nonreserved_sink,NumStability.Wave15.sylvesterVecCoeff_quasiTriangular_blockBackSub_backward_error,B_unique_nonreserved_sink,NumStability.Wave15.H16_eq16_7_quasi_sylvesterVecCoeff_blockBackSub_backward_error | NumStability.Wave15.sylvesterVecCoeff_quasiTriangular_blockBackSub_backward_error
045daf28056a6e4358d5de7c22c7a9d7acc2e80e,1004,29a304cd04c23ddfdf839a7a7998095df4b88dfb24ee4073062bb3dbc95fc4d5,3183361574,31815,2,1,2,0,0,1,0,0,2,0,true,false,1,unique_nonreserved_sink,NumStability.sylvester_practical_error_bound_fl_of_schurTriangular,B_unique_nonreserved_sink,NumStability.H16_eq16_29_sylvester_practical_error_bound_fl_of_schurTriangular | NumStability.sylvester_practical_error_bound_fl_of_schurTriangular
045daf28056a6e4358d5de7c22c7a9d7acc2e80e,833,29d6d2c817d9c00301c46432edf451b9d665f08ab766babdb6e29d2c51f71e9a,2769570282,26476,2,2,2,0,0,1,0,1,1,0,true,false,1,unique_nonreserved_sink,NumStability.lyapunov_practical_error_bound_of_vecCoeff_det_ne_zero_computed_residual_budget_mono,B_unique_nonreserved_sink,NumStability.lyapunov_practical_error_bound_of_vecCoeff_det_ne_zero_computed_residual_budget_mono | NumStability.H16_eq16_29_lyapunov_practical_error_bound_of_vecCoeff_det_ne_zero_computed_residual_budget_mono
045daf28056a6e4358d5de7c22c7a9d7acc2e80e,1123,29e0677bf4a1d590cdc4524dd1997d1b7e2f72ac99c081e8a2d183e3aedd7e02,3463962837,26361,2,2,2,0,0,1,0,1,1,0,true,false,1,unique_nonreserved_sink,NumStability.sylvesterVecCoeff_mulVec_eq_zero_iff_of_sepLowerBound,B_unique_nonreserved_sink,NumStability.sylvesterVecCoeff_mulVec_eq_zero_iff_of_sepLowerBound | NumStability.H16_eq16_26_sylvesterVecCoeff_mulVec_eq_zero_iff_of_sepLowerBound
045daf28056a6e4358d5de7c22c7a9d7acc2e80e,363,2a008d2af68e7731fdf47db462f7feb7efd8b0362b56da5330e6da2a512ef109,1681871699,24523,2,2,2,0,0,1,0,1,1,0,true,false,1,unique_nonreserved_sink,NumStability.svdOptimalPerturbations_scalar_eq,B_unique_nonreserved_sink,NumStability.svdOptimalPerturbations_scalar_eq | NumStability.H16_eq16_15_svdOptimalPerturbations_scalar_eq
045daf28056a6e4358d5de7c22c7a9d7acc2e80e,1317,2a205e22ffee019dc41b65b5f335823d982e974bf2c14ba0d678b62f876607f8,3916998554,18708,2,1,2,0,0,1,0,0,2,0,true,false,1,unique_nonreserved_sink,NumStability.higham11_4_bunch_kaufman_stability_of_first_stage_recursive_higham_const_split_regional_D_exact_budgets,B_unique_nonreserved_sink,NumStability.higham11_4_bunch_kaufman_stability_interface_of_first_stage_recursive_higham_const_split_regional_D_exact_budgets | NumStability.higham11_4_bunch_kaufman_stability_of_first_stage_recursive_higham_const_split_regional_D_exact_budgets
045daf28056a6e4358d5de7c22c7a9d7acc2e80e,346,2aa823f4e799da467248bd9b41e5a819dfb3918af83a581f4af852ab5b89ef07,1651000463,26296,2,2,2,0,0,1,0,1,1,0,true,false,1,unique_nonreserved_sink,NumStability.sylvesterVecCoeff_lyapunovSpecial_mulVec_bijective_of_sepLowerBound,B_unique_nonreserved_sink,NumStability.sylvesterVecCoeff_lyapunovSpecial_mulVec_bijective_of_sepLowerBound | NumStability.H16_eq16_2_27_sylvesterVecCoeff_lyapunovSpecial_mulVec_bijective_of_sepLowerBound
045daf28056a6e4358d5de7c22c7a9d7acc2e80e,1245,2aaafbc7a1f417e7cfca4c5817e7efa3d469c8ec5431380b67e3fe5a52a7ff89,3734591646,24713,2,1,2,0,0,1,0,1,1,0,true,false,1,unique_nonreserved_sink,NumStability.sylvester_practical_error_bound_of_schurDiagonal_computed_residual_certificate,B_unique_nonreserved_sink,NumStability.H16_eq16_29_sylvester_practical_error_bound_of_schurDiagonal_computed_residual_certificate | NumStability.sylvester_practical_error_bound_of_schurDiagonal_computed_residual_certificate
045daf28056a6e4358d5de7c22c7a9d7acc2e80e,1047,2adfdd0fafca07149bebf228a8e6953b706702bdc267f757c4fbcd72f4ee81db,3304303916,24690,2,1,2,0,0,1,0,0,1,0,true,false,1,unique_nonreserved_sink,NumStability.sylvester_practical_error_bound_of_schur_transform_residual_bound_mono,B_unique_nonreserved_sink,NumStability.H16_eq16_29_sylvester_practical_error_bound_of_schur_transform_residual_bound_mono | NumStability.sylvester_practical_error_bound_of_schur_transform_residual_bound_mono
045daf28056a6e4358d5de7c22c7a9d7acc2e80e,1192,2b07f39c08e1e6f3aa42839c0627be135f3c18ce01b7ee14492011edab5546cc,3601802676,24627,2,2,2,0,0,1,0,1,1,0,true,false,1,unique_nonreserved_sink,NumStability.sylvesterPsi_of_inverseOpBound_isPsiFirstOrderBound,B_unique_nonreserved_sink,NumStability.sylvesterPsi_of_inverseOpBound_isPsiFirstOrderBound | NumStability.H16_eq16_24_sylvesterPsi_of_inverseOpBound_isPsiFirstOrderBound
045daf28056a6e4358d5de7c22c7a9d7acc2e80e,1364,2b23187759eb047d1b99a6bf4889c7d0e14ce24964247e20535ff25e05ea2dd7,4064821876,24429,2,2,2,0,0,1,0,1,1,0,true,false,1,unique_nonreserved_sink,NumStability.sylvesterSepInf_diagonal_eq_zero_of_common_entry,B_unique_nonreserved_sink,NumStability.sylvesterSepInf_diagonal_eq_zero_of_common_entry | NumStability.H16_eq16_26_sylvesterSepInf_diagonal_eq_zero_of_common_entry
045daf28056a6e4358d5de7c22c7a9d7acc2e80e,152,2b3234fa3df873dde6c5d72d0b91072c0345f51d07e1d0d7305787e8b6e345b5,1181662114,18844,2,1,2,0,0,1,0,0,2,0,true,false,1,unique_nonreserved_sink,NumStability.higham11_4_bunch_kaufman_solve_backward_error_of_first_stage_recursive_split_six_row_sum_normalized_prefix_growth_D_maxEntryNorm_bound_unit_initial,B_unique_nonreserved_sink,NumStability.higham11_4_bunch_kaufman_solve_backward_error_interface_of_first_stage_recursive_split_six_row_sum_normalized_prefix_growth_D_maxEntryNorm_bound_unit_initial | NumStability.higham11_4_bunch_kaufman_solve_backward_error_of_first_stage_recursive_split_six_row_sum_normalized_prefix_growth_D_maxEntryNorm_bound_unit_initial
045daf28056a6e4358d5de7c22c7a9d7acc2e80e,1515,2b34838980ce58f7aa6d496e6a25a1d321664c5c14755cf03b60fae65255ab42,546195162,24250,2,2,2,0,0,1,0,1,2,0,true,false,1,unique_nonreserved_sink,NumStability.sylvester_practical_error_bound_of_realQuasiSchur_strictBlockMap_computed_residual_budget_scalar,B_unique_nonreserved_sink,NumStability.sylvester_practical_error_bound_of_realQuasiSchur_strictBlockMap_computed_residual_budget_scalar | NumStability.H16_eq16_29_realQuasiSchur_strictBlockMap_computed_residual_budget_scalar
045daf28056a6e4358d5de7c22c7a9d7acc2e80e,451,2b40a0141231d10f822be3ade8ac8b5983b06e828daef1a48540074feb592234,1892601076,24497,2,2,2,0,0,1,0,1,1,0,true,false,1,unique_nonreserved_sink,NumStability.sylvester_perturbation_equation_vec,B_unique_nonreserved_sink,NumStability.sylvester_perturbation_equation_vec | NumStability.H16_eq16_22_sylvester_perturbation_equation_vec
045daf28056a6e4358d5de7c22c7a9d7acc2e80e,1195,2b6aa758c536a2ccd0efe7de851c8ca8bda52d45cf5594db5efae9ab600cafbd,3608378788,16595,2,1,2,0,0,1,0,0,1,0,true,false,1,unique_nonreserved_sink,NumStability.higham9_15_normwise_source_bound_of_factorization_init_residual_zero_opNorm_of_matrix_inverse_identities_product_lt,B_unique_nonreserved_sink,NumStability.higham9_15_normwise_source_bound_of_factorization_G_init_residual_zero_opNorm_of_matrix_inverse_identities_product_lt | NumStability.higham9_15_normwise_source_bound_of_factorization_init_residual_zero_opNorm_of_matrix_inverse_identities_product_lt
045daf28056a6e4358d5de7c22c7a9d7acc2e80e,1591,2b6cd17026bcb7979d6495fbf82cf74beb615f461af3e6c0ae4ff0bdc67a69df,72553072,24534,2,2,2,0,0,1,0,1,1,0,true,false,1,unique_nonreserved_sink,NumStability.xiSq_nonneg,B_unique_nonreserved_sink,NumStability.xiSq_nonneg | NumStability.H16_eq16_16_xiSq_nonneg
045daf28056a6e4358d5de7c22c7a9d7acc2e80e,455,2c1ed8b48b99833d5eef6b524ace4a3fe70e77bc17d1d0494e44559b6db3d590,1909112373,23661,2,2,2,0,0,1,0,1,1,0,true,false,1,unique_nonreserved_sink,NumStability.existsUnique_sylvesterVecCoeff_diagonal_mulVec,B_unique_nonreserved_sink,NumStability.existsUnique_sylvesterVecCoeff_diagonal_mulVec | NumStability.H16_eq16_3_existsUnique_sylvesterVecCoeff_diagonal_mulVec
045daf28056a6e4358d5de7c22c7a9d7acc2e80e,1557,2c57511fe7f87d74b6016f8b3aa8bd40f4e5f58430baf2ee8007acc14836eab8,648497033,24698,2,1,2,0,0,1,0,0,1,0,true,false,1,unique_nonreserved_sink,NumStability.sylvester_practical_abs_error_bound_of_sepLowerBound_computed_residual_certificate_scalar,B_unique_nonreserved_sink,NumStability.H16_eq16_29_sylvester_practical_abs_error_bound_of_sepLowerBound_computed_residual_certificate_scalar | NumStability.sylvester_practical_abs_error_bound_of_sepLowerBound_computed_residual_certificate_scalar
045daf28056a6e4358d5de7c22c7a9d7acc2e80e,688,2c646747fef3b8f3aa7b74cabffd0fa912e054816d51ad36e3b8c07e12c8b907,2416315773,31536,2,1,2,0,0,1,0,0,1,0,true,false,1,unique_nonreserved_sink,NumStability.lyapunov_aposteriori_bound_spectralDiagonal_of_vecCoeff_entrywise_abs_ge_total,B_unique_nonreserved_sink,NumStability.H16_eq16_28_lyapunov_aposteriori_bound_spectralDiagonal_of_vecCoeff_entrywise_abs_ge_total | NumStability.lyapunov_aposteriori_bound_spectralDiagonal_of_vecCoeff_entrywise_abs_ge_total
045daf28056a6e4358d5de7c22c7a9d7acc2e80e,1691,2cbb81c06bf0efadeba51d04faedde4745ae5a8387e7ed92999bd1b76ab4a8e8,961096682,18865,2,1,2,0,0,1,0,0,2,0,true,false,1,unique_nonreserved_sink,NumStability.higham11_4_bunch_kaufman_solve_backward_error_of_first_stage_recursive_split_six_row_sum_normalized_prefix_growth_D_maxEntryNorm_bound,B_unique_nonreserved_sink,NumStability.higham11_4_bunch_kaufman_solve_backward_error_interface_of_first_stage_recursive_split_six_row_sum_normalized_prefix_growth_D_maxEntryNorm_bound | NumStability.higham11_4_bunch_kaufman_solve_backward_error_of_first_stage_recursive_split_six_row_sum_normalized_prefix_growth_D_maxEntryNorm_bound
045daf28056a6e4358d5de7c22c7a9d7acc2e80e,1424,2e10d40cd19d0a153ec65e1abc9178d8e28b9556d1137e8eaa4bad0085b4b6e6,4206068769,18665,2,1,2,0,0,1,0,0,2,0,true,false,1,unique_nonreserved_sink,NumStability.higham11_4_bunch_kaufman_stability_of_first_stage_recursive_split_six_row_sum_normalized_prefix_regional_D_bound,B_unique_nonreserved_sink,NumStability.higham11_4_bunch_kaufman_stability_interface_of_first_stage_recursive_split_six_row_sum_normalized_prefix_regional_D_bound | NumStability.higham11_4_bunch_kaufman_stability_of_first_stage_recursive_split_six_row_sum_normalized_prefix_regional_D_bound
045daf28056a6e4358d5de7c22c7a9d7acc2e80e,142,2e357f903703f6e648a73c13429c3d40ba6e32a71a46c0855b8a0343dd564ea6,1156830994,15100,2,1,2,0,0,1,0,0,2,0,true,false,1,unique_nonreserved_sink,NumStability.higham9_14_matrix_source_h_bound_of_LUBackwardError_fl_triangular_solves_gamma_le,B_unique_nonreserved_sink,NumStability.higham9_14_matrix_source_h_bound_of_LUBackwardError_fl_triangular_solves_absLU_le_absA_gamma_le | NumStability.higham9_14_matrix_source_h_bound_of_LUBackwardError_fl_triangular_solves_gamma_le
045daf28056a6e4358d5de7c22c7a9d7acc2e80e,1258,2ec2958f123328ff1416b31ddcaeead0241526424025d992e0e56d2ae51aaaae,3769178085,31530,2,1,2,0,0,1,0,0,1,0,true,false,1,unique_nonreserved_sink,NumStability.sylvester_realQuasiSchur_factors_twoBlockSpectral_block_and_det_ne_zero_of_vecCoeff_gram_eigenvalues,B_unique_nonreserved_sink,NumStability.H16_eq16_4_8_sylvester_realQuasiSchur_factors_twoBlockSpectral_block_and_det_ne_zero_of_vecCoeff_gram_eigenvalues | NumStability.sylvester_realQuasiSchur_factors_twoBlockSpectral_block_and_det_ne_zero_of_vecCoeff_gram_eigenvalues
045daf28056a6e4358d5de7c22c7a9d7acc2e80e,1376,2ec4aa40efc28573f599c6970da158515ff9b753961374419578b5cf05a13181,4102213540,16395,2,1,2,0,0,1,0,0,1,0,true,false,1,unique_nonreserved_sink,NumStability.higham9_15_normwise_source_bound_of_factorization_min_factor_bound_opNorm_of_factor_triangularity,B_unique_nonreserved_sink,NumStability.higham9_15_normwise_source_bound_of_factorization_G_min_factor_bound_opNorm_of_factor_triangularity | NumStability.higham9_15_normwise_source_bound_of_factorization_min_factor_bound_opNorm_of_factor_triangularity
045daf28056a6e4358d5de7c22c7a9d7acc2e80e,714,2f0efe1830033ea0202ddd3e2a7f1472dd545780d998cecf14eaae50e3fe14a4,2467585115,15838,2,1,2,0,0,1,0,0,1,0,true,false,1,unique_nonreserved_sink,NumStability.higham9_15_normwise_source_bound_of_factorization_min_factor_bound_opNorm_exact_opNorm2,B_unique_nonreserved_sink,NumStability.higham9_15_normwise_source_bound_of_factorization_G_min_factor_bound_opNorm_exact_opNorm2 | NumStability.higham9_15_normwise_source_bound_of_factorization_min_factor_bound_opNorm_exact_opNorm2
045daf28056a6e4358d5de7c22c7a9d7acc2e80e,223,2f1f8afa8396247ff4c108fe1319574dba521235b63c0d190dc445bc49948be8,1359439335,3731,2,2,2,0,0,1,0,1,1,0,true,false,1,unique_nonreserved_sink,NumStability.WinogradStrassenRecurrence.step,B_unique_nonreserved_sink,NumStability.WinogradStrassenRecurrence.step | NumStability.higham23_winogradStrassen_error_step
045daf28056a6e4358d5de7c22c7a9d7acc2e80e,740,2f40ad72033ccbf617ff96e22ecc7fd29c6bee8c29f29f2ee26b5d38c60dd8e5,2519561722,19132,2,1,2,0,0,1,0,0,2,0,true,false,1,unique_nonreserved_sink,NumStability.higham11_4_bunch_kaufman_stability_of_path_offbranch_D_entries_zero_local_D_two_nonzero_L_rows_maxEntryNorm_A,B_unique_nonreserved_sink,NumStability.higham11_4_bunch_kaufman_stability_interface_of_path_offbranch_D_entries_zero_local_D_two_nonzero_L_rows_maxEntryNorm_A | NumStability.higham11_4_bunch_kaufman_stability_of_path_offbranch_D_entries_zero_local_D_two_nonzero_L_rows_maxEntryNorm_A
045daf28056a6e4358d5de7c22c7a9d7acc2e80e,165,2f5e894e15dc28b34183d87976d7b6c1a28f602f3a9ba221c06e332808675a41,1201984224,24731,2,1,2,0,0,1,0,0,1,0,true,false,1,unique_nonreserved_sink,NumStability.sylvester_practical_error_bound_of_schurDiagonal_computed_residual_error_model_mono_scalar,B_unique_nonreserved_sink,NumStability.H16_eq16_29_sylvester_practical_error_bound_of_schurDiagonal_computed_residual_error_model_mono_scalar | NumStability.sylvester_practical_error_bound_of_schurDiagonal_computed_residual_error_model_mono_scalar
045daf28056a6e4358d5de7c22c7a9d7acc2e80e,143,2f7718c85920b6b8cdf5dd81a9b5af72e7003001a04e5de386ccd64fad47dd3d,1159429991,24933,2,1,2,0,0,1,0,0,1,0,true,false,1,unique_nonreserved_sink,NumStability.no_common_real_eigenpair_of_schurTriangular,B_unique_nonreserved_sink,NumStability.H16_eq16_3_no_common_real_eigenpair_of_schurTriangular | NumStability.no_common_real_eigenpair_of_schurTriangular
045daf28056a6e4358d5de7c22c7a9d7acc2e80e,177,2f976b1d181d3c6682b0c9cf66eb9aaf1db22ec111d9fa4039afe68f7660722c,1240884133,13597,2,2,2,0,0,0,0,2,2,0,true,false,1,unique_nonreserved_sink,NumStability.tridiag_diagDom_fu_bound_tight,B_unique_nonreserved_sink,NumStability.tridiag_diagDom_fu_bound_tight | NumStability.higham9_14_tridiag_diagDom_fu_bound_tight
045daf28056a6e4358d5de7c22c7a9d7acc2e80e,1063,2fb852d450510d7db22510843b248b5db492cc8f32409a9f68a65af859828a8d,3346897760,26538,2,2,2,0,0,1,0,1,1,0,true,false,1,unique_nonreserved_sink,NumStability.lyapunov_practical_error_bound_of_pos_le_sylvesterSepInf_computed_residual_error_model,B_unique_nonreserved_sink,NumStability.lyapunov_practical_error_bound_of_pos_le_sylvesterSepInf_computed_residual_error_model | NumStability.H16_eq16_29_lyapunov_practical_error_bound_of_pos_le_sylvesterSepInf_computed_residual_error_model
045daf28056a6e4358d5de7c22c7a9d7acc2e80e,936,3000ca15b9a113d4f1c7737ea0f9f40ed940a8dece72e9a8c221b27547a854d2,3015966972,15236,2,1,2,0,0,1,0,0,2,0,true,false,1,unique_nonreserved_sink,NumStability.higham9_14_source_h_bound_of_DoolittleDenseLoopCertificate_fl_triangular_solves_gamma_le,B_unique_nonreserved_sink,NumStability.higham9_14_source_h_bound_of_DoolittleDenseLoopCertificate_fl_triangular_solves_absLU_le_absA_gamma_le | NumStability.higham9_14_source_h_bound_of_DoolittleDenseLoopCertificate_fl_triangular_solves_gamma_le
045daf28056a6e4358d5de7c22c7a9d7acc2e80e,336,3035fde899abb2bb186ccb87a3b3c1e5d326348911f6dc86753db3ae9f7d7f82,1634397649,13707,2,2,2,0,0,0,0,1,2,0,true,false,1,unique_nonreserved_sink,NumStability.tridiag_rowDom_growth_bound_3,B_unique_nonreserved_sink,NumStability.tridiag_rowDom_growth_bound_3 | NumStability.higham9_13_rowDiagDom_tridiag_growth_bound_3
045daf28056a6e4358d5de7c22c7a9d7acc2e80e,1682,3040656b96ae74a6331052d5e98b4af4e65ee6fef877cd1e3bfc6c18998a524a,932747314,24877,2,1,2,0,0,1,0,0,1,0,true,false,1,unique_nonreserved_sink,NumStability.existsUnique_isSylvesterSolutionRect_of_quasiSchur_realQuasiSchur_block_separation_generated_frontier_step_oracle,B_unique_nonreserved_sink,NumStability.H16_eq16_4_8_existsUnique_isSylvesterSolutionRect_of_quasiSchur_realQuasiSchur_block_separation_generated_frontier_step_oracle | NumStability.existsUnique_isSylvesterSolutionRect_of_quasiSchur_realQuasiSchur_block_separation_generated_frontier_step_oracle
045daf28056a6e4358d5de7c22c7a9d7acc2e80e,1091,304ab929ea2fd5d579de13857eedc9dfbc7042a15a25f565b0dee078a16a502c,3389099783,23656,2,2,2,0,0,1,0,1,1,0,true,false,1,unique_nonreserved_sink,NumStability.isSylvesterSolutionRect_sylvesterDiagonalSolution,B_unique_nonreserved_sink,NumStability.isSylvesterSolutionRect_sylvesterDiagonalSolution | NumStability.H16_eq16_3_isSylvesterSolutionRect_sylvesterDiagonalSolution
045daf28056a6e4358d5de7c22c7a9d7acc2e80e,220,3063b4a90461438116cd4ab97c9520c0f20c73c9398edcbfe868c34096e039ef,1355626633,26150,2,2,2,0,0,1,0,1,1,0,true,false,1,unique_nonreserved_sink,NumStability.sylvesterVecCoeff_det_ne_zero_of_vecCoeff_sigmaMin,B_unique_nonreserved_sink,NumStability.sylvesterVecCoeff_det_ne_zero_of_vecCoeff_sigmaMin | NumStability.H16_eq16_2_26_sylvesterVecCoeff_det_ne_zero_of_vecCoeff_sigmaMin
045daf28056a6e4358d5de7c22c7a9d7acc2e80e,475,30772dea270b45a38647800018b42986fa20722c252c1e139eea9e35e0a4d188,1958129201,31502,2,1,2,0,0,1,0,0,1,0,true,false,1,unique_nonreserved_sink,NumStability.sylvesterSepInf_schurDiagonal_ge_of_entrywise_abs_ge,B_unique_nonreserved_sink,NumStability.H16_eq16_26_sylvesterSepInf_schurDiagonal_ge_of_entrywise_abs_ge | NumStability.sylvesterSepInf_schurDiagonal_ge_of_entrywise_abs_ge
045daf28056a6e4358d5de7c22c7a9d7acc2e80e,1473,3080322d6316e77eb43d6e4c85cfc0ddd7b71416940a19c2f8c57253732e3c3d,451061393,24704,2,1,2,0,0,1,0,0,1,0,true,false,1,unique_nonreserved_sink,NumStability.sylvester_practical_error_bound_of_sepLowerBound_computed_residual_certificate_mono_scalar,B_unique_nonreserved_sink,NumStability.H16_eq16_29_sylvester_practical_error_bound_of_sepLowerBound_computed_residual_certificate_mono_scalar | NumStability.sylvester_practical_error_bound_of_sepLowerBound_computed_residual_certificate_mono_scalar
045daf28056a6e4358d5de7c22c7a9d7acc2e80e,874,30ae61f889cdea0a191a6ddaf66a53dc0e21392c8e4e57ae97c897749fa6d116,2866448754,16698,2,1,2,0,0,1,0,0,1,0,true,false,1,unique_nonreserved_sink,NumStability.higham9_15_normwise_source_bound_of_factorization_init_residual_zero_opNorm_product_lt_of_factor_triangularity,B_unique_nonreserved_sink,NumStability.higham9_15_normwise_source_bound_of_factorization_G_init_residual_zero_opNorm_product_lt_of_factor_triangularity | NumStability.higham9_15_normwise_source_bound_of_factorization_init_residual_zero_opNorm_product_lt_of_factor_triangularity
045daf28056a6e4358d5de7c22c7a9d7acc2e80e,1560,30ed4939331092caaa2fe93261aa4e500e096c47867c11263b93f71c6671c761,653877968,26488,2,2,2,0,0,1,0,1,1,0,true,false,1,unique_nonreserved_sink,NumStability.lyapunov_practical_error_bound_of_operator_sigmaMin_computed_residual_budget_scalar,B_unique_nonreserved_sink,NumStability.lyapunov_practical_error_bound_of_operator_sigmaMin_computed_residual_budget_scalar | NumStability.H16_eq16_29_lyapunov_practical_error_bound_of_operator_sigmaMin_computed_residual_budget_scalar
045daf28056a6e4358d5de7c22c7a9d7acc2e80e,149,30f353db041d7ce4081220b10c89d807d960d0efb33c210ed7c3fbf4ccddd037,1175592203,24721,2,1,2,0,0,1,0,0,1,0,true,false,1,unique_nonreserved_sink,NumStability.sylvester_practical_error_bound_of_pos_le_sylvesterSepInf_computed_residual_error_model_mono_scalar,B_unique_nonreserved_sink,NumStability.H16_eq16_29_sylvester_practical_error_bound_of_pos_le_sylvesterSepInf_computed_residual_error_model_mono_scalar | NumStability.sylvester_practical_error_bound_of_pos_le_sylvesterSepInf_computed_residual_error_model_mono_scalar
045daf28056a6e4358d5de7c22c7a9d7acc2e80e,1537,30ff59c84f57fe06c0df4e4f4fc21f855ad7e58a4a465eceb8a0f29dc65a5524,596225060,24022,2,2,2,0,0,1,0,1,1,0,true,false,1,unique_nonreserved_sink,NumStability.sylvesterTwoColumnBlockCoeff_block_and_det_ne_zero_of_realQuasiSchur_factors_twoBlockSpectral_global_vecCoeff_det_ne_zero,B_unique_nonreserved_sink,NumStability.sylvesterTwoColumnBlockCoeff_block_and_det_ne_zero_of_realQuasiSchur_factors_twoBlockSpectral_global_vecCoeff_det_ne_zero | NumStability.H16_eq16_4_8_sylvesterTwoColumnBlockCoeff_block_and_det_ne_zero_of_realQuasiSchur_factors_twoBlockSpectral_global_vecCoeff_det_ne_zero
045daf28056a6e4358d5de7c22c7a9d7acc2e80e,162,310caf6398d6efb2650184f9f9e790fe79b9eec9db025adf3a9652f07b654070,1198618328,18689,2,1,2,0,0,1,0,0,2,0,true,false,1,unique_nonreserved_sink,NumStability.higham11_4_bunch_kaufman_stability_of_first_stage_recursive_split_six_row_sum_normalized_prefix_growth_D_bound_unit_initial,B_unique_nonreserved_sink,NumStability.higham11_4_bunch_kaufman_stability_interface_of_first_stage_recursive_split_six_row_sum_normalized_prefix_growth_D_bound_unit_initial | NumStability.higham11_4_bunch_kaufman_stability_of_first_stage_recursive_split_six_row_sum_normalized_prefix_growth_D_bound_unit_initial
045daf28056a6e4358d5de7c22c7a9d7acc2e80e,1362,311ec5dc40c4685486fba58397ad090ae18894352df6a10c47efefa80e3a5058,4049359711,26443,2,2,2,0,0,1,0,1,1,0,true,false,1,unique_nonreserved_sink,NumStability.lyapunov_practical_error_bound_of_pos_le_sylvesterSepInf_computed_residual_error_model_mono,B_unique_nonreserved_sink,NumStability.lyapunov_practical_error_bound_of_pos_le_sylvesterSepInf_computed_residual_error_model_mono | NumStability.H16_eq16_29_lyapunov_practical_error_bound_of_pos_le_sylvesterSepInf_computed_residual_error_model_mono
045daf28056a6e4358d5de7c22c7a9d7acc2e80e,201,312c04426e21af21a8459b30c402cf950d2179d7ecec7238c5606e63c5971a45,12941306,18898,2,1,2,0,0,0,0,0,2,0,true,false,1,unique_nonreserved_sink,NumStability.higham11_4_bunch_kaufman_stability_of_path_branchwise_source_six_growth_caps_maxEntryNorm_A,B_unique_nonreserved_sink,NumStability.higham11_4_bunch_kaufman_stability_interface_of_path_branchwise_source_six_growth_caps_maxEntryNorm_A | NumStability.higham11_4_bunch_kaufman_stability_of_path_branchwise_source_six_growth_caps_maxEntryNorm_A
045daf28056a6e4358d5de7c22c7a9d7acc2e80e,1619,31dbeb93648222d8f16cc94ece0005e0ce4876b8c2829d740b8b77a24e9481c6,787702969,23708,2,2,2,0,0,1,0,1,1,0,true,false,1,unique_nonreserved_sink,NumStability.sylvester_practical_error_bound_of_vecCoeff_det_ne_zero_computed_residual_certificate_mono,B_unique_nonreserved_sink,NumStability.sylvester_practical_error_bound_of_vecCoeff_det_ne_zero_computed_residual_certificate_mono | NumStability.H16_eq16_29_sylvester_practical_error_bound_of_vecCoeff_det_ne_zero_computed_residual_certificate_mono
045daf28056a6e4358d5de7c22c7a9d7acc2e80e,1335,323848f6ddd36d778e54eead14dc395df67a866f79c98715412d4077f5a49873,3956665892,26213,2,2,2,0,0,1,0,1,1,0,true,false,1,unique_nonreserved_sink,NumStability.sylvesterVecCoeff_lyapunovSpecial_mulVec_bijective_of_pos_le_sylvesterSepInf,B_unique_nonreserved_sink,NumStability.sylvesterVecCoeff_lyapunovSpecial_mulVec_bijective_of_pos_le_sylvesterSepInf | NumStability.H16_eq16_2_27_sylvesterVecCoeff_lyapunovSpecial_mulVec_bijective_of_pos_le_sylvesterSepInf
045daf28056a6e4358d5de7c22c7a9d7acc2e80e,311,3243e948e7828522a9da0b1f0dc3460a31909ebfa7a966df1be53841cc06c7f4,1594582620,31687,2,1,2,0,0,1,0,0,1,0,true,false,1,unique_nonreserved_sink,NumStability.lyapunov_practical_error_bound_fl_of_sepLowerBound_mono,B_unique_nonreserved_sink,NumStability.H16_eq16_29_lyapunov_practical_error_bound_fl_of_sepLowerBound_mono | NumStability.lyapunov_practical_error_bound_fl_of_sepLowerBound_mono
045daf28056a6e4358d5de7c22c7a9d7acc2e80e,314,324e1094451cc57969afc2374b5192600d9fede36c642427595d16f885b2612e,1595525573,23636,2,2,2,0,0,1,0,1,1,0,true,false,1,unique_nonreserved_sink,NumStability.sylvesterVecCoeff_diagonal_det_eq_zero_of_common_entry,B_unique_nonreserved_sink,NumStability.sylvesterVecCoeff_diagonal_det_eq_zero_of_common_entry | NumStability.H16_eq16_3_sylvesterVecCoeff_diagonal_det_eq_zero_of_common_entry
045daf28056a6e4358d5de7c22c7a9d7acc2e80e,362,32758749ac4e58a8730a3d85366eef5a554970ebd31c26e68c158650edcf41d9,1681669584,7915,2,2,2,0,0,1,0,1,2,0,true,false,1,unique_nonreserved_sink,NumStability.mgsProblem1912_add_factor_gram_sum_not_dimension_free,B_unique_nonreserved_sink,NumStability.mgsProblem1912_add_factor_gram_sum_not_dimension_free | H19.Theorem19_13.problem1912_add_factor_gram_sum_not_dimension_free
045daf28056a6e4358d5de7c22c7a9d7acc2e80e,942,328ef87c7cfd5e530e9f0beb2fc3d663b504ae7526e0711d23fbc1226712e414,3025282533,26554,2,2,2,0,0,1,0,1,1,0,true,false,1,unique_nonreserved_sink,NumStability.exists_sylvesterSep_ratio_minimizer,B_unique_nonreserved_sink,NumStability.exists_sylvesterSep_ratio_minimizer | NumStability.H16_eq16_26_exists_sylvesterSep_ratio_minimizer
045daf28056a6e4358d5de7c22c7a9d7acc2e80e,498,32d6a70e0fa9682b44efb8421b8e902f2764494d4fb72ae5e35729763b1ba72f,2025599194,26417,2,2,2,0,0,1,0,1,1,0,true,false,1,unique_nonreserved_sink,NumStability.sylvester_practical_error_bound_of_vecCoeff_left_inverse_finiteOpNorm2Le_computed_residual_budget_scalar,B_unique_nonreserved_sink,NumStability.sylvester_practical_error_bound_of_vecCoeff_left_inverse_finiteOpNorm2Le_computed_residual_budget_scalar | NumStability.H16_eq16_29_sylvester_practical_error_bound_of_vecCoeff_left_inverse_finiteOpNorm2Le_computed_residual_budget_scalar
045daf28056a6e4358d5de7c22c7a9d7acc2e80e,407,32e7a8eb1733029dd01ad86a77c53a20a6c0ed2b0b9f5dd3dd1ee128b2eccd82,1784303150,24788,2,1,2,0,0,1,0,0,2,0,true,false,1,unique_nonreserved_sink,NumStability.sylvester_practical_error_bound_of_schurTriangular_computed_residual_error_model_mono_scalar,B_unique_nonreserved_sink,NumStability.H16_eq16_29_schurTriangular_computed_residual_error_model_mono_scalar | NumStability.sylvester_practical_error_bound_of_schurTriangular_computed_residual_error_model_mono_scalar
045daf28056a6e4358d5de7c22c7a9d7acc2e80e,702,330b87d39f5111e9587760c4763fd9040d6ad096431136c215c3712f52694fa6,2446293050,26195,2,2,2,0,0,1,0,1,1,0,true,false,1,unique_nonreserved_sink,NumStability.lyapunov_first_order_bound_of_vecCoeff_left_inverse_finiteOpNorm2Le,B_unique_nonreserved_sink,NumStability.lyapunov_first_order_bound_of_vecCoeff_left_inverse_finiteOpNorm2Le | NumStability.H16_eq16_27_lyapunov_first_order_bound_of_vecCoeff_left_inverse_finiteOpNorm2Le
045daf28056a6e4358d5de7c22c7a9d7acc2e80e,1678,330ceed376a0308ad580958da0d4b27d317a392ba48de845b8abf0ae362e8862,925641774,23742,2,2,2,0,0,1,0,1,2,0,true,false,1,unique_nonreserved_sink,NumStability.sylvester_practical_error_bound_of_computed_residual_budget_mono,B_unique_nonreserved_sink,NumStability.sylvester_practical_error_bound_of_computed_residual_budget_mono | NumStability.H16_eq16_29_sylvester_practical_error_bound_of_computed_residual_budget_mono
045daf28056a6e4358d5de7c22c7a9d7acc2e80e,1230,33830fce8317859d331916a79976b9e84e674ec10fd11be846fd877cb23251c3,3702762136,24735,2,1,2,0,0,1,0,0,1,0,true,false,1,unique_nonreserved_sink,NumStability.sylvester_practical_error_bound_of_schur_frobenius_error_model,B_unique_nonreserved_sink,NumStability.H16_eq16_29_sylvester_practical_error_bound_of_schur_frobenius_error_model | NumStability.sylvester_practical_error_bound_of_schur_frobenius_error_model
045daf28056a6e4358d5de7c22c7a9d7acc2e80e,899,3389f87febadbb036f7f6d42812727ea752e4724648804306cc378ee82e71fa6,2933732794,6790,2,2,2,0,0,1,0,1,2,0,true,false,1,unique_nonreserved_sink,NumStability.fl_householderStoredTrailingPanel_sequence_diag_nonzero_of_span_nonbreakdown_leadingBlock_leftInverse_norm_budget,B_unique_nonreserved_sink,NumStability.fl_householderStoredTrailingPanel_sequence_diag_nonzero_of_span_nonbreakdown_leadingBlock_leftInverse_norm_budget | H19.Theorem19_6.stored_panel_sequence_diag_nonzero_of_span_nonbreakdown_leadingBlock_leftInverse_norm_budget
045daf28056a6e4358d5de7c22c7a9d7acc2e80e,687,33a88cfceb4523dfd5fb10fd95eae7e26d898dca5cc25dc28a5b07d39c556c4f,2414496489,24174,2,2,2,0,0,1,0,1,2,0,true,false,1,unique_nonreserved_sink,NumStability.sylvester_practical_error_bound_of_realQuasiSchur_strictBlockMap_computed_residual_certificate,B_unique_nonreserved_sink,NumStability.sylvester_practical_error_bound_of_realQuasiSchur_strictBlockMap_computed_residual_certificate | NumStability.H16_eq16_29_realQuasiSchur_strictBlockMap_computed_residual_certificate
045daf28056a6e4358d5de7c22c7a9d7acc2e80e,226,33ec1e2420ed490227d2c37414aec0b065db6509d30f7c1f0e0bb2c1227ad69c,1363601266,15075,2,1,2,0,0,1,0,1,2,0,true,false,1,unique_nonreserved_sink,NumStability.higham9_14_source_h_bound_of_RectDoolittleRoundedStageTrace_square_fl_triangular_solves_gamma_le,B_unique_nonreserved_sink,NumStability.higham9_14_source_h_bound_of_RectDoolittleRoundedStageTrace_square_fl_triangular_solves_absLU_le_absA_gamma_le | NumStability.higham9_14_source_h_bound_of_RectDoolittleRoundedStageTrace_square_fl_triangular_solves_gamma_le
045daf28056a6e4358d5de7c22c7a9d7acc2e80e,964,343708b886cdeb78adc2921c153f02e3404703281dc741004d058bf7e3c2d400,3071214682,26335,2,2,2,0,0,1,0,1,1,0,true,false,1,unique_nonreserved_sink,NumStability.sylvesterVecCoeff_lyapunovSpecial_det_ne_zero_of_operator_sigmaMin,B_unique_nonreserved_sink,NumStability.sylvesterVecCoeff_lyapunovSpecial_det_ne_zero_of_operator_sigmaMin | NumStability.H16_eq16_2_27_sylvesterVecCoeff_lyapunovSpecial_det_ne_zero_of_operator_sigmaMin
045daf28056a6e4358d5de7c22c7a9d7acc2e80e,1013,344b4a23869e6a3df9a2cc2107a35cf991e6f17710881b710dc60a47574736ba,3220558617,31630,2,1,2,0,0,1,0,0,1,0,true,false,1,unique_nonreserved_sink,NumStability.sylvester_practical_error_bound_fl_of_no_common_complex_right_eigenvalue_mono,B_unique_nonreserved_sink,NumStability.H16_eq16_29_sylvester_practical_error_bound_fl_of_no_common_complex_right_eigenvalue_mono | NumStability.sylvester_practical_error_bound_fl_of_no_common_complex_right_eigenvalue_mono
045daf28056a6e4358d5de7c22c7a9d7acc2e80e,69,347023c05f8753415385ade660ac5cca195f8d4bd7f9871f1f4bcc5fed1591c4,3883275910,22958,3,3,3,0,0,1,0,1,3,0,true,false,1,unique_nonreserved_sink,NumStability.skew_twoByTwo_multiplier_bound,B_unique_nonreserved_sink,NumStability.skew_twoByTwo_multiplier_bound | NumStability.higham11_9_skew_multiplier_bound | NumStability.smith_ratio_symmetric_abs_le_one
045daf28056a6e4358d5de7c22c7a9d7acc2e80e,642,34ca290a770464fb64a7e8a7a401848db5a5ea3e30703315b386fd2a165fbcdb,231146496,23709,2,2,2,0,0,1,0,1,1,0,true,false,1,unique_nonreserved_sink,NumStability.sylvester_practical_error_bound_of_vecCoeff_det_ne_zero_computed_residual_budget_mono_scalar,B_unique_nonreserved_sink,NumStability.sylvester_practical_error_bound_of_vecCoeff_det_ne_zero_computed_residual_budget_mono_scalar | NumStability.H16_eq16_29_sylvester_practical_error_bound_of_vecCoeff_det_ne_zero_computed_residual_budget_mono_scalar
045daf28056a6e4358d5de7c22c7a9d7acc2e80e,216,3508c3c8dd51ddb3cbb48c6fa985afa5810ac2a1bf0c2e1323f6524156d81bc6,1347936888,24939,2,1,2,0,0,1,0,0,1,0,true,false,1,unique_nonreserved_sink,NumStability.sylvester_practical_error_bound_of_realQuasiSchur_strictBlockMap_shifted_computed_residual_error_model_mono,B_unique_nonreserved_sink,NumStability.H16_eq16_29_realQuasiSchur_strictBlockMap_shifted_computed_residual_error_model_mono | NumStability.sylvester_practical_error_bound_of_realQuasiSchur_strictBlockMap_shifted_computed_residual_error_model_mono
045daf28056a6e4358d5de7c22c7a9d7acc2e80e,509,3527d461f661084d11cd696226363530a71994eea7f202fa2d135ce5691c1e9b,2051786154,26930,2,2,2,0,0,1,0,1,1,0,true,false,1,unique_nonreserved_sink,NumStability.Wave16.sylvesterVecCoeff_quasiQuasi_blockBackSub_componentwise_error_and_residual_with_budget,B_unique_nonreserved_sink,NumStability.Wave16.sylvesterVecCoeff_quasiQuasi_blockBackSub_componentwise_error_and_residual_with_budget | NumStability.Wave16.H16_eq16_7_8_quasiquasi_sylvesterVecCoeff_blockBackSub_componentwise_error_and_residual_with_budget
045daf28056a6e4358d5de7c22c7a9d7acc2e80e,298,352e040aba65ef7becd7fa811226e77295062b6976dd78fe41e65ed6a4ebfcd0,1544751609,26469,2,2,2,0,0,1,0,1,1,0,true,false,1,unique_nonreserved_sink,NumStability.lyapunov_practical_error_bound_of_vecCoeff_sigmaMin_computed_residual_budget,B_unique_nonreserved_sink,NumStability.lyapunov_practical_error_bound_of_vecCoeff_sigmaMin_computed_residual_budget | NumStability.H16_eq16_29_lyapunov_practical_error_bound_of_vecCoeff_sigmaMin_computed_residual_budget
045daf28056a6e4358d5de7c22c7a9d7acc2e80e,610,35384bcd580ae4d8b5185dbb1cd67f0763f7270d0a8dab7dcbe39f1f6735dc38,2262394416,24922,2,1,2,0,0,1,0,1,2,0,true,false,1,unique_nonreserved_sink,NumStability.sylvester_practical_error_bound_of_schurTriangular_computed_residual_certificate_mono,B_unique_nonreserved_sink,NumStability.H16_eq16_29_schurTriangular_computed_residual_certificate_mono | NumStability.sylvester_practical_error_bound_of_schurTriangular_computed_residual_certificate_mono
045daf28056a6e4358d5de7c22c7a9d7acc2e80e,296,35da9e7b0e138fa6333b0cc6d7204b46217c53a5dbec964a52ef0da332ebd65f,1540167470,24633,2,2,2,0,0,1,0,1,2,0,true,false,1,unique_nonreserved_sink,NumStability.lyapunov_aposteriori_bound_of_pos_le_sylvesterSepInf_total,B_unique_nonreserved_sink,NumStability.lyapunov_aposteriori_bound_of_pos_le_sylvesterSepInf_total | NumStability.H16_eq16_28_lyapunov_aposteriori_bound_of_pos_le_sylvesterSepInf_total
045daf28056a6e4358d5de7c22c7a9d7acc2e80e,823,35e862142bc58cf31d79fdc12e70fe6b3911d855c5d3510b163be25eeeacd44d,2742292521,23631,2,2,2,0,0,1,0,1,1,0,true,false,1,unique_nonreserved_sink,NumStability.lyapunov_unique_solution_of_sep,B_unique_nonreserved_sink,NumStability.lyapunov_unique_solution_of_sep | NumStability.H16_Lyapunov_unique_solution_of_sep
045daf28056a6e4358d5de7c22c7a9d7acc2e80e,493,364071e7190c9b3c85e02afa239fba7bd90b6e15c0e9f1d8615adc32972aa5b3,1997823511,26471,2,2,2,0,0,1,0,1,1,0,true,false,1,unique_nonreserved_sink,NumStability.lyapunov_practical_error_bound_of_vecCoeff_left_inverse_finiteOpNorm2Le_computed_residual_error_model,B_unique_nonreserved_sink,NumStability.lyapunov_practical_error_bound_of_vecCoeff_left_inverse_finiteOpNorm2Le_computed_residual_error_model | NumStability.H16_eq16_29_lyapunov_practical_error_bound_of_vecCoeff_left_inverse_finiteOpNorm2Le_computed_residual_error_model
045daf28056a6e4358d5de7c22c7a9d7acc2e80e,1552,367b37c97862161643f02ce890bf464106dc2badf1f867b882215ba1c19157a3,639426379,14791,2,2,2,0,0,1,0,1,2,0,true,false,1,unique_nonreserved_sink,NumStability.forwardSub_forward_error_mu_bound,B_unique_nonreserved_sink,NumStability.forwardSub_forward_error_mu_bound | NumStability.higham8_10_forwardSub_forward_error_mu_bound
045daf28056a6e4358d5de7c22c7a9d7acc2e80e,465,369715bd03429b76238fd72a58c2898ea72d4e1c1a00123108cb63f3722b7516,1932992470,57361,2,2,2,0,0,1,0,1,2,0,true,false,1,unique_nonreserved_sink,NumStability.FloatingPointFormat.finiteRoundToEvenFMA_product_expansion_with_rounded_product,B_unique_nonreserved_sink,NumStability.FloatingPointFormat.finiteRoundToEvenFMA_product_expansion_with_rounded_product | NumStability.FloatingPointFormat.higham2_twoFMA_productExpansion_corrected
045daf28056a6e4358d5de7c22c7a9d7acc2e80e,619,36e489dabf0b9e6f19ddfd010b0f8f164fe0fe1cbba829b37c99cc4a8b557e94,2272972780,26502,2,2,2,0,0,1,0,1,1,0,true,false,1,unique_nonreserved_sink,NumStability.lyapunov_practical_error_bound_of_vecCoeff_gram_eigenvalues_computed_residual_budget_scalar,B_unique_nonreserved_sink,NumStability.lyapunov_practical_error_bound_of_vecCoeff_gram_eigenvalues_computed_residual_budget_scalar | NumStability.H16_eq16_29_lyapunov_practical_error_bound_of_vecCoeff_gram_eigenvalues_computed_residual_budget_scalar
045daf28056a6e4358d5de7c22c7a9d7acc2e80e,1665,36f88f98d5b0fe3ff2d34f7403974a0eae6b5e945746459b73932a1261f39dcb,904406456,38980,2,2,2,0,0,1,0,1,1,0,true,false,1,unique_nonreserved_sink,NumStability.problem7_10b_irreducible_products_scaledInfKappaSet_isLeast_spectralRadius,B_unique_nonreserved_sink,NumStability.problem7_10b_irreducible_products_scaledInfKappaSet_isLeast_spectralRadius | NumStability.theorem7_8_bauer_scaledInfKappaSet_isLeast_spectralRadius
045daf28056a6e4358d5de7c22c7a9d7acc2e80e,118,3721f4228573853a15fabd0ebe4bd4c27b7c61756a591f415d48705bceb082d1,1109132114,38989,2,2,2,0,0,1,0,1,1,0,true,false,1,unique_nonreserved_sink,NumStability.problem7_10b_irreducible_products_scaledInfKappaSet_sInf_eq_spectralRadius,B_unique_nonreserved_sink,NumStability.problem7_10b_irreducible_products_scaledInfKappaSet_sInf_eq_spectralRadius | NumStability.theorem7_8_bauer_scaledInfKappaSet_sInf_eq_spectralRadius
045daf28056a6e4358d5de7c22c7a9d7acc2e80e,343,3733206c763e8f50374839a10e3177652fbeb80ea540b2a725f35c049d524b67,164606537,26421,2,2,2,0,0,1,0,1,1,0,true,false,1,unique_nonreserved_sink,NumStability.lyapunov_practical_error_bound_of_operator_sigmaMin_computed_residual_budget,B_unique_nonreserved_sink,NumStability.lyapunov_practical_error_bound_of_operator_sigmaMin_computed_residual_budget | NumStability.H16_eq16_29_lyapunov_practical_error_bound_of_operator_sigmaMin_computed_residual_budget
045daf28056a6e4358d5de7c22c7a9d7acc2e80e,787,37404c7c5a98778b951f838211ef4668ec66a08ffab407b53930427ebd72c0e1,2655943096,43603,2,1,2,0,0,0,0,0,2,0,true,false,1,unique_nonreserved_sink,NumStability.higham13_eq13_11_from_matmul_subtraction_specs,B_unique_nonreserved_sink,NumStability.dhs_schur_update_firstOrder | NumStability.higham13_eq13_11_from_matmul_subtraction_specs
045daf28056a6e4358d5de7c22c7a9d7acc2e80e,718,37548a2f1504a3c6c08f91dd1eaed8a3ed8d2e39aa228744b12f323c974669de,247089590,31623,2,1,2,0,0,1,0,0,1,0,true,false,1,unique_nonreserved_sink,NumStability.lyapunov_practical_error_bound_fl_of_operator_sigmaMin_mono,B_unique_nonreserved_sink,NumStability.H16_eq16_29_lyapunov_practical_error_bound_fl_of_operator_sigmaMin_mono | NumStability.lyapunov_practical_error_bound_fl_of_operator_sigmaMin_mono
045daf28056a6e4358d5de7c22c7a9d7acc2e80e,807,37681d4c4c378bb2acf6d51636055731457ffb02d7e827c0a0e3fbe3f8ec1513,2710239487,6766,2,2,2,0,0,0,0,2,2,0,true,false,1,unique_nonreserved_sink,NumStability.coxHigham_storedPanelStep_active_entry_bound_of_exact_stage_budget_factor,B_unique_nonreserved_sink,NumStability.coxHigham_storedPanelStep_active_entry_bound_of_exact_stage_budget_factor | H19.Theorem19_6.stored_panel_step_active_entry_bound_of_exact_stage_budget_factor
045daf28056a6e4358d5de7c22c7a9d7acc2e80e,1474,3790719b024807a5f1f6ff95b3932ee1b734b02a55e8eb4c614048a23525d530,457563418,31688,2,1,2,0,0,1,0,0,1,0,true,false,1,unique_nonreserved_sink,NumStability.lyapunov_practical_error_bound_fl_of_pos_le_sylvesterSepInf_mono,B_unique_nonreserved_sink,NumStability.H16_eq16_29_lyapunov_practical_error_bound_fl_of_pos_le_sylvesterSepInf_mono | NumStability.lyapunov_practical_error_bound_fl_of_pos_le_sylvesterSepInf_mono
045daf28056a6e4358d5de7c22c7a9d7acc2e80e,436,37db983d81e055c5ee1281e66063c12583d55fdfd75e6cb4208e756e470cef8f,1848089527,7889,2,2,2,0,0,1,0,1,2,0,true,false,1,unique_nonreserved_sink,NumStability.mgsProblem1912_p21_rectOpNorm2Le_one_of_csDiagonalAlgebra,B_unique_nonreserved_sink,NumStability.mgsProblem1912_p21_rectOpNorm2Le_one_of_csDiagonalAlgebra | H19.Theorem19_13.problem1912_p21_rectOpNorm2Le_one_of_csDiagonalAlgebra
045daf28056a6e4358d5de7c22c7a9d7acc2e80e,1598,37e5e5302090a3b03b432d84154ca697c826e4eaf53e9abf0e683acb2676afbd,747651531,23749,2,2,2,0,0,1,0,1,1,0,true,false,1,unique_nonreserved_sink,NumStability.sylvester_practical_abs_error_bound_of_vecCoeff_det_ne_zero_computed_residual_certificate_rect,B_unique_nonreserved_sink,NumStability.sylvester_practical_abs_error_bound_of_vecCoeff_det_ne_zero_computed_residual_certificate_rect | NumStability.H16_eq16_29_sylvester_practical_abs_error_bound_of_vecCoeff_det_ne_zero_computed_residual_certificate_rect
045daf28056a6e4358d5de7c22c7a9d7acc2e80e,1389,37e97e43688d2d0e5477802528a8966221fa20bbb15da479146dbd63d88b3ce8,412697893,24829,2,1,2,0,0,1,0,0,1,0,true,false,1,unique_nonreserved_sink,NumStability.sylvester_quasiSchur_blockTraversal_solution_of_twoBlockSpectral_complex_root_separation_generated_frontier_step_oracle,B_unique_nonreserved_sink,NumStability.H16_eq16_4_8_sylvester_quasiSchur_blockTraversal_solution_of_twoBlockSpectral_complex_root_separation_generated_frontier_step_oracle | NumStability.sylvester_quasiSchur_blockTraversal_solution_of_twoBlockSpectral_complex_root_separation_generated_frontier_step_oracle
045daf28056a6e4358d5de7c22c7a9d7acc2e80e,207,37f0496dad57883b9be29d39b6b12484af24428cf2040934ce4b8b6bc0d23c66,1320312621,3437,2,2,2,0,0,0,0,2,2,0,true,false,1,unique_nonreserved_sink,NumStability.nonneg_lu_optimal_growth,B_unique_nonreserved_sink,NumStability.nonneg_lu_optimal_growth | NumStability.higham9_12_nonneg_lu_optimal_growth
045daf28056a6e4358d5de7c22c7a9d7acc2e80e,613,37fbca7f4e94bc4ba2a854f6845cf1aa683eb222baf56ebe34523f7c114b543b,2267783076,24650,2,2,2,0,0,1,0,1,2,0,true,false,1,unique_nonreserved_sink,NumStability.lyapunov_relative_perturbation_of_pos_le_sylvesterSepInf_total,B_unique_nonreserved_sink,NumStability.lyapunov_relative_perturbation_of_pos_le_sylvesterSepInf_total | NumStability.H16_eq16_27_lyapunov_relative_perturbation_of_pos_le_sylvesterSepInf_total
045daf28056a6e4358d5de7c22c7a9d7acc2e80e,506,380f41b9493b5b1f630f383e68986cdb3bfa4da216e22859751f42c03a075a8c,2045159638,7348,2,2,2,0,0,0,0,2,2,0,true,false,1,unique_nonreserved_sink,NumStability.lsQRTallBlock_mulVec,B_unique_nonreserved_sink,NumStability.lsQRTallBlock_mulVec | NumStability.higham21_eq21_1_qr_transpose_block_mulVec
045daf28056a6e4358d5de7c22c7a9d7acc2e80e,503,38425a8cfcd2c70962c5ced9bb04b79c4ad0208c7bee31b6d74d5c39b1e79c8f,2040003660,31771,2,1,2,0,0,1,0,0,1,0,true,false,1,unique_nonreserved_sink,NumStability.Wave15.sylvesterVecCoeff_quasiTriangular_blockBackSub_componentwise_error_and_residual,B_unique_nonreserved_sink,NumStability.Wave15.H16_eq16_7_8_quasi_sylvesterVecCoeff_blockBackSub_componentwise_error_and_residual | NumStability.Wave15.sylvesterVecCoeff_quasiTriangular_blockBackSub_componentwise_error_and_residual
045daf28056a6e4358d5de7c22c7a9d7acc2e80e,879,3848182a4a29bb0993bfbcbb332cb8631c7c42e33a6f9a0e0c8549efaad453d2,2884283884,6921,2,2,2,0,0,1,0,1,2,0,true,false,1,unique_nonreserved_sink,NumStability.exists_active_trailing_entry_ne_of_leading_witnesses,B_unique_nonreserved_sink,NumStability.exists_active_trailing_entry_ne_of_leading_witnesses | H19.Theorem19_6.exists_active_trailing_entry_ne_of_leading_witnesses
045daf28056a6e4358d5de7c22c7a9d7acc2e80e,803,3857792c502be2d96c4b3d1a1bd3991e3fde00ad5cfa4e6fd759da93d46356a2,2707198297,24590,2,2,2,0,0,1,0,1,1,0,true,false,1,unique_nonreserved_sink,NumStability.isLyapunovBackwardError_sqrt_lyapunovXiSq_of_symmetric_spectral,B_unique_nonreserved_sink,NumStability.isLyapunovBackwardError_sqrt_lyapunovXiSq_of_symmetric_spectral | NumStability.H16_eq16_21_isLyapunovBackwardError_sqrt_lyapunovXiSq_of_symmetric_spectral
045daf28056a6e4358d5de7c22c7a9d7acc2e80e,540,38625c67eabbde0b6cb3439cca3fd5b3b9b879874cacab1241865f027b6697d5,211979645,18740,2,1,2,0,0,1,0,0,2,0,true,false,1,unique_nonreserved_sink,NumStability.higham11_4_bunch_kaufman_solve_backward_error_of_first_stage_recursive_higham_const_split_L_entry_exact_budgets_maxEntryNorm,B_unique_nonreserved_sink,NumStability.higham11_4_bunch_kaufman_solve_backward_error_interface_of_first_stage_recursive_higham_const_split_L_entry_exact_budgets_maxEntryNorm | NumStability.higham11_4_bunch_kaufman_solve_backward_error_of_first_stage_recursive_higham_const_split_L_entry_exact_budgets_maxEntryNorm
045daf28056a6e4358d5de7c22c7a9d7acc2e80e,1521,3899070a12ae717d40a2db6b718fb33a52deb56dc15e61790c62e66529c94ae8,571395750,26948,2,2,2,0,0,1,0,1,1,0,true,false,1,unique_nonreserved_sink,NumStability.Wave14.frobNormRect_le_gamma_dataScale_of_componentwise_product_budget,B_unique_nonreserved_sink,NumStability.Wave14.frobNormRect_le_gamma_dataScale_of_componentwise_product_budget | NumStability.Wave14.H16_eq16_8_9_frobNormRect_le_gamma_dataScale_of_componentwise_product_budget
045daf28056a6e4358d5de7c22c7a9d7acc2e80e,631,38b0c79b7403d12b7e98e75488bb08b98d89c470aea85f4a28ad42685a425a62,228410650,24857,2,1,2,0,0,1,0,0,1,0,true,false,1,unique_nonreserved_sink,NumStability.sylvester_quasiSchur_blockTraversal_original_solution_eq_of_twoBlockSpectral_det_separation_generated_frontier_step_oracle,B_unique_nonreserved_sink,NumStability.H16_eq16_4_8_sylvester_quasiSchur_blockTraversal_original_solution_eq_of_twoBlockSpectral_det_separation_generated_frontier_step_oracle | NumStability.sylvester_quasiSchur_blockTraversal_original_solution_eq_of_twoBlockSpectral_det_separation_generated_frontier_step_oracle
045daf28056a6e4358d5de7c22c7a9d7acc2e80e,1361,390f473d676cacdaa2ced8868e5e3b07c88e513ae8ab778c6b049aa01575c234,4046890507,26451,2,2,2,0,0,1,0,1,1,0,true,false,1,unique_nonreserved_sink,NumStability.lyapunov_practical_error_bound_of_vecCoeff_det_ne_zero_computed_residual_certificate_scalar,B_unique_nonreserved_sink,NumStability.lyapunov_practical_error_bound_of_vecCoeff_det_ne_zero_computed_residual_certificate_scalar | NumStability.H16_eq16_29_lyapunov_practical_error_bound_of_vecCoeff_det_ne_zero_computed_residual_certificate_scalar
045daf28056a6e4358d5de7c22c7a9d7acc2e80e,174,39249bb1de3640efa90cd2faef8c54ed3973feddafc268d23c4f3884727e0b7a,123158625,24808,2,1,2,0,0,1,0,0,1,0,true,false,1,unique_nonreserved_sink,NumStability.sylvesterVecCoeff_realQuasiSchur_strictBlockMap_det_ne_zero,B_unique_nonreserved_sink,NumStability.H16_eq16_3_sylvesterVecCoeff_realQuasiSchur_strictBlockMap_det_ne_zero | NumStability.sylvesterVecCoeff_realQuasiSchur_strictBlockMap_det_ne_zero
045daf28056a6e4358d5de7c22c7a9d7acc2e80e,1430,3929c31e784e1893109a2b244041499eb5392d256a135076d5cf099529facb83,4232517170,16042,2,1,2,0,0,1,0,0,1,0,true,false,1,unique_nonreserved_sink,NumStability.higham9_15_normwise_source_bound_of_factorization_init_linear_step_opNorm_of_matrix_inverse_identities_exact_opNorm2,B_unique_nonreserved_sink,NumStability.higham9_15_normwise_source_bound_of_factorization_G_init_linear_step_opNorm_of_matrix_inverse_identities_exact_opNorm2 | NumStability.higham9_15_normwise_source_bound_of_factorization_init_linear_step_opNorm_of_matrix_inverse_identities_exact_opNorm2
045daf28056a6e4358d5de7c22c7a9d7acc2e80e,1281,3989f86ab745bb3520d58775d1f3f6d3da143058790e9d510532d028055182fb,381446911,6768,2,2,2,0,0,1,0,1,2,0,true,false,1,unique_nonreserved_sink,NumStability.coxHigham_storedPanel_sequence_active_entry_bound_of_exact_stage_budgets_factor,B_unique_nonreserved_sink,NumStability.coxHigham_storedPanel_sequence_active_entry_bound_of_exact_stage_budgets_factor | H19.Theorem19_6.stored_panel_sequence_active_entry_bound_of_exact_stage_budgets_factor
045daf28056a6e4358d5de7c22c7a9d7acc2e80e,1000,39abbbdf81b637b994fcf1e937fa4946502875338992a443987a6587c6ef7c46,3168304561,26954,2,2,2,0,0,1,0,1,1,0,true,false,1,unique_nonreserved_sink,NumStability.Wave14.frobNormRect_eq_of_orthogonal_similarity,B_unique_nonreserved_sink,NumStability.Wave14.frobNormRect_eq_of_orthogonal_similarity | NumStability.Wave14.H16_eq16_9_frobNormRect_eq_of_orthogonal_similarity
045daf28056a6e4358d5de7c22c7a9d7acc2e80e,308,39bb3ba7a45068face7710b5863f5c6a53f01b6fe51b616a6c79ffc901ff72fc,1588636535,59503,2,2,2,0,0,1,0,1,2,0,true,false,1,unique_nonreserved_sink,NumStability.FloatingPointFormat.finiteRoundToEvenOp_add_self_eq_mul_two,B_unique_nonreserved_sink,NumStability.FloatingPointFormat.finiteRoundToEvenOp_add_self_eq_mul_two | NumStability.FloatingPointFormat.problem2_7_statement3_add_self_eq_mul_two
045daf28056a6e4358d5de7c22c7a9d7acc2e80e,375,39bd70ea2d850765cd855a66e59b8caf13a97c6c82e6d32d1a9915dfd0f42446,170757651,31820,2,1,2,0,0,1,0,0,2,0,true,false,1,unique_nonreserved_sink,NumStability.sylvester_practical_error_bound_fl_of_schurTriangular_mono_scalar,B_unique_nonreserved_sink,NumStability.H16_eq16_29_sylvester_practical_error_bound_fl_of_schurTriangular_mono_scalar | NumStability.sylvester_practical_error_bound_fl_of_schurTriangular_mono_scalar
045daf28056a6e4358d5de7c22c7a9d7acc2e80e,397,3a6e7b92c2fd346b398522f76a692dc0123e992a8b64eb1aa891829cb2c855ec,1760284096,18771,2,1,2,0,0,0,0,0,2,0,true,false,1,unique_nonreserved_sink,NumStability.higham11_4_bunch_kaufman_solve_backward_error_of_path_local_L_row_sum_source_six_growth_bounds_maxEntryNorm_A_product,B_unique_nonreserved_sink,NumStability.higham11_4_bunch_kaufman_solve_backward_error_interface_of_path_local_L_row_sum_source_six_growth_bounds_maxEntryNorm_A_product | NumStability.higham11_4_bunch_kaufman_solve_backward_error_of_path_local_L_row_sum_source_six_growth_bounds_maxEntryNorm_A_product
045daf28056a6e4358d5de7c22c7a9d7acc2e80e,1302,3a79083ef792286fa9a4aa98038dc14e44ab7bed14c9d8a9646aaa036211dfd5,3882455717,31564,2,1,2,0,0,1,0,1,1,0,true,false,1,unique_nonreserved_sink,NumStability.exists_HessenbergGEPPUTrace_growthFactorEntry_le_card_sylvesterTriangularShiftedCoeff_of_det_ne_zero_exists_hmax,B_unique_nonreserved_sink,NumStability.H16_eq16_6_exists_HessenbergGEPPUTrace_growthFactorEntry_le_card_sylvesterTriangularShiftedCoeff_of_det_ne_zero_exists_hmax | NumStability.exists_HessenbergGEPPUTrace_growthFactorEntry_le_card_sylvesterTriangularShiftedCoeff_of_det_ne_zero_exists_hmax
045daf28056a6e4358d5de7c22c7a9d7acc2e80e,1156,3abea61eaabe30f2dd4a232503727a91c059ea295147fb1b48ea67dec472029a,3527772772,3482,2,2,2,0,0,0,0,1,2,0,true,false,1,unique_nonreserved_sink,NumStability.spd_schur_complement_isSymPosDef,B_unique_nonreserved_sink,NumStability.spd_schur_complement_isSymPosDef | NumStability.higham10_problem_10_4_first_ge_reduced_submatrix_spd
045daf28056a6e4358d5de7c22c7a9d7acc2e80e,103,3ad62ab8daa316e328462553e38ebd62bf39cf53b04d496ef13c6cfd33f8836c,1080324775,26459,2,2,2,0,0,1,0,1,1,0,true,false,1,unique_nonreserved_sink,NumStability.lyapunov_practical_error_bound_of_vecCoeff_det_ne_zero_computed_residual_error_model,B_unique_nonreserved_sink,NumStability.lyapunov_practical_error_bound_of_vecCoeff_det_ne_zero_computed_residual_error_model | NumStability.H16_eq16_29_lyapunov_practical_error_bound_of_vecCoeff_det_ne_zero_computed_residual_error_model
045daf28056a6e4358d5de7c22c7a9d7acc2e80e,215,3ad8bf0259e3512a0c35123c20fa76e562a147a46602d1a509dabfbbd1cd391e,1345490694,18639,2,1,2,0,0,1,0,0,2,0,true,false,1,unique_nonreserved_sink,NumStability.higham11_4_bunch_kaufman_solve_backward_error_of_first_stage_recursive_split_normalized_prefix_regional_LD_bound_unit_initial,B_unique_nonreserved_sink,NumStability.higham11_4_bunch_kaufman_solve_backward_error_interface_of_first_stage_recursive_split_normalized_prefix_regional_LD_bound_unit_initial | NumStability.higham11_4_bunch_kaufman_solve_backward_error_of_first_stage_recursive_split_normalized_prefix_regional_LD_bound_unit_initial
045daf28056a6e4358d5de7c22c7a9d7acc2e80e,1692,3b016d006f62a27dbcb7141a5550bf5fb82d0dc670afbd50dd2560ab0ab82c93,962273146,26519,2,2,2,0,0,1,0,1,1,0,true,false,1,unique_nonreserved_sink,NumStability.lyapunov_practical_error_bound_of_vecCoeff_det_ne_zero_computed_residual_budget_scalar,B_unique_nonreserved_sink,NumStability.lyapunov_practical_error_bound_of_vecCoeff_det_ne_zero_computed_residual_budget_scalar | NumStability.H16_eq16_29_lyapunov_practical_error_bound_of_vecCoeff_det_ne_zero_computed_residual_budget_scalar
045daf28056a6e4358d5de7c22c7a9d7acc2e80e,197,3b3e0ad092d6e6c9c22766726e2de5934ba01da632fce4e31b770d58e3826cd7,1281751824,26442,2,2,2,0,0,1,0,1,1,0,true,false,1,unique_nonreserved_sink,NumStability.sylvester_practical_error_bound_of_vecCoeff_gram_eigenvalues_computed_residual_error_model_scalar,B_unique_nonreserved_sink,NumStability.sylvester_practical_error_bound_of_vecCoeff_gram_eigenvalues_computed_residual_error_model_scalar | NumStability.H16_eq16_29_sylvester_practical_error_bound_of_vecCoeff_gram_eigenvalues_computed_residual_error_model_scalar
045daf28056a6e4358d5de7c22c7a9d7acc2e80e,1685,3b60f98b8ecdd81bd460ccdddb3595a15b8c7850f35c67f97dda1fda6dc1a87f,940670347,59502,2,2,2,0,0,1,0,1,2,0,true,false,1,unique_nonreserved_sink,NumStability.FloatingPointFormat.finiteRoundToEvenOp_sub_sign_symmetry_of_not_finiteNormalRange,B_unique_nonreserved_sink,NumStability.FloatingPointFormat.finiteRoundToEvenOp_sub_sign_symmetry_of_not_finiteNormalRange | NumStability.FloatingPointFormat.problem2_7_statement2_sub_sign_symmetry_of_not_finiteNormalRange
045daf28056a6e4358d5de7c22c7a9d7acc2e80e,1153,3b69a2500e25cc739bc152b427c19344bc6b6bd66a582ae23d77688a7068b33d,3524755424,31580,2,1,2,0,0,1,0,0,1,0,true,false,1,unique_nonreserved_sink,NumStability.existsUnique_isSylvesterSolutionRect_and_HessenbergGEPPUTrace_growth_of_upperHessenberg_triangular_sepLowerBound,B_unique_nonreserved_sink,NumStability.H16_eq16_4_8_existsUnique_isSylvesterSolutionRect_and_HessenbergGEPPUTrace_growth_of_upperHessenberg_triangular_sepLowerBound | NumStability.existsUnique_isSylvesterSolutionRect_and_HessenbergGEPPUTrace_growth_of_upperHessenberg_triangular_sepLowerBound
045daf28056a6e4358d5de7c22c7a9d7acc2e80e,804,3bde41c44ae3db0f34e137d975fc1664140d2aa6af6f8afa39e232f6124d225e,2707409593,24500,2,2,2,0,0,1,0,1,1,0,true,false,1,unique_nonreserved_sink,NumStability.residual_bound,B_unique_nonreserved_sink,NumStability.residual_bound | NumStability.H16_eq16_12_residual_bound
045daf28056a6e4358d5de7c22c7a9d7acc2e80e,54,3c16fdbb301a935af4f6f417502371176ee2530add599ada94163f6122e92e65,2332736805,31499,3,1,3,0,0,1,0,0,2,0,true,false,2,unique_nonreserved_sink,NumStability.H16_eq16_24_structured_condition_diagonal_of_vecCoeff_entrywise_abs_ge,B_unique_nonreserved_sink,NumStability.H16_eq16_24_structured_condition_diagonal_of_vecCoeff_entrywise_abs_ge | NumStability.H16_eq16_24_sylvester_relative_first_order_bound_diagonal_of_vecCoeff_entrywise_abs_ge | NumStability.sylvester_relative_first_order_bound_diagonal_of_vecCoeff_entrywise_abs_ge
045daf28056a6e4358d5de7c22c7a9d7acc2e80e,259,3c35548d79596e043d917e99078cdede0277571edbf2551037de4a9564ba417e,1421639261,6789,2,2,2,0,0,1,0,1,2,0,true,false,1,unique_nonreserved_sink,NumStability.fl_householderStoredPanel_sequence_leadingBlock_offdiag_budget_of_exact_stage_budgets_factor,B_unique_nonreserved_sink,NumStability.fl_householderStoredPanel_sequence_leadingBlock_offdiag_budget_of_exact_stage_budgets_factor | H19.Theorem19_6.stored_panel_sequence_leadingBlock_offdiag_budget_of_exact_stage_budgets_factor
045daf28056a6e4358d5de7c22c7a9d7acc2e80e,1374,3c3e312af349056691a53c5ea7086bb83afa3647a4e9a1c0980e95e926374181,4092623027,24781,2,1,2,0,0,1,0,1,1,0,true,false,1,unique_nonreserved_sink,NumStability.sylvester_realQuasiSchur_factors_twoBlockSpectral_block_and_det_ne_zero_of_vecCoeff_det_ne_zero,B_unique_nonreserved_sink,NumStability.H16_eq16_4_8_sylvester_realQuasiSchur_factors_twoBlockSpectral_block_and_det_ne_zero_of_vecCoeff_det_ne_zero | NumStability.sylvester_realQuasiSchur_factors_twoBlockSpectral_block_and_det_ne_zero_of_vecCoeff_det_ne_zero
045daf28056a6e4358d5de7c22c7a9d7acc2e80e,622,3c9810e2e94ed8c325b75552557ba5d101419bd12924d2174732e9bfbd13badd,2274499115,31574,2,1,2,0,0,1,0,0,1,0,true,false,1,unique_nonreserved_sink,NumStability.existsUnique_isSylvesterSolutionRect_and_HessenbergGEPPUTrace_growth_of_realSchur_upperHessenberg_triangular_sigmaMin,B_unique_nonreserved_sink,NumStability.H16_eq16_4_8_existsUnique_isSylvesterSolutionRect_and_HessenbergGEPPUTrace_growth_of_realSchur_upperHessenberg_triangular_sigmaMin | NumStability.existsUnique_isSylvesterSolutionRect_and_HessenbergGEPPUTrace_growth_of_realSchur_upperHessenberg_triangular_sigmaMin
045daf28056a6e4358d5de7c22c7a9d7acc2e80e,1241,3cb84c900abc82cdb15fdfc010e499366efd5eeddcc2a2c8d8f572a2e97dd998,3729370056,24451,2,2,2,0,0,1,0,1,1,0,true,false,1,unique_nonreserved_sink,NumStability.generalizedSylvesterAXB_CXD_residual_zero_iff_solution,B_unique_nonreserved_sink,NumStability.generalizedSylvesterAXB_CXD_residual_zero_iff_solution | NumStability.H16_eq16_30_generalizedSylvesterAXB_CXD_residual_zero_iff_solution
045daf28056a6e4358d5de7c22c7a9d7acc2e80e,382,3cf185fda62eb75558e78bc8588b7a5bf4f9f8ab890d183fc7fd17e08658caa8,1722887014,24850,2,1,2,0,0,1,0,0,1,0,true,false,1,unique_nonreserved_sink,NumStability.sylvester_singleton_column_eq_of_nonsingInv_of_solution_prev_columns_eq,B_unique_nonreserved_sink,NumStability.H16_eq16_6_sylvester_singleton_column_eq_of_nonsingInv_of_solution_prev_columns_eq | NumStability.sylvester_singleton_column_eq_of_nonsingInv_of_solution_prev_columns_eq
045daf28056a6e4358d5de7c22c7a9d7acc2e80e,573,3d10e88b4b3b30f410bc5f06250c4947dc942ca4ec9a097497d8275f3b406101,2201974301,15339,2,1,2,0,0,1,0,0,2,0,true,false,1,unique_nonreserved_sink,NumStability.higham9_14_source_h_bound_of_LUFactSpec_fl_triangular_solves_gamma,B_unique_nonreserved_sink,NumStability.higham9_14_source_h_bound_of_LUFactSpec_fl_triangular_solves_absLU_le_absA_gamma | NumStability.higham9_14_source_h_bound_of_LUFactSpec_fl_triangular_solves_gamma
045daf28056a6e4358d5de7c22c7a9d7acc2e80e,181,3d39d72e47f953bea745c40ac6854def80e0a656fcaf1f57e71ae81026ce6b73,1247083721,18571,2,1,2,0,0,0,0,0,2,0,true,false,1,unique_nonreserved_sink,NumStability.higham11_4_bunch_kaufman_stability_of_path_global_source_six_growth_bounds_maxEntryNorm_A,B_unique_nonreserved_sink,NumStability.higham11_4_bunch_kaufman_stability_interface_of_path_global_source_six_growth_bounds_maxEntryNorm_A | NumStability.higham11_4_bunch_kaufman_stability_of_path_global_source_six_growth_bounds_maxEntryNorm_A
045daf28056a6e4358d5de7c22c7a9d7acc2e80e,535,3dadc7ed15557c3389952e1794902a41d19cd7b2db9fd3a2ba8927080266a86f,2108094527,31664,2,1,2,0,0,1,0,0,1,0,true,false,1,unique_nonreserved_sink,NumStability.lyapunov_practical_error_bound_fl_of_pos_le_sylvesterSepInf_mono_scalar,B_unique_nonreserved_sink,NumStability.H16_eq16_29_lyapunov_practical_error_bound_fl_of_pos_le_sylvesterSepInf_mono_scalar | NumStability.lyapunov_practical_error_bound_fl_of_pos_le_sylvesterSepInf_mono_scalar
045daf28056a6e4358d5de7c22c7a9d7acc2e80e,68,3dcc8f28c17076e7b9e296434d731833263e1ae532871c9a3ce32a0a4a2710e9,3879849260,9511,3,2,3,0,0,0,0,2,3,0,true,false,2,unique_nonreserved_sink,NumStability.Wave19.theorem19_6_coxHigham_rowwise_elementwise_backward_error,B_unique_nonreserved_sink,NumStability.theorem20_7_coxHigham_rowwise_elementwise_backward_error_no_sqrt_m | NumStability.Wave19.H19_Theorem19_6_rowwise_elementwise_backward_error | NumStability.Wave19.theorem19_6_coxHigham_rowwise_elementwise_backward_error
045daf28056a6e4358d5de7c22c7a9d7acc2e80e,463,3e0cf88f8b6bedee1976c80ce93b66a70cc113356400850ca6f2bab410555536,1927053421,1887,2,2,2,0,0,1,0,1,2,0,true,false,1,unique_nonreserved_sink,NumStability.dotProduct_isRelBackwardStable,B_unique_nonreserved_sink,NumStability.dotProduct_isRelBackwardStable | NumStability.matVec_row_isRelBackwardStable
045daf28056a6e4358d5de7c22c7a9d7acc2e80e,753,3e290597ff3d92cf2348dd892191efd901d48cbd97239d02d9074c078cb31bb3,256646097,14884,2,1,2,0,0,1,0,0,2,0,true,false,1,unique_nonreserved_sink,NumStability.higham9_11_matrix_bandwidth_one_bohte_solve_tight_of_growth_le,B_unique_nonreserved_sink,NumStability.higham9_11_matrix_bandwidth_one_bohte_solve_tight_of_growth_le | NumStability.higham9_11_matrix_tridiagonal_bohte_solve_tight_of_growth_le
045daf28056a6e4358d5de7c22c7a9d7acc2e80e,1097,3e3f4a9328d2c6f8a62b7ab4e5a72c88b6bd26d6f5e6fc92c319e86cea9d2734,3399349654,24621,2,2,2,0,0,1,0,1,1,0,true,false,1,unique_nonreserved_sink,NumStability.sylvesterPsi_of_pos_le_sylvesterSepInf_isPsiFirstOrderBound,B_unique_nonreserved_sink,NumStability.sylvesterPsi_of_pos_le_sylvesterSepInf_isPsiFirstOrderBound | NumStability.H16_eq16_24_sylvesterPsi_of_pos_le_sylvesterSepInf_isPsiFirstOrderBound
045daf28056a6e4358d5de7c22c7a9d7acc2e80e,75,3e47c43c679811e782527d157bcad5ef914e188cb2ab798c9e86c2f37c68673b,1000684830,23634,2,2,2,0,0,1,0,1,1,0,true,false,1,unique_nonreserved_sink,NumStability.lyapunovOp_eq_sylvesterOp,B_unique_nonreserved_sink,NumStability.lyapunovOp_eq_sylvesterOp | NumStability.H16_LyapunovDefinition_lyapunovOp_eq_sylvesterOp
045daf28056a6e4358d5de7c22c7a9d7acc2e80e,325,3e4cb42672e8c79941e428cbd0c85ecf3a092cc4044904b639eead9c677280f7,1612999438,24596,2,2,2,0,0,1,0,1,1,0,true,false,1,unique_nonreserved_sink,NumStability.lyapunov_relative_residual_le_backwardErrorInf,B_unique_nonreserved_sink,NumStability.lyapunov_relative_residual_le_backwardErrorInf | NumStability.H16_eq16_21_lyapunov_relative_residual_le_backwardErrorInf
045daf28056a6e4358d5de7c22c7a9d7acc2e80e,1676,3e9f8e19506106aad2787a3528ccaacd931aaba3413bbda77954a176d2f85fb3,925098990,18697,2,1,2,0,0,1,0,0,2,0,true,false,1,unique_nonreserved_sink,NumStability.higham11_4_bunch_kaufman_solve_backward_error_of_path_local_D_single_nonzero_L_rows_maxEntryNorm_A_product,B_unique_nonreserved_sink,NumStability.higham11_4_bunch_kaufman_solve_backward_error_interface_of_path_local_D_single_nonzero_L_rows_maxEntryNorm_A_product | NumStability.higham11_4_bunch_kaufman_solve_backward_error_of_path_local_D_single_nonzero_L_rows_maxEntryNorm_A_product
045daf28056a6e4358d5de7c22c7a9d7acc2e80e,957,3ea05ca543d668863f8972a7b29146f38fa9663115ed89fd78c303ab042cbddd,3061315456,15941,2,1,2,0,0,1,0,0,1,0,true,false,1,unique_nonreserved_sink,NumStability.higham9_15_normwise_source_bound_of_factorization_init_residual_zero_opNorm_of_matrix_inverse_identities_exact_opNorm2,B_unique_nonreserved_sink,NumStability.higham9_15_normwise_source_bound_of_factorization_G_init_residual_zero_opNorm_of_matrix_inverse_identities_exact_opNorm2 | NumStability.higham9_15_normwise_source_bound_of_factorization_init_residual_zero_opNorm_of_matrix_inverse_identities_exact_opNorm2
045daf28056a6e4358d5de7c22c7a9d7acc2e80e,1108,3ee1b0934cbaba8ae423eff5b2ab0972e866e919dd55a19526a7a5bbc2bf0066,3428067023,23642,2,2,2,0,0,1,0,1,1,0,true,false,1,unique_nonreserved_sink,NumStability.sylvesterVecCoeff_diagonal_mulVec_surjective,B_unique_nonreserved_sink,NumStability.sylvesterVecCoeff_diagonal_mulVec_surjective | NumStability.H16_eq16_3_sylvesterVecCoeff_diagonal_mulVec_surjective
045daf28056a6e4358d5de7c22c7a9d7acc2e80e,586,3f10dd63d98318464d2d4dc80763333f1de93f7507731af6bb99fe1db8c52701,2226821692,24942,2,1,2,0,0,1,0,0,1,0,true,false,1,unique_nonreserved_sink,NumStability.sylvester_practical_abs_error_bound_of_no_common_complex_right_eigenvalue_schur_transform_residual_bound_scalar,B_unique_nonreserved_sink,NumStability.H16_eq16_29_sylvester_practical_abs_error_bound_of_no_common_complex_right_eigenvalue_schur_transform_residual_bound_scalar | NumStability.sylvester_practical_abs_error_bound_of_no_common_complex_right_eigenvalue_schur_transform_residual_bound_scalar
045daf28056a6e4358d5de7c22c7a9d7acc2e80e,706,3f38157d2d9db310bb04d8765fc910a4e050da8da9d1b9a8cfae699bd5b5b793,2454653054,31581,2,1,2,0,0,1,0,0,1,0,true,false,1,unique_nonreserved_sink,NumStability.existsUnique_isSylvesterSolutionRect_and_HessenbergGEPPUTrace_growth_of_realSchur_upperHessenberg_triangular_vecCoeff_gram_eigenvalues,B_unique_nonreserved_sink,NumStability.H16_eq16_4_8_existsUnique_isSylvesterSolutionRect_and_HessenbergGEPPUTrace_growth_of_realSchur_upperHessenberg_triangular_vecCoeff_gram_eigenvalues | NumStability.existsUnique_isSylvesterSolutionRect_and_HessenbergGEPPUTrace_growth_of_realSchur_upperHessenberg_triangular_vecCoeff_gram_eigenvalues
045daf28056a6e4358d5de7c22c7a9d7acc2e80e,1441,3f5894b59630c06066e5d08a191c7714ddf56aef0d90184dd42d4fb1e5696a7a,4250502230,31648,2,1,2,0,0,1,0,0,1,0,true,false,1,unique_nonreserved_sink,NumStability.lyapunov_practical_error_bound_fl_of_vecCoeff_det_ne_zero_mono,B_unique_nonreserved_sink,NumStability.H16_eq16_29_lyapunov_practical_error_bound_fl_of_vecCoeff_det_ne_zero_mono | NumStability.lyapunov_practical_error_bound_fl_of_vecCoeff_det_ne_zero_mono
045daf28056a6e4358d5de7c22c7a9d7acc2e80e,572,3f8c38262e2c9ae2641792915c74e4d9bd2b29eae4fa03d1e4ffca73ecb614ed,2201768860,26388,2,2,2,0,0,1,0,1,1,0,true,false,1,unique_nonreserved_sink,NumStability.sylvesterVecCoeff_eq_nonsingInv_mulVec_of_mulVec_eq_of_pos_le_sylvesterSepInf,B_unique_nonreserved_sink,NumStability.sylvesterVecCoeff_eq_nonsingInv_mulVec_of_mulVec_eq_of_pos_le_sylvesterSepInf | NumStability.H16_eq16_2_26_sylvesterVecCoeff_eq_nonsingInv_mulVec_of_mulVec_eq_of_pos_le_sylvesterSepInf
045daf28056a6e4358d5de7c22c7a9d7acc2e80e,578,3fbe290538f3a70c8c2af948cd4e0832583d4498589f655aad567d17061f0cd0,2207495250,26356,2,2,2,0,0,1,0,1,1,0,true,false,1,unique_nonreserved_sink,NumStability.sylvesterVecCoeff_mulVec_surjective_of_operator_sigmaMin,B_unique_nonreserved_sink,NumStability.sylvesterVecCoeff_mulVec_surjective_of_operator_sigmaMin | NumStability.H16_eq16_26_sylvesterVecCoeff_mulVec_surjective_of_operator_sigmaMin
045daf28056a6e4358d5de7c22c7a9d7acc2e80e,1113,40446bcf46098c1421ccd5b05a88877401844ede3672717d5f1c1497b0122c34,3437018950,15992,2,1,2,0,0,1,0,0,1,0,true,false,1,unique_nonreserved_sink,NumStability.higham9_15_normwise_source_bound_of_factorization_init_linear_step_opNorm_product_lt_of_factor_triangularity,B_unique_nonreserved_sink,NumStability.higham9_15_normwise_source_bound_of_factorization_G_init_linear_step_opNorm_product_lt_of_factor_triangularity | NumStability.higham9_15_normwise_source_bound_of_factorization_init_linear_step_opNorm_product_lt_of_factor_triangularity
045daf28056a6e4358d5de7c22c7a9d7acc2e80e,67,4099a0f98060a3180873fd4467d568ff6b70927fbd37edaeca51170aa6f0a702,3878817548,24785,3,1,3,0,0,1,0,0,2,0,true,false,1,unique_nonreserved_sink,NumStability.sylvester_quasiSchur_blockTraversal_original_solution_eq_of_realQuasiSchur_factors_block_separation_vecCoeff_det_ne_zero_generated_frontier_step_oracle,B_unique_nonreserved_sink,NumStability.H16_eq16_4_8_sylvester_quasiSchur_blockTraversal_original_solution_eq_of_realQuasiSchur_factors_block_separation_vecCoeff_det_ne_zero_generated_frontier_step_oracle | NumStability.sylvester_quasiSchur_blockTraversal_original_solution_eq_of_realQuasiSchur_factors_block_separation_vecCoeff_det_ne_zero_generated_frontier_step_oracle | NumStability.sylvester_quasiSchur_blockTraversal_original_solution_eq_of_realQuasiSchur_factors_vecCoeff_det_ne_zero_generated_frontier_step_oracle
045daf28056a6e4358d5de7c22c7a9d7acc2e80e,1100,40b85016304f264698bcb1c74d44c44e23117ce4996bde2eeef82203264bbb97,3411398491,9498,2,2,2,0,0,1,0,1,2,0,true,false,1,unique_nonreserved_sink,NumStability.Wave18D.perStep_leadingRow_contribution_zero,B_unique_nonreserved_sink,NumStability.Wave19.perStep_leadingRow_contribution_zero | NumStability.Wave18D.perStep_leadingRow_contribution_zero
045daf28056a6e4358d5de7c22c7a9d7acc2e80e,1539,40f2214107129ed4cb2a8d429fa20f5f9701d2ad0af94800051f3ad6b4c2d09d,602458583,26472,2,2,2,0,0,1,0,1,1,0,true,false,1,unique_nonreserved_sink,NumStability.sylvester_practical_error_bound_of_vecCoeff_sigmaMin_computed_residual_error_model_mono_scalar,B_unique_nonreserved_sink,NumStability.sylvester_practical_error_bound_of_vecCoeff_sigmaMin_computed_residual_error_model_mono_scalar | NumStability.H16_eq16_29_sylvester_practical_error_bound_of_vecCoeff_sigmaMin_computed_residual_error_model_mono_scalar
045daf28056a6e4358d5de7c22c7a9d7acc2e80e,933,4101be3b0c8be48f3eba0e0dbf3ef75721d8ba16c5e1011fcabd50ae3273e906,3008303842,24948,2,1,2,0,0,1,0,1,1,0,true,false,1,unique_nonreserved_sink,NumStability.sylvesterTriangularShiftedCoeff_det_ne_zero_of_realQuasiSchur_factors_singleton_vecCoeff_det_ne_zero,B_unique_nonreserved_sink,NumStability.H16_eq16_6_sylvesterTriangularShiftedCoeff_det_ne_zero_of_realQuasiSchur_factors_singleton_vecCoeff_det_ne_zero | NumStability.sylvesterTriangularShiftedCoeff_det_ne_zero_of_realQuasiSchur_factors_singleton_vecCoeff_det_ne_zero
045daf28056a6e4358d5de7c22c7a9d7acc2e80e,665,410466c77cc5e63f174b4176e449a214aa6aabba1380faf93fc256443bd42056,2370344104,23638,2,2,2,0,0,1,0,1,1,0,true,false,1,unique_nonreserved_sink,NumStability.sylvesterVecCoeff_diagonal_det,B_unique_nonreserved_sink,NumStability.sylvesterVecCoeff_diagonal_det | NumStability.H16_eq16_3_sylvesterVecCoeff_diagonal_det
045daf28056a6e4358d5de7c22c7a9d7acc2e80e,1098,417a9c6aa655bf8ee476d2122f60a1cb68729ce0660721feec77ef0460596224,3400327560,24620,2,2,2,0,0,1,0,1,1,0,true,false,1,unique_nonreserved_sink,NumStability.sylvesterPsi_of_sepLowerBound_isPsiFirstOrderBound,B_unique_nonreserved_sink,NumStability.sylvesterPsi_of_sepLowerBound_isPsiFirstOrderBound | NumStability.H16_eq16_24_sylvesterPsi_of_sepLowerBound_isPsiFirstOrderBound
045daf28056a6e4358d5de7c22c7a9d7acc2e80e,652,418ec404a78bb22958120846a02c37acaca9ee0a452dab0c06d133965eafb9bd,2337560587,19292,2,1,2,0,0,0,0,0,2,0,true,false,1,unique_nonreserved_sink,NumStability.higham11_4_bunch_kaufman_solve_backward_error_of_path_branchwise_source_six_growth_caps_maxEntryNorm_A_product,B_unique_nonreserved_sink,NumStability.higham11_4_bunch_kaufman_solve_backward_error_interface_of_path_branchwise_source_six_growth_caps_maxEntryNorm_A_product | NumStability.higham11_4_bunch_kaufman_solve_backward_error_of_path_branchwise_source_six_growth_caps_maxEntryNorm_A_product
045daf28056a6e4358d5de7c22c7a9d7acc2e80e,401,419cb068525dac1f4ed6e6429793598da86f6959ba8d1bd24a47af1630f5fc40,1768905373,24162,2,2,2,0,0,1,0,1,2,0,true,false,1,unique_nonreserved_sink,NumStability.sylvester_practical_error_bound_of_realQuasiSchur_strictBlockMap_computed_residual_error_model_scalar,B_unique_nonreserved_sink,NumStability.sylvester_practical_error_bound_of_realQuasiSchur_strictBlockMap_computed_residual_error_model_scalar | NumStability.H16_eq16_29_realQuasiSchur_strictBlockMap_computed_residual_error_model_scalar
045daf28056a6e4358d5de7c22c7a9d7acc2e80e,427,41b916817112815028aaa01b38358f59eff7a8a3a826788339556727f2646d4e,1823139745,31704,2,1,2,0,0,1,0,0,1,0,true,false,1,unique_nonreserved_sink,NumStability.lyapunov_practical_error_bound_fl_of_vecCoeff_sigmaMin_mono,B_unique_nonreserved_sink,NumStability.H16_eq16_29_lyapunov_practical_error_bound_fl_of_vecCoeff_sigmaMin_mono | NumStability.lyapunov_practical_error_bound_fl_of_vecCoeff_sigmaMin_mono
045daf28056a6e4358d5de7c22c7a9d7acc2e80e,1221,41ce8cec601e34c735cf9f7404b9b3716acb2b2e4fc5f0d728e79b8ab3582afd,3690810232,30697,2,1,2,0,0,1,0,1,2,0,true,false,1,unique_nonreserved_sink,NumStability.fl_kahanSum_backward_error_source_bound_correctedReturnedMajorant,B_unique_nonreserved_sink,NumStability.fl_kahanSum_backward_error_source_bound_correctedReturnedMajorant | NumStability.highamCh4_equation48_modelStrengthCorrection_bareFPModel
045daf28056a6e4358d5de7c22c7a9d7acc2e80e,373,41fd65e4334502e79159507356b11150cb4612988da2eec3485308e9c509d678,1702637366,24612,2,2,2,0,0,1,0,1,1,0,true,false,1,unique_nonreserved_sink,NumStability.lyapunovBackwardScalarEq_of_isLyapunovBackwardError_spectral_decomposition,B_unique_nonreserved_sink,NumStability.lyapunovBackwardScalarEq_of_isLyapunovBackwardError_spectral_decomposition | NumStability.H16_eq16_21_lyapunovBackwardScalarEq_of_isLyapunovBackwardError_spectral_decomposition
045daf28056a6e4358d5de7c22c7a9d7acc2e80e,390,4243c31c6e96490ff694bfd7a544b5a9057587846f3c457641a539faaad0a19b,1737084989,24102,2,2,2,0,0,1,0,1,1,0,true,false,1,unique_nonreserved_sink,NumStability.sylvesterTwoColumnBlockCoeff_block_and_det_ne_zero_of_quasiSchur_shifted_det_product_zero,B_unique_nonreserved_sink,NumStability.sylvesterTwoColumnBlockCoeff_block_and_det_ne_zero_of_quasiSchur_shifted_det_product_zero | NumStability.H16_eq16_4_8_sylvesterTwoColumnBlockCoeff_block_and_det_ne_zero_of_quasiSchur_shifted_det_product_zero
045daf28056a6e4358d5de7c22c7a9d7acc2e80e,1120,42796076793773a03c1abfe942155401d086ce754d269d1c0ed4828b177c0c47,3455248167,23526,2,2,2,0,0,1,0,1,2,0,true,false,1,unique_nonreserved_sink,NumStability.higham8_4_anyOrder,B_unique_nonreserved_sink,NumStability.higham8_4_anyOrder_backwardError | NumStability.higham8_4_anyOrder
045daf28056a6e4358d5de7c22c7a9d7acc2e80e,791,4285cdca25543a0a4707d68ca94a664a18c06d2e2e740824c81faa2d045cfde9,2664820184,26222,2,2,2,0,0,1,0,1,1,0,true,false,1,unique_nonreserved_sink,NumStability.sylvesterVecCoeff_lyapunovSpecial_nonsingInv_mulVec_mulVec_of_operator_sigmaMin,B_unique_nonreserved_sink,NumStability.sylvesterVecCoeff_lyapunovSpecial_nonsingInv_mulVec_mulVec_of_operator_sigmaMin | NumStability.H16_eq16_2_27_sylvesterVecCoeff_lyapunovSpecial_nonsingInv_mulVec_mulVec_of_operator_sigmaMin
045daf28056a6e4358d5de7c22c7a9d7acc2e80e,676,438c1de065a35923aea0fbf990dacdbba4d389703c41d4cd1c5276e6ffa0e482,2395462989,18887,2,1,2,0,0,1,0,0,2,0,true,false,1,unique_nonreserved_sink,NumStability.higham11_4_bunch_kaufman_stability_of_first_stage_recursive_uniform_six_row_sum_normalized_prefix_growth_D_bound_unit_initial,B_unique_nonreserved_sink,NumStability.higham11_4_bunch_kaufman_stability_interface_of_first_stage_recursive_uniform_six_row_sum_normalized_prefix_growth_D_bound_unit_initial | NumStability.higham11_4_bunch_kaufman_stability_of_first_stage_recursive_uniform_six_row_sum_normalized_prefix_growth_D_bound_unit_initial
045daf28056a6e4358d5de7c22c7a9d7acc2e80e,248,43947276a52ac00a4a45864c3d372c1d901447c3859cd493f4355167d4faa0aa,140300553,24435,2,2,2,0,0,1,0,1,1,0,true,false,1,unique_nonreserved_sink,NumStability.sylvesterSepInf_diagonal_ge_of_entrywise_abs_ge,B_unique_nonreserved_sink,NumStability.sylvesterSepInf_diagonal_ge_of_entrywise_abs_ge | NumStability.H16_eq16_26_sylvesterSepInf_diagonal_ge_of_entrywise_abs_ge
045daf28056a6e4358d5de7c22c7a9d7acc2e80e,415,43cc4f3557531aba12fcc0daa7fcb977b666b7ad57bdc5d068432a8bd2ebe6b1,1796225465,9035,2,1,2,0,0,1,0,1,2,0,true,false,1,unique_nonreserved_sink,H19.Theorem19_10.givens_qr_backward_error,B_unique_nonreserved_sink,H19.Theorem19_10.eq19_25_givens_qr_backward_error | H19.Theorem19_10.givens_qr_backward_error
045daf28056a6e4358d5de7c22c7a9d7acc2e80e,1215,43f49f4d8af9bce252e59b4190c82f956f2f8166d72cbad03bf4721f73823684,3652433398,31577,2,1,2,0,0,1,0,0,1,0,true,false,1,unique_nonreserved_sink,NumStability.existsUnique_isSylvesterSolutionRect_and_HessenbergGEPPUTrace_growth_of_realSchur_upperHessenberg_triangular_pos_le_sylvesterSepInf,B_unique_nonreserved_sink,NumStability.H16_eq16_4_8_existsUnique_isSylvesterSolutionRect_and_HessenbergGEPPUTrace_growth_of_realSchur_upperHessenberg_triangular_pos_le_sylvesterSepInf | NumStability.existsUnique_isSylvesterSolutionRect_and_HessenbergGEPPUTrace_growth_of_realSchur_upperHessenberg_triangular_pos_le_sylvesterSepInf
045daf28056a6e4358d5de7c22c7a9d7acc2e80e,1510,442230f6d1acc03974444edac2f9cddb8eb6aba8dd03876a87598ab36df0b4e6,532099968,26358,2,2,2,0,0,1,0,1,1,0,true,false,1,unique_nonreserved_sink,NumStability.lyapunov_perturbation_bound_of_vecCoeff_left_inverse_finiteOpNorm2Le_total,B_unique_nonreserved_sink,NumStability.lyapunov_perturbation_bound_of_vecCoeff_left_inverse_finiteOpNorm2Le_total | NumStability.H16_eq16_27_lyapunov_perturbation_bound_of_vecCoeff_left_inverse_finiteOpNorm2Le_total
045daf28056a6e4358d5de7c22c7a9d7acc2e80e,89,443bf659b6cfce732b23a9676f7594c1b0eb5240e96eebd01763919ed1276250,1032898630,26406,2,2,2,0,0,1,0,1,1,0,true,false,1,unique_nonreserved_sink,NumStability.lyapunov_aposteriori_bound_of_vecCoeff_gram_eigenvalues_total,B_unique_nonreserved_sink,NumStability.lyapunov_aposteriori_bound_of_vecCoeff_gram_eigenvalues_total | NumStability.H16_eq16_28_lyapunov_aposteriori_bound_of_vecCoeff_gram_eigenvalues_total
045daf28056a6e4358d5de7c22c7a9d7acc2e80e,310,4461361e462cb2422ece17e5219953623643bc1d9768091b6f5136acba64009b,1594195452,24465,2,2,2,0,0,1,0,1,1,0,true,false,1,unique_nonreserved_sink,NumStability.sylvester_perturbation_first_order,B_unique_nonreserved_sink,NumStability.sylvester_perturbation_first_order | NumStability.H16_eq16_22_sylvester_perturbation_first_order
045daf28056a6e4358d5de7c22c7a9d7acc2e80e,358,446c287cf7fc6d7b7a9f3ac0d9ca0aab4f6df8451e08c915cdf40112217e7f73,1675312500,40383,2,2,2,0,0,1,0,1,2,0,true,false,1,unique_nonreserved_sink,NumStability.psd_cholesky_existence,B_unique_nonreserved_sink,NumStability.psd_cholesky_existence | NumStability.higham10_9_psd_cholesky_existence
045daf28056a6e4358d5de7c22c7a9d7acc2e80e,556,447bdb62200047c9a81b8b3f14dc8f2f4634c05fe80542de0320691561553945,2160384388,26536,2,2,2,0,0,1,0,1,1,0,true,false,1,unique_nonreserved_sink,NumStability.lyapunov_practical_error_bound_of_vecCoeff_left_inverse_finiteOpNorm2Le_computed_residual_budget,B_unique_nonreserved_sink,NumStability.lyapunov_practical_error_bound_of_vecCoeff_left_inverse_finiteOpNorm2Le_computed_residual_budget | NumStability.H16_eq16_29_lyapunov_practical_error_bound_of_vecCoeff_left_inverse_finiteOpNorm2Le_computed_residual_budget
045daf28056a6e4358d5de7c22c7a9d7acc2e80e,1345,44b5ddc1c975b3a89474a8c5c4dc1070c32822f0b766170c28152995645f81ea,4004853020,23713,2,2,2,0,0,1,0,1,1,0,true,false,1,unique_nonreserved_sink,NumStability.sylvester_practical_error_bound_of_vecCoeff_det_ne_zero_computed_residual_frobenius_error_model_scalar,B_unique_nonreserved_sink,NumStability.sylvester_practical_error_bound_of_vecCoeff_det_ne_zero_computed_residual_frobenius_error_model_scalar | NumStability.H16_eq16_29_sylvester_practical_error_bound_of_vecCoeff_det_ne_zero_computed_residual_frobenius_error_model_scalar
045daf28056a6e4358d5de7c22c7a9d7acc2e80e,980,44ef459b8ea84549cb17e4b8d401f95b06c5fe1448b4f2ad8731006dcfef84c0,3109611929,18698,2,1,2,0,0,1,0,0,2,0,true,false,1,unique_nonreserved_sink,NumStability.higham11_4_bunch_kaufman_stability_of_first_stage_recursive_split_normalized_prefix_regional_LD_bound,B_unique_nonreserved_sink,NumStability.higham11_4_bunch_kaufman_stability_interface_of_first_stage_recursive_split_normalized_prefix_regional_LD_bound | NumStability.higham11_4_bunch_kaufman_stability_of_first_stage_recursive_split_normalized_prefix_regional_LD_bound
045daf28056a6e4358d5de7c22c7a9d7acc2e80e,1569,451cdbfcb134c5cadf77a6eb4f77803881e87c81ada06765ac4ee090b972c5c2,679258964,24864,2,1,2,0,0,1,0,0,2,0,true,false,1,unique_nonreserved_sink,NumStability.sylvester_practical_error_bound_of_realQuasiSchur_strictBlockMap_shifted_computed_residual_error_model_scalar,B_unique_nonreserved_sink,NumStability.H16_eq16_29_realQuasiSchur_strictBlockMap_shifted_computed_residual_error_model_scalar | NumStability.sylvester_practical_error_bound_of_realQuasiSchur_strictBlockMap_shifted_computed_residual_error_model_scalar
045daf28056a6e4358d5de7c22c7a9d7acc2e80e,416,452407a05c0fccf537388bf786420fcf893348f4fc1566d87a61ed8eb440f07d,1800016501,15980,2,1,2,0,0,1,0,0,1,0,true,false,1,unique_nonreserved_sink,NumStability.higham9_15_normwise_source_bound_of_factorization_init_min_factor_bound_opNorm_of_matrix_inverse_identities,B_unique_nonreserved_sink,NumStability.higham9_15_normwise_source_bound_of_factorization_G_init_min_factor_bound_opNorm_of_matrix_inverse_identities | NumStability.higham9_15_normwise_source_bound_of_factorization_init_min_factor_bound_opNorm_of_matrix_inverse_identities
045daf28056a6e4358d5de7c22c7a9d7acc2e80e,1268,454590755b84a9a0a1a1d3220f8f41b5975d90658b6785f454e350a354a32ac2,3781141533,31571,2,1,2,0,0,1,0,0,1,0,true,false,1,unique_nonreserved_sink,NumStability.existsUnique_isSylvesterSolutionRect_and_HessenbergGEPPUTrace_growth_of_upperHessenberg_triangular_shifted_det_ne_zero,B_unique_nonreserved_sink,NumStability.H16_eq16_4_8_existsUnique_isSylvesterSolutionRect_and_HessenbergGEPPUTrace_growth_of_upperHessenberg_triangular_shifted_det_ne_zero | NumStability.existsUnique_isSylvesterSolutionRect_and_HessenbergGEPPUTrace_growth_of_upperHessenberg_triangular_shifted_det_ne_zero
045daf28056a6e4358d5de7c22c7a9d7acc2e80e,849,4548a8dfec3683aa000a0275f309e376c8142a5f83421d1b22140b0aedd357c0,2811396550,57944,2,1,2,0,0,0,0,0,2,0,true,false,1,unique_nonreserved_sink,NumStability.hessenbergDetExample_mul_ones,B_unique_nonreserved_sink,NumStability.hessenbergDetExample_mul_ones | NumStability.hessenbergDetExample_ones_solves_rhs
045daf28056a6e4358d5de7c22c7a9d7acc2e80e,994,45715c21b889025d5481e2f5c817f525936b8552b050417f82d73eb87431f091,3153358575,7884,2,2,2,0,0,1,0,1,2,0,true,false,1,unique_nonreserved_sink,NumStability.commonR_difference_rectOpNorm2Le_of_perturbation_difference_mul_right_inverse,B_unique_nonreserved_sink,NumStability.commonR_difference_rectOpNorm2Le_of_perturbation_difference_mul_right_inverse | H19.Theorem19_13.commonR_difference_rectOpNorm2Le_of_perturbation_difference_mul_right_inverse
045daf28056a6e4358d5de7c22c7a9d7acc2e80e,1414,45912d76d332b426c1bfce0298437997643c9bcf0e644c4968c7969d0523d7ef,41866187,26403,2,2,2,0,0,1,0,1,1,0,true,false,1,unique_nonreserved_sink,NumStability.lyapunovVecCoeff_det_ne_zero_of_vecCoeff_sigmaMin,B_unique_nonreserved_sink,NumStability.lyapunovVecCoeff_det_ne_zero_of_vecCoeff_sigmaMin | NumStability.H16_eq16_2_27_lyapunovVecCoeff_det_ne_zero_of_vecCoeff_sigmaMin
045daf28056a6e4358d5de7c22c7a9d7acc2e80e,1176,45dad4c276b7b08e718d62e6b1fd7c11ae0a467dd5633ddfea04c1a3a9c4590f,35600181,31641,2,1,2,0,0,1,0,0,1,0,true,false,1,unique_nonreserved_sink,NumStability.sylvester_practical_error_bound_fl_of_vecCoeff_sigmaMin_scalar,B_unique_nonreserved_sink,NumStability.H16_eq16_29_sylvester_practical_error_bound_fl_of_vecCoeff_sigmaMin_scalar | NumStability.sylvester_practical_error_bound_fl_of_vecCoeff_sigmaMin_scalar
045daf28056a6e4358d5de7c22c7a9d7acc2e80e,1243,45eb8b968579e70f8b7d82f473f2c66390c11164b41810ab169acde7f927e77a,3732958371,31634,2,1,2,0,0,1,0,0,1,0,true,false,1,unique_nonreserved_sink,NumStability.lyapunov_practical_error_bound_fl_of_sepLowerBound,B_unique_nonreserved_sink,NumStability.H16_eq16_29_lyapunov_practical_error_bound_fl_of_sepLowerBound | NumStability.lyapunov_practical_error_bound_fl_of_sepLowerBound
045daf28056a6e4358d5de7c22c7a9d7acc2e80e,1483,46039cd481b3651c9a2ff809c0b893e67c3eaac718aab3fbfbc77ca4bac0c5d0,472807306,31649,2,1,2,0,0,1,0,0,1,0,true,false,1,unique_nonreserved_sink,NumStability.exists_lyapunovBackwardError_minimizer_of_symmetric_spectral,B_unique_nonreserved_sink,NumStability.H16_eq16_21_exists_lyapunovBackwardError_minimizer_of_symmetric_spectral | NumStability.exists_lyapunovBackwardError_minimizer_of_symmetric_spectral
045daf28056a6e4358d5de7c22c7a9d7acc2e80e,1343,4625bdebe705c84d43e375fd9980a1bf315ef0eb51cb44911c036151a54fcb02,3994288546,3264,2,2,2,0,0,1,0,1,2,0,true,false,1,unique_nonreserved_sink,NumStability.backSub_row_tight,B_unique_nonreserved_sink,NumStability.backSub_row_tight | NumStability.higham8_2_backSub_row_tight
045daf28056a6e4358d5de7c22c7a9d7acc2e80e,972,46816b2d293fa2576cf0e85aa76ae6d0ddca521e691e6ec98807c6a304fa2333,3090141953,24751,2,1,2,0,0,1,0,0,1,0,true,false,1,unique_nonreserved_sink,NumStability.sylvester_practical_abs_error_bound_of_sepLowerBound_computed_residual_certificate,B_unique_nonreserved_sink,NumStability.H16_eq16_29_sylvester_practical_abs_error_bound_of_sepLowerBound_computed_residual_certificate | NumStability.sylvester_practical_abs_error_bound_of_sepLowerBound_computed_residual_certificate
045daf28056a6e4358d5de7c22c7a9d7acc2e80e,44,46beb5c472be302af344a0c75dc6a3cc197824944f87f16a575420069294afff,1362503876,26175,3,2,3,0,0,2,0,1,2,0,true,false,2,unique_nonreserved_sink,NumStability.lyapunov_relative_first_order_bound_of_vecCoeff_left_inverse_finiteOpNorm2Le,B_unique_nonreserved_sink,NumStability.lyapunov_relative_first_order_bound_of_vecCoeff_left_inverse_finiteOpNorm2Le | NumStability.H16_eq16_27_lyapunov_condition_of_vecCoeff_left_inverse_finiteOpNorm2Le | NumStability.H16_eq16_27_lyapunov_relative_first_order_bound_of_vecCoeff_left_inverse_finiteOpNorm2Le
045daf28056a6e4358d5de7c22c7a9d7acc2e80e,534,46d48039e215ad1e6ed3bb6807db8f8b2de8d1646b0f061d7aa773aa2724d359,2104756051,16545,2,1,2,0,0,1,0,0,1,0,true,false,1,unique_nonreserved_sink,NumStability.higham9_15_normwise_source_bound_of_factorization_init_residual_zero_opNorm,B_unique_nonreserved_sink,NumStability.higham9_15_normwise_source_bound_of_factorization_G_init_residual_zero_opNorm | NumStability.higham9_15_normwise_source_bound_of_factorization_init_residual_zero_opNorm
045daf28056a6e4358d5de7c22c7a9d7acc2e80e,527,46ed69dca03843dffc72e3a3634ddf1dca3c13016309da947cf751cfa4b14258,2087957679,24547,2,2,2,0,0,1,0,1,1,0,true,false,1,unique_nonreserved_sink,NumStability.xiSq_amplification_bound,B_unique_nonreserved_sink,NumStability.xiSq_amplification_bound | NumStability.H16_eq16_17_18_xiSq_amplification_bound
045daf28056a6e4358d5de7c22c7a9d7acc2e80e,1694,47031d380b8368127a3c10a4abc296ecd9a432a30b2e008a8234a2797cf9ce13,964367455,24090,2,2,2,0,0,1,0,1,1,0,true,false,1,unique_nonreserved_sink,NumStability.sylvesterTwoColumnBlock_product_shift_kernel_to_coupled_block_action,B_unique_nonreserved_sink,NumStability.sylvesterTwoColumnBlock_product_shift_kernel_to_coupled_block_action | NumStability.H16_eq16_4_8_sylvesterTwoColumnBlock_product_shift_kernel_to_coupled_block_action
045daf28056a6e4358d5de7c22c7a9d7acc2e80e,904,47ad619fb73acee9cfbf2e87fc7983d896f46d40f6e5a2e37c021beea1c0a01d,2943698938,31670,2,1,2,0,0,1,0,0,1,0,true,false,1,unique_nonreserved_sink,NumStability.lyapunov_practical_error_bound_fl_of_sepLowerBound_scalar,B_unique_nonreserved_sink,NumStability.H16_eq16_29_lyapunov_practical_error_bound_fl_of_sepLowerBound_scalar | NumStability.lyapunov_practical_error_bound_fl_of_sepLowerBound_scalar
045daf28056a6e4358d5de7c22c7a9d7acc2e80e,268,47d9fc9ffdab9020d530577d1c7133a7e5a5f2f7bb4c830a3a08169f04fc8579,1445604493,31818,2,1,2,0,0,1,0,0,2,0,true,false,1,unique_nonreserved_sink,NumStability.sylvester_practical_error_bound_fl_of_realQuasiSchur_strictBlockMap_mono,B_unique_nonreserved_sink,NumStability.H16_eq16_29_sylvester_practical_error_bound_fl_of_realQuasiSchur_strictBlockMap_mono | NumStability.sylvester_practical_error_bound_fl_of_realQuasiSchur_strictBlockMap_mono
045daf28056a6e4358d5de7c22c7a9d7acc2e80e,1200,47db0ec14807301f2647b161b7797ed56756e072b068cf479bde9ef3ce368d62,3621556081,24647,2,2,2,0,0,1,0,1,1,0,true,false,1,unique_nonreserved_sink,NumStability.SepLowerBound_lyapunov_diagonal_of_entrywise_abs_ge,B_unique_nonreserved_sink,NumStability.SepLowerBound_lyapunov_diagonal_of_entrywise_abs_ge | NumStability.H16_eq16_26_SepLowerBound_lyapunov_diagonal_of_entrywise_abs_ge
045daf28056a6e4358d5de7c22c7a9d7acc2e80e,1709,47db9c07634b65d5072a593fb32154f45e9eb7a02aae8479275d8eabf7910feb,995123251,24649,2,2,2,0,0,1,0,1,1,0,true,false,1,unique_nonreserved_sink,NumStability.lyapunovCondDiagonal_isLyapunovConditionFirstOrderBound,B_unique_nonreserved_sink,NumStability.lyapunovCondDiagonal_isLyapunovConditionFirstOrderBound | NumStability.H16_eq16_27_lyapunovCondDiagonal_isLyapunovConditionFirstOrderBound
045daf28056a6e4358d5de7c22c7a9d7acc2e80e,574,4802fef1fa819065f7ccf24ee5f5098f252124d12a339c88ce94f46500bccad7,2203123114,31817,2,1,2,0,0,1,0,0,2,0,true,false,1,unique_nonreserved_sink,NumStability.sylvester_practical_error_bound_fl_of_realQuasiSchur_strictBlockMap,B_unique_nonreserved_sink,NumStability.H16_eq16_29_sylvester_practical_error_bound_fl_of_realQuasiSchur_strictBlockMap | NumStability.sylvester_practical_error_bound_fl_of_realQuasiSchur_strictBlockMap
045daf28056a6e4358d5de7c22c7a9d7acc2e80e,1125,488bc574c7c3a21376ddb2b63b19e5d5ec93b3cf70b38c0c8c2f99493bd891d3,3464465796,26123,2,2,2,0,0,1,0,1,1,0,true,false,1,unique_nonreserved_sink,NumStability.sylvester_perturbation_bound_of_sigmaMin,B_unique_nonreserved_sink,NumStability.sylvester_perturbation_bound_of_sigmaMin | NumStability.H16_eq16_25_sylvester_perturbation_bound_of_sigmaMin
045daf28056a6e4358d5de7c22c7a9d7acc2e80e,690,48a714e9ad12da80c496eae3792e416514b5c94aa9d906e52000cad482a7c897,2418874303,24364,2,2,2,0,0,1,0,1,1,0,true,false,1,unique_nonreserved_sink,NumStability.Wave15.sylvesterVecCoeff_same_col_apply,B_unique_nonreserved_sink,NumStability.Wave15.sylvesterVecCoeff_same_col_apply | NumStability.Wave15.H16_eq16_2_quasi_sylvesterVecCoeff_same_col_apply
045daf28056a6e4358d5de7c22c7a9d7acc2e80e,778,48c92ea016659b6ea9d92e15f36e9017b089dc6670f72485fd8b80d1e31ab3d6,2623844044,31693,2,1,2,0,0,1,0,0,1,0,true,false,1,unique_nonreserved_sink,NumStability.lyapunov_practical_error_bound_fl_of_vecCoeff_det_ne_zero,B_unique_nonreserved_sink,NumStability.H16_eq16_29_lyapunov_practical_error_bound_fl_of_vecCoeff_det_ne_zero | NumStability.lyapunov_practical_error_bound_fl_of_vecCoeff_det_ne_zero
045daf28056a6e4358d5de7c22c7a9d7acc2e80e,338,4964d525846693b94992336e999ab5b1c8f11a9a93d3f93175e830bd75f44eed,1640852321,8594,2,1,2,0,0,1,0,1,2,0,true,false,1,unique_nonreserved_sink,H19.Theorem19_4.householder_qr_backward_error,B_unique_nonreserved_sink,H19.Theorem19_4.eq19_11_columnwise_backward_error | H19.Theorem19_4.householder_qr_backward_error
045daf28056a6e4358d5de7c22c7a9d7acc2e80e,648,497e4a53c6a16e240987dafcf30aa40623a39bf61dcb8f579906278189f3b9b7,2327516171,24949,2,1,2,0,0,1,0,0,1,0,true,false,1,unique_nonreserved_sink,NumStability.sylvesterVecCoeff_realQuasiSchur_strictBBlockMap_det_ne_zero,B_unique_nonreserved_sink,NumStability.H16_eq16_3_sylvesterVecCoeff_realQuasiSchur_strictBBlockMap_det_ne_zero | NumStability.sylvesterVecCoeff_realQuasiSchur_strictBBlockMap_det_ne_zero
045daf28056a6e4358d5de7c22c7a9d7acc2e80e,798,4980290d91ec28706c10b7e57795c16081b3ca3d36b8bb17e620c9da218df7d5,2678477266,31549,2,1,2,0,0,1,0,0,1,0,true,false,1,unique_nonreserved_sink,NumStability.existsUnique_isSylvesterSolutionRect_of_realQuasiSchur_schedule_vecCoeff_left_inverse_finiteOpNorm2Le_generated_step_formula_witness,B_unique_nonreserved_sink,NumStability.H16_eq16_4_8_existsUnique_isSylvesterSolutionRect_of_realQuasiSchur_schedule_vecCoeff_left_inverse_finiteOpNorm2Le | NumStability.existsUnique_isSylvesterSolutionRect_of_realQuasiSchur_schedule_vecCoeff_left_inverse_finiteOpNorm2Le_generated_step_formula_witness
045daf28056a6e4358d5de7c22c7a9d7acc2e80e,838,49a1c5537d14f76a735c4ea0ddb650f4aa6d42b240b51dd30cfea59157c85120,2781963771,49656,2,2,2,0,0,1,0,1,1,0,true,false,1,unique_nonreserved_sink,NumStability.Theorem20_7.higham19_6_sourceConstructed_actual_closed_linearRate,B_unique_nonreserved_sink,NumStability.Theorem19_6.sourceConstructed_actual_closed_linearRate | NumStability.Theorem20_7.higham19_6_sourceConstructed_actual_closed_linearRate
045daf28056a6e4358d5de7c22c7a9d7acc2e80e,1549,49d34a94fa56267c188390bb8da1a330465d969878756034620772f0d13fdb50,636781969,24854,2,1,2,0,0,1,0,1,2,0,true,false,1,unique_nonreserved_sink,NumStability.existsUnique_isSylvesterSolutionRect_of_realQuasiSchur_schedule_vecCoeff_det_ne_zero_generated_step_formula_witness,B_unique_nonreserved_sink,NumStability.H16_eq16_4_8_existsUnique_isSylvesterSolutionRect_of_realQuasiSchur_schedule_vecCoeff_det_ne_zero | NumStability.existsUnique_isSylvesterSolutionRect_of_realQuasiSchur_schedule_vecCoeff_det_ne_zero_generated_step_formula_witness
045daf28056a6e4358d5de7c22c7a9d7acc2e80e,1447,49ffcbf832a74de219dd3d48aeacbed34b862695f531e31e8d2966fd0db1e6f9,4263521988,15270,2,1,2,0,0,1,0,1,2,0,true,false,1,unique_nonreserved_sink,NumStability.higham9_14_source_h_bound_of_LUFactSpec_fl_triangular_solves_gamma_le,B_unique_nonreserved_sink,NumStability.higham9_14_source_h_bound_of_LUFactSpec_fl_triangular_solves_absLU_le_absA_gamma_le | NumStability.higham9_14_source_h_bound_of_LUFactSpec_fl_triangular_solves_gamma_le
045daf28056a6e4358d5de7c22c7a9d7acc2e80e,925,4a23ab200e60cd1dfd5ce94cbc012dd10428f478fbbc7d9484f76ba926282ea7,2988931653,16655,2,1,2,0,0,1,0,0,1,0,true,false,1,unique_nonreserved_sink,NumStability.higham9_15_normwise_source_bound_of_factorization_init_min_factor_bound_opNorm_of_matrix_inverse_identities_product_lt,B_unique_nonreserved_sink,NumStability.higham9_15_normwise_source_bound_of_factorization_G_init_min_factor_bound_opNorm_of_matrix_inverse_identities_product_lt | NumStability.higham9_15_normwise_source_bound_of_factorization_init_min_factor_bound_opNorm_of_matrix_inverse_identities_product_lt
045daf28056a6e4358d5de7c22c7a9d7acc2e80e,828,4a2f537de46d8f26d61a824c90f05c64e4a3932597fb4a95faaa7fd634d363c0,2760080230,39191,2,2,2,0,0,1,0,1,2,0,true,false,1,unique_nonreserved_sink,NumStability.noGuard_backSub_backward_error,B_unique_nonreserved_sink,NumStability.higham8_problem8_1_noGuard_backSub_backward_error | NumStability.noGuard_backSub_backward_error
045daf28056a6e4358d5de7c22c7a9d7acc2e80e,1489,4a55c68ecd81e8028696f312be8edf010e03f60944897e0e16d2ee8adfd6e3ee,483236714,16444,2,1,2,0,0,1,0,0,1,0,true,false,1,unique_nonreserved_sink,NumStability.higham9_15_normwise_source_bound_of_factorization_init_linear_step_opNorm_of_factor_triangularity,B_unique_nonreserved_sink,NumStability.higham9_15_normwise_source_bound_of_factorization_G_init_linear_step_opNorm_of_factor_triangularity | NumStability.higham9_15_normwise_source_bound_of_factorization_init_linear_step_opNorm_of_factor_triangularity
045daf28056a6e4358d5de7c22c7a9d7acc2e80e,1145,4a5db24b651ffaab8207852f6c916cbd069cf30d3b1f6cca0bd8c0be8f14fdd7,3510040383,26172,2,2,2,0,0,1,0,1,1,0,true,false,1,unique_nonreserved_sink,NumStability.sylvesterVecCoeff_mulVec_bijective_of_sepLowerBound,B_unique_nonreserved_sink,NumStability.sylvesterVecCoeff_mulVec_bijective_of_sepLowerBound | NumStability.H16_eq16_2_26_sylvesterVecCoeff_mulVec_bijective_of_sepLowerBound
045daf28056a6e4358d5de7c22c7a9d7acc2e80e,749,4aa25d4f0369d1d58467be619c4d1e2219cc969eaa14294701248f11d87540f6,2554828495,26551,2,2,2,0,0,1,0,1,1,0,true,false,1,unique_nonreserved_sink,NumStability.sylvester_practical_error_bound_of_operator_sigmaMin_computed_residual_certificate_scalar,B_unique_nonreserved_sink,NumStability.sylvester_practical_error_bound_of_operator_sigmaMin_computed_residual_certificate_scalar | NumStability.H16_eq16_29_sylvester_practical_error_bound_of_operator_sigmaMin_computed_residual_certificate_scalar
045daf28056a6e4358d5de7c22c7a9d7acc2e80e,302,4ab45fcc2347a532e2ba137ac81b4c8d64b53325e4f3efa6096556f95adb9153,1568746963,26534,2,2,2,0,0,1,0,1,2,0,true,false,1,unique_nonreserved_sink,NumStability.sylvester_relative_error_le_of_pos_le_sylvesterSepInf_computed_residual_error_model,B_unique_nonreserved_sink,NumStability.sylvester_relative_error_le_of_pos_le_sylvesterSepInf_computed_residual_error_model | NumStability.H16_eq16_29_sylvester_relative_error_le_of_pos_le_sylvesterSepInf_computed_residual_error_model
045daf28056a6e4358d5de7c22c7a9d7acc2e80e,309,4ad9efee039a5db9c2e92d3caa74ab34cec4e2c1a26d78dc926b6975371905d6,1593969775,26474,2,2,2,0,0,1,0,1,1,0,true,false,1,unique_nonreserved_sink,NumStability.lyapunov_practical_error_bound_of_vecCoeff_det_ne_zero_computed_residual_certificate_mono,B_unique_nonreserved_sink,NumStability.lyapunov_practical_error_bound_of_vecCoeff_det_ne_zero_computed_residual_certificate_mono | NumStability.H16_eq16_29_lyapunov_practical_error_bound_of_vecCoeff_det_ne_zero_computed_residual_certificate_mono
045daf28056a6e4358d5de7c22c7a9d7acc2e80e,783,4ae3eba891db1a720e60fdd520eb86514a898d09f36710cfdf679ab4b847fb33,2640089690,24706,2,1,2,0,0,1,0,0,1,0,true,false,1,unique_nonreserved_sink,NumStability.sylvester_practical_error_bound_of_sepLowerBound_computed_residual_budget_mono,B_unique_nonreserved_sink,NumStability.H16_eq16_29_sylvester_practical_error_bound_of_sepLowerBound_computed_residual_budget_mono | NumStability.sylvester_practical_error_bound_of_sepLowerBound_computed_residual_budget_mono
045daf28056a6e4358d5de7c22c7a9d7acc2e80e,542,4b73b0c8c15b13e7dc1125313245f268849cd8b090ffec9e053ebd31067be26a,2127931058,24182,2,2,2,0,0,1,0,1,2,0,true,false,1,unique_nonreserved_sink,NumStability.sylvester_practical_error_bound_of_realQuasiSchur_strictBlockMap_computed_residual_error_model_mono,B_unique_nonreserved_sink,NumStability.sylvester_practical_error_bound_of_realQuasiSchur_strictBlockMap_computed_residual_error_model_mono | NumStability.H16_eq16_29_realQuasiSchur_strictBlockMap_computed_residual_error_model_mono
045daf28056a6e4358d5de7c22c7a9d7acc2e80e,1504,4bc8972d31eb00883ade108dee515eb49346e304bd6bcbe47d1f6a82f8fb36db,524242702,26506,2,2,2,0,0,1,0,1,1,0,true,false,1,unique_nonreserved_sink,NumStability.lyapunov_practical_error_bound_of_sepLowerBound_computed_residual_budget_mono,B_unique_nonreserved_sink,NumStability.lyapunov_practical_error_bound_of_sepLowerBound_computed_residual_budget_mono | NumStability.H16_eq16_29_lyapunov_practical_error_bound_of_sepLowerBound_computed_residual_budget_mono
045daf28056a6e4358d5de7c22c7a9d7acc2e80e,319,4bf2eabfbe6c656e471b5a3686acd5d4da1c35a54446a2059a23210020010435,1603271371,40058,2,2,2,0,0,1,0,1,2,0,true,false,1,unique_nonreserved_sink,NumStability.psd_cholesky_termination_bound,B_unique_nonreserved_sink,NumStability.higham10_27_psd_cholesky_termination_bound | NumStability.psd_cholesky_termination_bound
045daf28056a6e4358d5de7c22c7a9d7acc2e80e,651,4c0d2822667253f0abedfc04543f46966819cfcc77aa465a2e87a0349a31c073,2336111956,12137,2,2,2,0,0,1,0,1,2,0,true,false,1,unique_nonreserved_sink,NumStability.Wave18C.theorem19_6_packaged_original_space_column_norm,B_unique_nonreserved_sink,NumStability.theorem20_7_pivoted_householder_qr_packaged_original_space_column_norm | NumStability.Wave18C.theorem19_6_packaged_original_space_column_norm
045daf28056a6e4358d5de7c22c7a9d7acc2e80e,725,4c2060ebc7af022f0bd19f258dffff1a81494bce906c6036f5210339c0536ecf,2492341944,26599,2,2,2,0,0,1,0,1,1,0,true,false,1,unique_nonreserved_sink,NumStability.higham16_vecTransposePermutation_explicit_sum,B_unique_nonreserved_sink,NumStability.higham16_vecTransposePermutation_explicit_sum | NumStability.H16_notes_vecTransposePermutation_explicit_sum
045daf28056a6e4358d5de7c22c7a9d7acc2e80e,1001,4c276ff632b38cbc3fe183e6d792e5038716f62f64dff33f46ba4a52779dee6e,317246698,31493,2,1,2,0,0,1,0,0,2,0,true,false,1,unique_nonreserved_sink,NumStability.sylvester_relative_perturbation_schurDiagonal_of_vecCoeff_entrywise_abs_ge_total,B_unique_nonreserved_sink,NumStability.H16_eq16_25_sylvester_relative_perturbation_schurDiagonal_of_vecCoeff_entrywise_abs_ge_total | NumStability.sylvester_relative_perturbation_schurDiagonal_of_vecCoeff_entrywise_abs_ge_total
045daf28056a6e4358d5de7c22c7a9d7acc2e80e,326,4c9fb68646815cb78be4b8e6334573089255f2a2be7d2a961c2b516cd4e0890d,1616462422,18879,2,1,2,0,0,1,0,0,2,0,true,false,1,unique_nonreserved_sink,NumStability.higham11_4_bunch_kaufman_solve_backward_error_of_first_stage_recursive_split_L_entry_normalized_prefix_regional_D_bound,B_unique_nonreserved_sink,NumStability.higham11_4_bunch_kaufman_solve_backward_error_interface_of_first_stage_recursive_split_L_entry_normalized_prefix_regional_D_bound | NumStability.higham11_4_bunch_kaufman_solve_backward_error_of_first_stage_recursive_split_L_entry_normalized_prefix_regional_D_bound
045daf28056a6e4358d5de7c22c7a9d7acc2e80e,806,4cbd85479b9c6773b5f10feb38d80d3dac4c64063229146a15e0745db79ba211,2708430707,26455,2,2,2,0,0,1,0,1,1,0,true,false,1,unique_nonreserved_sink,NumStability.sylvester_practical_error_bound_of_vecCoeff_left_inverse_finiteOpNorm2Le_computed_residual_error_model_mono_scalar,B_unique_nonreserved_sink,NumStability.sylvester_practical_error_bound_of_vecCoeff_left_inverse_finiteOpNorm2Le_computed_residual_error_model_mono_scalar | NumStability.H16_eq16_29_sylvester_practical_error_bound_of_vecCoeff_left_inverse_finiteOpNorm2Le_computed_residual_error_model_mono_scalar
045daf28056a6e4358d5de7c22c7a9d7acc2e80e,679,4cd10996b8bcf586acb87962262881902b4e035d4bb1842b8cd575e85a4f658e,2397946055,11684,2,1,2,0,0,1,0,0,2,0,true,false,1,unique_nonreserved_sink,NumStability.theorem20_5_wks_formula_eigenvalue_and_matrixOnly_limit_of_left_panel_rowRank_eq_card,B_unique_nonreserved_sink,NumStability.theorem20_5_wks_formula_eigenvalue_and_matrixOnly_limit | NumStability.theorem20_5_wks_formula_eigenvalue_and_matrixOnly_limit_of_left_panel_rowRank_eq_card
045daf28056a6e4358d5de7c22c7a9d7acc2e80e,1166,4d36c8108d264fd3b2e2341704c00bc322e184ebacc9c96a17fe3502634d7a4a,3540677578,26140,2,2,2,0,0,0,0,2,2,0,true,false,1,unique_nonreserved_sink,NumStability.sylvester_first_order_bound_of_sigmaMin,B_unique_nonreserved_sink,NumStability.sylvester_first_order_bound_of_sigmaMin | NumStability.H16_eq16_23_sylvester_first_order_bound_of_sigmaMin
045daf28056a6e4358d5de7c22c7a9d7acc2e80e,1239,4d3d67428296b17d9357cfd069b8373c85ad30699d7be6a600a850347b4088d2,3724060998,16680,2,1,2,0,0,1,0,0,1,0,true,false,1,unique_nonreserved_sink,NumStability.higham9_15_normwise_source_bound_of_factorization_init_linear_step_opNorm_exact_opNorm2_of_factor_triangularity,B_unique_nonreserved_sink,NumStability.higham9_15_normwise_source_bound_of_factorization_G_init_linear_step_opNorm_exact_opNorm2_of_factor_triangularity | NumStability.higham9_15_normwise_source_bound_of_factorization_init_linear_step_opNorm_exact_opNorm2_of_factor_triangularity
045daf28056a6e4358d5de7c22c7a9d7acc2e80e,1675,4d5877adeb5af095ffac46a73ee741abbf1d617d9cf072393a1931e5a64ad95c,924722924,31598,2,1,2,0,0,1,0,0,1,0,true,false,1,unique_nonreserved_sink,NumStability.lyapunov_practical_error_bound_fl_of_operator_sigmaMin_scalar,B_unique_nonreserved_sink,NumStability.H16_eq16_29_lyapunov_practical_error_bound_fl_of_operator_sigmaMin_scalar | NumStability.lyapunov_practical_error_bound_fl_of_operator_sigmaMin_scalar
045daf28056a6e4358d5de7c22c7a9d7acc2e80e,466,4d5ba099485260441d757cd4ef876f190c600ee88a0c4737c31fadf3c448be8a,1933013209,26416,2,2,2,0,0,1,0,1,2,0,true,false,1,unique_nonreserved_sink,NumStability.sylvester_relative_error_le_of_pos_le_sylvesterSepInf_computed_residual_budget,B_unique_nonreserved_sink,NumStability.sylvester_relative_error_le_of_pos_le_sylvesterSepInf_computed_residual_budget | NumStability.H16_eq16_29_sylvester_relative_error_le_of_pos_le_sylvesterSepInf_computed_residual_budget
045daf28056a6e4358d5de7c22c7a9d7acc2e80e,1147,4d60a329fc0d8fa9a2c3b75486decfd835f4321c7aedead430135c8a7cdf7e21,3512378916,18893,2,1,2,0,0,1,0,0,2,0,true,false,1,unique_nonreserved_sink,NumStability.higham11_4_bunch_kaufman_solve_backward_error_of_path_local_D_two_nonzero_L_rows_maxEntryNorm_A,B_unique_nonreserved_sink,NumStability.higham11_4_bunch_kaufman_solve_backward_error_interface_of_path_local_D_two_nonzero_L_rows_maxEntryNorm_A | NumStability.higham11_4_bunch_kaufman_solve_backward_error_of_path_local_D_two_nonzero_L_rows_maxEntryNorm_A
045daf28056a6e4358d5de7c22c7a9d7acc2e80e,977,4d6a3cee029df31a1822644a99b8526b2270f910a942a866df76cd205e9d2796,3104387889,23786,2,2,2,0,0,1,0,1,1,0,true,false,1,unique_nonreserved_sink,NumStability.complexSylvester_shift_det_ne_zero_of_schur_diagonal_separation,B_unique_nonreserved_sink,NumStability.complexSylvester_shift_det_ne_zero_of_schur_diagonal_separation | NumStability.H16_eq16_3_6_complexSylvester_shift_det_ne_zero_of_schur_diagonal_separation
045daf28056a6e4358d5de7c22c7a9d7acc2e80e,601,4d7210a711fe778644c0804279f33367f590893ed5de1196bf82e56370170a99,2253612883,16301,2,1,2,0,0,1,0,0,1,0,true,false,1,unique_nonreserved_sink,NumStability.higham9_15_normwise_source_bound_of_factorization_init_linear_step_opNorm_exact_opNorm2_one_residual_of_factor_triangularity,B_unique_nonreserved_sink,NumStability.higham9_15_normwise_source_bound_of_factorization_G_init_linear_step_opNorm_exact_opNorm2_one_residual_of_factor_triangularity | NumStability.higham9_15_normwise_source_bound_of_factorization_init_linear_step_opNorm_exact_opNorm2_one_residual_of_factor_triangularity
045daf28056a6e4358d5de7c22c7a9d7acc2e80e,666,4dec6b298643066af0934b9847da4eff2737195d4b5b1eece46fb986fb77ca4d,2377113094,24956,2,1,2,0,0,1,0,0,1,0,true,false,1,unique_nonreserved_sink,NumStability.isSylvesterQuasiSchurGeneratedStepFormula_of_solution_twoBlockSpectral_no_common,B_unique_nonreserved_sink,NumStability.H16_eq16_4_8_isSylvesterQuasiSchurGeneratedStepFormula_of_solution_twoBlockSpectral_no_common | NumStability.isSylvesterQuasiSchurGeneratedStepFormula_of_solution_twoBlockSpectral_no_common
045daf28056a6e4358d5de7c22c7a9d7acc2e80e,1530,4df9892d582aceb302f60ba5b8655e6fbdf1ee7c11f7182381210ea14fe8c559,582694886,26430,2,2,2,0,0,1,0,1,1,0,true,false,1,unique_nonreserved_sink,NumStability.lyapunov_practical_error_bound_of_vecCoeff_gram_eigenvalues_computed_residual_error_model,B_unique_nonreserved_sink,NumStability.lyapunov_practical_error_bound_of_vecCoeff_gram_eigenvalues_computed_residual_error_model | NumStability.H16_eq16_29_lyapunov_practical_error_bound_of_vecCoeff_gram_eigenvalues_computed_residual_error_model
045daf28056a6e4358d5de7c22c7a9d7acc2e80e,419,4e24b57dcf4ca37a79ff7dc467171ba83b1afb3aa1c0e5f423a5b6f0ca6ca2c9,1804620276,18885,2,1,2,0,0,1,0,0,2,0,true,false,1,unique_nonreserved_sink,NumStability.higham11_4_bunch_kaufman_stability_of_first_stage_recursive_higham_const_split_L_entry_exact_budgets,B_unique_nonreserved_sink,NumStability.higham11_4_bunch_kaufman_stability_interface_of_first_stage_recursive_higham_const_split_L_entry_exact_budgets | NumStability.higham11_4_bunch_kaufman_stability_of_first_stage_recursive_higham_const_split_L_entry_exact_budgets
045daf28056a6e4358d5de7c22c7a9d7acc2e80e,996,4e30e457c15a763f12b20e17e36e39be223149db63bfc4c920c63b1a953796c8,3161076959,15169,2,1,2,0,0,1,0,0,2,0,true,false,1,unique_nonreserved_sink,NumStability.higham9_14_source_h_bound_of_RectDoolittleRoundedStageTrace_square_fl_triangular_solves_gamma,B_unique_nonreserved_sink,NumStability.higham9_14_source_h_bound_of_RectDoolittleRoundedStageTrace_square_fl_triangular_solves_absLU_le_absA_gamma | NumStability.higham9_14_source_h_bound_of_RectDoolittleRoundedStageTrace_square_fl_triangular_solves_gamma
045daf28056a6e4358d5de7c22c7a9d7acc2e80e,1481,4e3b8eb30901f476becf10f755bfbc374c11be32c7687f9447aa895f33481052,470794379,24677,2,1,2,0,0,1,0,0,1,0,true,false,1,unique_nonreserved_sink,NumStability.sylvester_practical_error_bound_of_schur_transform_residual_bound_scalar,B_unique_nonreserved_sink,NumStability.H16_eq16_29_sylvester_practical_error_bound_of_schur_transform_residual_bound_scalar | NumStability.sylvester_practical_error_bound_of_schur_transform_residual_bound_scalar
045daf28056a6e4358d5de7c22c7a9d7acc2e80e,1092,4e59b42b76b2813aa7616f05ef1582f59c05bbdd1d3fb48df41c04011afcc695,3389221646,19504,2,1,2,0,0,1,0,0,2,0,true,false,1,unique_nonreserved_sink,NumStability.higham11_4_bunch_kaufman_solve_backward_error_of_first_stage_recursive_split_six_row_sum_normalized_prefix_regional_D_bound,B_unique_nonreserved_sink,NumStability.higham11_4_bunch_kaufman_solve_backward_error_interface_of_first_stage_recursive_split_six_row_sum_normalized_prefix_regional_D_bound | NumStability.higham11_4_bunch_kaufman_solve_backward_error_of_first_stage_recursive_split_six_row_sum_normalized_prefix_regional_D_bound
045daf28056a6e4358d5de7c22c7a9d7acc2e80e,981,4e5bd8c097f9120b3f5d5eeb38cc2a081f06cee69b749391ff5557db6153c521,3113314185,16515,2,1,2,0,0,1,0,0,1,0,true,false,1,unique_nonreserved_sink,NumStability.higham9_15_normwise_source_bound_of_factorization_init_min_factor_bound_opNorm_of_matrix_inverse_identities_one_residual,B_unique_nonreserved_sink,NumStability.higham9_15_normwise_source_bound_of_factorization_G_init_min_factor_bound_opNorm_of_matrix_inverse_identities_one_residual | NumStability.higham9_15_normwise_source_bound_of_factorization_init_min_factor_bound_opNorm_of_matrix_inverse_identities_one_residual
045daf28056a6e4358d5de7c22c7a9d7acc2e80e,411,4e9b5752e66ae53a44c1f617d654b2a9131ea97c929caf2fb2b8934f96472292,179329388,24616,2,2,2,0,0,1,0,1,2,0,true,false,1,unique_nonreserved_sink,NumStability.sylvester_first_order_bound_of_pos_le_sylvesterSepInf,B_unique_nonreserved_sink,NumStability.sylvester_first_order_bound_of_pos_le_sylvesterSepInf | NumStability.H16_eq16_23_sylvester_first_order_bound_of_pos_le_sylvesterSepInf
045daf28056a6e4358d5de7c22c7a9d7acc2e80e,1347,4ec90e814c4a1480d19deb738149b42fb1228071e81d8177352ba47ce39b423f,4009483913,19503,2,1,2,0,0,1,0,0,2,0,true,false,1,unique_nonreserved_sink,NumStability.higham11_4_bunch_kaufman_stability_of_path_local_D_two_nonzero_L_rows_maxEntryNorm_A,B_unique_nonreserved_sink,NumStability.higham11_4_bunch_kaufman_stability_interface_of_path_local_D_two_nonzero_L_rows_maxEntryNorm_A | NumStability.higham11_4_bunch_kaufman_stability_of_path_local_D_two_nonzero_L_rows_maxEntryNorm_A
045daf28056a6e4358d5de7c22c7a9d7acc2e80e,607,4f2764cd6b98138bace8c914d4ccc1bd8c24a61519946897508e5b63826aba33,2258857205,31601,2,1,2,0,0,1,0,0,1,0,true,false,1,unique_nonreserved_sink,NumStability.sylvester_practical_error_bound_fl_of_vecCoeff_det_ne_zero,B_unique_nonreserved_sink,NumStability.H16_eq16_29_sylvester_practical_error_bound_fl_of_vecCoeff_det_ne_zero | NumStability.sylvester_practical_error_bound_fl_of_vecCoeff_det_ne_zero
045daf28056a6e4358d5de7c22c7a9d7acc2e80e,395,4f48c4faecf1c605d7cfdf868f44ae92e9bbd73810684c1bdc98ce6f09e8597f,1749738847,23716,2,2,2,0,0,1,0,1,1,0,true,false,1,unique_nonreserved_sink,NumStability.sylvester_practical_error_bound_of_vecCoeff_det_ne_zero_computed_residual_certificate_scalar,B_unique_nonreserved_sink,NumStability.sylvester_practical_error_bound_of_vecCoeff_det_ne_zero_computed_residual_certificate_scalar | NumStability.H16_eq16_29_sylvester_practical_error_bound_of_vecCoeff_det_ne_zero_computed_residual_certificate_scalar
045daf28056a6e4358d5de7c22c7a9d7acc2e80e,523,4f49f37ed7766bd8dcc34961ce1ebf062915defe6c5b8dae4aaf1c0b6cf46f63,2070606909,15381,2,1,2,0,0,1,0,0,2,0,true,false,1,unique_nonreserved_sink,NumStability.higham9_14_matrix_source_h_bound_of_DoolittleDenseLoopAbsBudgetCertificate_fl_triangular_solves_gamma_le,B_unique_nonreserved_sink,NumStability.higham9_14_matrix_source_h_bound_of_DoolittleDenseLoopAbsBudgetCertificate_fl_triangular_solves_absLU_le_absA_gamma_le | NumStability.higham9_14_matrix_source_h_bound_of_DoolittleDenseLoopAbsBudgetCertificate_fl_triangular_solves_gamma_le
045daf28056a6e4358d5de7c22c7a9d7acc2e80e,1279,4f532f4061cc3d52afab927209e1015102366702f487c5ce94a57886ef0f50f3,3807172769,26436,2,2,2,0,0,1,0,1,1,0,true,false,1,unique_nonreserved_sink,NumStability.sylvester_practical_error_bound_of_operator_sigmaMin_computed_residual_budget_scalar,B_unique_nonreserved_sink,NumStability.sylvester_practical_error_bound_of_operator_sigmaMin_computed_residual_budget_scalar | NumStability.H16_eq16_29_sylvester_practical_error_bound_of_operator_sigmaMin_computed_residual_budget_scalar
045daf28056a6e4358d5de7c22c7a9d7acc2e80e,295,4f56e476ead50b0ef318afd6e2ed409f9e820de27a306ec3686da040a655acd5,1539600403,23637,2,2,2,0,0,1,0,1,1,0,true,false,1,unique_nonreserved_sink,NumStability.sylvesterVecCoeff_diagonal_mulVec_bijective,B_unique_nonreserved_sink,NumStability.sylvesterVecCoeff_diagonal_mulVec_bijective | NumStability.H16_eq16_3_sylvesterVecCoeff_diagonal_mulVec_bijective
045daf28056a6e4358d5de7c22c7a9d7acc2e80e,1524,4f90a2176ab3de4e192ea1b1527c37d2f5a5144e5984e619ec95e72421ec8027,57506814,26965,2,2,2,0,0,1,0,1,1,0,true,false,1,unique_nonreserved_sink,NumStability.Wave15.sylvesterQuasiSchurBackSubCoeff_secondPivot_ne_zero,B_unique_nonreserved_sink,NumStability.Wave15.sylvesterQuasiSchurBackSubCoeff_secondPivot_ne_zero | NumStability.Wave15.H16_eq16_6_quasi_sylvesterQuasiSchurBackSubCoeff_secondPivot_ne_zero
045daf28056a6e4358d5de7c22c7a9d7acc2e80e,987,4fb53855382bef0c1c8692da04c7a98efb0f7ba81d0a4faec1c20571353ad37a,313988711,26207,2,2,2,0,0,1,0,1,1,0,true,false,1,unique_nonreserved_sink,NumStability.lyapunov_aposteriori_bound_of_vecCoeff_left_inverse_finiteOpNorm2Le_total,B_unique_nonreserved_sink,NumStability.lyapunov_aposteriori_bound_of_vecCoeff_left_inverse_finiteOpNorm2Le_total | NumStability.H16_eq16_28_lyapunov_aposteriori_bound_of_vecCoeff_left_inverse_finiteOpNorm2Le_total
045daf28056a6e4358d5de7c22c7a9d7acc2e80e,991,4fb8d55ac2bcfe8a31be58203616da3f38871aa5374b2abe6fd9784db5f2b082,3151526422,23635,2,2,2,0,0,1,0,1,1,0,true,false,1,unique_nonreserved_sink,NumStability.lyapunov_transpose_solution_of_symmetric_rhs,B_unique_nonreserved_sink,NumStability.lyapunov_transpose_solution_of_symmetric_rhs | NumStability.H16_Lyapunov_transpose_solution_of_symmetric_rhs
045daf28056a6e4358d5de7c22c7a9d7acc2e80e,377,4fd9d0a45eb296a4c0a4b306cb36efa89a0fee46a75a588b24c2526b9bdc7ae5,1708422282,31585,2,1,2,0,0,1,0,0,1,0,true,false,1,unique_nonreserved_sink,NumStability.Wave17.sylvesterHessenbergShiftedColumn_roundedGEPP_backward_error,B_unique_nonreserved_sink,NumStability.Wave17.H16_eq16_7_sylvesterHessenbergShiftedColumn_roundedGEPP_backward_error | NumStability.Wave17.sylvesterHessenbergShiftedColumn_roundedGEPP_backward_error
045daf28056a6e4358d5de7c22c7a9d7acc2e80e,1314,5000cb043cc6e71f8191e2bc3471db6a2e818d735f9a727a9f003277a8c0d3c8,3907535074,3451,2,2,2,0,0,0,0,1,2,0,true,false,1,unique_nonreserved_sink,NumStability.growthFactorEntry_ge_inverse_entry_theta,B_unique_nonreserved_sink,NumStability.growthFactorEntry_ge_inverse_entry_theta | NumStability.higham9_8_growth_factor_ge_theta_real
045daf28056a6e4358d5de7c22c7a9d7acc2e80e,1581,5012a7deff06a28c2e659af268a785a73d55aa41b385dbd9ff84ce6a6c122fa0,705869594,31600,2,1,2,0,0,1,0,0,1,0,true,false,1,unique_nonreserved_sink,NumStability.sylvester_practical_error_bound_fl_of_vecCoeff_det_ne_zero_mono_scalar,B_unique_nonreserved_sink,NumStability.H16_eq16_29_sylvester_practical_error_bound_fl_of_vecCoeff_det_ne_zero_mono_scalar | NumStability.sylvester_practical_error_bound_fl_of_vecCoeff_det_ne_zero_mono_scalar
045daf28056a6e4358d5de7c22c7a9d7acc2e80e,1280,505aee9e21311974ed055f46e0f969b4893dfcc69dd45f7a372cf78c6d21df77,3812402583,31631,2,1,2,0,0,1,0,0,1,0,true,false,1,unique_nonreserved_sink,NumStability.lyapunov_practical_error_bound_fl_of_diagonal_mono_scalar,B_unique_nonreserved_sink,NumStability.H16_eq16_29_lyapunov_practical_error_bound_fl_of_diagonal_mono_scalar | NumStability.lyapunov_practical_error_bound_fl_of_diagonal_mono_scalar
045daf28056a6e4358d5de7c22c7a9d7acc2e80e,889,505dbe7935888a25b36e239fe6d043b72cf090758fe679939ca2a9515d73e3a5,2908191966,26448,2,2,2,0,0,1,0,1,1,0,true,false,1,unique_nonreserved_sink,NumStability.sylvester_practical_error_bound_of_vecCoeff_left_inverse_finiteOpNorm2Le_computed_residual_error_model,B_unique_nonreserved_sink,NumStability.sylvester_practical_error_bound_of_vecCoeff_left_inverse_finiteOpNorm2Le_computed_residual_error_model | NumStability.H16_eq16_29_sylvester_practical_error_bound_of_vecCoeff_left_inverse_finiteOpNorm2Le_computed_residual_error_model
045daf28056a6e4358d5de7c22c7a9d7acc2e80e,86,505e6d095cb5703dc1bbaa12bfe36eaeb56be5285d491f27ee8f527f1201e136,1027155449,23671,2,2,2,0,0,1,0,1,2,0,true,false,1,unique_nonreserved_sink,NumStability.sylvester_practical_error_bound_of_computed_residual_budget_scalar,B_unique_nonreserved_sink,NumStability.sylvester_practical_error_bound_of_computed_residual_budget_scalar | NumStability.H16_eq16_29_sylvester_practical_error_bound_of_computed_residual_budget_scalar
045daf28056a6e4358d5de7c22c7a9d7acc2e80e,1464,506ebfc2750f83eb8e477dd61bd3e50e04109334284252832aa9d4c0f778a380,445462808,24783,2,1,2,0,0,1,0,0,1,0,true,false,1,unique_nonreserved_sink,NumStability.sylvester_realQuasiSchur_factors_twoBlockSpectral_block_separation_of_vecCoeff_det_ne_zero,B_unique_nonreserved_sink,NumStability.H16_eq16_4_8_sylvester_realQuasiSchur_factors_twoBlockSpectral_block_separation_of_vecCoeff_det_ne_zero | NumStability.sylvester_realQuasiSchur_factors_twoBlockSpectral_block_separation_of_vecCoeff_det_ne_zero
045daf28056a6e4358d5de7c22c7a9d7acc2e80e,1014,506f432032bbaff57240f9c8414fd6b9894a035c4c794f08116dac81c6ae15fc,3220682096,7948,2,2,2,0,0,0,0,1,2,0,true,false,1,unique_nonreserved_sink,NumStability.mgsRepairedPerturbation_rectOpNorm2Le_of_bounds,B_unique_nonreserved_sink,NumStability.mgsRepairedPerturbation_rectOpNorm2Le_of_bounds | H19.Theorem19_13.problem1912_repairedPerturbation_rectOpNorm2Le_of_bounds
045daf28056a6e4358d5de7c22c7a9d7acc2e80e,1357,50bc4b97ba19d8f162e67984c1eb0e50effd33e63d1f3df9393597743f98412a,4033187749,24868,2,1,2,0,0,1,0,0,2,0,true,false,1,unique_nonreserved_sink,NumStability.sylvester_practical_error_bound_of_realQuasiSchur_strictBlockMap_shifted_computed_residual_certificate,B_unique_nonreserved_sink,NumStability.H16_eq16_29_realQuasiSchur_strictBlockMap_shifted_computed_residual_certificate | NumStability.sylvester_practical_error_bound_of_realQuasiSchur_strictBlockMap_shifted_computed_residual_certificate
045daf28056a6e4358d5de7c22c7a9d7acc2e80e,62,50cae13f32baa1ff4e67c40c3ce7c0d5bd79bd46049b1f55a0e0112cc49c21b3,3565986035,3428,3,3,3,0,0,1,0,2,3,0,true,false,2,unique_nonreserved_sink,NumStability.lu_solve_backward_error_tight,B_unique_nonreserved_sink,NumStability.lu_solve_backward_error_tight | NumStability.doolittle_solve_backward_error | NumStability.higham9_4_lu_solve_backward_error
045daf28056a6e4358d5de7c22c7a9d7acc2e80e,990,50e6f6a61532e722e9aeb96ef031dff28767f4820f9f4d429db4af00d614602f,3148380812,10282,2,1,2,0,0,1,0,0,2,0,true,false,1,unique_nonreserved_sink,NumStability.exists_perturbed_ls_minimizer_of_stored_trailing_householder_sequence_topBlock_fl_backSub_gamma_bound_explicitCompactBudget_of_signed_alpha_diagDominant_storedLower_signedStageUniformBudget_globalCompactBudget_activeMaxPivot_completedColumns_finiteMaxSourceDenURationalGammaCanonicalBounds_stageRowMaxComparisonDefect_offdiag_rows_of_actualUnitRoundoff_no_gammaValid_of_horizonBudget,B_unique_nonreserved_sink,NumStability.exists_perturbed_ls_minimizer_of_stored_trailing_householder_sequence_topBlock_fl_backSub_gamma_bound_explicitCompactBudget_of_signed_alpha_diagDominant_storedLower_signedStageUniformBudget_globalCompactBudget_activeMaxPivot_completedColumns_finiteMaxSourceDenURationalGammaCanonicalBounds_stageRowMaxComparisonDefect_offdiag_rows_of_actualUnitRoundoff_no_gammaValid_of_horizonBudget | NumStability.theorem20_3_householder_qr_ls_backward_error_compactBudget_of_diagDominant_storedLower_activePivot_actualUnitRoundoff_horizonBudget
045daf28056a6e4358d5de7c22c7a9d7acc2e80e,1375,512a5967a7de2a5772f819a92136f8d88e480d705e3e901d4442787da2df7d09,4101504646,24729,2,1,2,0,0,1,0,0,1,0,true,false,1,unique_nonreserved_sink,NumStability.sylvester_practical_error_bound_of_sepLowerBound_computed_residual_error_model,B_unique_nonreserved_sink,NumStability.H16_eq16_29_sylvester_practical_error_bound_of_sepLowerBound_computed_residual_error_model | NumStability.sylvester_practical_error_bound_of_sepLowerBound_computed_residual_error_model
045daf28056a6e4358d5de7c22c7a9d7acc2e80e,664,5172d69e0c5d24155954290e9328c9f29b40ea7e0f44a94d8bd3342d4624e0a2,2370058661,24946,2,1,2,0,0,1,0,1,2,0,true,false,1,unique_nonreserved_sink,NumStability.exists_realQuasiSchur_schedule_original_solution_and_generated_step_formula_of_vecCoeff_det_ne_zero,B_unique_nonreserved_sink,NumStability.H16_eq16_4_8_exists_realQuasiSchur_schedule_original_solution_and_generated_step_formula_of_vecCoeff_det_ne_zero | NumStability.exists_realQuasiSchur_schedule_original_solution_and_generated_step_formula_of_vecCoeff_det_ne_zero
045daf28056a6e4358d5de7c22c7a9d7acc2e80e,1300,519b8740d5d20a15c0e288a71e471862cf3b84fc45271df4f7ff160f5d391f83,3877371223,24097,2,2,2,0,0,1,0,1,1,0,true,false,1,unique_nonreserved_sink,NumStability.isSylvesterQuasiSchurGeneratedStepFormula_of_column_family,B_unique_nonreserved_sink,NumStability.isSylvesterQuasiSchurGeneratedStepFormula_of_column_family | NumStability.H16_eq16_4_8_isSylvesterQuasiSchurGeneratedStepFormula_of_column_family
045daf28056a6e4358d5de7c22c7a9d7acc2e80e,79,51b1551e3817da992f2bfcf25a5fdd2f0c546923d3c9376921f084a7ecccda6f,1018430579,26182,2,2,2,0,0,1,0,1,1,0,true,false,1,unique_nonreserved_sink,NumStability.sylvester_first_order_bound_of_vecCoeff_gram_eigenvalues,B_unique_nonreserved_sink,NumStability.sylvester_first_order_bound_of_vecCoeff_gram_eigenvalues | NumStability.H16_eq16_23_sylvester_first_order_bound_of_vecCoeff_gram_eigenvalues
045daf28056a6e4358d5de7c22c7a9d7acc2e80e,1133,51b9737830da5d24a3580833f6ea37d78bf33a35c9e3b093d9d9d00b6ce1eafb,3488018543,14822,2,2,2,0,0,1,0,1,2,0,true,false,1,unique_nonreserved_sink,NumStability.noGuard_sub_fold_unroll,B_unique_nonreserved_sink,NumStability.noGuard_sub_fold_unroll | NumStability.higham8_problem8_1_noGuard_sub_fold_unroll
045daf28056a6e4358d5de7c22c7a9d7acc2e80e,647,51c9ee522e751b3917628117d3eda90fa676fce29be6b4bc5d767855c73a3842,2326558265,26504,2,2,2,0,0,1,0,1,1,0,true,false,1,unique_nonreserved_sink,NumStability.sylvester_practical_error_bound_of_operator_sigmaMin_computed_residual_certificate_mono,B_unique_nonreserved_sink,NumStability.sylvester_practical_error_bound_of_operator_sigmaMin_computed_residual_certificate_mono | NumStability.H16_eq16_29_sylvester_practical_error_bound_of_operator_sigmaMin_computed_residual_certificate_mono
045daf28056a6e4358d5de7c22c7a9d7acc2e80e,253,526455829f8402639918efdc39c1905e8c55ce83dcace06c8c241a3804b0c066,1407817920,16151,2,1,2,0,0,1,0,0,1,0,true,false,1,unique_nonreserved_sink,NumStability.higham9_15_normwise_source_bound_of_factorization_init_linear_step_opNorm_product_lt_one_residual,B_unique_nonreserved_sink,NumStability.higham9_15_normwise_source_bound_of_factorization_G_init_linear_step_opNorm_product_lt_one_residual | NumStability.higham9_15_normwise_source_bound_of_factorization_init_linear_step_opNorm_product_lt_one_residual
045daf28056a6e4358d5de7c22c7a9d7acc2e80e,157,52732be2b73a19f5ae4b63b4815fa58586e1b7c81c379b5653308e74c2b0f8ab,1189840118,23659,2,2,2,0,0,1,0,1,1,0,true,false,1,unique_nonreserved_sink,NumStability.sylvesterOpRect_diagonal_sylvesterDiagonalSolution,B_unique_nonreserved_sink,NumStability.sylvesterOpRect_diagonal_sylvesterDiagonalSolution | NumStability.H16_eq16_3_sylvesterOpRect_diagonal_sylvesterDiagonalSolution
045daf28056a6e4358d5de7c22c7a9d7acc2e80e,1669,5297fd3bb5f3d4e1b9df0144ba5177d0f16af0c4688644f44ebada9d0c0399f3,906474948,26439,2,2,2,0,0,1,0,1,1,0,true,false,1,unique_nonreserved_sink,NumStability.sylvester_practical_error_bound_of_operator_sigmaMin_computed_residual_error_model_mono_scalar,B_unique_nonreserved_sink,NumStability.sylvester_practical_error_bound_of_operator_sigmaMin_computed_residual_error_model_mono_scalar | NumStability.H16_eq16_29_sylvester_practical_error_bound_of_operator_sigmaMin_computed_residual_error_model_mono_scalar
045daf28056a6e4358d5de7c22c7a9d7acc2e80e,547,53365c5d238ff73852a668b7cb9e251976b2b99cfbc41ac69fbcda83cb25063b,2139509610,26478,2,2,2,0,0,1,0,1,1,0,true,false,1,unique_nonreserved_sink,NumStability.sylvester_practical_error_bound_of_vecCoeff_gram_eigenvalues_computed_residual_certificate_mono_scalar,B_unique_nonreserved_sink,NumStability.sylvester_practical_error_bound_of_vecCoeff_gram_eigenvalues_computed_residual_certificate_mono_scalar | NumStability.H16_eq16_29_sylvester_practical_error_bound_of_vecCoeff_gram_eigenvalues_computed_residual_certificate_mono_scalar
045daf28056a6e4358d5de7c22c7a9d7acc2e80e,1625,53535a2f614cd4da2f2dde489030aa17a203f62b822e1364d2602fc858b12b16,82037811,19158,2,1,2,0,0,1,0,0,2,0,true,false,1,unique_nonreserved_sink,NumStability.higham11_4_bunch_kaufman_stability_of_first_stage_recursive_split_L_entry_normalized_prefix_regional_D_bound,B_unique_nonreserved_sink,NumStability.higham11_4_bunch_kaufman_stability_interface_of_first_stage_recursive_split_L_entry_normalized_prefix_regional_D_bound | NumStability.higham11_4_bunch_kaufman_stability_of_first_stage_recursive_split_L_entry_normalized_prefix_regional_D_bound
045daf28056a6e4358d5de7c22c7a9d7acc2e80e,1595,53f2300abd15626a338ae0dc1df4157da0460f4fa378aba361dee9459341eae1,729591037,24696,2,1,2,0,0,1,0,0,1,0,true,false,1,unique_nonreserved_sink,NumStability.sylvester_practical_error_bound_of_schurDiagonal_computed_residual_budget_scalar,B_unique_nonreserved_sink,NumStability.H16_eq16_29_sylvester_practical_error_bound_of_schurDiagonal_computed_residual_budget_scalar | NumStability.sylvester_practical_error_bound_of_schurDiagonal_computed_residual_budget_scalar
045daf28056a6e4358d5de7c22c7a9d7acc2e80e,1568,5408e417e4ffa3403796ca42a4817f4fb58ebac58e765c50e478b10b4742221e,673454497,26376,2,2,2,0,0,1,0,1,1,0,true,false,1,unique_nonreserved_sink,NumStability.lyapunovVecCoeff_nonsingInv_mulVec_mulVec_of_pos_le_sylvesterSepInf,B_unique_nonreserved_sink,NumStability.lyapunovVecCoeff_nonsingInv_mulVec_mulVec_of_pos_le_sylvesterSepInf | NumStability.H16_eq16_2_27_lyapunovVecCoeff_nonsingInv_mulVec_mulVec_of_pos_le_sylvesterSepInf
045daf28056a6e4358d5de7c22c7a9d7acc2e80e,1154,5422609d7840ac639b4f9b12fa8490633c70396e65daeb8b8655963019ccf4f9,3525478677,26409,2,2,2,0,0,1,0,1,1,0,true,false,1,unique_nonreserved_sink,NumStability.lyapunov_practical_error_bound_of_vecCoeff_det_ne_zero_computed_residual_error_model_mono,B_unique_nonreserved_sink,NumStability.lyapunov_practical_error_bound_of_vecCoeff_det_ne_zero_computed_residual_error_model_mono | NumStability.H16_eq16_29_lyapunov_practical_error_bound_of_vecCoeff_det_ne_zero_computed_residual_error_model_mono
045daf28056a6e4358d5de7c22c7a9d7acc2e80e,439,5446a080527cc6725e79705491d3030b940cdc1797e2a5e8a47716083bfbbd47,1853785226,24881,2,1,2,0,0,1,0,0,1,0,true,false,1,unique_nonreserved_sink,NumStability.sylvester_practical_error_bound_of_realQuasiSchur_strictBlockMap_shifted_computed_residual_certificate_mono_scalar,B_unique_nonreserved_sink,NumStability.H16_eq16_29_realQuasiSchur_strictBlockMap_shifted_computed_residual_certificate_mono_scalar | NumStability.sylvester_practical_error_bound_of_realQuasiSchur_strictBlockMap_shifted_computed_residual_certificate_mono_scalar
045daf28056a6e4358d5de7c22c7a9d7acc2e80e,998,545b16e406d4fb7e8fc80fde39ea369772337dbf7bec95febb5a43bfb1788513,316685397,24811,2,1,2,0,0,1,0,0,1,0,true,false,1,unique_nonreserved_sink,NumStability.existsUnique_isSylvesterSolutionRect_of_quasiSchur_schedule_twoBlockSpectral_local_no_common_generated_step_formula_witness,B_unique_nonreserved_sink,NumStability.H16_eq16_4_8_existsUnique_isSylvesterSolutionRect_of_quasiSchur_schedule_twoBlockSpectral_local_no_common_generated_step_formula_witness | NumStability.existsUnique_isSylvesterSolutionRect_of_quasiSchur_schedule_twoBlockSpectral_local_no_common_generated_step_formula_witness
045daf28056a6e4358d5de7c22c7a9d7acc2e80e,968,5469712fb3a967bcd574ed3254169876af51d201c3d6a314b2f779d0cc3b8f9c,3084726131,31508,2,1,2,0,0,1,0,0,1,0,true,false,1,unique_nonreserved_sink,NumStability.sylvesterSepInf_schurDiagonal_ge_of_entrywise_abs_ge_of_pos_dim,B_unique_nonreserved_sink,NumStability.H16_eq16_26_sylvesterSepInf_schurDiagonal_ge_of_entrywise_abs_ge_of_pos_dim | NumStability.sylvesterSepInf_schurDiagonal_ge_of_entrywise_abs_ge_of_pos_dim
045daf28056a6e4358d5de7c22c7a9d7acc2e80e,777,546a3e6667683e0251252cda65db392388b0682c460a05fe8a8923ce20853bfb,2623661886,7248,2,2,2,0,0,0,0,1,2,0,true,false,1,unique_nonreserved_sink,NumStability.finAppend_sum_mul_smul_eq,B_unique_nonreserved_sink,NumStability.lsScaledAugmentedMatrix_singularPair_normalized_dot_eq | NumStability.finAppend_sum_mul_smul_eq
045daf28056a6e4358d5de7c22c7a9d7acc2e80e,719,5498de56594511129778948a5e4b5e59d9792890f524874ba4124a1ca4423dfb,2472516758,26440,2,2,2,0,0,1,0,1,1,0,true,false,1,unique_nonreserved_sink,NumStability.lyapunov_practical_error_bound_of_vecCoeff_gram_eigenvalues_computed_residual_budget_mono,B_unique_nonreserved_sink,NumStability.lyapunov_practical_error_bound_of_vecCoeff_gram_eigenvalues_computed_residual_budget_mono | NumStability.H16_eq16_29_lyapunov_practical_error_bound_of_vecCoeff_gram_eigenvalues_computed_residual_budget_mono
045daf28056a6e4358d5de7c22c7a9d7acc2e80e,1126,54995b8e884d6148a4393138ac55a6e49cd94f087e910a11739fdc4989c02e21,3468006667,31626,2,1,2,0,0,1,0,0,1,0,true,false,1,unique_nonreserved_sink,NumStability.lyapunov_practical_error_bound_fl_of_vecCoeff_det_ne_zero_scalar,B_unique_nonreserved_sink,NumStability.H16_eq16_29_lyapunov_practical_error_bound_fl_of_vecCoeff_det_ne_zero_scalar | NumStability.lyapunov_practical_error_bound_fl_of_vecCoeff_det_ne_zero_scalar
045daf28056a6e4358d5de7c22c7a9d7acc2e80e,129,54af6a6af3587a0be9bfdd8207eede588a771446fb213c6ce11a06769dee101d,111964046,26951,2,2,2,0,0,1,0,1,1,0,true,false,1,unique_nonreserved_sink,NumStability.Wave14.flBartelsStewartSchurSolve_eq,B_unique_nonreserved_sink,NumStability.Wave14.flBartelsStewartSchurSolve_eq | NumStability.Wave14.H16_eq16_9_flBartelsStewartSchurSolve_eq
045daf28056a6e4358d5de7c22c7a9d7acc2e80e,1308,55015b63835b12935405f1d3c1536538e41b369a09db1f4b9f11dec8b6c892cb,3897149037,26114,2,2,2,0,0,1,0,1,2,0,true,false,1,unique_nonreserved_sink,NumStability.sylvester_relative_aposteriori_bound_of_sigmaMin_total,B_unique_nonreserved_sink,NumStability.sylvester_relative_aposteriori_bound_of_sigmaMin_total | NumStability.H16_eq16_28_sylvester_relative_aposteriori_bound_of_sigmaMin_total
045daf28056a6e4358d5de7c22c7a9d7acc2e80e,341,550bdad72f160a523aa2b50237216da6c949dd34addb67c7ab788ed9474d19a8,1644391974,14825,2,2,2,0,0,1,0,1,2,0,true,false,1,unique_nonreserved_sink,NumStability.noGuard_mulSub_div_row_tight,B_unique_nonreserved_sink,NumStability.noGuard_mulSub_div_row_tight | NumStability.higham8_problem8_1_noGuard_mulSub_div_row_tight
045daf28056a6e4358d5de7c22c7a9d7acc2e80e,1283,551fc44abd9205f10b1974fab648ad562f44b1407a6e465ed22a1de2a62d9a41,3818399304,6806,2,2,2,0,0,1,0,1,2,0,true,false,1,unique_nonreserved_sink,NumStability.householderActiveBlockNorm2Sq_pos_of_leading_witnesses,B_unique_nonreserved_sink,NumStability.householderActiveBlockNorm2Sq_pos_of_leading_witnesses | H19.Theorem19_6.householderActiveBlockNorm2Sq_pos_of_leading_witnesses
045daf28056a6e4358d5de7c22c7a9d7acc2e80e,1010,5563f58d559cfbc279cd255ab2a120ddda9dfe5b2e964b1a76c6bbad6561ae7c,3206619818,18737,2,1,2,0,0,1,0,0,2,0,true,false,1,unique_nonreserved_sink,NumStability.higham11_4_bunch_kaufman_solve_backward_error_of_first_stage_recursive_higham_const_split_regional_D_exact_budgets,B_unique_nonreserved_sink,NumStability.higham11_4_bunch_kaufman_solve_backward_error_interface_of_first_stage_recursive_higham_const_split_regional_D_exact_budgets | NumStability.higham11_4_bunch_kaufman_solve_backward_error_of_first_stage_recursive_higham_const_split_regional_D_exact_budgets
045daf28056a6e4358d5de7c22c7a9d7acc2e80e,966,55a367a54baf5d6bce0cee7ef4b0f3d5968ba72a91baf3cbf05197814a3442f7,307471936,24679,2,1,2,0,0,1,0,0,1,0,true,false,1,unique_nonreserved_sink,NumStability.sylvester_practical_error_bound_of_sepLowerBound_computed_residual_budget,B_unique_nonreserved_sink,NumStability.H16_eq16_29_sylvester_practical_error_bound_of_sepLowerBound_computed_residual_budget | NumStability.sylvester_practical_error_bound_of_sepLowerBound_computed_residual_budget
045daf28056a6e4358d5de7c22c7a9d7acc2e80e,1136,55adc10373f08829aaec77def97a6d197037d2219f6cc721c4f03cf8a1f2e4e2,3493141476,6904,2,2,2,0,0,0,0,2,2,0,true,false,1,unique_nonreserved_sink,NumStability.fl_householderStoredTrailingPanel_sequence_prefix_diag_nonzero_of_signed_alpha_trailingNorm_pos_sqrt_budget,B_unique_nonreserved_sink,NumStability.fl_householderStoredTrailingPanel_sequence_prefix_diag_nonzero_of_signed_alpha_trailingNorm_pos_sqrt_budget | H19.Theorem19_6.stored_panel_sequence_prefix_diag_nonzero_of_signed_alpha_trailingNorm_pos_sqrt_budget
045daf28056a6e4358d5de7c22c7a9d7acc2e80e,1651,55aea68967387360936e1bd73dedd5ebb3974cb710cc634baa9ac28ad1b76f8e,876161351,24906,2,1,2,0,0,1,0,0,1,0,true,false,1,unique_nonreserved_sink,NumStability.no_common_real_left_eigenpair_of_realQuasiSchur_strictBlockMap,B_unique_nonreserved_sink,NumStability.H16_eq16_3_no_common_real_left_eigenpair_of_realQuasiSchur_strictBlockMap | NumStability.no_common_real_left_eigenpair_of_realQuasiSchur_strictBlockMap
045daf28056a6e4358d5de7c22c7a9d7acc2e80e,1579,55af8966d4bc930b5636178e5abaafceaabc9db9e1a661154ffd85fc8b33e909,702981423,24655,2,2,2,0,0,1,0,1,2,0,true,false,1,unique_nonreserved_sink,NumStability.lyapunov_perturbation_bound_of_sepLowerBound_total,B_unique_nonreserved_sink,NumStability.lyapunov_perturbation_bound_of_sepLowerBound_total | NumStability.H16_eq16_27_lyapunov_perturbation_bound_of_sepLowerBound_total
045daf28056a6e4358d5de7c22c7a9d7acc2e80e,1528,55c48e9fd602e9ba0fa2b1ba9cfebe0987ba800baf12df93e3ee3cafd918d184,580703093,15291,2,1,2,0,0,1,0,0,2,0,true,false,1,unique_nonreserved_sink,NumStability.higham9_14_matrix_source_h_bound_of_DoolittleDenseLoopCertificate_fl_triangular_solves_gamma_le,B_unique_nonreserved_sink,NumStability.higham9_14_matrix_source_h_bound_of_DoolittleDenseLoopCertificate_fl_triangular_solves_absLU_le_absA_gamma_le | NumStability.higham9_14_matrix_source_h_bound_of_DoolittleDenseLoopCertificate_fl_triangular_solves_gamma_le
045daf28056a6e4358d5de7c22c7a9d7acc2e80e,1538,55fbb06e7da78c4057fe49f3bd1e42d173b776be60b0be797dac0accb9a7faf8,597649753,24765,2,1,2,0,0,1,0,0,2,0,true,false,1,unique_nonreserved_sink,NumStability.complexSylvester_exists_unique_of_no_common_eigenpair,B_unique_nonreserved_sink,NumStability.H16_eq16_3_complexSylvester_exists_unique_of_no_common_eigenpair | NumStability.complexSylvester_exists_unique_of_no_common_eigenpair
045daf28056a6e4358d5de7c22c7a9d7acc2e80e,1173,560fefa58645e6bfdda121df2322a3d452a9802896a1c64279d05735badd8179,3553373767,6952,2,2,2,0,0,1,0,1,2,0,true,false,1,unique_nonreserved_sink,NumStability.fl_householderStoredPanel_sequence_leadingBlock_offdiag_budget_of_signed_stage_budgets_factor,B_unique_nonreserved_sink,NumStability.fl_householderStoredPanel_sequence_leadingBlock_offdiag_budget_of_signed_stage_budgets_factor | H19.Theorem19_6.stored_panel_sequence_leadingBlock_offdiag_budget_of_signed_stage_budgets_factor
045daf28056a6e4358d5de7c22c7a9d7acc2e80e,1369,5650699134fbfbb299e6c9ee61251c246c79ebcd54322aa86706f5fba7155664,4079421115,26345,2,2,2,0,0,1,0,1,1,0,true,false,1,unique_nonreserved_sink,NumStability.exists_pos_sylvesterDiagonalGap_of_entrywise_ne,B_unique_nonreserved_sink,NumStability.exists_pos_sylvesterDiagonalGap_of_entrywise_ne | NumStability.H16_eq16_2_3_exists_pos_sylvesterDiagonalGap_of_entrywise_ne
045daf28056a6e4358d5de7c22c7a9d7acc2e80e,1336,56815259aebfdff1227cb88c9da3a01f077a7d89803db9ce73b0396bc3279b69,395782696,31629,2,1,2,0,0,1,0,0,1,0,true,false,1,unique_nonreserved_sink,NumStability.lyapunov_practical_error_bound_fl_of_spectralDiagonal,B_unique_nonreserved_sink,NumStability.H16_eq16_29_lyapunov_practical_error_bound_fl_of_spectralDiagonal | NumStability.lyapunov_practical_error_bound_fl_of_spectralDiagonal
045daf28056a6e4358d5de7c22c7a9d7acc2e80e,975,56e37deff31644aa7eb566da40c8ca772067009eed696ae0ba2c389e87b36a91,3096771271,3137,2,2,2,0,0,1,0,1,2,0,true,false,1,unique_nonreserved_sink,NumStability.nonneg_factor_bound,B_unique_nonreserved_sink,NumStability.nonneg_factor_bound | NumStability.higham9_8_nonneg_factor_bound
045daf28056a6e4358d5de7c22c7a9d7acc2e80e,1238,56f0fd0f8e4271811c508fbdc52cb9560f544a443eb658979f344f614453581c,3723726994,26460,2,2,2,0,0,1,0,1,1,0,true,false,1,unique_nonreserved_sink,NumStability.sylvester_practical_error_bound_of_vecCoeff_sigmaMin_computed_residual_certificate_scalar,B_unique_nonreserved_sink,NumStability.sylvester_practical_error_bound_of_vecCoeff_sigmaMin_computed_residual_certificate_scalar | NumStability.H16_eq16_29_sylvester_practical_error_bound_of_vecCoeff_sigmaMin_computed_residual_certificate_scalar
045daf28056a6e4358d5de7c22c7a9d7acc2e80e,943,56fe5364a19af52d4d36d8fbef70d93b1bd038d6cce699ea58f276d988972034,3029673973,24434,2,2,2,0,0,1,0,1,1,0,true,false,1,unique_nonreserved_sink,NumStability.SepLowerBound_diagonal_of_entrywise_abs_ge,B_unique_nonreserved_sink,NumStability.SepLowerBound_diagonal_of_entrywise_abs_ge | NumStability.H16_eq16_26_SepLowerBound_diagonal_of_entrywise_abs_ge
045daf28056a6e4358d5de7c22c7a9d7acc2e80e,1477,573b981b05550626d3cb80b73e008e1cf4a8ef191a3d4566403f4b2f4eb0cbc6,46132881,31541,2,1,2,0,0,1,0,0,1,0,true,false,1,unique_nonreserved_sink,NumStability.sylvesterVecCoeff_mulVec_injective_of_no_common_complex_eigenpair,B_unique_nonreserved_sink,NumStability.H16_eq16_3_sylvesterVecCoeff_mulVec_injective_of_no_common_complex_eigenpair | NumStability.sylvesterVecCoeff_mulVec_injective_of_no_common_complex_eigenpair
045daf28056a6e4358d5de7c22c7a9d7acc2e80e,217,5741fa60a56224a63520f8a074795d3edba65a9362a543a08ca8b9e6faf0599f,1352316532,18493,2,2,2,0,0,0,0,2,2,0,true,false,1,unique_nonreserved_sink,NumStability.twoByTwo_completePivot_absdet_lower,B_unique_nonreserved_sink,NumStability.twoByTwo_completePivot_absdet_lower | NumStability.higham11_4_twoByTwo_absdet_lower
045daf28056a6e4358d5de7c22c7a9d7acc2e80e,1213,57ac1e21e6e774b0b25f3cf38c57faaad2a07b416b02d08457d01a760ce96d28,3650621076,7745,2,2,2,0,0,1,0,1,2,0,true,false,1,unique_nonreserved_sink,NumStability.commonR_difference_rectOpNorm2Le_of_perturbation_bounds_mul_right_inverse,B_unique_nonreserved_sink,NumStability.commonR_difference_rectOpNorm2Le_of_perturbation_bounds_mul_right_inverse | H19.Theorem19_13.commonR_difference_rectOpNorm2Le_of_perturbation_bounds_mul_right_inverse
045daf28056a6e4358d5de7c22c7a9d7acc2e80e,1184,57b86ea450ddeac63de0cf18dbd3cadd0d711260dc2f23bdb2570f171cae15fe,3575331220,24477,2,2,2,0,0,1,0,1,1,0,true,false,1,unique_nonreserved_sink,NumStability.sylvester_relative_aposteriori_bound_of_pos_le_sylvesterSepInf,B_unique_nonreserved_sink,NumStability.sylvester_relative_aposteriori_bound_of_pos_le_sylvesterSepInf | NumStability.H16_eq16_28_sylvester_relative_aposteriori_bound_of_pos_le_sylvesterSepInf
045daf28056a6e4358d5de7c22c7a9d7acc2e80e,1536,57c2c1b250c5a9cc9eb2bdf8faedac65aa47029c9b278128bb0cca3eb1642f69,595605236,19106,2,1,2,0,0,1,0,0,2,0,true,false,1,unique_nonreserved_sink,NumStability.higham11_4_bunch_kaufman_solve_backward_error_of_first_stage_recursive_split_six_row_sum_normalized_prefix_growth_D_bound_unit_initial,B_unique_nonreserved_sink,NumStability.higham11_4_bunch_kaufman_solve_backward_error_interface_of_first_stage_recursive_split_six_row_sum_normalized_prefix_growth_D_bound_unit_initial | NumStability.higham11_4_bunch_kaufman_solve_backward_error_of_first_stage_recursive_split_six_row_sum_normalized_prefix_growth_D_bound_unit_initial
045daf28056a6e4358d5de7c22c7a9d7acc2e80e,1260,580b40b70f1537bc37dfe2a1c8dce5f46385f4df9bcc0591ba8c96e99a96cf5f,3770201241,31569,2,1,2,0,0,1,0,0,1,0,true,false,1,unique_nonreserved_sink,NumStability.existsUnique_isSylvesterSolutionRect_and_HessenbergGEPPUTrace_growth_of_upperHessenberg_triangular_vecCoeff_gram_eigenvalues,B_unique_nonreserved_sink,NumStability.H16_eq16_4_8_existsUnique_isSylvesterSolutionRect_and_HessenbergGEPPUTrace_growth_of_upperHessenberg_triangular_vecCoeff_gram_eigenvalues | NumStability.existsUnique_isSylvesterSolutionRect_and_HessenbergGEPPUTrace_growth_of_upperHessenberg_triangular_vecCoeff_gram_eigenvalues
045daf28056a6e4358d5de7c22c7a9d7acc2e80e,1612,582231af330d44630a9e2dda1648eb208ed3aa663a640787217c47828ef0a0d5,772886751,40924,2,2,2,0,0,1,0,1,2,0,true,false,1,unique_nonreserved_sink,NumStability.Ch11Closure.AasenDirect.bunch_tridiag_absFactor_infNorm_le_infNorm,B_unique_nonreserved_sink,NumStability.Ch11Closure.AasenDirect.bunch_middle_absFactor_infNorm_le | NumStability.Ch11Closure.AasenDirect.bunch_tridiag_absFactor_infNorm_le_infNorm
045daf28056a6e4358d5de7c22c7a9d7acc2e80e,1541,58652523c6ac08a040a5f3efb570eb3700ded4ff82a0314eb9cab2b1494ba264,604028030,24562,2,2,2,0,0,1,0,1,1,0,true,false,1,unique_nonreserved_sink,NumStability.sqrt_lyapunovXiSq_le_mu_relative_residual,B_unique_nonreserved_sink,NumStability.sqrt_lyapunovXiSq_le_mu_relative_residual | NumStability.H16_eq16_21_sqrt_lyapunovXiSq_le_mu_relative_residual
045daf28056a6e4358d5de7c22c7a9d7acc2e80e,1516,586ca9f6e4a51d1f121031dba8622cb0751fdb58884ad3db59ba5c82ff53a2b4,549006179,24302,2,2,2,0,0,1,0,1,1,0,true,false,1,unique_nonreserved_sink,NumStability.sylvesterTwoColumnBlockCoeff_det_ne_zero_of_shifted_det_product_zero,B_unique_nonreserved_sink,NumStability.sylvesterTwoColumnBlockCoeff_det_ne_zero_of_shifted_det_product_zero | NumStability.H16_eq16_4_8_sylvesterTwoColumnBlockCoeff_det_ne_zero_of_shifted_det_product_zero
045daf28056a6e4358d5de7c22c7a9d7acc2e80e,1017,58c08a47949167632dc6a462c3b388f12651648380e723297cdbd6c9ff4812ac,3223296554,26947,2,2,2,0,0,1,0,1,1,0,true,false,1,unique_nonreserved_sink,NumStability.Wave16.sylvesterVecCoeff_quasiQuasi_blockBackSub_backward_error_componentwise,B_unique_nonreserved_sink,NumStability.Wave16.sylvesterVecCoeff_quasiQuasi_blockBackSub_backward_error_componentwise | NumStability.Wave16.H16_eq16_7_quasiquasi_sylvesterVecCoeff_blockBackSub_backward_error_componentwise
045daf28056a6e4358d5de7c22c7a9d7acc2e80e,1054,5952df5e3e4208f66f7ab5d899812b731ff22b976fee25ff27a741461275a9c9,333370355,31535,2,1,2,0,0,1,0,0,1,0,true,false,1,unique_nonreserved_sink,NumStability.lyapunov_aposteriori_bound_spectralDiagonal_of_vecCoeff_entrywise_abs_ge,B_unique_nonreserved_sink,NumStability.H16_eq16_28_lyapunov_aposteriori_bound_spectralDiagonal_of_vecCoeff_entrywise_abs_ge | NumStability.lyapunov_aposteriori_bound_spectralDiagonal_of_vecCoeff_entrywise_abs_ge
045daf28056a6e4358d5de7c22c7a9d7acc2e80e,470,5963dd275763660d9eb911a170dcaf4e94a4c83bf84e76c165afa6771bc88089,1937216233,26368,2,2,2,0,0,1,0,1,1,0,true,false,1,unique_nonreserved_sink,NumStability.lyapunovVecCoeff_nonsingInv_mulVec_mulVec_of_operator_sigmaMin,B_unique_nonreserved_sink,NumStability.lyapunovVecCoeff_nonsingInv_mulVec_mulVec_of_operator_sigmaMin | NumStability.H16_eq16_2_27_lyapunovVecCoeff_nonsingInv_mulVec_mulVec_of_operator_sigmaMin
045daf28056a6e4358d5de7c22c7a9d7acc2e80e,638,5997d2de248dbce800bcf397b9e55fb1fb306f0159d74d3c258af51609310007,2301230065,24557,2,2,2,0,0,1,0,1,1,0,true,false,1,unique_nonreserved_sink,NumStability.lyapunovXiSq_spectral_symmetric_le_min_eigen_bound,B_unique_nonreserved_sink,NumStability.lyapunovXiSq_spectral_symmetric_le_min_eigen_bound | NumStability.H16_eq16_21_lyapunovXiSq_spectral_symmetric_le_min_eigen_bound
045daf28056a6e4358d5de7c22c7a9d7acc2e80e,1101,5a20755cd07d4a8963cf961847c3f05bbf53192104e72890787a7d95f5d4cf9d,3412036684,24733,2,1,2,0,0,1,0,0,1,0,true,false,1,unique_nonreserved_sink,NumStability.sylvester_practical_error_bound_of_schurDiagonal_computed_residual_budget,B_unique_nonreserved_sink,NumStability.H16_eq16_29_sylvester_practical_error_bound_of_schurDiagonal_computed_residual_budget | NumStability.sylvester_practical_error_bound_of_schurDiagonal_computed_residual_budget
045daf28056a6e4358d5de7c22c7a9d7acc2e80e,479,5a5558823c6948acad540b34a466d9db9718d9907fc90c30ab4e9041d737577d,1963183013,15284,2,1,2,0,0,1,0,0,2,0,true,false,1,unique_nonreserved_sink,NumStability.higham9_14_source_h_bound_of_DoolittleDenseLoopAbsBudgetCertificate_fl_triangular_solves_gamma,B_unique_nonreserved_sink,NumStability.higham9_14_source_h_bound_of_DoolittleDenseLoopAbsBudgetCertificate_fl_triangular_solves_absLU_le_absA_gamma | NumStability.higham9_14_source_h_bound_of_DoolittleDenseLoopAbsBudgetCertificate_fl_triangular_solves_gamma
045daf28056a6e4358d5de7c22c7a9d7acc2e80e,1332,5a5b3aa28b0cfb81796d7805464ed632d1b26126b52a0585eb5f89e060754bb0,3945782218,16335,2,1,2,0,0,1,0,0,1,0,true,false,1,unique_nonreserved_sink,NumStability.higham9_15_normwise_source_bound_of_factorization_init_linear_step_opNorm_of_matrix_inverse_identities,B_unique_nonreserved_sink,NumStability.higham9_15_normwise_source_bound_of_factorization_G_init_linear_step_opNorm_of_matrix_inverse_identities | NumStability.higham9_15_normwise_source_bound_of_factorization_init_linear_step_opNorm_of_matrix_inverse_identities
045daf28056a6e4358d5de7c22c7a9d7acc2e80e,1649,5ac8f29a7a7dc7ee071166afeb504d858506c91906bd4c9cf8e2c318e94faef8,865990038,18514,2,2,2,0,0,0,0,2,2,0,true,false,1,unique_nonreserved_sink,NumStability.oneByOne_multiplier_bound,B_unique_nonreserved_sink,NumStability.oneByOne_multiplier_bound | NumStability.higham11_1_oneByOne_multiplier_bound
045daf28056a6e4358d5de7c22c7a9d7acc2e80e,81,5acbf9f0f8c73dde368508e5d74b05634b70e90d93e899be1f67c55bc8814a0d,1023072544,24624,2,2,2,0,0,1,0,1,1,0,true,false,1,unique_nonreserved_sink,NumStability.sylvesterPsiDiagonal_isPsiFirstOrderBound,B_unique_nonreserved_sink,NumStability.sylvesterPsiDiagonal_isPsiFirstOrderBound | NumStability.H16_eq16_24_sylvesterPsiDiagonal_isPsiFirstOrderBound
045daf28056a6e4358d5de7c22c7a9d7acc2e80e,72,5ad375fc41237224e5ac3de20f9ef8cbdc21dbef4f91fba442a70af56d9d14a6,470320072,31497,3,1,3,0,0,1,0,0,2,0,true,false,2,unique_nonreserved_sink,NumStability.H16_eq16_24_structured_condition_schurDiagonal_of_vecCoeff_entrywise_abs_ge,B_unique_nonreserved_sink,NumStability.H16_eq16_24_structured_condition_schurDiagonal_of_vecCoeff_entrywise_abs_ge | NumStability.H16_eq16_24_sylvester_relative_first_order_bound_schurDiagonal_of_vecCoeff_entrywise_abs_ge | NumStability.sylvester_relative_first_order_bound_schurDiagonal_of_vecCoeff_entrywise_abs_ge
045daf28056a6e4358d5de7c22c7a9d7acc2e80e,1620,5b25adbbe020c9fa069dc150e2674423ccf9bd6f418105743a126f69468dbddf,802136304,31604,2,1,2,0,0,1,0,0,1,0,true,false,1,unique_nonreserved_sink,NumStability.sylvester_practical_error_bound_fl_of_no_common_complex_right_eigenvalue_scalar,B_unique_nonreserved_sink,NumStability.H16_eq16_29_sylvester_practical_error_bound_fl_of_no_common_complex_right_eigenvalue_scalar | NumStability.sylvester_practical_error_bound_fl_of_no_common_complex_right_eigenvalue_scalar
045daf28056a6e4358d5de7c22c7a9d7acc2e80e,683,5b7edbe8c72aa5d190ce11a1f311900fb7c960c7018cbf4ffad1865f4f69ff68,2404024279,26211,2,2,2,0,0,1,0,1,1,0,true,false,1,unique_nonreserved_sink,NumStability.lyapunovVecCoeff_eq_nonsingInv_mulVec_of_mulVec_eq_of_pos_le_sylvesterSepInf,B_unique_nonreserved_sink,NumStability.lyapunovVecCoeff_eq_nonsingInv_mulVec_of_mulVec_eq_of_pos_le_sylvesterSepInf | NumStability.H16_eq16_2_27_lyapunovVecCoeff_eq_nonsingInv_mulVec_of_mulVec_eq_of_pos_le_sylvesterSepInf
045daf28056a6e4358d5de7c22c7a9d7acc2e80e,492,5bb1ee5ebb43716506fbc26836415cac1096f309622e5122fb84a9660895e178,1995660452,42800,2,2,2,0,0,1,0,1,2,0,true,false,1,unique_nonreserved_sink,NumStability.eq_11_16,B_unique_nonreserved_sink,NumStability.eq_11_16 | NumStability.higham12_18_residual_abs_bound
045daf28056a6e4358d5de7c22c7a9d7acc2e80e,1244,5bc8f60d77003b9cf386a2a0cf2ba4a7e3da11ce6e5fa9ef75236b5fbc5cb881,3733674679,31646,2,1,2,0,0,1,0,0,1,0,true,false,1,unique_nonreserved_sink,NumStability.lyapunovBackwardErrorInf_mem_lyapunovBackwardErrorValues,B_unique_nonreserved_sink,NumStability.H16_eq16_21_lyapunovBackwardErrorInf_mem_lyapunovBackwardErrorValues | NumStability.lyapunovBackwardErrorInf_mem_lyapunovBackwardErrorValues
045daf28056a6e4358d5de7c22c7a9d7acc2e80e,863,5be07aa5b4bc6ea3c5d4ceddd39c13c4d13ed7547ef2eac618c5d62315a0a745,2837112125,15319,2,1,2,0,0,1,0,0,2,0,true,false,1,unique_nonreserved_sink,NumStability.higham9_14_matrix_source_h_bound_of_RectDoolittleDenseLoopAbsBudgetCertificate_square_fl_triangular_solves_gamma,B_unique_nonreserved_sink,NumStability.higham9_14_matrix_source_h_bound_of_RectDoolittleDenseLoopAbsBudgetCertificate_square_fl_triangular_solves_absLU_le_absA_gamma | NumStability.higham9_14_matrix_source_h_bound_of_RectDoolittleDenseLoopAbsBudgetCertificate_square_fl_triangular_solves_gamma
045daf28056a6e4358d5de7c22c7a9d7acc2e80e,821,5c16656afbb930b86070fee60b9a2fa0887f633eb68a8751a921d35debaff9bf,2739524711,18511,2,2,2,0,0,1,0,1,2,0,true,false,1,unique_nonreserved_sink,NumStability.twoByTwo_completePivot_det_bound,B_unique_nonreserved_sink,NumStability.twoByTwo_completePivot_det_bound | NumStability.higham11_4_twoByTwo_det_bound
045daf28056a6e4358d5de7c22c7a9d7acc2e80e,739,5c7fdd7de7d826a3ff72848dafbff5c6c36b6483b71169a6194bf562e4433c49,2519234668,5814,2,2,2,0,0,1,0,1,2,0,true,false,1,unique_nonreserved_sink,NumStability.linear_contraction_steady_state,B_unique_nonreserved_sink,NumStability.linear_contraction_steady_state | NumStability.higham12_forward_error_steady_state
045daf28056a6e4358d5de7c22c7a9d7acc2e80e,1003,5c894e9905c8ccc3b84e60625aaa11af3c26c5250ecb4649b926d41edb86db5c,3182486831,26160,2,2,2,0,0,1,0,1,1,0,true,false,1,unique_nonreserved_sink,NumStability.sylvesterVecCoeff_eq_nonsingInv_mulVec_of_mulVec_eq_of_sepLowerBound,B_unique_nonreserved_sink,NumStability.sylvesterVecCoeff_eq_nonsingInv_mulVec_of_mulVec_eq_of_sepLowerBound | NumStability.H16_eq16_2_26_sylvesterVecCoeff_eq_nonsingInv_mulVec_of_mulVec_eq_of_sepLowerBound
045daf28056a6e4358d5de7c22c7a9d7acc2e80e,1303,5cc9b44f175fd94efa4914d90b83f6293d0a7208ea452cc43629ab5063198c6d,388568826,23700,2,2,2,0,0,1,0,1,2,0,true,false,1,unique_nonreserved_sink,NumStability.sylvester_practical_error_bound_of_computed_residual_budget,B_unique_nonreserved_sink,NumStability.sylvester_practical_error_bound_of_computed_residual_budget | NumStability.H16_eq16_29_sylvester_practical_error_bound_of_computed_residual_budget
045daf28056a6e4358d5de7c22c7a9d7acc2e80e,1251,5d1a8c2d8f8c67a2d5ca0c06dbe850edb18ac13ea2688041386861536afbba54,3745067095,24847,2,1,2,0,0,1,0,0,1,0,true,false,1,unique_nonreserved_sink,NumStability.exists_isSylvesterSolutionRect_and_generatedStepFormula_of_quasiSchur_schedule_twoBlockSpectral_complex_root_separation,B_unique_nonreserved_sink,NumStability.H16_eq16_4_8_exists_isSylvesterSolutionRect_and_generatedStepFormula_of_quasiSchur_schedule_twoBlockSpectral_complex_root_separation | NumStability.exists_isSylvesterSolutionRect_and_generatedStepFormula_of_quasiSchur_schedule_twoBlockSpectral_complex_root_separation
045daf28056a6e4358d5de7c22c7a9d7acc2e80e,785,5d7381c513b2a3a8483fd8c18aadcf0bfcd523068a5c1b46ee6543fc97d3f282,2641442112,41373,2,1,2,0,0,0,0,1,2,0,true,false,1,unique_nonreserved_sink,NumStability.Higham11BunchSharpBlockCertificate.higham11_1_bunchSharpGrowth_stageMax_le_bound_mul,B_unique_nonreserved_sink,NumStability.Higham11BunchSharpBlockCertificate.higham11_1_bunchSharpGrowth_stageMax_le_bound_mul | NumStability.higham11_1_bunchSharpGrowth_stageMax_le_bound_mul
045daf28056a6e4358d5de7c22c7a9d7acc2e80e,372,5d7bf17cace9f9f32ce3fa6af2780b9927d79463d52443f22e3e030ffd7785f6,1699923601,31572,2,1,2,0,0,1,0,0,1,0,true,false,1,unique_nonreserved_sink,NumStability.existsUnique_isSylvesterSolutionRect_and_HessenbergGEPPUTrace_growth_of_upperHessenberg_triangular_pos_le_sylvesterSepInf,B_unique_nonreserved_sink,NumStability.H16_eq16_4_8_existsUnique_isSylvesterSolutionRect_and_HessenbergGEPPUTrace_growth_of_upperHessenberg_triangular_pos_le_sylvesterSepInf | NumStability.existsUnique_isSylvesterSolutionRect_and_HessenbergGEPPUTrace_growth_of_upperHessenberg_triangular_pos_le_sylvesterSepInf
045daf28056a6e4358d5de7c22c7a9d7acc2e80e,1175,5e47f96fae3600def5bb38fae71a07afb64587173e05054ffb4de4f85d7c03cf,3555186089,26525,2,2,2,0,0,1,0,1,1,0,true,false,1,unique_nonreserved_sink,NumStability.sylvester_practical_error_bound_of_vecCoeff_gram_eigenvalues_computed_residual_error_model_mono_scalar,B_unique_nonreserved_sink,NumStability.sylvester_practical_error_bound_of_vecCoeff_gram_eigenvalues_computed_residual_error_model_mono_scalar | NumStability.H16_eq16_29_sylvester_practical_error_bound_of_vecCoeff_gram_eigenvalues_computed_residual_error_model_mono_scalar
045daf28056a6e4358d5de7c22c7a9d7acc2e80e,1267,5e967888cc2c80435b94cf4f7b6f53ae2d60a09559a1523063da7c584c1a1c97,3779237307,31675,2,1,2,0,0,1,0,0,1,0,true,false,1,unique_nonreserved_sink,NumStability.lyapunov_practical_error_bound_fl_of_vecCoeff_gram_eigenvalues_mono,B_unique_nonreserved_sink,NumStability.H16_eq16_29_lyapunov_practical_error_bound_fl_of_vecCoeff_gram_eigenvalues_mono | NumStability.lyapunov_practical_error_bound_fl_of_vecCoeff_gram_eigenvalues_mono
045daf28056a6e4358d5de7c22c7a9d7acc2e80e,1137,5eafe8bb5e030dfc1b28ff2d796918141aa9dafe07c55a7f006c3a82bde91179,3494810287,50847,2,2,2,0,0,0,0,1,0,0,true,false,1,unique_nonreserved_sink,NumStability.Higham22SourceRoundModel.flSub_zero_left,B_unique_nonreserved_sink,NumStability.higham22Closure_source_flSub_zero_left | NumStability.Higham22SourceRoundModel.flSub_zero_left
045daf28056a6e4358d5de7c22c7a9d7acc2e80e,1218,5ec3bb1763a8402922477b2f46513368198cb0113d420154d851560dc40f6b03,3677392118,24438,2,2,2,0,0,1,0,1,1,0,true,false,1,unique_nonreserved_sink,NumStability.sylvesterSepInf_diagonal_ge_of_entrywise_abs_ge_of_pos_dim,B_unique_nonreserved_sink,NumStability.sylvesterSepInf_diagonal_ge_of_entrywise_abs_ge_of_pos_dim | NumStability.H16_eq16_26_sylvesterSepInf_diagonal_ge_of_entrywise_abs_ge_of_pos_dim
045daf28056a6e4358d5de7c22c7a9d7acc2e80e,457,5ed4d97aa1f3f782cadeb741ff51c169a511f6b1cfb1315a094caf5243030052,191063283,8007,2,2,2,0,0,1,0,1,2,0,true,false,1,unique_nonreserved_sink,NumStability.gramSchmidtOrthogonalityResidual_eq_close_expansion,B_unique_nonreserved_sink,NumStability.gramSchmidtOrthogonalityResidual_eq_close_expansion | H19.Theorem19_13.gramSchmidtOrthogonalityResidual_eq_close_expansion
045daf28056a6e4358d5de7c22c7a9d7acc2e80e,1638,5f09589dd67663aac0adabab9f25b651e870df2cdbf36f180e5095ea537ee71c,831540037,15478,2,1,2,0,0,1,0,0,2,0,true,false,1,unique_nonreserved_sink,NumStability.higham9_14_source_h_bound_of_DoolittleDenseLoopAbsBudgetCertificate_fl_triangular_solves_gamma_le,B_unique_nonreserved_sink,NumStability.higham9_14_source_h_bound_of_DoolittleDenseLoopAbsBudgetCertificate_fl_triangular_solves_absLU_le_absA_gamma_le | NumStability.higham9_14_source_h_bound_of_DoolittleDenseLoopAbsBudgetCertificate_fl_triangular_solves_gamma_le
045daf28056a6e4358d5de7c22c7a9d7acc2e80e,1323,5f6a556668a8e32bd08a133422c05b4369e3f5a92ca740d83a25d710f74f55b7,3933725743,13102,2,2,2,0,0,0,0,1,2,0,true,false,1,unique_nonreserved_sink,NumStability.ScalarFamilyIsBigOOne.mono,B_unique_nonreserved_sink,NumStability.ScalarFamilyIsBigOOne.mono | NumStability.higham13_scalarFamily_isBigO_one_of_le
045daf28056a6e4358d5de7c22c7a9d7acc2e80e,170,5ff699873ce91c01846e5d9f5881105fa38763faadc14a2b52ddd3d4cc1d3565,1218055256,26340,2,2,2,0,0,1,0,1,1,0,true,false,1,unique_nonreserved_sink,NumStability.sylvester_relative_aposteriori_bound_of_vecCoeff_gram_eigenvalues,B_unique_nonreserved_sink,NumStability.sylvester_relative_aposteriori_bound_of_vecCoeff_gram_eigenvalues | NumStability.H16_eq16_28_sylvester_relative_aposteriori_bound_of_vecCoeff_gram_eigenvalues
045daf28056a6e4358d5de7c22c7a9d7acc2e80e,897,5ff6d2099a4ee640249c8e4543313b541486e346849adf54b898aacd38acec4d,2930853358,18479,2,2,2,0,0,1,0,1,2,0,true,false,1,unique_nonreserved_sink,NumStability.geom_growth_iterate,B_unique_nonreserved_sink,NumStability.geom_growth_iterate | NumStability.higham11_1_growth_factor_recursion
045daf28056a6e4358d5de7c22c7a9d7acc2e80e,482,602267418eed51835c387ffdd3d2a2e5f753970952fb0cca658b1193e237a855,1975553256,24821,2,1,2,0,0,1,0,0,1,0,true,false,1,unique_nonreserved_sink,NumStability.sylvester_quasiSchur_blockTraversal_original_solution_eq_of_twoBlockSpectral_complex_root_separation_generated_step_formula,B_unique_nonreserved_sink,NumStability.H16_eq16_4_8_sylvester_quasiSchur_blockTraversal_original_solution_eq_of_twoBlockSpectral_complex_root_separation_generated_step_formula | NumStability.sylvester_quasiSchur_blockTraversal_original_solution_eq_of_twoBlockSpectral_complex_root_separation_generated_step_formula
045daf28056a6e4358d5de7c22c7a9d7acc2e80e,1656,6048e5342009e9e47194f31fa6e0c7af4666ee7e7508419fbde5c5a3fb24ed8b,883156089,42806,2,2,2,0,0,1,0,1,2,0,true,false,1,unique_nonreserved_sink,NumStability.correction_product_bound,B_unique_nonreserved_sink,NumStability.correction_product_bound | NumStability.higham12_21_correction_product_bound
045daf28056a6e4358d5de7c22c7a9d7acc2e80e,1565,6071d2cd1369239903ca167fd11638b05f6346975b6d80ca834515c32391db1d,669637541,26325,2,2,2,0,0,1,0,1,1,0,true,false,1,unique_nonreserved_sink,NumStability.sylvester_first_order_bound_of_vecCoeff_sigmaMin,B_unique_nonreserved_sink,NumStability.sylvester_first_order_bound_of_vecCoeff_sigmaMin | NumStability.H16_eq16_23_sylvester_first_order_bound_of_vecCoeff_sigmaMin
045daf28056a6e4358d5de7c22c7a9d7acc2e80e,356,608bacbb78ca1ac4adbfe71caef1e17a8fbb456ab66df565883db52ae2def66d,1665452826,40696,2,1,2,0,0,0,0,1,2,0,true,false,1,unique_nonreserved_sink,NumStability.Ch11Closure.AasenAdjacentGEPP.flDGTTRFUpdate_error_le_gamma2,B_unique_nonreserved_sink,NumStability.Ch11Closure.AasenAdjacentGEPP.flDGTTRFUpdate_error_le_gamma2 | NumStability.Ch11Closure.AasenAdjacentGEPP.flDGTTRS_forward_local_residual_le_gamma2
045daf28056a6e4358d5de7c22c7a9d7acc2e80e,1074,60a3429683bb723cb84aab9b04b2a6aaf7db347b8486b434f22a9ec729d34a39,336093884,26183,2,2,2,0,0,1,0,1,1,0,true,false,1,unique_nonreserved_sink,NumStability.lyapunov_relative_aposteriori_bound_of_vecCoeff_gram_eigenvalues,B_unique_nonreserved_sink,NumStability.lyapunov_relative_aposteriori_bound_of_vecCoeff_gram_eigenvalues | NumStability.H16_eq16_28_lyapunov_relative_aposteriori_bound_of_vecCoeff_gram_eigenvalues
045daf28056a6e4358d5de7c22c7a9d7acc2e80e,1508,60d78daab49e3704dd4b15d38b8f02dce11f5918f0c14d37993439f23374a506,530743246,16387,2,1,2,0,0,0,0,0,2,0,true,false,1,unique_nonreserved_sink,NumStability.higham9_15_normalized_G_min_factor_bound_fin_zero,B_unique_nonreserved_sink,NumStability.higham9_15_normalized_G_min_factor_bound_fin_zero | NumStability.higham9_15_normalized_Gtilde_min_factor_bound_fin_zero
045daf28056a6e4358d5de7c22c7a9d7acc2e80e,1204,614e4005cc10d9b503e97dccb7c08e969f375ca6f52f41e461660a9e19a1a7ec,363247171,42804,2,2,2,0,0,1,0,1,2,0,true,false,1,unique_nonreserved_sink,NumStability.eq_11_15_div,B_unique_nonreserved_sink,NumStability.eq_11_15_div | NumStability.higham12_17_update_bound_div
045daf28056a6e4358d5de7c22c7a9d7acc2e80e,565,61c09d0c316de2acc6ce84a959603b02417d3ac5a7ac77070ac3d34487fd096d,2186863616,7801,2,2,2,0,0,1,0,1,2,0,true,false,1,unique_nonreserved_sink,NumStability.mgsProblem1912_csDiagonal_gram_sum_eq_id,B_unique_nonreserved_sink,NumStability.mgsProblem1912_csDiagonal_gram_sum_eq_id | H19.Theorem19_13.problem1912_csDiagonal_gram_sum_eq_id
045daf28056a6e4358d5de7c22c7a9d7acc2e80e,1105,61d14bf73b248103b3cb2092d121292f203418512be8da4adc29efedb385f6ac,3426847909,31671,2,1,2,0,0,1,0,0,2,0,true,false,1,unique_nonreserved_sink,NumStability.sylvester_practical_error_bound_fl_of_pos_le_sylvesterSepInf,B_unique_nonreserved_sink,NumStability.H16_eq16_29_sylvester_practical_error_bound_fl_of_pos_le_sylvesterSepInf | NumStability.sylvester_practical_error_bound_fl_of_pos_le_sylvesterSepInf
045daf28056a6e4358d5de7c22c7a9d7acc2e80e,329,626d18313dae86afd67f128bea4b386270ca818cb1d2bb93582de978b2a4d4d9,1626218588,31521,2,1,2,0,0,1,0,0,1,0,true,false,1,unique_nonreserved_sink,NumStability.sylvesterSepInf_lyapunovSpectralDiagonal_ge_of_entrywise_abs_ge,B_unique_nonreserved_sink,NumStability.H16_eq16_26_sylvesterSepInf_lyapunovSpectralDiagonal_ge_of_entrywise_abs_ge | NumStability.sylvesterSepInf_lyapunovSpectralDiagonal_ge_of_entrywise_abs_ge
045daf28056a6e4358d5de7c22c7a9d7acc2e80e,767,6280d97deac65126365b4a2b4b2ae1270535d0f1589f80598ae4e78f0da629a9,2597939101,26924,2,2,2,0,0,1,0,1,1,0,true,false,1,unique_nonreserved_sink,NumStability.Wave16.sylvesterVecCoeff_quasiQuasi_blockBackSub_backward_error,B_unique_nonreserved_sink,NumStability.Wave16.sylvesterVecCoeff_quasiQuasi_blockBackSub_backward_error | NumStability.Wave16.H16_eq16_7_quasiquasi_sylvesterVecCoeff_blockBackSub_backward_error
045daf28056a6e4358d5de7c22c7a9d7acc2e80e,348,62ea490728fa04c3860d5936c18051c8f61e7466716a8edfc56c995f71655cd0,1653963640,19110,2,1,2,0,0,1,0,0,2,0,true,false,1,unique_nonreserved_sink,NumStability.higham11_4_bunch_kaufman_solve_backward_error_of_first_stage_recursive_higham_const_row_entry_exact_budgets,B_unique_nonreserved_sink,NumStability.higham11_4_bunch_kaufman_solve_backward_error_interface_of_first_stage_recursive_higham_const_row_entry_exact_budgets | NumStability.higham11_4_bunch_kaufman_solve_backward_error_of_first_stage_recursive_higham_const_row_entry_exact_budgets
045daf28056a6e4358d5de7c22c7a9d7acc2e80e,1434,62f46c743f3b67ecb01b670156340f9db91c58c7df8807cf8f06f12c9d06ff4c,4237902898,16516,2,1,2,0,0,1,0,0,1,0,true,false,1,unique_nonreserved_sink,NumStability.higham9_15_normwise_source_bound_of_factorization_init_min_factor_bound_opNorm_of_matrix_inverse_identities_exact_opNorm2_one_residual,B_unique_nonreserved_sink,NumStability.higham9_15_normwise_source_bound_of_factorization_G_init_min_factor_bound_opNorm_of_matrix_inverse_identities_exact_opNorm2_one_residual | NumStability.higham9_15_normwise_source_bound_of_factorization_init_min_factor_bound_opNorm_of_matrix_inverse_identities_exact_opNorm2_one_residual
045daf28056a6e4358d5de7c22c7a9d7acc2e80e,617,6388232284783f2ddd9c43e9785aac070f4b886dbc55744ea2788e4e7bf45016,2271579380,15479,2,1,2,0,0,1,0,0,2,0,true,false,1,unique_nonreserved_sink,NumStability.higham9_14_matrix_source_h_bound_of_RectDoolittleDenseLoopCertificate_square_fl_triangular_solves_gamma,B_unique_nonreserved_sink,NumStability.higham9_14_matrix_source_h_bound_of_RectDoolittleDenseLoopCertificate_square_fl_triangular_solves_absLU_le_absA_gamma | NumStability.higham9_14_matrix_source_h_bound_of_RectDoolittleDenseLoopCertificate_square_fl_triangular_solves_gamma
045daf28056a6e4358d5de7c22c7a9d7acc2e80e,543,63dd790aeaea190452aad43bc98abd78bc552fc737374ef786133351d7810d78,2130784691,24440,2,2,2,0,0,1,0,1,1,0,true,false,1,unique_nonreserved_sink,NumStability.SepLowerBound_iff_pos_le_sylvesterSepInf_of_pos_dim,B_unique_nonreserved_sink,NumStability.SepLowerBound_iff_pos_le_sylvesterSepInf_of_pos_dim | NumStability.H16_eq16_26_SepLowerBound_iff_pos_le_sylvesterSepInf_of_pos_dim
045daf28056a6e4358d5de7c22c7a9d7acc2e80e,1657,63eba80fe01966c5e531bcc626d464bb4b2c5dc39a8f721488d78a1e9df732d6,884649927,24804,2,1,2,0,0,1,0,0,1,0,true,false,1,unique_nonreserved_sink,NumStability.sylvesterVecCoeff_realQuasiSchur_strictBlockMap_mulVec_injective,B_unique_nonreserved_sink,NumStability.H16_eq16_2_6_sylvesterVecCoeff_realQuasiSchur_strictBlockMap_mulVec_injective | NumStability.sylvesterVecCoeff_realQuasiSchur_strictBlockMap_mulVec_injective
045daf28056a6e4358d5de7c22c7a9d7acc2e80e,1292,63fb7f63ff4ba158314129f497a5ec44a056b303994d830d5b1f5455cb993b56,3858921806,31478,2,1,2,0,0,1,0,0,2,0,true,false,1,unique_nonreserved_sink,NumStability.sylvester_relative_error_le_of_sepLowerBound_schur_transform_residual_budget,B_unique_nonreserved_sink,NumStability.H16_eq16_28_sylvester_relative_error_le_of_sepLowerBound_schur_transform_residual_budget | NumStability.sylvester_relative_error_le_of_sepLowerBound_schur_transform_residual_budget
045daf28056a6e4358d5de7c22c7a9d7acc2e80e,569,6437ee916748984953104aa3b8dca21782c8002db341cd3327f90f717afbb16a,2199180676,24894,2,1,2,0,0,1,0,0,1,0,true,false,1,unique_nonreserved_sink,NumStability.sylvester_practical_abs_error_bound_of_no_common_complex_right_eigenvalue_computed_residual_certificate_mono_scalar,B_unique_nonreserved_sink,NumStability.H16_eq16_29_sylvester_practical_abs_error_bound_of_no_common_complex_right_eigenvalue_computed_residual_certificate_mono_scalar | NumStability.sylvester_practical_abs_error_bound_of_no_common_complex_right_eigenvalue_computed_residual_certificate_mono_scalar
045daf28056a6e4358d5de7c22c7a9d7acc2e80e,120,645c14ef4ebcffb660dfa718649e555694a8456f21b3643ae18cb4bf26d59e19,111171444,29379,2,2,2,0,0,1,0,1,2,0,true,false,1,unique_nonreserved_sink,NumStability.lejaGreedyFlopCount_eq_square,B_unique_nonreserved_sink,NumStability.higham5_leja_abstract_selection_budget_eq_square | NumStability.lejaGreedyFlopCount_eq_square
045daf28056a6e4358d5de7c22c7a9d7acc2e80e,442,65279e585239140ec99db874b74877cbdf7ec1337ebbf5104d9db4b788bf1751,1864359862,50929,2,2,2,0,0,0,0,1,0,0,true,false,1,unique_nonreserved_sink,NumStability.Higham22SourceRoundModel.flDiv_one,B_unique_nonreserved_sink,NumStability.higham22Closure_source_flDiv_one | NumStability.Higham22SourceRoundModel.flDiv_one
045daf28056a6e4358d5de7c22c7a9d7acc2e80e,460,653abc696ed39c0d5f4b8d9856e67591a01f1814c2248a4979517524ce6e9877,191966956,19021,2,1,2,0,0,1,0,0,2,0,true,false,1,unique_nonreserved_sink,NumStability.higham11_4_bunch_kaufman_stability_of_first_stage_recursive_uniform_six_row_sum_normalized_prefix_growth_D_bound,B_unique_nonreserved_sink,NumStability.higham11_4_bunch_kaufman_stability_interface_of_first_stage_recursive_uniform_six_row_sum_normalized_prefix_growth_D_bound | NumStability.higham11_4_bunch_kaufman_stability_of_first_stage_recursive_uniform_six_row_sum_normalized_prefix_growth_D_bound
045daf28056a6e4358d5de7c22c7a9d7acc2e80e,1042,65dadfca143f44524270a87e6900befccc86bb825c06114ebcf07e7da1f69574,3284326996,26341,2,2,2,0,0,1,0,1,1,0,true,false,1,unique_nonreserved_sink,NumStability.lyapunov_relative_aposteriori_bound_of_vecCoeff_sigmaMin_total,B_unique_nonreserved_sink,NumStability.lyapunov_relative_aposteriori_bound_of_vecCoeff_sigmaMin_total | NumStability.H16_eq16_28_lyapunov_relative_aposteriori_bound_of_vecCoeff_sigmaMin_total
045daf28056a6e4358d5de7c22c7a9d7acc2e80e,553,65e9a45b71a304be77dd7a56ae22f4068fe78a17ea07f5e4d690a8212957dead,2149456206,24801,2,1,2,0,0,1,0,0,2,0,true,false,1,unique_nonreserved_sink,NumStability.sylvester_practical_error_bound_of_schurTriangular_computed_residual_error_model_mono,B_unique_nonreserved_sink,NumStability.H16_eq16_29_schurTriangular_computed_residual_error_model_mono | NumStability.sylvester_practical_error_bound_of_schurTriangular_computed_residual_error_model_mono
045daf28056a6e4358d5de7c22c7a9d7acc2e80e,658,662600c29969b126975130a9f6bf4c2f0b515ed27efb02ce274466aa369522b2,2351094528,26465,2,2,2,0,0,1,0,1,2,0,true,false,1,unique_nonreserved_sink,NumStability.lyapunovBackwardErrorInf_two_sided_sqrt_lyapunovXiSq_of_symmetric_spectral,B_unique_nonreserved_sink,NumStability.lyapunovBackwardErrorInf_two_sided_sqrt_lyapunovXiSq_of_symmetric_spectral | NumStability.H16_eq16_21_lyapunov_eta_xi_bounds_of_symmetric_spectral
045daf28056a6e4358d5de7c22c7a9d7acc2e80e,1393,665fc604a43dbf1d56e919c42ce1452ab8c78cd6481a0a272110809ae3a64133,4134160501,24929,2,1,2,0,0,1,0,1,1,0,true,false,1,unique_nonreserved_sink,NumStability.sylvester_practical_error_bound_of_no_common_complex_right_eigenvalue_computed_residual_certificate,B_unique_nonreserved_sink,NumStability.H16_eq16_29_sylvester_practical_error_bound_of_no_common_complex_right_eigenvalue_computed_residual_certificate | NumStability.sylvester_practical_error_bound_of_no_common_complex_right_eigenvalue_computed_residual_certificate
045daf28056a6e4358d5de7c22c7a9d7acc2e80e,405,6685b476aac93ea5f1fa3469857580763e393d4ddc86c908a2259df355f98044,1777165725,23521,2,2,2,0,0,0,0,2,2,0,true,false,1,unique_nonreserved_sink,NumStability.forwardSub_backward_error_anyOrder,B_unique_nonreserved_sink,NumStability.higham8_5_forwardSub_anyOrder_backward_error | NumStability.forwardSub_backward_error_anyOrder
045daf28056a6e4358d5de7c22c7a9d7acc2e80e,919,67a4f3ca83d40788cb0a0e8a2b20947e0ed3a5f20654e476bc8d78fce174e42d,2971773433,24805,2,1,2,0,0,1,0,0,1,0,true,false,1,unique_nonreserved_sink,NumStability.sylvester_quasiSchur_blockTraversal_original_solution_eq_of_product_shift_det_frontier_step_oracle,B_unique_nonreserved_sink,NumStability.H16_eq16_4_8_sylvester_quasiSchur_blockTraversal_original_solution_eq_of_product_shift_det_frontier_step_oracle | NumStability.sylvester_quasiSchur_blockTraversal_original_solution_eq_of_product_shift_det_frontier_step_oracle
045daf28056a6e4358d5de7c22c7a9d7acc2e80e,108,67cb46e3a86fa092137c1caf5faa3c72f300f38c71e42f5193ba88efe8216211,1093191501,24678,2,1,2,0,0,1,0,0,1,0,true,false,1,unique_nonreserved_sink,NumStability.sylvester_practical_error_bound_of_sepLowerBound_computed_residual_budget_mono_scalar,B_unique_nonreserved_sink,NumStability.H16_eq16_29_sylvester_practical_error_bound_of_sepLowerBound_computed_residual_budget_mono_scalar | NumStability.sylvester_practical_error_bound_of_sepLowerBound_computed_residual_budget_mono_scalar
045daf28056a6e4358d5de7c22c7a9d7acc2e80e,1603,687521413f2cfacedf77bad9c232c7f3c26a3c109275af35985fc0642561434d,751326726,3248,2,2,2,0,0,1,0,1,2,0,true,false,1,unique_nonreserved_sink,NumStability.backSub_backward_error_algorithm_8_1,B_unique_nonreserved_sink,NumStability.backSub_backward_error_algorithm_8_1 | NumStability.higham8_3_backSub_backward_error
045daf28056a6e4358d5de7c22c7a9d7acc2e80e,1679,68b7263f9528abe22579f006cf0ab27f1db4ea9d5a73c66c6a4de302b0207397,928501499,24707,2,1,2,0,0,1,0,1,1,0,true,false,1,unique_nonreserved_sink,NumStability.sylvester_schur_transform_identity,B_unique_nonreserved_sink,NumStability.H16_eq16_4_5_sylvester_schur_transform_identity | NumStability.sylvester_schur_transform_identity
045daf28056a6e4358d5de7c22c7a9d7acc2e80e,1459,68bc98d20b802e264b7872a056652653d3ce4ada39a51a791ed3ade2ca10505a,433297616,6901,2,2,2,0,0,1,0,1,2,0,true,false,1,unique_nonreserved_sink,NumStability.fl_householderStoredTrailingPanel_sequence_diag_nonzero_of_signed_alpha_trailingNorm_pos_sqrt_budget,B_unique_nonreserved_sink,NumStability.fl_householderStoredTrailingPanel_sequence_diag_nonzero_of_signed_alpha_trailingNorm_pos_sqrt_budget | H19.Theorem19_6.stored_panel_sequence_diag_nonzero_of_signed_alpha_trailingNorm_pos_sqrt_budget
045daf28056a6e4358d5de7c22c7a9d7acc2e80e,701,690385449cc73afec4d1752550ba8c0a9722046a8eb360972905e9477442ed31,2446253104,31640,2,1,2,0,0,1,0,0,2,0,true,false,1,unique_nonreserved_sink,NumStability.sylvester_practical_error_bound_fl_of_pos_le_sylvesterSepInf_mono_scalar,B_unique_nonreserved_sink,NumStability.H16_eq16_29_sylvester_practical_error_bound_fl_of_pos_le_sylvesterSepInf_mono_scalar | NumStability.sylvester_practical_error_bound_fl_of_pos_le_sylvesterSepInf_mono_scalar
045daf28056a6e4358d5de7c22c7a9d7acc2e80e,1559,6904c097f3f329d3a67f80a906ae4feedde6e7078e807360ae4ed24015aba89b,652511915,25153,2,2,2,0,0,1,0,1,2,0,true,false,1,unique_nonreserved_sink,NumStability.underdetermined_forward_error,B_unique_nonreserved_sink,NumStability.underdetermined_forward_error | NumStability.higham21_eq21_11_gram_forward_error
045daf28056a6e4358d5de7c22c7a9d7acc2e80e,437,6906b792e6f13861dcdd2054b5ff87911f40b40113f5316a3546c0e78d7ab408,1850702793,7787,2,2,2,0,0,1,0,1,1,0,true,false,1,unique_nonreserved_sink,NumStability.GramSchmidtOrthonormalColumns.rectOpNorm2Le_one,B_unique_nonreserved_sink,NumStability.GramSchmidtOrthonormalColumns.rectOpNorm2Le_one | H19.Theorem19_13.orthonormalColumns_rectOpNorm2Le_one
045daf28056a6e4358d5de7c22c7a9d7acc2e80e,85,6921f30488a9711dd35f18a4663be438bf1ad40c3a7d62879607182140b6725e,1026208670,24875,2,1,2,0,0,1,0,0,1,0,true,false,1,unique_nonreserved_sink,NumStability.existsUnique_isSylvesterSolutionRect_of_quasiSchur_twoBlockSpectral_no_common_singleton_frontier_step_oracle,B_unique_nonreserved_sink,NumStability.H16_eq16_4_8_existsUnique_isSylvesterSolutionRect_of_quasiSchur_twoBlockSpectral_no_common_singleton_frontier_step_oracle | NumStability.existsUnique_isSylvesterSolutionRect_of_quasiSchur_twoBlockSpectral_no_common_singleton_frontier_step_oracle
045daf28056a6e4358d5de7c22c7a9d7acc2e80e,1069,692d26c5f312d3c5cbca5f6d96fa4a532e5ac30a5fb770c3cb850ff9840013e7,3354845191,24648,2,2,2,0,0,1,0,1,2,0,true,false,1,unique_nonreserved_sink,NumStability.lyapunov_aposteriori_bound_of_sepLowerBound_total,B_unique_nonreserved_sink,NumStability.lyapunov_aposteriori_bound_of_sepLowerBound_total | NumStability.H16_eq16_28_lyapunov_aposteriori_bound_of_sepLowerBound_total
045daf28056a6e4358d5de7c22c7a9d7acc2e80e,100,69678562e3ccca740efa4644729a834eac38da15f7001a554c5bf95b8446fc1c,1073601156,26239,2,2,2,0,0,1,0,1,1,0,true,false,1,unique_nonreserved_sink,NumStability.sylvesterVecCoeff_lyapunovSpecial_sigmaMin_of_operator_sigmaMin,B_unique_nonreserved_sink,NumStability.sylvesterVecCoeff_lyapunovSpecial_sigmaMin_of_operator_sigmaMin | NumStability.H16_eq16_2_27_sylvesterVecCoeff_lyapunovSpecial_sigmaMin_of_operator_sigmaMin
045daf28056a6e4358d5de7c22c7a9d7acc2e80e,566,699528669843b909dad917dc09406cdc123389f42cd56ea90d3294b6ff484dbd,2187600800,15425,2,1,2,0,0,1,0,1,2,0,true,false,1,unique_nonreserved_sink,NumStability.higham9_14_source_h_bound_of_rectRoundedLoop_square_fl_triangular_solves_gamma_le,B_unique_nonreserved_sink,NumStability.higham9_14_source_h_bound_of_rectRoundedLoop_square_fl_triangular_solves_absLU_le_absA_gamma_le | NumStability.higham9_14_source_h_bound_of_rectRoundedLoop_square_fl_triangular_solves_gamma_le
045daf28056a6e4358d5de7c22c7a9d7acc2e80e,905,6998c221b96ec1a3bea3ea7aef01a8fecc1717463b721e5561ec6d31be9348f4,2944062584,26464,2,2,2,0,0,1,0,1,1,0,true,false,1,unique_nonreserved_sink,NumStability.sylvester_practical_error_bound_of_operator_sigmaMin_computed_residual_budget_mono,B_unique_nonreserved_sink,NumStability.sylvester_practical_error_bound_of_operator_sigmaMin_computed_residual_budget_mono | NumStability.H16_eq16_29_sylvester_practical_error_bound_of_operator_sigmaMin_computed_residual_budget_mono
045daf28056a6e4358d5de7c22c7a9d7acc2e80e,500,69af2673f5e3d821a6402d275095a215940309324e1fed4d22d2adf269ab03ab,2033035247,18991,2,1,2,0,0,1,0,0,2,0,true,false,1,unique_nonreserved_sink,NumStability.higham11_4_bunch_kaufman_stability_of_first_stage_recursive_split_six_row_sum_normalized_prefix_growth_D_bound,B_unique_nonreserved_sink,NumStability.higham11_4_bunch_kaufman_stability_interface_of_first_stage_recursive_split_six_row_sum_normalized_prefix_growth_D_bound | NumStability.higham11_4_bunch_kaufman_stability_of_first_stage_recursive_split_six_row_sum_normalized_prefix_growth_D_bound
045daf28056a6e4358d5de7c22c7a9d7acc2e80e,1246,69af3359f0f0ba11cbde724cb3d83e3d6c1b344f20ca667d1b53a3232f0dff89,373676022,31538,2,1,2,0,0,1,0,0,2,0,true,false,1,unique_nonreserved_sink,NumStability.sylvester_relative_aposteriori_bound_schurDiagonal_of_vecCoeff_entrywise_abs_ge_total,B_unique_nonreserved_sink,NumStability.H16_eq16_28_sylvester_relative_aposteriori_bound_schurDiagonal_of_vecCoeff_entrywise_abs_ge_total | NumStability.sylvester_relative_aposteriori_bound_schurDiagonal_of_vecCoeff_entrywise_abs_ge_total
045daf28056a6e4358d5de7c22c7a9d7acc2e80e,915,69b8af23dc0bf0e68244f9fdcc29ea8df9d75a82c87c315c921f5ec6ea4b526c,2959526198,24726,2,1,2,0,0,1,0,0,1,0,true,false,1,unique_nonreserved_sink,NumStability.sylvester_practical_error_bound_of_pos_le_sylvesterSepInf_computed_residual_certificate_scalar,B_unique_nonreserved_sink,NumStability.H16_eq16_29_sylvester_practical_error_bound_of_pos_le_sylvesterSepInf_computed_residual_certificate_scalar | NumStability.sylvester_practical_error_bound_of_pos_le_sylvesterSepInf_computed_residual_certificate_scalar
045daf28056a6e4358d5de7c22c7a9d7acc2e80e,306,69d619aad0a4fd260be682d6d2f4e8ae709d8907d42a7c2c0d2f772b4d40a44c,1581889976,26934,2,2,2,0,0,1,0,1,1,0,true,false,1,unique_nonreserved_sink,NumStability.Wave16.sylvesterResidualRect_quasiQuasi_blockBackSub_componentwise_le_with_budget,B_unique_nonreserved_sink,NumStability.Wave16.sylvesterResidualRect_quasiQuasi_blockBackSub_componentwise_le_with_budget | NumStability.Wave16.H16_eq16_8_quasiquasi_sylvesterResidualRect_blockBackSub_componentwise_le_with_budget
045daf28056a6e4358d5de7c22c7a9d7acc2e80e,1618,69f1832486abae781491bc9c314b2f7942c75c9f427cbc061e4d5c309916fb4b,787113604,3201,2,2,2,0,0,0,0,2,2,0,true,false,1,unique_nonreserved_sink,NumStability.backSub_backward_error,B_unique_nonreserved_sink,NumStability.backSub_backward_error | NumStability.higham8_5_backSub_backward_error
045daf28056a6e4358d5de7c22c7a9d7acc2e80e,1171,69f597a7d9fc5f430d1c9703a02ed1dd99a3606ad7ca14c579d08d8319db3ca3,3548910931,24927,2,1,2,0,0,1,0,0,1,0,true,false,1,unique_nonreserved_sink,NumStability.sylvester_quasiSchur_blockTraversal_solution_of_twoBlockSpectral_no_common_generated_frontier_step_oracle,B_unique_nonreserved_sink,NumStability.H16_eq16_4_8_sylvester_quasiSchur_blockTraversal_solution_of_twoBlockSpectral_no_common_generated_frontier_step_oracle | NumStability.sylvester_quasiSchur_blockTraversal_solution_of_twoBlockSpectral_no_common_generated_frontier_step_oracle
045daf28056a6e4358d5de7c22c7a9d7acc2e80e,1104,6a0b16867675229554477ca72085ae5e916dc77af56dbc4d00bf48d907e84255,3425868442,24724,2,1,2,0,0,1,0,0,1,0,true,false,1,unique_nonreserved_sink,NumStability.sylvester_practical_error_bound_of_schurDiagonal_computed_residual_error_model_mono,B_unique_nonreserved_sink,NumStability.H16_eq16_29_sylvester_practical_error_bound_of_schurDiagonal_computed_residual_error_model_mono | NumStability.sylvester_practical_error_bound_of_schurDiagonal_computed_residual_error_model_mono
045daf28056a6e4358d5de7c22c7a9d7acc2e80e,1531,6a2fed568eaed4a7c8fbff021a2fceb6e29a240ea67bf0f2b5a7e6b68ea969e3,584751593,13569,2,2,2,0,0,0,0,1,2,0,true,false,1,unique_nonreserved_sink,NumStability.sign_equiv_optimal_growth,B_unique_nonreserved_sink,NumStability.sign_equiv_optimal_growth | NumStability.higham9_12_sign_equiv_optimal_growth
045daf28056a6e4358d5de7c22c7a9d7acc2e80e,854,6a51c14872991d5633192179cc40a20646155843fb858e66c08b91f00073bff4,2824653526,19126,2,1,2,0,0,1,0,0,2,0,true,false,1,unique_nonreserved_sink,NumStability.higham11_4_bunch_kaufman_solve_backward_error_of_first_stage_recursive_higham_const_uniform_entry_exact_budgets,B_unique_nonreserved_sink,NumStability.higham11_4_bunch_kaufman_solve_backward_error_interface_of_first_stage_recursive_higham_const_uniform_entry_exact_budgets | NumStability.higham11_4_bunch_kaufman_solve_backward_error_of_first_stage_recursive_higham_const_uniform_entry_exact_budgets
045daf28056a6e4358d5de7c22c7a9d7acc2e80e,1563,6a69957e9e83ff780c421125fff424587a03f7dc12385cf71bdc80afd5dc6263,661717118,31621,2,1,2,0,0,1,0,0,1,0,true,false,1,unique_nonreserved_sink,NumStability.lyapunov_practical_error_bound_fl_of_spectralDiagonal_mono,B_unique_nonreserved_sink,NumStability.H16_eq16_29_lyapunov_practical_error_bound_fl_of_spectralDiagonal_mono | NumStability.lyapunov_practical_error_bound_fl_of_spectralDiagonal_mono
045daf28056a6e4358d5de7c22c7a9d7acc2e80e,25,6aa739922061d6e7fdd01146ba08588f1d359094086ed9cb01a26581b8f23694,3271410753,31500,4,1,4,0,0,2,0,0,3,0,true,false,2,unique_nonreserved_sink,NumStability.H16_eq16_27_lyapunov_condition_spectralDiagonal_of_vecCoeff_entrywise_abs_ge,B_unique_nonreserved_sink,NumStability.H16_eq16_27_lyapunov_condition_spectralDiagonal_of_sep_entrywise_abs_ge | NumStability.H16_eq16_27_lyapunov_condition_spectralDiagonal_of_vecCoeff_entrywise_abs_ge | NumStability.H16_eq16_27_lyapunov_relative_first_order_bound_spectralDiagonal_of_vecCoeff_entrywise_abs_ge | NumStability.lyapunov_relative_first_order_bound_spectralDiagonal_of_vecCoeff_entrywise_abs_ge
045daf28056a6e4358d5de7c22c7a9d7acc2e80e,661,6ab53933861cb2c102f1f1f53efb53c12e40be6d3d4d39062dc77b2682febc73,2354655830,6565,2,2,2,0,0,1,0,1,2,0,true,false,1,unique_nonreserved_sink,NumStability.householderActiveMaxPivotColumn_pivot_max,B_unique_nonreserved_sink,NumStability.householderActiveMaxPivotColumn_pivot_max | NumStability.Wave13.pivoted_qr_activeMaxPivot_policy_pivot_max
045daf28056a6e4358d5de7c22c7a9d7acc2e80e,1185,6afe7cc0f4091330e8f74fa985951d47818c07b9c67d0a8eb6d83c7e2684503a,3575391110,32640,2,1,2,0,0,1,0,0,2,0,true,false,1,unique_nonreserved_sink,NumStability.higham21_complement_projector_complexMatrixOp2_eq_projectorFactor,B_unique_nonreserved_sink,NumStability.higham21_complement_projector_complexMatrixOp2_eq_projectorFactor | NumStability.higham21_eq21_9_complement_projector_complexMatrixOp2_eq
045daf28056a6e4358d5de7c22c7a9d7acc2e80e,842,6b1cb1497e418b6b2c0e35e13ef27a08b2118a6f2f10193295b8cd859b29a444,2792671759,26126,2,2,2,0,0,1,0,1,2,0,true,false,1,unique_nonreserved_sink,NumStability.lyapunov_relative_perturbation_of_sigmaMin_total,B_unique_nonreserved_sink,NumStability.lyapunov_relative_perturbation_of_sigmaMin_total | NumStability.H16_eq16_27_lyapunov_relative_perturbation_of_sigmaMin_total
045daf28056a6e4358d5de7c22c7a9d7acc2e80e,794,6b378e83068a62eb885a7657d81ba4890868e305458fd951edf5269c05495685,2669377892,18553,2,1,2,0,0,1,0,0,2,0,true,false,1,unique_nonreserved_sink,NumStability.higham11_4_bunch_kaufman_solve_backward_error_of_path_offbranch_D_entries_zero_local_D_single_nonzero_L_rows_maxEntryNorm_A,B_unique_nonreserved_sink,NumStability.higham11_4_bunch_kaufman_solve_backward_error_interface_of_path_offbranch_D_entries_zero_local_D_single_nonzero_L_rows_maxEntryNorm_A | NumStability.higham11_4_bunch_kaufman_solve_backward_error_of_path_offbranch_D_entries_zero_local_D_single_nonzero_L_rows_maxEntryNorm_A
045daf28056a6e4358d5de7c22c7a9d7acc2e80e,703,6b431aa7c7e9c658a84b910ad8341a3c139e60b41348e41b39177b475fd76c21,2447158882,24914,2,1,2,0,0,1,0,0,2,0,true,false,1,unique_nonreserved_sink,NumStability.complexSylvesterVecCoeff_shifted_det_eq_zero_iff_exists_eigenvalue_difference,B_unique_nonreserved_sink,NumStability.H16_eq16_3_complexSylvesterVecCoeff_shifted_det_eq_zero_iff_exists_eigenvalue_difference | NumStability.complexSylvesterVecCoeff_shifted_det_eq_zero_iff_exists_eigenvalue_difference
045daf28056a6e4358d5de7c22c7a9d7acc2e80e,52,6b6c300237483f2507089248b0f0a6f72f6df7ed85004b7c5170fde1268afaad,2298517848,6887,3,2,3,0,0,0,0,1,3,0,true,false,2,unique_nonreserved_sink,NumStability.fl_householderStoredTrailingPanel_sequence_diag_nonzero_of_leading_block_det_ne_zero_sqrt_budget,B_unique_nonreserved_sink,NumStability.fl_householderStoredTrailingPanel_sequence_diag_nonzero_of_leading_block_det_ne_zero_sqrt_budget | H19.Theorem19_13.storedTrailingPanel_R_diag_ne_zero_of_leading_block_det_ne_zero_sqrt_budget | H19.Theorem19_6.stored_panel_sequence_diag_nonzero_of_leading_block_det_ne_zero_sqrt_budget
045daf28056a6e4358d5de7c22c7a9d7acc2e80e,1177,6b710d434f53b603469ad7b676d72d4d9c99d4878ff0c726d815ac356d925f7a,3560252077,24559,2,2,2,0,0,1,0,1,1,0,true,false,1,unique_nonreserved_sink,NumStability.lyapunovBackwardErrorInf_nonneg,B_unique_nonreserved_sink,NumStability.lyapunovBackwardErrorInf_nonneg | NumStability.H16_eq16_21_lyapunovBackwardErrorInf_nonneg
045daf28056a6e4358d5de7c22c7a9d7acc2e80e,1076,6b79af299df93183272a2027c6785bb5cac8ee8666ec1867fae3f968df413fc3,3363525000,23663,2,2,2,0,0,1,0,1,1,0,true,false,1,unique_nonreserved_sink,NumStability.sylvester_practical_error_bound_of_vecCoeff_det_ne_zero_computed_residual_certificate_rect,B_unique_nonreserved_sink,NumStability.sylvester_practical_error_bound_of_vecCoeff_det_ne_zero_computed_residual_certificate_rect | NumStability.H16_eq16_29_sylvester_practical_error_bound_of_vecCoeff_det_ne_zero_computed_residual_certificate_rect
045daf28056a6e4358d5de7c22c7a9d7acc2e80e,1446,6beb244a95cc047734f21f12982d13e27d07d9ab7304580073a10f40f8dc16da,4263075287,26151,2,2,2,0,0,1,0,1,2,0,true,false,1,unique_nonreserved_sink,NumStability.sylvester_relative_perturbation_of_vecCoeff_left_inverse_finiteOpNorm2Le_total,B_unique_nonreserved_sink,NumStability.sylvester_relative_perturbation_of_vecCoeff_left_inverse_finiteOpNorm2Le_total | NumStability.H16_eq16_25_sylvester_relative_perturbation_of_vecCoeff_left_inverse_finiteOpNorm2Le_total
045daf28056a6e4358d5de7c22c7a9d7acc2e80e,424,6bec28e8c2f67453bf5d3660827aeeb87521b389320feb3323562d40f1213c4a,1812392906,23660,2,2,2,0,0,1,0,1,1,0,true,false,1,unique_nonreserved_sink,NumStability.sylvesterVecCoeff_diagonal_det_ne_zero_iff,B_unique_nonreserved_sink,NumStability.sylvesterVecCoeff_diagonal_det_ne_zero_iff | NumStability.H16_eq16_3_sylvesterVecCoeff_diagonal_det_ne_zero_iff
045daf28056a6e4358d5de7c22c7a9d7acc2e80e,389,6bfe3d07d0cf74ce349c6f91487cc5b41cf769d0e832a73f0333446debe002e7,1735619124,24338,2,2,2,0,0,1,0,1,1,0,true,false,1,unique_nonreserved_sink,NumStability.Wave14.sylvesterResidualRect_triangular_backSub_componentwise_le,B_unique_nonreserved_sink,NumStability.Wave14.sylvesterResidualRect_triangular_backSub_componentwise_le | NumStability.Wave14.H16_eq16_8_sylvesterResidualRect_triangular_backSub_componentwise_le
045daf28056a6e4358d5de7c22c7a9d7acc2e80e,630,6c14ded68afbeec7f8d8b009e1ac31d450448cfbe027eade51cb0464ccbece75,2283334288,16781,2,1,2,0,0,1,0,0,1,0,true,false,1,unique_nonreserved_sink,NumStability.higham9_15_normwise_source_bound_of_factorization_min_factor_bound_opNorm,B_unique_nonreserved_sink,NumStability.higham9_15_normwise_source_bound_of_factorization_G_min_factor_bound_opNorm | NumStability.higham9_15_normwise_source_bound_of_factorization_min_factor_bound_opNorm
045daf28056a6e4358d5de7c22c7a9d7acc2e80e,773,6c66c98e63be6bae11e3583a774abf0ffb938a2102b59a5e3c65d2cfe290b2ce,2610960298,7785,2,2,2,0,0,1,0,1,2,0,true,false,1,unique_nonreserved_sink,NumStability.mgsProblem1912_polarAlgebra_correction_factor,B_unique_nonreserved_sink,NumStability.mgsProblem1912_polarAlgebra_correction_factor | H19.Theorem19_13.problem1912_polarAlgebra_correction_factor
045daf28056a6e4358d5de7c22c7a9d7acc2e80e,1143,6c93ff449c13c8c25e8c06009fdf12fa890790f0cff755817724001ca8729f88,3507900774,18556,2,1,2,0,0,1,0,0,2,0,true,false,1,unique_nonreserved_sink,NumStability.higham11_4_bunch_kaufman_solve_backward_error_of_first_stage_recursive_higham_const_split_L_entry_regional_D_exact_budgets,B_unique_nonreserved_sink,NumStability.higham11_4_bunch_kaufman_solve_backward_error_interface_of_first_stage_recursive_higham_const_split_L_entry_regional_D_exact_budgets | NumStability.higham11_4_bunch_kaufman_solve_backward_error_of_first_stage_recursive_higham_const_split_L_entry_regional_D_exact_budgets
045daf28056a6e4358d5de7c22c7a9d7acc2e80e,1320,6ccd09e4495ae4c2a61904a8ecf71baedb611af14fc40fac15d4cfb55d316a1e,3923107391,26514,2,2,2,0,0,1,0,1,1,0,true,false,1,unique_nonreserved_sink,NumStability.sylvester_practical_error_bound_of_vecCoeff_gram_eigenvalues_computed_residual_certificate,B_unique_nonreserved_sink,NumStability.sylvester_practical_error_bound_of_vecCoeff_gram_eigenvalues_computed_residual_certificate | NumStability.H16_eq16_29_sylvester_practical_error_bound_of_vecCoeff_gram_eigenvalues_computed_residual_certificate
045daf28056a6e4358d5de7c22c7a9d7acc2e80e,1363,6cf3e2634796f5851e1ea719a0dbdb17e95d2ec70ab719fda3a9e330b5a94d7f,406161699,26139,2,2,2,0,0,1,0,1,1,0,true,false,1,unique_nonreserved_sink,NumStability.lyapunovOp_eq_zero_iff_of_sigmaMin,B_unique_nonreserved_sink,NumStability.lyapunovOp_eq_zero_iff_of_sigmaMin | NumStability.H16_eq16_27_lyapunovOp_eq_zero_iff_of_sigmaMin
045daf28056a6e4358d5de7c22c7a9d7acc2e80e,840,6d46679b860fef1e3dd26dc948dd7d87c44231bbc359f33b6b2410a0690c850b,2782951223,18641,2,1,2,0,0,1,0,0,2,0,true,false,1,unique_nonreserved_sink,NumStability.higham11_4_bunch_kaufman_stability_of_first_stage_recursive_split_normalized_prefix_regional_LD_bound_unit_initial,B_unique_nonreserved_sink,NumStability.higham11_4_bunch_kaufman_stability_interface_of_first_stage_recursive_split_normalized_prefix_regional_LD_bound_unit_initial | NumStability.higham11_4_bunch_kaufman_stability_of_first_stage_recursive_split_normalized_prefix_regional_LD_bound_unit_initial
045daf28056a6e4358d5de7c22c7a9d7acc2e80e,694,6d583c19674975739704c90d66d68613ae8d8db0be2eb70b0de41e9f6a14e168,2423113216,26528,2,2,2,0,0,1,0,1,1,0,true,false,1,unique_nonreserved_sink,NumStability.sylvester_practical_error_bound_of_vecCoeff_sigmaMin_computed_residual_budget,B_unique_nonreserved_sink,NumStability.sylvester_practical_error_bound_of_vecCoeff_sigmaMin_computed_residual_budget | NumStability.H16_eq16_29_sylvester_practical_error_bound_of_vecCoeff_sigmaMin_computed_residual_budget
045daf28056a6e4358d5de7c22c7a9d7acc2e80e,780,6d93cb481e4d01d54ac8e5ef42aee019f6bfdf8ecb2cec1396481f118123ce9a,2625085569,26422,2,2,2,0,0,1,0,1,1,0,true,false,1,unique_nonreserved_sink,NumStability.lyapunov_practical_error_bound_of_vecCoeff_gram_eigenvalues_computed_residual_budget,B_unique_nonreserved_sink,NumStability.lyapunov_practical_error_bound_of_vecCoeff_gram_eigenvalues_computed_residual_budget | NumStability.H16_eq16_29_lyapunov_practical_error_bound_of_vecCoeff_gram_eigenvalues_computed_residual_budget
045daf28056a6e4358d5de7c22c7a9d7acc2e80e,245,6da7677834545753beeaa848a6729ad7524ebf0654bcde57f043fc716d545441,1394103920,26305,2,2,2,0,0,1,0,1,1,0,true,false,1,unique_nonreserved_sink,NumStability.sylvesterVecCoeff_mulVec_injective_of_operator_sigmaMin,B_unique_nonreserved_sink,NumStability.sylvesterVecCoeff_mulVec_injective_of_operator_sigmaMin | NumStability.H16_eq16_26_sylvesterVecCoeff_mulVec_injective_of_operator_sigmaMin
045daf28056a6e4358d5de7c22c7a9d7acc2e80e,1002,6dd68a48a117c918f050ad0f82a86d69ea171d77ce6138c930f9d032f2152814,3172483608,26400,2,2,2,0,0,1,0,1,1,0,true,false,1,unique_nonreserved_sink,NumStability.sylvesterVecCoeff_lyapunovSpecial_nonsingInv_mulVec_mulVec_of_sepLowerBound,B_unique_nonreserved_sink,NumStability.sylvesterVecCoeff_lyapunovSpecial_nonsingInv_mulVec_mulVec_of_sepLowerBound | NumStability.H16_eq16_2_27_sylvesterVecCoeff_lyapunovSpecial_nonsingInv_mulVec_mulVec_of_sepLowerBound
045daf28056a6e4358d5de7c22c7a9d7acc2e80e,1301,6e12b830955d6d33ca57295f02a9cea0b5300fda512bc197af4a5f09d86d54b7,3879531408,24887,2,1,2,0,0,1,0,1,2,0,true,false,1,unique_nonreserved_sink,NumStability.sylvesterVecCoeff_det_ne_zero_iff_no_common_complex_right_eigenvalue,B_unique_nonreserved_sink,NumStability.H16_eq16_3_sylvesterVecCoeff_det_ne_zero_iff_no_common_complex_right_eigenvalue | NumStability.sylvesterVecCoeff_det_ne_zero_iff_no_common_complex_right_eigenvalue
045daf28056a6e4358d5de7c22c7a9d7acc2e80e,1130,6e21f834de26979745f25047578d6923639606b58bcb4f44949a7e1961eadcb5,3480788067,31547,2,1,2,0,0,1,0,0,1,0,true,false,1,unique_nonreserved_sink,NumStability.existsUnique_sylvesterVecCoeff_mulVec_of_no_common_complex_eigenpair,B_unique_nonreserved_sink,NumStability.H16_eq16_3_existsUnique_sylvesterVecCoeff_mulVec_of_no_common_complex_eigenpair | NumStability.existsUnique_sylvesterVecCoeff_mulVec_of_no_common_complex_eigenpair
045daf28056a6e4358d5de7c22c7a9d7acc2e80e,929,6e241dc81752e80f3a555e0cac9570d0da1d22a78c1164da74dde88768de4f67,2995188069,15808,2,1,2,0,0,1,0,0,1,0,true,false,1,unique_nonreserved_sink,NumStability.higham9_15_normwise_source_bound_of_factorization_linear_step_opNorm_of_matrix_inverse_identities_exact_opNorm2,B_unique_nonreserved_sink,NumStability.higham9_15_normwise_source_bound_of_factorization_G_linear_step_opNorm_of_matrix_inverse_identities_exact_opNorm2 | NumStability.higham9_15_normwise_source_bound_of_factorization_linear_step_opNorm_of_matrix_inverse_identities_exact_opNorm2
045daf28056a6e4358d5de7c22c7a9d7acc2e80e,1562,6e54ae0fa8ce196fe29389fd4ab6c5a60faada1fb18e9723247a5933ab99504e,660271947,3613,2,2,2,0,0,1,0,1,2,0,true,false,1,unique_nonreserved_sink,NumStability.mathias_lu_success,B_unique_nonreserved_sink,NumStability.mathias_lu_success | NumStability.higham10_mathias_lu_success
045daf28056a6e4358d5de7c22c7a9d7acc2e80e,412,6e7426ffc088c73455976186c49113759b55bcc7f5d305cf47748bfacba41d1a,1793525977,31552,2,1,2,0,0,1,0,0,1,0,true,false,1,unique_nonreserved_sink,NumStability.exists_realQuasiSchur_schedule_original_solution_and_generated_step_formula_of_vecCoeff_left_inverse_finiteOpNorm2Le,B_unique_nonreserved_sink,NumStability.H16_eq16_4_8_exists_realQuasiSchur_schedule_original_solution_and_generated_step_formula_of_vecCoeff_left_inverse_finiteOpNorm2Le | NumStability.exists_realQuasiSchur_schedule_original_solution_and_generated_step_formula_of_vecCoeff_left_inverse_finiteOpNorm2Le
045daf28056a6e4358d5de7c22c7a9d7acc2e80e,182,6e7ef6e1eba51e8339ecfccc4ba6107f3e51448dab0e6ea85265a805bb78bdde,1248308639,31813,2,1,2,0,0,1,0,0,2,0,true,false,1,unique_nonreserved_sink,NumStability.sylvester_practical_error_bound_fl_of_schurTriangular_mono,B_unique_nonreserved_sink,NumStability.H16_eq16_29_sylvester_practical_error_bound_fl_of_schurTriangular_mono | NumStability.sylvester_practical_error_bound_fl_of_schurTriangular_mono
045daf28056a6e4358d5de7c22c7a9d7acc2e80e,257,6efcd52dd7fba51db5bc8fde6715368db01edd6ad56f2169adf7ae959c86dad1,1418330179,23669,2,2,2,0,0,1,0,1,1,0,true,false,1,unique_nonreserved_sink,NumStability.sylvester_practical_error_bound_of_diagonal_computed_residual_budget,B_unique_nonreserved_sink,NumStability.sylvester_practical_error_bound_of_diagonal_computed_residual_budget | NumStability.H16_eq16_29_sylvester_practical_error_bound_of_diagonal_computed_residual_budget
045daf28056a6e4358d5de7c22c7a9d7acc2e80e,1700,6f0b3d83f8f306e7370a78791b9c5b6def77bd07ae2f93214ec9c0d54c97b7a6,976252348,26414,2,2,2,0,0,1,0,1,1,0,true,false,1,unique_nonreserved_sink,NumStability.lyapunov_practical_error_bound_of_vecCoeff_left_inverse_finiteOpNorm2Le_computed_residual_budget_scalar,B_unique_nonreserved_sink,NumStability.lyapunov_practical_error_bound_of_vecCoeff_left_inverse_finiteOpNorm2Le_computed_residual_budget_scalar | NumStability.H16_eq16_29_lyapunov_practical_error_bound_of_vecCoeff_left_inverse_finiteOpNorm2Le_computed_residual_budget_scalar
045daf28056a6e4358d5de7c22c7a9d7acc2e80e,570,6f0e2d2d6f41c27a080d48be05417f6013f66a7d44cba9d756b53010f4817c35,2199428572,24514,2,2,2,0,0,1,0,1,1,0,true,false,1,unique_nonreserved_sink,NumStability.backward_error_upper_component,B_unique_nonreserved_sink,NumStability.backward_error_upper_component | NumStability.H16_eq16_15_backward_error_upper_component
045daf28056a6e4358d5de7c22c7a9d7acc2e80e,435,6f7aaa08483b048ca3a7be3475ca328028fe3909499d1a1be54ab70457082f57,184289200,24403,2,2,2,0,0,1,0,1,1,0,true,false,1,unique_nonreserved_sink,NumStability.Wave15.sylvesterQuasiPairing_block_decode,B_unique_nonreserved_sink,NumStability.Wave15.sylvesterQuasiPairing_block_decode | NumStability.Wave15.H16_eq16_6_quasi_sylvesterQuasiPairing_block_decode
045daf28056a6e4358d5de7c22c7a9d7acc2e80e,938,6f7d0d1bd33c7807f10c7dc2b8bef5d91aa57afe933eef01ae18a37628cf2ef4,302084947,24565,2,2,2,0,0,1,0,1,1,0,true,false,1,unique_nonreserved_sink,NumStability.lyapunovOptimalDeltaC_frobNormSq_le_xiSq,B_unique_nonreserved_sink,NumStability.lyapunovOptimalDeltaC_frobNormSq_le_xiSq | NumStability.H16_eq16_21_lyapunovOptimalDeltaC_frobNormSq_le_xiSq
045daf28056a6e4358d5de7c22c7a9d7acc2e80e,166,6f88819ae54597cbef36f179894804ab8d909a47e5bb47fe9de97327970102ac,1202722967,24369,2,2,2,0,0,1,0,1,1,0,true,false,1,unique_nonreserved_sink,NumStability.Wave15.vec_flSylvesterQuasiSchurBlockBackSubSolve,B_unique_nonreserved_sink,NumStability.Wave15.vec_flSylvesterQuasiSchurBlockBackSubSolve | NumStability.Wave15.H16_eq16_6_quasi_vec_flSylvesterQuasiSchurBlockBackSubSolve
045daf28056a6e4358d5de7c22c7a9d7acc2e80e,620,6fd9439f11bf4a37d0dcc3f518a8ae41612a487fa9d8ac598ad3952517fe7635,2273862043,18786,2,1,2,0,0,1,0,0,2,0,true,false,1,unique_nonreserved_sink,NumStability.higham11_4_bunch_kaufman_solve_backward_error_of_first_stage_recursive_split_normalized_prefix_regional_LD_maxEntryNorm_bound_unit_initial,B_unique_nonreserved_sink,NumStability.higham11_4_bunch_kaufman_solve_backward_error_interface_of_first_stage_recursive_split_normalized_prefix_regional_LD_maxEntryNorm_bound_unit_initial | NumStability.higham11_4_bunch_kaufman_solve_backward_error_of_first_stage_recursive_split_normalized_prefix_regional_LD_maxEntryNorm_bound_unit_initial
045daf28056a6e4358d5de7c22c7a9d7acc2e80e,98,6fec77193866de7b42bade308a3bf042328a83ef26ab5b016fccafcef0d1aae5,1068470292,24858,2,1,2,0,0,1,0,1,2,0,true,false,1,unique_nonreserved_sink,NumStability.sylvester_practical_error_bound_of_schurTriangular_computed_residual_certificate,B_unique_nonreserved_sink,NumStability.H16_eq16_29_schurTriangular_computed_residual_certificate | NumStability.sylvester_practical_error_bound_of_schurTriangular_computed_residual_certificate
045daf28056a6e4358d5de7c22c7a9d7acc2e80e,387,700fe58b167baa0c9f53ee951cca21e7bb7a1cb64476cecda28ae46559c4831c,1730195212,18833,2,1,2,0,0,1,0,0,2,0,true,false,1,unique_nonreserved_sink,NumStability.higham11_4_bunch_kaufman_solve_backward_error_of_first_stage_recursive_uniform_six_row_sum_normalized_prefix_growth_D_maxEntryNorm_bound_unit_initial,B_unique_nonreserved_sink,NumStability.higham11_4_bunch_kaufman_solve_backward_error_interface_of_first_stage_recursive_uniform_six_row_sum_normalized_prefix_growth_D_maxEntryNorm_bound_unit_initial | NumStability.higham11_4_bunch_kaufman_solve_backward_error_of_first_stage_recursive_uniform_six_row_sum_normalized_prefix_growth_D_maxEntryNorm_bound_unit_initial
045daf28056a6e4358d5de7c22c7a9d7acc2e80e,1250,7026700aab7550487374e5be212897863142d2db5e8989048a5cc5a9843f2f46,3744587046,26441,2,2,2,0,0,1,0,1,1,0,true,false,1,unique_nonreserved_sink,NumStability.lyapunov_practical_error_bound_of_pos_le_sylvesterSepInf_computed_residual_certificate_scalar,B_unique_nonreserved_sink,NumStability.lyapunov_practical_error_bound_of_pos_le_sylvesterSepInf_computed_residual_certificate_scalar | NumStability.H16_eq16_29_lyapunov_practical_error_bound_of_pos_le_sylvesterSepInf_computed_residual_certificate_scalar
045daf28056a6e4358d5de7c22c7a9d7acc2e80e,1390,709f61069e240f7ac5b423f02211d16ec094f217bc2d30e1a196ec72a9ecb615,412926163,24001,2,2,2,0,0,1,0,1,1,0,true,false,1,unique_nonreserved_sink,NumStability.quasiSchur_boundary_after_singleton_step,B_unique_nonreserved_sink,NumStability.quasiSchur_boundary_after_singleton_step | NumStability.H16_eq16_4_8_quasiSchur_boundary_after_singleton_step
045daf28056a6e4358d5de7c22c7a9d7acc2e80e,449,70caf95df72f8a5207485c87f397ab42994fd9dccf5e682b5ed895ec542d853b,1887928399,24823,2,1,2,0,0,1,0,0,1,0,true,false,1,unique_nonreserved_sink,NumStability.sylvester_quasiSchur_blockTraversal_original_solution_eq_of_twoBlockSpectral_complex_root_separation_generated_frontier_step_oracle,B_unique_nonreserved_sink,NumStability.H16_eq16_4_8_sylvester_quasiSchur_blockTraversal_original_solution_eq_of_twoBlockSpectral_complex_root_separation_generated_frontier_step_oracle | NumStability.sylvester_quasiSchur_blockTraversal_original_solution_eq_of_twoBlockSpectral_complex_root_separation_generated_frontier_step_oracle
045daf28056a6e4358d5de7c22c7a9d7acc2e80e,1324,70f22c7fb362afc9ae53e22d89d6d8719d80a400afb196bb0c75649d5073fa0b,3933799073,26412,2,2,2,0,0,1,0,1,1,0,true,false,1,unique_nonreserved_sink,NumStability.sylvester_practical_error_bound_of_vecCoeff_gram_eigenvalues_computed_residual_certificate_scalar,B_unique_nonreserved_sink,NumStability.sylvester_practical_error_bound_of_vecCoeff_gram_eigenvalues_computed_residual_certificate_scalar | NumStability.H16_eq16_29_sylvester_practical_error_bound_of_vecCoeff_gram_eigenvalues_computed_residual_certificate_scalar
045daf28056a6e4358d5de7c22c7a9d7acc2e80e,1127,71474781243ff6c018712d9e2a74f6a47ebeb824821add3918fee8c8f2766b98,3469415811,24880,2,1,2,0,0,1,0,0,1,0,true,false,1,unique_nonreserved_sink,NumStability.sylvester_practical_error_bound_of_no_common_complex_right_eigenvalue_schur_transform_residual_bound_scalar,B_unique_nonreserved_sink,NumStability.H16_eq16_29_sylvester_practical_error_bound_of_no_common_complex_right_eigenvalue_schur_transform_residual_bound_scalar | NumStability.sylvester_practical_error_bound_of_no_common_complex_right_eigenvalue_schur_transform_residual_bound_scalar
045daf28056a6e4358d5de7c22c7a9d7acc2e80e,1615,714ca26b95532b81c098ec35a4bfc12c7dcda1ca7f50012ab99d0905a6a7d196,781414099,26419,2,2,2,0,0,1,0,1,2,0,true,false,1,unique_nonreserved_sink,NumStability.sylvester_relative_error_le_of_operator_sigmaMin_computed_residual_budget,B_unique_nonreserved_sink,NumStability.sylvester_relative_error_le_of_operator_sigmaMin_computed_residual_budget | NumStability.H16_eq16_29_sylvester_relative_error_le_of_operator_sigmaMin_computed_residual_budget
045daf28056a6e4358d5de7c22c7a9d7acc2e80e,1011,718bcc1bd64e883d06cb3de59a62bb75f7c1d3bc9d07daee9d8a87a96fc71f1a,3211741615,31635,2,1,2,0,0,1,0,0,1,0,true,false,1,unique_nonreserved_sink,NumStability.sylvester_practical_error_bound_fl_of_vecCoeff_gram_eigenvalues_scalar,B_unique_nonreserved_sink,NumStability.H16_eq16_29_sylvester_practical_error_bound_fl_of_vecCoeff_gram_eigenvalues_scalar | NumStability.sylvester_practical_error_bound_fl_of_vecCoeff_gram_eigenvalues_scalar
045daf28056a6e4358d5de7c22c7a9d7acc2e80e,790,71f742aa878f85839b253b7d3286a7654f686f2e9d05a6c4682d88d40850e91b,2664202474,23641,2,2,2,0,0,1,0,1,1,0,true,false,1,unique_nonreserved_sink,NumStability.vec_sylvesterDiagonalSolution_eq_mulVec_inv,B_unique_nonreserved_sink,NumStability.vec_sylvesterDiagonalSolution_eq_mulVec_inv | NumStability.H16_eq16_3_vec_sylvesterDiagonalSolution_eq_mulVec_inv
045daf28056a6e4358d5de7c22c7a9d7acc2e80e,504,7263336281456a6f75d4c9658edbd0e5500717610db500ab40ea98b2d1c5ec96,2040313583,23731,2,2,2,0,0,1,0,1,1,0,true,false,1,unique_nonreserved_sink,NumStability.sylvester_practical_error_bound_of_vecCoeff_det_ne_zero_computed_residual_error_model_mono_scalar,B_unique_nonreserved_sink,NumStability.sylvester_practical_error_bound_of_vecCoeff_det_ne_zero_computed_residual_error_model_mono_scalar | NumStability.H16_eq16_29_sylvester_practical_error_bound_of_vecCoeff_det_ne_zero_computed_residual_error_model_mono_scalar
045daf28056a6e4358d5de7c22c7a9d7acc2e80e,1404,7282007a5993270cd48dca76c61ba6de54e1f8287d5438a1b27b2ab7a9a966e8,416984054,24708,2,1,2,0,0,1,0,0,1,0,true,false,1,unique_nonreserved_sink,NumStability.sylvester_practical_error_bound_of_pos_le_sylvesterSepInf_computed_residual_error_model_scalar,B_unique_nonreserved_sink,NumStability.H16_eq16_29_sylvester_practical_error_bound_of_pos_le_sylvesterSepInf_computed_residual_error_model_scalar | NumStability.sylvester_practical_error_bound_of_pos_le_sylvesterSepInf_computed_residual_error_model_scalar
045daf28056a6e4358d5de7c22c7a9d7acc2e80e,1099,72d0c8349f44645a0dbe0010d5fc37bfd4b4582ca0f5d2a5b4875f08310a9e86,3402473422,24498,2,2,2,0,0,1,0,1,1,0,true,false,1,unique_nonreserved_sink,NumStability.lyapunov_perturbation_first_order_vec,B_unique_nonreserved_sink,NumStability.lyapunov_perturbation_first_order_vec | NumStability.H16_eq16_27_lyapunov_perturbation_first_order_vec
045daf28056a6e4358d5de7c22c7a9d7acc2e80e,1526,72e1f4de8ce176254bc3a345251e1c171d8ee1b48c4b0279c404564131609401,578527470,26366,2,2,2,0,0,1,0,1,1,0,true,false,1,unique_nonreserved_sink,NumStability.lyapunovVecCoeff_det_ne_zero_of_left_inverse_finiteOpNorm2Le,B_unique_nonreserved_sink,NumStability.lyapunovVecCoeff_det_ne_zero_of_left_inverse_finiteOpNorm2Le | NumStability.H16_eq16_2_27_lyapunovVecCoeff_det_ne_zero_of_left_inverse_finiteOpNorm2Le
045daf28056a6e4358d5de7c22c7a9d7acc2e80e,1571,72fa7e862070b585877545824a8f1e2df01fc36a969a4370143dd583fdbc861e,683188345,24830,2,1,2,0,0,1,0,0,1,0,true,false,1,unique_nonreserved_sink,NumStability.existsUnique_isSylvesterSolutionRect_of_quasiSchur_realQuasiSchur_factors_vecCoeff_det_ne_zero_generated_step_formula,B_unique_nonreserved_sink,NumStability.H16_eq16_4_8_existsUnique_isSylvesterSolutionRect_of_quasiSchur_realQuasiSchur_factors_vecCoeff_det_ne_zero_generated_step_formula | NumStability.existsUnique_isSylvesterSolutionRect_of_quasiSchur_realQuasiSchur_factors_vecCoeff_det_ne_zero_generated_step_formula
045daf28056a6e4358d5de7c22c7a9d7acc2e80e,772,72fde9dcabaf725a8d336bfc3285f65f30d25615aaf6fd376c90964829c90e60,2610655004,24665,2,2,2,0,0,1,0,1,1,0,true,false,1,unique_nonreserved_sink,NumStability.lyapunov_relative_aposteriori_bound_of_sepLowerBound,B_unique_nonreserved_sink,NumStability.lyapunov_relative_aposteriori_bound_of_sepLowerBound | NumStability.H16_eq16_28_lyapunov_relative_aposteriori_bound_of_sepLowerBound
045daf28056a6e4358d5de7c22c7a9d7acc2e80e,906,73098984b0fdac1d4d38c2e15226f681fa24b46bacf2012cdd9987fa723ac842,2944806026,18952,2,1,2,0,0,1,0,0,2,0,true,false,1,unique_nonreserved_sink,NumStability.higham11_4_bunch_kaufman_solve_backward_error_of_first_stage_recursive_split_L_entry_normalized_prefix_regional_D_maxEntryNorm_bound,B_unique_nonreserved_sink,NumStability.higham11_4_bunch_kaufman_solve_backward_error_interface_of_first_stage_recursive_split_L_entry_normalized_prefix_regional_D_maxEntryNorm_bound | NumStability.higham11_4_bunch_kaufman_solve_backward_error_of_first_stage_recursive_split_L_entry_normalized_prefix_regional_D_maxEntryNorm_bound
045daf28056a6e4358d5de7c22c7a9d7acc2e80e,1522,73795151fd712ed2d194cd0cf154bf0f037a2a2d7078b2d69e0915e66f763f1b,571464805,26520,2,2,2,0,0,1,0,1,1,0,true,false,1,unique_nonreserved_sink,NumStability.lyapunov_practical_error_bound_of_operator_sigmaMin_computed_residual_error_model,B_unique_nonreserved_sink,NumStability.lyapunov_practical_error_bound_of_operator_sigmaMin_computed_residual_error_model | NumStability.H16_eq16_29_lyapunov_practical_error_bound_of_operator_sigmaMin_computed_residual_error_model
045daf28056a6e4358d5de7c22c7a9d7acc2e80e,345,73b834ba320ce7c1b7816b8a3ea931a8b81161a1b9deb4b5ebb6377b574810d9,1649569032,31559,2,1,2,0,0,1,0,0,1,0,true,false,1,unique_nonreserved_sink,NumStability.exists_realQuasiSchur_schedule_original_solution_and_generated_step_formula_of_operator_sigmaMin,B_unique_nonreserved_sink,NumStability.H16_eq16_4_8_exists_realQuasiSchur_schedule_original_solution_and_generated_step_formula_of_operator_sigmaMin | NumStability.exists_realQuasiSchur_schedule_original_solution_and_generated_step_formula_of_operator_sigmaMin
045daf28056a6e4358d5de7c22c7a9d7acc2e80e,1035,73ba3253762aa374cb61eb5f5be1d10b8d5dbb2647089998009074d9cb29015b,3270352944,23736,2,2,2,0,0,1,0,1,1,0,true,false,1,unique_nonreserved_sink,NumStability.sylvester_practical_error_bound_of_diagonal_computed_residual_error_model_mono,B_unique_nonreserved_sink,NumStability.sylvester_practical_error_bound_of_diagonal_computed_residual_error_model_mono | NumStability.H16_eq16_29_sylvester_practical_error_bound_of_diagonal_computed_residual_error_model_mono
045daf28056a6e4358d5de7c22c7a9d7acc2e80e,349,73c7c1319dee5700811ca08e4bc4924de89512cc8c283fd0dfd27f38a5107a1d,1655362045,24814,2,1,2,0,0,1,0,0,1,0,true,false,1,unique_nonreserved_sink,NumStability.sylvester_singleton_column_solution_of_nonsingInv_zero_below,B_unique_nonreserved_sink,NumStability.H16_eq16_6_sylvester_singleton_column_solution_of_nonsingInv_zero_below | NumStability.sylvester_singleton_column_solution_of_nonsingInv_zero_below
045daf28056a6e4358d5de7c22c7a9d7acc2e80e,660,73de7d832a5d88fb34ab3fe97005ea5c012d2922b1f0e5890acfebc7c5ab3555,235415432,31779,2,1,2,0,0,1,0,0,1,0,true,false,1,unique_nonreserved_sink,NumStability.Wave14.frobNormRect_sylvesterResidualRect_le_gamma_dataScale_of_theorem19_4_factor_coefficients,B_unique_nonreserved_sink,NumStability.Wave14.H16_eq16_9_frobNormRect_sylvesterResidualRect_le_gamma_dataScale_of_theorem19_4_factor_coefficients | NumStability.Wave14.frobNormRect_sylvesterResidualRect_le_gamma_dataScale_of_theorem19_4_factor_coefficients
045daf28056a6e4358d5de7c22c7a9d7acc2e80e,448,73f1cd0aced7d1ff20948098634261e0c3f777c08b93c54c8375181a6d0438e8,1887211196,26231,2,2,2,0,0,1,0,1,2,0,true,false,1,unique_nonreserved_sink,NumStability.sylvester_relative_aposteriori_bound_of_vecCoeff_left_inverse_finiteOpNorm2Le_total,B_unique_nonreserved_sink,NumStability.sylvester_relative_aposteriori_bound_of_vecCoeff_left_inverse_finiteOpNorm2Le_total | NumStability.H16_eq16_28_sylvester_relative_aposteriori_bound_of_vecCoeff_left_inverse_finiteOpNorm2Le_total
045daf28056a6e4358d5de7c22c7a9d7acc2e80e,680,7442ec702b4b8f61355f96945dca6f88f38227fe2306456b9c8ab0c99ef087d2,2400688937,26511,2,2,2,0,0,1,0,1,1,0,true,false,1,unique_nonreserved_sink,NumStability.lyapunov_practical_error_bound_of_operator_sigmaMin_computed_residual_error_model_mono_scalar,B_unique_nonreserved_sink,NumStability.lyapunov_practical_error_bound_of_operator_sigmaMin_computed_residual_error_model_mono_scalar | NumStability.H16_eq16_29_lyapunov_practical_error_bound_of_operator_sigmaMin_computed_residual_error_model_mono_scalar
045daf28056a6e4358d5de7c22c7a9d7acc2e80e,1462,745ae3b11562fd9a13bc61f57c80cc75548389fbf1f9e55772191c39202f6ba0,440874945,26289,2,2,2,0,0,1,0,1,1,0,true,false,1,unique_nonreserved_sink,NumStability.lyapunov_aposteriori_bound_of_vecCoeff_gram_eigenvalues,B_unique_nonreserved_sink,NumStability.lyapunov_aposteriori_bound_of_vecCoeff_gram_eigenvalues | NumStability.H16_eq16_28_lyapunov_aposteriori_bound_of_vecCoeff_gram_eigenvalues
045daf28056a6e4358d5de7c22c7a9d7acc2e80e,1359,74971d6ffa2a89a1ca2242c3b7e94fac3ab8af0a91affa537442cf67c1e823c6,4040189341,6893,2,2,2,0,0,1,0,1,2,0,true,false,1,unique_nonreserved_sink,NumStability.fl_householderStoredTrailingPanel_sequence_diag_nonzero_of_leading_block_leftInverses_sqrt_budget,B_unique_nonreserved_sink,NumStability.fl_householderStoredTrailingPanel_sequence_diag_nonzero_of_leading_block_leftInverses_sqrt_budget | H19.Theorem19_6.stored_panel_sequence_diag_nonzero_of_leading_block_leftInverses_sqrt_budget
045daf28056a6e4358d5de7c22c7a9d7acc2e80e,225,74f9af2ba9394402a4c9c108829ce7a198c0d5d46eded23e2fe38c6ac4647963,1363146112,26487,2,2,2,0,0,1,0,1,1,0,true,false,1,unique_nonreserved_sink,NumStability.lyapunov_practical_error_bound_of_vecCoeff_det_ne_zero_computed_residual_error_model_scalar,B_unique_nonreserved_sink,NumStability.lyapunov_practical_error_bound_of_vecCoeff_det_ne_zero_computed_residual_error_model_scalar | NumStability.H16_eq16_29_lyapunov_practical_error_bound_of_vecCoeff_det_ne_zero_computed_residual_error_model_scalar
045daf28056a6e4358d5de7c22c7a9d7acc2e80e,1234,751b63f18f64bf30ba7be752e9b3a162a788cc56e5408922d9d398dc8cba83a5,3710368969,13401,2,2,2,0,0,1,0,1,2,0,true,false,1,unique_nonreserved_sink,NumStability.fl_householderConstruction2Error,B_unique_nonreserved_sink,NumStability.fl_householderConstruction2Error | NumStability.H19_Lemma19_1_construction2_backward_error
045daf28056a6e4358d5de7c22c7a9d7acc2e80e,1421,75396bc2a3e49afb486ad1e083b3869aeaea4616a845ce58111a6e88e5509ec1,4197202541,31677,2,1,2,0,0,1,0,0,1,0,true,false,1,unique_nonreserved_sink,NumStability.lyapunov_practical_error_bound_fl_of_spectralDiagonal_mono_scalar,B_unique_nonreserved_sink,NumStability.H16_eq16_29_lyapunov_practical_error_bound_fl_of_spectralDiagonal_mono_scalar | NumStability.lyapunov_practical_error_bound_fl_of_spectralDiagonal_mono_scalar
045daf28056a6e4358d5de7c22c7a9d7acc2e80e,1194,7574b45c26a49c6b5fdde63d9934b913bf7c37d041b8e6f0d5173aa905a634ea,3605468526,26166,2,2,2,0,0,1,0,1,2,0,true,false,1,unique_nonreserved_sink,NumStability.sylvester_perturbation_bound_of_vecCoeff_gram_eigenvalues_total,B_unique_nonreserved_sink,NumStability.sylvester_perturbation_bound_of_vecCoeff_gram_eigenvalues_total | NumStability.H16_eq16_25_sylvester_perturbation_bound_of_vecCoeff_gram_eigenvalues_total
045daf28056a6e4358d5de7c22c7a9d7acc2e80e,140,7581167a7c40a3b2bac3806a940c5743a0446ec79eb4de6d460aa5f00985c928,1150250759,23620,2,2,2,0,0,1,0,1,1,0,true,false,1,unique_nonreserved_sink,NumStability.sylvester_vec_system_iff_solution,B_unique_nonreserved_sink,NumStability.sylvester_vec_system_iff_solution | NumStability.H16_eq16_2_sylvester_vec_system_iff_solution
045daf28056a6e4358d5de7c22c7a9d7acc2e80e,495,7589a964e48ccdef321c3fa2399ef5b724c0a63fcc620d3bcd01fc77631d7342,2008892573,31543,2,1,2,0,0,1,0,0,2,0,true,false,1,unique_nonreserved_sink,NumStability.existsUnique_isSylvesterSolutionRect_of_realQuasiSchur_schedule_pos_le_sylvesterSepInf_generated_step_formula_witness,B_unique_nonreserved_sink,NumStability.H16_eq16_4_8_existsUnique_isSylvesterSolutionRect_of_realQuasiSchur_schedule_pos_le_sylvesterSepInf | NumStability.existsUnique_isSylvesterSolutionRect_of_realQuasiSchur_schedule_pos_le_sylvesterSepInf_generated_step_formula_witness
045daf28056a6e4358d5de7c22c7a9d7acc2e80e,826,75ef2ea2719239b1d2d7cca401a5ab6d94b9dc152b941771261f9c9b88ee4bcb,2748381329,26491,2,2,2,0,0,1,0,1,1,0,true,false,1,unique_nonreserved_sink,NumStability.sylvester_practical_error_bound_of_vecCoeff_gram_eigenvalues_computed_residual_error_model_mono,B_unique_nonreserved_sink,NumStability.sylvester_practical_error_bound_of_vecCoeff_gram_eigenvalues_computed_residual_error_model_mono | NumStability.H16_eq16_29_sylvester_practical_error_bound_of_vecCoeff_gram_eigenvalues_computed_residual_error_model_mono
045daf28056a6e4358d5de7c22c7a9d7acc2e80e,1702,76412f5430eda255f4aa8c8995ba583ef5d5bf9fb3bb0e85cdbd7e117692edbf,985135923,31556,2,1,2,0,0,1,0,0,2,0,true,false,1,unique_nonreserved_sink,NumStability.existsUnique_sylvesterVecCoeff_nonsingInv_mulVec_solution_of_no_common_complex_right_eigenvalue,B_unique_nonreserved_sink,NumStability.H16_eq16_3_existsUnique_sylvesterVecCoeff_nonsingInv_mulVec_solution_of_no_common_complex_right_eigenvalue | NumStability.existsUnique_sylvesterVecCoeff_nonsingInv_mulVec_solution_of_no_common_complex_right_eigenvalue
045daf28056a6e4358d5de7c22c7a9d7acc2e80e,1422,765a4d23f3fa0dc79ce4bde64afa0ef37ec16717e3ed16d6648cc9fbac21b25b,41990957,31532,2,1,2,0,0,1,0,0,1,0,true,false,1,unique_nonreserved_sink,NumStability.lyapunov_relative_aposteriori_bound_spectralDiagonal_of_vecCoeff_entrywise_abs_ge,B_unique_nonreserved_sink,NumStability.H16_eq16_28_lyapunov_relative_aposteriori_bound_spectralDiagonal_of_vecCoeff_entrywise_abs_ge | NumStability.lyapunov_relative_aposteriori_bound_spectralDiagonal_of_vecCoeff_entrywise_abs_ge
045daf28056a6e4358d5de7c22c7a9d7acc2e80e,670,76864b31d8022450cf63ba20c2af76bdb601adc9d361c245d894924f89e73796,2384974138,24532,2,2,2,0,0,1,0,1,1,0,true,false,1,unique_nonreserved_sink,NumStability.exists_svdOptimalPerturbations,B_unique_nonreserved_sink,NumStability.exists_svdOptimalPerturbations | NumStability.H16_eq16_15_exists_svdOptimalPerturbations
045daf28056a6e4358d5de7c22c7a9d7acc2e80e,918,76864e8bbfb51a66d38e63e31183f4aa131774b510a96e30039c562e43b7c226,2970115562,31772,2,1,2,0,0,1,0,0,1,0,true,false,1,unique_nonreserved_sink,NumStability.Wave15.sylvesterVecCoeff_quasiTriangular_blockBackSub_componentwise_residual,B_unique_nonreserved_sink,NumStability.Wave15.H16_eq16_8_quasi_sylvesterVecCoeff_blockBackSub_componentwise_residual | NumStability.Wave15.sylvesterVecCoeff_quasiTriangular_blockBackSub_componentwise_residual
045daf28056a6e4358d5de7c22c7a9d7acc2e80e,924,76cfa0256452c6b8cb4275bd3eee7330c37dc9691de98905260340d074679014,2986996496,31657,2,1,2,0,0,1,0,0,1,0,true,false,1,unique_nonreserved_sink,NumStability.lyapunov_practical_error_bound_fl_of_vecCoeff_left_inverse_finiteOpNorm2Le_scalar,B_unique_nonreserved_sink,NumStability.H16_eq16_29_lyapunov_practical_error_bound_fl_of_vecCoeff_left_inverse_finiteOpNorm2Le_scalar | NumStability.lyapunov_practical_error_bound_fl_of_vecCoeff_left_inverse_finiteOpNorm2Le_scalar
045daf28056a6e4358d5de7c22c7a9d7acc2e80e,1036,76d5651410bba0cfffadad89ecb8f48e10012ebcdfd78672380c35d5a90b757e,3274297320,31792,2,1,2,0,0,1,0,0,1,0,true,false,1,unique_nonreserved_sink,NumStability.flBartelsStewartSuppliedRealSchurRounded_residual_bound_computedScale,B_unique_nonreserved_sink,NumStability.H16_eq16_9_flBartelsStewartSuppliedRealSchurRounded_residual_bound | NumStability.flBartelsStewartSuppliedRealSchurRounded_residual_bound_computedScale
045daf28056a6e4358d5de7c22c7a9d7acc2e80e,707,76f8094784f4fa8b6776ee666e2ebb1068efae8c7f4f45e3c45f64d4d67eafe3,2457259025,24431,2,2,2,0,0,1,0,1,1,0,true,false,1,unique_nonreserved_sink,NumStability.SepLowerBound_le_sylvesterSepInf_of_nonempty,B_unique_nonreserved_sink,NumStability.SepLowerBound_le_sylvesterSepInf_of_nonempty | NumStability.H16_eq16_26_SepLowerBound_le_sylvesterSepInf_of_nonempty
045daf28056a6e4358d5de7c22c7a9d7acc2e80e,1507,773282a16fb8bacb3ebe15157d2b9985badaf90e28d75846599b98f10189e48f,530002313,24740,2,1,2,0,0,1,0,0,1,0,true,false,1,unique_nonreserved_sink,NumStability.sylvester_practical_error_bound_of_sepLowerBound_computed_residual_error_model_scalar,B_unique_nonreserved_sink,NumStability.H16_eq16_29_sylvester_practical_error_bound_of_sepLowerBound_computed_residual_error_model_scalar | NumStability.sylvester_practical_error_bound_of_sepLowerBound_computed_residual_error_model_scalar
045daf28056a6e4358d5de7c22c7a9d7acc2e80e,962,7771f673400528635310f99da62c1c91bccaa85d10e53ad43d0748ca82d6280d,3065893050,18604,2,1,2,0,0,1,0,0,2,0,true,false,1,unique_nonreserved_sink,NumStability.higham11_4_bunch_kaufman_solve_backward_error_of_path_offbranch_D_entries_zero_local_D_two_nonzero_L_rows_maxEntryNorm_A_product,B_unique_nonreserved_sink,NumStability.higham11_4_bunch_kaufman_solve_backward_error_interface_of_path_offbranch_D_entries_zero_local_D_two_nonzero_L_rows_maxEntryNorm_A_product | NumStability.higham11_4_bunch_kaufman_solve_backward_error_of_path_offbranch_D_entries_zero_local_D_two_nonzero_L_rows_maxEntryNorm_A_product
045daf28056a6e4358d5de7c22c7a9d7acc2e80e,379,778a9735dcd5197d11f89dd455e9772f476b6c5934b56238381ea619bec228d0,1719222221,31537,2,1,2,0,0,1,0,0,1,0,true,false,1,unique_nonreserved_sink,NumStability.lyapunov_relative_aposteriori_bound_spectralDiagonal_of_vecCoeff_entrywise_abs_ge_total,B_unique_nonreserved_sink,NumStability.H16_eq16_28_lyapunov_relative_aposteriori_bound_spectralDiagonal_of_vecCoeff_entrywise_abs_ge_total | NumStability.lyapunov_relative_aposteriori_bound_spectralDiagonal_of_vecCoeff_entrywise_abs_ge_total
045daf28056a6e4358d5de7c22c7a9d7acc2e80e,426,77c2f3a7b252a00dbbe290f7f0a17eae3412474b4c3d5916453654501943fe88,1814245097,42805,2,2,2,0,0,1,0,1,2,0,true,false,1,unique_nonreserved_sink,NumStability.thm_11_3_identity,B_unique_nonreserved_sink,NumStability.thm_11_3_identity | NumStability.higham12_14_residual_identity
045daf28056a6e4358d5de7c22c7a9d7acc2e80e,1596,77ff466e23a4505d850d30d882e297d3f5e73d9c43889b39d926273a349bae93,73708194,29682,2,2,2,0,0,1,0,1,2,0,true,false,1,unique_nonreserved_sink,NumStability.fl_hornerDerivativeDesc_first_derivative_error_bound,B_unique_nonreserved_sink,NumStability.fl_hornerDerivativeDesc_first_derivative_error_bound | NumStability.ch5deriv_derivative_first_order_error_bound
045daf28056a6e4358d5de7c22c7a9d7acc2e80e,530,78abac6961c0a74baf836fec914ad8018777fca601783e8e64d2bd3121ed1870,2096857670,24928,2,1,2,0,0,1,0,0,1,0,true,false,1,unique_nonreserved_sink,NumStability.sylvester_quasiSchur_blockTraversal_solution_of_twoBlockSpectral_no_common_generated_step_formula,B_unique_nonreserved_sink,NumStability.H16_eq16_4_8_sylvester_quasiSchur_blockTraversal_solution_of_twoBlockSpectral_no_common_generated_step_formula | NumStability.sylvester_quasiSchur_blockTraversal_solution_of_twoBlockSpectral_no_common_generated_step_formula
045daf28056a6e4358d5de7c22c7a9d7acc2e80e,677,78bd0ddc4672dc2559be3436edd70fe0ebf8fcad487cfa786a5cba2ca7f5c6b1,2396825635,19022,2,1,2,0,0,0,0,0,2,0,true,false,1,unique_nonreserved_sink,NumStability.higham11_4_bunch_kaufman_stability_of_path_branchwise_source_six_growth_bounds_maxEntryNorm_A,B_unique_nonreserved_sink,NumStability.higham11_4_bunch_kaufman_stability_interface_of_path_branchwise_source_six_growth_bounds_maxEntryNorm_A | NumStability.higham11_4_bunch_kaufman_stability_of_path_branchwise_source_six_growth_bounds_maxEntryNorm_A
045daf28056a6e4358d5de7c22c7a9d7acc2e80e,813,78c1b760c19c18c5e2486eb7b3c4ff54e31e7cccc10dc706ab315e6da042ecce,2722536567,24653,2,2,2,0,0,1,0,1,1,0,true,false,1,unique_nonreserved_sink,NumStability.frobNorm_le_gamma_mul_lyapunovPairNorm,B_unique_nonreserved_sink,NumStability.frobNorm_le_gamma_mul_lyapunovPairNorm | NumStability.H16_eq16_27_frobNorm_le_gamma_mul_lyapunovPairNorm
045daf28056a6e4358d5de7c22c7a9d7acc2e80e,834,78d488573e48beace220e5e6166e6fa795b625e801ea0fefea8e09c5978cc438,2772560087,24902,2,1,2,0,0,1,0,0,1,0,true,false,1,unique_nonreserved_sink,NumStability.sylvester_practical_error_bound_of_realQuasiSchur_strictBlockMap_shifted_computed_residual_error_model_mono_scalar,B_unique_nonreserved_sink,NumStability.H16_eq16_29_realQuasiSchur_strictBlockMap_shifted_computed_residual_error_model_mono_scalar | NumStability.sylvester_practical_error_bound_of_realQuasiSchur_strictBlockMap_shifted_computed_residual_error_model_mono_scalar
045daf28056a6e4358d5de7c22c7a9d7acc2e80e,1018,791013295ea3858a3422d5f9dcc2d857ff6c9034cb86829e7b6fc48b115214c4,323042437,26266,2,2,2,0,0,1,0,1,1,0,true,false,1,unique_nonreserved_sink,NumStability.sylvester_relative_aposteriori_bound_of_vecCoeff_sigmaMin,B_unique_nonreserved_sink,NumStability.sylvester_relative_aposteriori_bound_of_vecCoeff_sigmaMin | NumStability.H16_eq16_28_sylvester_relative_aposteriori_bound_of_vecCoeff_sigmaMin
045daf28056a6e4358d5de7c22c7a9d7acc2e80e,198,793b388689facb60f997ab7420a87ca1daed98bdfcd8b0255f537e6e2feb441e,1284603963,16405,2,1,2,0,0,1,0,0,1,0,true,false,1,unique_nonreserved_sink,NumStability.higham9_15_normwise_source_bound_of_factorization_min_factor_bound_opNorm_of_matrix_inverse_identities_exact_opNorm2,B_unique_nonreserved_sink,NumStability.higham9_15_normwise_source_bound_of_factorization_G_min_factor_bound_opNorm_of_matrix_inverse_identities_exact_opNorm2 | NumStability.higham9_15_normwise_source_bound_of_factorization_min_factor_bound_opNorm_of_matrix_inverse_identities_exact_opNorm2
045daf28056a6e4358d5de7c22c7a9d7acc2e80e,832,7967313a41a920c1bd8ef50e90168c73ea05e082a90bdd483f4a81713f1d7970,2765902322,31775,2,1,2,0,0,1,0,0,1,0,true,false,1,unique_nonreserved_sink,NumStability.Wave15.sylvesterVecCoeff_quasiTriangular_blockBackSub_backward_error_componentwise,B_unique_nonreserved_sink,NumStability.Wave15.H16_eq16_7_quasi_sylvesterVecCoeff_blockBackSub_backward_error_componentwise | NumStability.Wave15.sylvesterVecCoeff_quasiTriangular_blockBackSub_backward_error_componentwise
045daf28056a6e4358d5de7c22c7a9d7acc2e80e,1293,7997af8b91b2f449edd96fcb4f81eb89bfd0bf39d79a17fcc1d1e19cdec8cb99,386371548,31784,2,1,2,0,0,1,0,0,1,0,true,false,1,unique_nonreserved_sink,NumStability.Wave14.frobNormRect_sylvesterResidualRect_le_gamma_dataScale_of_rounded_schur_factors_residual,B_unique_nonreserved_sink,NumStability.Wave14.H16_eq16_9_frobNormRect_sylvesterResidualRect_le_gamma_dataScale_of_rounded_schur_factors_residual | NumStability.Wave14.frobNormRect_sylvesterResidualRect_le_gamma_dataScale_of_rounded_schur_factors_residual
045daf28056a6e4358d5de7c22c7a9d7acc2e80e,1045,799df3ee559b8859bf796dc5e28267bd733aa4e82e29d54f18cf87498f6af703,3299168908,24712,2,1,2,0,0,1,0,0,1,0,true,false,1,unique_nonreserved_sink,NumStability.sylvester_practical_abs_error_bound_of_pos_le_sylvesterSepInf_computed_residual_certificate_scalar,B_unique_nonreserved_sink,NumStability.H16_eq16_29_sylvester_practical_abs_error_bound_of_pos_le_sylvesterSepInf_computed_residual_certificate_scalar | NumStability.sylvester_practical_abs_error_bound_of_pos_le_sylvesterSepInf_computed_residual_certificate_scalar
045daf28056a6e4358d5de7c22c7a9d7acc2e80e,40,79d30409f0df93656f0eb4519c95ecca3bd016730809450ee063624b398de291,1224811356,31505,3,1,3,0,0,1,0,0,2,0,true,false,2,unique_nonreserved_sink,NumStability.H16_eq16_24_structured_condition_of_vecCoeff_gram_eigenvalues,B_unique_nonreserved_sink,NumStability.H16_eq16_24_structured_condition_of_vecCoeff_gram_eigenvalues | NumStability.H16_eq16_24_sylvester_relative_first_order_bound_of_vecCoeff_gram_eigenvalues | NumStability.sylvester_relative_first_order_bound_of_vecCoeff_gram_eigenvalues
045daf28056a6e4358d5de7c22c7a9d7acc2e80e,145,7a4bdeb1c65239529dff67ea0205a5b534d0c05565f4df540c1ae5138d8f5aa8,1164014646,24198,2,2,2,0,0,1,0,1,1,0,true,false,1,unique_nonreserved_sink,NumStability.sylvesterTwoColumnBlockCoeff_block_and_det_ne_zero_of_quasiSchur_complex_disc_det_separation,B_unique_nonreserved_sink,NumStability.sylvesterTwoColumnBlockCoeff_block_and_det_ne_zero_of_quasiSchur_complex_disc_det_separation | NumStability.H16_eq16_4_8_sylvesterTwoColumnBlockCoeff_block_and_det_ne_zero_of_quasiSchur_complex_disc_det_separation
045daf28056a6e4358d5de7c22c7a9d7acc2e80e,653,7ab5b75ffd7af5e554fa7679bd0a8024ee0589955ab64fafa6e5e893c13e5a0e,2340141456,35159,2,2,2,0,0,0,0,2,2,0,true,false,1,unique_nonreserved_sink,NumStability.FloatingPointFormat.problem2_9_double_rounds_extended_midpoint_to_one,B_unique_nonreserved_sink,NumStability.FloatingPointFormat.problem2_9_double_rounds_extended_midpoint_to_one | NumStability.FloatingPointFormat.problem2_10_ieeeDouble_midpoint_below_one_rounds_to_one
045daf28056a6e4358d5de7c22c7a9d7acc2e80e,858,7af71f2eeac52492c3626c7dc810ba31afaaecf3ec8b6dcee067cb31f69e625b,2831839553,24810,2,1,2,0,0,1,0,0,1,0,true,false,1,unique_nonreserved_sink,NumStability.sylvester_quasiSchur_blockTraversal_original_solution_eq_of_twoBlockSpectral_no_common_generated_frontier_step_oracle,B_unique_nonreserved_sink,NumStability.H16_eq16_4_8_sylvester_quasiSchur_blockTraversal_original_solution_eq_of_twoBlockSpectral_no_common_generated_frontier_step_oracle | NumStability.sylvester_quasiSchur_blockTraversal_original_solution_eq_of_twoBlockSpectral_no_common_generated_frontier_step_oracle
045daf28056a6e4358d5de7c22c7a9d7acc2e80e,87,7afd0c1e659ca3c25298ad9bddd75d2940aa4920fd93da726f8d9f16ad73bcdf,1032362654,24603,2,2,2,0,0,1,0,1,1,0,true,false,1,unique_nonreserved_sink,NumStability.lyapunovXiSq_le_simple_bound,B_unique_nonreserved_sink,NumStability.lyapunovXiSq_le_simple_bound | NumStability.H16_eq16_21_lyapunovXiSq_le_simple_bound
045daf28056a6e4358d5de7c22c7a9d7acc2e80e,413,7b24b3850799653d6f79c5bde1aee43b3ddf248dd82d6e79bd13bf5bb21d6b9b,1794358909,3452,2,2,2,0,0,1,0,1,2,0,true,false,1,unique_nonreserved_sink,NumStability.hessenberg_growth_backward_error,B_unique_nonreserved_sink,NumStability.hessenberg_growth_backward_error | NumStability.higham9_10_hessenberg_growth_backward_error
045daf28056a6e4358d5de7c22c7a9d7acc2e80e,605,7b3aa20861bc04fce6516f50c5f3913b89fc0958f814f5f4d1a3cfbcc02b6d13,2257683821,19701,2,2,2,0,0,1,0,1,2,0,true,false,1,unique_nonreserved_sink,NumStability.fl_tridiagonal_twoByTwo_schur_step_error,B_unique_nonreserved_sink,NumStability.fl_tridiagonal_twoByTwo_schur_step_error | NumStability.higham11_7_fl_tridiagonal_twoByTwo_schur_step_error
045daf28056a6e4358d5de7c22c7a9d7acc2e80e,993,7b714a207df1713f121d653d4760036ce798c51cfd4f75fafbdc7789345a1f89,315325470,24910,2,1,2,0,0,1,0,0,1,0,true,false,1,unique_nonreserved_sink,NumStability.sylvester_practical_abs_error_bound_of_no_common_complex_right_eigenvalue_computed_residual_certificate_scalar,B_unique_nonreserved_sink,NumStability.H16_eq16_29_sylvester_practical_abs_error_bound_of_no_common_complex_right_eigenvalue_computed_residual_certificate_scalar | NumStability.sylvester_practical_abs_error_bound_of_no_common_complex_right_eigenvalue_computed_residual_certificate_scalar
045daf28056a6e4358d5de7c22c7a9d7acc2e80e,597,7b787d3f3b94c7c0d90485ec80d45983861fd8ee8cdaa541e56bd723e0507d74,2250726149,23667,2,2,2,0,0,1,0,1,1,0,true,false,1,unique_nonreserved_sink,NumStability.sylvester_practical_error_bound_of_vecCoeff_det_ne_zero_computed_residual_budget_scalar,B_unique_nonreserved_sink,NumStability.sylvester_practical_error_bound_of_vecCoeff_det_ne_zero_computed_residual_budget_scalar | NumStability.H16_eq16_29_sylvester_practical_error_bound_of_vecCoeff_det_ne_zero_computed_residual_budget_scalar
045daf28056a6e4358d5de7c22c7a9d7acc2e80e,1455,7b7ad87f5ccbd51fab7535849d380c3946fc6e7be1914b3c48c2bad0c1906547,4293820204,31599,2,1,2,0,0,1,0,0,1,0,true,false,1,unique_nonreserved_sink,NumStability.lyapunov_practical_error_bound_fl_of_vecCoeff_gram_eigenvalues_mono_scalar,B_unique_nonreserved_sink,NumStability.H16_eq16_29_lyapunov_practical_error_bound_fl_of_vecCoeff_gram_eigenvalues_mono_scalar | NumStability.lyapunov_practical_error_bound_fl_of_vecCoeff_gram_eigenvalues_mono_scalar
045daf28056a6e4358d5de7c22c7a9d7acc2e80e,853,7ba822469b3b190cf0f45c8bb0e13ffd879207bd680621623f87ee0df333e313,2822003293,42790,2,2,2,0,0,1,0,1,2,0,true,false,1,unique_nonreserved_sink,NumStability.forward_error_step_bound,B_unique_nonreserved_sink,NumStability.forward_error_step_bound | NumStability.higham12_5_forward_error_bound
045daf28056a6e4358d5de7c22c7a9d7acc2e80e,246,7ba9f809f9ff1c46a57c830cd8a7447380e2653bf3dc3cdc7591235adb2da2aa,139414688,23628,2,2,2,0,0,1,0,1,1,0,true,false,1,unique_nonreserved_sink,NumStability.vec_right_mul_rect,B_unique_nonreserved_sink,NumStability.vec_right_mul_rect | NumStability.H16_eq16_2_vec_right_mul_rect
045daf28056a6e4358d5de7c22c7a9d7acc2e80e,359,7be070cb01e44debbe278ab94fea64c4a249e55eb4b4404320864c9fc34dcf59,1678245533,26415,2,2,2,0,0,1,0,1,1,0,true,false,1,unique_nonreserved_sink,NumStability.sylvester_practical_error_bound_of_vecCoeff_left_inverse_finiteOpNorm2Le_computed_residual_error_model_scalar,B_unique_nonreserved_sink,NumStability.sylvester_practical_error_bound_of_vecCoeff_left_inverse_finiteOpNorm2Le_computed_residual_error_model_scalar | NumStability.H16_eq16_29_sylvester_practical_error_bound_of_vecCoeff_left_inverse_finiteOpNorm2Le_computed_residual_error_model_scalar
045daf28056a6e4358d5de7c22c7a9d7acc2e80e,705,7c127b39d8cc8520a14fcb355013611f423200cf862045f753cebe6002d7f09a,2451701746,24595,2,2,2,0,0,1,0,1,1,0,true,false,1,unique_nonreserved_sink,NumStability.lyapunovXiSq_spectral_le_min_eigen_bound,B_unique_nonreserved_sink,NumStability.lyapunovXiSq_spectral_le_min_eigen_bound | NumStability.H16_eq16_21_lyapunovXiSq_spectral_le_min_eigen_bound
045daf28056a6e4358d5de7c22c7a9d7acc2e80e,1502,7c13adb9c4eb7de2066bb943188b7d87217848c836ebdeb0524cd06f09277ef9,516477413,24561,2,2,2,0,0,1,0,1,1,0,true,false,1,unique_nonreserved_sink,NumStability.lyapunovXiSq_le_mu_relative_residual_sq,B_unique_nonreserved_sink,NumStability.lyapunovXiSq_le_mu_relative_residual_sq | NumStability.H16_eq16_21_lyapunovXiSq_le_mu_relative_residual_sq
045daf28056a6e4358d5de7c22c7a9d7acc2e80e,290,7cab129d20ec4b8fe99e6a65443bf1cc2ad3afcab84d10dfec3fa2a8dd755ae0,1528403860,26122,2,2,2,0,0,1,0,1,2,0,true,false,1,unique_nonreserved_sink,NumStability.sylvesterSepInf_pos_of_sigmaMin,B_unique_nonreserved_sink,NumStability.sylvesterSepInf_pos_of_sigmaMin | NumStability.H16_eq16_26_sylvesterSepInf_pos_of_sigmaMin
045daf28056a6e4358d5de7c22c7a9d7acc2e80e,1658,7cb7e2a097547818f8ba8ed15f69f5eb3fb8caac5236735b025feafdb587e6ba,887040515,19150,2,1,2,0,0,1,0,0,2,0,true,false,1,unique_nonreserved_sink,NumStability.higham11_4_bunch_kaufman_solve_backward_error_of_first_stage_recursive_uniform_six_row_sum_normalized_prefix_growth_D_bound,B_unique_nonreserved_sink,NumStability.higham11_4_bunch_kaufman_solve_backward_error_interface_of_first_stage_recursive_uniform_six_row_sum_normalized_prefix_growth_D_bound | NumStability.higham11_4_bunch_kaufman_solve_backward_error_of_first_stage_recursive_uniform_six_row_sum_normalized_prefix_growth_D_bound
045daf28056a6e4358d5de7c22c7a9d7acc2e80e,1626,7d05852bd411040100b339aa50e7768e9ef4229bb0b0e9d3e2cd75010e7accb5,823132537,15142,2,1,2,0,0,1,0,0,2,0,true,false,1,unique_nonreserved_sink,NumStability.higham9_14_source_h_bound_of_rectRoundedLoop_square_fl_triangular_solves_gamma,B_unique_nonreserved_sink,NumStability.higham9_14_source_h_bound_of_rectRoundedLoop_square_fl_triangular_solves_absLU_le_absA_gamma | NumStability.higham9_14_source_h_bound_of_rectRoundedLoop_square_fl_triangular_solves_gamma
045daf28056a6e4358d5de7c22c7a9d7acc2e80e,1139,7d12fcc2d037e6c38c461df3ac076e2b041a7bb6959fe3f3a1c3f4255612c870,3499581987,31524,2,2,2,0,0,1,0,1,1,0,true,false,1,unique_nonreserved_sink,NumStability.exists_sylvesterVecCoeff_schurDiagonal_sigmaMin_of_entrywise_ne,B_unique_nonreserved_sink,NumStability.H16_eq16_2_3_exists_sylvesterVecCoeff_schurDiagonal_sigmaMin_of_entrywise_ne | NumStability.exists_sylvesterVecCoeff_schurDiagonal_sigmaMin_of_entrywise_ne
045daf28056a6e4358d5de7c22c7a9d7acc2e80e,655,7d980c6129e630652689f611f234146ebfbbea0206056ba901db0b36671f2198,234636576,26176,2,2,2,0,0,1,0,1,1,0,true,false,1,unique_nonreserved_sink,NumStability.sylvesterVecCoeff_lyapunovSpecial_mulVec_bijective_of_operator_sigmaMin,B_unique_nonreserved_sink,NumStability.sylvesterVecCoeff_lyapunovSpecial_mulVec_bijective_of_operator_sigmaMin | NumStability.H16_eq16_2_27_sylvesterVecCoeff_lyapunovSpecial_mulVec_bijective_of_operator_sigmaMin
045daf28056a6e4358d5de7c22c7a9d7acc2e80e,864,7e2431a38db174a3b82d53425ffcc795654648fd0a022396de18c2e7f239aee1,2838120831,26517,2,2,2,0,0,1,0,1,1,0,true,false,1,unique_nonreserved_sink,NumStability.lyapunov_practical_error_bound_of_operator_sigmaMin_computed_residual_budget_mono,B_unique_nonreserved_sink,NumStability.lyapunov_practical_error_bound_of_operator_sigmaMin_computed_residual_budget_mono | NumStability.H16_eq16_29_lyapunov_practical_error_bound_of_operator_sigmaMin_computed_residual_budget_mono
045daf28056a6e4358d5de7c22c7a9d7acc2e80e,1322,7e76bcb1293872f28228704a22f885d38bd7ff6053520db45bd9bb4448df14b5,3930638688,26271,2,2,2,0,0,1,0,1,1,0,true,false,1,unique_nonreserved_sink,NumStability.lyapunov_relative_aposteriori_bound_of_vecCoeff_gram_eigenvalues_total,B_unique_nonreserved_sink,NumStability.lyapunov_relative_aposteriori_bound_of_vecCoeff_gram_eigenvalues_total | NumStability.H16_eq16_28_lyapunov_relative_aposteriori_bound_of_vecCoeff_gram_eigenvalues_total
045daf28056a6e4358d5de7c22c7a9d7acc2e80e,1340,7f30f5131b658c9c74f06f4e4f4e76a04b9768457783f915476d9741e0e401c0,399112842,24790,2,1,2,0,0,1,0,0,1,0,true,false,1,unique_nonreserved_sink,NumStability.sylvester_quasiSchur_blockTraversal_solution_of_product_shift_det_frontier_step_oracle,B_unique_nonreserved_sink,NumStability.H16_eq16_4_8_sylvester_quasiSchur_blockTraversal_solution_of_product_shift_det_frontier_step_oracle | NumStability.sylvester_quasiSchur_blockTraversal_solution_of_product_shift_det_frontier_step_oracle
045daf28056a6e4358d5de7c22c7a9d7acc2e80e,1561,7f780e178317adc9b44b7bca05ebba752b0128004511d5c801eb577144601136,659884796,19175,2,1,2,0,0,1,0,0,2,0,true,false,1,unique_nonreserved_sink,NumStability.higham11_4_bunch_kaufman_solve_backward_error_of_first_stage_recursive_higham_const_split_six_row_sum_exact_budgets_maxEntryNorm,B_unique_nonreserved_sink,NumStability.higham11_4_bunch_kaufman_solve_backward_error_interface_of_first_stage_recursive_higham_const_split_six_row_sum_exact_budgets_maxEntryNorm | NumStability.higham11_4_bunch_kaufman_solve_backward_error_of_first_stage_recursive_higham_const_split_six_row_sum_exact_budgets_maxEntryNorm
045daf28056a6e4358d5de7c22c7a9d7acc2e80e,751,7fdefb79aaad6416779cd9113a6643479e8118421abfde9e353855b07971b4ae,2558908878,31558,2,1,2,0,0,1,0,0,2,0,true,false,1,unique_nonreserved_sink,NumStability.existsUnique_sylvesterVecCoeff_mulVec_of_no_common_complex_right_eigenvalue,B_unique_nonreserved_sink,NumStability.H16_eq16_3_existsUnique_sylvesterVecCoeff_mulVec_of_no_common_complex_right_eigenvalue | NumStability.existsUnique_sylvesterVecCoeff_mulVec_of_no_common_complex_right_eigenvalue
045daf28056a6e4358d5de7c22c7a9d7acc2e80e,263,800366ef7641062435719e69be9c344822b66e11b6641512b23c868354c3f5ea,1438825484,26425,2,2,2,0,0,1,0,1,1,0,true,false,1,unique_nonreserved_sink,NumStability.sylvester_practical_error_bound_of_vecCoeff_left_inverse_finiteOpNorm2Le_computed_residual_certificate,B_unique_nonreserved_sink,NumStability.sylvester_practical_error_bound_of_vecCoeff_left_inverse_finiteOpNorm2Le_computed_residual_certificate | NumStability.H16_eq16_29_sylvester_practical_error_bound_of_vecCoeff_left_inverse_finiteOpNorm2Le_computed_residual_certificate
045daf28056a6e4358d5de7c22c7a9d7acc2e80e,121,808800f628dd9c36df8e509925e6a78b3538a4390196ec0e8bdf540201d0aa80,1112295225,26482,2,2,2,0,0,1,0,1,2,0,true,false,1,unique_nonreserved_sink,NumStability.lyapunov_practical_error_bound_of_operator_sigmaMin_computed_residual_certificate_scalar,B_unique_nonreserved_sink,NumStability.lyapunov_practical_error_bound_of_operator_sigmaMin_computed_residual_certificate_scalar | NumStability.H16_eq16_29_lyapunov_practical_error_bound_of_operator_sigmaMin_computed_residual_certificate_scalar
045daf28056a6e4358d5de7c22c7a9d7acc2e80e,289,80af20aaf221cb289dbcc62147c5f1a3f544ea0de57e0bb75001cb8ee8f877ef,1527426152,24684,2,1,2,0,0,1,0,0,1,0,true,false,1,unique_nonreserved_sink,NumStability.sylvester_practical_abs_error_bound_of_pos_le_sylvesterSepInf_computed_residual_certificate,B_unique_nonreserved_sink,NumStability.H16_eq16_29_sylvester_practical_abs_error_bound_of_pos_le_sylvesterSepInf_computed_residual_certificate | NumStability.sylvester_practical_abs_error_bound_of_pos_le_sylvesterSepInf_computed_residual_certificate
045daf28056a6e4358d5de7c22c7a9d7acc2e80e,340,80cdbd42447af6a60c38683fec751741ce300303ca3f5de6912119075ddae53c,1643514901,23690,2,2,2,0,0,1,0,1,1,0,true,false,1,unique_nonreserved_sink,NumStability.sylvester_practical_error_bound_of_vecCoeff_det_ne_zero_computed_residual_budget_mono,B_unique_nonreserved_sink,NumStability.sylvester_practical_error_bound_of_vecCoeff_det_ne_zero_computed_residual_budget_mono | NumStability.H16_eq16_29_sylvester_practical_error_bound_of_vecCoeff_det_ne_zero_computed_residual_budget_mono
045daf28056a6e4358d5de7c22c7a9d7acc2e80e,579,810512004055d2c571a81207db7236c7e816746b1d053c3b05cebabcd15b434d,2208671868,15943,2,1,2,0,0,1,0,0,1,0,true,false,1,unique_nonreserved_sink,NumStability.higham9_15_normwise_source_bound_of_factorization_init_residual_zero_opNorm_of_matrix_inverse_identities_no_smallness,B_unique_nonreserved_sink,NumStability.higham9_15_normwise_source_bound_of_factorization_G_init_residual_zero_opNorm_of_matrix_inverse_identities_no_smallness | NumStability.higham9_15_normwise_source_bound_of_factorization_init_residual_zero_opNorm_of_matrix_inverse_identities_no_smallness
045daf28056a6e4358d5de7c22c7a9d7acc2e80e,646,8119aab829f527e82ac6f283fb2363063d96a94d28ec40b838260d0576290b2e,2322631794,7192,2,2,2,0,0,1,0,1,2,0,true,false,1,unique_nonreserved_sink,NumStability.backSub_forward_error_diagDom,B_unique_nonreserved_sink,NumStability.backSub_forward_error_diagDom | NumStability.higham8_7_backSub_forward_error_diagDom
045daf28056a6e4358d5de7c22c7a9d7acc2e80e,967,8150169b42d20cbde5ccebf9e63a56367a952c1c45fa5017a0d1214c3cf5604f,307595798,24859,2,1,2,0,0,1,0,1,1,0,true,false,1,unique_nonreserved_sink,NumStability.sylvester_practical_error_bound_of_no_common_complex_right_eigenvalue_computed_residual_certificate_mono,B_unique_nonreserved_sink,NumStability.H16_eq16_29_sylvester_practical_error_bound_of_no_common_complex_right_eigenvalue_computed_residual_certificate_mono | NumStability.sylvester_practical_error_bound_of_no_common_complex_right_eigenvalue_computed_residual_certificate_mono
045daf28056a6e4358d5de7c22c7a9d7acc2e80e,232,81aaa27798ad09d70c3dadae86fada80199f244f5f25ae78ee60013d4709215d,1371108178,24800,2,1,2,0,0,1,0,0,1,0,true,false,1,unique_nonreserved_sink,NumStability.sylvester_quasiSchur_blockTraversal_solution_of_twoBlockSpectral_local_no_common_generated_step_formula,B_unique_nonreserved_sink,NumStability.H16_eq16_4_8_sylvester_quasiSchur_blockTraversal_solution_of_twoBlockSpectral_local_no_common_generated_step_formula | NumStability.sylvester_quasiSchur_blockTraversal_solution_of_twoBlockSpectral_local_no_common_generated_step_formula
045daf28056a6e4358d5de7c22c7a9d7acc2e80e,1118,81c0c1459887251a36a342a5125e8837c531e04bf0c871fa1bc5e717c5428697,3452603216,31639,2,1,2,0,0,1,0,0,1,0,true,false,1,unique_nonreserved_sink,NumStability.lyapunov_practical_error_bound_fl_of_vecCoeff_left_inverse_finiteOpNorm2Le_mono_scalar,B_unique_nonreserved_sink,NumStability.H16_eq16_29_lyapunov_practical_error_bound_fl_of_vecCoeff_left_inverse_finiteOpNorm2Le_mono_scalar | NumStability.lyapunov_practical_error_bound_fl_of_vecCoeff_left_inverse_finiteOpNorm2Le_mono_scalar
045daf28056a6e4358d5de7c22c7a9d7acc2e80e,148,81c59eeea6f2a5b8b26e2f09e6ec88b051b6049a05b096b02fcd060d916fa593,1174761234,24837,2,1,2,0,0,1,0,1,2,0,true,false,1,unique_nonreserved_sink,NumStability.sylvesterVecCoeff_det_ne_zero_of_no_common_complex_right_eigenvalue,B_unique_nonreserved_sink,NumStability.H16_eq16_3_sylvesterVecCoeff_det_ne_zero_of_no_common_complex_right_eigenvalue | NumStability.sylvesterVecCoeff_det_ne_zero_of_no_common_complex_right_eigenvalue
045daf28056a6e4358d5de7c22c7a9d7acc2e80e,1487,81d1fd95a68f93c7afbc3e876b92f8b143ebd6f26fa512777045a4a724b043cf,481594653,40086,2,2,2,0,0,1,0,1,2,0,true,false,1,unique_nonreserved_sink,NumStability.complete_pivoting_w_bound,B_unique_nonreserved_sink,NumStability.complete_pivoting_w_bound | NumStability.higham10_13_complete_pivoting_w_bound
045daf28056a6e4358d5de7c22c7a9d7acc2e80e,1083,81fccc6710f49c80cf4564ac7d7029ed2a21da67269331f3551292b536b87b9f,3378408806,24169,2,2,2,0,0,1,0,1,2,0,true,false,1,unique_nonreserved_sink,NumStability.sylvester_practical_error_bound_of_realQuasiSchur_strictBlockMap_computed_residual_budget_mono,B_unique_nonreserved_sink,NumStability.sylvester_practical_error_bound_of_realQuasiSchur_strictBlockMap_computed_residual_budget_mono | NumStability.H16_eq16_29_realQuasiSchur_strictBlockMap_computed_residual_budget_mono
045daf28056a6e4358d5de7c22c7a9d7acc2e80e,878,82132fe458d9320330752c3608ff8017b5801c4abadff4ae8a0a46932ce16303,288241801,24232,2,2,2,0,0,1,0,1,1,0,true,false,1,unique_nonreserved_sink,NumStability.quasiSchur_frontier_step_of_boundary,B_unique_nonreserved_sink,NumStability.quasiSchur_frontier_step_of_boundary | NumStability.H16_eq16_4_8_quasiSchur_frontier_step_of_boundary
045daf28056a6e4358d5de7c22c7a9d7acc2e80e,209,83258d0311e361a03a4b228612a650ef10a12a2f9ce9cf66b2f380d93e07df51,1326241746,24926,2,1,2,0,0,1,0,0,1,0,true,false,1,unique_nonreserved_sink,NumStability.sylvester_practical_error_bound_of_no_common_complex_right_eigenvalue_computed_residual_error_model,B_unique_nonreserved_sink,NumStability.H16_eq16_29_sylvester_practical_error_bound_of_no_common_complex_right_eigenvalue_computed_residual_error_model | NumStability.sylvester_practical_error_bound_of_no_common_complex_right_eigenvalue_computed_residual_error_model
045daf28056a6e4358d5de7c22c7a9d7acc2e80e,1286,83442c56988eda1596764691fb1c6d901c07617b7c16984a1f1042191aa24b38,3839936623,19339,2,1,2,0,0,1,0,0,2,0,true,false,1,unique_nonreserved_sink,NumStability.higham11_4_bunch_kaufman_solve_backward_error_of_first_stage_recursive_higham_const_split_L_entry_regional_D_exact_budgets_maxEntryNorm,B_unique_nonreserved_sink,NumStability.higham11_4_bunch_kaufman_solve_backward_error_interface_of_first_stage_recursive_higham_const_split_L_entry_regional_D_exact_budgets_maxEntryNorm | NumStability.higham11_4_bunch_kaufman_solve_backward_error_of_first_stage_recursive_higham_const_split_L_entry_regional_D_exact_budgets_maxEntryNorm
045daf28056a6e4358d5de7c22c7a9d7acc2e80e,1352,83500b56541a1193fd65ba5b2f0d1be8f5d90ab2b6a5d1179787501f633efe0a,4017720838,18484,2,2,2,0,0,1,0,1,2,0,true,false,1,unique_nonreserved_sink,NumStability.fl_blockLDLT_pivot_col_bound,B_unique_nonreserved_sink,NumStability.fl_blockLDLT_pivot_col_bound | NumStability.higham11_3_fl_blockLDLT_pivot_col_bound
045daf28056a6e4358d5de7c22c7a9d7acc2e80e,1114,835019660e56903040ac273fd9b97c18d516c1d8ec3b67a9bf3825e79d0d001c,3437406852,31611,2,1,2,0,0,1,0,0,1,0,true,false,1,unique_nonreserved_sink,NumStability.sylvester_practical_error_bound_fl_of_vecCoeff_sigmaMin_mono,B_unique_nonreserved_sink,NumStability.H16_eq16_29_sylvester_practical_error_bound_fl_of_vecCoeff_sigmaMin_mono | NumStability.sylvester_practical_error_bound_fl_of_vecCoeff_sigmaMin_mono
045daf28056a6e4358d5de7c22c7a9d7acc2e80e,668,83553f1e4dc53ee7bf1792fe9ad91abc7b059c36382ad85cd5b0c8ecd57b0587,2382497391,3504,2,2,2,0,0,1,0,1,2,0,true,false,1,unique_nonreserved_sink,NumStability.cholesky_success_condition,B_unique_nonreserved_sink,NumStability.cholesky_success_condition | NumStability.higham10_7_success_condition
045daf28056a6e4358d5de7c22c7a9d7acc2e80e,522,83fce074e9f181a18ef443d5a0b75a0175a0010a1d731dd404177f1a92891e76,206653929,31799,2,1,2,0,0,1,0,0,1,0,true,false,1,unique_nonreserved_sink,NumStability.flBartelsStewartSuppliedSchurRounded_residual_bound_computedScale,B_unique_nonreserved_sink,NumStability.H16_eq16_9_flBartelsStewartSuppliedSchurRounded_residual_bound | NumStability.flBartelsStewartSuppliedSchurRounded_residual_bound_computedScale
045daf28056a6e4358d5de7c22c7a9d7acc2e80e,391,84027937e9fc5fa28587355eab1b19ac9fdc16f181551719ee31a466ef8a8387,1739384184,26117,2,2,2,0,0,1,0,1,2,0,true,false,1,unique_nonreserved_sink,NumStability.sylvester_aposteriori_bound_of_sigmaMin_total,B_unique_nonreserved_sink,NumStability.sylvester_aposteriori_bound_of_sigmaMin_total | NumStability.H16_eq16_28_sylvester_aposteriori_bound_of_sigmaMin_total
045daf28056a6e4358d5de7c22c7a9d7acc2e80e,789,844bd84fbdd89c87d0d43015a37f6a542a4c4e5d1e02ff0ad9026f139dcd4dbc,2664054706,16046,2,1,2,0,0,1,0,0,1,0,true,false,1,unique_nonreserved_sink,NumStability.higham9_15_normwise_source_bound_of_factorization_init_min_factor_bound_opNorm_product_lt_one_residual,B_unique_nonreserved_sink,NumStability.higham9_15_normwise_source_bound_of_factorization_G_init_min_factor_bound_opNorm_product_lt_one_residual | NumStability.higham9_15_normwise_source_bound_of_factorization_init_min_factor_bound_opNorm_product_lt_one_residual
045daf28056a6e4358d5de7c22c7a9d7acc2e80e,1388,8459c446fc017bbef7a962f73b41d65523cd4251d1a66e827b090654d87d4267,4124656886,26438,2,2,2,0,0,1,0,1,1,0,true,false,1,unique_nonreserved_sink,NumStability.lyapunov_practical_error_bound_of_pos_le_sylvesterSepInf_computed_residual_certificate_mono_scalar,B_unique_nonreserved_sink,NumStability.lyapunov_practical_error_bound_of_pos_le_sylvesterSepInf_computed_residual_certificate_mono_scalar | NumStability.H16_eq16_29_lyapunov_practical_error_bound_of_pos_le_sylvesterSepInf_computed_residual_certificate_mono_scalar
045daf28056a6e4358d5de7c22c7a9d7acc2e80e,41,84d725b3074f7c9734a8a1ebd1ea518270bb2545456a1a599cd38eabcaaff219,1232933522,31486,3,1,3,0,0,1,0,0,2,0,true,false,2,unique_nonreserved_sink,NumStability.H16_eq16_24_structured_condition_of_vecCoeff_sigmaMin,B_unique_nonreserved_sink,NumStability.H16_eq16_24_structured_condition_of_vecCoeff_sigmaMin | NumStability.H16_eq16_24_sylvester_relative_first_order_bound_of_vecCoeff_sigmaMin | NumStability.sylvester_relative_first_order_bound_of_vecCoeff_sigmaMin
045daf28056a6e4358d5de7c22c7a9d7acc2e80e,908,85e5b0bb75de8f2a2e2829de00dc457fb86dc34f1231968ce68db357fcbd6b2e,2946788873,23639,2,2,2,0,0,1,0,1,1,0,true,false,1,unique_nonreserved_sink,NumStability.sylvesterVecCoeff_diagonal_mulVec_injective,B_unique_nonreserved_sink,NumStability.sylvesterVecCoeff_diagonal_mulVec_injective | NumStability.H16_eq16_3_sylvesterVecCoeff_diagonal_mulVec_injective
045daf28056a6e4358d5de7c22c7a9d7acc2e80e,1494,860a75da12b14e286fb772a0b0bbe955c99e4ba995831c3f860b20e48366cc41,495126680,26225,2,2,2,0,0,1,0,1,1,0,true,false,1,unique_nonreserved_sink,NumStability.sylvesterVecCoeff_lyapunovSpecial_sigmaMin_of_pos_le_sylvesterSepInf,B_unique_nonreserved_sink,NumStability.sylvesterVecCoeff_lyapunovSpecial_sigmaMin_of_pos_le_sylvesterSepInf | NumStability.H16_eq16_2_27_sylvesterVecCoeff_lyapunovSpecial_sigmaMin_of_pos_le_sylvesterSepInf
045daf28056a6e4358d5de7c22c7a9d7acc2e80e,519,862b21cbcd490d1c3d36d2ec820f2b5070d5b4bc3140c9e6e4f104d0a4d6aa1d,2061701383,23773,2,2,2,0,0,1,0,1,1,0,true,false,1,unique_nonreserved_sink,NumStability.complexShiftedCoeff_det_ne_zero_of_upperTriangular_diag_ne,B_unique_nonreserved_sink,NumStability.complexShiftedCoeff_det_ne_zero_of_upperTriangular_diag_ne | NumStability.H16_eq16_6_complexShiftedCoeff_det_ne_zero_of_upperTriangular_diag_ne
045daf28056a6e4358d5de7c22c7a9d7acc2e80e,822,866ba561448f70ec26bfb030efcaa3c5c49bd36887e0aaa559746edd7e1cf06e,2741432983,12140,2,2,2,0,0,1,0,1,2,0,true,false,1,unique_nonreserved_sink,NumStability.Wave18C.theorem19_6_packaged_original_space_printed_j_sq,B_unique_nonreserved_sink,NumStability.theorem20_7_packaged_original_space_sqrt_m_j_sq_of_reducedDiff_bound | NumStability.Wave18C.theorem19_6_packaged_original_space_printed_j_sq
045daf28056a6e4358d5de7c22c7a9d7acc2e80e,552,867da3e7f55c84d389eb081418d3609a36e6eadd86f2a6b028debc12a1af34de,2145268818,31662,2,1,2,0,0,1,0,0,1,0,true,false,1,unique_nonreserved_sink,NumStability.sylvester_practical_error_bound_fl_of_vecCoeff_gram_eigenvalues_mono_scalar,B_unique_nonreserved_sink,NumStability.H16_eq16_29_sylvester_practical_error_bound_fl_of_vecCoeff_gram_eigenvalues_mono_scalar | NumStability.sylvester_practical_error_bound_fl_of_vecCoeff_gram_eigenvalues_mono_scalar
045daf28056a6e4358d5de7c22c7a9d7acc2e80e,614,86a283ae57b22101af214cf41d2787eef3644db12bf3d4976a11d55110984c89,2267866021,15882,2,1,2,0,0,1,0,0,1,0,true,false,1,unique_nonreserved_sink,NumStability.higham9_15_normwise_source_bound_of_factorization_init_min_factor_bound_opNorm_exact_opNorm2_one_residual_of_factor_triangularity,B_unique_nonreserved_sink,NumStability.higham9_15_normwise_source_bound_of_factorization_G_init_min_factor_bound_opNorm_exact_opNorm2_one_residual_of_factor_triangularity | NumStability.higham9_15_normwise_source_bound_of_factorization_init_min_factor_bound_opNorm_exact_opNorm2_one_residual_of_factor_triangularity
045daf28056a6e4358d5de7c22c7a9d7acc2e80e,1472,86a32c1d49828621f9dcc3d75813199285b8737152cf46badd5e8e20e9e1e49e,450102032,24636,2,2,2,0,0,1,0,1,2,0,true,false,1,unique_nonreserved_sink,NumStability.lyapunov_relative_perturbation_of_sepLowerBound_total,B_unique_nonreserved_sink,NumStability.lyapunov_relative_perturbation_of_sepLowerBound_total | NumStability.H16_eq16_27_lyapunov_relative_perturbation_of_sepLowerBound_total
045daf28056a6e4358d5de7c22c7a9d7acc2e80e,183,86ca9e9a45537fc75039548b808311c673930304ddead5491555379da2f1dc98,1248449988,24736,2,1,2,0,0,1,0,0,1,0,true,false,1,unique_nonreserved_sink,NumStability.sylvester_practical_error_bound_of_sepLowerBound_computed_residual_certificate,B_unique_nonreserved_sink,NumStability.H16_eq16_29_sylvester_practical_error_bound_of_sepLowerBound_computed_residual_certificate | NumStability.sylvester_practical_error_bound_of_sepLowerBound_computed_residual_certificate
045daf28056a6e4358d5de7c22c7a9d7acc2e80e,1566,86dcf0177484e54800b1d81ebfb33e7b9468d04d89d3e0e51a9c849c8bdb63ac,672056315,26349,2,2,2,0,0,1,0,1,1,0,true,false,1,unique_nonreserved_sink,NumStability.lyapunov_first_order_bound_of_vecCoeff_gram_eigenvalues,B_unique_nonreserved_sink,NumStability.lyapunov_first_order_bound_of_vecCoeff_gram_eigenvalues | NumStability.H16_eq16_27_lyapunov_first_order_bound_of_vecCoeff_gram_eigenvalues
045daf28056a6e4358d5de7c22c7a9d7acc2e80e,649,87169783b6d60ff3d9386d202cb4d5a6a180a974f76cc79f3308a24a1fe6287c,2332953634,24114,2,2,2,0,0,1,0,1,1,0,true,false,1,unique_nonreserved_sink,NumStability.sylvesterVecCoeff_one_det_eq_sylvesterTriangularShiftedCoeff_det,B_unique_nonreserved_sink,NumStability.sylvesterVecCoeff_one_det_eq_sylvesterTriangularShiftedCoeff_det | NumStability.H16_eq16_6_sylvesterVecCoeff_one_det_eq_sylvesterTriangularShiftedCoeff_det
045daf28056a6e4358d5de7c22c7a9d7acc2e80e,949,879daeec7e573cccfa1a64ad84cd082aaee74cc31d40b724d7b7875ef9e6f06f,3043517626,16227,2,1,2,0,0,1,0,0,1,0,true,false,1,unique_nonreserved_sink,NumStability.higham9_15_normwise_source_bound_of_factorization_right_zero_opNorm_exact_opNorm2,B_unique_nonreserved_sink,NumStability.higham9_15_normwise_source_bound_of_factorization_G_right_zero_opNorm_exact_opNorm2 | NumStability.higham9_15_normwise_source_bound_of_factorization_right_zero_opNorm_exact_opNorm2
045daf28056a6e4358d5de7c22c7a9d7acc2e80e,56,8810e41b36f4cc446353bd1110b19cf48d1ca8526d24e165f26b80cb4069b0ab,2490204088,35322,3,3,3,0,0,0,0,1,3,0,true,false,1,unique_nonreserved_sink,NumStability.FloatingPointFormat.problem2_10_ieeeDouble_finiteSystem_one,B_unique_nonreserved_sink,NumStability.FloatingPointFormat.problem2_10_ieeeDouble_finiteSystem_one | NumStability.FloatingPointFormat.problem2_12_ieeeDouble_one_finiteSystem | NumStability.FloatingPointFormat.problem2_24_ieeeDouble_one_finiteSystem
045daf28056a6e4358d5de7c22c7a9d7acc2e80e,1162,884ba49383e9be1c2a804b7075bfec92e7ae788d43245a2752d509ac3be6f083,3533430255,18942,2,1,2,0,0,0,0,0,2,0,true,false,1,unique_nonreserved_sink,NumStability.higham11_4_bunch_kaufman_solve_backward_error_of_path_global_source_six_growth_bounds_maxEntryNorm_A_product,B_unique_nonreserved_sink,NumStability.higham11_4_bunch_kaufman_solve_backward_error_interface_of_path_global_source_six_growth_bounds_maxEntryNorm_A_product | NumStability.higham11_4_bunch_kaufman_solve_backward_error_of_path_global_source_six_growth_bounds_maxEntryNorm_A_product
045daf28056a6e4358d5de7c22c7a9d7acc2e80e,59,8a3cbc3bf4524dbe0e164fc318cc450cb6f50208598faf69580e92b34e52f185,2585296936,31482,3,1,3,0,0,1,0,0,2,0,true,false,2,unique_nonreserved_sink,NumStability.H16_eq16_27_lyapunov_condition_diagonal_of_vecCoeff_entrywise_abs_ge,B_unique_nonreserved_sink,NumStability.H16_eq16_27_lyapunov_condition_diagonal_of_vecCoeff_entrywise_abs_ge | NumStability.H16_eq16_27_lyapunov_relative_first_order_bound_diagonal_of_vecCoeff_entrywise_abs_ge | NumStability.lyapunov_relative_first_order_bound_diagonal_of_vecCoeff_entrywise_abs_ge
045daf28056a6e4358d5de7c22c7a9d7acc2e80e,1627,8a3ed2b975756acf209d06d5425c75573a3368f024f3dea742593ea45b55b38e,823513714,31783,2,1,2,0,0,1,0,1,1,0,true,false,1,unique_nonreserved_sink,NumStability.Wave14.frobNormRect_sylvesterResidualRect_le_gamma_dataScale_of_schur_gamma_residual,B_unique_nonreserved_sink,NumStability.Wave14.H16_eq16_9_frobNormRect_sylvesterResidualRect_le_gamma_dataScale_of_schur_gamma_residual | NumStability.Wave14.frobNormRect_sylvesterResidualRect_le_gamma_dataScale_of_schur_gamma_residual
045daf28056a6e4358d5de7c22c7a9d7acc2e80e,299,8a5f77234031e7c27124ec20432672198529c83b0a995aac700891685f533f72,1546040918,24460,2,2,2,0,0,1,0,1,1,0,true,false,1,unique_nonreserved_sink,NumStability.lyapunovScaledPerturbationPairNorm_le_sqrt_two_mul,B_unique_nonreserved_sink,NumStability.lyapunovScaledPerturbationPairNorm_le_sqrt_two_mul | NumStability.H16_eq16_27_lyapunovScaledPerturbationPairNorm_le_sqrt_two_mul
045daf28056a6e4358d5de7c22c7a9d7acc2e80e,554,8a84305586f68a8a44f4856b633b5a8ac8ff74d333f022740c551f41e776d5e7,2149633285,24242,2,2,2,0,0,1,0,1,1,0,true,false,1,unique_nonreserved_sink,NumStability.sylvesterTwoColumnBlockCoeff_product_shift_no_eigenvector_of_no_block_action,B_unique_nonreserved_sink,NumStability.sylvesterTwoColumnBlockCoeff_product_shift_no_eigenvector_of_no_block_action | NumStability.H16_eq16_4_8_sylvesterTwoColumnBlockCoeff_product_shift_no_eigenvector_of_no_block_action
045daf28056a6e4358d5de7c22c7a9d7acc2e80e,1480,8ac92d988b1e4b0d6742bc0d4fecf699b3d1a59845659b6a50be92eb99bd3f3f,467246530,18724,2,1,2,0,0,1,0,0,2,0,true,false,1,unique_nonreserved_sink,NumStability.higham11_4_bunch_kaufman_solve_backward_error_of_path_local_D_two_nonzero_L_rows_maxEntryNorm_A_product,B_unique_nonreserved_sink,NumStability.higham11_4_bunch_kaufman_solve_backward_error_interface_of_path_local_D_two_nonzero_L_rows_maxEntryNorm_A_product | NumStability.higham11_4_bunch_kaufman_solve_backward_error_of_path_local_D_two_nonzero_L_rows_maxEntryNorm_A_product
045daf28056a6e4358d5de7c22c7a9d7acc2e80e,1211,8ae48ae7fe3227e50c5dca51972f0f9eac69b482274da04121d4410234df1cf5,3649324812,24129,2,2,2,0,0,1,0,1,2,0,true,false,1,unique_nonreserved_sink,NumStability.sylvester_practical_error_bound_of_realQuasiSchur_strictBlockMap_computed_residual_error_model_mono_scalar,B_unique_nonreserved_sink,NumStability.sylvester_practical_error_bound_of_realQuasiSchur_strictBlockMap_computed_residual_error_model_mono_scalar | NumStability.H16_eq16_29_realQuasiSchur_strictBlockMap_computed_residual_error_model_mono_scalar
045daf28056a6e4358d5de7c22c7a9d7acc2e80e,1339,8ae92b09769535e8a94bf95e027f8985e038ca4e803c53a44dc6748c2da5d869,3987133232,24617,2,2,2,0,0,1,0,1,1,0,true,false,1,unique_nonreserved_sink,NumStability.frobNorm_le_alpha_mul_tripleNorm,B_unique_nonreserved_sink,NumStability.frobNorm_le_alpha_mul_tripleNorm | NumStability.H16_eq16_23_frobNorm_le_alpha_mul_tripleNorm
045daf28056a6e4358d5de7c22c7a9d7acc2e80e,1611,8b133bf3c94eae6f3fe23d6df086dc64c0a9524e5c43e14d3b59aeb0bd6f52ec,769900429,908,2,2,2,0,0,0,0,1,2,0,true,false,1,unique_nonreserved_sink,NumStability.FloatingPointFormat.realOrderAdjacentNormalized_spacing_bounds_left,B_unique_nonreserved_sink,NumStability.FloatingPointFormat.realOrderAdjacentNormalized_spacing_bounds_left | NumStability.FloatingPointFormat.problem2_2_lemma2_1_spacing_bounds_left
045daf28056a6e4358d5de7c22c7a9d7acc2e80e,276,8b198fc3fe9b5810ee0f1eb063e02ab39bf59e0a79513f7a060b9d0d80143481,1490966001,31546,2,1,2,0,0,1,0,0,1,0,true,false,1,unique_nonreserved_sink,NumStability.existsUnique_sylvesterVecCoeff_nonsingInv_mulVec_solution_of_no_common_complex_eigenpair,B_unique_nonreserved_sink,NumStability.H16_eq16_3_existsUnique_sylvesterVecCoeff_nonsingInv_mulVec_solution_of_no_common_complex_eigenpair | NumStability.existsUnique_sylvesterVecCoeff_nonsingInv_mulVec_solution_of_no_common_complex_eigenpair
045daf28056a6e4358d5de7c22c7a9d7acc2e80e,104,8b5b73969373b5c3cac3f5fa7ec3d90e8096290e802ad8fcc81ab5f87da39949,1082304696,24693,2,1,2,0,0,1,0,0,1,0,true,false,1,unique_nonreserved_sink,NumStability.sylvester_practical_error_bound_of_pos_le_sylvesterSepInf_computed_residual_certificate_mono_scalar,B_unique_nonreserved_sink,NumStability.H16_eq16_29_sylvester_practical_error_bound_of_pos_le_sylvesterSepInf_computed_residual_certificate_mono_scalar | NumStability.sylvester_practical_error_bound_of_pos_le_sylvesterSepInf_computed_residual_certificate_mono_scalar
045daf28056a6e4358d5de7c22c7a9d7acc2e80e,931,8b5f69a2bc104eb9b89131390962f57203328cff8ebd46783d99b8aa1149d5da,3003882625,24817,2,1,2,0,0,1,0,1,2,0,true,false,1,unique_nonreserved_sink,NumStability.sylvester_practical_error_bound_of_schurTriangular_computed_residual_certificate_mono_scalar,B_unique_nonreserved_sink,NumStability.H16_eq16_29_schurTriangular_computed_residual_certificate_mono_scalar | NumStability.sylvester_practical_error_bound_of_schurTriangular_computed_residual_certificate_mono_scalar
045daf28056a6e4358d5de7c22c7a9d7acc2e80e,396,8b7f1410973b9634ba10da93c31473c30a62ada324f2d8edd5d7c84794814942,1758033046,26481,2,2,2,0,0,1,0,1,1,0,true,false,1,unique_nonreserved_sink,NumStability.sylvester_practical_error_bound_of_vecCoeff_left_inverse_finiteOpNorm2Le_computed_residual_budget,B_unique_nonreserved_sink,NumStability.sylvester_practical_error_bound_of_vecCoeff_left_inverse_finiteOpNorm2Le_computed_residual_budget | NumStability.H16_eq16_29_sylvester_practical_error_bound_of_vecCoeff_left_inverse_finiteOpNorm2Le_computed_residual_budget
045daf28056a6e4358d5de7c22c7a9d7acc2e80e,409,8b9ee324781be18de18aba5646a9ae82575f838c2f504c39391a8c4d1f0e9e43,1785933591,23997,2,2,2,0,0,1,0,1,1,0,true,false,1,unique_nonreserved_sink,NumStability.sylvesterTwoColumnBlockCoeff_block_and_det_ne_zero_of_quasiSchur_no_coupled_block_action,B_unique_nonreserved_sink,NumStability.sylvesterTwoColumnBlockCoeff_block_and_det_ne_zero_of_quasiSchur_no_coupled_block_action | NumStability.H16_eq16_4_8_sylvesterTwoColumnBlockCoeff_block_and_det_ne_zero_of_quasiSchur_no_coupled_block_action
045daf28056a6e4358d5de7c22c7a9d7acc2e80e,615,8bd96c3359ce91987348d5e6bf16a9c16146f3035f85021dcafba519a508cbe0,2270627303,16177,2,1,2,0,0,1,0,0,1,0,true,false,1,unique_nonreserved_sink,NumStability.higham9_15_normwise_source_bound_of_factorization_min_factor_bound_opNorm_product_lt_of_factor_triangularity,B_unique_nonreserved_sink,NumStability.higham9_15_normwise_source_bound_of_factorization_G_min_factor_bound_opNorm_product_lt_of_factor_triangularity | NumStability.higham9_15_normwise_source_bound_of_factorization_min_factor_bound_opNorm_product_lt_of_factor_triangularity
045daf28056a6e4358d5de7c22c7a9d7acc2e80e,697,8c62a90acd6f7be6e3be60f8d8b50bfacd38594c139dc3bd1c44deaee603f427,2432312202,15871,2,1,2,0,0,1,0,0,1,0,true,false,1,unique_nonreserved_sink,NumStability.higham9_15_normwise_source_bound_of_factorization_init_min_factor_bound_opNorm_one_residual,B_unique_nonreserved_sink,NumStability.higham9_15_normwise_source_bound_of_factorization_G_init_min_factor_bound_opNorm_one_residual | NumStability.higham9_15_normwise_source_bound_of_factorization_init_min_factor_bound_opNorm_one_residual
045daf28056a6e4358d5de7c22c7a9d7acc2e80e,902,8c8a4079f91007e9d3137c9bf25124ee71cead3751b1609b4c969cbff9026ac4,2940900792,31590,2,1,2,0,0,1,0,0,2,0,true,false,1,unique_nonreserved_sink,NumStability.sylvester_practical_error_bound_fl_of_sepLowerBound_mono_scalar,B_unique_nonreserved_sink,NumStability.H16_eq16_29_sylvester_practical_error_bound_fl_of_sepLowerBound_mono_scalar | NumStability.sylvester_practical_error_bound_fl_of_sepLowerBound_mono_scalar
045daf28056a6e4358d5de7c22c7a9d7acc2e80e,752,8ca2b026bac51de5143375553b641d5e562d0a2a6413691952eb2c57c307a064,2562296145,26179,2,2,2,0,0,1,0,1,1,0,true,false,1,unique_nonreserved_sink,NumStability.lyapunov_relative_perturbation_of_vecCoeff_gram_eigenvalues_total,B_unique_nonreserved_sink,NumStability.lyapunov_relative_perturbation_of_vecCoeff_gram_eigenvalues_total | NumStability.H16_eq16_27_lyapunov_relative_perturbation_of_vecCoeff_gram_eigenvalues_total
045daf28056a6e4358d5de7c22c7a9d7acc2e80e,1590,8cd9fa5f6e2d9fe88b28f381708bc0c6964eabf29b7d54c99f8119e080de0d7d,724840955,5787,2,2,2,0,0,0,0,2,2,0,true,false,1,unique_nonreserved_sink,NumStability.conventional_residual_error,B_unique_nonreserved_sink,NumStability.conventional_residual_error | NumStability.higham12_9_conventional_residual_error
045daf28056a6e4358d5de7c22c7a9d7acc2e80e,1650,8ce33446f4234121174a90cf94919a796dc6f7e61f52ef7e6e719c249d1b2397,86738239,31491,2,1,2,0,0,1,0,0,1,0,true,false,1,unique_nonreserved_sink,NumStability.lyapunov_relative_perturbation_spectralDiagonal_of_vecCoeff_entrywise_abs_ge_total,B_unique_nonreserved_sink,NumStability.H16_eq16_27_lyapunov_relative_perturbation_spectralDiagonal_of_vecCoeff_entrywise_abs_ge_total | NumStability.lyapunov_relative_perturbation_spectralDiagonal_of_vecCoeff_entrywise_abs_ge_total
045daf28056a6e4358d5de7c22c7a9d7acc2e80e,1151,8d2583b4545e21d194503437d2a4c6aeddbde6ea098759fed906eb05d705b721,3523567203,24919,2,1,2,0,0,1,0,0,1,0,true,false,1,unique_nonreserved_sink,NumStability.sylvester_column_equation_of_solution_zero_below,B_unique_nonreserved_sink,NumStability.H16_eq16_6_sylvester_column_equation_of_solution_zero_below | NumStability.sylvester_column_equation_of_solution_zero_below
045daf28056a6e4358d5de7c22c7a9d7acc2e80e,474,8d5b22cfb712683a287294bfaf2b68f8817232847a0fdf319aee1788c93bdf8f,1956211270,31612,2,1,2,0,0,1,0,0,1,0,true,false,1,unique_nonreserved_sink,NumStability.sylvester_practical_error_bound_fl_of_vecCoeff_left_inverse_finiteOpNorm2Le_mono_scalar,B_unique_nonreserved_sink,NumStability.H16_eq16_29_sylvester_practical_error_bound_fl_of_vecCoeff_left_inverse_finiteOpNorm2Le_mono_scalar | NumStability.sylvester_practical_error_bound_fl_of_vecCoeff_left_inverse_finiteOpNorm2Le_mono_scalar
045daf28056a6e4358d5de7c22c7a9d7acc2e80e,1432,8d71a254b592dafb503ededf04ea170766b55ccfc37b16ae076784d6493f5118,4235110574,24793,2,1,2,0,0,1,0,0,1,0,true,false,1,unique_nonreserved_sink,NumStability.exists_original_solution_and_generated_step_formula_of_quasiSchur_schedule_twoBlockSpectral_local_no_common,B_unique_nonreserved_sink,NumStability.H16_eq16_4_8_exists_original_solution_and_generated_step_formula_of_quasiSchur_schedule_twoBlockSpectral_local_no_common | NumStability.exists_original_solution_and_generated_step_formula_of_quasiSchur_schedule_twoBlockSpectral_local_no_common
045daf28056a6e4358d5de7c22c7a9d7acc2e80e,1124,8de74f359a3754bc802acad4608db458a34fc31dd63927bdb633c413e2059878,3464464450,31527,2,1,2,0,0,1,0,0,1,0,true,false,1,unique_nonreserved_sink,NumStability.sylvester_realQuasiSchur_factors_twoBlockSpectral_block_and_det_ne_zero_of_vecCoeff_left_inverse_finiteOpNorm2Le,B_unique_nonreserved_sink,NumStability.H16_eq16_4_8_sylvester_realQuasiSchur_factors_twoBlockSpectral_block_and_det_ne_zero_of_vecCoeff_left_inverse_finiteOpNorm2Le | NumStability.sylvester_realQuasiSchur_factors_twoBlockSpectral_block_and_det_ne_zero_of_vecCoeff_left_inverse_finiteOpNorm2Le
045daf28056a6e4358d5de7c22c7a9d7acc2e80e,467,8e2dc3d97fd8e6b7a6fbb86449efe7f287c4ae55c4529b1b49d388a8aa623a8c,1935615985,24915,2,1,2,0,0,1,0,0,1,0,true,false,1,unique_nonreserved_sink,NumStability.no_common_real_eigenpair_of_realQuasiSchur_strictBlockMap,B_unique_nonreserved_sink,NumStability.H16_eq16_3_no_common_real_eigenpair_of_realQuasiSchur_strictBlockMap | NumStability.no_common_real_eigenpair_of_realQuasiSchur_strictBlockMap
045daf28056a6e4358d5de7c22c7a9d7acc2e80e,1360,8e4fd6677ceab4e1f1a65d3425cf2b540fa563f6736b412e9d5278810865b66f,4043244156,26178,2,2,2,0,0,1,0,1,1,0,true,false,1,unique_nonreserved_sink,NumStability.sylvesterVecCoeff_det_ne_zero_of_left_inverse_finiteOpNorm2Le,B_unique_nonreserved_sink,NumStability.sylvesterVecCoeff_det_ne_zero_of_left_inverse_finiteOpNorm2Le | NumStability.H16_eq16_2_26_sylvesterVecCoeff_det_ne_zero_of_left_inverse_finiteOpNorm2Le
045daf28056a6e4358d5de7c22c7a9d7acc2e80e,315,8e5f2a90dac5e1092787fd2222434a2aa90f52f23e2c884bf488ccd5bf9bef75,1597192975,23689,2,2,2,0,0,1,0,1,1,0,true,false,1,unique_nonreserved_sink,NumStability.sylvester_practical_error_bound_of_vecCoeff_det_ne_zero_computed_residual_error_model_rect,B_unique_nonreserved_sink,NumStability.sylvester_practical_error_bound_of_vecCoeff_det_ne_zero_computed_residual_error_model_rect | NumStability.H16_eq16_29_sylvester_practical_error_bound_of_vecCoeff_det_ne_zero_computed_residual_error_model_rect
045daf28056a6e4358d5de7c22c7a9d7acc2e80e,877,8e5f473dfd3a94ea7834f10afe1c075395b3f82551b8d9183fef533771bb3aa1,2878495463,24548,2,2,2,0,0,1,0,1,1,0,true,false,1,unique_nonreserved_sink,NumStability.xiSq_le_mu_relative_residual_sq,B_unique_nonreserved_sink,NumStability.xiSq_le_mu_relative_residual_sq | NumStability.H16_eq16_17_19_xiSq_le_mu_relative_residual_sq
045daf28056a6e4358d5de7c22c7a9d7acc2e80e,350,8edb9fb665d9a10450c721ecd31bf06db4140be3a928f2abbca7a370b0392110,1655372987,24030,2,2,2,0,0,1,0,1,1,0,true,false,1,unique_nonreserved_sink,NumStability.sylvesterTwoColumnRealQuasiSchurBlockSeparation_of_twoBlockSpectral_global_vecCoeff_det_ne_zero,B_unique_nonreserved_sink,NumStability.sylvesterTwoColumnRealQuasiSchurBlockSeparation_of_twoBlockSpectral_global_vecCoeff_det_ne_zero | NumStability.H16_eq16_4_8_sylvesterTwoColumnRealQuasiSchurBlockSeparation_of_twoBlockSpectral_global_vecCoeff_det_ne_zero
045daf28056a6e4358d5de7c22c7a9d7acc2e80e,1695,8f221f361354b821529472ac5554d10920e7329083231996f6f11a74d46e754a,968348361,26159,2,2,2,0,0,1,0,1,1,0,true,false,1,unique_nonreserved_sink,NumStability.lyapunov_first_order_bound_diagonal_of_vecCoeff_entrywise_abs_ge,B_unique_nonreserved_sink,NumStability.lyapunov_first_order_bound_diagonal_of_vecCoeff_entrywise_abs_ge | NumStability.H16_eq16_27_lyapunov_first_order_bound_diagonal_of_vecCoeff_entrywise_abs_ge
045daf28056a6e4358d5de7c22c7a9d7acc2e80e,728,8f27186f822e12de7cfedb8ad634a0c4833099e05fd790d1ff1c47c8141d648e,2499398374,16270,2,1,2,0,0,1,0,0,1,0,true,false,1,unique_nonreserved_sink,NumStability.higham9_15_normwise_source_bound_of_factorization_init_min_factor_bound_opNorm_of_matrix_inverse_identities_exact_opNorm2,B_unique_nonreserved_sink,NumStability.higham9_15_normwise_source_bound_of_factorization_G_init_min_factor_bound_opNorm_of_matrix_inverse_identities_exact_opNorm2 | NumStability.higham9_15_normwise_source_bound_of_factorization_init_min_factor_bound_opNorm_of_matrix_inverse_identities_exact_opNorm2
045daf28056a6e4358d5de7c22c7a9d7acc2e80e,1558,8f4325a4cdc468128bc1573ee207b195920c338b89216c3bd16eba5ab5be4889,649620523,46737,2,1,2,0,0,0,0,1,2,0,true,false,1,unique_nonreserved_sink,NumStability.Ch14Ext.ch14ext_method2Inv_upper,B_unique_nonreserved_sink,NumStability.Ch14Ext.ch14ext_method2Inv_upper | NumStability.Ch14Ext.ch14ext_method2Inv_upper_zero
045daf28056a6e4358d5de7c22c7a9d7acc2e80e,716,9004912415628efc76ebfbefbcead80b4367959dac649db95cee4c48d6bc84dc,2467902263,26966,2,2,2,0,0,1,0,1,1,0,true,false,1,unique_nonreserved_sink,NumStability.Wave15.sylvesterQuasiSchurBackSubCoeff_below_markedBlock_zero,B_unique_nonreserved_sink,NumStability.Wave15.sylvesterQuasiSchurBackSubCoeff_below_markedBlock_zero | NumStability.Wave15.H16_eq16_6_quasi_sylvesterQuasiSchurBackSubCoeff_below_markedBlock_zero
045daf28056a6e4358d5de7c22c7a9d7acc2e80e,1163,90294224312f4f2bbbaa41bfffa6165225d09dc9bc99942ec5e0c1d828495056,3533737751,59505,2,2,2,0,0,1,0,1,2,0,true,false,1,unique_nonreserved_sink,NumStability.FloatingPointFormat.finiteRoundToEvenOp_mul_comm,B_unique_nonreserved_sink,NumStability.FloatingPointFormat.finiteRoundToEvenOp_mul_comm | NumStability.FloatingPointFormat.problem2_7_statement1_mul_comm
045daf28056a6e4358d5de7c22c7a9d7acc2e80e,955,90525de358d6b9ca8776bf049ef1e3128adfb0443d0dfe40bc9348ddde36ae7e,3057683528,30772,2,1,2,0,0,1,0,0,2,0,true,false,1,unique_nonreserved_sink,NumStability.fl_kahanSum_forward_error_bound_correctedReturnedMajorant,B_unique_nonreserved_sink,NumStability.fl_kahanSum_forward_error_bound_correctedReturnedMajorant | NumStability.highamCh4_equation49_modelStrengthCorrection_bareFPModel
045daf28056a6e4358d5de7c22c7a9d7acc2e80e,1043,9084fe80c603e5d029cb13e1fd1e8b94a35300817328e10b8aecb3420876b03f,3289956786,26512,2,2,2,0,0,1,0,1,1,0,true,false,1,unique_nonreserved_sink,NumStability.lyapunov_practical_error_bound_of_vecCoeff_sigmaMin_computed_residual_error_model,B_unique_nonreserved_sink,NumStability.lyapunov_practical_error_bound_of_vecCoeff_sigmaMin_computed_residual_error_model | NumStability.H16_eq16_29_lyapunov_practical_error_bound_of_vecCoeff_sigmaMin_computed_residual_error_model
045daf28056a6e4358d5de7c22c7a9d7acc2e80e,1436,9095d3a74af155568d88673472a26b412816eef5c7c3dd2a77617ecee451732c,4240074541,14852,2,1,2,0,0,0,0,1,2,0,true,false,1,unique_nonreserved_sink,NumStability.higham9_11_bohteBound_pentadiagonal_formula,B_unique_nonreserved_sink,NumStability.higham9_11_bohteBound_bandwidth_two_formula | NumStability.higham9_11_bohteBound_pentadiagonal_formula
045daf28056a6e4358d5de7c22c7a9d7acc2e80e,1129,9123070b96359f1203e43ed64113717495e3fbbd25ab7605a3c296648d3f52b7,3478293959,26125,2,2,2,0,0,1,0,1,1,0,true,false,1,unique_nonreserved_sink,NumStability.sylvester_relative_aposteriori_bound_of_sigmaMin,B_unique_nonreserved_sink,NumStability.sylvester_relative_aposteriori_bound_of_sigmaMin | NumStability.H16_eq16_28_sylvester_relative_aposteriori_bound_of_sigmaMin
045daf28056a6e4358d5de7c22c7a9d7acc2e80e,760,917c39347e5eb703ff962427545f8de31dbcdd539b791b820c9d136c884ed37b,2574130911,26500,2,2,2,0,0,1,0,1,1,0,true,false,1,unique_nonreserved_sink,NumStability.lyapunov_practical_error_bound_of_pos_le_sylvesterSepInf_computed_residual_budget,B_unique_nonreserved_sink,NumStability.lyapunov_practical_error_bound_of_pos_le_sylvesterSepInf_computed_residual_budget | NumStability.H16_eq16_29_lyapunov_practical_error_bound_of_pos_le_sylvesterSepInf_computed_residual_budget
045daf28056a6e4358d5de7c22c7a9d7acc2e80e,1065,91ab55647344615fb37af3786fe8c6e5af8b3837dfe63ab9c66cb09bcbfac5ff,3351477131,19148,2,1,2,0,0,1,0,0,2,0,true,false,1,unique_nonreserved_sink,NumStability.higham11_4_bunch_kaufman_stability_of_first_stage_recursive_higham_const_row_entry_exact_budgets,B_unique_nonreserved_sink,NumStability.higham11_4_bunch_kaufman_stability_interface_of_first_stage_recursive_higham_const_row_entry_exact_budgets | NumStability.higham11_4_bunch_kaufman_stability_of_first_stage_recursive_higham_const_row_entry_exact_budgets
045daf28056a6e4358d5de7c22c7a9d7acc2e80e,1209,91ebfb00dc81a756d2ca3c850c524778e89b1cdbeebf9a15da5289c9c4da6777,3647781954,7773,2,2,2,0,0,1,0,1,2,0,true,false,1,unique_nonreserved_sink,NumStability.opNorm2Le_finiteDiagonal_csSine,B_unique_nonreserved_sink,NumStability.opNorm2Le_finiteDiagonal_csSine | H19.Theorem19_13.problem1912_opNorm2Le_finiteDiagonal_csSine
045daf28056a6e4358d5de7c22c7a9d7acc2e80e,1253,91f24cbe8497c6588fde43e670d99feeda8a5e713c9cf80176449fe3a110640b,3756458116,24355,2,2,2,0,0,1,0,1,1,0,true,false,1,unique_nonreserved_sink,NumStability.Wave15.sylvesterQuasiPairing_isQuasiBlockPairing,B_unique_nonreserved_sink,NumStability.Wave15.sylvesterQuasiPairing_isQuasiBlockPairing | NumStability.Wave15.H16_eq16_6_quasi_sylvesterQuasiPairing_isQuasiBlockPairing
045daf28056a6e4358d5de7c22c7a9d7acc2e80e,917,923023e857a47ffff6b620f649d79ff29c9a62bedb51cd165f50b98dcd341c60,2968999339,24284,2,2,2,0,0,1,0,1,1,0,true,false,1,unique_nonreserved_sink,NumStability.exists_isSylvesterQuasiSchurGeneratedStepFormula_of_frontier_schedule,B_unique_nonreserved_sink,NumStability.exists_isSylvesterQuasiSchurGeneratedStepFormula_of_frontier_schedule | NumStability.H16_eq16_4_8_exists_isSylvesterQuasiSchurGeneratedStepFormula_of_frontier_schedule
045daf28056a6e4358d5de7c22c7a9d7acc2e80e,161,923b2ce3b89d96d7d2a50da2797937630c030a5f31dda5ba7b120b9eb7861803,1197293837,8206,2,2,2,0,0,1,0,1,2,0,true,false,1,unique_nonreserved_sink,NumStability.fl_givensCoeffError_conservative,B_unique_nonreserved_sink,NumStability.fl_givensCoeffError_conservative | NumStability.H19_Lemma19_7_givens_coeff_error
045daf28056a6e4358d5de7c22c7a9d7acc2e80e,1476,925b86f20789442ba50abc9195398bedc148f565e42c4e94626253a0f67e2dc6,461309861,15913,2,1,2,0,0,1,0,0,1,0,true,false,1,unique_nonreserved_sink,NumStability.higham9_15_normwise_source_bound_of_factorization_linear_step_opNorm_of_matrix_inverse_identities_product_lt,B_unique_nonreserved_sink,NumStability.higham9_15_normwise_source_bound_of_factorization_G_linear_step_opNorm_of_matrix_inverse_identities_product_lt | NumStability.higham9_15_normwise_source_bound_of_factorization_linear_step_opNorm_of_matrix_inverse_identities_product_lt
045daf28056a6e4358d5de7c22c7a9d7acc2e80e,1152,9278cbaa72a4a141454965e934dcd2483e9b930182c1ae9a8aa90186657c8f81,3524324066,15826,2,1,2,0,0,1,0,0,1,0,true,false,1,unique_nonreserved_sink,NumStability.higham9_15_normwise_source_bound_of_factorization_init_min_factor_bound_opNorm_of_matrix_inverse_identities_product_lt_one_residual,B_unique_nonreserved_sink,NumStability.higham9_15_normwise_source_bound_of_factorization_G_init_min_factor_bound_opNorm_of_matrix_inverse_identities_product_lt_one_residual | NumStability.higham9_15_normwise_source_bound_of_factorization_init_min_factor_bound_opNorm_of_matrix_inverse_identities_product_lt_one_residual
045daf28056a6e4358d5de7c22c7a9d7acc2e80e,1060,92990a6df6b5f1940807cff596f3647a5494d2e08d4d894da580a61aae1304e2,3342434059,41364,2,1,2,0,0,1,0,0,2,0,true,false,1,unique_nonreserved_sink,NumStability.Higham11BunchSharpBlockCertificate.higham11_1_bunchSharpGrowth_n_one_source_discrepancy,B_unique_nonreserved_sink,NumStability.Higham11BunchSharpBlockCertificate.higham11_1_bunchSharpGrowth_n_one_source_discrepancy | NumStability.higham11_1_bunchSharpGrowth_n_one_source_discrepancy
045daf28056a6e4358d5de7c22c7a9d7acc2e80e,1189,929f1e45b0b4ceb85bd3ee631f2af54a9c1222859150e07f62f2e9c70bddd311,3599380404,26208,2,2,2,0,0,1,0,1,1,0,true,false,1,unique_nonreserved_sink,NumStability.lyapunov_aposteriori_bound_of_vecCoeff_sigmaMin,B_unique_nonreserved_sink,NumStability.lyapunov_aposteriori_bound_of_vecCoeff_sigmaMin | NumStability.H16_eq16_28_lyapunov_aposteriori_bound_of_vecCoeff_sigmaMin
045daf28056a6e4358d5de7c22c7a9d7acc2e80e,944,92dd111acf759cbf282352c50c496560fa347ca75f059344f223caae1e95126d,3032063298,59501,2,2,2,0,0,1,0,1,2,0,true,false,1,unique_nonreserved_sink,NumStability.FloatingPointFormat.finiteRoundToEvenOp_add_comm,B_unique_nonreserved_sink,NumStability.FloatingPointFormat.finiteRoundToEvenOp_add_comm | NumStability.FloatingPointFormat.problem2_7_statement1_add_comm
045daf28056a6e4358d5de7c22c7a9d7acc2e80e,313,92dd32b81cde090cd78534c412a8b42bcde99b1f974251c3770678fc9e2be7a0,1595318256,13752,2,2,2,0,0,1,0,1,2,0,true,false,1,unique_nonreserved_sink,NumStability.tridiag_exact_inv_abs,B_unique_nonreserved_sink,NumStability.tridiag_exact_inv_abs | NumStability.Ch15.H15_Theorem15_7
045daf28056a6e4358d5de7c22c7a9d7acc2e80e,146,9345ad1c12d11b6ee4292f88e6b5ee057a9a93b7c2043ff801e80439d62a4f92,1170739473,24503,2,2,2,0,0,1,0,1,1,0,true,false,1,unique_nonreserved_sink,NumStability.svdOptimalPerturbations_cost_eq_xiSq,B_unique_nonreserved_sink,NumStability.svdOptimalPerturbations_cost_eq_xiSq | NumStability.H16_eq16_15_svdOptimalPerturbations_cost_eq_xiSq
045daf28056a6e4358d5de7c22c7a9d7acc2e80e,1131,936bcc4ae8572d362f8cc80b18473784cc3e3e20ecabe96d4873178fc691922e,3483014827,31573,2,1,2,0,0,1,0,0,1,0,true,false,1,unique_nonreserved_sink,NumStability.existsUnique_isSylvesterSolutionRect_and_HessenbergGEPPUTrace_growth_of_realSchur_upperHessenberg_triangular_sepLowerBound,B_unique_nonreserved_sink,NumStability.H16_eq16_4_8_existsUnique_isSylvesterSolutionRect_and_HessenbergGEPPUTrace_growth_of_realSchur_upperHessenberg_triangular_sepLowerBound | NumStability.existsUnique_isSylvesterSolutionRect_and_HessenbergGEPPUTrace_growth_of_realSchur_upperHessenberg_triangular_sepLowerBound
045daf28056a6e4358d5de7c22c7a9d7acc2e80e,383,937fef788af668e3eb113f53a4380d880ea1e5772016c8e92db5a029ca15cd0d,1723277353,19055,2,1,2,0,0,1,0,0,2,0,true,false,1,unique_nonreserved_sink,NumStability.higham11_4_bunch_kaufman_solve_backward_error_of_path_offbranch_D_entries_zero_local_D_single_nonzero_L_rows_maxEntryNorm_A_product,B_unique_nonreserved_sink,NumStability.higham11_4_bunch_kaufman_solve_backward_error_interface_of_path_offbranch_D_entries_zero_local_D_single_nonzero_L_rows_maxEntryNorm_A_product | NumStability.higham11_4_bunch_kaufman_solve_backward_error_of_path_offbranch_D_entries_zero_local_D_single_nonzero_L_rows_maxEntryNorm_A_product
045daf28056a6e4358d5de7c22c7a9d7acc2e80e,1355,93835280ccd090579ee6ed8b5ed59321a161aec9b14e5deb217657def1afdb66,4024277343,42793,2,2,2,0,0,1,0,1,2,0,true,false,1,unique_nonreserved_sink,NumStability.eq_11_18,B_unique_nonreserved_sink,NumStability.eq_11_18 | NumStability.higham12_20_correction_via_resolver
045daf28056a6e4358d5de7c22c7a9d7acc2e80e,1392,93bf6b867d3daf56aa0550015d2fe4e7f7f004c74cef56952dc8c95f0dc491d1,4132457921,23704,2,2,2,0,0,1,0,1,1,0,true,false,1,unique_nonreserved_sink,NumStability.sylvester_practical_error_bound_of_diagonal_computed_residual_certificate,B_unique_nonreserved_sink,NumStability.sylvester_practical_error_bound_of_diagonal_computed_residual_certificate | NumStability.H16_eq16_29_sylvester_practical_error_bound_of_diagonal_computed_residual_certificate
045daf28056a6e4358d5de7c22c7a9d7acc2e80e,1252,93f15517dbefb6bd213e375bfd1ffd920164de78e5cdaaaaedeec9ef4c9b0738,3747868630,31812,2,1,2,0,0,1,0,0,1,0,true,false,1,unique_nonreserved_sink,NumStability.NormEstimator.sylvester_practical_error_bound_with_norm1_estimator,B_unique_nonreserved_sink,NumStability.NormEstimator.H16_eq16_29_sylvester_practical_error_bound_with_norm1_estimator | NumStability.NormEstimator.sylvester_practical_error_bound_with_norm1_estimator
045daf28056a6e4358d5de7c22c7a9d7acc2e80e,189,941df3c59e8764298edff4780729eb1f13b87b728bf99e2269d12df73b6ed937,126428807,24796,2,1,2,0,0,1,0,0,1,0,true,false,1,unique_nonreserved_sink,NumStability.sylvesterVecCoeff_realQuasiSchur_strictBlockMap_eq_nonsingInv_mulVec_of_mulVec_eq,B_unique_nonreserved_sink,NumStability.H16_eq16_2_6_sylvesterVecCoeff_realQuasiSchur_strictBlockMap_eq_nonsingInv_mulVec_of_mulVec_eq | NumStability.sylvesterVecCoeff_realQuasiSchur_strictBlockMap_eq_nonsingInv_mulVec_of_mulVec_eq
045daf28056a6e4358d5de7c22c7a9d7acc2e80e,1437,94346ed41344a045c16fdb02cbf530b3209ff2661243324b7f1bc1fc632f346f,4244680992,15148,2,1,2,0,0,1,0,0,2,0,true,false,1,unique_nonreserved_sink,NumStability.higham9_14_source_h_bound_of_LUBackwardError_fl_triangular_solves_gamma,B_unique_nonreserved_sink,NumStability.higham9_14_source_h_bound_of_LUBackwardError_fl_triangular_solves_absLU_le_absA_gamma | NumStability.higham9_14_source_h_bound_of_LUBackwardError_fl_triangular_solves_gamma
045daf28056a6e4358d5de7c22c7a9d7acc2e80e,722,9456ea7f262cb26d132b9d257301bafb0cdb7dba2d8ea02dafd257d1780f1df9,2481674387,23849,2,2,2,0,0,1,0,1,2,0,true,false,1,unique_nonreserved_sink,NumStability.no_real_left_eigenpair_difference_of_sylvesterVecCoeff_shifted_det_ne_zero,B_unique_nonreserved_sink,NumStability.no_real_left_eigenpair_difference_of_sylvesterVecCoeff_shifted_det_ne_zero | NumStability.H16_eq16_3_no_real_left_eigenpair_difference_of_shifted_det_ne_zero
045daf28056a6e4358d5de7c22c7a9d7acc2e80e,1394,9461af442a0dcd1680e3322239f86d6b6d9ed8e4ee69af9cff52a21267f87194,413550084,24789,2,1,2,0,0,1,0,0,1,0,true,false,1,unique_nonreserved_sink,NumStability.exists_isSylvesterSolutionRect_and_generatedStepFormula_of_quasiSchur_schedule_twoBlockSpectral_local_no_common,B_unique_nonreserved_sink,NumStability.H16_eq16_4_8_exists_isSylvesterSolutionRect_and_generatedStepFormula_of_quasiSchur_schedule_twoBlockSpectral_local_no_common | NumStability.exists_isSylvesterSolutionRect_and_generatedStepFormula_of_quasiSchur_schedule_twoBlockSpectral_local_no_common
045daf28056a6e4358d5de7c22c7a9d7acc2e80e,1652,9574a65cacb953a1a965e08e83f90e5a819830a1588d85adfbc84a7b6d42e753,880324309,26546,2,2,2,0,0,1,0,1,1,0,true,false,1,unique_nonreserved_sink,NumStability.lyapunov_practical_error_bound_of_vecCoeff_gram_eigenvalues_computed_residual_budget_mono_scalar,B_unique_nonreserved_sink,NumStability.lyapunov_practical_error_bound_of_vecCoeff_gram_eigenvalues_computed_residual_budget_mono_scalar | NumStability.H16_eq16_29_lyapunov_practical_error_bound_of_vecCoeff_gram_eigenvalues_computed_residual_budget_mono_scalar
045daf28056a6e4358d5de7c22c7a9d7acc2e80e,1585,962c6237c948db19a4389edaf51ec582e93f3808c5a6decdec0919efdec964b2,716297045,24337,2,2,2,0,0,1,0,1,1,0,true,false,1,unique_nonreserved_sink,NumStability.Wave14.sylvesterVecCoeff_triangular_backSub_backward_error,B_unique_nonreserved_sink,NumStability.Wave14.sylvesterVecCoeff_triangular_backSub_backward_error | NumStability.Wave14.H16_eq16_7_sylvesterVecCoeff_triangular_backSub_backward_error
045daf28056a6e4358d5de7c22c7a9d7acc2e80e,1309,9651bd3061b425fc1f0590b2e530c8d8188b22a1a8b5a00501772ed8be2d3897,3897899617,31691,2,1,2,0,0,1,0,0,1,0,true,false,1,unique_nonreserved_sink,NumStability.sylvester_practical_error_bound_fl_of_vecCoeff_sigmaMin,B_unique_nonreserved_sink,NumStability.H16_eq16_29_sylvester_practical_error_bound_fl_of_vecCoeff_sigmaMin | NumStability.sylvester_practical_error_bound_fl_of_vecCoeff_sigmaMin
045daf28056a6e4358d5de7c22c7a9d7acc2e80e,1140,96bc44eeba20beb7d9e7a5bb9eaf85d624d86b814fcd39f529e0b0a6be0e5c4a,350043450,31661,2,1,2,0,0,1,0,0,1,0,true,false,1,unique_nonreserved_sink,NumStability.sylvester_practical_error_bound_fl_of_vecCoeff_left_inverse_finiteOpNorm2Le,B_unique_nonreserved_sink,NumStability.H16_eq16_29_sylvester_practical_error_bound_fl_of_vecCoeff_left_inverse_finiteOpNorm2Le | NumStability.sylvester_practical_error_bound_fl_of_vecCoeff_left_inverse_finiteOpNorm2Le
045daf28056a6e4358d5de7c22c7a9d7acc2e80e,1478,96cb50fc0958b134e3bd1dd0892eab97c99672ae58a8e07c87a9061e1230b700,463790609,26445,2,2,2,0,0,1,0,1,1,0,true,false,1,unique_nonreserved_sink,NumStability.lyapunov_practical_error_bound_of_sepLowerBound_computed_residual_error_model_scalar,B_unique_nonreserved_sink,NumStability.lyapunov_practical_error_bound_of_sepLowerBound_computed_residual_error_model_scalar | NumStability.H16_eq16_29_lyapunov_practical_error_bound_of_sepLowerBound_computed_residual_error_model_scalar
045daf28056a6e4358d5de7c22c7a9d7acc2e80e,1263,96d7962be0485bfc9b2c0f464cc15bd309cccd57b8de0d8ffe3f8889245ff65d,3773789604,24147,2,2,2,0,0,1,0,1,1,0,true,false,1,unique_nonreserved_sink,NumStability.exists_isSylvesterColumnFamilyGeneratedPrefix_of_frontier_schedule,B_unique_nonreserved_sink,NumStability.exists_isSylvesterColumnFamilyGeneratedPrefix_of_frontier_schedule | NumStability.H16_eq16_4_8_exists_isSylvesterColumnFamilyGeneratedPrefix_of_frontier_schedule
045daf28056a6e4358d5de7c22c7a9d7acc2e80e,1009,96de0bcfd117d82cf4b9fdf0f68f15019a412eb7bc1e9c1d8d5a0cc7c85f7016,319691576,24874,2,1,2,0,0,1,0,0,1,0,true,false,1,unique_nonreserved_sink,NumStability.sylvesterVecCoeff_schurTriangular_det_ne_zero,B_unique_nonreserved_sink,NumStability.H16_eq16_3_sylvesterVecCoeff_schurTriangular_det_ne_zero | NumStability.sylvesterVecCoeff_schurTriangular_det_ne_zero
045daf28056a6e4358d5de7c22c7a9d7acc2e80e,713,97020352427d02b922212280f826293bfac22d5924c5038c97bd5d88e3f769e5,246617802,15058,2,1,2,0,0,1,0,0,2,0,true,false,1,unique_nonreserved_sink,NumStability.higham9_14_matrix_source_h_bound_of_DoolittleDenseLoopCertificate_fl_triangular_solves_gamma,B_unique_nonreserved_sink,NumStability.higham9_14_matrix_source_h_bound_of_DoolittleDenseLoopCertificate_fl_triangular_solves_absLU_le_absA_gamma | NumStability.higham9_14_matrix_source_h_bound_of_DoolittleDenseLoopCertificate_fl_triangular_solves_gamma
045daf28056a6e4358d5de7c22c7a9d7acc2e80e,163,97078ec9ae5d9f871f9bf832da2d8e7b65cd48b2e56a08dd287472ba0d2fd3a2,1200076385,18944,2,1,2,0,0,1,0,0,2,0,true,false,1,unique_nonreserved_sink,NumStability.higham11_4_bunch_kaufman_solve_backward_error_of_first_stage_recursive_higham_const_uniform_row_sum_exact_budgets_maxEntryNorm,B_unique_nonreserved_sink,NumStability.higham11_4_bunch_kaufman_solve_backward_error_interface_of_first_stage_recursive_higham_const_uniform_row_sum_exact_budgets_maxEntryNorm | NumStability.higham11_4_bunch_kaufman_solve_backward_error_of_first_stage_recursive_higham_const_uniform_row_sum_exact_budgets_maxEntryNorm
045daf28056a6e4358d5de7c22c7a9d7acc2e80e,730,972541f525e9c45b584b1f19b67bdbf4590c788d886a88e8d74376b7ab38f8d7,2502534705,26909,2,2,2,0,0,1,0,1,1,0,true,false,1,unique_nonreserved_sink,NumStability.Wave16.sylvesterQQBlockSubCoeff_eq_diagBlock,B_unique_nonreserved_sink,NumStability.Wave16.sylvesterQQBlockSubCoeff_eq_diagBlock | NumStability.Wave16.H16_eq16_6_quasiquasi_sylvesterQQBlockSubCoeff_eq_diagBlock
045daf28056a6e4358d5de7c22c7a9d7acc2e80e,57,974a28742a0ad69ecfada13a09b969821a1c6ab6667461a62ac7b5421276ec97,2544038560,31484,3,1,3,0,0,1,0,0,2,0,true,false,2,unique_nonreserved_sink,NumStability.H16_eq16_24_structured_condition_of_vecCoeff_left_inverse_finiteOpNorm2Le,B_unique_nonreserved_sink,NumStability.H16_eq16_24_structured_condition_of_vecCoeff_left_inverse_finiteOpNorm2Le | NumStability.H16_eq16_24_sylvester_relative_first_order_bound_of_vecCoeff_left_inverse_finiteOpNorm2Le | NumStability.sylvester_relative_first_order_bound_of_vecCoeff_left_inverse_finiteOpNorm2Le
045daf28056a6e4358d5de7c22c7a9d7acc2e80e,623,975d6a653b7de0f9d8e19a37989eb2d9d8be35e7e2238011dc389f36b682dcc9,2275225050,24870,2,1,2,0,0,1,0,0,1,0,true,false,1,unique_nonreserved_sink,NumStability.sylvester_quasiSchur_blockTraversal_original_solution_eq_of_twoBlockSpectral_local_no_common_generated_frontier_step_oracle,B_unique_nonreserved_sink,NumStability.H16_eq16_4_8_sylvester_quasiSchur_blockTraversal_original_solution_eq_of_twoBlockSpectral_local_no_common_generated_frontier_step_oracle | NumStability.sylvester_quasiSchur_blockTraversal_original_solution_eq_of_twoBlockSpectral_local_no_common_generated_frontier_step_oracle
045daf28056a6e4358d5de7c22c7a9d7acc2e80e,827,97ee4cb7da45656fc9c9b1575d3c426023b36e753d21f34ef76f456e09cd08a5,2752573137,15331,2,1,2,0,0,1,0,1,2,0,true,false,1,unique_nonreserved_sink,NumStability.higham9_14_matrix_source_h_bound_of_LUFactSpec_fl_triangular_solves_gamma_le,B_unique_nonreserved_sink,NumStability.higham9_14_matrix_source_h_bound_of_LUFactSpec_fl_triangular_solves_absLU_le_absA_gamma_le | NumStability.higham9_14_matrix_source_h_bound_of_LUFactSpec_fl_triangular_solves_gamma_le
045daf28056a6e4358d5de7c22c7a9d7acc2e80e,294,9830fa2e4c34076fc1ef98d11eebbbc06e182c8dc1e289773f0bf4e50363625f,1538162928,26490,2,2,2,0,0,1,0,1,1,0,true,false,1,unique_nonreserved_sink,NumStability.sylvester_practical_error_bound_of_vecCoeff_left_inverse_finiteOpNorm2Le_computed_residual_budget_mono_scalar,B_unique_nonreserved_sink,NumStability.sylvester_practical_error_bound_of_vecCoeff_left_inverse_finiteOpNorm2Le_computed_residual_budget_mono_scalar | NumStability.H16_eq16_29_sylvester_practical_error_bound_of_vecCoeff_left_inverse_finiteOpNorm2Le_computed_residual_budget_mono_scalar
045daf28056a6e4358d5de7c22c7a9d7acc2e80e,1597,98a68dc79a21f55614c7a7a928ae209a3d485a29332b7de7ac9e47c7c71e5c80,737942279,24743,2,1,2,0,0,1,0,0,1,0,true,false,1,unique_nonreserved_sink,NumStability.sylvester_practical_error_bound_of_pos_le_sylvesterSepInf_computed_residual_error_model_mono,B_unique_nonreserved_sink,NumStability.H16_eq16_29_sylvester_practical_error_bound_of_pos_le_sylvesterSepInf_computed_residual_error_model_mono | NumStability.sylvester_practical_error_bound_of_pos_le_sylvesterSepInf_computed_residual_error_model_mono
045daf28056a6e4358d5de7c22c7a9d7acc2e80e,1451,98a9c7f453b184ca807b47a9b3c2edc5001d23362fb960414c23e1da7509bfc0,42749313,26991,2,2,2,0,0,0,0,1,2,0,true,false,1,unique_nonreserved_sink,NumStability.methodD_left_residual,B_unique_nonreserved_sink,NumStability.methodD_left_residual | NumStability.higham14_eq14_23_methodD_left_residual_bound
045daf28056a6e4358d5de7c22c7a9d7acc2e80e,218,98e6927eed88e3098a1005ef29c2e8763526c03de668aaef6cc3afac87dc01d3,1355312135,26537,2,2,2,0,0,1,0,1,1,0,true,false,1,unique_nonreserved_sink,NumStability.lyapunov_practical_error_bound_of_pos_le_sylvesterSepInf_computed_residual_certificate_mono,B_unique_nonreserved_sink,NumStability.lyapunov_practical_error_bound_of_pos_le_sylvesterSepInf_computed_residual_certificate_mono | NumStability.H16_eq16_29_lyapunov_practical_error_bound_of_pos_le_sylvesterSepInf_computed_residual_certificate_mono
045daf28056a6e4358d5de7c22c7a9d7acc2e80e,600,98ed140cc1a9c979e9b811209feaaac503839915b561e869faf7c7770ac32ce2,2253139501,24907,2,1,2,0,0,1,0,0,1,0,true,false,1,unique_nonreserved_sink,NumStability.existsUnique_isSylvesterSolutionRect_of_quasiSchur_twoBlockSpectral_no_common_neighbor_frontier_step_oracle,B_unique_nonreserved_sink,NumStability.H16_eq16_4_8_existsUnique_isSylvesterSolutionRect_of_quasiSchur_twoBlockSpectral_no_common_neighbor_frontier_step_oracle | NumStability.existsUnique_isSylvesterSolutionRect_of_quasiSchur_twoBlockSpectral_no_common_neighbor_frontier_step_oracle
045daf28056a6e4358d5de7c22c7a9d7acc2e80e,1082,9926510e118d1fc60b5b5b00374b83a30df2c6f305382ebe360b33f163681153,3375653409,26543,2,2,2,0,0,1,0,1,1,0,true,false,1,unique_nonreserved_sink,NumStability.lyapunov_practical_error_bound_of_pos_le_sylvesterSepInf_computed_residual_budget_scalar,B_unique_nonreserved_sink,NumStability.lyapunov_practical_error_bound_of_pos_le_sylvesterSepInf_computed_residual_budget_scalar | NumStability.H16_eq16_29_lyapunov_practical_error_bound_of_pos_le_sylvesterSepInf_computed_residual_budget_scalar
045daf28056a6e4358d5de7c22c7a9d7acc2e80e,988,992d10070b157984216e0685a55ed17980a7e85bd2318bd62c10ce2ddb19d112,3147658076,16092,2,1,2,0,0,1,0,0,1,0,true,false,1,unique_nonreserved_sink,NumStability.higham9_15_normwise_source_bound_of_factorization_init_min_factor_bound_opNorm,B_unique_nonreserved_sink,NumStability.higham9_15_normwise_source_bound_of_factorization_G_init_min_factor_bound_opNorm | NumStability.higham9_15_normwise_source_bound_of_factorization_init_min_factor_bound_opNorm
045daf28056a6e4358d5de7c22c7a9d7acc2e80e,723,994f2c16d8dabdb55721f78c32e7416a488198f1f4d44c79bbcd961ace02890c,2482407597,31597,2,1,2,0,0,1,0,0,1,0,true,false,1,unique_nonreserved_sink,NumStability.lyapunov_practical_error_bound_fl_of_vecCoeff_left_inverse_finiteOpNorm2Le,B_unique_nonreserved_sink,NumStability.H16_eq16_29_lyapunov_practical_error_bound_fl_of_vecCoeff_left_inverse_finiteOpNorm2Le | NumStability.lyapunov_practical_error_bound_fl_of_vecCoeff_left_inverse_finiteOpNorm2Le
045daf28056a6e4358d5de7c22c7a9d7acc2e80e,1450,995b4707605d6eb1f299aed628209b1f87a58713f42b04616c020eac2b6dbd68,4269330450,26233,2,2,2,0,0,1,0,1,2,0,true,false,1,unique_nonreserved_sink,NumStability.sylvester_relative_perturbation_of_vecCoeff_gram_eigenvalues_total,B_unique_nonreserved_sink,NumStability.sylvester_relative_perturbation_of_vecCoeff_gram_eigenvalues_total | NumStability.H16_eq16_25_sylvester_relative_perturbation_of_vecCoeff_gram_eigenvalues_total
045daf28056a6e4358d5de7c22c7a9d7acc2e80e,1264,99842c421a69766cb9d5e8361aba9a10034fe8af86ee4a6fe992a9f1e88e47bc,3776864217,18503,2,2,2,0,0,1,0,1,2,0,true,false,1,unique_nonreserved_sink,NumStability.fl_blockLDLT_pivot_row_bound,B_unique_nonreserved_sink,NumStability.fl_blockLDLT_pivot_row_bound | NumStability.higham11_3_fl_blockLDLT_pivot_row_bound
045daf28056a6e4358d5de7c22c7a9d7acc2e80e,895,99a41322f88576309d1f7b123a79c5b6385a1a7b0ecaa26b0b09571b0e69b31d,2918416716,26119,2,2,2,0,0,1,0,1,2,0,true,false,1,unique_nonreserved_sink,NumStability.sylvester_perturbation_bound_of_sigmaMin_total,B_unique_nonreserved_sink,NumStability.sylvester_perturbation_bound_of_sigmaMin_total | NumStability.H16_eq16_25_sylvester_perturbation_bound_of_sigmaMin_total
045daf28056a6e4358d5de7c22c7a9d7acc2e80e,258,99bf7862d353b57715a715600d4164eb10ec6eabe2c73204666c22c49d4e03b7,1418966899,18974,2,1,2,0,0,1,0,0,2,0,true,false,1,unique_nonreserved_sink,NumStability.higham11_4_bunch_kaufman_stability_of_first_stage_recursive_higham_const_split_L_entry_regional_D_exact_budgets,B_unique_nonreserved_sink,NumStability.higham11_4_bunch_kaufman_stability_interface_of_first_stage_recursive_higham_const_split_L_entry_regional_D_exact_budgets | NumStability.higham11_4_bunch_kaufman_stability_of_first_stage_recursive_higham_const_split_L_entry_regional_D_exact_budgets
045daf28056a6e4358d5de7c22c7a9d7acc2e80e,219,99ebea6d82dcf2023450be4753f64601bf436bc617d0c353de1af870672bb2ae,1355426924,31642,2,1,2,0,0,1,0,0,1,0,true,false,1,unique_nonreserved_sink,NumStability.lyapunov_practical_error_bound_fl_of_vecCoeff_det_ne_zero_mono_scalar,B_unique_nonreserved_sink,NumStability.H16_eq16_29_lyapunov_practical_error_bound_fl_of_vecCoeff_det_ne_zero_mono_scalar | NumStability.lyapunov_practical_error_bound_fl_of_vecCoeff_det_ne_zero_mono_scalar
045daf28056a6e4358d5de7c22c7a9d7acc2e80e,1397,99f9d1f9af630fcc49219f5aee9d7a0c0c764920a05534c7be09ff2bcb076e16,4144424639,7822,2,2,2,0,0,1,0,1,2,0,true,false,1,unique_nonreserved_sink,NumStability.mgsProblem1912_csDiagonal_square_sum,B_unique_nonreserved_sink,NumStability.mgsProblem1912_csDiagonal_square_sum | H19.Theorem19_13.problem1912_csDiagonal_square_sum
045daf28056a6e4358d5de7c22c7a9d7acc2e80e,123,9aa4f4f5a70a6af6a3b493193c83b28b80972fb2c6bf302fe14deea8a643a18c,1114024312,13575,2,2,2,0,0,0,0,1,2,0,true,false,1,unique_nonreserved_sink,NumStability.mmatrix_lu_optimal_growth,B_unique_nonreserved_sink,NumStability.mmatrix_lu_optimal_growth | NumStability.higham9_12_mmatrix_lu_optimal_growth
045daf28056a6e4358d5de7c22c7a9d7acc2e80e,1351,9af54e4b18c2caddc4a45c5d88eff6c293f2fe42874f80b67b2b92e1c1371db2,4016186587,16200,2,1,2,0,0,1,0,0,1,0,true,false,1,unique_nonreserved_sink,NumStability.higham9_15_normwise_source_bound_of_factorization_init_min_factor_bound_opNorm_exact_opNorm2_one_residual,B_unique_nonreserved_sink,NumStability.higham9_15_normwise_source_bound_of_factorization_G_init_min_factor_bound_opNorm_exact_opNorm2_one_residual | NumStability.higham9_15_normwise_source_bound_of_factorization_init_min_factor_bound_opNorm_exact_opNorm2_one_residual
045daf28056a6e4358d5de7c22c7a9d7acc2e80e,1217,9af7e62115c31d126470d991a146c3c87f74788ecd353b3844ec7eab02982a50,3658363086,26354,2,2,2,0,0,1,0,1,1,0,true,false,1,unique_nonreserved_sink,NumStability.sylvesterVecCoeff_lyapunovSpecial_eq_nonsingInv_mulVec_of_mulVec_eq_of_sepLowerBound,B_unique_nonreserved_sink,NumStability.sylvesterVecCoeff_lyapunovSpecial_eq_nonsingInv_mulVec_of_mulVec_eq_of_sepLowerBound | NumStability.H16_eq16_2_27_sylvesterVecCoeff_lyapunovSpecial_eq_nonsingInv_mulVec_of_mulVec_eq_of_sepLowerBound
045daf28056a6e4358d5de7c22c7a9d7acc2e80e,674,9b164c5bc2847ee912673182f936a8c3a048577ff247492a1f53f7b9d30f75b3,2392709996,15253,2,1,2,0,0,0,0,0,2,0,true,false,1,unique_nonreserved_sink,NumStability.higham9_14_matrix_source_h_bound_of_rectRoundedLoop_square_fl_triangular_solves_gamma_le,B_unique_nonreserved_sink,NumStability.higham9_14_matrix_source_h_bound_of_rectRoundedLoop_square_fl_triangular_solves_absLU_le_absA_gamma_le | NumStability.higham9_14_matrix_source_h_bound_of_rectRoundedLoop_square_fl_triangular_solves_gamma_le
045daf28056a6e4358d5de7c22c7a9d7acc2e80e,596,9b57c5d2301b6f0396218ee744303e8cfbd876f8eac435e6bad176a0e2991571,2250542955,26509,2,2,2,0,0,1,0,1,1,0,true,false,1,unique_nonreserved_sink,NumStability.lyapunov_practical_error_bound_of_vecCoeff_det_ne_zero_computed_residual_budget_mono_scalar,B_unique_nonreserved_sink,NumStability.lyapunov_practical_error_bound_of_vecCoeff_det_ne_zero_computed_residual_budget_mono_scalar | NumStability.H16_eq16_29_lyapunov_practical_error_bound_of_vecCoeff_det_ne_zero_computed_residual_budget_mono_scalar
045daf28056a6e4358d5de7c22c7a9d7acc2e80e,1578,9b5bb410ba580928d50e97052ba59d00bcda510df1d6b3f14aae2e1818206389,70060261,31819,2,1,2,0,0,1,0,0,2,0,true,false,1,unique_nonreserved_sink,NumStability.sylvester_practical_error_bound_fl_of_realQuasiSchur_strictBlockMap_mono_scalar,B_unique_nonreserved_sink,NumStability.H16_eq16_29_sylvester_practical_error_bound_fl_of_realQuasiSchur_strictBlockMap_mono_scalar | NumStability.sylvester_practical_error_bound_fl_of_realQuasiSchur_strictBlockMap_mono_scalar
045daf28056a6e4358d5de7c22c7a9d7acc2e80e,1242,9b78865b2fdec6e62d54596e1b8a6ccbb5d7e75abb8e1cb033c5da8a3874a2eb,3731164285,3446,2,2,2,0,0,1,0,1,2,0,true,false,1,unique_nonreserved_sink,NumStability.wilkinson_normwise_infNorm_tight,B_unique_nonreserved_sink,NumStability.wilkinson_normwise_infNorm_tight | NumStability.higham9_5_wilkinson_normwise_infNorm_tight
045daf28056a6e4358d5de7c22c7a9d7acc2e80e,1607,9bf02e21d452840c35ad9f389944d840d5e483973adde9dd1499645b76eb9e5a,760232394,31567,2,1,2,0,0,1,0,1,1,0,true,false,1,unique_nonreserved_sink,NumStability.sylvesterTriangularShiftedCoeff_isUpperHessenberg,B_unique_nonreserved_sink,NumStability.H16_eq16_6_sylvesterTriangularShiftedCoeff_isUpperHessenberg | NumStability.sylvesterTriangularShiftedCoeff_isUpperHessenberg
045daf28056a6e4358d5de7c22c7a9d7acc2e80e,1178,9c3e3051588d41415938dfdb498e2e0230e22fc4368a63ad7d3d0d64656df7c4,3564833736,23747,2,2,2,0,0,1,0,1,1,0,true,false,1,unique_nonreserved_sink,NumStability.sylvester_practical_error_bound_of_vecCoeff_det_ne_zero_computed_residual_certificate_mono_scalar,B_unique_nonreserved_sink,NumStability.sylvester_practical_error_bound_of_vecCoeff_det_ne_zero_computed_residual_certificate_mono_scalar | NumStability.H16_eq16_29_sylvester_practical_error_bound_of_vecCoeff_det_ne_zero_computed_residual_certificate_mono_scalar
045daf28056a6e4358d5de7c22c7a9d7acc2e80e,331,9c5be2e5dfc684f2f4db13eba415ed75d581d386aac5ca651a322211961d39f3,162857262,26199,2,2,2,0,0,1,0,1,1,0,true,false,1,unique_nonreserved_sink,NumStability.finiteVecNorm2Sq_vec_eq_frobNormSq,B_unique_nonreserved_sink,NumStability.finiteVecNorm2Sq_vec_eq_frobNormSq | NumStability.H16_eq16_2_finiteVecNorm2Sq_vec_eq_frobNormSq
045daf28056a6e4358d5de7c22c7a9d7acc2e80e,45,9c5d2d454ee7c8b8d0bbd4d0916029b15acb8b15919a4c15764697744f70a112,1380900317,24630,3,1,3,0,0,1,0,0,3,0,true,false,2,unique_nonreserved_sink,NumStability.H16_eq16_24_structured_condition_diagonal,B_unique_nonreserved_sink,NumStability.H16_eq16_24_structured_condition_diagonal | NumStability.H16_eq16_24_sylvester_relative_first_order_bound_diagonal | NumStability.sylvester_relative_first_order_bound_diagonal
045daf28056a6e4358d5de7c22c7a9d7acc2e80e,266,9c645f88c1b83ed7203757c819a803db149c350cd95d49b19a3e588675c5669a,1443366070,24683,2,1,2,0,0,1,0,0,1,0,true,false,1,unique_nonreserved_sink,NumStability.sylvester_practical_abs_error_bound_of_schur_transform_residual_bound_scalar,B_unique_nonreserved_sink,NumStability.H16_eq16_29_sylvester_practical_abs_error_bound_of_schur_transform_residual_bound_scalar | NumStability.sylvester_practical_abs_error_bound_of_schur_transform_residual_bound_scalar
045daf28056a6e4358d5de7c22c7a9d7acc2e80e,1316,9c9c0db39f2e858010db3def8d8c01b01862cee3ade779990d193c433c34404f,3911062118,23754,2,2,2,0,0,1,0,1,1,0,true,false,1,unique_nonreserved_sink,NumStability.sylvester_practical_error_bound_of_diagonal_computed_residual_budget_scalar,B_unique_nonreserved_sink,NumStability.sylvester_practical_error_bound_of_diagonal_computed_residual_budget_scalar | NumStability.H16_eq16_29_sylvester_practical_error_bound_of_diagonal_computed_residual_budget_scalar
045daf28056a6e4358d5de7c22c7a9d7acc2e80e,1543,9cd1e5c7e77a5eaccf56e781b8deb4a736c4585254efa558b73335bd05137352,609122440,24095,2,2,2,0,0,1,0,1,1,0,true,false,1,unique_nonreserved_sink,NumStability.quasiSchur_exists_frontier_schedule_from_boundary,B_unique_nonreserved_sink,NumStability.quasiSchur_exists_frontier_schedule_from_boundary | NumStability.H16_eq16_4_8_quasiSchur_exists_frontier_schedule_from_boundary
045daf28056a6e4358d5de7c22c7a9d7acc2e80e,992,9cd8d22b430d7db90986159a44118c1e097ea659f8edcb34495ee7ba4ea92a43,3152976412,23977,2,2,2,0,0,1,0,1,2,0,true,false,1,unique_nonreserved_sink,NumStability.sylvester_realQuasiSchur_factors_twoBlockSpectral,B_unique_nonreserved_sink,NumStability.sylvester_realQuasiSchur_factors_twoBlockSpectral | NumStability.H16_eq16_4_sylvester_realQuasiSchur_factors_twoBlockSpectral
045daf28056a6e4358d5de7c22c7a9d7acc2e80e,1236,9cf73d4a9fe0fa5d72ab63c90485f17e3c0a5a0c4a1a7eed9df2cc5b84d27955,3720513452,24809,2,1,2,0,0,1,0,0,1,0,true,false,1,unique_nonreserved_sink,NumStability.sylvesterVecCoeff_realQuasiSchur_strictBlockMap_mulVec_eq_zero_iff,B_unique_nonreserved_sink,NumStability.H16_eq16_2_6_sylvesterVecCoeff_realQuasiSchur_strictBlockMap_mulVec_eq_zero_iff | NumStability.sylvesterVecCoeff_realQuasiSchur_strictBlockMap_mulVec_eq_zero_iff
045daf28056a6e4358d5de7c22c7a9d7acc2e80e,43,9d62840bc2006fbb93b3bda7ab396e180d1aefb831b6cc0e703ddd9f95ea0246,1306750628,26110,3,3,3,0,0,1,0,2,3,0,true,false,2,unique_nonreserved_sink,NumStability.sepLowerBound_of_sylvesterOp_sigmaMin,B_unique_nonreserved_sink,NumStability.SepLowerBound_sylvester_of_sigmaMin | NumStability.sepLowerBound_of_sylvesterOp_sigmaMin | NumStability.H16_eq16_26_sepLowerBound_of_sigmaMin
045daf28056a6e4358d5de7c22c7a9d7acc2e80e,514,9d6d97ffbcd1583559fe970260011b552106a37a9179df4058aed114cd894185,2054678907,26391,2,2,2,0,0,1,0,1,2,0,true,false,1,unique_nonreserved_sink,NumStability.sylvester_relative_aposteriori_bound_of_vecCoeff_gram_eigenvalues_total,B_unique_nonreserved_sink,NumStability.sylvester_relative_aposteriori_bound_of_vecCoeff_gram_eigenvalues_total | NumStability.H16_eq16_28_sylvester_relative_aposteriori_bound_of_vecCoeff_gram_eigenvalues_total
045daf28056a6e4358d5de7c22c7a9d7acc2e80e,1330,9d83786d89ebd412e303e5a2c96a199eec9e64c602ebba82cef037a31bf5b76d,394025191,24703,2,1,2,0,0,1,0,0,1,0,true,false,1,unique_nonreserved_sink,NumStability.sylvester_practical_error_bound_of_schurDiagonal_computed_residual_budget_mono_scalar,B_unique_nonreserved_sink,NumStability.H16_eq16_29_sylvester_practical_error_bound_of_schurDiagonal_computed_residual_budget_mono_scalar | NumStability.sylvester_practical_error_bound_of_schurDiagonal_computed_residual_budget_mono_scalar
045daf28056a6e4358d5de7c22c7a9d7acc2e80e,766,9dc6f7c0998c63f80cc3a53e74b343b44be265438a4ab32c1641633f53f46051,2596055200,24853,2,1,2,0,0,1,0,0,1,0,true,false,1,unique_nonreserved_sink,NumStability.existsUnique_isSylvesterSolutionRect_of_quasiSchur_twoBlockSpectral_local_no_common_generated_step_formula,B_unique_nonreserved_sink,NumStability.H16_eq16_4_8_existsUnique_isSylvesterSolutionRect_of_quasiSchur_twoBlockSpectral_local_no_common_generated_step_formula | NumStability.existsUnique_isSylvesterSolutionRect_of_quasiSchur_twoBlockSpectral_local_no_common_generated_step_formula
045daf28056a6e4358d5de7c22c7a9d7acc2e80e,1141,9e325dfd46b02ab5c89b30c4d89e4137ec49945b0c7be44cb625ebcc9132e5e6,3505471694,3291,2,2,2,0,0,0,0,2,2,0,true,false,1,unique_nonreserved_sink,NumStability.forwardSub_backward_error,B_unique_nonreserved_sink,NumStability.forwardSub_backward_error | NumStability.higham8_5_forwardSub_backward_error
045daf28056a6e4358d5de7c22c7a9d7acc2e80e,58,9e43598f219c2dabce709e17a922ac54dc7454b52baa2655806e1a6532681c76,2576789775,31479,3,1,3,0,0,1,0,1,3,0,true,false,2,unique_nonreserved_sink,NumStability.H16_eq16_27_lyapunov_condition_of_sigmaMin,B_unique_nonreserved_sink,NumStability.H16_eq16_27_lyapunov_condition_of_sigmaMin | NumStability.H16_eq16_27_lyapunov_relative_first_order_bound_of_sigmaMin | NumStability.lyapunov_relative_first_order_bound_of_sigmaMin
045daf28056a6e4358d5de7c22c7a9d7acc2e80e,1216,9e598c79e137d8379af3066cb3c06ff1244a34aea07f717ecbfc9c477bae58af,3652807056,24779,2,1,2,0,0,1,0,0,1,0,true,false,1,unique_nonreserved_sink,NumStability.sylvester_realQuasiSchur_factors_twoBlockSpectral_block_and_det_ne_zero_of_no_common_complex_right_eigenvalue,B_unique_nonreserved_sink,NumStability.H16_eq16_4_8_sylvester_realQuasiSchur_factors_twoBlockSpectral_block_and_det_ne_zero_of_no_common_complex_right_eigenvalue | NumStability.sylvester_realQuasiSchur_factors_twoBlockSpectral_block_and_det_ne_zero_of_no_common_complex_right_eigenvalue
045daf28056a6e4358d5de7c22c7a9d7acc2e80e,1085,9e5c209792a292cebb449d850df641eda343cc0747536880736a4f10e710feb4,3382937317,24075,2,2,2,0,0,1,0,1,2,0,true,false,1,unique_nonreserved_sink,NumStability.sylvester_practical_error_bound_of_realQuasiSchur_strictBlockMap_computed_residual_certificate_scalar,B_unique_nonreserved_sink,NumStability.sylvester_practical_error_bound_of_realQuasiSchur_strictBlockMap_computed_residual_certificate_scalar | NumStability.H16_eq16_29_realQuasiSchur_strictBlockMap_computed_residual_certificate_scalar
045daf28056a6e4358d5de7c22c7a9d7acc2e80e,50,9e6b0fbef133deb8b7bad07d1eaf6a4763d326f47047fe680089b32c456b8b32,2140425406,24669,3,1,3,0,0,1,0,0,3,0,true,false,2,unique_nonreserved_sink,NumStability.H16_eq16_27_lyapunov_condition_of_pos_le_sylvesterSepInf,B_unique_nonreserved_sink,NumStability.H16_eq16_27_lyapunov_condition_of_pos_le_sylvesterSepInf | NumStability.H16_eq16_27_lyapunov_relative_first_order_bound_of_pos_le_sylvesterSepInf | NumStability.lyapunov_relative_first_order_bound_of_pos_le_sylvesterSepInf
045daf28056a6e4358d5de7c22c7a9d7acc2e80e,1348,9e9b74b786942d3bcf8a302e7f2a0f00493839ce89fca3231ad5cd4c85f1cc05,4011549452,6582,2,2,2,0,0,1,0,1,2,0,true,false,1,unique_nonreserved_sink,NumStability.householderSwapColumns_activeMaxPivotColumn_pivot_max,B_unique_nonreserved_sink,NumStability.householderSwapColumns_activeMaxPivotColumn_pivot_max | NumStability.Wave13.pivoted_qr_swap_activeMaxPivot_pivot_max
045daf28056a6e4358d5de7c22c7a9d7acc2e80e,746,9eb08eff3ced817a22677fffcc8190676896074ae20e039639d9c9f42b5492df,2543801911,26312,2,2,2,0,0,1,0,1,1,0,true,false,1,unique_nonreserved_sink,NumStability.sylvester_relative_aposteriori_bound_of_vecCoeff_left_inverse_finiteOpNorm2Le,B_unique_nonreserved_sink,NumStability.sylvester_relative_aposteriori_bound_of_vecCoeff_left_inverse_finiteOpNorm2Le | NumStability.H16_eq16_28_sylvester_relative_aposteriori_bound_of_vecCoeff_left_inverse_finiteOpNorm2Le
045daf28056a6e4358d5de7c22c7a9d7acc2e80e,95,9ed51031408a8b7b1d2ca02396335c202fdb338a0d09cd0d946726aadb1cfd27,106223508,24604,2,2,2,0,0,1,0,1,1,0,true,false,1,unique_nonreserved_sink,NumStability.lyapunovBackwardErrorInf_le_of_backwardError,B_unique_nonreserved_sink,NumStability.lyapunovBackwardErrorInf_le_of_backwardError | NumStability.H16_eq16_21_lyapunovBackwardErrorInf_le_of_backwardError
045daf28056a6e4358d5de7c22c7a9d7acc2e80e,1373,9ede7f9b15fc42a34d63576ef202545a6ba1612e4aa53e04d4cd484186805394,4090698439,24798,2,1,2,0,0,1,0,0,1,0,true,false,1,unique_nonreserved_sink,NumStability.sylvester_practical_abs_error_bound_of_no_common_complex_right_eigenvalue_computed_residual_certificate,B_unique_nonreserved_sink,NumStability.H16_eq16_29_sylvester_practical_abs_error_bound_of_no_common_complex_right_eigenvalue_computed_residual_certificate | NumStability.sylvester_practical_abs_error_bound_of_no_common_complex_right_eigenvalue_computed_residual_certificate
045daf28056a6e4358d5de7c22c7a9d7acc2e80e,1683,9f378d9ae20bbd03201493578b3070f018f0be2078e8e39c744d8c16cf54b52e,934337614,24940,2,1,2,0,0,1,0,0,1,0,true,false,1,unique_nonreserved_sink,NumStability.sylvester_quasiSchur_blockTraversal_solution_of_twoBlockSpectral_local_no_common_generated_frontier_step_oracle,B_unique_nonreserved_sink,NumStability.H16_eq16_4_8_sylvester_quasiSchur_blockTraversal_solution_of_twoBlockSpectral_local_no_common_generated_frontier_step_oracle | NumStability.sylvester_quasiSchur_blockTraversal_solution_of_twoBlockSpectral_local_no_common_generated_frontier_step_oracle
045daf28056a6e4358d5de7c22c7a9d7acc2e80e,1642,9f59d8692514eb160fb26928723d11ab6609a599716872ad4a70d0e15bea7a5e,843043824,14863,2,1,2,0,0,1,0,0,2,0,true,false,1,unique_nonreserved_sink,NumStability.higham9_11_matrix_pentadiagonal_bohte_solve_tight_of_isBanded_growth_le,B_unique_nonreserved_sink,NumStability.higham9_11_matrix_bandwidth_two_bohte_solve_tight_of_isBanded_growth_le | NumStability.higham9_11_matrix_pentadiagonal_bohte_solve_tight_of_isBanded_growth_le
045daf28056a6e4358d5de7c22c7a9d7acc2e80e,910,9f6058c054d41d898055f1e3416e1bc8ce0839ab66daa323a55a167c5f9296ca,2948771022,16650,2,1,2,0,0,1,0,0,1,0,true,false,1,unique_nonreserved_sink,NumStability.higham9_15_normwise_source_bound_of_factorization_init_residual_zero_opNorm_exact_opNorm2,B_unique_nonreserved_sink,NumStability.higham9_15_normwise_source_bound_of_factorization_G_init_residual_zero_opNorm_exact_opNorm2 | NumStability.higham9_15_normwise_source_bound_of_factorization_init_residual_zero_opNorm_exact_opNorm2
045daf28056a6e4358d5de7c22c7a9d7acc2e80e,1443,9fab4982df353cf5ab296d837a7353349a84e9f3e2b600229623defc45c3d673,4251950967,15048,2,1,2,0,0,1,0,0,2,0,true,false,1,unique_nonreserved_sink,NumStability.higham9_14_source_h_bound_of_RectDoolittleDenseLoopCertificate_square_fl_triangular_solves_gamma,B_unique_nonreserved_sink,NumStability.higham9_14_source_h_bound_of_RectDoolittleDenseLoopCertificate_square_fl_triangular_solves_absLU_le_absA_gamma | NumStability.higham9_14_source_h_bound_of_RectDoolittleDenseLoopCertificate_square_fl_triangular_solves_gamma
045daf28056a6e4358d5de7c22c7a9d7acc2e80e,160,9fac7a718c8f7597be7460d79f627ed717a681c74abc895b2bc0e7107c589934,1194485322,7944,2,2,2,0,0,1,0,1,2,0,true,false,1,unique_nonreserved_sink,NumStability.matMul_finiteDiagonal_csSquareSum,B_unique_nonreserved_sink,NumStability.matMul_finiteDiagonal_csSquareSum | H19.Theorem19_13.problem1912_matMul_finiteDiagonal_csSquareSum
045daf28056a6e4358d5de7c22c7a9d7acc2e80e,1155,9fc2606d710d4abfd1125fdf263b669704309fa70c0564715df5667984bd521f,3526904443,19141,2,1,2,0,0,1,0,0,2,0,true,false,1,unique_nonreserved_sink,NumStability.higham11_4_bunch_kaufman_solve_backward_error_of_first_stage_recursive_higham_const_uniform_entry_exact_budgets_maxEntryNorm,B_unique_nonreserved_sink,NumStability.higham11_4_bunch_kaufman_solve_backward_error_interface_of_first_stage_recursive_higham_const_uniform_entry_exact_budgets_maxEntryNorm | NumStability.higham11_4_bunch_kaufman_solve_backward_error_of_first_stage_recursive_higham_const_uniform_entry_exact_budgets_maxEntryNorm
045daf28056a6e4358d5de7c22c7a9d7acc2e80e,454,9fe44a941500e3022306bc400f2956ea9ec34780eacff4d44dc5570d90a2dbd1,1905994703,3240,2,2,2,0,0,1,0,1,2,0,true,false,1,unique_nonreserved_sink,NumStability.fl_backSub_satisfies_spec,B_unique_nonreserved_sink,NumStability.fl_backSub_satisfies_spec | NumStability.higham8_2_backSub_row_spec
045daf28056a6e4358d5de7c22c7a9d7acc2e80e,1413,a010a57e89d3e637298eb4abbad88e01e491c96d166df3fd4f8ee5133b39a119,4186455950,31568,2,1,2,0,0,1,0,0,1,0,true,false,1,unique_nonreserved_sink,NumStability.existsUnique_isSylvesterSolutionRect_and_HessenbergGEPPUTrace_growth_of_upperHessenberg_triangular_sigmaMin,B_unique_nonreserved_sink,NumStability.H16_eq16_4_8_existsUnique_isSylvesterSolutionRect_and_HessenbergGEPPUTrace_growth_of_upperHessenberg_triangular_sigmaMin | NumStability.existsUnique_isSylvesterSolutionRect_and_HessenbergGEPPUTrace_growth_of_upperHessenberg_triangular_sigmaMin
045daf28056a6e4358d5de7c22c7a9d7acc2e80e,385,a082a15f8ad5b63356567aa1c97f9f3466365e7abcbfe27b0656137d4669adfd,1724880331,24695,2,1,2,0,0,1,0,0,1,0,true,false,1,unique_nonreserved_sink,NumStability.sylvester_practical_error_bound_of_pos_le_sylvesterSepInf_computed_residual_budget,B_unique_nonreserved_sink,NumStability.H16_eq16_29_sylvester_practical_error_bound_of_pos_le_sylvesterSepInf_computed_residual_budget | NumStability.sylvester_practical_error_bound_of_pos_le_sylvesterSepInf_computed_residual_budget
045daf28056a6e4358d5de7c22c7a9d7acc2e80e,250,a08c93d76dda9263a71dbc74016a59b7a5c2a5a9b6038fa295207d33206fb80e,1404888515,23753,2,2,2,0,0,1,0,1,2,0,true,false,1,unique_nonreserved_sink,NumStability.sylvester_practical_error_bound_of_computed_residual_error_model,B_unique_nonreserved_sink,NumStability.sylvester_practical_error_bound_of_computed_residual_error_model | NumStability.H16_eq16_29_sylvester_practical_error_bound_of_computed_residual_error_model
045daf28056a6e4358d5de7c22c7a9d7acc2e80e,200,a0bd356a10b72243e38728c874c2e219eaa59317bb4f824a8c62be3d5477b2de,1290864686,26541,2,2,2,0,0,1,0,1,1,0,true,false,1,unique_nonreserved_sink,NumStability.lyapunov_practical_error_bound_of_vecCoeff_left_inverse_finiteOpNorm2Le_computed_residual_budget_mono_scalar,B_unique_nonreserved_sink,NumStability.lyapunov_practical_error_bound_of_vecCoeff_left_inverse_finiteOpNorm2Le_computed_residual_budget_mono_scalar | NumStability.H16_eq16_29_lyapunov_practical_error_bound_of_vecCoeff_left_inverse_finiteOpNorm2Le_computed_residual_budget_mono_scalar
045daf28056a6e4358d5de7c22c7a9d7acc2e80e,88,a1002bb5874784507bb7b9c8e8c8840372efc491d0bfd661dd680917fa476ff4,1032675489,8602,2,1,2,0,0,1,0,1,2,0,true,false,1,unique_nonreserved_sink,H19.Theorem19_4.householder_qr_componentwise_backward_error,B_unique_nonreserved_sink,H19.Theorem19_4.eq19_12_componentwise_backward_error | H19.Theorem19_4.householder_qr_componentwise_backward_error
045daf28056a6e4358d5de7c22c7a9d7acc2e80e,1021,a1bf2082036429f4513df447d209e86dc1298d321dba81ded6736c0b839e76a2,3232571893,23728,2,2,2,0,0,1,0,1,1,0,true,false,1,unique_nonreserved_sink,NumStability.sylvester_practical_error_bound_of_diagonal_computed_residual_budget_mono_scalar,B_unique_nonreserved_sink,NumStability.sylvester_practical_error_bound_of_diagonal_computed_residual_budget_mono_scalar | NumStability.H16_eq16_29_sylvester_practical_error_bound_of_diagonal_computed_residual_budget_mono_scalar
045daf28056a6e4358d5de7c22c7a9d7acc2e80e,1644,a1ccd777bb4d6288652b2bc6e94a6d7e6ef1f2b2429ab497ac2a536cd1f73e7e,846942965,31773,2,1,2,0,0,1,0,0,1,0,true,false,1,unique_nonreserved_sink,NumStability.Wave15.sylvesterResidualRect_quasiTriangular_blockBackSub_componentwise_le_with_growthTerm,B_unique_nonreserved_sink,NumStability.Wave15.H16_eq16_8_quasi_sylvesterResidualRect_blockBackSub_componentwise_le_with_growthTerm | NumStability.Wave15.sylvesterResidualRect_quasiTriangular_blockBackSub_componentwise_le_with_growthTerm
045daf28056a6e4358d5de7c22c7a9d7acc2e80e,1070,a1e28be7204166ea18a555b0678fc1d2a356e469dbecceda068ca760b6130297,3357487667,31550,2,1,2,0,0,1,0,0,1,0,true,false,1,unique_nonreserved_sink,NumStability.sylvesterVecCoeff_mulVec_surjective_of_no_common_complex_eigenpair,B_unique_nonreserved_sink,NumStability.H16_eq16_3_sylvesterVecCoeff_mulVec_surjective_of_no_common_complex_eigenpair | NumStability.sylvesterVecCoeff_mulVec_surjective_of_no_common_complex_eigenpair
045daf28056a6e4358d5de7c22c7a9d7acc2e80e,629,a241db706434714a0a962dd26bef9d19ad4e36f6c5907ee5717fa4832cb6ac53,2283063418,23645,2,2,2,0,0,1,0,1,1,0,true,false,1,unique_nonreserved_sink,NumStability.sylvesterDiagonalVecCoeffInv_mul_sylvesterVecCoeff_diagonal,B_unique_nonreserved_sink,NumStability.sylvesterDiagonalVecCoeffInv_mul_sylvesterVecCoeff_diagonal | NumStability.H16_eq16_3_sylvesterDiagonalVecCoeffInv_mul_sylvesterVecCoeff_diagonal
045daf28056a6e4358d5de7c22c7a9d7acc2e80e,763,a262cfea630706331c1d1c645ad642bf0cafd32e6d06d89b1375dbc953a77bf2,2585638591,26232,2,2,2,0,0,1,0,1,2,0,true,false,1,unique_nonreserved_sink,NumStability.sylvester_aposteriori_bound_of_vecCoeff_sigmaMin_total,B_unique_nonreserved_sink,NumStability.sylvester_aposteriori_bound_of_vecCoeff_sigmaMin_total | NumStability.H16_eq16_28_sylvester_aposteriori_bound_of_vecCoeff_sigmaMin_total
045daf28056a6e4358d5de7c22c7a9d7acc2e80e,105,a28d68570c2aa450837855f4ae5fd23d672f0fedf0c0d7814be2a5de40e68118,1086538793,16239,2,1,2,0,0,1,0,0,1,0,true,false,1,unique_nonreserved_sink,NumStability.higham9_15_normwise_source_bound_of_factorization_init_min_factor_bound_opNorm_of_factor_triangularity,B_unique_nonreserved_sink,NumStability.higham9_15_normwise_source_bound_of_factorization_G_init_min_factor_bound_opNorm_of_factor_triangularity | NumStability.higham9_15_normwise_source_bound_of_factorization_init_min_factor_bound_opNorm_of_factor_triangularity
045daf28056a6e4358d5de7c22c7a9d7acc2e80e,233,a2f37cf8d1bb68fece5ff326429105a11a0276f8548773e7a4d6940a9e6bd897,1372255999,13572,2,2,2,0,0,0,0,2,2,0,true,false,1,unique_nonreserved_sink,NumStability.spd_lu_backward_error,B_unique_nonreserved_sink,NumStability.spd_lu_backward_error | NumStability.higham9_12_spd_lu_backward_error
045daf28056a6e4358d5de7c22c7a9d7acc2e80e,127,a35fd81849b1d4d5f47670b803f6538560d5e3d8ff4954e9ce4d38d7dd1ceff6,1116952133,26603,2,2,2,0,0,1,0,1,2,0,true,false,1,unique_nonreserved_sink,NumStability.existsUnique_isSylvesterSolutionRect_of_sylvesterVecCoeff_det_ne_zero,B_unique_nonreserved_sink,NumStability.existsUnique_isSylvesterSolutionRect_of_sylvesterVecCoeff_det_ne_zero | NumStability.H16_eq16_3_existsUnique_isSylvesterSolutionRect_of_sylvesterVecCoeff_det_ne_zero
045daf28056a6e4358d5de7c22c7a9d7acc2e80e,532,a389a21a58d95724843764af0bc8da18d523bf74087c01a05551b998c85dcd3c,2099666251,23640,2,2,2,0,0,1,0,1,1,0,true,false,1,unique_nonreserved_sink,NumStability.sylvesterOpRect_diagonal_apply,B_unique_nonreserved_sink,NumStability.sylvesterOpRect_diagonal_apply | NumStability.H16_eq16_3_sylvesterOpRect_diagonal_apply
045daf28056a6e4358d5de7c22c7a9d7acc2e80e,242,a3a6d6fe0b7d83b040239228389c6d9cb16668f715cec410edee7a24ea2c2af2,138652177,59390,2,1,2,0,0,0,0,0,2,0,true,false,1,unique_nonreserved_sink,NumStability.ch7HadamardProduct_twoSidedScale_transpose_inverse_eq,B_unique_nonreserved_sink,NumStability.ch7HadamardProduct_twoSidedScale_transpose_inverse_eq | NumStability.problem7_15_twoSidedScale_hadamard_transpose_inverse_invariant
045daf28056a6e4358d5de7c22c7a9d7acc2e80e,115,a44ccb12b920bc3ed0fe22dd8196eafecbf934c6e2337845e36a7e56a97dedb2,1105645537,31476,2,1,2,0,0,1,0,0,2,0,true,false,1,unique_nonreserved_sink,NumStability.sylvester_relative_error_le_of_pos_le_sylvesterSepInf_schur_transform_residual_budget,B_unique_nonreserved_sink,NumStability.H16_eq16_28_sylvester_relative_error_le_of_pos_le_sylvesterSepInf_schur_transform_residual_budget | NumStability.sylvester_relative_error_le_of_pos_le_sylvesterSepInf_schur_transform_residual_budget
045daf28056a6e4358d5de7c22c7a9d7acc2e80e,1025,a464d00fc15e209c301294fe8e2d17aefd048577e628819a8a37cd98c63349f0,3238010648,23718,2,2,2,0,0,1,0,1,1,0,true,false,1,unique_nonreserved_sink,NumStability.sylvesterComputedResidualBudget_of_frobenius_error_model,B_unique_nonreserved_sink,NumStability.sylvesterComputedResidualBudget_of_frobenius_error_model | NumStability.H16_eq16_29_sylvesterComputedResidualBudget_of_frobenius_error_model
045daf28056a6e4358d5de7c22c7a9d7acc2e80e,332,a4820b5aa34fa0223c369a98e535475c7a91d0e64f6fa7cd8b7c86e0b7e1224b,1631336994,26431,2,2,2,0,0,1,0,1,2,0,true,false,1,unique_nonreserved_sink,NumStability.lyapunov_practical_error_bound_of_operator_sigmaMin_computed_residual_certificate_mono,B_unique_nonreserved_sink,NumStability.lyapunov_practical_error_bound_of_operator_sigmaMin_computed_residual_certificate_mono | NumStability.H16_eq16_29_lyapunov_practical_error_bound_of_operator_sigmaMin_computed_residual_certificate_mono
045daf28056a6e4358d5de7c22c7a9d7acc2e80e,872,a5170d68c6d188dc03c6f6e4b21776df874890fe254fbeee153fa4d493c74472,2857909067,24307,2,2,2,0,0,1,0,1,1,0,true,false,1,unique_nonreserved_sink,NumStability.sylvesterTwoColumnBlockCoeff_block_and_det_ne_zero_of_twoBlockSpectral_global_vecCoeff_det_ne_zero,B_unique_nonreserved_sink,NumStability.sylvesterTwoColumnBlockCoeff_block_and_det_ne_zero_of_twoBlockSpectral_global_vecCoeff_det_ne_zero | NumStability.H16_eq16_4_8_sylvesterTwoColumnBlockCoeff_block_and_det_ne_zero_of_twoBlockSpectral_global_vecCoeff_det_ne_zero
045daf28056a6e4358d5de7c22c7a9d7acc2e80e,1509,a5a50b5f17ef6596d66fdc13113d31af0407ed6f7c044fe5159a0af510275ce6,530949848,59499,2,2,2,0,0,1,0,1,2,0,true,false,1,unique_nonreserved_sink,NumStability.FloatingPointFormat.finiteRoundToEvenOp_sub_sign_symmetry,B_unique_nonreserved_sink,NumStability.FloatingPointFormat.finiteRoundToEvenOp_sub_sign_symmetry | NumStability.FloatingPointFormat.problem2_7_statement2_sub_sign_symmetry
045daf28056a6e4358d5de7c22c7a9d7acc2e80e,1109,a5d80ab7a2258a8c4aa67e9c8e09c31199e28358d131dfe90a09cf33ec269387,3428896379,16076,2,1,2,0,0,1,0,0,1,0,true,false,1,unique_nonreserved_sink,NumStability.higham9_15_normwise_source_bound_of_factorization_init_min_factor_bound_opNorm_exact_opNorm2,B_unique_nonreserved_sink,NumStability.higham9_15_normwise_source_bound_of_factorization_G_init_min_factor_bound_opNorm_exact_opNorm2 | NumStability.higham9_15_normwise_source_bound_of_factorization_init_min_factor_bound_opNorm_exact_opNorm2
045daf28056a6e4358d5de7c22c7a9d7acc2e80e,1196,a5f40e3603e78348dd9ca0f7126f0ca3f6a93582e3a98350bea849ab075fad3b,3610427689,23694,2,2,2,0,0,1,0,1,2,0,true,false,1,unique_nonreserved_sink,NumStability.sylvester_practical_error_bound_of_computed_residual_budget_mono_scalar,B_unique_nonreserved_sink,NumStability.sylvester_practical_error_bound_of_computed_residual_budget_mono_scalar | NumStability.H16_eq16_29_sylvester_practical_error_bound_of_computed_residual_budget_mono_scalar
045daf28056a6e4358d5de7c22c7a9d7acc2e80e,99,a602d783e81aa8ba236a7b9a8cdb1b234919af9a3b5e504a0cdabf3d2d754302,1073223993,23738,2,2,2,0,0,1,0,1,1,0,true,false,1,unique_nonreserved_sink,NumStability.sylvester_practical_error_bound_of_vecCoeff_det_ne_zero_computed_residual_frobenius_error_model_mono_scalar,B_unique_nonreserved_sink,NumStability.sylvester_practical_error_bound_of_vecCoeff_det_ne_zero_computed_residual_frobenius_error_model_mono_scalar | NumStability.H16_eq16_29_sylvester_practical_error_bound_of_vecCoeff_det_ne_zero_computed_residual_frobenius_error_model_mono_scalar
045daf28056a6e4358d5de7c22c7a9d7acc2e80e,770,a61273c4ba083d4ffc76077017b4f1c4f42dc10033d94916e796342ed18333ca,2609254549,26118,2,2,2,0,0,1,0,1,1,0,true,false,1,unique_nonreserved_sink,NumStability.sylvester_aposteriori_bound_of_sigmaMin,B_unique_nonreserved_sink,NumStability.sylvester_aposteriori_bound_of_sigmaMin | NumStability.H16_eq16_28_sylvester_aposteriori_bound_of_sigmaMin
045daf28056a6e4358d5de7c22c7a9d7acc2e80e,1119,a6b9165afef47e81c6afb43dcbfa79f6c014a2c92b6594a1dbe2d0ebd87850d8,3454783826,26253,2,2,2,0,0,1,0,1,1,0,true,false,1,unique_nonreserved_sink,NumStability.lyapunov_perturbation_bound_of_vecCoeff_gram_eigenvalues_total,B_unique_nonreserved_sink,NumStability.lyapunov_perturbation_bound_of_vecCoeff_gram_eigenvalues_total | NumStability.H16_eq16_27_lyapunov_perturbation_bound_of_vecCoeff_gram_eigenvalues_total
045daf28056a6e4358d5de7c22c7a9d7acc2e80e,835,a6e339d50611bf964a4d5bfa0b7bf635c9fcf0ba2ac1e203bca67e1765dbfbb3,2779134339,24658,2,2,2,0,0,1,0,1,1,0,true,false,1,unique_nonreserved_sink,NumStability.lyapunov_first_order_bound_of_pos_le_sylvesterSepInf,B_unique_nonreserved_sink,NumStability.lyapunov_first_order_bound_of_pos_le_sylvesterSepInf | NumStability.H16_eq16_27_lyapunov_first_order_bound_of_pos_le_sylvesterSepInf
045daf28056a6e4358d5de7c22c7a9d7acc2e80e,814,a6ed833a5c8f8affbed579da50dddad411ef4ad22edc3d8018ce363ddfbeab15,2731403473,31513,2,1,2,0,0,1,0,0,1,0,true,false,1,unique_nonreserved_sink,NumStability.sylvester_first_order_bound_schurDiagonal_of_vecCoeff_entrywise_abs_ge,B_unique_nonreserved_sink,NumStability.H16_eq16_23_sylvester_first_order_bound_schurDiagonal_of_vecCoeff_entrywise_abs_ge | NumStability.sylvester_first_order_bound_schurDiagonal_of_vecCoeff_entrywise_abs_ge
045daf28056a6e4358d5de7c22c7a9d7acc2e80e,1271,a706d3293f5503e90e3d4bbe23ffc652095f16c898b8c81bb023e80899c4604d,379228756,31570,2,1,2,0,0,1,0,0,1,0,true,false,1,unique_nonreserved_sink,NumStability.existsUnique_isSylvesterSolutionRect_and_HessenbergGEPPUTrace_growth_of_realSchur_upperHessenberg_triangular_vecCoeff_sigmaMin,B_unique_nonreserved_sink,NumStability.H16_eq16_4_8_existsUnique_isSylvesterSolutionRect_and_HessenbergGEPPUTrace_growth_of_realSchur_upperHessenberg_triangular_vecCoeff_sigmaMin | NumStability.existsUnique_isSylvesterSolutionRect_and_HessenbergGEPPUTrace_growth_of_realSchur_upperHessenberg_triangular_vecCoeff_sigmaMin
045daf28056a6e4358d5de7c22c7a9d7acc2e80e,307,a70ff6f4ba942344ab857ddb84a327efb26449f32cf22f7e44e7984f2769a807,158553921,24554,2,2,2,0,0,1,0,1,1,0,true,false,1,unique_nonreserved_sink,NumStability.lyapunovBackwardScalarEq_of_isLyapunovBackwardError_spectral_decomposition_symm,B_unique_nonreserved_sink,NumStability.lyapunovBackwardScalarEq_of_isLyapunovBackwardError_spectral_decomposition_symm | NumStability.H16_eq16_21_lyapunovBackwardScalarEq_of_isLyapunovBackwardError_spectral_decomposition_symm
045daf28056a6e4358d5de7c22c7a9d7acc2e80e,1492,a71c106b475448d8e5d1ddd592e655f5939448eda2f1f4d6dc2e7f3eee8dab9e,491062884,23696,2,2,2,0,0,1,0,1,1,0,true,false,1,unique_nonreserved_sink,NumStability.sylvester_practical_error_bound_of_diagonal_computed_residual_error_model_scalar,B_unique_nonreserved_sink,NumStability.sylvester_practical_error_bound_of_diagonal_computed_residual_error_model_scalar | NumStability.H16_eq16_29_sylvester_practical_error_bound_of_diagonal_computed_residual_error_model_scalar
045daf28056a6e4358d5de7c22c7a9d7acc2e80e,704,a774bde48af4b9ede29f5e168156ab9048e627215bae52c232cf605c6eca73a9,2448767873,24836,2,1,2,0,0,1,0,0,1,0,true,false,1,unique_nonreserved_sink,NumStability.existsUnique_isSylvesterSolutionRect_of_quasiSchur_product_shift_det_frontier_step_oracle,B_unique_nonreserved_sink,NumStability.H16_eq16_4_8_existsUnique_isSylvesterSolutionRect_of_quasiSchur_product_shift_det_frontier_step_oracle | NumStability.existsUnique_isSylvesterSolutionRect_of_quasiSchur_product_shift_det_frontier_step_oracle
045daf28056a6e4358d5de7c22c7a9d7acc2e80e,892,a78dfe4816e9a8cb3a1e677cb6fcd5cc49b79db0f3dcecbf12b01516a550750c,2914112460,23804,2,2,2,0,0,1,0,1,2,0,true,false,1,unique_nonreserved_sink,NumStability.sylvesterVecCoeff_shifted_det_eq_zero_of_eigenpair_vecMul,B_unique_nonreserved_sink,NumStability.sylvesterVecCoeff_shifted_det_eq_zero_of_eigenpair_vecMul | NumStability.H16_eq16_3_sylvesterVecCoeff_shifted_det_eq_zero_of_eigenpair_vecMul
045daf28056a6e4358d5de7c22c7a9d7acc2e80e,768,a7c8ee683258620f1aac887c2e260d15c7209e9fd59d34f5b7711c612c1f6351,2600933165,26950,2,2,2,0,0,1,0,1,1,0,true,false,1,unique_nonreserved_sink,NumStability.Wave14.frobNormRect_sylvesterResidualRect_triangular_backSub_le,B_unique_nonreserved_sink,NumStability.Wave14.frobNormRect_sylvesterResidualRect_triangular_backSub_le | NumStability.Wave14.H16_eq16_8_frobNormRect_sylvesterResidualRect_triangular_backSub_le
045daf28056a6e4358d5de7c22c7a9d7acc2e80e,271,a83ce910b96af531e63b0903babc0c8fc929253e4919ed932b0a4b73ea4852e0,1460722657,24786,2,1,2,0,0,1,0,0,1,0,true,false,1,unique_nonreserved_sink,NumStability.existsUnique_sylvesterVecCoeff_realQuasiSchur_strictBlockMap_nonsingInv_mulVec_solution,B_unique_nonreserved_sink,NumStability.H16_eq16_2_6_existsUnique_sylvesterVecCoeff_realQuasiSchur_strictBlockMap_nonsingInv_mulVec_solution | NumStability.existsUnique_sylvesterVecCoeff_realQuasiSchur_strictBlockMap_nonsingInv_mulVec_solution
045daf28056a6e4358d5de7c22c7a9d7acc2e80e,673,a84f90c40b9f863985e42389cb5075d5dd3bfd55a3fb9ef9db086b0ce70d8d83,2390461138,40673,2,1,2,0,0,0,0,2,2,0,true,false,1,unique_nonreserved_sink,NumStability.Ch11Closure.AasenAdjacentGEPP.flDGTTRF_noSwap_diag_residual_le_gamma2,B_unique_nonreserved_sink,NumStability.Ch11Closure.AasenAdjacentGEPP.flDGTTRF_noSwap_diag_residual_le_gamma2 | NumStability.Ch11Closure.AasenAdjacentGEPP.flDGTTRF_swap_diag_residual_le_gamma2
045daf28056a6e4358d5de7c22c7a9d7acc2e80e,1442,a8726223e5243f5a19d4bb646f6b1d9274e902730825bc308e94a0b9f2f868aa,4250609246,24682,2,1,2,0,0,1,0,0,1,0,true,false,1,unique_nonreserved_sink,NumStability.sylvester_practical_error_bound_of_sepLowerBound_computed_residual_budget_scalar,B_unique_nonreserved_sink,NumStability.H16_eq16_29_sylvester_practical_error_bound_of_sepLowerBound_computed_residual_budget_scalar | NumStability.sylvester_practical_error_bound_of_sepLowerBound_computed_residual_budget_scalar
045daf28056a6e4358d5de7c22c7a9d7acc2e80e,782,a8a80448ac8f038b586de11536df7db501b67f90b7b7711d3cb0e1bf5a1fdb28,2637476514,31681,2,1,2,0,0,1,0,0,1,0,true,false,1,unique_nonreserved_sink,NumStability.exists_lyapunovBackwardError_minimizer,B_unique_nonreserved_sink,NumStability.H16_eq16_21_exists_lyapunovBackwardError_minimizer | NumStability.exists_lyapunovBackwardError_minimizer
045daf28056a6e4358d5de7c22c7a9d7acc2e80e,488,a902db99aba7bd9f452ad6735559b2a2a917f5c9b1abb03899f76c73af770def,1989955579,24784,2,1,2,0,0,1,0,1,2,0,true,false,1,unique_nonreserved_sink,NumStability.sylvester_realQuasiSchur_transform_solution_iff_twoBlockSpectral,B_unique_nonreserved_sink,NumStability.H16_eq16_4_5_sylvester_realQuasiSchur_transform_solution_iff_twoBlockSpectral | NumStability.sylvester_realQuasiSchur_transform_solution_iff_twoBlockSpectral
045daf28056a6e4358d5de7c22c7a9d7acc2e80e,347,a93c8e4ef7d7dd3b633f968c427e0347d8319359ba85f3970938a9a907c5ecd7,1653256835,31658,2,1,2,0,0,1,0,0,1,0,true,false,1,unique_nonreserved_sink,NumStability.lyapunov_practical_error_bound_fl_of_vecCoeff_sigmaMin,B_unique_nonreserved_sink,NumStability.H16_eq16_29_lyapunov_practical_error_bound_fl_of_vecCoeff_sigmaMin | NumStability.lyapunov_practical_error_bound_fl_of_vecCoeff_sigmaMin
045daf28056a6e4358d5de7c22c7a9d7acc2e80e,901,a96553608b0a401e3cf66308f1020ab7876031f8203bf56af71d63b10a1d8aa0,2940039276,26542,2,2,2,0,0,1,0,1,1,0,true,false,1,unique_nonreserved_sink,NumStability.lyapunov_practical_error_bound_of_pos_le_sylvesterSepInf_computed_residual_certificate,B_unique_nonreserved_sink,NumStability.lyapunov_practical_error_bound_of_pos_le_sylvesterSepInf_computed_residual_certificate | NumStability.H16_eq16_29_lyapunov_practical_error_bound_of_pos_le_sylvesterSepInf_computed_residual_certificate
045daf28056a6e4358d5de7c22c7a9d7acc2e80e,1387,a96a7cd796aea92ddc263c89a0ed93380fb0df7690e260664f3754b55c6c79e1,4123639991,26922,2,2,2,0,0,1,0,1,1,0,true,false,1,unique_nonreserved_sink,NumStability.Wave16.sylvesterQQBlockPivots_transport,B_unique_nonreserved_sink,NumStability.Wave16.sylvesterQQBlockPivots_transport | NumStability.Wave16.H16_eq16_6_quasiquasi_sylvesterQQBlockPivots_transport
045daf28056a6e4358d5de7c22c7a9d7acc2e80e,995,a9ebf43bc362b79730e9f50495578510398c38e4bfa824486d45a0f233400797,315673969,26489,2,2,2,0,0,1,0,1,1,0,true,false,1,unique_nonreserved_sink,NumStability.sylvester_practical_error_bound_of_vecCoeff_gram_eigenvalues_computed_residual_certificate_mono,B_unique_nonreserved_sink,NumStability.sylvester_practical_error_bound_of_vecCoeff_gram_eigenvalues_computed_residual_certificate_mono | NumStability.H16_eq16_29_sylvester_practical_error_bound_of_vecCoeff_gram_eigenvalues_computed_residual_certificate_mono
045daf28056a6e4358d5de7c22c7a9d7acc2e80e,1705,aa25d3d56ead2f98e367c910a03be43992b19fa327a528b119310a7c34967781,993530989,26129,2,2,2,0,0,1,0,1,1,0,true,false,1,unique_nonreserved_sink,NumStability.lyapunov_unique_solution_of_sigmaMin,B_unique_nonreserved_sink,NumStability.lyapunov_unique_solution_of_sigmaMin | NumStability.H16_eq16_27_lyapunov_unique_solution_of_sigmaMin
045daf28056a6e4358d5de7c22c7a9d7acc2e80e,453,aaa11c7e405c52dcb0f3f5bf18c1c361c584bd3d1cfe3b74514077f058388473,1901767781,24720,2,1,2,0,0,1,0,0,1,0,true,false,1,unique_nonreserved_sink,NumStability.sylvester_practical_abs_error_bound_of_sepLowerBound_computed_residual_certificate_mono_scalar,B_unique_nonreserved_sink,NumStability.H16_eq16_29_sylvester_practical_abs_error_bound_of_sepLowerBound_computed_residual_certificate_mono_scalar | NumStability.sylvester_practical_abs_error_bound_of_sepLowerBound_computed_residual_certificate_mono_scalar
045daf28056a6e4358d5de7c22c7a9d7acc2e80e,1594,aaa14274c1f13860d71dfdc533fad48d0cc4cbbf11e6f5982fece0144bc86678,727326119,24492,2,2,2,0,0,1,0,1,1,0,true,false,1,unique_nonreserved_sink,NumStability.sylvester_aposteriori_bound_of_sepLowerBound,B_unique_nonreserved_sink,NumStability.sylvester_aposteriori_bound_of_sepLowerBound | NumStability.H16_eq16_28_sylvester_aposteriori_bound_of_sepLowerBound
045daf28056a6e4358d5de7c22c7a9d7acc2e80e,1182,aac58a232acdffb3e0fdb59cd0ccfda8cc5f1b1489ac07710cd57261f836e0ce,357038921,11293,2,1,2,0,0,1,0,0,2,0,true,false,1,unique_nonreserved_sink,NumStability.exists_perturbed_ls_minimizer_of_stored_trailing_householder_sequence_topBlock_fl_backSub_gamma_bound_explicitCompactBudget_of_signed_alpha_leadingBlock_det_ne_zero_kappaInf_selfNorm_dualBudget_rowBudgetControl_globalProduct_of_actualUnitRoundoff_no_gammaValid,B_unique_nonreserved_sink,NumStability.exists_perturbed_ls_minimizer_of_stored_trailing_householder_sequence_topBlock_fl_backSub_gamma_bound_explicitCompactBudget_of_signed_alpha_leadingBlock_det_ne_zero_kappaInf_selfNorm_dualBudget_rowBudgetControl_globalProduct_of_actualUnitRoundoff_no_gammaValid | NumStability.theorem20_3_householder_qr_ls_backward_error_compactBudget_of_rowBudgetControl_dualBudget_actualUnitRoundoff
045daf28056a6e4358d5de7c22c7a9d7acc2e80e,1463,aaf6da9beffd8f82277cd2f1ba1e6f478e74be3f29ebba91bbec36940f6c0b9f,442564509,18765,2,1,2,0,0,1,0,0,2,0,true,false,1,unique_nonreserved_sink,NumStability.higham11_4_bunch_kaufman_stability_of_path_local_D_single_nonzero_L_rows_maxEntryNorm_A,B_unique_nonreserved_sink,NumStability.higham11_4_bunch_kaufman_stability_interface_of_path_local_D_single_nonzero_L_rows_maxEntryNorm_A | NumStability.higham11_4_bunch_kaufman_stability_of_path_local_D_single_nonzero_L_rows_maxEntryNorm_A
045daf28056a6e4358d5de7c22c7a9d7acc2e80e,402,ab09ac7af783e4f8a23a0f9010cad5bf76f541267391c8b5b4e1878f183ea9a6,1771440809,24662,2,2,2,0,0,1,0,1,1,0,true,false,1,unique_nonreserved_sink,NumStability.lyapunovCond_of_inverseOpBound_isLyapunovConditionFirstOrderBound,B_unique_nonreserved_sink,NumStability.lyapunovCond_of_inverseOpBound_isLyapunovConditionFirstOrderBound | NumStability.H16_eq16_27_lyapunovCond_of_inverseOpBound_isLyapunovConditionFirstOrderBound
045daf28056a6e4358d5de7c22c7a9d7acc2e80e,428,ab6f473d1b138c6c550f6375358e94d7ddb9944dc1715d4b6031ce946be8deaf,1823791432,23623,2,2,2,0,0,1,0,1,1,0,true,false,1,unique_nonreserved_sink,NumStability.vecTransposePermutation_mulVec_vec,B_unique_nonreserved_sink,NumStability.vecTransposePermutation_mulVec_vec | NumStability.H16_eq16_27_vecTransposePermutation_mulVec_vec
045daf28056a6e4358d5de7c22c7a9d7acc2e80e,829,abb8930e33fa54ae1ae078a69e32e3c75b20191ff44a1ba464741b580c227d7c,2760621066,26127,2,2,2,0,0,1,0,1,2,0,true,false,1,unique_nonreserved_sink,NumStability.SepLowerBound_lyapunov_of_sigmaMin,B_unique_nonreserved_sink,NumStability.SepLowerBound_lyapunov_of_sigmaMin | NumStability.H16_eq16_26_SepLowerBound_lyapunov_of_sigmaMin
045daf28056a6e4358d5de7c22c7a9d7acc2e80e,911,ac1c80ffdc40f5b9d3eb4765082e6037603897a72d481ea8432371a4024692d6,2949339427,40067,2,2,2,0,0,1,0,1,2,0,true,false,1,unique_nonreserved_sink,NumStability.w_norm_bound_from_cond,B_unique_nonreserved_sink,NumStability.higham10_12_w_norm_bound_from_cond | NumStability.w_norm_bound_from_cond
045daf28056a6e4358d5de7c22c7a9d7acc2e80e,1142,ac483f289fbec987502375d9ea18a962943fd6675c610b14bc8434face202bc3,3506984184,26180,2,2,2,0,0,1,0,1,1,0,true,false,1,unique_nonreserved_sink,NumStability.lyapunov_first_order_bound_of_vecCoeff_sigmaMin,B_unique_nonreserved_sink,NumStability.lyapunov_first_order_bound_of_vecCoeff_sigmaMin | NumStability.H16_eq16_27_lyapunov_first_order_bound_of_vecCoeff_sigmaMin
045daf28056a6e4358d5de7c22c7a9d7acc2e80e,158,ac5443b0ef88a318ea8a8282c5d3ab0e1ac9f756df8e2e1369b78344be1edb75,1193756592,26418,2,2,2,0,0,1,0,1,1,0,true,false,1,unique_nonreserved_sink,NumStability.lyapunov_practical_error_bound_of_vecCoeff_sigmaMin_computed_residual_budget_mono,B_unique_nonreserved_sink,NumStability.lyapunov_practical_error_bound_of_vecCoeff_sigmaMin_computed_residual_budget_mono | NumStability.H16_eq16_29_lyapunov_practical_error_bound_of_vecCoeff_sigmaMin_computed_residual_budget_mono
045daf28056a6e4358d5de7c22c7a9d7acc2e80e,1588,ac67e1bb32be7b1e305eb7b9d2d38f88b33a2a3e9954e5acb990dff9be4a3ed6,72217431,26426,2,2,2,0,0,1,0,1,1,0,true,false,1,unique_nonreserved_sink,NumStability.sylvester_practical_error_bound_of_operator_sigmaMin_computed_residual_certificate_mono_scalar,B_unique_nonreserved_sink,NumStability.sylvester_practical_error_bound_of_operator_sigmaMin_computed_residual_certificate_mono_scalar | NumStability.H16_eq16_29_sylvester_practical_error_bound_of_operator_sigmaMin_computed_residual_certificate_mono_scalar
045daf28056a6e4358d5de7c22c7a9d7acc2e80e,175,ac69b4796fc4b9845c4b62398a7b3b479ff08571c9161944c80f91ff9ed7ef69,1235615590,7703,2,2,2,0,0,1,0,1,2,0,true,false,1,unique_nonreserved_sink,NumStability.columnFrob_matMulRect_le_rectOpNorm2_mul_columnFrob,B_unique_nonreserved_sink,NumStability.columnFrob_matMulRect_le_rectOpNorm2_mul_columnFrob | H19.Theorem19_13.problem1912_columnFrob_matMulRect_le_rectOpNorm2_mul_columnFrob
045daf28056a6e4358d5de7c22c7a9d7acc2e80e,434,acb5070c25502792073357255ccdf3d2f91a57daf54ca19ca259dbe81d5b5724,1837996227,23720,2,2,2,0,0,1,0,1,1,0,true,false,1,unique_nonreserved_sink,NumStability.sylvester_practical_error_bound_of_vecCoeff_det_ne_zero_computed_residual_budget_rect,B_unique_nonreserved_sink,NumStability.sylvester_practical_error_bound_of_vecCoeff_det_ne_zero_computed_residual_budget_rect | NumStability.H16_eq16_29_sylvester_practical_error_bound_of_vecCoeff_det_ne_zero_computed_residual_budget_rect
045daf28056a6e4358d5de7c22c7a9d7acc2e80e,1285,aceed993334a9d29911b93e367e2edd1b08a6395f3b55be6ae23f0e38dd4a2c9,3830508132,26505,2,2,2,0,0,1,0,1,1,0,true,false,1,unique_nonreserved_sink,NumStability.sylvester_practical_error_bound_of_vecCoeff_gram_eigenvalues_computed_residual_budget_mono,B_unique_nonreserved_sink,NumStability.sylvester_practical_error_bound_of_vecCoeff_gram_eigenvalues_computed_residual_budget_mono | NumStability.H16_eq16_29_sylvester_practical_error_bound_of_vecCoeff_gram_eigenvalues_computed_residual_budget_mono
045daf28056a6e4358d5de7c22c7a9d7acc2e80e,809,ad5ca270d8867e43c615f9934ca8db0aea09478890067277b3ed762e163b110c,2711737804,16607,2,1,2,0,0,1,0,0,1,0,true,false,1,unique_nonreserved_sink,NumStability.higham9_15_normwise_source_bound_of_factorization_init_linear_step_opNorm_exact_opNorm2,B_unique_nonreserved_sink,NumStability.higham9_15_normwise_source_bound_of_factorization_G_init_linear_step_opNorm_exact_opNorm2 | NumStability.higham9_15_normwise_source_bound_of_factorization_init_linear_step_opNorm_exact_opNorm2
045daf28056a6e4358d5de7c22c7a9d7acc2e80e,954,adb839508d3cf5e40b46612d5c10e5e6299090ef20339023fd6bb376854f1f07,3050737918,24732,2,1,2,0,0,1,0,0,1,0,true,false,1,unique_nonreserved_sink,NumStability.sylvester_practical_abs_error_bound_of_sepLowerBound_computed_residual_certificate_mono,B_unique_nonreserved_sink,NumStability.H16_eq16_29_sylvester_practical_abs_error_bound_of_sepLowerBound_computed_residual_certificate_mono | NumStability.sylvester_practical_abs_error_bound_of_sepLowerBound_computed_residual_certificate_mono
045daf28056a6e4358d5de7c22c7a9d7acc2e80e,376,add29df5f84d97e95a16dcb3c7bc5edafb469cce997bdc2b49c4d517a0390bd4,1707680901,26454,2,2,2,0,0,1,0,1,1,0,true,false,1,unique_nonreserved_sink,NumStability.sylvester_practical_error_bound_of_vecCoeff_sigmaMin_computed_residual_budget_mono,B_unique_nonreserved_sink,NumStability.sylvester_practical_error_bound_of_vecCoeff_sigmaMin_computed_residual_budget_mono | NumStability.H16_eq16_29_sylvester_practical_error_bound_of_vecCoeff_sigmaMin_computed_residual_budget_mono
045daf28056a6e4358d5de7c22c7a9d7acc2e80e,97,add83e0937b855d471a88e4dc6f071dff5d8621501fd4917bde47a881c0e060a,1067694175,31609,2,1,2,0,0,1,0,0,1,0,true,false,1,unique_nonreserved_sink,NumStability.sylvester_practical_error_bound_fl_of_vecCoeff_gram_eigenvalues,B_unique_nonreserved_sink,NumStability.H16_eq16_29_sylvester_practical_error_bound_fl_of_vecCoeff_gram_eigenvalues | NumStability.sylvester_practical_error_bound_fl_of_vecCoeff_gram_eigenvalues
045daf28056a6e4358d5de7c22c7a9d7acc2e80e,106,addc993fa15774581a077e84a69af2c9afcce0e900ca566df78125971da5daf9,1090302177,7892,2,2,2,0,0,0,0,1,2,0,true,false,1,unique_nonreserved_sink,NumStability.mgsRepairedPerturbation_columnFrob_le_of_column_budget,B_unique_nonreserved_sink,NumStability.mgsRepairedPerturbation_columnFrob_le_of_column_budget | H19.Theorem19_13.problem1912_repairedPerturbation_columnFrob_le_of_column_budget
045daf28056a6e4358d5de7c22c7a9d7acc2e80e,193,adefc0292fac5e8e3c4777280115a6e04d6ca59c9c47b4c746edb56564aee056,1272430120,16384,2,1,2,0,0,1,0,0,1,0,true,false,1,unique_nonreserved_sink,NumStability.higham9_15_normwise_source_bound_of_factorization_linear_step_opNorm_product_lt,B_unique_nonreserved_sink,NumStability.higham9_15_normwise_source_bound_of_factorization_G_linear_step_opNorm_product_lt | NumStability.higham9_15_normwise_source_bound_of_factorization_linear_step_opNorm_product_lt
045daf28056a6e4358d5de7c22c7a9d7acc2e80e,1704,ae0c3f60d53be2f58b7cadf54d5504f756e21d1b9be25b873d0ad06a9f436c50,990871344,26245,2,2,2,0,0,1,0,1,1,0,true,false,1,unique_nonreserved_sink,NumStability.sylvesterVecCoeff_lyapunovSpecial_sigmaMin_of_sepLowerBound,B_unique_nonreserved_sink,NumStability.sylvesterVecCoeff_lyapunovSpecial_sigmaMin_of_sepLowerBound | NumStability.H16_eq16_2_27_sylvesterVecCoeff_lyapunovSpecial_sigmaMin_of_sepLowerBound
045daf28056a6e4358d5de7c22c7a9d7acc2e80e,1050,aedd5807968555a7a60234030265b6acdbd7747c372879351d0439e9cbf8bee8,3319209543,26498,2,2,2,0,0,1,0,1,1,0,true,false,1,unique_nonreserved_sink,NumStability.lyapunov_practical_error_bound_of_vecCoeff_left_inverse_finiteOpNorm2Le_computed_residual_error_model_scalar,B_unique_nonreserved_sink,NumStability.lyapunov_practical_error_bound_of_vecCoeff_left_inverse_finiteOpNorm2Le_computed_residual_error_model_scalar | NumStability.H16_eq16_29_lyapunov_practical_error_bound_of_vecCoeff_left_inverse_finiteOpNorm2Le_computed_residual_error_model_scalar
045daf28056a6e4358d5de7c22c7a9d7acc2e80e,94,aefeffdf5ccee13aee13e0f1c82da77cfd969ee97c98fd03c6242077628138d3,1061861524,24661,2,2,2,0,0,1,0,1,2,0,true,false,1,unique_nonreserved_sink,NumStability.lyapunov_relative_aposteriori_bound_of_sepLowerBound_total,B_unique_nonreserved_sink,NumStability.lyapunov_relative_aposteriori_bound_of_sepLowerBound_total | NumStability.H16_eq16_28_lyapunov_relative_aposteriori_bound_of_sepLowerBound_total
045daf28056a6e4358d5de7c22c7a9d7acc2e80e,1051,af0a80a365d4b5babb32dcd7bf2b2a8a6786848e5f1508a8f61802599cf8a1e9,3325417914,23695,2,2,2,0,0,1,0,1,1,0,true,false,1,unique_nonreserved_sink,NumStability.sylvester_practical_error_bound_of_diagonal_computed_residual_error_model,B_unique_nonreserved_sink,NumStability.sylvester_practical_error_bound_of_diagonal_computed_residual_error_model | NumStability.H16_eq16_29_sylvester_practical_error_bound_of_diagonal_computed_residual_error_model
045daf28056a6e4358d5de7c22c7a9d7acc2e80e,1290,af1aedf944c9d300d11f3e101d718b39fc459fe65ad3a449a27bdef21df06188,3850098694,16153,2,1,2,0,0,1,0,0,1,0,true,false,1,unique_nonreserved_sink,NumStability.higham9_15_normwise_source_bound_of_factorization_min_factor_bound_opNorm_of_matrix_inverse_identities_product_lt,B_unique_nonreserved_sink,NumStability.higham9_15_normwise_source_bound_of_factorization_G_min_factor_bound_opNorm_of_matrix_inverse_identities_product_lt | NumStability.higham9_15_normwise_source_bound_of_factorization_min_factor_bound_opNorm_of_matrix_inverse_identities_product_lt
045daf28056a6e4358d5de7c22c7a9d7acc2e80e,1520,af6bda2a3544ebf2ff07bb0d834d1275fa3338e1c8fc6e6d6d20624d113375fe,56122270,23646,2,2,2,0,0,1,0,1,1,0,true,false,1,unique_nonreserved_sink,NumStability.sylvesterVecCoeff_diagonal_mulVec_eq_zero_iff,B_unique_nonreserved_sink,NumStability.sylvesterVecCoeff_diagonal_mulVec_eq_zero_iff | NumStability.H16_eq16_3_sylvesterVecCoeff_diagonal_mulVec_eq_zero_iff
045daf28056a6e4358d5de7c22c7a9d7acc2e80e,1407,afbb552ece17b4b45d846356c4cf9c91fa4e4a5b3d6b2f399dff0eedb6f5c373,4176302707,26522,2,2,2,0,0,1,0,1,2,0,true,false,1,unique_nonreserved_sink,NumStability.lyapunov_practical_error_bound_of_operator_sigmaMin_computed_residual_certificate,B_unique_nonreserved_sink,NumStability.lyapunov_practical_error_bound_of_operator_sigmaMin_computed_residual_certificate | NumStability.H16_eq16_29_lyapunov_practical_error_bound_of_operator_sigmaMin_computed_residual_certificate
045daf28056a6e4358d5de7c22c7a9d7acc2e80e,1458,afd3202aa3493596d47276eae4e6d9b14cc29056540a6c203b0586fd5512e1bf,433181227,23703,2,2,2,0,0,1,0,1,2,0,true,false,1,unique_nonreserved_sink,NumStability.sylvester_practical_error_bound_of_computed_residual_error_model_mono,B_unique_nonreserved_sink,NumStability.sylvester_practical_error_bound_of_computed_residual_error_model_mono | NumStability.H16_eq16_29_sylvester_practical_error_bound_of_computed_residual_error_model_mono
045daf28056a6e4358d5de7c22c7a9d7acc2e80e,1265,aff7773a0e256eccd6c2bbbf5112cd1dd508d781832a86cff2b404900c9ad74d,3776914025,26258,2,2,2,0,0,1,0,1,2,0,true,false,1,unique_nonreserved_sink,NumStability.sylvester_perturbation_bound_of_vecCoeff_sigmaMin_total,B_unique_nonreserved_sink,NumStability.sylvester_perturbation_bound_of_vecCoeff_sigmaMin_total | NumStability.H16_eq16_25_sylvester_perturbation_bound_of_vecCoeff_sigmaMin_total
045daf28056a6e4358d5de7c22c7a9d7acc2e80e,147,b0247d8746d2559a8cc75f49b89bd2ee06b08ffd1c4fe992c3f6252995dd8d00,1172047620,14876,2,1,2,0,0,1,0,0,2,0,true,false,1,unique_nonreserved_sink,NumStability.higham9_11_matrix_bandwidth_one_bohte_solve_tight,B_unique_nonreserved_sink,NumStability.higham9_11_matrix_bandwidth_one_bohte_solve_tight | NumStability.higham9_11_matrix_tridiagonal_bohte_solve_tight
045daf28056a6e4358d5de7c22c7a9d7acc2e80e,113,b07af7eada89a2e4efc3a71a8770517add78be9acd42a3682485558198a0e27c,1102497903,31528,2,1,2,0,0,1,0,0,1,0,true,false,1,unique_nonreserved_sink,NumStability.sylvester_realQuasiSchur_factors_twoBlockSpectral_block_and_det_ne_zero_of_pos_le_sylvesterSepInf,B_unique_nonreserved_sink,NumStability.H16_eq16_4_8_sylvester_realQuasiSchur_factors_twoBlockSpectral_block_and_det_ne_zero_of_pos_le_sylvesterSepInf | NumStability.sylvester_realQuasiSchur_factors_twoBlockSpectral_block_and_det_ne_zero_of_pos_le_sylvesterSepInf
045daf28056a6e4358d5de7c22c7a9d7acc2e80e,699,b0ab4e3287c57dc7b471808c45716e821f579959169893d85082b6e8a1f806ae,2435990551,31553,2,1,2,0,0,1,0,0,2,0,true,false,1,unique_nonreserved_sink,NumStability.existsUnique_isSylvesterSolutionRect_of_realQuasiSchur_schedule_sepLowerBound_generated_step_formula_witness,B_unique_nonreserved_sink,NumStability.H16_eq16_4_8_existsUnique_isSylvesterSolutionRect_of_realQuasiSchur_schedule_sepLowerBound | NumStability.existsUnique_isSylvesterSolutionRect_of_realQuasiSchur_schedule_sepLowerBound_generated_step_formula_witness
045daf28056a6e4358d5de7c22c7a9d7acc2e80e,429,b0c8ae243ca6a29ef2cdfd0e32cfe1b496aa5095ccdd936406e7b14fc1eb4b0a,1826113397,24564,2,2,2,0,0,1,0,1,1,0,true,false,1,unique_nonreserved_sink,NumStability.lyapunovXiSq_le_two_eta_sq_of_backward_error_spectral,B_unique_nonreserved_sink,NumStability.lyapunovXiSq_le_two_eta_sq_of_backward_error_spectral | NumStability.H16_eq16_21_lyapunovXiSq_le_two_eta_sq_of_backward_error_spectral
045daf28056a6e4358d5de7c22c7a9d7acc2e80e,262,b0dc808f7ce0840efe7e6562803ed640973042f103825257cb9be91ed8fda5e5,1433127129,16291,2,1,2,0,0,1,0,0,1,0,true,false,1,unique_nonreserved_sink,NumStability.higham9_15_normwise_source_bound_of_factorization_init_linear_step_opNorm_one_residual_of_factor_triangularity,B_unique_nonreserved_sink,NumStability.higham9_15_normwise_source_bound_of_factorization_G_init_linear_step_opNorm_one_residual_of_factor_triangularity | NumStability.higham9_15_normwise_source_bound_of_factorization_init_linear_step_opNorm_one_residual_of_factor_triangularity
045daf28056a6e4358d5de7c22c7a9d7acc2e80e,1532,b122bc79fab52cdde9f83c1f7ab7075a8cf0d7684e5d17da82df9e563d21a5e3,586860442,24780,2,1,2,0,0,1,0,1,2,0,true,false,1,unique_nonreserved_sink,NumStability.sylvester_realQuasiSchur_transform_solution_iff,B_unique_nonreserved_sink,NumStability.H16_eq16_4_5_sylvester_realQuasiSchur_transform_solution_iff | NumStability.sylvester_realQuasiSchur_transform_solution_iff
045daf28056a6e4358d5de7c22c7a9d7acc2e80e,1255,b16b2df74c720d40cb4260cba7eabeaff74f4662747befeece07049c77d905d4,3761520876,18934,2,1,2,0,0,1,0,0,2,0,true,false,1,unique_nonreserved_sink,NumStability.higham11_4_bunch_kaufman_solve_backward_error_of_blockDiagonalD_and_tail_L_row_sum_bound_first_stage_recursive_maxEntryNorm_A,B_unique_nonreserved_sink,NumStability.higham11_4_bunch_kaufman_solve_backward_error_interface_of_blockDiagonalD_and_tail_L_row_sum_bound_first_stage_recursive_maxEntryNorm_A | NumStability.higham11_4_bunch_kaufman_solve_backward_error_of_blockDiagonalD_and_tail_L_row_sum_bound_first_stage_recursive_maxEntryNorm_A
045daf28056a6e4358d5de7c22c7a9d7acc2e80e,1382,b1742501ee0000b3c45f71f1d768b52876084779a72d0d78fe0209d76a9686be,4107846625,26413,2,2,2,0,0,1,0,1,1,0,true,false,1,unique_nonreserved_sink,NumStability.sylvester_practical_error_bound_of_vecCoeff_left_inverse_finiteOpNorm2Le_computed_residual_certificate_mono,B_unique_nonreserved_sink,NumStability.sylvester_practical_error_bound_of_vecCoeff_left_inverse_finiteOpNorm2Le_computed_residual_certificate_mono | NumStability.H16_eq16_29_sylvester_practical_error_bound_of_vecCoeff_left_inverse_finiteOpNorm2Le_computed_residual_certificate_mono
045daf28056a6e4358d5de7c22c7a9d7acc2e80e,781,b184693d6e00d3a7e40321532e0f19a9932557d4c38d31795a039c84086ca89c,2633226560,16141,2,1,2,0,0,1,0,0,1,0,true,false,1,unique_nonreserved_sink,NumStability.higham9_15_normwise_source_bound_of_factorization_linear_step_opNorm_of_matrix_inverse_identities,B_unique_nonreserved_sink,NumStability.higham9_15_normwise_source_bound_of_factorization_G_linear_step_opNorm_of_matrix_inverse_identities | NumStability.higham9_15_normwise_source_bound_of_factorization_linear_step_opNorm_of_matrix_inverse_identities
045daf28056a6e4358d5de7c22c7a9d7acc2e80e,850,b18fce450f5ba883c0f3d5057339ea00de95142c1b6fbbb2bd9570dc4ec744aa,2812163634,31492,2,2,2,0,0,1,0,1,1,0,true,false,1,unique_nonreserved_sink,NumStability.exists_SepLowerBound_schurDiagonal_of_entrywise_ne,B_unique_nonreserved_sink,NumStability.H16_eq16_2_3_26_exists_SepLowerBound_schurDiagonal_of_entrywise_ne | NumStability.exists_SepLowerBound_schurDiagonal_of_entrywise_ne
045daf28056a6e4358d5de7c22c7a9d7acc2e80e,1556,b1d9edd320ec0a498d79c9512319b2927128d5ae43c57cc6a3e3ab3f8ae44a86,645804092,15912,2,1,2,0,0,1,0,0,1,0,true,false,1,unique_nonreserved_sink,NumStability.higham9_15_normwise_source_bound_of_factorization_linear_step_opNorm_exact_opNorm2,B_unique_nonreserved_sink,NumStability.higham9_15_normwise_source_bound_of_factorization_G_linear_step_opNorm_exact_opNorm2 | NumStability.higham9_15_normwise_source_bound_of_factorization_linear_step_opNorm_exact_opNorm2
045daf28056a6e4358d5de7c22c7a9d7acc2e80e,1235,b23514c90debe2694e6dfe6cc6f9f1d870e65ff905df75eb768aea57950af158,3714303631,26942,2,2,2,0,0,1,0,1,1,0,true,false,1,unique_nonreserved_sink,NumStability.Wave16.sylvesterVecCoeff_quasiQuasi_blockBackSub_componentwise_residual,B_unique_nonreserved_sink,NumStability.Wave16.sylvesterVecCoeff_quasiQuasi_blockBackSub_componentwise_residual | NumStability.Wave16.H16_eq16_8_quasiquasi_sylvesterVecCoeff_blockBackSub_componentwise_residual
045daf28056a6e4358d5de7c22c7a9d7acc2e80e,204,b2474edda66664e8ff90ba70454e5d435cf9087c962cf897f791fc0813b006f2,1305825530,24855,2,1,2,0,0,1,0,0,1,0,true,false,1,unique_nonreserved_sink,NumStability.sylvester_practical_error_bound_of_realQuasiSchur_strictBlockMap_shifted_computed_residual_certificate_mono,B_unique_nonreserved_sink,NumStability.H16_eq16_29_realQuasiSchur_strictBlockMap_shifted_computed_residual_certificate_mono | NumStability.sylvester_practical_error_bound_of_realQuasiSchur_strictBlockMap_shifted_computed_residual_certificate_mono
045daf28056a6e4358d5de7c22c7a9d7acc2e80e,117,b286bc4c76555d406ae84fb56daebeb14cfdf1ae225b06a90b37fee47c17164c,1108673749,16207,2,1,2,0,0,1,0,0,1,0,true,false,1,unique_nonreserved_sink,NumStability.higham9_15_normwise_source_bound_of_factorization_init_linear_step_opNorm_one_residual,B_unique_nonreserved_sink,NumStability.higham9_15_normwise_source_bound_of_factorization_G_init_linear_step_opNorm_one_residual | NumStability.higham9_15_normwise_source_bound_of_factorization_init_linear_step_opNorm_one_residual
045daf28056a6e4358d5de7c22c7a9d7acc2e80e,1684,b2ebf64c85ac9a3cc45c1705856ec826888a33d950e57fc12c51a6381e7dbb68,93717404,26428,2,2,2,0,0,1,0,1,1,0,true,false,1,unique_nonreserved_sink,NumStability.lyapunov_practical_error_bound_of_sepLowerBound_computed_residual_certificate_scalar,B_unique_nonreserved_sink,NumStability.lyapunov_practical_error_bound_of_sepLowerBound_computed_residual_certificate_scalar | NumStability.H16_eq16_29_lyapunov_practical_error_bound_of_sepLowerBound_computed_residual_certificate_scalar
045daf28056a6e4358d5de7c22c7a9d7acc2e80e,1160,b3184c072ac5cf39460881388d2beea98a19a56479a7424cef52a7339c584c92,3531354309,24846,2,1,2,0,0,1,0,0,1,0,true,false,1,unique_nonreserved_sink,NumStability.sylvester_quasiSchur_blockTraversal_solution_of_det_frontier_step_oracle,B_unique_nonreserved_sink,NumStability.H16_eq16_4_8_sylvester_quasiSchur_blockTraversal_solution_of_det_frontier_step_oracle | NumStability.sylvester_quasiSchur_blockTraversal_solution_of_det_frontier_step_oracle
045daf28056a6e4358d5de7c22c7a9d7acc2e80e,659,b31ef3420429050f808db1e1f15c98e9a477c234b6990f5778b2acabcf49ec86,2353666346,24865,2,1,2,0,0,1,0,0,2,0,true,false,1,unique_nonreserved_sink,NumStability.sylvester_practical_error_bound_of_schurTriangular_computed_residual_budget_scalar,B_unique_nonreserved_sink,NumStability.H16_eq16_29_schurTriangular_computed_residual_budget_scalar | NumStability.sylvester_practical_error_bound_of_schurTriangular_computed_residual_budget_scalar
045daf28056a6e4358d5de7c22c7a9d7acc2e80e,695,b39fa798fd5a18270565975d6f879bfdc6df6a800a99f16ef2a66c42e3137c5b,2423910307,24835,2,1,2,0,0,1,0,1,1,0,true,false,1,unique_nonreserved_sink,NumStability.sylvesterTriangularShiftedCoeff_det_ne_zero_of_singleton_global_vecCoeff_det_ne_zero,B_unique_nonreserved_sink,NumStability.H16_eq16_6_sylvesterTriangularShiftedCoeff_det_ne_zero_of_singleton_global_vecCoeff_det_ne_zero | NumStability.sylvesterTriangularShiftedCoeff_det_ne_zero_of_singleton_global_vecCoeff_det_ne_zero
045daf28056a6e4358d5de7c22c7a9d7acc2e80e,196,b3c6d9ac58735605cd868ec689d87722f84f7e6e24c53274557ffe07b0058abe,1280291766,24640,2,2,2,0,0,1,0,1,1,0,true,false,1,unique_nonreserved_sink,NumStability.sylvesterSepInf_lyapunov_diagonal_ge_of_entrywise_abs_ge,B_unique_nonreserved_sink,NumStability.sylvesterSepInf_lyapunov_diagonal_ge_of_entrywise_abs_ge | NumStability.H16_eq16_26_sylvesterSepInf_lyapunov_diagonal_ge_of_entrywise_abs_ge
045daf28056a6e4358d5de7c22c7a9d7acc2e80e,1412,b3e1c70c51ac7df586e0a392eccf0dfc5c44ef8e01e0176442425de3f67e8dfa,4183232780,26971,2,2,2,0,0,1,0,1,1,0,true,false,1,unique_nonreserved_sink,NumStability.Wave15.sylvesterQuasiSchurBackSubCoeff_growth,B_unique_nonreserved_sink,NumStability.Wave15.sylvesterQuasiSchurBackSubCoeff_growth | NumStability.Wave15.H16_eq16_6_quasi_sylvesterQuasiSchurBackSubCoeff_growth
045daf28056a6e4358d5de7c22c7a9d7acc2e80e,608,b3f348e1d23efda08b75f1a31700914ea9c9b81a0a4558d6b08747e9b25c7d6b,226130037,24555,2,2,2,0,0,1,0,1,1,0,true,false,1,unique_nonreserved_sink,NumStability.lyapunovBackwardScalarEq_iff_diagMatrix_eq,B_unique_nonreserved_sink,NumStability.lyapunovBackwardScalarEq_iff_diagMatrix_eq | NumStability.H16_eq16_21_lyapunovBackwardScalarEq_iff_diagMatrix_eq
045daf28056a6e4358d5de7c22c7a9d7acc2e80e,1381,b4181850061d0e012d83b7e765f9b1bf2f7a38acfcb747975c825aa70297c6bb,4107063533,24691,2,1,2,0,0,1,0,0,1,0,true,false,1,unique_nonreserved_sink,NumStability.sylvester_practical_error_bound_of_schur_transform_residual_bound_mono_scalar,B_unique_nonreserved_sink,NumStability.H16_eq16_29_sylvester_practical_error_bound_of_schur_transform_residual_bound_mono_scalar | NumStability.sylvester_practical_error_bound_of_schur_transform_residual_bound_mono_scalar
045daf28056a6e4358d5de7c22c7a9d7acc2e80e,1668,b4b35879b8f0caeec49e6a98d9af87fd6e01ce9d98d30110f0f9f4a89d73d254,905869575,24943,2,1,2,0,0,1,0,1,2,0,true,false,1,unique_nonreserved_sink,NumStability.sylvesterVecCoeff_det_ne_zero_of_no_common_complex_eigenpair,B_unique_nonreserved_sink,NumStability.H16_eq16_3_sylvesterVecCoeff_det_ne_zero_of_no_common_complex_eigenpair | NumStability.sylvesterVecCoeff_det_ne_zero_of_no_common_complex_eigenpair
045daf28056a6e4358d5de7c22c7a9d7acc2e80e,130,b4ec9e883fbaaa9e434c77b8ecdbfef0656279b6e1818d091f83b67c23201d96,1121405411,9494,2,2,2,0,0,1,0,1,2,0,true,false,1,unique_nonreserved_sink,NumStability.Wave18D.pivotRow_entrywiseBudget_incurs_sqrt_m,B_unique_nonreserved_sink,NumStability.theorem20_7_pivot_row_entrywiseBudget_incurs_sqrt_m_of_ch19_row_specific_route | NumStability.Wave18D.pivotRow_entrywiseBudget_incurs_sqrt_m
045daf28056a6e4358d5de7c22c7a9d7acc2e80e,1326,b5241246726f5e26e5ecdc45d2d225c0bc3fd2e1606b2246fff66e97b8c3c564,3934919201,26399,2,2,2,0,0,1,0,1,1,0,true,false,1,unique_nonreserved_sink,NumStability.lyapunov_relative_perturbation_of_vecCoeff_left_inverse_finiteOpNorm2Le_total,B_unique_nonreserved_sink,NumStability.lyapunov_relative_perturbation_of_vecCoeff_left_inverse_finiteOpNorm2Le_total | NumStability.H16_eq16_27_lyapunov_relative_perturbation_of_vecCoeff_left_inverse_finiteOpNorm2Le_total
045daf28056a6e4358d5de7c22c7a9d7acc2e80e,468,b531f0eee414bddd7b3f30cfd721a24d58812707bf618dc6bbad90c428324a51,1935789470,3066,2,2,2,0,0,0,0,1,2,0,true,false,1,unique_nonreserved_sink,NumStability.matMul_diagMatrix_right,B_unique_nonreserved_sink,NumStability.Xscaled_entry | NumStability.matMul_diagMatrix_right
045daf28056a6e4358d5de7c22c7a9d7acc2e80e,563,b57ba7fff383ca55a9d0f930a2a07e2d0afe7c24a96a971d62e5f5d8135828cd,2184283544,24466,2,2,2,0,0,1,0,1,1,0,true,false,1,unique_nonreserved_sink,NumStability.sylvester_perturbation_equation,B_unique_nonreserved_sink,NumStability.sylvester_perturbation_equation | NumStability.H16_eq16_22_sylvester_perturbation_equation
045daf28056a6e4358d5de7c22c7a9d7acc2e80e,950,b59902ac8393a0816218a0747c803ed19e2d38ee0818af26490e49c1b4726244,3043974609,26383,2,2,2,0,0,1,0,1,2,0,true,false,1,unique_nonreserved_sink,NumStability.sylvester_relative_aposteriori_bound_of_vecCoeff_sigmaMin_total,B_unique_nonreserved_sink,NumStability.sylvester_relative_aposteriori_bound_of_vecCoeff_sigmaMin_total | NumStability.H16_eq16_28_sylvester_relative_aposteriori_bound_of_vecCoeff_sigmaMin_total
045daf28056a6e4358d5de7c22c7a9d7acc2e80e,743,b5d5a59b8c854a612f75b5b25eeff689587e385d2f385c37a5ad8e54ac929351,2531507514,51222,2,2,2,0,0,1,0,1,0,0,true,false,1,unique_nonreserved_sink,NumStability.Higham22SourceRoundModel.flAdd_zero_right,B_unique_nonreserved_sink,NumStability.higham22Closure_source_flAdd_zero_right | NumStability.Higham22SourceRoundModel.flAdd_zero_right
045daf28056a6e4358d5de7c22c7a9d7acc2e80e,1084,b5e2c33310c7c876768ec020e4c3a6c3f72d8f81f4da626fbba25c892ef920ae,3381668563,18457,2,2,2,0,0,1,0,1,2,0,true,false,1,unique_nonreserved_sink,NumStability.blockLDLT_assemble_step,B_unique_nonreserved_sink,NumStability.blockLDLT_assemble_step | NumStability.higham11_3_blockLDLT_assemble_step
045daf28056a6e4358d5de7c22c7a9d7acc2e80e,762,b608e816a7bf46b708979819d3f57404341688bfc8163356604dc12b4b488cb3,2584057504,14881,2,1,2,0,0,1,0,0,2,0,true,false,1,unique_nonreserved_sink,NumStability.higham9_11_matrix_pentadiagonal_bohte_solve_tight_of_growth_le,B_unique_nonreserved_sink,NumStability.higham9_11_matrix_bandwidth_two_bohte_solve_tight_of_growth_le | NumStability.higham9_11_matrix_pentadiagonal_bohte_solve_tight_of_growth_le
045daf28056a6e4358d5de7c22c7a9d7acc2e80e,237,b62256e64455cd21cdd68feb4ab3a914f4f48c38f1f66f2f06f16e711f814283,1381735295,24900,2,1,2,0,0,1,0,0,1,0,true,false,1,unique_nonreserved_sink,NumStability.existsUnique_isSylvesterSolutionRect_of_quasiSchur_twoBlockSpectral_det_separation_generated_frontier_step_oracle,B_unique_nonreserved_sink,NumStability.H16_eq16_4_8_existsUnique_isSylvesterSolutionRect_of_quasiSchur_twoBlockSpectral_det_separation_generated_frontier_step_oracle | NumStability.existsUnique_isSylvesterSolutionRect_of_quasiSchur_twoBlockSpectral_det_separation_generated_frontier_step_oracle
045daf28056a6e4358d5de7c22c7a9d7acc2e80e,491,b634c56b53254582dff93d05582a0b195b48efff632607719ef096fae746fe6f,1994111595,23721,2,2,2,0,0,1,0,1,1,0,true,false,1,unique_nonreserved_sink,NumStability.sylvester_practical_error_bound_of_vecCoeff_det_ne_zero_computed_residual_certificate,B_unique_nonreserved_sink,NumStability.sylvester_practical_error_bound_of_vecCoeff_det_ne_zero_computed_residual_certificate | NumStability.H16_eq16_29_sylvester_practical_error_bound_of_vecCoeff_det_ne_zero_computed_residual_certificate
045daf28056a6e4358d5de7c22c7a9d7acc2e80e,1210,b67bef9ff63652b10b459859d484dff176a4d345d7e25f0a7a6b4331b2d3322a,3647881253,19697,2,2,2,0,0,1,0,1,2,0,true,false,1,unique_nonreserved_sink,NumStability.bunch_tridiagonal_alpha_lt_one,B_unique_nonreserved_sink,NumStability.Ch11Closure.BunchTriFactor.alpha_lt_one | NumStability.bunch_tridiagonal_alpha_lt_one
045daf28056a6e4358d5de7c22c7a9d7acc2e80e,724,b6a01e69c886271802bedef81d298b3945bffc8f4d358648539df2234244a830,2485121883,31511,2,1,2,0,0,1,0,0,1,0,true,false,1,unique_nonreserved_sink,NumStability.lyapunov_first_order_bound_spectralDiagonal_of_vecCoeff_entrywise_abs_ge,B_unique_nonreserved_sink,NumStability.H16_eq16_27_lyapunov_first_order_bound_spectralDiagonal_of_vecCoeff_entrywise_abs_ge | NumStability.lyapunov_first_order_bound_spectralDiagonal_of_vecCoeff_entrywise_abs_ge
045daf28056a6e4358d5de7c22c7a9d7acc2e80e,92,b6ade14c3861da414d666b987d986c07547750d48abd6b497113821c5858606f,105530579,19254,2,1,2,0,0,1,0,0,2,0,true,false,1,unique_nonreserved_sink,NumStability.higham11_4_bunch_kaufman_stability_of_first_stage_recursive_higham_const_split_six_row_sum_exact_budgets,B_unique_nonreserved_sink,NumStability.higham11_4_bunch_kaufman_stability_interface_of_first_stage_recursive_higham_const_split_six_row_sum_exact_budgets | NumStability.higham11_4_bunch_kaufman_stability_of_first_stage_recursive_higham_const_split_six_row_sum_exact_budgets
045daf28056a6e4358d5de7c22c7a9d7acc2e80e,301,b6c2123bf47d34d71905f812e6e254c0e4d3da7560c9aab73c3b5d4be7c104fc,1564722728,24262,2,2,2,0,0,1,0,1,2,0,true,false,1,unique_nonreserved_sink,NumStability.sylvester_practical_error_bound_of_realQuasiSchur_strictBlockMap_computed_residual_certificate_mono,B_unique_nonreserved_sink,NumStability.sylvester_practical_error_bound_of_realQuasiSchur_strictBlockMap_computed_residual_certificate_mono | NumStability.H16_eq16_29_realQuasiSchur_strictBlockMap_computed_residual_certificate_mono
045daf28056a6e4358d5de7c22c7a9d7acc2e80e,593,b6cd17f01f9aa4d85282c8d69e814ff316450cabbfdd0a4ee37c45ad7588c9b5,2241483997,31526,2,1,2,0,0,1,0,0,1,0,true,false,1,unique_nonreserved_sink,NumStability.sylvester_realQuasiSchur_factors_twoBlockSpectral_block_and_det_ne_zero_of_vecCoeff_sigmaMin,B_unique_nonreserved_sink,NumStability.H16_eq16_4_8_sylvester_realQuasiSchur_factors_twoBlockSpectral_block_and_det_ne_zero_of_vecCoeff_sigmaMin | NumStability.sylvester_realQuasiSchur_factors_twoBlockSpectral_block_and_det_ne_zero_of_vecCoeff_sigmaMin
045daf28056a6e4358d5de7c22c7a9d7acc2e80e,1044,b6d52c00803c7f0c1e5a6d893b7529b372b083e03da99439de5861f1dbe7daca,3297339495,56614,2,2,2,0,0,1,0,1,2,0,true,false,1,unique_nonreserved_sink,NumStability.finiteKahanHeronAB_eq_exact_of_kahanOrderedTriangleSides,B_unique_nonreserved_sink,NumStability.finiteKahanHeronAB_eq_exact_of_kahanOrderedTriangleSides | NumStability.problem2_22_guard_digit_a_sub_b_exact
045daf28056a6e4358d5de7c22c7a9d7acc2e80e,39,b6eb889231ad61afd0b4a68430779e0c11f83c21fea742bd868a617a2fd7459f,1048044882,26136,3,2,3,0,0,2,0,1,3,0,true,false,2,unique_nonreserved_sink,NumStability.sylvesterSepInf_lyapunov_pos_of_sigmaMin,B_unique_nonreserved_sink,NumStability.sylvesterSepInf_lyapunov_pos_of_sigmaMin | NumStability.H16_eq16_26_sylvesterSepInf_lyapunov_pos_of_sigmaMin | NumStability.H16_eq16_27_sylvesterSepInf_lyapunov_pos_of_sigmaMin
045daf28056a6e4358d5de7c22c7a9d7acc2e80e,1545,b726a0569a8f9df3dfcadd6debeedaa2e30bfd184aad909440245a1fd29aec11,61764646,6823,2,2,2,0,0,1,0,1,2,0,true,false,1,unique_nonreserved_sink,NumStability.storedQRSignedStage_pivot_zeroing_field_of_trailingNorm_pos,B_unique_nonreserved_sink,NumStability.storedQRSignedStage_pivot_zeroing_field_of_trailingNorm_pos | H19.Theorem19_6.stored_signed_stage_pivot_zeroing_field_of_trailingNorm_pos
045daf28056a6e4358d5de7c22c7a9d7acc2e80e,1128,b746daf3636ea468f2321e3dcfa867dd2c59b0dd0c1f53f5cbb8e59e4b487153,3472967181,24462,2,2,2,0,0,1,0,1,1,0,true,false,1,unique_nonreserved_sink,NumStability.sylvesterScaledPerturbationTripleNorm_le_sqrt_three_mul,B_unique_nonreserved_sink,NumStability.sylvesterScaledPerturbationTripleNorm_le_sqrt_three_mul | NumStability.H16_eq16_23_sylvesterScaledPerturbationTripleNorm_le_sqrt_three_mul
045daf28056a6e4358d5de7c22c7a9d7acc2e80e,1167,b74e7b46b636b9a8e0ff538ab295e8317fd0f25b1c17ac81be231b7cf9eb4d13,3541365850,16088,2,1,2,0,0,1,0,0,1,0,true,false,1,unique_nonreserved_sink,NumStability.higham9_15_normwise_source_bound_of_factorization_right_zero_opNorm_product_lt,B_unique_nonreserved_sink,NumStability.higham9_15_normwise_source_bound_of_factorization_G_right_zero_opNorm_product_lt | NumStability.higham9_15_normwise_source_bound_of_factorization_right_zero_opNorm_product_lt
045daf28056a6e4358d5de7c22c7a9d7acc2e80e,128,b7b667e6f0b7c22ddb25def3ff27e1cce0540cc3b8ec2554952116ba771640f6,1119206267,24959,2,1,2,0,0,1,0,0,1,0,true,false,1,unique_nonreserved_sink,NumStability.existsUnique_sylvesterVecCoeff_schurTriangular_mulVec,B_unique_nonreserved_sink,NumStability.H16_eq16_2_6_existsUnique_sylvesterVecCoeff_schurTriangular_mulVec | NumStability.existsUnique_sylvesterVecCoeff_schurTriangular_mulVec
045daf28056a6e4358d5de7c22c7a9d7acc2e80e,432,b83598d2875344a2d0bd26062132bba2a9a75eb3ce82b911103ec61d3fa60c21,1831667562,31510,2,2,2,0,0,1,0,1,1,0,true,false,1,unique_nonreserved_sink,NumStability.exists_sylvesterSepInf_schurDiagonal_pos_lower_bound_of_entrywise_ne,B_unique_nonreserved_sink,NumStability.H16_eq16_2_3_26_exists_sylvesterSepInf_schurDiagonal_pos_lower_bound_of_entrywise_ne | NumStability.exists_sylvesterSepInf_schurDiagonal_pos_lower_bound_of_entrywise_ne
045daf28056a6e4358d5de7c22c7a9d7acc2e80e,920,b843882da5cb95d16e1405a4ce6ee6b53855a92636fb95b058c2665cf0eefe59,2976011523,26408,2,2,2,0,0,1,0,1,1,0,true,false,1,unique_nonreserved_sink,NumStability.lyapunov_relative_residual_le_backwardErrorInf_of_symmetric_spectral,B_unique_nonreserved_sink,NumStability.lyapunov_relative_residual_le_backwardErrorInf_of_symmetric_spectral | NumStability.H16_eq16_21_lyapunov_relative_residual_le_backwardErrorInf_of_symmetric_spectral
045daf28056a6e4358d5de7c22c7a9d7acc2e80e,1134,b883a472eaaf33df2a1574efb3ee50947cb11ffd9f1e270b27a961da99c3f671,3491880553,6881,2,2,2,0,0,1,0,1,2,0,true,false,1,unique_nonreserved_sink,NumStability.fl_householderStoredPanelStep_eq_applyMatrixRect_of_active_not_below,B_unique_nonreserved_sink,NumStability.fl_householderStoredPanelStep_eq_applyMatrixRect_of_active_not_below | H19.Theorem19_13.storedPanelStep_eq_applyMatrixRect_of_active_not_below
045daf28056a6e4358d5de7c22c7a9d7acc2e80e,963,b88777d4c319c2280673ebb30ca8c90a6e48a392fd8a15b93666fee35e3c7b02,3068811387,14931,2,1,2,0,0,0,0,1,2,0,true,false,1,unique_nonreserved_sink,NumStability.higham9_11_bohteBound_tridiagonal,B_unique_nonreserved_sink,NumStability.higham9_11_bohteBound_bandwidth_one_formula | NumStability.higham9_11_bohteBound_tridiagonal
045daf28056a6e4358d5de7c22c7a9d7acc2e80e,473,b88f50726240f9fa99a064a6177867208801bf46936007aab4f5b1f3e66b3baf,1953330802,26299,2,2,2,0,0,1,0,1,1,0,true,false,1,unique_nonreserved_sink,NumStability.lyapunov_relative_aposteriori_bound_of_vecCoeff_left_inverse_finiteOpNorm2Le,B_unique_nonreserved_sink,NumStability.lyapunov_relative_aposteriori_bound_of_vecCoeff_left_inverse_finiteOpNorm2Le | NumStability.H16_eq16_28_lyapunov_relative_aposteriori_bound_of_vecCoeff_left_inverse_finiteOpNorm2Le
045daf28056a6e4358d5de7c22c7a9d7acc2e80e,83,b8afd803aad8f9f3ed1885d578841a17bd39fa687739bd6ce9c5501c944a8161,1024917557,26466,2,2,2,0,0,1,0,1,1,0,true,false,1,unique_nonreserved_sink,NumStability.lyapunov_practical_error_bound_of_sepLowerBound_computed_residual_budget,B_unique_nonreserved_sink,NumStability.lyapunov_practical_error_bound_of_sepLowerBound_computed_residual_budget | NumStability.H16_eq16_29_lyapunov_practical_error_bound_of_sepLowerBound_computed_residual_budget
045daf28056a6e4358d5de7c22c7a9d7acc2e80e,1199,b8bcb978e8370f302e780a66b02516ba1cbb3152fa419972cc4b1e69a67379d2,3617024484,23664,2,2,2,0,0,1,0,1,2,0,true,false,1,unique_nonreserved_sink,NumStability.sylvester_practical_error_bound_of_computed_residual_certificate_scalar,B_unique_nonreserved_sink,NumStability.sylvester_practical_error_bound_of_computed_residual_certificate_scalar | NumStability.H16_eq16_29_sylvester_practical_error_bound_of_computed_residual_certificate_scalar
045daf28056a6e4358d5de7c22c7a9d7acc2e80e,1542,b8c7ac7dcad2b5c89acb077e6de3a7c73dc2fddf6a5fff9a7a42d19c54240029,60713699,24608,2,2,2,0,0,1,0,1,1,0,true,false,1,unique_nonreserved_sink,NumStability.lyapunov_residual_bound_of_backward_error,B_unique_nonreserved_sink,NumStability.lyapunov_residual_bound_of_backward_error | NumStability.H16_eq16_21_lyapunov_residual_bound_of_backward_error
045daf28056a6e4358d5de7c22c7a9d7acc2e80e,1247,b8d62396f35cc3141c161899cc533fb15077805eed63d185cd1c7055727558b6,3737313249,3161,2,2,2,0,0,0,0,2,1,0,true,false,1,unique_nonreserved_sink,NumStability.LUFactSpec.det_ne_zero_iff_U_diag_ne_zero,B_unique_nonreserved_sink,NumStability.LUFactSpec.det_ne_zero_iff_U_diag_ne_zero | NumStability.higham9_1_det_ne_zero_iff_pivots_ne_zero
045daf28056a6e4358d5de7c22c7a9d7acc2e80e,811,b8ddccdea4ff8eb220d8353e52cf70d7a435649d1058e860f4c7f33c96143cde,2715225398,26452,2,2,2,0,0,1,0,1,1,0,true,false,1,unique_nonreserved_sink,NumStability.lyapunov_practical_error_bound_of_sepLowerBound_computed_residual_error_model_mono,B_unique_nonreserved_sink,NumStability.lyapunov_practical_error_bound_of_sepLowerBound_computed_residual_error_model_mono | NumStability.H16_eq16_29_lyapunov_practical_error_bound_of_sepLowerBound_computed_residual_error_model_mono
045daf28056a6e4358d5de7c22c7a9d7acc2e80e,591,b8e58c4fff25da257a6d69f45a36d2e9e7e418a4ad823465c33e4295c93d25cc,2233737710,26533,2,2,2,0,0,1,0,1,1,0,true,false,1,unique_nonreserved_sink,NumStability.sylvester_practical_error_bound_of_vecCoeff_gram_eigenvalues_computed_residual_budget_mono_scalar,B_unique_nonreserved_sink,NumStability.sylvester_practical_error_bound_of_vecCoeff_gram_eigenvalues_computed_residual_budget_mono_scalar | NumStability.H16_eq16_29_sylvester_practical_error_bound_of_vecCoeff_gram_eigenvalues_computed_residual_budget_mono_scalar
045daf28056a6e4358d5de7c22c7a9d7acc2e80e,1634,b8f6dfbe6e578ca368ea76dca9b12d08de7f8b773114faee4834762271c0ef98,826780608,24944,2,1,2,0,0,1,0,0,1,0,true,false,1,unique_nonreserved_sink,NumStability.existsUnique_isSylvesterSolutionRect_of_quasiSchur_twoBlockSpectral_complex_root_separation_generated_frontier_step_oracle,B_unique_nonreserved_sink,NumStability.H16_eq16_4_8_existsUnique_isSylvesterSolutionRect_of_quasiSchur_twoBlockSpectral_complex_root_separation_generated_frontier_step_oracle | NumStability.existsUnique_isSylvesterSolutionRect_of_quasiSchur_twoBlockSpectral_complex_root_separation_generated_frontier_step_oracle
045daf28056a6e4358d5de7c22c7a9d7acc2e80e,979,b933560f16375e567d91c19a504a2cc215751316424a86db81ec89ed82191ab3,3108039701,23653,2,2,2,0,0,1,0,1,1,0,true,false,1,unique_nonreserved_sink,NumStability.sylvesterVecCoeff_diagonal,B_unique_nonreserved_sink,NumStability.sylvesterVecCoeff_diagonal | NumStability.H16_eq16_3_sylvesterVecCoeff_diagonal
045daf28056a6e4358d5de7c22c7a9d7acc2e80e,1453,b9542acd9bdc4ba53fc0cc46a5a16cc2dc7220ca8f70aa18453612207ea11df5,4276298915,26167,2,2,2,0,0,1,0,1,1,0,true,false,1,unique_nonreserved_sink,NumStability.sylvesterVecCoeff_lyapunovSpecial_det_ne_zero_of_pos_le_sylvesterSepInf,B_unique_nonreserved_sink,NumStability.sylvesterVecCoeff_lyapunovSpecial_det_ne_zero_of_pos_le_sylvesterSepInf | NumStability.H16_eq16_2_27_sylvesterVecCoeff_lyapunovSpecial_det_ne_zero_of_pos_le_sylvesterSepInf
045daf28056a6e4358d5de7c22c7a9d7acc2e80e,529,b97a02a36f3d4799a27f5f03f50ace8ce677c96e91bd6f10a7ec7fd0dbf2f3e9,2094922238,15441,2,1,2,0,0,0,0,0,2,0,true,false,1,unique_nonreserved_sink,NumStability.higham9_14_matrix_source_h_bound_of_RectDoolittleRoundedStageTrace_square_fl_triangular_solves_gamma_le,B_unique_nonreserved_sink,NumStability.higham9_14_matrix_source_h_bound_of_RectDoolittleRoundedStageTrace_square_fl_triangular_solves_absLU_le_absA_gamma_le | NumStability.higham9_14_matrix_source_h_bound_of_RectDoolittleRoundedStageTrace_square_fl_triangular_solves_gamma_le
045daf28056a6e4358d5de7c22c7a9d7acc2e80e,1172,b97d72c96c60182e431bb41dc352f5e7881fa838197ee0bcd71b8cb9cd9c711c,355235461,40678,2,1,2,0,0,0,0,1,2,0,true,false,1,unique_nonreserved_sink,NumStability.Ch11Closure.AasenAdjacentGEPP.flDGTTRFNegMul_residual_le_u,B_unique_nonreserved_sink,NumStability.Ch11Closure.AasenAdjacentGEPP.flDGTTRFNegMul_residual_le_u | NumStability.Ch11Closure.AasenAdjacentGEPP.flDGTTRF_swap_fill_residual_le_u
045daf28056a6e4358d5de7c22c7a9d7acc2e80e,1307,b9b780b413e7c64345f4566863660ac4f7c08e31da44d24077ce8f334eea29f1,3896887249,24150,2,2,2,0,0,1,0,1,1,0,true,false,1,unique_nonreserved_sink,NumStability.quasiSchur_boundary_after_adjacent_same_block,B_unique_nonreserved_sink,NumStability.quasiSchur_boundary_after_adjacent_same_block | NumStability.H16_eq16_4_8_quasiSchur_boundary_after_adjacent_same_block
045daf28056a6e4358d5de7c22c7a9d7acc2e80e,584,b9facadd623fdb71cb2fd5fac84e21a87b0488b5606f1c7f8ab2b645336799bf,2215640350,24560,2,2,2,0,0,1,0,1,1,0,true,false,1,unique_nonreserved_sink,NumStability.lyapunovXiSqSimpleBound_le_min_eigen_bound,B_unique_nonreserved_sink,NumStability.lyapunovXiSqSimpleBound_le_min_eigen_bound | NumStability.H16_eq16_21_lyapunovXiSqSimpleBound_le_min_eigen_bound
045daf28056a6e4358d5de7c22c7a9d7acc2e80e,60,ba0871b3c0e1912bef02de97b1bf74942dd5d431981191a441e814a6871a4c44,3123403525,24629,3,1,3,0,0,1,0,0,3,0,true,false,2,unique_nonreserved_sink,NumStability.H16_eq16_24_structured_condition_of_sepLowerBound,B_unique_nonreserved_sink,NumStability.H16_eq16_24_structured_condition_of_sepLowerBound | NumStability.H16_eq16_24_sylvester_relative_first_order_bound_of_sepLowerBound | NumStability.sylvester_relative_first_order_bound_of_sepLowerBound
045daf28056a6e4358d5de7c22c7a9d7acc2e80e,965,ba21593400128a34c13aec138685ecf85d8bda71715c7ed7d77ad02b9639fa80,3072646815,26113,2,2,2,0,0,1,0,1,2,0,true,false,1,unique_nonreserved_sink,NumStability.sylvester_relative_perturbation_of_sigmaMin_total,B_unique_nonreserved_sink,NumStability.sylvester_relative_perturbation_of_sigmaMin_total | NumStability.H16_eq16_25_sylvester_relative_perturbation_of_sigmaMin_total
045daf28056a6e4358d5de7c22c7a9d7acc2e80e,1517,ba2ace68a596bc416e58c9560efc8fb4a28c79dcccc9b7ef1a3766aaeb2ddcdd,551984065,24879,2,1,2,0,0,1,0,0,1,0,true,false,1,unique_nonreserved_sink,NumStability.sylvester_practical_error_bound_of_no_common_complex_right_eigenvalue_schur_transform_residual_bound,B_unique_nonreserved_sink,NumStability.H16_eq16_29_sylvester_practical_error_bound_of_no_common_complex_right_eigenvalue_schur_transform_residual_bound | NumStability.sylvester_practical_error_bound_of_no_common_complex_right_eigenvalue_schur_transform_residual_bound
045daf28056a6e4358d5de7c22c7a9d7acc2e80e,1116,ba3f761776ee083fd9e8489863f081f02e449bfe82580358a37c2b012731e4d0,3445444925,26550,2,2,2,0,0,1,0,1,1,0,true,false,1,unique_nonreserved_sink,NumStability.sylvester_practical_error_bound_of_vecCoeff_sigmaMin_computed_residual_certificate,B_unique_nonreserved_sink,NumStability.sylvester_practical_error_bound_of_vecCoeff_sigmaMin_computed_residual_certificate | NumStability.H16_eq16_29_sylvester_practical_error_bound_of_vecCoeff_sigmaMin_computed_residual_certificate
045daf28056a6e4358d5de7c22c7a9d7acc2e80e,1686,bab761c95b45e653c9d70107c5358332e9833438250f9223e5a452bcd84372c9,94473337,18851,2,1,2,0,0,1,0,0,2,0,true,false,1,unique_nonreserved_sink,NumStability.higham11_4_bunch_kaufman_solve_backward_error_of_first_stage_recursive_higham_const_row_entry_exact_budgets_maxEntryNorm,B_unique_nonreserved_sink,NumStability.higham11_4_bunch_kaufman_solve_backward_error_interface_of_first_stage_recursive_higham_const_row_entry_exact_budgets_maxEntryNorm | NumStability.higham11_4_bunch_kaufman_solve_backward_error_of_first_stage_recursive_higham_const_row_entry_exact_budgets_maxEntryNorm
045daf28056a6e4358d5de7c22c7a9d7acc2e80e,1371,bad8a63eef718ed7c7a43987c461be6e64d71d1997010624900ff2775f1b3b72,4082373010,6886,2,2,2,0,0,1,0,1,2,0,true,false,1,unique_nonreserved_sink,NumStability.fl_householderStoredTrailingPanel_sequence_diag_nonzero_of_leading_witnesses_sqrt_budget,B_unique_nonreserved_sink,NumStability.fl_householderStoredTrailingPanel_sequence_diag_nonzero_of_leading_witnesses_sqrt_budget | H19.Theorem19_6.stored_panel_sequence_diag_nonzero_of_leading_witnesses_sqrt_budget
045daf28056a6e4358d5de7c22c7a9d7acc2e80e,1400,bae004cc939a65937b0eff00fdbb16bbab8a907a8caa7ad6db60f60d66890637,4163566934,26549,2,2,2,0,0,1,0,1,1,0,true,false,1,unique_nonreserved_sink,NumStability.lyapunov_practical_error_bound_of_vecCoeff_sigmaMin_computed_residual_budget_mono_scalar,B_unique_nonreserved_sink,NumStability.lyapunov_practical_error_bound_of_vecCoeff_sigmaMin_computed_residual_budget_mono_scalar | NumStability.H16_eq16_29_lyapunov_practical_error_bound_of_vecCoeff_sigmaMin_computed_residual_budget_mono_scalar
045daf28056a6e4358d5de7c22c7a9d7acc2e80e,227,bb0899403a0ab345374c4c068b93c4474adebf97389e8574c9abe79ac62c0ac3,136663884,24873,2,1,2,0,0,1,0,0,1,0,true,false,1,unique_nonreserved_sink,NumStability.existsUnique_sylvesterVecCoeff_realQuasiSchur_strictBlockMap_mulVec,B_unique_nonreserved_sink,NumStability.H16_eq16_2_6_existsUnique_sylvesterVecCoeff_realQuasiSchur_strictBlockMap_mulVec | NumStability.existsUnique_sylvesterVecCoeff_realQuasiSchur_strictBlockMap_mulVec
045daf28056a6e4358d5de7c22c7a9d7acc2e80e,1497,bb140fca364f8c24a9c1955c1d735e0d4e840a9c999ba40c1b02f74465fce146,499852730,23751,2,2,2,0,0,1,0,1,1,0,true,false,1,unique_nonreserved_sink,NumStability.sylvester_practical_error_bound_of_vecCoeff_det_ne_zero_computed_residual_budget,B_unique_nonreserved_sink,NumStability.sylvester_practical_error_bound_of_vecCoeff_det_ne_zero_computed_residual_budget | NumStability.H16_eq16_29_sylvester_practical_error_bound_of_vecCoeff_det_ne_zero_computed_residual_budget
045daf28056a6e4358d5de7c22c7a9d7acc2e80e,1005,bb153d58a910a36aa0d0449898b5c79596de63d8857aafdd0f2093fd3d908fee,3183405654,24572,2,2,2,0,0,1,0,1,1,0,true,false,1,unique_nonreserved_sink,NumStability.lyapunovXiSq_nonneg,B_unique_nonreserved_sink,NumStability.lyapunovXiSq_nonneg | NumStability.H16_eq16_21_lyapunovXiSq_nonneg
045daf28056a6e4358d5de7c22c7a9d7acc2e80e,721,bb1ee53ef09f3b75b67d97ffcc228bc8b535314a8c69326025ca0c96ac2f98e6,2480643753,26246,2,2,2,0,0,1,0,1,2,0,true,false,1,unique_nonreserved_sink,NumStability.sylvester_aposteriori_bound_of_vecCoeff_gram_eigenvalues_total,B_unique_nonreserved_sink,NumStability.sylvester_aposteriori_bound_of_vecCoeff_gram_eigenvalues_total | NumStability.H16_eq16_28_sylvester_aposteriori_bound_of_vecCoeff_gram_eigenvalues_total
045daf28056a6e4358d5de7c22c7a9d7acc2e80e,700,bb931b543c07b018c259973c64354e2e73844ad311b62b7a92cc68bb9ea5a352,2440411336,26120,2,2,2,0,0,1,0,1,2,0,true,false,1,unique_nonreserved_sink,NumStability.sylvester_relative_error_le_of_sigmaMin_residual_budget,B_unique_nonreserved_sink,NumStability.sylvester_relative_error_le_of_sigmaMin_residual_budget | NumStability.H16_eq16_28_sylvester_relative_error_le_of_sigmaMin_residual_budget
045daf28056a6e4358d5de7c22c7a9d7acc2e80e,1159,bbbdae3dda3b3e2f28239a1d73f99ebf977391591053fec5fb3452e5802f5d53,3531279428,26461,2,2,2,0,0,1,0,1,1,0,true,false,1,unique_nonreserved_sink,NumStability.lyapunov_practical_error_bound_of_pos_le_sylvesterSepInf_computed_residual_budget_mono_scalar,B_unique_nonreserved_sink,NumStability.lyapunov_practical_error_bound_of_pos_le_sylvesterSepInf_computed_residual_budget_mono_scalar | NumStability.H16_eq16_29_lyapunov_practical_error_bound_of_pos_le_sylvesterSepInf_computed_residual_budget_mono_scalar
045daf28056a6e4358d5de7c22c7a9d7acc2e80e,1426,bbf8d83dea0651a3490b6c3debbf43128e727bd9f0101cb2f9aaa048e23bce33,4212256403,23633,2,2,2,0,0,1,0,1,1,0,true,false,1,unique_nonreserved_sink,NumStability.lyapunov_solution_iff_sylvester_special,B_unique_nonreserved_sink,NumStability.lyapunov_solution_iff_sylvester_special | NumStability.H16_Lyapunov_solution_iff_sylvester_special
045daf28056a6e4358d5de7c22c7a9d7acc2e80e,839,bc93dab2de7caa93c9c3e5e2a564b4e53cc29e2730f440912da3a31629658074,278256261,26548,2,2,2,0,0,1,0,1,1,0,true,false,1,unique_nonreserved_sink,NumStability.lyapunov_practical_error_bound_of_vecCoeff_sigmaMin_computed_residual_budget_scalar,B_unique_nonreserved_sink,NumStability.lyapunov_practical_error_bound_of_vecCoeff_sigmaMin_computed_residual_budget_scalar | NumStability.H16_eq16_29_lyapunov_practical_error_bound_of_vecCoeff_sigmaMin_computed_residual_budget_scalar
045daf28056a6e4358d5de7c22c7a9d7acc2e80e,1066,bccf783ebbda3f4e5d1f1a8c35bc0b692f655eb55856b40730fe95744e42a43f,3351618350,24689,2,1,2,0,0,1,0,0,1,0,true,false,1,unique_nonreserved_sink,NumStability.sylvesterComputedResidualBudget_of_schur_frobenius_error_model,B_unique_nonreserved_sink,NumStability.H16_eq16_29_sylvesterComputedResidualBudget_of_schur_frobenius_error_model | NumStability.sylvesterComputedResidualBudget_of_schur_frobenius_error_model
045daf28056a6e4358d5de7c22c7a9d7acc2e80e,187,bce42ebb8c8d236616cc1956724b7e3ad9cefaaf106f4a6245d20d4cb1ae3aff,1255217134,31542,2,1,2,0,0,1,0,0,1,0,true,false,1,unique_nonreserved_sink,NumStability.sylvesterVecCoeff_mulVec_bijective_of_no_common_complex_eigenpair,B_unique_nonreserved_sink,NumStability.H16_eq16_3_sylvesterVecCoeff_mulVec_bijective_of_no_common_complex_eigenpair | NumStability.sylvesterVecCoeff_mulVec_bijective_of_no_common_complex_eigenpair
045daf28056a6e4358d5de7c22c7a9d7acc2e80e,583,bcf54c9f76a98260462610d5c49c6862fef8ee1dc749fa1243abb4e57c840d01,2215538751,26456,2,2,2,0,0,1,0,1,1,0,true,false,1,unique_nonreserved_sink,NumStability.lyapunov_practical_error_bound_of_pos_le_sylvesterSepInf_computed_residual_error_model_scalar,B_unique_nonreserved_sink,NumStability.lyapunov_practical_error_bound_of_pos_le_sylvesterSepInf_computed_residual_error_model_scalar | NumStability.H16_eq16_29_lyapunov_practical_error_bound_of_pos_le_sylvesterSepInf_computed_residual_error_model_scalar
045daf28056a6e4358d5de7c22c7a9d7acc2e80e,180,bd13a1d4e18db32eb6ea4494e4871ecdf8ace9ff6324827a533be9c64e0f0fa5,1244755020,42789,2,2,2,0,0,1,0,1,2,0,true,false,1,unique_nonreserved_sink,NumStability.forward_error_step_identity,B_unique_nonreserved_sink,NumStability.forward_error_step_identity | NumStability.higham12_5_forward_error_identity
045daf28056a6e4358d5de7c22c7a9d7acc2e80e,1604,bd36f1a1a614f136ea62a1d8a69454b37b092757496239e9813d63e7b45f6202,754401134,18923,2,1,2,0,0,1,0,0,2,0,true,false,1,unique_nonreserved_sink,NumStability.higham11_4_bunch_kaufman_solve_backward_error_of_first_stage_recursive_higham_const_split_regional_D_exact_budgets_maxEntryNorm,B_unique_nonreserved_sink,NumStability.higham11_4_bunch_kaufman_solve_backward_error_interface_of_first_stage_recursive_higham_const_split_regional_D_exact_budgets_maxEntryNorm | NumStability.higham11_4_bunch_kaufman_solve_backward_error_of_first_stage_recursive_higham_const_split_regional_D_exact_budgets_maxEntryNorm
045daf28056a6e4358d5de7c22c7a9d7acc2e80e,441,bd46b5a949534266afcab7d79819536c777ea86c5f9ab71ea9d6900914fcdc40,1863610047,24952,2,1,2,0,0,1,0,0,2,0,true,false,1,unique_nonreserved_sink,NumStability.sylvester_practical_error_bound_of_realQuasiSchur_strictBlockMap_shifted_computed_residual_certificate_scalar,B_unique_nonreserved_sink,NumStability.H16_eq16_29_realQuasiSchur_strictBlockMap_shifted_computed_residual_certificate_scalar | NumStability.sylvester_practical_error_bound_of_realQuasiSchur_strictBlockMap_shifted_computed_residual_certificate_scalar
045daf28056a6e4358d5de7c22c7a9d7acc2e80e,575,bda77cccf9c72820e11c0165bc04f10d995d34a36f1786446e1d5fe022da0e33,2203839138,26352,2,2,2,0,0,1,0,1,1,0,true,false,1,unique_nonreserved_sink,NumStability.sylvesterVecCoeff_mulVec_bijective_of_pos_le_sylvesterSepInf,B_unique_nonreserved_sink,NumStability.sylvesterVecCoeff_mulVec_bijective_of_pos_le_sylvesterSepInf | NumStability.H16_eq16_2_26_sylvesterVecCoeff_mulVec_bijective_of_pos_le_sylvesterSepInf
045daf28056a6e4358d5de7c22c7a9d7acc2e80e,300,be5762b87f09420fe6d6fa0fd1ed1b92a4b800237567c3a9685638ab9e81810f,1556665684,19522,2,1,2,0,0,1,0,0,2,0,true,false,1,unique_nonreserved_sink,NumStability.higham11_4_bunch_kaufman_solve_backward_error_of_first_stage_recursive_split_normalized_prefix_regional_LD_maxEntryNorm_bound,B_unique_nonreserved_sink,NumStability.higham11_4_bunch_kaufman_solve_backward_error_interface_of_first_stage_recursive_split_normalized_prefix_regional_LD_maxEntryNorm_bound | NumStability.higham11_4_bunch_kaufman_solve_backward_error_of_first_stage_recursive_split_normalized_prefix_regional_LD_maxEntryNorm_bound
045daf28056a6e4358d5de7c22c7a9d7acc2e80e,1417,beef3b613791e2d5b858a86a91c31708feb76548430f575887d1ee4abdf31b6b,4188216758,19232,2,1,2,0,0,1,0,0,2,0,true,false,1,unique_nonreserved_sink,NumStability.higham11_4_bunch_kaufman_solve_backward_error_of_first_stage_recursive_split_normalized_prefix_regional_LD_bound,B_unique_nonreserved_sink,NumStability.higham11_4_bunch_kaufman_solve_backward_error_interface_of_first_stage_recursive_split_normalized_prefix_regional_LD_bound | NumStability.higham11_4_bunch_kaufman_solve_backward_error_of_first_stage_recursive_split_normalized_prefix_regional_LD_bound
045daf28056a6e4358d5de7c22c7a9d7acc2e80e,176,bef66afb83cb406a6c4df60bc19bab4a3d22c78e218868a70e735cc7c1464e47,1237360238,18762,2,1,2,0,0,1,0,0,2,0,true,false,1,unique_nonreserved_sink,NumStability.higham11_4_bunch_kaufman_solve_backward_error_of_first_stage_recursive_higham_const_split_six_row_sum_exact_budgets,B_unique_nonreserved_sink,NumStability.higham11_4_bunch_kaufman_solve_backward_error_interface_of_first_stage_recursive_higham_const_split_six_row_sum_exact_budgets | NumStability.higham11_4_bunch_kaufman_solve_backward_error_of_first_stage_recursive_higham_const_split_six_row_sum_exact_budgets
045daf28056a6e4358d5de7c22c7a9d7acc2e80e,876,bf1813e5065a944c48a2964a18d6ab0f517756e06a2dac9d22066aef497cf4f0,2878098312,18453,2,2,2,0,0,1,0,1,2,0,true,false,1,unique_nonreserved_sink,NumStability.oneByOne_step_factorization,B_unique_nonreserved_sink,NumStability.oneByOne_step_factorization | NumStability.higham11_3_oneByOne_step_factorization
045daf28056a6e4358d5de7c22c7a9d7acc2e80e,656,bf18c01af030038b3c36308fc678bdbe175b0334400252d5a8e8ace23460b319,2347831780,31786,2,1,2,0,0,1,0,0,1,0,true,false,1,unique_nonreserved_sink,NumStability.Wave14.frobNormRect_sylvesterResidualRect_bartels_stewart_end_to_end_le,B_unique_nonreserved_sink,NumStability.Wave14.H16_eq16_9_frobNormRect_sylvesterResidualRect_bartels_stewart_end_to_end_le | NumStability.Wave14.frobNormRect_sylvesterResidualRect_bartels_stewart_end_to_end_le
045daf28056a6e4358d5de7c22c7a9d7acc2e80e,1690,bf28909452fd98bd004108e485e98a469a7e6dc462a638f14701e638facfe9bb,960903551,6805,2,2,2,0,0,1,0,1,2,0,true,false,1,unique_nonreserved_sink,NumStability.householderTrailingNorm2Sq_pos_of_leading_block_leftInverses,B_unique_nonreserved_sink,NumStability.householderTrailingNorm2Sq_pos_of_leading_block_leftInverses | H19.Theorem19_6.householderTrailingNorm2Sq_pos_of_leading_block_leftInverses
045daf28056a6e4358d5de7c22c7a9d7acc2e80e,1223,bf5e35cae3a44c3d672e24e0ccf868d93d4b043519edeb37e941c91b83672258,3692514310,24849,2,1,2,0,0,1,0,0,1,0,true,false,1,unique_nonreserved_sink,NumStability.sylvester_quasiSchur_blockTraversal_original_solution_eq_of_realQuasiSchur_block_separation_generated_frontier_step_oracle,B_unique_nonreserved_sink,NumStability.H16_eq16_4_8_sylvester_quasiSchur_blockTraversal_original_solution_eq_of_realQuasiSchur_block_separation_generated_frontier_step_oracle | NumStability.sylvester_quasiSchur_blockTraversal_original_solution_eq_of_realQuasiSchur_block_separation_generated_frontier_step_oracle
045daf28056a6e4358d5de7c22c7a9d7acc2e80e,188,bf7171dbfc698ae824a15420972fab0c6ab8a1e4487ebe042c5e3b680b08e3c9,1262750208,3447,2,2,2,0,0,1,0,1,2,0,true,false,1,unique_nonreserved_sink,NumStability.theta_le_card_of_inverse_row_identity,B_unique_nonreserved_sink,NumStability.theta_le_card_of_inverse_row_identity | NumStability.higham9_8_theta_le_card_real
045daf28056a6e4358d5de7c22c7a9d7acc2e80e,489,bf7af668d8e6af020857f5f29bc16c580b4951f3d077f8dd3699ea6ef9e92e37,199068596,24470,2,2,2,0,0,1,0,1,1,0,true,false,1,unique_nonreserved_sink,NumStability.sylvester_aposteriori_bound_of_pos_le_sylvesterSepInf,B_unique_nonreserved_sink,NumStability.sylvester_aposteriori_bound_of_pos_le_sylvesterSepInf | NumStability.H16_eq16_28_sylvester_aposteriori_bound_of_pos_le_sylvesterSepInf
045daf28056a6e4358d5de7c22c7a9d7acc2e80e,1102,bf872e68a3cdf5943da254417810fc4762265ec16856e47487ed9edf4b9ef225,3423676770,31529,2,1,2,0,0,1,0,0,1,0,true,false,1,unique_nonreserved_sink,NumStability.sylvester_realQuasiSchur_factors_twoBlockSpectral_block_and_det_ne_zero_of_sepLowerBound,B_unique_nonreserved_sink,NumStability.H16_eq16_4_8_sylvester_realQuasiSchur_factors_twoBlockSpectral_block_and_det_ne_zero_of_sepLowerBound | NumStability.sylvester_realQuasiSchur_factors_twoBlockSpectral_block_and_det_ne_zero_of_sepLowerBound
045daf28056a6e4358d5de7c22c7a9d7acc2e80e,1212,bfb5efd23b57c06ae08d30c5c900d792d7aefb095221df358579d36a908f17d9,365042671,24716,2,1,2,0,0,1,0,0,1,0,true,false,1,unique_nonreserved_sink,NumStability.sylvester_practical_error_bound_of_pos_le_sylvesterSepInf_computed_residual_budget_mono_scalar,B_unique_nonreserved_sink,NumStability.H16_eq16_29_sylvester_practical_error_bound_of_pos_le_sylvesterSepInf_computed_residual_budget_mono_scalar | NumStability.sylvester_practical_error_bound_of_pos_le_sylvesterSepInf_computed_residual_budget_mono_scalar
045daf28056a6e4358d5de7c22c7a9d7acc2e80e,1572,bff32debbaf8c5ae6867d0c0f3f0d3dc61db49f1af6ebb0268f371a9ba8253f4,684576026,8143,2,2,2,0,0,1,0,1,2,0,true,false,1,unique_nonreserved_sink,NumStability.rectRightGram_spectral_square_eq_rectangularGram,B_unique_nonreserved_sink,NumStability.rectRightGram_spectral_square_eq_rectangularGram | H19.Theorem19_13.problem1912_rightGram_spectral_square_eq_rectangularGram
045daf28056a6e4358d5de7c22c7a9d7acc2e80e,508,bffb06c5ae15ad3a2d40054a6c58b03ccf459511608ee98a3a8bacf0bcd1ae22,2051236557,24803,2,1,2,0,0,1,0,0,1,0,true,false,1,unique_nonreserved_sink,NumStability.sylvester_practical_error_bound_of_no_common_complex_right_eigenvalue_schur_transform_residual_bound_mono_scalar,B_unique_nonreserved_sink,NumStability.H16_eq16_29_sylvester_practical_error_bound_of_no_common_complex_right_eigenvalue_schur_transform_residual_bound_mono_scalar | NumStability.sylvester_practical_error_bound_of_no_common_complex_right_eigenvalue_schur_transform_residual_bound_mono_scalar
045daf28056a6e4358d5de7c22c7a9d7acc2e80e,1488,c02bcac9787019506a0b3ce0e7f8f1b9f77b64817a7954b27570592ada025475,481627794,24600,2,2,2,0,0,1,0,1,1,0,true,false,1,unique_nonreserved_sink,NumStability.lyapunovXiSq_le_two_eta_sq_of_scalar_eq,B_unique_nonreserved_sink,NumStability.lyapunovXiSq_le_two_eta_sq_of_scalar_eq | NumStability.H16_eq16_21_lyapunovXiSq_le_two_eta_sq_of_scalar_eq
045daf28056a6e4358d5de7c22c7a9d7acc2e80e,1506,c08a7f6a8f7489ca5fedad42fa9d57126d8eb4eba789296574efd9f37be0549f,528834005,26473,2,2,2,0,0,1,0,1,1,0,true,false,1,unique_nonreserved_sink,NumStability.lyapunov_practical_error_bound_of_vecCoeff_sigmaMin_computed_residual_error_model_mono,B_unique_nonreserved_sink,NumStability.lyapunov_practical_error_bound_of_vecCoeff_sigmaMin_computed_residual_error_model_mono | NumStability.H16_eq16_29_lyapunov_practical_error_bound_of_vecCoeff_sigmaMin_computed_residual_error_model_mono
045daf28056a6e4358d5de7c22c7a9d7acc2e80e,269,c0a6ea2c4ce25eba904ddaefd4858d5d4afdc6fd8f75b4794045c268ef08b456,1449313513,26292,2,2,2,0,0,1,0,1,2,0,true,false,1,unique_nonreserved_sink,NumStability.sylvester_aposteriori_bound_of_vecCoeff_left_inverse_finiteOpNorm2Le_total,B_unique_nonreserved_sink,NumStability.sylvester_aposteriori_bound_of_vecCoeff_left_inverse_finiteOpNorm2Le_total | NumStability.H16_eq16_28_sylvester_aposteriori_bound_of_vecCoeff_left_inverse_finiteOpNorm2Le_total
045daf28056a6e4358d5de7c22c7a9d7acc2e80e,824,c0be17d9b532dc052cb6ec47dde7babef0a34264417f111d84ef7037d46729bb,2743726710,26450,2,2,2,0,0,1,0,1,2,0,true,false,1,unique_nonreserved_sink,NumStability.sylvester_relative_error_le_of_sepLowerBound_computed_residual_budget,B_unique_nonreserved_sink,NumStability.sylvester_relative_error_le_of_sepLowerBound_computed_residual_budget | NumStability.H16_eq16_29_sylvester_relative_error_le_of_sepLowerBound_computed_residual_budget
045daf28056a6e4358d5de7c22c7a9d7acc2e80e,1039,c0fbdded080eeebc8db5afa6bbb13c268d4d64eeee98d9c5a7ea3d2fd09d335e,3275426668,18730,2,1,2,0,0,1,0,0,2,0,true,false,1,unique_nonreserved_sink,NumStability.higham11_4_bunch_kaufman_stability_of_path_offbranch_D_entries_zero_local_D_single_nonzero_L_rows_maxEntryNorm_A,B_unique_nonreserved_sink,NumStability.higham11_4_bunch_kaufman_stability_interface_of_path_offbranch_D_entries_zero_local_D_single_nonzero_L_rows_maxEntryNorm_A | NumStability.higham11_4_bunch_kaufman_stability_of_path_offbranch_D_entries_zero_local_D_single_nonzero_L_rows_maxEntryNorm_A
045daf28056a6e4358d5de7c22c7a9d7acc2e80e,1613,c1105045ac8426d7744cbf4ed381d5abade066e0b13750b27e20ae95ac485507,776803510,15889,2,1,2,0,0,1,0,0,1,0,true,false,1,unique_nonreserved_sink,NumStability.higham9_15_normwise_source_bound_of_factorization_init_min_factor_bound_opNorm_product_lt,B_unique_nonreserved_sink,NumStability.higham9_15_normwise_source_bound_of_factorization_G_init_min_factor_bound_opNorm_product_lt | NumStability.higham9_15_normwise_source_bound_of_factorization_init_min_factor_bound_opNorm_product_lt
045daf28056a6e4358d5de7c22c7a9d7acc2e80e,903,c114f86ed49f59d6ad1b884ac16ad1f6cb4298a64da4883d6ffa14051063f571,2941967781,18928,2,1,2,0,0,1,0,0,2,0,true,false,1,unique_nonreserved_sink,NumStability.higham11_4_bunch_kaufman_solve_backward_error_of_first_stage_recursive_uniform_six_row_sum_normalized_prefix_growth_D_bound_unit_initial,B_unique_nonreserved_sink,NumStability.higham11_4_bunch_kaufman_solve_backward_error_interface_of_first_stage_recursive_uniform_six_row_sum_normalized_prefix_growth_D_bound_unit_initial | NumStability.higham11_4_bunch_kaufman_solve_backward_error_of_first_stage_recursive_uniform_six_row_sum_normalized_prefix_growth_D_bound_unit_initial
045daf28056a6e4358d5de7c22c7a9d7acc2e80e,211,c1556d4d47d27ea38351a68a4e8d36903464932dcfc2c1f094631bbfb7d7676b,1333685411,23615,2,2,2,0,0,1,0,1,1,0,true,false,1,unique_nonreserved_sink,NumStability.matMulRect_square_eq_matMul,B_unique_nonreserved_sink,NumStability.matMulRect_square_eq_matMul | NumStability.H16_eq16_1_matMulRect_square_eq_matMul
045daf28056a6e4358d5de7c22c7a9d7acc2e80e,398,c16b5a7385755c8e48558a38e4dcdc80fd6a08a3ca1023b06596937226116adf,1760401873,26357,2,2,2,0,0,1,0,1,1,0,true,false,1,unique_nonreserved_sink,NumStability.sylvesterVecCoeff_lyapunovSpecial_eq_nonsingInv_mulVec_of_mulVec_eq_of_operator_sigmaMin,B_unique_nonreserved_sink,NumStability.sylvesterVecCoeff_lyapunovSpecial_eq_nonsingInv_mulVec_of_mulVec_eq_of_operator_sigmaMin | NumStability.H16_eq16_2_27_sylvesterVecCoeff_lyapunovSpecial_eq_nonsingInv_mulVec_of_mulVec_eq_of_operator_sigmaMin
045daf28056a6e4358d5de7c22c7a9d7acc2e80e,845,c16f6d225a2000012f5f27ec981b2d2f25c6a81ddb4aa87d0a8e462b111c8442,2799024559,31477,2,1,2,0,0,1,0,0,2,0,true,false,1,unique_nonreserved_sink,NumStability.sylvester_relative_error_le_of_sigmaMin_schur_transform_residual_budget,B_unique_nonreserved_sink,NumStability.H16_eq16_28_sylvester_relative_error_le_of_sigmaMin_schur_transform_residual_budget | NumStability.sylvester_relative_error_le_of_sigmaMin_schur_transform_residual_budget
045daf28056a6e4358d5de7c22c7a9d7acc2e80e,1471,c18d491470d11a57d1e2dd9d225ef135402d61a5e25f8d49162ef81303bb4d40,449978233,26467,2,2,2,0,0,1,0,1,1,0,true,false,1,unique_nonreserved_sink,NumStability.sylvester_practical_error_bound_of_vecCoeff_gram_eigenvalues_computed_residual_error_model,B_unique_nonreserved_sink,NumStability.sylvester_practical_error_bound_of_vecCoeff_gram_eigenvalues_computed_residual_error_model | NumStability.H16_eq16_29_sylvester_practical_error_bound_of_vecCoeff_gram_eigenvalues_computed_residual_error_model
045daf28056a6e4358d5de7c22c7a9d7acc2e80e,1028,c195fd8c3fe7b7ef905031c46d2d15ba994ea716fc919e6ecdca004fc83c61bc,3253659429,18818,2,1,2,0,0,1,0,0,2,0,true,false,1,unique_nonreserved_sink,NumStability.higham11_4_bunch_kaufman_solve_backward_error_of_path_local_D_single_nonzero_L_rows_maxEntryNorm_A,B_unique_nonreserved_sink,NumStability.higham11_4_bunch_kaufman_solve_backward_error_interface_of_path_local_D_single_nonzero_L_rows_maxEntryNorm_A | NumStability.higham11_4_bunch_kaufman_solve_backward_error_of_path_local_D_single_nonzero_L_rows_maxEntryNorm_A
045daf28056a6e4358d5de7c22c7a9d7acc2e80e,1533,c1c40850c6859e6a5589614c21081738e415ec765a4d795b415803c1b7e49a82,59028056,6726,2,2,2,0,0,1,0,1,2,0,true,false,1,unique_nonreserved_sink,NumStability.coxHigham_storedPanelStep_active_entry_bound_of_exact_growth_factor,B_unique_nonreserved_sink,NumStability.coxHigham_storedPanelStep_active_entry_bound_of_exact_growth_factor | H19.Theorem19_6.stored_panel_step_active_entry_bound_of_exact_growth_factor
045daf28056a6e4358d5de7c22c7a9d7acc2e80e,900,c1cf6978336c8353a9abc17a1956a33da50fa0e8fa4f74b90ac84aac0ec61b57,2937024900,24569,2,2,2,0,0,1,0,1,1,0,true,false,1,unique_nonreserved_sink,NumStability.lyapunovOptimalDeltaA_frobNormSq_le_xiSq,B_unique_nonreserved_sink,NumStability.lyapunovOptimalDeltaA_frobNormSq_le_xiSq | NumStability.H16_eq16_21_lyapunovOptimalDeltaA_frobNormSq_le_xiSq
045daf28056a6e4358d5de7c22c7a9d7acc2e80e,691,c2539855a88053d53e7b2bd6f9267fa29971a8687155f5eefb95514fef2c1199,2419804289,31821,2,1,2,0,0,1,0,0,1,0,true,false,1,unique_nonreserved_sink,NumStability.higham16_kronecker_mul_vecTransposePermutation,B_unique_nonreserved_sink,NumStability.H16_notes_kronecker_mul_vecTransposePermutation | NumStability.higham16_kronecker_mul_vecTransposePermutation
045daf28056a6e4358d5de7c22c7a9d7acc2e80e,1312,c25ddffb7b2824bfb08a702718954a24ba7d26fcb832f4c24bdb3e9ffd356a11,3901170752,24680,2,1,2,0,0,1,0,0,1,0,true,false,1,unique_nonreserved_sink,NumStability.sylvesterResidualRect_schur_transform_identity,B_unique_nonreserved_sink,NumStability.H16_eq16_5_9_sylvesterResidualRect_schur_transform_identity | NumStability.sylvesterResidualRect_schur_transform_identity
045daf28056a6e4358d5de7c22c7a9d7acc2e80e,1031,c260e130f2f71eab3c313f925c85b3c0b0c18e60bd409defa94964ae32921051,326199783,9993,2,2,2,0,0,1,0,1,2,0,true,false,1,unique_nonreserved_sink,NumStability.triInv_infNorm_upperBound,B_unique_nonreserved_sink,NumStability.triInv_infNorm_upperBound | NumStability.higham8_14_infNorm_upperBound
045daf28056a6e4358d5de7c22c7a9d7acc2e80e,281,c27101b7988654f3ff85bd71c935dab897e5955e75de3b8841e29af6bf666a1b,1505471146,24531,2,2,2,0,0,1,0,1,2,0,true,false,1,unique_nonreserved_sink,NumStability.sylvesterBackwardErrorInf_le_mu_relative_residual_of_svd,B_unique_nonreserved_sink,NumStability.sylvesterBackwardErrorInf_le_mu_relative_residual_of_svd | NumStability.H16_eq16_17_sylvester_eta_residual_amplification_of_svd
045daf28056a6e4358d5de7c22c7a9d7acc2e80e,1179,c278f77c4ab9ac7f9adab9e38bd22e7af33906658afd1983c9e831e4b66e1319,3565243935,26494,2,2,2,0,0,1,0,1,1,0,true,false,1,unique_nonreserved_sink,NumStability.lyapunov_practical_error_bound_of_vecCoeff_gram_eigenvalues_computed_residual_error_model_scalar,B_unique_nonreserved_sink,NumStability.lyapunov_practical_error_bound_of_vecCoeff_gram_eigenvalues_computed_residual_error_model_scalar | NumStability.H16_eq16_29_lyapunov_practical_error_bound_of_vecCoeff_gram_eigenvalues_computed_residual_error_model_scalar
045daf28056a6e4358d5de7c22c7a9d7acc2e80e,1110,c2a3f6aec094be2a738880e61249a8bcff9650c6219ad6a96495824237ee40b6,3429279960,31545,2,1,2,0,0,1,0,0,2,0,true,false,1,unique_nonreserved_sink,NumStability.exists_realQuasiSchur_schedule_original_solution_and_generated_step_formula_of_pos_le_sylvesterSepInf,B_unique_nonreserved_sink,NumStability.H16_eq16_4_8_exists_realQuasiSchur_schedule_original_solution_and_generated_step_formula_of_pos_le_sylvesterSepInf | NumStability.exists_realQuasiSchur_schedule_original_solution_and_generated_step_formula_of_pos_le_sylvesterSepInf
045daf28056a6e4358d5de7c22c7a9d7acc2e80e,1643,c2b6a8cc443223df10f3b863d890c4f07b09f6d6eb2a120345ed0a06474e5db3,845082554,29684,2,2,2,0,0,1,0,1,2,0,true,false,1,unique_nonreserved_sink,NumStability.fl_hornerDerivativeDesc_snd_backward_error_coefficients_coupled,B_unique_nonreserved_sink,NumStability.fl_hornerDerivativeDesc_snd_backward_error_coefficients_coupled | NumStability.ch5deriv_derivative_backward_error_coefficients
045daf28056a6e4358d5de7c22c7a9d7acc2e80e,1659,c2cbc9526a4b07615ad34d4c060d7e9e131c2bcdf4401dd6680b1acac5cccb3b,887962634,31660,2,1,2,0,0,1,0,0,1,0,true,false,1,unique_nonreserved_sink,NumStability.sylvester_practical_error_bound_fl_of_no_common_complex_right_eigenvalue,B_unique_nonreserved_sink,NumStability.H16_eq16_29_sylvester_practical_error_bound_fl_of_no_common_complex_right_eigenvalue | NumStability.sylvester_practical_error_bound_fl_of_no_common_complex_right_eigenvalue
045daf28056a6e4358d5de7c22c7a9d7acc2e80e,280,c306299fe30416108b318a181e71df823afd2c0dd47b43e7b3f0c7539ade40c9,149852347,26360,2,2,2,0,0,1,0,1,1,0,true,false,1,unique_nonreserved_sink,NumStability.sylvester_aposteriori_bound_of_vecCoeff_sigmaMin,B_unique_nonreserved_sink,NumStability.sylvester_aposteriori_bound_of_vecCoeff_sigmaMin | NumStability.H16_eq16_28_sylvester_aposteriori_bound_of_vecCoeff_sigmaMin
045daf28056a6e4358d5de7c22c7a9d7acc2e80e,645,c31b8852f928c95be917d54d45203443249a02c829bf6c35007722e56dc96e1e,2320016323,24947,2,1,2,0,0,1,0,0,1,0,true,false,1,unique_nonreserved_sink,NumStability.sylvester_practical_abs_error_bound_of_no_common_complex_right_eigenvalue_schur_transform_residual_bound,B_unique_nonreserved_sink,NumStability.H16_eq16_29_sylvester_practical_abs_error_bound_of_no_common_complex_right_eigenvalue_schur_transform_residual_bound | NumStability.sylvester_practical_abs_error_bound_of_no_common_complex_right_eigenvalue_schur_transform_residual_bound
045daf28056a6e4358d5de7c22c7a9d7acc2e80e,131,c328062ec9e515b1864145d4c18a36b393d73754404817d61dbdf111c0ec8a29,1124353140,31610,2,1,2,0,0,1,0,0,1,0,true,false,1,unique_nonreserved_sink,NumStability.lyapunov_practical_error_bound_fl_of_diagonal_scalar,B_unique_nonreserved_sink,NumStability.H16_eq16_29_lyapunov_practical_error_bound_fl_of_diagonal_scalar | NumStability.lyapunov_practical_error_bound_fl_of_diagonal_scalar
045daf28056a6e4358d5de7c22c7a9d7acc2e80e,70,c3306501c0bb39b65cd22a85ba8fe0521ec364530282c023cf7d7684fd0a8a05,4017332941,11618,3,1,3,0,0,0,0,0,3,0,true,false,2,unique_nonreserved_sink,NumStability.lsTheorem20_4ConcreteGammaTilde_base_gammaValid,B_unique_nonreserved_sink,NumStability.lsTheorem20_4ConcreteGammaTildeSharp_base_gammaValid | NumStability.lsTheorem20_4ConcreteGammaTildeSqrtResidual_base_gammaValid | NumStability.lsTheorem20_4ConcreteGammaTilde_base_gammaValid
045daf28056a6e4358d5de7c22c7a9d7acc2e80e,1672,c3769c29e14eee8606f912bb12c80e658cb4ad4fc39ba59e1cbb6edc3a529c4b,91932684,26262,2,2,2,0,0,1,0,1,1,0,true,false,1,unique_nonreserved_sink,NumStability.sylvester_aposteriori_bound_of_vecCoeff_gram_eigenvalues,B_unique_nonreserved_sink,NumStability.sylvester_aposteriori_bound_of_vecCoeff_gram_eigenvalues | NumStability.H16_eq16_28_sylvester_aposteriori_bound_of_vecCoeff_gram_eigenvalues
045daf28056a6e4358d5de7c22c7a9d7acc2e80e,627,c379a6fa1985b763cdeb0b3ad07691ae9e2acfa1c23c0a04a312c0298815b1bf,2281342881,16016,2,1,2,0,0,1,0,0,1,0,true,false,1,unique_nonreserved_sink,NumStability.higham9_15_normwise_source_bound_of_factorization_init_linear_step_opNorm_of_matrix_inverse_identities_product_lt,B_unique_nonreserved_sink,NumStability.higham9_15_normwise_source_bound_of_factorization_G_init_linear_step_opNorm_of_matrix_inverse_identities_product_lt | NumStability.higham9_15_normwise_source_bound_of_factorization_init_linear_step_opNorm_of_matrix_inverse_identities_product_lt
045daf28056a6e4358d5de7c22c7a9d7acc2e80e,1574,c3f082d99c5e852afabaf7ec1460b003de3cad15731d128a08efb6451bb4f5d9,686653333,31565,2,1,2,0,0,1,0,0,1,0,true,false,1,unique_nonreserved_sink,NumStability.exists_HessenbergGEPPUTrace_sylvesterTriangularShiftedCoeff_of_det_ne_zero,B_unique_nonreserved_sink,NumStability.H16_eq16_6_exists_HessenbergGEPPUTrace_sylvesterTriangularShiftedCoeff_of_det_ne_zero | NumStability.exists_HessenbergGEPPUTrace_sylvesterTriangularShiftedCoeff_of_det_ne_zero
045daf28056a6e4358d5de7c22c7a9d7acc2e80e,323,c3f29e54366d2a08598f1c18f9a3cb819fedd13153cab19fd51ed1f774cba4b8,1609653568,24807,2,1,2,0,0,1,0,0,1,0,true,false,1,unique_nonreserved_sink,NumStability.sylvester_quasiSchur_blockTraversal_original_solution_eq_of_det_frontier_step_oracle,B_unique_nonreserved_sink,NumStability.H16_eq16_4_8_sylvester_quasiSchur_blockTraversal_original_solution_eq_of_det_frontier_step_oracle | NumStability.sylvester_quasiSchur_blockTraversal_original_solution_eq_of_det_frontier_step_oracle
045daf28056a6e4358d5de7c22c7a9d7acc2e80e,107,c42d57e5eb58e9ff9d6d0ed1b8c8a6a2a6753169f0431188c8013671bdba4945,1090829322,26373,2,2,2,0,0,1,0,1,1,0,true,false,1,unique_nonreserved_sink,NumStability.lyapunov_relative_aposteriori_bound_of_vecCoeff_left_inverse_finiteOpNorm2Le_total,B_unique_nonreserved_sink,NumStability.lyapunov_relative_aposteriori_bound_of_vecCoeff_left_inverse_finiteOpNorm2Le_total | NumStability.H16_eq16_28_lyapunov_relative_aposteriori_bound_of_vecCoeff_left_inverse_finiteOpNorm2Le_total
045daf28056a6e4358d5de7c22c7a9d7acc2e80e,283,c447cabbde21d2a30ba0e85723549673c852533134fc9825b2a83ef8d3e9977a,1508985972,55973,2,2,2,0,0,0,0,1,2,0,true,false,1,unique_nonreserved_sink,NumStability.real_abs_exp_sub_one_le_of_abs_le,B_unique_nonreserved_sink,NumStability.real_abs_exp_sub_one_le_of_abs_le | NumStability.expm1Algorithm2_exp_sub_one_abs_le_of_abs_x_le
045daf28056a6e4358d5de7c22c7a9d7acc2e80e,1029,c45ceea5bafee0a39099ac4f6e321a5ba59f2d1b0c7497f19a0849778ebcc64e,3258095477,31656,2,1,2,0,0,1,0,0,2,0,true,false,1,unique_nonreserved_sink,NumStability.sylvester_practical_error_bound_fl_of_sepLowerBound,B_unique_nonreserved_sink,NumStability.H16_eq16_29_sylvester_practical_error_bound_fl_of_sepLowerBound | NumStability.sylvester_practical_error_bound_fl_of_sepLowerBound
045daf28056a6e4358d5de7c22c7a9d7acc2e80e,1378,c4961211c09e8bd07ce998e7d80bb8431d9bb951e246d974207ec4838fafc2ef,4103481169,24782,2,1,2,0,0,1,0,0,1,0,true,false,1,unique_nonreserved_sink,NumStability.sylvester_realQuasiSchur_factors_twoBlockSpectral_block_separation_of_no_common_complex_right_eigenvalue,B_unique_nonreserved_sink,NumStability.H16_eq16_4_8_sylvester_realQuasiSchur_factors_twoBlockSpectral_block_separation_of_no_common_complex_right_eigenvalue | NumStability.sylvester_realQuasiSchur_factors_twoBlockSpectral_block_separation_of_no_common_complex_right_eigenvalue
045daf28056a6e4358d5de7c22c7a9d7acc2e80e,206,c4c1eb9f716dc1ee4b4e5e0f6b224d3d71ca4785c29e8124252babff8c22a552,1312251384,24385,2,2,2,0,0,1,0,1,1,0,true,false,1,unique_nonreserved_sink,NumStability.Wave15.sylvesterQuasiSchurBackSubCoeff_eq_zero,B_unique_nonreserved_sink,NumStability.Wave15.sylvesterQuasiSchurBackSubCoeff_eq_zero | NumStability.Wave15.H16_eq16_6_quasi_sylvesterQuasiSchurBackSubCoeff_eq_zero
045daf28056a6e4358d5de7c22c7a9d7acc2e80e,168,c5277b93049a89be831121ccbabd6a5f2c97d71e0a77a9451e62b46a35b3d7f2,1210105240,45947,2,1,2,0,0,0,0,0,2,0,true,false,1,unique_nonreserved_sink,NumStability.higham14_eq14_23_methodD_left_residual_bound_from_expanded_budget,B_unique_nonreserved_sink,NumStability.higham14_eq14_23_methodD_left_residual_bound_from_expanded_budget | NumStability.higham14_eq14_23_methodD_left_residual_bound_of_local_certificates
045daf28056a6e4358d5de7c22c7a9d7acc2e80e,360,c529260e78bab5be1271936d461a855935db37dfc9c726ba80252808eebe0d39,1678721023,2562,2,1,2,0,0,0,0,2,1,0,true,false,1,unique_nonreserved_sink,NumStability.IsOrthogonal.id,B_unique_nonreserved_sink,NumStability.IsOrthogonal.id | NumStability.idMatrix_orthogonal
045daf28056a6e4358d5de7c22c7a9d7acc2e80e,1090,c535def481dde051a92a7bfd12967d67d12b97c3db68953562b8d743fcd12a8d,3388613171,7868,2,2,2,0,0,0,0,1,2,0,true,false,1,unique_nonreserved_sink,NumStability.mgsProblem1912_repair_of_csDiagonalAlgebra_of_perturbation_bounds,B_unique_nonreserved_sink,NumStability.mgsProblem1912_repair_of_csDiagonalAlgebra_of_perturbation_bounds | H19.Theorem19_13.problem1912_repair_of_csDiagonalAlgebra_of_perturbation_bounds
045daf28056a6e4358d5de7c22c7a9d7acc2e80e,604,c53d43f012e7f638e057b0b344c2d598bedc3f4cd0530f8cdb337325697732ae,2256913056,24539,2,2,2,0,0,1,0,1,1,0,true,false,1,unique_nonreserved_sink,NumStability.svdOptimalPerturbations_frobNormSq_bounds,B_unique_nonreserved_sink,NumStability.svdOptimalPerturbations_frobNormSq_bounds | NumStability.H16_eq16_15_svdOptimalPerturbations_frobNormSq_bounds
045daf28056a6e4358d5de7c22c7a9d7acc2e80e,194,c53db865cb5224c6f09ec8c5c917f5c0f61d04fe05ce4289e0b69d48c734103f,1273012407,24767,2,1,2,0,0,1,0,0,2,0,true,false,1,unique_nonreserved_sink,NumStability.complexSylvesterVecCoeff_det_ne_zero_iff_of_upperTriangular_diagonal_separation,B_unique_nonreserved_sink,NumStability.H16_eq16_3_complexSylvesterVecCoeff_det_ne_zero_iff_of_upperTriangular_diagonal_separation | NumStability.complexSylvesterVecCoeff_det_ne_zero_iff_of_upperTriangular_diagonal_separation
045daf28056a6e4358d5de7c22c7a9d7acc2e80e,818,c53f7db56188991f92eaaaeb6d7a09499efbf9c1e0d30aaa11b74d1d598628ca,2736343022,26949,2,2,2,0,0,1,0,1,1,0,true,false,1,unique_nonreserved_sink,NumStability.Wave14.frobNormRect_sylvesterResidualRect_schurTriangular_backSub_le,B_unique_nonreserved_sink,NumStability.Wave14.frobNormRect_sylvesterResidualRect_schurTriangular_backSub_le | NumStability.Wave14.H16_eq16_8_frobNormRect_sylvesterResidualRect_schurTriangular_backSub_le
045daf28056a6e4358d5de7c22c7a9d7acc2e80e,960,c546bed2dd1cd7cd53a9da6b951a5b428afb04e562ab25c775c270bf49edf544,3064667911,14854,2,1,2,0,0,1,0,0,2,0,true,false,1,unique_nonreserved_sink,NumStability.higham9_11_bandwidth_one_bohte_solve_tight_of_growth_le,B_unique_nonreserved_sink,NumStability.higham9_11_bandwidth_one_bohte_solve_tight_of_growth_le | NumStability.higham9_11_tridiagonal_bohte_solve_tight_of_growth_le
045daf28056a6e4358d5de7c22c7a9d7acc2e80e,884,c566915c0bfbb49d9dfab0075450f0c963874649b57aeae04dc983be75908156,289451549,26405,2,2,2,0,0,1,0,1,1,0,true,false,1,unique_nonreserved_sink,NumStability.finiteQuadraticForm_finiteMatrixGram_eq_finiteVecNorm2Sq_mulVec,B_unique_nonreserved_sink,NumStability.finiteQuadraticForm_finiteMatrixGram_eq_finiteVecNorm2Sq_mulVec | NumStability.H16_eq16_2_finiteQuadraticForm_finiteMatrixGram_eq_finiteVecNorm2Sq_mulVec
045daf28056a6e4358d5de7c22c7a9d7acc2e80e,33,c56db511abf8d89785675e7c42af26ecb3eb85bc56f9e612b78a7d832f2e7418,4042513941,26128,4,2,4,0,0,2,0,2,3,0,true,false,3,unique_nonreserved_sink,NumStability.lyapunov_aposteriori_bound_of_sigmaMin,B_unique_nonreserved_sink,NumStability.lyapunov_aposteriori_bound_of_sigmaMin | NumStability.lyapunov_aposteriori_bound_of_sigmaMin_total | NumStability.H16_eq16_28_lyapunov_aposteriori_bound_of_sigmaMin | NumStability.H16_eq16_28_lyapunov_aposteriori_bound_of_sigmaMin_total
045daf28056a6e4358d5de7c22c7a9d7acc2e80e,317,c570e943795ec79c8b06d829ba9c690ac32ee730c78504defa722178a9ea42fa,1599555657,23801,2,2,2,0,0,1,0,1,2,0,true,false,1,unique_nonreserved_sink,NumStability.sylvesterVecCoeff_singular_of_common_eigenvalue,B_unique_nonreserved_sink,NumStability.sylvesterVecCoeff_singular_of_common_eigenvalue | NumStability.H16_eq16_3_sylvesterVecCoeff_singular_of_common_eigenvalue
045daf28056a6e4358d5de7c22c7a9d7acc2e80e,288,c5f0fbb74c311fa6e1d23ec49a8b4133d4997c183cb3d793b58df44ab82287b6,1521669673,15223,2,1,2,0,0,1,0,1,2,0,true,false,1,unique_nonreserved_sink,NumStability.higham9_14_source_h_bound_of_LUBackwardError_fl_triangular_solves_gamma_le,B_unique_nonreserved_sink,NumStability.higham9_14_source_h_bound_of_LUBackwardError_fl_triangular_solves_absLU_le_absA_gamma_le | NumStability.higham9_14_source_h_bound_of_LUBackwardError_fl_triangular_solves_gamma_le
045daf28056a6e4358d5de7c22c7a9d7acc2e80e,261,c63d9df6bb317a2a893f7630cf2e6530791e5dce020f60a6bb86f65bc5654135,1428941981,31659,2,1,2,0,0,1,0,0,1,0,true,false,1,unique_nonreserved_sink,NumStability.lyapunov_practical_error_bound_fl_of_operator_sigmaMin,B_unique_nonreserved_sink,NumStability.H16_eq16_29_lyapunov_practical_error_bound_fl_of_operator_sigmaMin | NumStability.lyapunov_practical_error_bound_fl_of_operator_sigmaMin
045daf28056a6e4358d5de7c22c7a9d7acc2e80e,1582,c68036abbfab91415edc9fb3b2edb58688009e5bf940a8d5518f0568c8ec9f9b,710406123,26457,2,2,2,0,0,1,0,1,1,0,true,false,1,unique_nonreserved_sink,NumStability.sylvester_practical_error_bound_of_vecCoeff_gram_eigenvalues_computed_residual_budget_scalar,B_unique_nonreserved_sink,NumStability.sylvester_practical_error_bound_of_vecCoeff_gram_eigenvalues_computed_residual_budget_scalar | NumStability.H16_eq16_29_sylvester_practical_error_bound_of_vecCoeff_gram_eigenvalues_computed_residual_budget_scalar
045daf28056a6e4358d5de7c22c7a9d7acc2e80e,1198,c682dc52bfe4f8228e6a70e0e88e3733d622460df9659699fb0535ffad5c7d58,3610759735,23624,2,2,2,0,0,1,0,1,1,0,true,false,1,unique_nonreserved_sink,NumStability.vec_left_mul_rect,B_unique_nonreserved_sink,NumStability.vec_left_mul_rect | NumStability.H16_eq16_2_vec_left_mul_rect
045daf28056a6e4358d5de7c22c7a9d7acc2e80e,894,c6c3ea3a7e816e8375f4a72eb1d0fd7944105874f2abb11f92184e7f9dfb040b,291642929,24619,2,2,2,0,0,1,0,1,1,0,true,false,1,unique_nonreserved_sink,NumStability.frobNorm_le_gamma_mul_tripleNorm,B_unique_nonreserved_sink,NumStability.frobNorm_le_gamma_mul_tripleNorm | NumStability.H16_eq16_23_frobNorm_le_gamma_mul_tripleNorm
045daf28056a6e4358d5de7c22c7a9d7acc2e80e,1444,c6f81ad859ef611359643138502e33e7299a59424429c86392bde94c9e7727ef,4256604533,26544,2,2,2,0,0,1,0,1,1,0,true,false,1,unique_nonreserved_sink,NumStability.sylvester_practical_error_bound_of_operator_sigmaMin_computed_residual_certificate,B_unique_nonreserved_sink,NumStability.sylvester_practical_error_bound_of_operator_sigmaMin_computed_residual_certificate | NumStability.H16_eq16_29_sylvester_practical_error_bound_of_operator_sigmaMin_computed_residual_certificate
045daf28056a6e4358d5de7c22c7a9d7acc2e80e,885,c7247cb14adede50ac03b002fb1005c7d4691e1fc8c65f54874838b4f1e8dd7d,2895386296,18489,2,2,2,0,0,1,0,1,2,0,true,false,1,unique_nonreserved_sink,NumStability.fl_oneByOne_stage_trailing_error,B_unique_nonreserved_sink,NumStability.fl_oneByOne_stage_trailing_error | NumStability.higham11_3_fl_stage_trailing_error
045daf28056a6e4358d5de7c22c7a9d7acc2e80e,1519,c72c8e3ade0beab80ba243dea2476f4576217d9a0e4a9932b525c6eb43d42b1f,553285884,24467,2,2,2,0,0,1,0,1,1,0,true,false,1,unique_nonreserved_sink,NumStability.sylvester_relative_perturbation,B_unique_nonreserved_sink,NumStability.sylvester_relative_perturbation | NumStability.H16_eq16_25_sylvester_relative_perturbation
045daf28056a6e4358d5de7c22c7a9d7acc2e80e,1067,c75539833be9fae5fcd2288f73086b3a258868a14e12138ebf045f3c1fad8f45,3352058518,24516,2,2,2,0,0,1,0,1,1,0,true,false,1,unique_nonreserved_sink,NumStability.one_le_sylvesterAmplificationMuSquare,B_unique_nonreserved_sink,NumStability.one_le_sylvesterAmplificationMuSquare | NumStability.H16_eq16_19_one_le_sylvesterAmplificationMuSquare
045daf28056a6e4358d5de7c22c7a9d7acc2e80e,370,c763c34b10ad9d8db612860260bbcbaddc2af81b602b0c1ad371293530991bfa,1693088170,5912,2,2,2,0,0,1,0,1,2,0,true,false,1,unique_nonreserved_sink,NumStability.fl_householderConstructionError,B_unique_nonreserved_sink,NumStability.fl_householderConstructionError | NumStability.H19_Lemma19_1_construction1_backward_error
045daf28056a6e4358d5de7c22c7a9d7acc2e80e,418,c78e4aaba3cac5d90881b0f1e961952084d006226dc3a33c9222a2cbcaab6deb,180264646,15047,2,1,2,0,0,1,0,0,2,0,true,false,1,unique_nonreserved_sink,NumStability.higham9_14_matrix_source_h_bound_of_RectDoolittleDenseLoopCertificate_square_fl_triangular_solves_gamma_le,B_unique_nonreserved_sink,NumStability.higham9_14_matrix_source_h_bound_of_RectDoolittleDenseLoopCertificate_square_fl_triangular_solves_absLU_le_absA_gamma_le | NumStability.higham9_14_matrix_source_h_bound_of_RectDoolittleDenseLoopCertificate_square_fl_triangular_solves_gamma_le
045daf28056a6e4358d5de7c22c7a9d7acc2e80e,48,c7a4c249cf9f609f98fd4f75c9a472fe5706cae0bc8b9008e47e9e64af07ddf2,1892141915,31506,3,1,3,0,0,1,0,0,2,0,true,false,2,unique_nonreserved_sink,NumStability.H16_eq16_27_lyapunov_condition_of_vecCoeff_sigmaMin,B_unique_nonreserved_sink,NumStability.H16_eq16_27_lyapunov_condition_of_vecCoeff_sigmaMin | NumStability.H16_eq16_27_lyapunov_relative_first_order_bound_of_vecCoeff_sigmaMin | NumStability.lyapunov_relative_first_order_bound_of_vecCoeff_sigmaMin
045daf28056a6e4358d5de7c22c7a9d7acc2e80e,249,c7d429be77368ffb8791583cb1c2418b2e503b5af7bf4dbbd85c6f5a1f4530b2,1404370804,23684,2,2,2,0,0,1,0,1,2,0,true,false,1,unique_nonreserved_sink,NumStability.sylvester_practical_error_bound_of_computed_residual_certificate,B_unique_nonreserved_sink,NumStability.sylvester_practical_error_bound_of_computed_residual_certificate | NumStability.H16_eq16_29_sylvester_practical_error_bound_of_computed_residual_certificate
045daf28056a6e4358d5de7c22c7a9d7acc2e80e,1193,c802a35f003aa0727046cb13f8b092507de8b320f38c4c0a46a9c64017c2134f,3601841863,16040,2,1,2,0,0,1,0,0,1,0,true,false,1,unique_nonreserved_sink,NumStability.higham9_15_normwise_source_bound_of_factorization_right_zero_opNorm_product_lt_of_factor_triangularity,B_unique_nonreserved_sink,NumStability.higham9_15_normwise_source_bound_of_factorization_G_right_zero_opNorm_product_lt_of_factor_triangularity | NumStability.higham9_15_normwise_source_bound_of_factorization_right_zero_opNorm_product_lt_of_factor_triangularity
045daf28056a6e4358d5de7c22c7a9d7acc2e80e,521,c8290743e665fbb6f14268f40442368b4d859bb63157c1b61ab596569cd29907,2066278944,57166,2,1,2,0,0,1,0,0,2,0,true,false,1,unique_nonreserved_sink,NumStability.quadraticOverflowExample_discriminant_sub_doubleRounded_roundToEvenOp_standardModel,B_unique_nonreserved_sink,NumStability.quadraticOverflowExample_discriminant_path_doubleRounded_roundToEvenOp_standardModel | NumStability.quadraticOverflowExample_discriminant_sub_doubleRounded_roundToEvenOp_standardModel
045daf28056a6e4358d5de7c22c7a9d7acc2e80e,907,c83b620995ea39faca005aafea0921acdbd7843fe9eff2a3bba3af1751cd9e90,2945378433,15356,2,1,2,0,0,1,0,0,2,0,true,false,1,unique_nonreserved_sink,NumStability.higham9_14_source_h_bound_of_DoolittleDenseLoopCertificate_fl_triangular_solves_gamma,B_unique_nonreserved_sink,NumStability.higham9_14_source_h_bound_of_DoolittleDenseLoopCertificate_fl_triangular_solves_absLU_le_absA_gamma | NumStability.higham9_14_source_h_bound_of_DoolittleDenseLoopCertificate_fl_triangular_solves_gamma
045daf28056a6e4358d5de7c22c7a9d7acc2e80e,603,c8db930f92f5f803dd8c55ba6d2ba63fd4f580dd69e11d9e27d73186cbeafbe8,2256043638,24544,2,2,2,0,0,1,0,1,1,0,true,false,1,unique_nonreserved_sink,NumStability.svdOptimalDeltaB_frobNormSq_le_xiSq,B_unique_nonreserved_sink,NumStability.svdOptimalDeltaB_frobNormSq_le_xiSq | NumStability.H16_eq16_15_svdOptimalDeltaB_frobNormSq_le_xiSq
045daf28056a6e4358d5de7c22c7a9d7acc2e80e,481,c914ded64abcefa8620a66867d6ee4475cffa2458a04843fad9b56939b9542c5,1966846593,24945,2,1,2,0,0,1,0,0,1,0,true,false,1,unique_nonreserved_sink,NumStability.sylvesterVecCoeff_realQuasiSchur_strictBlockMap_nonsingInv_mulVec_mulVec,B_unique_nonreserved_sink,NumStability.H16_eq16_2_6_sylvesterVecCoeff_realQuasiSchur_strictBlockMap_nonsingInv_mulVec_mulVec | NumStability.sylvesterVecCoeff_realQuasiSchur_strictBlockMap_nonsingInv_mulVec_mulVec
045daf28056a6e4358d5de7c22c7a9d7acc2e80e,305,c94cae59947824f61be856b80ae4a8d1cf0f26073c2e198977d40227a57bd296,1575682593,16194,2,1,2,0,0,1,0,0,1,0,true,false,1,unique_nonreserved_sink,NumStability.higham9_15_normwise_source_bound_of_factorization_init_linear_step_opNorm,B_unique_nonreserved_sink,NumStability.higham9_15_normwise_source_bound_of_factorization_G_init_linear_step_opNorm | NumStability.higham9_15_normwise_source_bound_of_factorization_init_linear_step_opNorm
045daf28056a6e4358d5de7c22c7a9d7acc2e80e,51,c94e3b27363d1d3efdbe54a740bb2396fcd082a8e4cb45042534cfc6f7cde53f,2268534834,24899,3,1,3,0,0,1,0,0,2,0,true,false,1,unique_nonreserved_sink,NumStability.existsUnique_isSylvesterSolutionRect_of_quasiSchur_realQuasiSchur_factors_block_separation_vecCoeff_det_ne_zero_generated_frontier_step_oracle,B_unique_nonreserved_sink,NumStability.H16_eq16_4_8_existsUnique_isSylvesterSolutionRect_of_quasiSchur_realQuasiSchur_factors_block_separation_vecCoeff_det_ne_zero_generated_frontier_step_oracle | NumStability.existsUnique_isSylvesterSolutionRect_of_quasiSchur_realQuasiSchur_factors_block_separation_vecCoeff_det_ne_zero_generated_frontier_step_oracle | NumStability.existsUnique_isSylvesterSolutionRect_of_quasiSchur_realQuasiSchur_factors_vecCoeff_det_ne_zero_generated_frontier_step_oracle
045daf28056a6e4358d5de7c22c7a9d7acc2e80e,1435,c9ac90dff29fdbf340f8d62cfa4ccd94486b61a4a650f50819b1da966cb95c3a,4239353524,23501,2,2,2,0,0,0,0,2,2,0,true,false,1,unique_nonreserved_sink,NumStability.backSub_backward_error_anyOrder,B_unique_nonreserved_sink,NumStability.higham8_5_backSub_anyOrder_backward_error | NumStability.backSub_backward_error_anyOrder
045daf28056a6e4358d5de7c22c7a9d7acc2e80e,639,c9d3b4d1635ca392bbd4b7c2456b00a3a84cbd80cd0154d38e4ed0f86204aacf,2301926126,24563,2,2,2,0,0,1,0,1,1,0,true,false,1,unique_nonreserved_sink,NumStability.lyapunovBackwardErrorInf_le_sqrt_lyapunovXiSq_of_symmetric_spectral,B_unique_nonreserved_sink,NumStability.lyapunovBackwardErrorInf_le_sqrt_lyapunovXiSq_of_symmetric_spectral | NumStability.H16_eq16_21_lyapunovBackwardErrorInf_le_sqrt_lyapunovXiSq_of_symmetric_spectral
045daf28056a6e4358d5de7c22c7a9d7acc2e80e,1383,ca15a6293e7554be1059eca03a5faf977c1777ab1a69817dca6fba5eb5a722ee,4116860216,24714,2,1,2,0,0,1,0,1,1,0,true,false,1,unique_nonreserved_sink,NumStability.sylvester_practical_error_bound_of_schurDiagonal_computed_residual_certificate_mono_scalar,B_unique_nonreserved_sink,NumStability.H16_eq16_29_sylvester_practical_error_bound_of_schurDiagonal_computed_residual_certificate_mono_scalar | NumStability.sylvester_practical_error_bound_of_schurDiagonal_computed_residual_certificate_mono_scalar
045daf28056a6e4358d5de7c22c7a9d7acc2e80e,1206,ca3d94aab68f703b0ed842f1e31249653102a3aae3af044120801cff215e2a52,3637568425,25154,2,2,2,0,0,0,0,2,2,0,true,false,1,unique_nonreserved_sink,NumStability.sne_forward_error_matches_q_method,B_unique_nonreserved_sink,NumStability.sne_forward_error_matches_q_method | NumStability.higham21_sne_gram_forward_error_matches_q_method
045daf28056a6e4358d5de7c22c7a9d7acc2e80e,447,ca8234b7e2a90cea1ae79dc10f2558cf34b3c5826d7cabbb61ad2f8a09fbf521,1885045660,31674,2,1,2,0,0,1,0,0,1,0,true,false,1,unique_nonreserved_sink,NumStability.lyapunov_practical_error_bound_fl_of_diagonal_mono,B_unique_nonreserved_sink,NumStability.H16_eq16_29_lyapunov_practical_error_bound_fl_of_diagonal_mono | NumStability.lyapunov_practical_error_bound_fl_of_diagonal_mono
045daf28056a6e4358d5de7c22c7a9d7acc2e80e,1580,caa47d0456895b5f3b867fa9726c52e288fc6b6594158a9b099db6515c79493d,703735677,24408,2,2,2,0,0,1,0,1,1,0,true,false,1,unique_nonreserved_sink,NumStability.Wave15.sylvesterQuasiPairing_notSecond_decode,B_unique_nonreserved_sink,NumStability.Wave15.sylvesterQuasiPairing_notSecond_decode | NumStability.Wave15.H16_eq16_6_quasi_sylvesterQuasiPairing_notSecond_decode
045daf28056a6e4358d5de7c22c7a9d7acc2e80e,756,cafa5cd23e6867a8c571f630bfa66e495bd431cb1a8da2fb0e9aaec4307ff51f,2571893402,26344,2,2,2,0,0,1,0,1,2,0,true,false,1,unique_nonreserved_sink,NumStability.sylvester_relative_perturbation_of_vecCoeff_sigmaMin_total,B_unique_nonreserved_sink,NumStability.sylvester_relative_perturbation_of_vecCoeff_sigmaMin_total | NumStability.H16_eq16_25_sylvester_relative_perturbation_of_vecCoeff_sigmaMin_total
045daf28056a6e4358d5de7c22c7a9d7acc2e80e,1138,cb1fdf8d38698e061a0c9f6883f1d2a20d09af349d53cc574651fb8f05d24ad4,3496298945,24893,2,1,2,0,0,1,0,0,1,0,true,false,1,unique_nonreserved_sink,NumStability.sylvester_quasiSchur_blockTraversal_solution_of_twoBlockSpectral_det_separation_generated_frontier_step_oracle,B_unique_nonreserved_sink,NumStability.H16_eq16_4_8_sylvester_quasiSchur_blockTraversal_solution_of_twoBlockSpectral_det_separation_generated_frontier_step_oracle | NumStability.sylvester_quasiSchur_blockTraversal_solution_of_twoBlockSpectral_det_separation_generated_frontier_step_oracle
045daf28056a6e4358d5de7c22c7a9d7acc2e80e,1419,cb51f4d7ef5125fa9b1a6e3e8774da0915d946963697c4d610be574063f05a21,4192931059,31785,2,1,2,0,0,1,0,0,1,0,true,false,1,unique_nonreserved_sink,NumStability.Wave14.bartels_stewart_end_to_end_residual,B_unique_nonreserved_sink,NumStability.Wave14.H16_eq16_9_end_to_end_bartels_stewart_residual | NumStability.Wave14.bartels_stewart_end_to_end_residual
045daf28056a6e4358d5de7c22c7a9d7acc2e80e,726,cb53ebc475484f5f4bf146677d1e0de1321d3c965f34d82c2b1f141caa9fa302,2496520953,24120,2,2,2,0,0,1,0,1,2,0,true,false,1,unique_nonreserved_sink,NumStability.sylvester_practical_error_bound_of_realQuasiSchur_strictBlockMap_computed_residual_error_model,B_unique_nonreserved_sink,NumStability.sylvester_practical_error_bound_of_realQuasiSchur_strictBlockMap_computed_residual_error_model | NumStability.H16_eq16_29_realQuasiSchur_strictBlockMap_computed_residual_error_model
045daf28056a6e4358d5de7c22c7a9d7acc2e80e,916,cb5a0cd223d9118cb8ae7ae05f9c34957914b92060868b41f2f154f40e88cd2c,2965071053,26209,2,2,2,0,0,1,0,1,1,0,true,false,1,unique_nonreserved_sink,NumStability.lyapunovVecCoeff_det_ne_zero_of_vecCoeff_gram_eigenvalues,B_unique_nonreserved_sink,NumStability.lyapunovVecCoeff_det_ne_zero_of_vecCoeff_gram_eigenvalues | NumStability.H16_eq16_2_27_lyapunovVecCoeff_det_ne_zero_of_vecCoeff_gram_eigenvalues
045daf28056a6e4358d5de7c22c7a9d7acc2e80e,357,cb6d2f4e3993827489fd8edeab83966265792327965f0d4d1007029fd3051a89,1666393741,16191,2,1,2,0,0,1,0,0,1,0,true,false,1,unique_nonreserved_sink,NumStability.higham9_15_normwise_source_bound_of_factorization_right_zero_opNorm_exact_opNorm2_of_factor_triangularity,B_unique_nonreserved_sink,NumStability.higham9_15_normwise_source_bound_of_factorization_G_right_zero_opNorm_exact_opNorm2_of_factor_triangularity | NumStability.higham9_15_normwise_source_bound_of_factorization_right_zero_opNorm_exact_opNorm2_of_factor_triangularity
045daf28056a6e4358d5de7c22c7a9d7acc2e80e,1328,cb862f94cfbfc23587cd7f86ef969ed6c8f7e8f4f9dee4712ea09d4d34585ed2,3936693437,26545,2,2,2,0,0,1,0,1,1,0,true,false,1,unique_nonreserved_sink,NumStability.lyapunov_practical_error_bound_of_sepLowerBound_computed_residual_certificate,B_unique_nonreserved_sink,NumStability.lyapunov_practical_error_bound_of_sepLowerBound_computed_residual_certificate | NumStability.H16_eq16_29_lyapunov_practical_error_bound_of_sepLowerBound_computed_residual_certificate
045daf28056a6e4358d5de7c22c7a9d7acc2e80e,371,cb9568ce2d3983591dcb572a797b5826604ef1091cf508b2eb5524c96dc9f635,1697428732,23723,2,2,2,0,0,1,0,1,1,0,true,false,1,unique_nonreserved_sink,NumStability.sylvester_vec_error_eq_inverse_residual_of_left_inverse,B_unique_nonreserved_sink,NumStability.sylvester_vec_error_eq_inverse_residual_of_left_inverse | NumStability.H16_eq16_29_sylvester_vec_error_eq_inverse_residual_of_left_inverse
045daf28056a6e4358d5de7c22c7a9d7acc2e80e,132,cbe772a8fe7ab13bb6e76521284b387277d88666c14bbd9adc8e6f9d829feab1,1126000261,26968,2,2,2,0,0,1,0,1,1,0,true,false,1,unique_nonreserved_sink,NumStability.Wave15.sylvesterQuasiSchurBackSubCoeff_subdiag_zero,B_unique_nonreserved_sink,NumStability.Wave15.sylvesterQuasiSchurBackSubCoeff_subdiag_zero | NumStability.Wave15.H16_eq16_6_quasi_sylvesterQuasiSchurBackSubCoeff_subdiag_zero
045daf28056a6e4358d5de7c22c7a9d7acc2e80e,1164,cc4d0d7c9b5d9f5538c4fe45fc845e58d5f19f1dec0bec79afee212bc62f1fc9,3538135047,24757,2,1,2,0,0,1,0,0,2,0,true,false,1,unique_nonreserved_sink,NumStability.complexSylvester_exists_unique_of_schur_no_common_eigenpair,B_unique_nonreserved_sink,NumStability.H16_eq16_3_complexSylvester_exists_unique_of_schur_no_common_eigenpair | NumStability.complexSylvester_exists_unique_of_schur_no_common_eigenpair
045daf28056a6e4358d5de7c22c7a9d7acc2e80e,267,cc64fb496286dba597f9f2f1ab8ad490cccc9a860c2f1e62cf59e2a6224bf3ea,1444929565,31655,2,1,2,0,0,1,0,0,1,0,true,false,1,unique_nonreserved_sink,NumStability.isLeast_sylvesterBackwardErrorValues_of_svdOptimalPerturbations,B_unique_nonreserved_sink,NumStability.H16_eq16_15_isLeast_sylvesterBackwardErrorValues_of_svdOptimalPerturbations | NumStability.isLeast_sylvesterBackwardErrorValues_of_svdOptimalPerturbations
045daf28056a6e4358d5de7c22c7a9d7acc2e80e,969,cccbacdd850ff7945655e57b049ecc53d1c9ccca67a08f7285d78678c6f27acf,3085019736,23729,2,2,2,0,0,1,0,1,1,0,true,false,1,unique_nonreserved_sink,NumStability.sylvester_practical_error_bound_of_vecCoeff_det_ne_zero_computed_residual_error_model_mono,B_unique_nonreserved_sink,NumStability.sylvester_practical_error_bound_of_vecCoeff_det_ne_zero_computed_residual_error_model_mono | NumStability.H16_eq16_29_sylvester_practical_error_bound_of_vecCoeff_det_ne_zero_computed_residual_error_model_mono
045daf28056a6e4358d5de7c22c7a9d7acc2e80e,433,ccf710852a68c47a3e8d13694099d2f9249d9c9cf5f29a0d059fd385dfcc5ba9,1832800800,6913,2,2,2,0,0,1,0,1,2,0,true,false,1,unique_nonreserved_sink,NumStability.householderActiveBlockNorm2Sq_pos_of_leading_block_leftInverses,B_unique_nonreserved_sink,NumStability.householderActiveBlockNorm2Sq_pos_of_leading_block_leftInverses | H19.Theorem19_6.householderActiveBlockNorm2Sq_pos_of_leading_block_leftInverses
045daf28056a6e4358d5de7c22c7a9d7acc2e80e,1411,cd2260c63eb3010405a3b9de8be02169b88187a4f7503359b732c624748e3cdc,418272548,24676,2,1,2,0,0,1,0,1,1,0,true,false,1,unique_nonreserved_sink,NumStability.frobNormRect_sylvesterResidualRect_le_of_schur_transform,B_unique_nonreserved_sink,NumStability.H16_eq16_9_frobNormRect_sylvesterResidualRect_le_of_schur_transform | NumStability.frobNormRect_sylvesterResidualRect_le_of_schur_transform
045daf28056a6e4358d5de7c22c7a9d7acc2e80e,1525,cd62b717fe26bf3a49af9e913be8a25f3d31499420f26b77df4d34a4a06fb1d7,576389812,31554,2,1,2,0,0,1,0,0,1,0,true,false,1,unique_nonreserved_sink,NumStability.exists_realQuasiSchur_schedule_original_solution_and_generated_step_formula_of_vecCoeff_gram_eigenvalues,B_unique_nonreserved_sink,NumStability.H16_eq16_4_8_exists_realQuasiSchur_schedule_original_solution_and_generated_step_formula_of_vecCoeff_gram_eigenvalues | NumStability.exists_realQuasiSchur_schedule_original_solution_and_generated_step_formula_of_vecCoeff_gram_eigenvalues
045daf28056a6e4358d5de7c22c7a9d7acc2e80e,1468,cd7e6f1ac8fdf20ee51cb1a8cadbe6906c053e6b1f8999d92f5b5877a8c69327,44770278,31672,2,1,2,0,0,1,0,0,1,0,true,false,1,unique_nonreserved_sink,NumStability.lyapunov_practical_error_bound_fl_of_diagonal,B_unique_nonreserved_sink,NumStability.H16_eq16_29_lyapunov_practical_error_bound_fl_of_diagonal | NumStability.lyapunov_practical_error_bound_fl_of_diagonal
045daf28056a6e4358d5de7c22c7a9d7acc2e80e,1379,cd84fed879a5cc4797178e2dc1bcad7d0b24b7e8112984ad9daf9a2ec2e56a2a,4104858482,24487,2,2,2,0,0,1,0,1,1,0,true,false,1,unique_nonreserved_sink,NumStability.sylvester_relative_aposteriori_bound_of_sepLowerBound,B_unique_nonreserved_sink,NumStability.sylvester_relative_aposteriori_bound_of_sepLowerBound | NumStability.H16_eq16_28_sylvester_relative_aposteriori_bound_of_sepLowerBound
045daf28056a6e4358d5de7c22c7a9d7acc2e80e,1697,cdc07035435271ddb24670f550d6d1d5d2fcb6bf5e80343c3e3a6fbce353c926,973447218,31663,2,1,2,0,0,1,0,0,1,0,true,false,1,unique_nonreserved_sink,NumStability.lyapunov_practical_error_bound_fl_of_vecCoeff_sigmaMin_mono_scalar,B_unique_nonreserved_sink,NumStability.H16_eq16_29_lyapunov_practical_error_bound_fl_of_vecCoeff_sigmaMin_mono_scalar | NumStability.lyapunov_practical_error_bound_fl_of_vecCoeff_sigmaMin_mono_scalar
045daf28056a6e4358d5de7c22c7a9d7acc2e80e,512,cdd0aea371c1302ed18877ea6edd4e2c9952d7646150b0c8eb6a9955134fd52c,205405010,6898,2,2,2,0,0,0,0,2,2,0,true,false,1,unique_nonreserved_sink,NumStability.storedQRSignedStage_completed_column_preservation,B_unique_nonreserved_sink,NumStability.storedQRSignedStage_completed_column_preservation | H19.Theorem19_6.stored_signed_stage_completed_column_preservation
045daf28056a6e4358d5de7c22c7a9d7acc2e80e,410,cdd1ad7e91c5e042287ae86e136c391071fd74e615f73a5e418ddbbcf56aef1f,1788345241,24885,2,1,2,0,0,1,0,0,2,0,true,false,1,unique_nonreserved_sink,NumStability.sylvester_practical_error_bound_of_schurTriangular_computed_residual_budget,B_unique_nonreserved_sink,NumStability.H16_eq16_29_schurTriangular_computed_residual_budget | NumStability.sylvester_practical_error_bound_of_schurTriangular_computed_residual_budget
045daf28056a6e4358d5de7c22c7a9d7acc2e80e,741,ce24ca266c439ecae0a2dc14e6816e70dc568d9ca749bd4ea51b723a71afa379,2529616998,26495,2,2,2,0,0,1,0,1,1,0,true,false,1,unique_nonreserved_sink,NumStability.lyapunov_practical_error_bound_of_vecCoeff_gram_eigenvalues_computed_residual_error_model_mono,B_unique_nonreserved_sink,NumStability.lyapunov_practical_error_bound_of_vecCoeff_gram_eigenvalues_computed_residual_error_model_mono | NumStability.H16_eq16_29_lyapunov_practical_error_bound_of_vecCoeff_gram_eigenvalues_computed_residual_error_model_mono
045daf28056a6e4358d5de7c22c7a9d7acc2e80e,430,ce377256153656fe597f540b8c3083ce97098bfe999cdf13ffd1b7666280a775,1827244508,6810,2,2,2,0,0,1,0,1,2,0,true,false,1,unique_nonreserved_sink,NumStability.fl_householderApplyCompactPanel_rect_orthogonal_columnwise_vector_sequence_geometric,B_unique_nonreserved_sink,NumStability.fl_householderApplyCompactPanel_rect_orthogonal_columnwise_vector_sequence_geometric | NumStability.H19_Lemma19_3_rectangular_columnwise_sequence_backward_error
045daf28056a6e4358d5de7c22c7a9d7acc2e80e,49,ce5fe18fd8d234e7b733d08fe4143bbac9c60cd7b2fafa9e086010cacf905e9b,1893338739,24628,3,1,3,0,0,1,0,0,3,0,true,false,2,unique_nonreserved_sink,NumStability.H16_eq16_24_structured_condition_of_pos_le_sylvesterSepInf,B_unique_nonreserved_sink,NumStability.H16_eq16_24_structured_condition_of_pos_le_sylvesterSepInf | NumStability.H16_eq16_24_sylvester_relative_first_order_bound_of_pos_le_sylvesterSepInf | NumStability.sylvester_relative_first_order_bound_of_pos_le_sylvesterSepInf
045daf28056a6e4358d5de7c22c7a9d7acc2e80e,406,ce6d28be6d1ee7b7e23316413eb8c6f225115daa8a83cda4b72628e9bf52c52d,1780784338,24622,2,2,2,0,0,1,0,1,2,0,true,false,1,unique_nonreserved_sink,NumStability.sylvester_first_order_bound_of_sepLowerBound,B_unique_nonreserved_sink,NumStability.sylvester_first_order_bound_of_sepLowerBound | NumStability.H16_eq16_23_sylvester_first_order_bound_of_sepLowerBound
045daf28056a6e4358d5de7c22c7a9d7acc2e80e,672,ce7db679eb690408925228402c20d1e09d88f9509231d7d54b89f7e5cf41068a,2387566355,18966,2,1,2,0,0,1,0,0,2,0,true,false,1,unique_nonreserved_sink,NumStability.higham11_4_bunch_kaufman_solve_backward_error_of_first_stage_recursive_split_six_row_sum_normalized_prefix_growth_D_bound,B_unique_nonreserved_sink,NumStability.higham11_4_bunch_kaufman_solve_backward_error_interface_of_first_stage_recursive_split_six_row_sum_normalized_prefix_growth_D_bound | NumStability.higham11_4_bunch_kaufman_solve_backward_error_of_first_stage_recursive_split_six_row_sum_normalized_prefix_growth_D_bound
045daf28056a6e4358d5de7c22c7a9d7acc2e80e,1064,ce8d051e6c5d4c7053542e552c3d1aa03e87254df8e03b5dfc530fdbac691699,3348235514,3454,2,2,2,0,0,1,0,1,2,0,true,false,1,unique_nonreserved_sink,NumStability.growth_factor_product_lower_bound,B_unique_nonreserved_sink,NumStability.growth_factor_product_lower_bound | NumStability.higham9_8_growth_factor_product_lower_bound
045daf28056a6e4358d5de7c22c7a9d7acc2e80e,1570,ce8e1df7f3d972a6f775b4e38006a0d40c7cf34682b3da835b4d1c4564641933,682588860,43868,2,1,2,0,0,1,0,0,2,0,true,false,1,unique_nonreserved_sink,NumStability.higham13_table13_1_arbitrary_backward_error_from_growth,B_unique_nonreserved_sink,NumStability.higham13_table13_1_arbitrary_backward_error_from_growth | NumStability.higham13_table13_1_block_row_bdd_backward_error_from_growth
045daf28056a6e4358d5de7c22c7a9d7acc2e80e,1289,cf8a163826089d633cf7d1ccc8b4a6c2a75cbae365586dbd2e694734f8724f9d,3847835448,31561,2,1,2,0,0,1,0,0,1,0,true,false,1,unique_nonreserved_sink,NumStability.exists_realQuasiSchur_schedule_original_solution_and_generated_step_formula_of_vecCoeff_sigmaMin,B_unique_nonreserved_sink,NumStability.H16_eq16_4_8_exists_realQuasiSchur_schedule_original_solution_and_generated_step_formula_of_vecCoeff_sigmaMin | NumStability.exists_realQuasiSchur_schedule_original_solution_and_generated_step_formula_of_vecCoeff_sigmaMin
045daf28056a6e4358d5de7c22c7a9d7acc2e80e,761,cff9b9728ce3089892af9fdb751a5da1e002db02c28d765a3727e66db6cca181,2578168653,26134,2,2,2,0,0,1,0,1,2,0,true,false,1,unique_nonreserved_sink,NumStability.lyapunov_first_order_bound_of_sigmaMin,B_unique_nonreserved_sink,NumStability.lyapunov_first_order_bound_of_sigmaMin | NumStability.H16_eq16_27_lyapunov_first_order_bound_of_sigmaMin
045daf28056a6e4358d5de7c22c7a9d7acc2e80e,1288,d01347ddade2ad087ed7617ae9ffe4544ff2351651386ef4cc80356bd2639dda,384358829,4796,2,2,2,0,0,1,0,1,2,0,true,false,1,unique_nonreserved_sink,NumStability.cholesky_perturbation_componentwise,B_unique_nonreserved_sink,NumStability.cholesky_perturbation_componentwise | NumStability.higham10_8_sun_componentwise_perturbation
045daf28056a6e4358d5de7c22c7a9d7acc2e80e,1087,d0619acb05ab37231b474e870091b5c1919118b18e7c607bc414c5fd7e69f8d0,3386885410,32575,2,2,2,0,0,0,0,2,2,0,true,false,1,unique_nonreserved_sink,NumStability.higham21_eq21_9_complement_projector_rectOpNorm2Le,B_unique_nonreserved_sink,NumStability.higham21_eq21_9_complement_projector_rectOpNorm2Le | NumStability.higham21_complement_projector_rectOpNorm2Le_exact
045daf28056a6e4358d5de7c22c7a9d7acc2e80e,560,d0712a31409a3590adca30886e4a353b6305342a501f5145b145b76c71cdcfb2,2177634874,59500,2,2,2,0,0,1,0,1,2,0,true,false,1,unique_nonreserved_sink,NumStability.FloatingPointFormat.finiteRoundToEvenOp_half_mul_eq_div_two,B_unique_nonreserved_sink,NumStability.FloatingPointFormat.finiteRoundToEvenOp_half_mul_eq_div_two | NumStability.FloatingPointFormat.problem2_7_statement4_half_mul_eq_div_two
045daf28056a6e4358d5de7c22c7a9d7acc2e80e,537,d0820238540a9302e1f59032b05b72cd4aab7fff230f0ea7ade7af5820dff993,2108492389,18678,2,1,2,0,0,0,0,0,2,0,true,false,1,unique_nonreserved_sink,NumStability.higham11_4_bunch_kaufman_solve_backward_error_of_path_global_source_six_growth_bounds_maxEntryNorm_A,B_unique_nonreserved_sink,NumStability.higham11_4_bunch_kaufman_solve_backward_error_interface_of_path_global_source_six_growth_bounds_maxEntryNorm_A | NumStability.higham11_4_bunch_kaufman_solve_backward_error_of_path_global_source_six_growth_bounds_maxEntryNorm_A
045daf28056a6e4358d5de7c22c7a9d7acc2e80e,1059,d0d7b19ec948d944b11a68eda99535d037f16b270948484d820db81589c56a88,3340376528,23617,2,2,2,0,0,1,0,1,1,0,true,false,1,unique_nonreserved_sink,NumStability.sylvesterResidualRect_eq,B_unique_nonreserved_sink,NumStability.sylvesterResidualRect_eq | NumStability.H16_eq16_9_sylvesterResidualRect_eq
045daf28056a6e4358d5de7c22c7a9d7acc2e80e,1030,d0dea0e02cb8e76b73084857b25688b888488a65ee5ce396dd6d89922d571519,3259879232,26510,2,2,2,0,0,1,0,1,1,0,true,false,1,unique_nonreserved_sink,NumStability.lyapunov_practical_error_bound_of_sepLowerBound_computed_residual_certificate_mono,B_unique_nonreserved_sink,NumStability.lyapunov_practical_error_bound_of_sepLowerBound_computed_residual_certificate_mono | NumStability.H16_eq16_29_lyapunov_practical_error_bound_of_sepLowerBound_computed_residual_certificate_mono
045daf28056a6e4358d5de7c22c7a9d7acc2e80e,640,d100cfaf8e8143cc0287ea6b9b1a14ecabb6c38c595dfc7ce62cee55a31225c6,2306810564,26444,2,2,2,0,0,1,0,1,1,0,true,false,1,unique_nonreserved_sink,NumStability.lyapunov_practical_error_bound_of_vecCoeff_left_inverse_finiteOpNorm2Le_computed_residual_error_model_mono_scalar,B_unique_nonreserved_sink,NumStability.lyapunov_practical_error_bound_of_vecCoeff_left_inverse_finiteOpNorm2Le_computed_residual_error_model_mono_scalar | NumStability.H16_eq16_29_lyapunov_practical_error_bound_of_vecCoeff_left_inverse_finiteOpNorm2Le_computed_residual_error_model_mono_scalar
045daf28056a6e4358d5de7c22c7a9d7acc2e80e,1233,d1185b5c3a6e2b9fd328474f90f58b5c2dca83a5fb4d4b5cd7ccb44aa23ea0ca,370957619,24502,2,2,2,0,0,1,0,1,1,0,true,false,1,unique_nonreserved_sink,NumStability.residual_decomposition,B_unique_nonreserved_sink,NumStability.residual_decomposition | NumStability.H16_eq16_11_residual_decomposition
045daf28056a6e4358d5de7c22c7a9d7acc2e80e,1501,d142124bfa34bd59c5e697a44b103ec3cf18fd8895d4e5aabf1f623ab81f757b,511051003,26493,2,2,2,0,0,1,0,1,1,0,true,false,1,unique_nonreserved_sink,NumStability.sylvester_practical_error_bound_of_vecCoeff_left_inverse_finiteOpNorm2Le_computed_residual_certificate_scalar,B_unique_nonreserved_sink,NumStability.sylvester_practical_error_bound_of_vecCoeff_left_inverse_finiteOpNorm2Le_computed_residual_certificate_scalar | NumStability.H16_eq16_29_sylvester_practical_error_bound_of_vecCoeff_left_inverse_finiteOpNorm2Le_computed_residual_certificate_scalar
045daf28056a6e4358d5de7c22c7a9d7acc2e80e,1274,d14f99bdd7d35f59c8f408bafef033a72aaf7a9ac99318a66fa6cffdb6b90006,3795584422,16753,2,1,2,0,0,1,0,0,1,0,true,false,1,unique_nonreserved_sink,NumStability.higham9_15_normwise_source_bound_of_factorization_init_residual_zero_opNorm_of_factor_triangularity,B_unique_nonreserved_sink,NumStability.higham9_15_normwise_source_bound_of_factorization_G_init_residual_zero_opNorm_of_factor_triangularity | NumStability.higham9_15_normwise_source_bound_of_factorization_init_residual_zero_opNorm_of_factor_triangularity
045daf28056a6e4358d5de7c22c7a9d7acc2e80e,1368,d15c97e167b469e09a9d55b35ebe3ac99d699718e5e8a49552520a6b9b1d4952,4076741875,18916,2,1,2,0,0,0,0,0,2,0,true,false,1,unique_nonreserved_sink,NumStability.higham11_4_bunch_kaufman_solve_backward_error_of_path_branchwise_source_six_growth_bounds_maxEntryNorm_A,B_unique_nonreserved_sink,NumStability.higham11_4_bunch_kaufman_solve_backward_error_interface_of_path_branchwise_source_six_growth_bounds_maxEntryNorm_A | NumStability.higham11_4_bunch_kaufman_solve_backward_error_of_path_branchwise_source_six_growth_bounds_maxEntryNorm_A
045daf28056a6e4358d5de7c22c7a9d7acc2e80e,285,d1c4baecbf3d3822a30b078946d0edcc10f06522d8fe22a3e5edb26aab90bcc2,1510451784,23619,2,2,2,0,0,1,0,1,1,0,true,false,1,unique_nonreserved_sink,NumStability.sylvesterVecCoeff_mulVec_vec,B_unique_nonreserved_sink,NumStability.sylvesterVecCoeff_mulVec_vec | NumStability.H16_eq16_2_sylvesterVecCoeff_mulVec_vec
045daf28056a6e4358d5de7c22c7a9d7acc2e80e,367,d1f06300a894d4c79e32c4d50a384fe7ff9a627ec811f3ef3f8949af142f6b81,1688902480,3582,2,2,2,0,0,1,0,1,2,0,true,false,1,unique_nonreserved_sink,NumStability.fl_choleskyTrunc_backward_error,B_unique_nonreserved_sink,NumStability.fl_choleskyTrunc_backward_error | NumStability.higham10_14_fl_psd_cholesky_backward_error
045daf28056a6e4358d5de7c22c7a9d7acc2e80e,1648,d2110b3e6516ab72ee1a7d401e29a2b37f0e35ac9b42b05a0a2f844f10050bf0,865058526,5562,2,2,2,0,0,1,0,1,2,0,true,false,1,unique_nonreserved_sink,NumStability.complexMatrix_relativeSingularDistance_min_eq_inv_conditionNumberProduct,B_unique_nonreserved_sink,NumStability.complexMatrix_relativeSingularDistance_min_eq_inv_conditionNumberProduct | NumStability.eq_7_26_relative_distance_to_singularity_eq_inv_condition_number
045daf28056a6e4358d5de7c22c7a9d7acc2e80e,1008,d21ab1e99c3d7b358bc3d0d86949532f21953b13067e8aebe14404ccb0202c1d,3190932581,6838,2,2,2,0,0,1,0,1,2,0,true,false,1,unique_nonreserved_sink,NumStability.storedQRSignedStage_pivot_zeroing_field_of_normSqBudget,B_unique_nonreserved_sink,NumStability.storedQRSignedStage_pivot_zeroing_field_of_normSqBudget | H19.Theorem19_6.stored_signed_stage_pivot_zeroing_field_of_normSqBudget
045daf28056a6e4358d5de7c22c7a9d7acc2e80e,1573,d23b5fe13758a355a4f73ba3aace96d32ffedf5b0249d20f2245e96b1ee52145,685308374,13754,2,2,2,0,0,0,0,2,2,0,true,false,1,unique_nonreserved_sink,NumStability.tridiag_diagdom_cond_bound,B_unique_nonreserved_sink,NumStability.tridiag_diagdom_cond_bound | NumStability.Ch15.H15_Theorem15_8
045daf28056a6e4358d5de7c22c7a9d7acc2e80e,234,d241561d5a3801c47f59548b3c42d84e838a5851674ef641f9e3270bc34cbc9f,137355042,26311,2,2,2,0,0,1,0,1,1,0,true,false,1,unique_nonreserved_sink,NumStability.lyapunov_aposteriori_bound_of_vecCoeff_left_inverse_finiteOpNorm2Le,B_unique_nonreserved_sink,NumStability.lyapunov_aposteriori_bound_of_vecCoeff_left_inverse_finiteOpNorm2Le | NumStability.H16_eq16_28_lyapunov_aposteriori_bound_of_vecCoeff_left_inverse_finiteOpNorm2Le
045daf28056a6e4358d5de7c22c7a9d7acc2e80e,1647,d24776ccf3e23e5d85afd3e43e7f87356bf9ef1e2756fe8ee6d48d46647bc40d,862398891,23616,2,2,2,0,0,1,0,1,1,0,true,false,1,unique_nonreserved_sink,NumStability.sylvesterOpRect_square_eq_sylvesterOp,B_unique_nonreserved_sink,NumStability.sylvesterOpRect_square_eq_sylvesterOp | NumStability.H16_eq16_1_sylvesterOpRect_square_eq_sylvesterOp
045daf28056a6e4358d5de7c22c7a9d7acc2e80e,400,d24b65babe5f65b2ebece0034123b6ffe9bb1aba4072cb7a34f5377c95a1a225,1767980960,24845,2,1,2,0,0,1,0,0,1,0,true,false,1,unique_nonreserved_sink,NumStability.sylvester_practical_abs_error_bound_of_no_common_complex_right_eigenvalue_schur_transform_residual_bound_mono,B_unique_nonreserved_sink,NumStability.H16_eq16_29_sylvester_practical_abs_error_bound_of_no_common_complex_right_eigenvalue_schur_transform_residual_bound_mono | NumStability.sylvester_practical_abs_error_bound_of_no_common_complex_right_eigenvalue_schur_transform_residual_bound_mono
045daf28056a6e4358d5de7c22c7a9d7acc2e80e,888,d2718ead05c4204f902f3061289d5800bda9c2a05887c3e04c76aa83f91af422,2901496446,26389,2,2,2,0,0,1,0,1,2,0,true,false,1,unique_nonreserved_sink,NumStability.sylvester_perturbation_bound_of_vecCoeff_left_inverse_finiteOpNorm2Le_total,B_unique_nonreserved_sink,NumStability.sylvester_perturbation_bound_of_vecCoeff_left_inverse_finiteOpNorm2Le_total | NumStability.H16_eq16_25_sylvester_perturbation_bound_of_vecCoeff_left_inverse_finiteOpNorm2Le_total
045daf28056a6e4358d5de7c22c7a9d7acc2e80e,859,d2ef5587c131ad1b45792ec49cf812cce3e27c502af33cdd47523bffd11820e9,2832656649,24551,2,2,2,0,0,1,0,1,1,0,true,false,1,unique_nonreserved_sink,NumStability.isLyapunovBackwardError_sqrt_lyapunovXiSq_of_spectral_optimalPerturbations,B_unique_nonreserved_sink,NumStability.isLyapunovBackwardError_sqrt_lyapunovXiSq_of_spectral_optimalPerturbations | NumStability.H16_eq16_21_isLyapunovBackwardError_sqrt_lyapunovXiSq_of_spectral_optimalPerturbations
045daf28056a6e4358d5de7c22c7a9d7acc2e80e,354,d375b1204868c8980c16a36c066e1ad3c67a6db531b4572c08356a6e170480a4,1661192214,31636,2,1,2,0,0,1,0,0,1,0,true,false,1,unique_nonreserved_sink,NumStability.lyapunov_practical_error_bound_fl_of_vecCoeff_gram_eigenvalues,B_unique_nonreserved_sink,NumStability.H16_eq16_29_lyapunov_practical_error_bound_fl_of_vecCoeff_gram_eigenvalues | NumStability.lyapunov_practical_error_bound_fl_of_vecCoeff_gram_eigenvalues
045daf28056a6e4358d5de7c22c7a9d7acc2e80e,1639,d37962be90229c23e7f9371cb02b6004306bd656b679d6132bf8b3d11d984218,831685249,7813,2,2,2,0,0,1,0,1,2,0,true,false,1,unique_nonreserved_sink,NumStability.gramSchmidtOrthogonalityResidual_opNorm2Le_of_close_orthonormal,B_unique_nonreserved_sink,NumStability.gramSchmidtOrthogonalityResidual_opNorm2Le_of_close_orthonormal | H19.Theorem19_13.gramSchmidtOrthogonalityResidual_opNorm2Le_of_close_orthonormal
045daf28056a6e4358d5de7c22c7a9d7acc2e80e,582,d3a548941630014412a332b23e68ec2d5bbe45ae9035e483b07c28d8c6fa017a,2211981068,56649,2,2,2,0,0,1,0,1,2,0,true,false,1,unique_nonreserved_sink,NumStability.finiteKahanHeronArea_relError_le_gamma9_unitRoundoff_of_finiteNormalRange,B_unique_nonreserved_sink,NumStability.finiteKahanHeronArea_relError_le_gamma9_unitRoundoff_of_finiteNormalRange | NumStability.problem2_22_kahanHeronArea_relError_le_gamma9_unitRoundoff
045daf28056a6e4358d5de7c22c7a9d7acc2e80e,1583,d3bd19e207b9458a3c26d52bd74452049b6211e963cc0b8036e88cb1b094fb6b,713777162,6750,2,2,2,0,0,1,0,1,2,0,true,false,1,unique_nonreserved_sink,NumStability.coxHigham_storedPanel_sequence_active_entry_bound_of_exact_growth_factor,B_unique_nonreserved_sink,NumStability.coxHigham_storedPanel_sequence_active_entry_bound_of_exact_growth_factor | H19.Theorem19_6.stored_panel_sequence_active_entry_bound_of_exact_growth_factor
045daf28056a6e4358d5de7c22c7a9d7acc2e80e,80,d3c6eff5cb02e8bd2aa3df663f335f77226cc19636debb7c14342b4c5caeebb2,1019430109,24738,2,1,2,0,0,1,0,0,1,0,true,false,1,unique_nonreserved_sink,NumStability.sylvester_practical_error_bound_of_sepLowerBound_computed_residual_error_model_mono_scalar,B_unique_nonreserved_sink,NumStability.H16_eq16_29_sylvester_practical_error_bound_of_sepLowerBound_computed_residual_error_model_mono_scalar | NumStability.sylvester_practical_error_bound_of_sepLowerBound_computed_residual_error_model_mono_scalar
045daf28056a6e4358d5de7c22c7a9d7acc2e80e,1540,d4489270f9ef5c434d694bff50070d56595cfb3fd724173aaaf15b668a1841d0,602482414,18498,2,2,2,0,0,0,0,2,2,0,true,false,1,unique_nonreserved_sink,NumStability.twoByTwo_inverse_entry_bounds,B_unique_nonreserved_sink,NumStability.twoByTwo_inverse_entry_bounds | NumStability.higham11_4_twoByTwo_inverse_entry_bounds
045daf28056a6e4358d5de7c22c7a9d7acc2e80e,235,d448d1ea684a1710e604826ff8c87abb7463fd892adab7dc07f353b155614283,1376221315,26523,2,2,2,0,0,1,0,1,1,0,true,false,1,unique_nonreserved_sink,NumStability.lyapunov_practical_error_bound_of_sepLowerBound_computed_residual_budget_scalar,B_unique_nonreserved_sink,NumStability.lyapunov_practical_error_bound_of_sepLowerBound_computed_residual_budget_scalar | NumStability.H16_eq16_29_lyapunov_practical_error_bound_of_sepLowerBound_computed_residual_budget_scalar
045daf28056a6e4358d5de7c22c7a9d7acc2e80e,109,d44e8d17518f3ad08de4f86d2654ba47960321e653eda32dcf35c40ff7a84213,1093345330,26162,2,2,2,0,0,1,0,1,1,0,true,false,1,unique_nonreserved_sink,NumStability.lyapunov_relative_aposteriori_bound_of_vecCoeff_sigmaMin,B_unique_nonreserved_sink,NumStability.lyapunov_relative_aposteriori_bound_of_vecCoeff_sigmaMin | NumStability.H16_eq16_28_lyapunov_relative_aposteriori_bound_of_vecCoeff_sigmaMin
045daf28056a6e4358d5de7c22c7a9d7acc2e80e,745,d515907299c2e12ef959271f99f86db8a6ef98c8e15b5576aefffccf113fcd56,2542525067,26326,2,2,2,0,0,1,0,1,1,0,true,false,1,unique_nonreserved_sink,NumStability.sylvesterVecCoeff_nonsingInv_mulVec_mulVec_of_sepLowerBound,B_unique_nonreserved_sink,NumStability.sylvesterVecCoeff_nonsingInv_mulVec_mulVec_of_sepLowerBound | NumStability.H16_eq16_2_26_sylvesterVecCoeff_nonsingInv_mulVec_mulVec_of_sepLowerBound
045daf28056a6e4358d5de7c22c7a9d7acc2e80e,1490,d598265f57acc0ae438a21e6be0d1a0208d663b271ceedeb441af24106714b64,48698665,24441,2,2,2,0,0,1,0,1,1,0,true,false,1,unique_nonreserved_sink,NumStability.sylvesterSepRatios_bddBelow,B_unique_nonreserved_sink,NumStability.sylvesterSepRatios_bddBelow | NumStability.H16_eq16_26_sylvesterSepRatios_bddBelow
045daf28056a6e4358d5de7c22c7a9d7acc2e80e,134,d5a07f1c435387bd05af8576d1b3ce08aa98fb1915f514b821b9a0dccedecda3,1141164979,24686,2,1,2,0,0,1,0,0,1,0,true,false,1,unique_nonreserved_sink,NumStability.sylvester_practical_error_bound_of_schurDiagonal_computed_residual_budget_mono,B_unique_nonreserved_sink,NumStability.H16_eq16_29_sylvester_practical_error_bound_of_schurDiagonal_computed_residual_budget_mono | NumStability.sylvester_practical_error_bound_of_schurDiagonal_computed_residual_budget_mono
045daf28056a6e4358d5de7c22c7a9d7acc2e80e,1356,d5c502aa6f7a8cb9502811511d231e6f734590afe56142438df90fd16eaffd07,4026000059,24473,2,2,2,0,0,1,0,1,1,0,true,false,1,unique_nonreserved_sink,NumStability.sylvester_relative_perturbation_of_pos_le_sylvesterSepInf_total,B_unique_nonreserved_sink,NumStability.sylvester_relative_perturbation_of_pos_le_sylvesterSepInf_total | NumStability.H16_eq16_25_sylvester_relative_perturbation_of_pos_le_sylvesterSepInf_total
045daf28056a6e4358d5de7c22c7a9d7acc2e80e,1402,d5e510e5469cf5254d0bd748fbc09ffd611c83d797606f234d558ef874be1261,4165650157,24825,2,1,2,0,0,1,0,0,2,0,true,false,1,unique_nonreserved_sink,NumStability.sylvester_practical_error_bound_of_realQuasiSchur_strictBlockMap_computed_residual_budget,B_unique_nonreserved_sink,NumStability.H16_eq16_29_realQuasiSchur_strictBlockMap_computed_residual_budget | NumStability.sylvester_practical_error_bound_of_realQuasiSchur_strictBlockMap_computed_residual_budget
045daf28056a6e4358d5de7c22c7a9d7acc2e80e,1551,d5e8476567f9eff1dd31f717838a91cf5f18ac5bd93d79089b31cea3bb7d9693,638679064,24639,2,2,2,0,0,1,0,1,1,0,true,false,1,unique_nonreserved_sink,NumStability.lyapunov_first_order_bound_of_sepLowerBound,B_unique_nonreserved_sink,NumStability.lyapunov_first_order_bound_of_sepLowerBound | NumStability.H16_eq16_27_lyapunov_first_order_bound_of_sepLowerBound
045daf28056a6e4358d5de7c22c7a9d7acc2e80e,344,d5eb194e354a3e71381adb9df2b617cb2b662a3d1e3920c757dd26cf19283982,1648003774,31624,2,1,2,0,0,1,0,0,1,0,true,false,1,unique_nonreserved_sink,NumStability.lyapunov_practical_error_bound_fl_of_spectralDiagonal_scalar,B_unique_nonreserved_sink,NumStability.H16_eq16_29_lyapunov_practical_error_bound_fl_of_spectralDiagonal_scalar | NumStability.lyapunov_practical_error_bound_fl_of_spectralDiagonal_scalar
045daf28056a6e4358d5de7c22c7a9d7acc2e80e,1311,d5f1c62adf11ee7a1a2ea942b0a8f560b24c94911d26bbca5ba1bcd2189c3660,3900121324,26483,2,2,2,0,0,1,0,1,2,0,true,false,1,unique_nonreserved_sink,NumStability.lyapunov_relative_error_le_of_pos_le_sylvesterSepInf_computed_residual_error_model,B_unique_nonreserved_sink,NumStability.lyapunov_relative_error_le_of_pos_le_sylvesterSepInf_computed_residual_error_model | NumStability.H16_eq16_29_lyapunov_relative_error_le_of_pos_le_sylvesterSepInf_computed_residual_error_model
045daf28056a6e4358d5de7c22c7a9d7acc2e80e,1706,d5feefe264adceecec1809159b0f4f4735ebf06710d17f3faf7a2e95271a013e,9937821,26540,2,2,2,0,0,1,0,1,2,0,true,false,1,unique_nonreserved_sink,NumStability.lyapunov_practical_error_bound_of_operator_sigmaMin_computed_residual_certificate_mono_scalar,B_unique_nonreserved_sink,NumStability.lyapunov_practical_error_bound_of_operator_sigmaMin_computed_residual_certificate_mono_scalar | NumStability.H16_eq16_29_lyapunov_practical_error_bound_of_operator_sigmaMin_computed_residual_certificate_mono_scalar
045daf28056a6e4358d5de7c22c7a9d7acc2e80e,1391,d61c6b15fea8cd924ed75299715060716d0ed406e692fce61fe79cf041195328,4130210376,7360,2,2,2,0,0,0,0,2,2,0,true,false,1,unique_nonreserved_sink,NumStability.lsQRTallBlock_transpose_mulVec_append,B_unique_nonreserved_sink,NumStability.lsQRTallBlock_transpose_mulVec_append | NumStability.higham21_eq21_2_qr_block_transpose_coordinates
045daf28056a6e4358d5de7c22c7a9d7acc2e80e,682,d635c1e07fad0993067c2b3f6d0c20323ab702e6158a18f5a4f5c7a76d9ab7b1,2403293503,24754,2,1,2,0,0,1,0,0,2,0,true,false,1,unique_nonreserved_sink,NumStability.complexSylvesterVecCoeff_shifted_det_ne_zero_of_upperTriangular_diagonal_separation,B_unique_nonreserved_sink,NumStability.H16_eq16_3_complexSylvesterVecCoeff_shifted_det_ne_zero_of_upperTriangular_diagonal_separation | NumStability.complexSylvesterVecCoeff_shifted_det_ne_zero_of_upperTriangular_diagonal_separation
045daf28056a6e4358d5de7c22c7a9d7acc2e80e,940,d676df440a191d764d036e6a8eba8536d23d89cb14f834741aed24fadef2baf0,302372113,24852,2,1,2,0,0,1,0,0,1,0,true,false,1,unique_nonreserved_sink,NumStability.sylvester_quasiSchur_singleton_column_solution_of_nonsingInv,B_unique_nonreserved_sink,NumStability.H16_eq16_4_8_sylvester_quasiSchur_singleton_column_solution_of_nonsingInv | NumStability.sylvester_quasiSchur_singleton_column_solution_of_nonsingInv
045daf28056a6e4358d5de7c22c7a9d7acc2e80e,111,d688edfc38f989fe688c328f014cde2346106b0532530d5dd0eeee9ef49fdc1c,1098315300,31578,2,1,2,0,0,1,0,0,1,0,true,false,1,unique_nonreserved_sink,NumStability.existsUnique_isSylvesterSolutionRect_and_HessenbergGEPPUTrace_growth_of_realSchur_upperHessenberg_triangular_no_common_complex_right_eigenvalue,B_unique_nonreserved_sink,NumStability.H16_eq16_4_8_existsUnique_isSylvesterSolutionRect_and_HessenbergGEPPUTrace_growth_of_realSchur_upperHessenberg_triangular_no_common_complex_right_eigenvalue | NumStability.existsUnique_isSylvesterSolutionRect_and_HessenbergGEPPUTrace_growth_of_realSchur_upperHessenberg_triangular_no_common_complex_right_eigenvalue
045daf28056a6e4358d5de7c22c7a9d7acc2e80e,459,d6903f79e905753e747764aff9e1a3027dc1d41e9675016161ad39541daa88ff,1913790640,24553,2,2,2,0,0,1,0,1,1,0,true,false,1,unique_nonreserved_sink,NumStability.lyapunovBackwardErrorValues_nonempty_of_symmetric_spectral,B_unique_nonreserved_sink,NumStability.lyapunovBackwardErrorValues_nonempty_of_symmetric_spectral | NumStability.H16_eq16_21_lyapunovBackwardErrorValues_nonempty_of_symmetric_spectral
045daf28056a6e4358d5de7c22c7a9d7acc2e80e,1513,d6fd133c0ecf92f0fb382408db74fb1d062aa63aa423cc97dc32d35d416a4c9a,543902577,24728,2,1,2,0,0,1,0,0,1,0,true,false,1,unique_nonreserved_sink,NumStability.sylvester_practical_error_bound_of_sepLowerBound_computed_residual_certificate_scalar,B_unique_nonreserved_sink,NumStability.H16_eq16_29_sylvester_practical_error_bound_of_sepLowerBound_computed_residual_certificate_scalar | NumStability.sylvester_practical_error_bound_of_sepLowerBound_computed_residual_certificate_scalar
045daf28056a6e4358d5de7c22c7a9d7acc2e80e,810,d7046b8966aea8b991243addee35c9bbca61f5051340955a505b42c3bfd09a9b,2714594964,31589,2,1,2,0,0,1,0,0,1,0,true,false,1,unique_nonreserved_sink,NumStability.sylvesterBackwardErrorInf_mem_sylvesterBackwardErrorValues_of_svdOptimalPerturbations,B_unique_nonreserved_sink,NumStability.H16_eq16_15_sylvesterBackwardErrorInf_mem_sylvesterBackwardErrorValues_of_svdOptimalPerturbations | NumStability.sylvesterBackwardErrorInf_mem_sylvesterBackwardErrorValues_of_svdOptimalPerturbations
045daf28056a6e4358d5de7c22c7a9d7acc2e80e,1632,d7a88ae60eca14d9ad0fcb05d27751f5adbd1ebf7f125fc74f3461f628948af9,825961224,23691,2,2,2,0,0,1,0,1,1,0,true,false,1,unique_nonreserved_sink,NumStability.sylvester_practical_error_bound_of_vecCoeff_det_ne_zero_computed_residual_error_model_scalar,B_unique_nonreserved_sink,NumStability.sylvester_practical_error_bound_of_vecCoeff_det_ne_zero_computed_residual_error_model_scalar | NumStability.H16_eq16_29_sylvester_practical_error_bound_of_vecCoeff_det_ne_zero_computed_residual_error_model_scalar
045daf28056a6e4358d5de7c22c7a9d7acc2e80e,946,d7de3433caa2058090bf70e804ce72446d1305bf8f145d9ea3c16bcc3c638408,3038466470,31782,2,1,2,0,0,1,0,1,1,0,true,false,1,unique_nonreserved_sink,NumStability.Wave14.frobNormRect_sylvesterResidualRect_le_computedScale_of_schur_residual_with_transform_budgets,B_unique_nonreserved_sink,NumStability.Wave14.H16_eq16_9_frobNormRect_sylvesterResidualRect_le_computedScale_of_schur_residual_with_transform_budgets | NumStability.Wave14.frobNormRect_sylvesterResidualRect_le_computedScale_of_schur_residual_with_transform_budgets
045daf28056a6e4358d5de7c22c7a9d7acc2e80e,1470,d81a68df048dcd6ed2dfc1801a71e09429e4ce05fd20ba4c4ce353b27e476e52,449837518,31774,2,1,2,0,0,1,0,0,1,0,true,false,1,unique_nonreserved_sink,NumStability.Wave15.sylvesterVecCoeff_quasiTriangular_blockBackSub_componentwise_residual_with_growthTerm,B_unique_nonreserved_sink,NumStability.Wave15.H16_eq16_8_quasi_sylvesterVecCoeff_blockBackSub_componentwise_residual_with_growthTerm | NumStability.Wave15.sylvesterVecCoeff_quasiTriangular_blockBackSub_componentwise_residual_with_growthTerm
045daf28056a6e4358d5de7c22c7a9d7acc2e80e,1273,d877251dd89fbb3a15056c67ffbc39e4acf3b0289c87e26f6e51ea22ff3caf31,3793301785,23626,2,2,2,0,0,1,0,1,1,0,true,false,1,unique_nonreserved_sink,NumStability.vec_triple_product_rect,B_unique_nonreserved_sink,NumStability.vec_triple_product_rect | NumStability.H16_eq16_2_vec_triple_product_rect
045daf28056a6e4358d5de7c22c7a9d7acc2e80e,1523,d87ee00d017fdfdcbef54e38a08000e52a4c686b2a56b8c6a4ecda74b7a220f1,572556609,26429,2,2,2,0,0,1,0,1,1,0,true,false,1,unique_nonreserved_sink,NumStability.sylvester_practical_error_bound_of_vecCoeff_sigmaMin_computed_residual_error_model_scalar,B_unique_nonreserved_sink,NumStability.sylvester_practical_error_bound_of_vecCoeff_sigmaMin_computed_residual_error_model_scalar | NumStability.H16_eq16_29_sylvester_practical_error_bound_of_vecCoeff_sigmaMin_computed_residual_error_model_scalar
045daf28056a6e4358d5de7c22c7a9d7acc2e80e,551,d8be6aa5dbaf27224f8cf599bc09e0a6067b9488e688350a38eb209a85203a56,2143216994,42801,2,2,2,0,0,0,0,2,2,0,true,false,1,unique_nonreserved_sink,NumStability.thm_11_3_bound,B_unique_nonreserved_sink,NumStability.thm_11_3_bound | NumStability.higham12_14_residual_bound
045daf28056a6e4358d5de7c22c7a9d7acc2e80e,485,d8e4fc390801f8228aca0181026fa79bbd789976e57a94fae96a3846887c37f1,1981991489,31666,2,1,2,0,0,1,0,0,1,0,true,false,1,unique_nonreserved_sink,NumStability.lyapunov_practical_error_bound_fl_of_pos_le_sylvesterSepInf_scalar,B_unique_nonreserved_sink,NumStability.H16_eq16_29_lyapunov_practical_error_bound_fl_of_pos_le_sylvesterSepInf_scalar | NumStability.lyapunov_practical_error_bound_fl_of_pos_le_sylvesterSepInf_scalar
045daf28056a6e4358d5de7c22c7a9d7acc2e80e,1366,d9153249a4b2f15174c706d6c1dc50048487266b089af9bd91e1843a4a5b4576,4072852767,26925,2,2,2,0,0,1,0,1,1,0,true,false,1,unique_nonreserved_sink,NumStability.Wave16.sylvesterResidualRect_quasiQuasi_blockBackSub_componentwise_le,B_unique_nonreserved_sink,NumStability.Wave16.sylvesterResidualRect_quasiQuasi_blockBackSub_componentwise_le | NumStability.Wave16.H16_eq16_8_quasiquasi_sylvesterResidualRect_blockBackSub_componentwise_le
045daf28056a6e4358d5de7c22c7a9d7acc2e80e,1503,d96be69d69910d4dc581aa0c2f2b8410a1a9df0547d302ce2481d50b1712f764,51785202,24660,2,2,2,0,0,1,0,1,1,0,true,false,1,unique_nonreserved_sink,NumStability.lyapunov_aposteriori_bound_of_pos_le_sylvesterSepInf,B_unique_nonreserved_sink,NumStability.lyapunov_aposteriori_bound_of_pos_le_sylvesterSepInf | NumStability.H16_eq16_28_lyapunov_aposteriori_bound_of_pos_le_sylvesterSepInf
045daf28056a6e4358d5de7c22c7a9d7acc2e80e,1046,d986cebc147dcd4fb9f73147af86a22f5b5d6999206b6f2488b30e95ff8f2cd3,3300972329,24594,2,2,2,0,0,1,0,1,1,0,true,false,1,unique_nonreserved_sink,NumStability.lyapunovOptimalPerturbations_scalar_eq,B_unique_nonreserved_sink,NumStability.lyapunovOptimalPerturbations_scalar_eq | NumStability.H16_eq16_21_lyapunovOptimalPerturbations_scalar_eq
045daf28056a6e4358d5de7c22c7a9d7acc2e80e,1693,d98fe678a533c06ee9c8958ff2ae1a64f299b5a89be22d808cafe64eff1f0e0c,963286736,18576,2,1,2,0,0,1,0,0,2,0,true,false,1,unique_nonreserved_sink,NumStability.higham11_4_bunch_kaufman_solve_backward_error_of_blockDiagonalD_and_tail_L_row_sum_bound_tail_recursive_maxEntryNorm_A_product,B_unique_nonreserved_sink,NumStability.higham11_4_bunch_kaufman_solve_backward_error_interface_of_blockDiagonalD_and_tail_L_row_sum_bound_tail_recursive_maxEntryNorm_A_product | NumStability.higham11_4_bunch_kaufman_solve_backward_error_of_blockDiagonalD_and_tail_L_row_sum_bound_tail_recursive_maxEntryNorm_A_product
045daf28056a6e4358d5de7c22c7a9d7acc2e80e,1646,d9d81e61c6272b99427d1739b2bec064c89cea1fed91c5aee2aec1b18d147dcb,855362477,9537,2,2,2,0,0,0,0,2,2,0,true,false,1,unique_nonreserved_sink,NumStability.Wave19.panelStep_transport_entrywise_le,B_unique_nonreserved_sink,NumStability.Wave19.entrywise_recursive_cons | NumStability.Wave19.panelStep_transport_entrywise_le
045daf28056a6e4358d5de7c22c7a9d7acc2e80e,1429,d9ecd9edecd4f6b5ca851f1b6617b44fdf11074091958acc0c93ccb6c7e5edc3,4231018897,31579,2,1,2,0,0,1,0,0,1,0,true,false,1,unique_nonreserved_sink,NumStability.existsUnique_isSylvesterSolutionRect_and_HessenbergGEPPUTrace_growth_of_upperHessenberg_triangular_vecCoeff_sigmaMin,B_unique_nonreserved_sink,NumStability.H16_eq16_4_8_existsUnique_isSylvesterSolutionRect_and_HessenbergGEPPUTrace_growth_of_upperHessenberg_triangular_vecCoeff_sigmaMin | NumStability.existsUnique_isSylvesterSolutionRect_and_HessenbergGEPPUTrace_growth_of_upperHessenberg_triangular_vecCoeff_sigmaMin
045daf28056a6e4358d5de7c22c7a9d7acc2e80e,61,d9ef7e9eee60b1905ab8f3d1b79770f8191e8a0c8883ce309c75fc9baf92cf8f,3459054307,24932,3,2,3,0,0,2,0,1,3,0,true,false,2,unique_nonreserved_sink,NumStability.exists_realQuasiSchur_schedule_original_solution_and_generated_step_formula_of_no_common,B_unique_nonreserved_sink,NumStability.Wave17.H16_eq16_4_8_auto_realSchur_exists_original_solution_of_no_common | NumStability.H16_eq16_4_8_exists_realQuasiSchur_schedule_original_solution_and_generated_step_formula_of_no_common | NumStability.exists_realQuasiSchur_schedule_original_solution_and_generated_step_formula_of_no_common
045daf28056a6e4358d5de7c22c7a9d7acc2e80e,172,da39e4e9e3f1071e7930a508b26192f01df86e99fd599a251415e65c8d772d2e,1221861348,26200,2,2,2,0,0,1,0,1,1,0,true,false,1,unique_nonreserved_sink,NumStability.lyapunovVecCoeff_mulVec_bijective_of_operator_sigmaMin,B_unique_nonreserved_sink,NumStability.lyapunovVecCoeff_mulVec_bijective_of_operator_sigmaMin | NumStability.H16_eq16_2_27_lyapunovVecCoeff_mulVec_bijective_of_operator_sigmaMin
045daf28056a6e4358d5de7c22c7a9d7acc2e80e,857,da80d77d188acaaab247a1f1258a4941e99994a731d526da6efdeaf99bcc4880,2830229914,26410,2,2,2,0,0,1,0,1,1,0,true,false,1,unique_nonreserved_sink,NumStability.sylvester_practical_error_bound_of_operator_sigmaMin_computed_residual_error_model_mono,B_unique_nonreserved_sink,NumStability.sylvester_practical_error_bound_of_operator_sigmaMin_computed_residual_error_model_mono | NumStability.H16_eq16_29_sylvester_practical_error_bound_of_operator_sigmaMin_computed_residual_error_model_mono
045daf28056a6e4358d5de7c22c7a9d7acc2e80e,947,dac474c21a4d3a29aa979e5e4d87505183f4e2eae1ce69cdc3683dcb10096c35,3039103852,31591,2,1,2,0,0,1,0,0,1,0,true,false,1,unique_nonreserved_sink,NumStability.exists_sylvesterBackwardError_minimizer_of_svdOptimalPerturbations,B_unique_nonreserved_sink,NumStability.H16_eq16_15_exists_sylvesterBackwardError_minimizer_of_svdOptimalPerturbations | NumStability.exists_sylvesterBackwardError_minimizer_of_svdOptimalPerturbations
045daf28056a6e4358d5de7c22c7a9d7acc2e80e,252,dacbb1aacde33465a52a61b90f28ba581f6d291ab713b6d4ae0eb16211f85f78,14076780,16090,2,1,2,0,0,1,0,0,1,0,true,false,1,unique_nonreserved_sink,NumStability.higham9_15_normwise_source_bound_of_factorization_init_linear_step_opNorm_exact_opNorm2_one_residual,B_unique_nonreserved_sink,NumStability.higham9_15_normwise_source_bound_of_factorization_G_init_linear_step_opNorm_exact_opNorm2_one_residual | NumStability.higham9_15_normwise_source_bound_of_factorization_init_linear_step_opNorm_exact_opNorm2_one_residual
045daf28056a6e4358d5de7c22c7a9d7acc2e80e,159,dbb5d64263e54a3ac330a6acd3025e4aed821af1724c0479c280f855e747eae2,1194156770,23658,2,2,2,0,0,1,0,1,1,0,true,false,1,unique_nonreserved_sink,NumStability.sylvesterDiagonalSolution_zero,B_unique_nonreserved_sink,NumStability.sylvesterDiagonalSolution_zero | NumStability.H16_eq16_3_sylvesterDiagonalSolution_zero
045daf28056a6e4358d5de7c22c7a9d7acc2e80e,366,dbcbdf5eca7688c6f6026653acfc02a7d5f724ab2f13ba7170a962cd1ac22d00,1686986138,31489,2,1,2,0,0,1,0,0,2,0,true,false,1,unique_nonreserved_sink,NumStability.sylvester_perturbation_bound_schurDiagonal_of_vecCoeff_entrywise_abs_ge_total,B_unique_nonreserved_sink,NumStability.H16_eq16_25_sylvester_perturbation_bound_schurDiagonal_of_vecCoeff_entrywise_abs_ge_total | NumStability.sylvester_perturbation_bound_schurDiagonal_of_vecCoeff_entrywise_abs_ge_total
045daf28056a6e4358d5de7c22c7a9d7acc2e80e,927,dbd3ab0fe062a13ec21af822eabf05ff564a4a2af9b055a34ffc2dc0500f0183,2990028198,24838,2,1,2,0,0,1,0,0,1,0,true,false,1,unique_nonreserved_sink,NumStability.sylvester_quasiSchur_blockTraversal_original_solution_eq_of_twoBlockSpectral_no_common_generated_step_formula,B_unique_nonreserved_sink,NumStability.H16_eq16_4_8_sylvester_quasiSchur_blockTraversal_original_solution_eq_of_twoBlockSpectral_no_common_generated_step_formula | NumStability.sylvester_quasiSchur_blockTraversal_original_solution_eq_of_twoBlockSpectral_no_common_generated_step_formula
045daf28056a6e4358d5de7c22c7a9d7acc2e80e,1219,dbd9f4d19b5eda81877416fe40e9168c524540c45224b2598ad829e8d7f90a94,3681118222,23655,2,2,2,0,0,1,0,1,1,0,true,false,1,unique_nonreserved_sink,NumStability.sylvesterVecCoeff_diagonal_mul_sylvesterDiagonalVecCoeffInv,B_unique_nonreserved_sink,NumStability.sylvesterVecCoeff_diagonal_mul_sylvesterDiagonalVecCoeffInv | NumStability.H16_eq16_3_sylvesterVecCoeff_diagonal_mul_sylvesterDiagonalVecCoeffInv
045daf28056a6e4358d5de7c22c7a9d7acc2e80e,1052,dbddb48f57cbf6e6526af77d457cb0b64ea9faa6793fd8a34cfcd6e51e6e80f2,3325872024,24756,2,1,2,0,0,1,0,0,2,0,true,false,1,unique_nonreserved_sink,NumStability.complexSylvesterVecCoeff_shifted_det_eq_prod_of_upperTriangular,B_unique_nonreserved_sink,NumStability.H16_eq16_3_complexSylvesterVecCoeff_shifted_det_eq_prod_of_upperTriangular | NumStability.complexSylvesterVecCoeff_shifted_det_eq_prod_of_upperTriangular
045daf28056a6e4358d5de7c22c7a9d7acc2e80e,571,dbea4f3f7cec468059bf96ef32691fb770c9548914bdc4b83481dc1e28c366bc,2201465020,6902,2,2,2,0,0,1,0,1,2,0,true,false,1,unique_nonreserved_sink,NumStability.householderTrailingNorm2Sq_pos_of_leading_witnesses,B_unique_nonreserved_sink,NumStability.householderTrailingNorm2Sq_pos_of_leading_witnesses | H19.Theorem19_6.householderTrailingNorm2Sq_pos_of_leading_witnesses
045daf28056a6e4358d5de7c22c7a9d7acc2e80e,890,dc1943ec9d5e23949a81e45d0cd29db2d690cfc9e3c840f511989f610ece9ae5,2910994416,7706,2,2,2,0,0,1,0,1,2,0,true,false,1,unique_nonreserved_sink,NumStability.mgsProblem1912_add_factor_exists_of_bottom_orthonormal,B_unique_nonreserved_sink,NumStability.mgsProblem1912_add_factor_exists_of_bottom_orthonormal | H19.Theorem19_13.problem1912_add_factor_exists_of_bottom_orthonormal
045daf28056a6e4358d5de7c22c7a9d7acc2e80e,122,dc560a5c602c786b1cd30f57a1392c7c2ae53354396a3f4bfa726bdfbdc2f841,1112726999,26401,2,2,2,0,0,1,0,1,1,0,true,false,1,unique_nonreserved_sink,NumStability.lyapunov_aposteriori_bound_of_vecCoeff_sigmaMin_total,B_unique_nonreserved_sink,NumStability.lyapunov_aposteriori_bound_of_vecCoeff_sigmaMin_total | NumStability.H16_eq16_28_lyapunov_aposteriori_bound_of_vecCoeff_sigmaMin_total
045daf28056a6e4358d5de7c22c7a9d7acc2e80e,1457,dc566f488ccc126655336857854b66c3593bfe95daf1d1af0d59b1ec70a101d3,431238192,31595,2,1,2,0,0,1,0,0,2,0,true,false,1,unique_nonreserved_sink,NumStability.sylvester_practical_error_bound_fl_of_sepLowerBound_scalar,B_unique_nonreserved_sink,NumStability.H16_eq16_29_sylvester_practical_error_bound_fl_of_sepLowerBound_scalar | NumStability.sylvester_practical_error_bound_fl_of_sepLowerBound_scalar
045daf28056a6e4358d5de7c22c7a9d7acc2e80e,1306,dcbf6ee599778fe4d81172d7658fabc9bff94cdbbdc6721876afc471fc794cd8,3893693932,24597,2,2,2,0,0,1,0,1,1,0,true,false,1,unique_nonreserved_sink,NumStability.lyapunovXiSqSimpleBound_le_scaled_perturbation_cost,B_unique_nonreserved_sink,NumStability.lyapunovXiSqSimpleBound_le_scaled_perturbation_cost | NumStability.H16_eq16_21_lyapunovXiSqSimpleBound_le_scaled_perturbation_cost
045daf28056a6e4358d5de7c22c7a9d7acc2e80e,526,dcc8de76035073dcb674a60aa40ee2d817445bb88dc269c86586a896314cb94f,208589520,14838,2,2,2,0,0,1,0,1,2,0,true,false,1,unique_nonreserved_sink,NumStability.mmatrix_forwardSub_relative_error,B_unique_nonreserved_sink,NumStability.mmatrix_forwardSub_relative_error | NumStability.higham8_11_mmatrix_forwardSub_relative_error
045daf28056a6e4358d5de7c22c7a9d7acc2e80e,893,ddadc80fa2bde791f072bbe29283f19b723b4ec1c320e4e9d73d24d4698e2139,2914954964,3173,2,2,2,0,0,1,0,1,2,0,true,false,1,unique_nonreserved_sink,NumStability.lu_backward_error_relative,B_unique_nonreserved_sink,NumStability.lu_backward_error_relative | NumStability.banded_growth_backward_error
045daf28056a6e4358d5de7c22c7a9d7acc2e80e,693,ddcc588b0917b9959ccf864b5879b63eb94d5e61b5791c440c8c943b353f5ffb,2421170306,26205,2,2,2,0,0,1,0,1,1,0,true,false,1,unique_nonreserved_sink,NumStability.lyapunovVecCoeff_mulVec_bijective_of_pos_le_sylvesterSepInf,B_unique_nonreserved_sink,NumStability.lyapunovVecCoeff_mulVec_bijective_of_pos_le_sylvesterSepInf | NumStability.H16_eq16_2_27_lyapunovVecCoeff_mulVec_bijective_of_pos_le_sylvesterSepInf
045daf28056a6e4358d5de7c22c7a9d7acc2e80e,727,ddfa16124bfff2a238d9bb632e421a9fefaa315adb6a1e481d05fde31cfc475e,2496768975,31555,2,1,2,0,0,1,0,0,1,0,true,false,1,unique_nonreserved_sink,NumStability.sylvesterVecCoeff_mulVec_eq_zero_iff_of_no_common_complex_eigenpair,B_unique_nonreserved_sink,NumStability.H16_eq16_3_sylvesterVecCoeff_mulVec_eq_zero_iff_of_no_common_complex_eigenpair | NumStability.sylvesterVecCoeff_mulVec_eq_zero_iff_of_no_common_complex_eigenpair
045daf28056a6e4358d5de7c22c7a9d7acc2e80e,185,de3fadd931753fd038dbbe060d82a8261a101183d9e0cdde134354b775a84067,1252060356,26527,2,2,2,0,0,1,0,1,2,0,true,false,1,unique_nonreserved_sink,NumStability.lyapunov_relative_error_le_of_operator_sigmaMin_computed_residual_budget,B_unique_nonreserved_sink,NumStability.lyapunov_relative_error_le_of_operator_sigmaMin_computed_residual_budget | NumStability.H16_eq16_29_lyapunov_relative_error_le_of_operator_sigmaMin_computed_residual_budget
045daf28056a6e4358d5de7c22c7a9d7acc2e80e,469,de4039c396cc17179fb58d3357981eac612e4fca5d677a94653555a56a7589e9,1936881322,7850,2,2,2,0,0,1,0,1,2,0,true,false,1,unique_nonreserved_sink,NumStability.opNorm2Le_finiteDiagonal_csCosine,B_unique_nonreserved_sink,NumStability.opNorm2Le_finiteDiagonal_csCosine | H19.Theorem19_13.problem1912_opNorm2Le_finiteDiagonal_csCosine
045daf28056a6e4358d5de7c22c7a9d7acc2e80e,536,ded7d607f5a3f5749fdc187ac06cf7c290cbe70447035fe7a68033bac6e9ce6f,2108489814,31525,2,1,2,0,0,1,0,0,1,0,true,false,1,unique_nonreserved_sink,NumStability.sylvester_realQuasiSchur_factors_twoBlockSpectral_block_and_det_ne_zero_of_operator_sigmaMin,B_unique_nonreserved_sink,NumStability.H16_eq16_4_8_sylvester_realQuasiSchur_factors_twoBlockSpectral_block_and_det_ne_zero_of_operator_sigmaMin | NumStability.sylvester_realQuasiSchur_factors_twoBlockSpectral_block_and_det_ne_zero_of_operator_sigmaMin
045daf28056a6e4358d5de7c22c7a9d7acc2e80e,1350,ded8d4b0c4eaf82b8d61695312e56dc7b8105c83b3eba2f124a28b97d9ab6d91,4015676844,26558,2,2,2,0,0,1,0,1,1,0,true,false,1,unique_nonreserved_sink,NumStability.isLeast_sylvesterSepRatios,B_unique_nonreserved_sink,NumStability.isLeast_sylvesterSepRatios | NumStability.H16_eq16_26_isLeast_sylvesterSepRatios
045daf28056a6e4358d5de7c22c7a9d7acc2e80e,1056,df75c81800905b044ab2ba5545305c4a31f1108091bec19a7a9b370605c1b499,3335542704,3181,2,2,2,0,0,1,0,1,2,0,true,false,1,unique_nonreserved_sink,NumStability.lu_perturbation_forward_bound,B_unique_nonreserved_sink,NumStability.lu_perturbation_forward_bound | NumStability.higham9_15_lu_perturbation_forward_bound
045daf28056a6e4358d5de7c22c7a9d7acc2e80e,989,df767c982e43c90ffd623558a8d4058f4bc7dab039aa27c987b4b948e4c6d4af,3148122269,26350,2,2,2,0,0,1,0,1,1,0,true,false,1,unique_nonreserved_sink,NumStability.finiteVecNorm2_vec_eq_frobNorm,B_unique_nonreserved_sink,NumStability.finiteVecNorm2_vec_eq_frobNorm | NumStability.H16_eq16_2_finiteVecNorm2_vec_eq_frobNorm
045daf28056a6e4358d5de7c22c7a9d7acc2e80e,847,dfaf23d8987f2c78e8dd037dc2008472226c071abe22b1aa3e2b9e9dde9fc6c8,2802361221,24134,2,2,2,0,0,1,0,1,1,0,true,false,1,unique_nonreserved_sink,NumStability.sylvesterTwoColumnBlockCoeff_det_ne_zero_of_complex_disc_det_separation,B_unique_nonreserved_sink,NumStability.sylvesterTwoColumnBlockCoeff_det_ne_zero_of_complex_disc_det_separation | NumStability.H16_eq16_4_8_sylvesterTwoColumnBlockCoeff_det_ne_zero_of_complex_disc_det_separation
045daf28056a6e4358d5de7c22c7a9d7acc2e80e,1485,dfeb200a56d47a573254977454c9620f5ef42f80d052fc9b5964dd6a26a499fd,479548481,31814,2,1,2,0,0,1,0,0,2,0,true,false,1,unique_nonreserved_sink,NumStability.sylvester_practical_error_bound_fl_of_realQuasiSchur_strictBlockMap_scalar,B_unique_nonreserved_sink,NumStability.H16_eq16_29_sylvester_practical_error_bound_fl_of_realQuasiSchur_strictBlockMap_scalar | NumStability.sylvester_practical_error_bound_fl_of_realQuasiSchur_strictBlockMap_scalar
045daf28056a6e4358d5de7c22c7a9d7acc2e80e,1053,e032d300b4a30877865307ca48bda782d78c07355fe15d7893b9fd2237486843,332960346,23668,2,2,2,0,0,1,0,1,2,0,true,false,1,unique_nonreserved_sink,NumStability.sylvester_practical_error_bound_of_computed_residual_error_model_mono_scalar,B_unique_nonreserved_sink,NumStability.sylvester_practical_error_bound_of_computed_residual_error_model_mono_scalar | NumStability.H16_eq16_29_sylvester_practical_error_bound_of_computed_residual_error_model_mono_scalar
045daf28056a6e4358d5de7c22c7a9d7acc2e80e,1602,e087da5af51694d5f391afc218d1393108c232cc96dd6f9b24e20b33be357c8f,750152541,24794,2,1,2,0,0,1,0,0,2,0,true,false,1,unique_nonreserved_sink,NumStability.sylvester_practical_error_bound_of_schurTriangular_computed_residual_error_model,B_unique_nonreserved_sink,NumStability.H16_eq16_29_schurTriangular_computed_residual_error_model | NumStability.sylvester_practical_error_bound_of_schurTriangular_computed_residual_error_model
045daf28056a6e4358d5de7c22c7a9d7acc2e80e,930,e08e89c860df8f0cfbc89b806217273daa40e919e0b269d55557768111553f3a,3002542707,23985,2,2,2,0,0,1,0,1,1,0,true,false,1,unique_nonreserved_sink,NumStability.exists_isSylvesterQuasiSchurGeneratedStepFormula_of_quasiSchur_schedule,B_unique_nonreserved_sink,NumStability.exists_isSylvesterQuasiSchurGeneratedStepFormula_of_quasiSchur_schedule | NumStability.H16_eq16_4_8_exists_isSylvesterQuasiSchurGeneratedStepFormula_of_quasiSchur_schedule
045daf28056a6e4358d5de7c22c7a9d7acc2e80e,1276,e0a6f8c97c8fc378b850e41cd8877ace461645af5bdbdb9e1dc1ca20ace52e23,3803663163,31616,2,1,2,0,0,1,0,0,1,0,true,false,1,unique_nonreserved_sink,NumStability.lyapunov_practical_error_bound_fl_of_pos_le_sylvesterSepInf,B_unique_nonreserved_sink,NumStability.H16_eq16_29_lyapunov_practical_error_bound_fl_of_pos_le_sylvesterSepInf | NumStability.lyapunov_practical_error_bound_fl_of_pos_le_sylvesterSepInf
045daf28056a6e4358d5de7c22c7a9d7acc2e80e,581,e0e600a7f6cff5e738616a8409277763aba2c910fa10160dfe5a55a96d3f9ce0,2210698660,24578,2,2,2,0,0,1,0,1,1,0,true,false,1,unique_nonreserved_sink,NumStability.lyapunovXiSq_le_min_eigen_bound,B_unique_nonreserved_sink,NumStability.lyapunovXiSq_le_min_eigen_bound | NumStability.H16_eq16_21_lyapunovXiSq_le_min_eigen_bound
045daf28056a6e4358d5de7c22c7a9d7acc2e80e,1089,e0fbe208e82f13c7c130fec26f35bbae16d820410625b795ca5227ae6cff3c3e,3387312374,33712,2,1,2,0,0,1,0,0,0,0,true,false,1,unique_nonreserved_sink,NumStability.Theorem20_7RowwiseBackwardError.exact_solution,B_unique_nonreserved_sink,NumStability.Theorem20_7RowwiseBackwardError.exactSolution | NumStability.Theorem20_7RowwiseBackwardError.exact_solution
045daf28056a6e4358d5de7c22c7a9d7acc2e80e,1708,e10ae1e3cb3908fb5b8ef8f0d5b99ba39d8899837bfeec93329268cf91c87e75,994955185,24797,2,1,2,0,0,1,0,0,1,0,true,false,1,unique_nonreserved_sink,NumStability.sylvesterVecCoeff_realQuasiSchur_strictBlockMap_mulVec_bijective,B_unique_nonreserved_sink,NumStability.H16_eq16_2_6_sylvesterVecCoeff_realQuasiSchur_strictBlockMap_mulVec_bijective | NumStability.sylvesterVecCoeff_realQuasiSchur_strictBlockMap_mulVec_bijective
045daf28056a6e4358d5de7c22c7a9d7acc2e80e,1214,e126cdc39794773e81ea2694258757d5242cb605b48b0d5c4c28537e899864be,3651763474,3450,2,2,2,0,0,0,0,2,2,0,true,false,1,unique_nonreserved_sink,NumStability.growthFactorEntry_le_one_add_card_mul_absLU_infNorm_div,B_unique_nonreserved_sink,NumStability.growthFactorEntry_le_one_add_card_mul_absLU_infNorm_div | NumStability.higham_problem9_9_growthFactorEntry_le_one_add_card_mul_absLU_infNorm_div
045daf28056a6e4358d5de7c22c7a9d7acc2e80e,696,e1ae72ff50483303ab1560c5c5446d603d36aa8338401632f3aa1673bd95efe0,2425881777,15193,2,1,2,0,0,1,0,0,2,0,true,false,1,unique_nonreserved_sink,NumStability.higham9_14_matrix_source_h_bound_of_LUFactSpec_fl_triangular_solves_gamma,B_unique_nonreserved_sink,NumStability.higham9_14_matrix_source_h_bound_of_LUFactSpec_fl_triangular_solves_absLU_le_absA_gamma | NumStability.higham9_14_matrix_source_h_bound_of_LUFactSpec_fl_triangular_solves_gamma
045daf28056a6e4358d5de7c22c7a9d7acc2e80e,1377,e1b5ab607ac47b93ef18e3f8aa03e8c1c728dfb344fb5f8060ffa016df8c7114,4103007735,24839,2,1,2,0,0,1,0,0,2,0,true,false,1,unique_nonreserved_sink,NumStability.sylvester_practical_error_bound_of_realQuasiSchur_strictBlockMap_shifted_computed_residual_error_model,B_unique_nonreserved_sink,NumStability.H16_eq16_29_realQuasiSchur_strictBlockMap_shifted_computed_residual_error_model | NumStability.sylvester_practical_error_bound_of_realQuasiSchur_strictBlockMap_shifted_computed_residual_error_model
045daf28056a6e4358d5de7c22c7a9d7acc2e80e,731,e1e1da9e55a13c752c888d8bce0bb1c8d9d977d466aaafa427541666511c585e,2502799197,24766,2,1,2,0,0,1,0,0,2,0,true,false,1,unique_nonreserved_sink,NumStability.complexSylvesterVecCoeff_det_ne_zero_of_upperTriangular_diagonal_separation,B_unique_nonreserved_sink,NumStability.H16_eq16_3_complexSylvesterVecCoeff_det_ne_zero_of_upperTriangular_diagonal_separation | NumStability.complexSylvesterVecCoeff_det_ne_zero_of_upperTriangular_diagonal_separation
045daf28056a6e4358d5de7c22c7a9d7acc2e80e,1262,e20941fe2660172a0a85c31775104eaa71097affcbbb336c255b2d386c4ef079,3771218435,24430,2,2,2,0,0,1,0,1,1,0,true,false,1,unique_nonreserved_sink,NumStability.SepLowerBound_le_sylvesterSepInf_of_pos_dim,B_unique_nonreserved_sink,NumStability.SepLowerBound_le_sylvesterSepInf_of_pos_dim | NumStability.H16_eq16_26_SepLowerBound_le_sylvesterSepInf_of_pos_dim
045daf28056a6e4358d5de7c22c7a9d7acc2e80e,78,e245e274bd934865bb6afe282b9b6a69c96ba3731e429c0ab2a5f1d061d48459,1017232028,24464,2,2,2,0,0,1,0,1,1,0,true,false,1,unique_nonreserved_sink,NumStability.sylvester_perturbation_bound,B_unique_nonreserved_sink,NumStability.sylvester_perturbation_bound | NumStability.H16_eq16_25_sylvester_perturbation_bound
045daf28056a6e4358d5de7c22c7a9d7acc2e80e,330,e29e3d594a80f6d63d94903b02dc46a7e8874aaa473f4d547024b5145cc93b94,1626729895,31667,2,1,2,0,0,1,0,0,1,0,true,false,1,unique_nonreserved_sink,NumStability.sylvester_practical_error_bound_fl_of_vecCoeff_gram_eigenvalues_mono,B_unique_nonreserved_sink,NumStability.H16_eq16_29_sylvester_practical_error_bound_fl_of_vecCoeff_gram_eigenvalues_mono | NumStability.sylvester_practical_error_bound_fl_of_vecCoeff_gram_eigenvalues_mono
045daf28056a6e4358d5de7c22c7a9d7acc2e80e,84,e2bd8179f7dbf1f188e051a338aa7d48af67610ec1c92ba937ed7e92fa6c4d47,1025653826,38991,2,2,2,0,0,1,0,1,1,0,true,false,1,unique_nonreserved_sink,NumStability.problem7_10a_irreducible_products_scaledInfCondSet_sInf_eq_spectralRadius,B_unique_nonreserved_sink,NumStability.problem7_10a_irreducible_products_scaledInfCondSet_sInf_eq_spectralRadius | NumStability.theorem7_8_bauer_scaledInfCondSet_sInf_eq_spectralRadius
045daf28056a6e4358d5de7c22c7a9d7acc2e80e,1527,e2f632a126a634db57b74c7be6d69871775d3c9f8a4347ce21bdfd810f9d24b3,578783426,31669,2,1,2,0,0,1,0,0,1,0,true,false,1,unique_nonreserved_sink,NumStability.isLeast_lyapunovBackwardErrorValues,B_unique_nonreserved_sink,NumStability.H16_eq16_21_isLeast_lyapunovBackwardErrorValues | NumStability.isLeast_lyapunovBackwardErrorValues
045daf28056a6e4358d5de7c22c7a9d7acc2e80e,865,e376472cf5f589d7636bcc1f994dfb29224427efa7b1601b86f604c08a434aa0,2839600114,6883,2,2,2,0,0,1,0,1,2,0,true,false,1,unique_nonreserved_sink,NumStability.fl_householderStoredTrailingPanel_sequence_diag_nonzero_of_span_nonbreakdown_trailingNorm2Sq_budget,B_unique_nonreserved_sink,NumStability.fl_householderStoredTrailingPanel_sequence_diag_nonzero_of_span_nonbreakdown_trailingNorm2Sq_budget | H19.Theorem19_6.stored_panel_sequence_diag_nonzero_of_span_nonbreakdown_trailingNorm2Sq_budget
045daf28056a6e4358d5de7c22c7a9d7acc2e80e,244,e3bb88e0cd123b874a367007f1a389d5b2a121d153bad4faf5b505d7ec1fbfef,1392988645,24549,2,2,2,0,0,1,0,1,1,0,true,false,1,unique_nonreserved_sink,NumStability.svdResidual_frobNormSq,B_unique_nonreserved_sink,NumStability.svdResidual_frobNormSq | NumStability.H16_eq16_13_svdResidual_frobNormSq
045daf28056a6e4358d5de7c22c7a9d7acc2e80e,634,e40bb9940347a7c7dae3b384def7fdc65cd73605633e4835a547138afe63ab03,2294243533,31644,2,1,2,0,0,1,0,0,1,0,true,false,1,unique_nonreserved_sink,NumStability.sylvester_practical_error_bound_fl_of_vecCoeff_left_inverse_finiteOpNorm2Le_mono,B_unique_nonreserved_sink,NumStability.H16_eq16_29_sylvester_practical_error_bound_fl_of_vecCoeff_left_inverse_finiteOpNorm2Le_mono | NumStability.sylvester_practical_error_bound_fl_of_vecCoeff_left_inverse_finiteOpNorm2Le_mono
045daf28056a6e4358d5de7c22c7a9d7acc2e80e,320,e45b90401b705e7b818f28b9245d057ec231b7ff7f1ef88cbf68866efd27328c,1603891236,4865,2,2,2,0,0,0,0,2,2,0,true,false,1,unique_nonreserved_sink,NumStability.cholesky_solve_backward_error_expanded,B_unique_nonreserved_sink,NumStability.cholesky_solve_backward_error_expanded | NumStability.sne_backward_error
045daf28056a6e4358d5de7c22c7a9d7acc2e80e,251,e4f127ebc880b1cf9da4ebe891066cc6ba04882e141d06baf8a80451ab43253e,1404995341,15095,2,1,2,0,0,1,0,0,2,0,true,false,1,unique_nonreserved_sink,NumStability.higham9_14_matrix_source_h_bound_of_RectDoolittleDenseLoopAbsBudgetCertificate_square_fl_triangular_solves_gamma_le,B_unique_nonreserved_sink,NumStability.higham9_14_matrix_source_h_bound_of_RectDoolittleDenseLoopAbsBudgetCertificate_square_fl_triangular_solves_absLU_le_absA_gamma_le | NumStability.higham9_14_matrix_source_h_bound_of_RectDoolittleDenseLoopAbsBudgetCertificate_square_fl_triangular_solves_gamma_le
045daf28056a6e4358d5de7c22c7a9d7acc2e80e,1586,e4f1f51b34056c7989ba74fe3209f970e95caba3f08e73713402cacf3f0cdd86,716493583,3735,2,2,2,0,0,1,0,1,1,0,true,false,1,unique_nonreserved_sink,NumStability.StrassenRecurrence.step,B_unique_nonreserved_sink,NumStability.StrassenRecurrence.step | NumStability.higham23_eq23_16_strassen_step
045daf28056a6e4358d5de7c22c7a9d7acc2e80e,744,e51179f47ad02525dbb04ad4845dbd66f1a76db50f77b7b862eed819988e99dd,2537225998,26251,2,2,2,0,0,1,0,1,1,0,true,false,1,unique_nonreserved_sink,NumStability.lyapunovVecCoeff_sigmaMin_of_operator_sigmaMin,B_unique_nonreserved_sink,NumStability.lyapunovVecCoeff_sigmaMin_of_operator_sigmaMin | NumStability.H16_eq16_2_27_lyapunovVecCoeff_sigmaMin_of_operator_sigmaMin
045daf28056a6e4358d5de7c22c7a9d7acc2e80e,1203,e554db12b4b7b8688838673852f71daa3e1887797c52294b1be4f582364f45a0,3630529481,3511,2,2,2,0,0,0,0,1,2,0,true,false,1,unique_nonreserved_sink,NumStability.cholesky_succeeds_of_scaled_perturbation,B_unique_nonreserved_sink,NumStability.cholesky_succeeds_of_scaled_perturbation | NumStability.higham10_7_success_factorization
045daf28056a6e4358d5de7c22c7a9d7acc2e80e,510,e5658bf6cc7c6115166dff32a5e39825fef0ac5e15ad408f397ff5d42c495479,2052319282,26241,2,2,2,0,0,1,0,1,1,0,true,false,1,unique_nonreserved_sink,NumStability.lyapunovVecCoeff_eq_nonsingInv_mulVec_of_mulVec_eq_of_sepLowerBound,B_unique_nonreserved_sink,NumStability.lyapunovVecCoeff_eq_nonsingInv_mulVec_of_mulVec_eq_of_sepLowerBound | NumStability.H16_eq16_2_27_lyapunovVecCoeff_eq_nonsingInv_mulVec_of_mulVec_eq_of_sepLowerBound
045daf28056a6e4358d5de7c22c7a9d7acc2e80e,1181,e5aabcaa9ef9b602d085bdd3737130209966b14c524310d9be2dd8b7da2f9fd5,3570192950,26499,2,2,2,0,0,1,0,1,2,0,true,false,1,unique_nonreserved_sink,NumStability.lyapunov_relative_error_le_of_pos_le_sylvesterSepInf_computed_residual_budget,B_unique_nonreserved_sink,NumStability.lyapunov_relative_error_le_of_pos_le_sylvesterSepInf_computed_residual_budget | NumStability.H16_eq16_29_lyapunov_relative_error_le_of_pos_le_sylvesterSepInf_computed_residual_budget
045daf28056a6e4358d5de7c22c7a9d7acc2e80e,1544,e5b43e351db77cb0027f12b31aa79c3d1f7e494218c4ccbbb88708ac9a36b339,611415266,26281,2,2,2,0,0,1,0,1,1,0,true,false,1,unique_nonreserved_sink,NumStability.sylvesterVecCoeff_lyapunovSpecial_det_ne_zero_of_sepLowerBound,B_unique_nonreserved_sink,NumStability.sylvesterVecCoeff_lyapunovSpecial_det_ne_zero_of_sepLowerBound | NumStability.H16_eq16_2_27_sylvesterVecCoeff_lyapunovSpecial_det_ne_zero_of_sepLowerBound
045daf28056a6e4358d5de7c22c7a9d7acc2e80e,1460,e5e0b8dd273e5c1d1304da20943935d00a009a49604123a7702a367d7f294037,433728025,24258,2,2,2,0,0,1,0,1,1,0,true,false,1,unique_nonreserved_sink,NumStability.sylvesterTwoColumnBlockCoeff_product_shift_no_eigenvector_of_no_coupled_block_action,B_unique_nonreserved_sink,NumStability.sylvesterTwoColumnBlockCoeff_product_shift_no_eigenvector_of_no_coupled_block_action | NumStability.H16_eq16_4_8_sylvesterTwoColumnBlockCoeff_product_shift_no_eigenvector_of_no_coupled_block_action
045daf28056a6e4358d5de7c22c7a9d7acc2e80e,644,e61df37226f3c64e2fa9b84bb1fcb5e31b645ef069457fafa69c47c9327a2091,2318390997,43189,2,1,2,0,0,1,0,1,2,0,true,false,1,unique_nonreserved_sink,NumStability.Ch14Ext.ch14ext_gjeStepVec_hComp,B_unique_nonreserved_sink,NumStability.Ch14Ext.ch14ext_gjeStepVec_hComp | NumStability.Ch14Ext.ch14ext_gje_stage2_rhs_recurrence_derived
045daf28056a6e4358d5de7c22c7a9d7acc2e80e,637,e642e0c5d16603f1a252788bc0290c0819813a36307c7587eb4710d436cb2832,2300426715,23828,2,2,2,0,0,1,0,1,2,0,true,false,1,unique_nonreserved_sink,NumStability.no_common_real_left_eigenpair_of_sylvesterVecCoeff_det_ne_zero,B_unique_nonreserved_sink,NumStability.no_common_real_left_eigenpair_of_sylvesterVecCoeff_det_ne_zero | NumStability.H16_eq16_3_no_common_real_left_eigenpair_of_det_ne_zero
045daf28056a6e4358d5de7c22c7a9d7acc2e80e,1062,e6470d231962e7f5b3a857a661af95aca6aefea2944f363e7b2bbea3ccdc5c7e,3345688436,6896,2,2,2,0,0,1,0,1,2,0,true,false,1,unique_nonreserved_sink,NumStability.fl_householderStoredTrailingPanel_sequence_diag_nonzero_of_span_nonbreakdown_leadingBlock_leftInverse_infNorm_budget,B_unique_nonreserved_sink,NumStability.fl_householderStoredTrailingPanel_sequence_diag_nonzero_of_span_nonbreakdown_leadingBlock_leftInverse_infNorm_budget | H19.Theorem19_6.stored_panel_sequence_diag_nonzero_of_span_nonbreakdown_leadingBlock_leftInverse_infNorm_budget
045daf28056a6e4358d5de7c22c7a9d7acc2e80e,1048,e68f7927c8cccbd62fde123f4712fb261d5e2911af0bde27fd56282bd27f875a,330664685,19400,2,1,2,0,0,0,0,0,2,0,true,false,1,unique_nonreserved_sink,NumStability.higham11_4_bunch_kaufman_stability_of_path_local_L_row_sum_source_six_growth_bounds_maxEntryNorm_A,B_unique_nonreserved_sink,NumStability.higham11_4_bunch_kaufman_stability_interface_of_path_local_L_row_sum_source_six_growth_bounds_maxEntryNorm_A | NumStability.higham11_4_bunch_kaufman_stability_of_path_local_L_row_sum_source_six_growth_bounds_maxEntryNorm_A
045daf28056a6e4358d5de7c22c7a9d7acc2e80e,93,e6a47baac8780fabdfdf2085437efa79152ba86c145a863641ba28f335d2024b,1056299037,24739,2,1,2,0,0,1,0,0,1,0,true,false,1,unique_nonreserved_sink,NumStability.sylvester_practical_abs_error_bound_of_pos_le_sylvesterSepInf_computed_residual_certificate_mono_scalar,B_unique_nonreserved_sink,NumStability.H16_eq16_29_sylvester_practical_abs_error_bound_of_pos_le_sylvesterSepInf_computed_residual_certificate_mono_scalar | NumStability.sylvester_practical_abs_error_bound_of_pos_le_sylvesterSepInf_computed_residual_certificate_mono_scalar
045daf28056a6e4358d5de7c22c7a9d7acc2e80e,1299,e6aa1be05548270564055ebb0b6420c7eeb769b1cd11bd8fdf21e5cdde5502c9,3871207244,26433,2,2,2,0,0,1,0,1,1,0,true,false,1,unique_nonreserved_sink,NumStability.lyapunov_practical_error_bound_of_vecCoeff_det_ne_zero_computed_residual_budget,B_unique_nonreserved_sink,NumStability.lyapunov_practical_error_bound_of_vecCoeff_det_ne_zero_computed_residual_budget | NumStability.H16_eq16_29_lyapunov_practical_error_bound_of_vecCoeff_det_ne_zero_computed_residual_budget
045daf28056a6e4358d5de7c22c7a9d7acc2e80e,1418,e6ad988cd3e39ef7416d9ea9d625869695cd5d8c13efc1065fa152a7f1faa441,4191392712,5371,2,1,2,0,0,1,0,0,0,0,true,false,1,unique_nonreserved_sink,NumStability.IsRealMagicSquareWithSum.complexMatrixInfNorm_eq,B_unique_nonreserved_sink,NumStability.IsRealMagicSquareWithSum.complexMatrixInfNorm_endpoint_eq | NumStability.IsRealMagicSquareWithSum.complexMatrixInfNorm_eq
045daf28056a6e4358d5de7c22c7a9d7acc2e80e,1567,e7751cbf3c4df939bb8a7fe168e32709e9f632f25b1325106ce1810b7ef930f8,672423717,23719,2,2,2,0,0,1,0,1,1,0,true,false,1,unique_nonreserved_sink,NumStability.sylvester_practical_error_bound_of_diagonal_computed_residual_budget_mono,B_unique_nonreserved_sink,NumStability.sylvester_practical_error_bound_of_diagonal_computed_residual_budget_mono | NumStability.H16_eq16_29_sylvester_practical_error_bound_of_diagonal_computed_residual_budget_mono
045daf28056a6e4358d5de7c22c7a9d7acc2e80e,755,e7a9abe10ceed01a0921a79a5906102ae15f881aeba3163dc27a900967d385a4,257066487,24455,2,2,2,0,0,1,0,1,1,0,true,false,1,unique_nonreserved_sink,NumStability.lyapunov_relative_first_order_bound_of_condition,B_unique_nonreserved_sink,NumStability.lyapunov_relative_first_order_bound_of_condition | NumStability.H16_eq16_27_lyapunov_relative_first_order_bound_of_condition
045daf28056a6e4358d5de7c22c7a9d7acc2e80e,137,e7b678ab37ac66d8a71d2ee92d7470659c00582f33cbf1da8757a3f3bda1fb79,1146619319,16245,2,1,2,0,0,1,0,0,1,0,true,false,1,unique_nonreserved_sink,NumStability.higham9_15_normwise_source_bound_of_factorization_init_linear_step_opNorm_of_matrix_inverse_identities_one_residual,B_unique_nonreserved_sink,NumStability.higham9_15_normwise_source_bound_of_factorization_G_init_linear_step_opNorm_of_matrix_inverse_identities_one_residual | NumStability.higham9_15_normwise_source_bound_of_factorization_init_linear_step_opNorm_of_matrix_inverse_identities_one_residual
045daf28056a6e4358d5de7c22c7a9d7acc2e80e,1205,e7f6144e0e2bd3abde12509fbf40ca4ce0f38900c5785e4ac9b71f0931707956,3633508931,23702,2,2,2,0,0,1,0,1,1,0,true,false,1,unique_nonreserved_sink,NumStability.sylvesterResidualRect_eq_sylvesterOpRect_error,B_unique_nonreserved_sink,NumStability.sylvesterResidualRect_eq_sylvesterOpRect_error | NumStability.H16_eq16_29_sylvesterResidualRect_eq_sylvesterOpRect_error
045daf28056a6e4358d5de7c22c7a9d7acc2e80e,784,e8185510400a9f00a1ad34e08c83e35f9edb6a54af8890969366d00e83d11669,2640883710,24325,2,2,2,0,0,1,0,1,1,0,true,false,1,unique_nonreserved_sink,NumStability.Wave14.sylvesterVecCoeff_schurTriangular_backSub_componentwise_residual,B_unique_nonreserved_sink,NumStability.Wave14.sylvesterVecCoeff_schurTriangular_backSub_componentwise_residual | NumStability.Wave14.H16_eq16_8_sylvesterVecCoeff_schurTriangular_backSub_componentwise_residual
045daf28056a6e4358d5de7c22c7a9d7acc2e80e,528,e838106ea9b9141e8a18e4d40457c54190f5909b2b0af9d4d21fb15efc930f40,2092750597,40005,2,2,2,0,0,0,0,2,2,0,true,false,1,unique_nonreserved_sink,NumStability.cpPivot_sequence_stable_small,B_unique_nonreserved_sink,NumStability.higham10_11_cp_pivot_sequence_stable | NumStability.cpPivot_sequence_stable_small
045daf28056a6e4358d5de7c22c7a9d7acc2e80e,150,e865446857120854a52a51c0263663a972613f60aa3d2a725b1c286ea9837d91,1176682977,19122,2,1,2,0,0,1,0,0,2,0,true,false,1,unique_nonreserved_sink,NumStability.higham11_4_bunch_kaufman_solve_backward_error_of_path_offbranch_D_entries_zero_local_D_two_nonzero_L_rows_maxEntryNorm_A,B_unique_nonreserved_sink,NumStability.higham11_4_bunch_kaufman_solve_backward_error_interface_of_path_offbranch_D_entries_zero_local_D_two_nonzero_L_rows_maxEntryNorm_A | NumStability.higham11_4_bunch_kaufman_solve_backward_error_of_path_offbranch_D_entries_zero_local_D_two_nonzero_L_rows_maxEntryNorm_A
045daf28056a6e4358d5de7c22c7a9d7acc2e80e,594,e8a45938d53e6c4be587c1db5df15a2239554a712fa8c6e310a7006770d524c3,2243719058,31778,2,1,2,0,0,1,0,0,1,0,true,false,1,unique_nonreserved_sink,NumStability.Wave14.frobNormRect_sylvesterResidualRect_le_dataScale_of_schur_dataScale_residual,B_unique_nonreserved_sink,NumStability.Wave14.H16_eq16_9_frobNormRect_sylvesterResidualRect_le_dataScale_of_schur_dataScale_residual | NumStability.Wave14.frobNormRect_sylvesterResidualRect_le_dataScale_of_schur_dataScale_residual
045daf28056a6e4358d5de7c22c7a9d7acc2e80e,1266,e9072477a3ae7d01c72176e3687542cb84aa0b826164536aaefcb6d0a7d7f980,3777188744,43188,2,1,2,0,0,1,0,1,2,0,true,false,1,unique_nonreserved_sink,NumStability.Ch14Ext.ch14ext_gjeStepMatrix_hComp,B_unique_nonreserved_sink,NumStability.Ch14Ext.ch14ext_gjeStepMatrix_hComp | NumStability.Ch14Ext.ch14ext_gje_stage2_matrix_recurrence_derived
045daf28056a6e4358d5de7c22c7a9d7acc2e80e,241,e90d47b3ce398097b1811ace683217b05bad41365f7085f71689f661dd888c7d,138623505,31780,2,1,2,0,0,1,0,0,1,0,true,false,1,unique_nonreserved_sink,NumStability.Wave14.frobNormRect_sylvesterResidualRect_le_of_schur_residual_with_transform_budgets,B_unique_nonreserved_sink,NumStability.Wave14.H16_eq16_9_frobNormRect_sylvesterResidualRect_le_of_schur_residual_with_transform_budgets | NumStability.Wave14.frobNormRect_sylvesterResidualRect_le_of_schur_residual_with_transform_budgets
045daf28056a6e4358d5de7c22c7a9d7acc2e80e,1232,e96f47d5b50e552f2058a45b88be9a0666115a37f55689a84fee8ae776d1e6ee,3707688521,31576,2,1,2,0,0,1,0,0,1,0,true,false,1,unique_nonreserved_sink,NumStability.existsUnique_isSylvesterSolutionRect_and_HessenbergGEPPUTrace_growth_of_upperHessenberg_triangular_vecCoeff_det_ne_zero,B_unique_nonreserved_sink,NumStability.H16_eq16_4_8_existsUnique_isSylvesterSolutionRect_and_HessenbergGEPPUTrace_growth_of_upperHessenberg_triangular_vecCoeff_det_ne_zero | NumStability.existsUnique_isSylvesterSolutionRect_and_HessenbergGEPPUTrace_growth_of_upperHessenberg_triangular_vecCoeff_det_ne_zero
045daf28056a6e4358d5de7c22c7a9d7acc2e80e,1073,e975f0af033d54c735421d24fc42d453711f881bf694ae88d82336a36dafd1fe,3360165583,26496,2,2,2,0,0,1,0,1,2,0,true,false,1,unique_nonreserved_sink,NumStability.sylvesterBackwardErrorInf_two_sided_sqrt_xiSq_of_svdOptimalPerturbations,B_unique_nonreserved_sink,NumStability.sylvesterBackwardErrorInf_two_sided_sqrt_xiSq_of_svdOptimalPerturbations | NumStability.H16_eq16_15_sylvester_eta_xi_bounds_of_svdOptimalPerturbations
045daf28056a6e4358d5de7c22c7a9d7acc2e80e,852,e9f095fcee8517f3acde1edd8ec4085b8b20117051637ddfc1d41789c307ff10,2819612133,24750,2,1,2,0,0,1,0,1,1,0,true,false,1,unique_nonreserved_sink,NumStability.sylvester_schur_transform_solution_iff,B_unique_nonreserved_sink,NumStability.H16_eq16_4_5_sylvester_schur_transform_solution_iff | NumStability.sylvester_schur_transform_solution_iff
045daf28056a6e4358d5de7c22c7a9d7acc2e80e,505,ea7caf93e3980707d00724e8c087e53076c0511b0398b1ff581892bb646b4204,2043557,24635,2,2,2,0,0,1,0,1,1,0,true,false,1,unique_nonreserved_sink,NumStability.lyapunovInverseOpBound_of_sepLowerBound,B_unique_nonreserved_sink,NumStability.lyapunovInverseOpBound_of_sepLowerBound | NumStability.H16_eq16_27_lyapunovInverseOpBound_of_sepLowerBound
045daf28056a6e4358d5de7c22c7a9d7acc2e80e,1072,ead10a99b2cbe788f3f444d203ce4c0abbd180d6a944d6c8bbc1d728557b8def,3359400722,24601,2,2,2,0,0,1,0,1,1,0,true,false,1,unique_nonreserved_sink,NumStability.sqrt_lyapunovXiSq_div_two_le_lyapunovBackwardErrorInf_of_symmetric_spectral,B_unique_nonreserved_sink,NumStability.sqrt_lyapunovXiSq_div_two_le_lyapunovBackwardErrorInf_of_symmetric_spectral | NumStability.H16_eq16_21_sqrt_lyapunovXiSq_div_two_le_lyapunovBackwardErrorInf_of_symmetric_spectral
045daf28056a6e4358d5de7c22c7a9d7acc2e80e,1015,eaf3ab86f7b7c2417efa7f74e7d92df668de208d3e561fbd6e5c10f5450d5307,3221535050,24819,2,1,2,0,0,1,0,0,1,0,true,false,1,unique_nonreserved_sink,NumStability.exists_original_solution_and_generated_step_formula_of_quasiSchur_schedule_twoBlockSpectral_complex_root_separation,B_unique_nonreserved_sink,NumStability.H16_eq16_4_8_exists_original_solution_and_generated_step_formula_of_quasiSchur_schedule_twoBlockSpectral_complex_root_separation | NumStability.exists_original_solution_and_generated_step_formula_of_quasiSchur_schedule_twoBlockSpectral_complex_root_separation
045daf28056a6e4358d5de7c22c7a9d7acc2e80e,1224,eb12136e6f3341a78c4808003b8d894a4f9493155ec18300e5889a87ca754d88,3695103468,31588,2,1,2,0,0,1,0,0,1,0,true,false,1,unique_nonreserved_sink,NumStability.Wave17.sylvesterHessenbergShiftedColumn_roundedGEPP_structure_and_exact_growth_certificate,B_unique_nonreserved_sink,NumStability.Wave17.H16_eq16_7_sylvesterHessenbergShiftedColumn_roundedGEPP_structure_and_exact_growth_certificate | NumStability.Wave17.sylvesterHessenbergShiftedColumn_roundedGEPP_structure_and_exact_growth_certificate
045daf28056a6e4358d5de7c22c7a9d7acc2e80e,364,eb1ea63998ac0234613162fa4deba3b772a660c9c84736ea45e1fd6145a0e497,1683756719,23654,2,2,2,0,0,1,0,1,1,0,true,false,1,unique_nonreserved_sink,NumStability.existsUnique_isSylvesterSolutionRect_diagonal,B_unique_nonreserved_sink,NumStability.existsUnique_isSylvesterSolutionRect_diagonal | NumStability.H16_eq16_3_existsUnique_isSylvesterSolutionRect_diagonal
045daf28056a6e4358d5de7c22c7a9d7acc2e80e,195,eb6911bf76230e63f5498203bd7d342f438430da883ee7a907c4e6ef150c2346,1277636484,31781,2,1,2,0,0,1,0,0,1,0,true,false,1,unique_nonreserved_sink,NumStability.Wave14.frobNormRect_sylvesterResidualRect_le_dataScale_of_perturbed_schur_factors_residual,B_unique_nonreserved_sink,NumStability.Wave14.H16_eq16_9_frobNormRect_sylvesterResidualRect_le_dataScale_of_perturbed_schur_factors_residual | NumStability.Wave14.frobNormRect_sylvesterResidualRect_le_dataScale_of_perturbed_schur_factors_residual
045daf28056a6e4358d5de7c22c7a9d7acc2e80e,1423,eb6c554a7ecbce54e24105b1471e5ea15e24a41bd81e4db2e76985183ecf2001,4201685597,16402,2,1,2,0,0,1,0,0,1,0,true,false,1,unique_nonreserved_sink,NumStability.higham9_15_normwise_source_bound_of_factorization_left_zero_opNorm_exact_opNorm2,B_unique_nonreserved_sink,NumStability.higham9_15_normwise_source_bound_of_factorization_G_left_zero_opNorm_exact_opNorm2 | NumStability.higham9_15_normwise_source_bound_of_factorization_left_zero_opNorm_exact_opNorm2
045daf28056a6e4358d5de7c22c7a9d7acc2e80e,1186,eb76de652bfcb4dd90d34344b9e858d74556908c08104f0f3db83a95d8e733ee,3576240363,24165,2,2,2,0,0,1,0,1,2,0,true,false,1,unique_nonreserved_sink,NumStability.sylvester_realQuasiSchur_factors,B_unique_nonreserved_sink,NumStability.sylvester_realQuasiSchur_factors | NumStability.H16_eq16_4_sylvester_realQuasiSchur_factors
045daf28056a6e4358d5de7c22c7a9d7acc2e80e,1367,eb82031001dfd42a4d0ce8dd6a2ea2067a457b82e0bbe0da533bb54d3cc8f723,4076139681,31607,2,1,2,0,0,1,0,0,1,0,true,false,1,unique_nonreserved_sink,NumStability.lyapunov_practical_error_bound_fl_of_vecCoeff_left_inverse_finiteOpNorm2Le_mono,B_unique_nonreserved_sink,NumStability.H16_eq16_29_lyapunov_practical_error_bound_fl_of_vecCoeff_left_inverse_finiteOpNorm2Le_mono | NumStability.lyapunov_practical_error_bound_fl_of_vecCoeff_left_inverse_finiteOpNorm2Le_mono
045daf28056a6e4358d5de7c22c7a9d7acc2e80e,1370,ebb16842dff4c10806181abcd356f69b486c2832e92ab3cf6d56ac2429b77b1d,4081594751,24483,2,2,2,0,0,1,0,1,1,0,true,false,1,unique_nonreserved_sink,NumStability.sylvester_relative_aposteriori_bound_of_sepLowerBound_total,B_unique_nonreserved_sink,NumStability.sylvester_relative_aposteriori_bound_of_sepLowerBound_total | NumStability.H16_eq16_28_sylvester_relative_aposteriori_bound_of_sepLowerBound_total
045daf28056a6e4358d5de7c22c7a9d7acc2e80e,587,ebb601bf3c801e69521058b447d122104f66a7ddfe885fa6d740351de5b412fe,2231432350,24456,2,2,2,0,0,1,0,1,1,0,true,false,1,unique_nonreserved_sink,NumStability.sylvester_relative_first_order_bound_of_psi,B_unique_nonreserved_sink,NumStability.sylvester_relative_first_order_bound_of_psi | NumStability.H16_eq16_23_sylvester_relative_first_order_bound_of_psi
045daf28056a6e4358d5de7c22c7a9d7acc2e80e,1661,ebe43094f9de56158160ad9006d1ff611212c8da2a4095d99b6ba475664133a9,889456584,24632,2,2,2,0,0,1,0,1,1,0,true,false,1,unique_nonreserved_sink,NumStability.lyapunov_relative_aposteriori_bound_of_pos_le_sylvesterSepInf,B_unique_nonreserved_sink,NumStability.lyapunov_relative_aposteriori_bound_of_pos_le_sylvesterSepInf | NumStability.H16_eq16_28_lyapunov_relative_aposteriori_bound_of_pos_le_sylvesterSepInf
045daf28056a6e4358d5de7c22c7a9d7acc2e80e,1183,ec12eff480a48e3bbe0980e2e1590f30949eba14bbc35a1e1e1df9bdf7ae942a,3573632562,24916,2,1,2,0,0,1,0,0,1,0,true,false,1,unique_nonreserved_sink,NumStability.sylvester_quasiSchur_blockTraversal_solution_of_twoBlockSpectral_no_common_singleton_frontier_step_oracle,B_unique_nonreserved_sink,NumStability.H16_eq16_4_8_sylvester_quasiSchur_blockTraversal_solution_of_twoBlockSpectral_no_common_singleton_frontier_step_oracle | NumStability.sylvester_quasiSchur_blockTraversal_solution_of_twoBlockSpectral_no_common_singleton_frontier_step_oracle
045daf28056a6e4358d5de7c22c7a9d7acc2e80e,775,ec3dbaa3c13f72c440103ba146632f00f7f6fcd0bdd1802bd4783525a7693b8a,2620129077,24725,2,1,2,0,0,1,0,0,1,0,true,false,1,unique_nonreserved_sink,NumStability.sylvester_practical_abs_error_bound_of_pos_le_sylvesterSepInf_computed_residual_certificate_mono,B_unique_nonreserved_sink,NumStability.H16_eq16_29_sylvester_practical_abs_error_bound_of_pos_le_sylvesterSepInf_computed_residual_certificate_mono | NumStability.sylvester_practical_abs_error_bound_of_pos_le_sylvesterSepInf_computed_residual_certificate_mono
045daf28056a6e4358d5de7c22c7a9d7acc2e80e,1055,ec7b88b8c721bb895c8c5bbc35567f438453fe10317f0f05ad4dd2458f735f20,3335144453,24474,2,2,2,0,0,1,0,1,1,0,true,false,1,unique_nonreserved_sink,NumStability.sylvester_relative_aposteriori_bound_of_pos_le_sylvesterSepInf_total,B_unique_nonreserved_sink,NumStability.sylvester_relative_aposteriori_bound_of_pos_le_sylvesterSepInf_total | NumStability.H16_eq16_28_sylvester_relative_aposteriori_bound_of_pos_le_sylvesterSepInf_total
045daf28056a6e4358d5de7c22c7a9d7acc2e80e,422,ec8bb67ba2c6fc2591206e4edf436d3b693bd89491b50633108b16b97e40da90,1809080579,24436,2,2,2,0,0,1,0,1,1,0,true,false,1,unique_nonreserved_sink,NumStability.SepLowerBound_of_pos_le_sylvesterSepInf,B_unique_nonreserved_sink,NumStability.SepLowerBound_of_pos_le_sylvesterSepInf | NumStability.H16_eq16_26_SepLowerBound_of_pos_le_sylvesterSepInf
045daf28056a6e4358d5de7c22c7a9d7acc2e80e,239,ecbd2af048493155ca6bd8e6ea97fa1a4c615874e2f33fa112bc6207f7a071ce,1383916873,18998,2,1,2,0,0,1,0,0,2,0,true,false,1,unique_nonreserved_sink,NumStability.higham11_4_bunch_kaufman_stability_of_first_stage_recursive_split_L_entry_normalized_prefix_regional_D_bound_unit_initial,B_unique_nonreserved_sink,NumStability.higham11_4_bunch_kaufman_stability_interface_of_first_stage_recursive_split_L_entry_normalized_prefix_regional_D_bound_unit_initial | NumStability.higham11_4_bunch_kaufman_stability_of_first_stage_recursive_split_L_entry_normalized_prefix_regional_D_bound_unit_initial
045daf28056a6e4358d5de7c22c7a9d7acc2e80e,1026,ecc65e29a59a425e5f1ba02073e615989891587c9e24ff21127a1a1971df58b3,3243791742,15902,2,1,2,0,0,1,0,0,1,0,true,false,1,unique_nonreserved_sink,NumStability.higham9_15_normwise_source_bound_of_factorization_init_linear_step_opNorm_product_lt_one_residual_of_factor_triangularity,B_unique_nonreserved_sink,NumStability.higham9_15_normwise_source_bound_of_factorization_G_init_linear_step_opNorm_product_lt_one_residual_of_factor_triangularity | NumStability.higham9_15_normwise_source_bound_of_factorization_init_linear_step_opNorm_product_lt_one_residual_of_factor_triangularity
045daf28056a6e4358d5de7c22c7a9d7acc2e80e,1587,ece2c449361f54cde9914aacc7105284c7cc6d10778a90a3a028037c5f51609f,717674311,24701,2,1,2,0,0,1,0,1,1,0,true,false,1,unique_nonreserved_sink,NumStability.sylvester_practical_error_bound_of_schurDiagonal_computed_residual_certificate_scalar,B_unique_nonreserved_sink,NumStability.H16_eq16_29_sylvester_practical_error_bound_of_schurDiagonal_computed_residual_certificate_scalar | NumStability.sylvester_practical_error_bound_of_schurDiagonal_computed_residual_certificate_scalar
045daf28056a6e4358d5de7c22c7a9d7acc2e80e,1341,ecf3464380896c7898d8cc501cf9724fc7e5502d5bc151a17073a0108284472e,3993200686,26463,2,2,2,0,0,1,0,1,1,0,true,false,1,unique_nonreserved_sink,NumStability.lyapunov_practical_error_bound_of_vecCoeff_sigmaMin_computed_residual_error_model_mono_scalar,B_unique_nonreserved_sink,NumStability.lyapunov_practical_error_bound_of_vecCoeff_sigmaMin_computed_residual_error_model_mono_scalar | NumStability.H16_eq16_29_lyapunov_practical_error_bound_of_vecCoeff_sigmaMin_computed_residual_error_model_mono_scalar
045daf28056a6e4358d5de7c22c7a9d7acc2e80e,171,ed1b859ae6941915eed297b9d4dedaafab6150c101f0df5434dc298ff3651b54,1220224546,18499,2,2,2,0,0,1,0,1,2,0,true,false,1,unique_nonreserved_sink,NumStability.fl_oneByOne_schur_step_error,B_unique_nonreserved_sink,NumStability.fl_oneByOne_schur_step_error | NumStability.higham11_3_fl_oneByOne_schur_step_error
045daf28056a6e4358d5de7c22c7a9d7acc2e80e,1006,ed3af9f4e8617b33baa020616d0e191235a69de664475f10c79bc4f01dc6f7c6,3183872017,24535,2,2,2,0,0,1,0,1,1,0,true,false,1,unique_nonreserved_sink,NumStability.amplification_factor_bound,B_unique_nonreserved_sink,NumStability.amplification_factor_bound | NumStability.H16_eq16_17_19_amplification_factor_bound
045daf28056a6e4358d5de7c22c7a9d7acc2e80e,164,ed69fbe203a23a78670d6e95c6ca12476123bb4c61c99a0d40bd323d27ad32fa,1201523018,7748,2,2,2,0,0,1,0,1,2,0,true,false,1,unique_nonreserved_sink,NumStability.opNorm2Le_finiteDiagonal_csHalfTangent,B_unique_nonreserved_sink,NumStability.opNorm2Le_finiteDiagonal_csHalfTangent | H19.Theorem19_13.problem1912_opNorm2Le_finiteDiagonal_csHalfTangent
045daf28056a6e4358d5de7c22c7a9d7acc2e80e,282,ed817d4fbd2faaeb4f69c337555ca6029c0a23a7b1b39d6f3b33c978e6bbb2a3,1506667708,16563,2,1,2,0,0,1,0,0,1,0,true,false,1,unique_nonreserved_sink,NumStability.higham9_15_normwise_source_bound_of_factorization_min_factor_bound_opNorm_exact_opNorm2_of_factor_triangularity,B_unique_nonreserved_sink,NumStability.higham9_15_normwise_source_bound_of_factorization_G_min_factor_bound_opNorm_exact_opNorm2_of_factor_triangularity | NumStability.higham9_15_normwise_source_bound_of_factorization_min_factor_bound_opNorm_exact_opNorm2_of_factor_triangularity
045daf28056a6e4358d5de7c22c7a9d7acc2e80e,420,edad45b50b2fa6d361209d3affbfd5122e197e350c3028bc24b21c714c96e517,1808263678,24654,2,2,2,0,0,1,0,1,1,0,true,false,1,unique_nonreserved_sink,NumStability.lyapunov_first_order_rhs_frobNorm_le,B_unique_nonreserved_sink,NumStability.lyapunov_first_order_rhs_frobNorm_le | NumStability.H16_eq16_27_lyapunov_first_order_rhs_frobNorm_le
045daf28056a6e4358d5de7c22c7a9d7acc2e80e,736,edf667bbbc4c3763470a17db477fb24dfa62ea55fc7c7811e021e41aa44cc154,2516934362,26484,2,2,2,0,0,1,0,1,1,0,true,false,1,unique_nonreserved_sink,NumStability.lyapunov_practical_error_bound_of_vecCoeff_sigmaMin_computed_residual_error_model_scalar,B_unique_nonreserved_sink,NumStability.lyapunov_practical_error_bound_of_vecCoeff_sigmaMin_computed_residual_error_model_scalar | NumStability.H16_eq16_29_lyapunov_practical_error_bound_of_vecCoeff_sigmaMin_computed_residual_error_model_scalar
045daf28056a6e4358d5de7c22c7a9d7acc2e80e,667,ee2f12c62c6f411c86df9f64e9b7167f8444e596a63f84269e86d4d8ff4dc16c,2378220938,15978,2,1,2,0,0,1,0,0,1,0,true,false,1,unique_nonreserved_sink,NumStability.higham9_15_normwise_source_bound_of_factorization_init_min_factor_bound_opNorm_one_residual_of_factor_triangularity,B_unique_nonreserved_sink,NumStability.higham9_15_normwise_source_bound_of_factorization_G_init_min_factor_bound_opNorm_one_residual_of_factor_triangularity | NumStability.higham9_15_normwise_source_bound_of_factorization_init_min_factor_bound_opNorm_one_residual_of_factor_triangularity
045daf28056a6e4358d5de7c22c7a9d7acc2e80e,472,ee36fce6eed4d8ddbbf82481ab23a09cb3a29aa62493e8b2a723a562d70c20ea,1951538685,15816,2,1,2,0,0,1,0,0,1,0,true,false,1,unique_nonreserved_sink,NumStability.higham9_15_normwise_source_bound_of_factorization_init_residual_zero_opNorm_exact_opNorm2_of_factor_triangularity,B_unique_nonreserved_sink,NumStability.higham9_15_normwise_source_bound_of_factorization_G_init_residual_zero_opNorm_exact_opNorm2_of_factor_triangularity | NumStability.higham9_15_normwise_source_bound_of_factorization_init_residual_zero_opNorm_exact_opNorm2_of_factor_triangularity
045daf28056a6e4358d5de7c22c7a9d7acc2e80e,1096,ee74c93f4af2f2df04856831233dc826c68d17026fa6d6d55554905d88248ed0,3397915725,24672,2,1,2,0,0,1,0,0,1,0,true,false,1,unique_nonreserved_sink,NumStability.sylvester_practical_error_bound_of_schur_transform_residual_bound,B_unique_nonreserved_sink,NumStability.H16_eq16_29_sylvester_practical_error_bound_of_schur_transform_residual_bound | NumStability.sylvester_practical_error_bound_of_schur_transform_residual_bound
045daf28056a6e4358d5de7c22c7a9d7acc2e80e,1555,eef53aeca1dc842ecdaa6787320924677fb3d27f54587d396ea81710b8db8b32,644835680,24746,2,1,2,0,0,1,0,0,1,0,true,false,1,unique_nonreserved_sink,NumStability.sylvester_practical_error_bound_of_schurDiagonal_computed_residual_error_model_scalar,B_unique_nonreserved_sink,NumStability.H16_eq16_29_sylvester_practical_error_bound_of_schurDiagonal_computed_residual_error_model_scalar | NumStability.sylvester_practical_error_bound_of_schurDiagonal_computed_residual_error_model_scalar
045daf28056a6e4358d5de7c22c7a9d7acc2e80e,316,ef529a036310dd68d9be4d0c4af47c64641bb1eac6da211bca1bdc7c0474f68e,1599421590,24911,2,1,2,0,0,1,0,0,2,0,true,false,1,unique_nonreserved_sink,NumStability.sylvester_practical_error_bound_of_schurTriangular_computed_residual_error_model_scalar,B_unique_nonreserved_sink,NumStability.H16_eq16_29_schurTriangular_computed_residual_error_model_scalar | NumStability.sylvester_practical_error_bound_of_schurTriangular_computed_residual_error_model_scalar
045daf28056a6e4358d5de7c22c7a9d7acc2e80e,843,efaeb0076f612f64106352d225cd60f369cf36886c0d6b81a20d3c1b3ad0a6ce,2793182429,15216,2,1,2,0,0,1,0,0,2,0,true,false,1,unique_nonreserved_sink,NumStability.higham9_14_matrix_source_h_bound_of_RectDoolittleRoundedStageTrace_square_fl_triangular_solves_gamma,B_unique_nonreserved_sink,NumStability.higham9_14_matrix_source_h_bound_of_RectDoolittleRoundedStageTrace_square_fl_triangular_solves_absLU_le_absA_gamma | NumStability.higham9_14_matrix_source_h_bound_of_RectDoolittleRoundedStageTrace_square_fl_triangular_solves_gamma
045daf28056a6e4358d5de7c22c7a9d7acc2e80e,779,efb16a3e9707e1c7dab5ed395df9175a19ba3c756ddc0eb217348c2ac5709bf6,2624742928,31587,2,1,2,0,0,1,0,0,1,0,true,false,1,unique_nonreserved_sink,NumStability.Wave17.sylvesterHessenbergShiftedColumn_roundedGEPP_backward_error_mulVec,B_unique_nonreserved_sink,NumStability.Wave17.H16_eq16_7_sylvesterHessenbergShiftedColumn_roundedGEPP_backward_error_mulVec | NumStability.Wave17.sylvesterHessenbergShiftedColumn_roundedGEPP_backward_error_mulVec
045daf28056a6e4358d5de7c22c7a9d7acc2e80e,515,efc52698455293184a3c13e32f389d717c607f4555ffe40d09cf7a391b63c96f,2054864797,24863,2,1,2,0,0,1,0,0,1,0,true,false,1,unique_nonreserved_sink,NumStability.existsUnique_isSylvesterSolutionRect_of_quasiSchur_twoBlockSpectral_no_common_generated_frontier_step_oracle,B_unique_nonreserved_sink,NumStability.H16_eq16_4_8_existsUnique_isSylvesterSolutionRect_of_quasiSchur_twoBlockSpectral_no_common_generated_frontier_step_oracle | NumStability.existsUnique_isSylvesterSolutionRect_of_quasiSchur_twoBlockSpectral_no_common_generated_frontier_step_oracle
045daf28056a6e4358d5de7c22c7a9d7acc2e80e,1499,eff167031a703a7868de522af82367281cefa11e4ba6f200eac30fb1940c6949,506922392,6957,2,2,2,0,0,1,0,1,2,0,true,false,1,unique_nonreserved_sink,NumStability.exists_active_trailing_entry_ne_of_leading_block_leftInverses,B_unique_nonreserved_sink,NumStability.exists_active_trailing_entry_ne_of_leading_block_leftInverses | H19.Theorem19_6.exists_active_trailing_entry_ne_of_leading_block_leftInverses
045daf28056a6e4358d5de7c22c7a9d7acc2e80e,880,f059285699a83d315284242b1ab1873ee0f1e1f388a4555e5a3b603943d102d2,2887256221,3160,2,2,2,0,0,1,0,1,1,0,true,false,1,unique_nonreserved_sink,NumStability.LUFactSpec.det_eq_prod_U_diag,B_unique_nonreserved_sink,NumStability.LUFactSpec.det_eq_prod_U_diag | NumStability.higham9_1_det_eq_pivot_product
045daf28056a6e4358d5de7c22c7a9d7acc2e80e,1609,f06c242803ac558675cd7deef5e355baf52cae484f758f07226726d62255e728,760426384,15322,2,1,2,0,0,1,0,0,2,0,true,false,1,unique_nonreserved_sink,NumStability.higham9_14_source_h_bound_of_RectDoolittleDenseLoopCertificate_square_fl_triangular_solves_gamma_le,B_unique_nonreserved_sink,NumStability.higham9_14_source_h_bound_of_RectDoolittleDenseLoopCertificate_square_fl_triangular_solves_absLU_le_absA_gamma_le | NumStability.higham9_14_source_h_bound_of_RectDoolittleDenseLoopCertificate_square_fl_triangular_solves_gamma_le
045daf28056a6e4358d5de7c22c7a9d7acc2e80e,681,f0812490738fb93a7f8fb1b75d91bfe111e533a36d0127272c32fa7399bc424f,2402151813,15111,2,1,2,0,0,1,0,0,2,0,true,false,1,unique_nonreserved_sink,NumStability.higham9_14_matrix_source_h_bound_of_LUBackwardError_fl_triangular_solves_gamma,B_unique_nonreserved_sink,NumStability.higham9_14_matrix_source_h_bound_of_LUBackwardError_fl_triangular_solves_absLU_le_absA_gamma | NumStability.higham9_14_matrix_source_h_bound_of_LUBackwardError_fl_triangular_solves_gamma
045daf28056a6e4358d5de7c22c7a9d7acc2e80e,461,f094e8e3ee9d478dbdb9d54a91f600c61f9c6b2e9946026fb41e9c798de507ed,1924601000,31787,2,1,2,0,0,1,0,0,1,0,true,false,1,unique_nonreserved_sink,NumStability.Wave16.higham16_eq16_8_suppliedSchur_completePivot_operational_residual,B_unique_nonreserved_sink,NumStability.Wave16.H16_eq16_8_9_suppliedSchur_completePivot_operational_residual | NumStability.Wave16.higham16_eq16_8_suppliedSchur_completePivot_operational_residual
045daf28056a6e4358d5de7c22c7a9d7acc2e80e,1680,f177565d3d80ec90771eb1ec053c2169c01879c8b4b465bfaaafda9e521d06c1,931233421,24848,2,1,2,0,0,1,0,0,1,0,true,false,1,unique_nonreserved_sink,NumStability.sylvester_quasiSchur_blockTraversal_columns_eq_of_solution_step_oracle,B_unique_nonreserved_sink,NumStability.H16_eq16_4_8_sylvester_quasiSchur_blockTraversal_columns_eq_of_solution_step_oracle | NumStability.sylvester_quasiSchur_blockTraversal_columns_eq_of_solution_step_oracle
045daf28056a6e4358d5de7c22c7a9d7acc2e80e,805,f1882298621017b067023cadba8db3481be6d71eb5c63b1fee1d7f4161d4aa79,2707502001,19167,2,1,2,0,0,1,0,0,2,0,true,false,1,unique_nonreserved_sink,NumStability.higham11_4_bunch_kaufman_solve_backward_error_of_first_stage_recursive_split_six_row_sum_normalized_prefix_regional_D_maxEntryNorm_bound,B_unique_nonreserved_sink,NumStability.higham11_4_bunch_kaufman_solve_backward_error_interface_of_first_stage_recursive_split_six_row_sum_normalized_prefix_regional_D_maxEntryNorm_bound | NumStability.higham11_4_bunch_kaufman_solve_backward_error_of_first_stage_recursive_split_six_row_sum_normalized_prefix_regional_D_maxEntryNorm_bound
045daf28056a6e4358d5de7c22c7a9d7acc2e80e,1208,f234c0255c2443104aa97076836018f0999bbbfbc7aa17511e49805385d6c082,3646361731,31557,2,1,2,0,0,1,0,0,1,0,true,false,1,unique_nonreserved_sink,NumStability.existsUnique_isSylvesterSolutionRect_of_realQuasiSchur_schedule_vecCoeff_sigmaMin_generated_step_formula_witness,B_unique_nonreserved_sink,NumStability.H16_eq16_4_8_existsUnique_isSylvesterSolutionRect_of_realQuasiSchur_schedule_vecCoeff_sigmaMin | NumStability.existsUnique_isSylvesterSolutionRect_of_realQuasiSchur_schedule_vecCoeff_sigmaMin_generated_step_formula_witness
045daf28056a6e4358d5de7c22c7a9d7acc2e80e,278,f2672c503b471200c6dbb27dd61cf4f2009032222427d31e36274ac62e5134e5,1494174820,24812,2,1,2,0,0,1,0,0,1,0,true,false,1,unique_nonreserved_sink,NumStability.sylvester_quasiSchur_blockTraversal_solution_of_realQuasiSchur_block_separation_generated_frontier_step_oracle,B_unique_nonreserved_sink,NumStability.H16_eq16_4_8_sylvester_quasiSchur_blockTraversal_solution_of_realQuasiSchur_block_separation_generated_frontier_step_oracle | NumStability.sylvester_quasiSchur_blockTraversal_solution_of_realQuasiSchur_block_separation_generated_frontier_step_oracle
045daf28056a6e4358d5de7c22c7a9d7acc2e80e,116,f27407cd928906cc29d178a19d6a14cf746e002f5c96928850015c292df97eb5,110804163,24878,2,1,2,0,0,1,0,0,1,0,true,false,1,unique_nonreserved_sink,NumStability.sylvester_quasiSchur_blockTraversal_original_solution_eq_of_twoBlockSpectral_no_common_neighbor_frontier_step_oracle,B_unique_nonreserved_sink,NumStability.H16_eq16_4_8_sylvester_quasiSchur_blockTraversal_original_solution_eq_of_twoBlockSpectral_no_common_neighbor_frontier_step_oracle | NumStability.sylvester_quasiSchur_blockTraversal_original_solution_eq_of_twoBlockSpectral_no_common_neighbor_frontier_step_oracle
045daf28056a6e4358d5de7c22c7a9d7acc2e80e,417,f293135c786c2988d252f773a8ebdfe23b799971f8c9e02ebae2f8b64ba1b649,1801363166,40119,2,2,2,0,0,1,0,1,2,0,true,false,1,unique_nonreserved_sink,NumStability.psd_cholesky_backward_error,B_unique_nonreserved_sink,NumStability.higham10_14_psd_cholesky_backward_error | NumStability.psd_cholesky_backward_error
045daf28056a6e4358d5de7c22c7a9d7acc2e80e,1688,f296f90c8f23e3ce5c1092936056beca395ca7212e14a3c46da997771523b40f,95220067,24340,2,2,2,0,0,1,0,1,1,0,true,false,1,unique_nonreserved_sink,NumStability.Wave14.sylvesterVecCoeff_schurTriangular_backSub_backward_error,B_unique_nonreserved_sink,NumStability.Wave14.sylvesterVecCoeff_schurTriangular_backSub_backward_error | NumStability.Wave14.H16_eq16_7_sylvesterVecCoeff_schurTriangular_backSub_backward_error
045daf28056a6e4358d5de7c22c7a9d7acc2e80e,671,f2996e14ebffec835cfa5811047b4efd2df5d0f276cd9d9475680211928b3d40,2386671257,15841,2,1,2,0,0,1,0,0,1,0,true,false,1,unique_nonreserved_sink,NumStability.higham9_15_normwise_source_bound_of_factorization_init_residual_zero_opNorm_no_smallness_of_factor_triangularity,B_unique_nonreserved_sink,NumStability.higham9_15_normwise_source_bound_of_factorization_G_init_residual_zero_opNorm_no_smallness_of_factor_triangularity | NumStability.higham9_15_normwise_source_bound_of_factorization_init_residual_zero_opNorm_no_smallness_of_factor_triangularity
045daf28056a6e4358d5de7c22c7a9d7acc2e80e,240,f3064b02fbc4bf637feceb8aa51d35fda2200f4f57662b0e43883fd75896987f,1385432584,5776,2,2,2,0,0,1,0,1,2,0,true,false,1,unique_nonreserved_sink,NumStability.linear_contraction,B_unique_nonreserved_sink,NumStability.linear_contraction | NumStability.higham12_forward_error_linear_contraction
045daf28056a6e4358d5de7c22c7a9d7acc2e80e,624,f31ee9b4f25b438dae1210684805c31ecf97f866be3c855509a5db02220cb435,2276485868,24618,2,2,2,0,0,1,0,1,1,0,true,false,1,unique_nonreserved_sink,NumStability.sylvester_first_order_rhs_frobNorm_le,B_unique_nonreserved_sink,NumStability.sylvester_first_order_rhs_frobNorm_le | NumStability.H16_eq16_23_sylvester_first_order_rhs_frobNorm_le
045daf28056a6e4358d5de7c22c7a9d7acc2e80e,452,f34a7a47b692b98f633b272d632ecfd0e8afad07442501b69abd92c0d72696c2,1892793392,24641,2,2,2,0,0,1,0,1,1,0,true,false,1,unique_nonreserved_sink,NumStability.lyapunovCond_of_pos_le_sylvesterSepInf_isLyapunovConditionFirstOrderBound,B_unique_nonreserved_sink,NumStability.lyapunovCond_of_pos_le_sylvesterSepInf_isLyapunovConditionFirstOrderBound | NumStability.H16_eq16_27_lyapunovCond_of_pos_le_sylvesterSepInf_isLyapunovConditionFirstOrderBound
045daf28056a6e4358d5de7c22c7a9d7acc2e80e,156,f35702bbae65e5a2aaa3592e096170fc1aff473ed4f89a3c23bc4e77ec018956,1189650675,24697,2,1,2,0,0,1,0,0,1,0,true,false,1,unique_nonreserved_sink,NumStability.sylvester_practical_error_bound_of_pos_le_sylvesterSepInf_computed_residual_certificate_mono,B_unique_nonreserved_sink,NumStability.H16_eq16_29_sylvester_practical_error_bound_of_pos_le_sylvesterSepInf_computed_residual_certificate_mono | NumStability.sylvester_practical_error_bound_of_pos_le_sylvesterSepInf_computed_residual_certificate_mono
045daf28056a6e4358d5de7c22c7a9d7acc2e80e,324,f37b027321902832b5fd40a9964f9c00127a3fdc1ac8c0824f7e546c518f81d0,1611892297,26953,2,2,2,0,0,1,0,1,1,0,true,false,1,unique_nonreserved_sink,NumStability.Wave14.frobNormRect_orthogonal_conjugation_eq,B_unique_nonreserved_sink,NumStability.Wave14.frobNormRect_orthogonal_conjugation_eq | NumStability.Wave14.H16_eq16_5_9_frobNormRect_orthogonal_conjugation_eq
045daf28056a6e4358d5de7c22c7a9d7acc2e80e,221,f38be6778f80de5c2401747a31404d0e180a8eb80ee1c1137a22d0e0d39e6129,1357044064,24320,2,2,2,0,0,1,0,1,1,0,true,false,1,unique_nonreserved_sink,NumStability.Wave14.sylvesterVecCoeff_triangular_backSub_componentwise_residual,B_unique_nonreserved_sink,NumStability.Wave14.sylvesterVecCoeff_triangular_backSub_componentwise_residual | NumStability.Wave14.H16_eq16_8_sylvesterVecCoeff_triangular_backSub_componentwise_residual
045daf28056a6e4358d5de7c22c7a9d7acc2e80e,496,f3d386ba85950f056f572914cb351114c5a94f98aab6d22cc548ec664c4de447,2017155998,23727,2,2,2,0,0,1,0,1,1,0,true,false,1,unique_nonreserved_sink,NumStability.sylvester_practical_error_bound_of_vecCoeff_det_ne_zero_computed_residual_frobenius_error_model,B_unique_nonreserved_sink,NumStability.sylvester_practical_error_bound_of_vecCoeff_det_ne_zero_computed_residual_frobenius_error_model | NumStability.H16_eq16_29_sylvester_practical_error_bound_of_vecCoeff_det_ne_zero_computed_residual_frobenius_error_model
045daf28056a6e4358d5de7c22c7a9d7acc2e80e,518,f3edf845e5cf41813353c1946af42640e79e4331a9531b46ae73e5dcd5556c78,2058879557,24861,2,1,2,0,0,1,0,0,1,0,true,false,1,unique_nonreserved_sink,NumStability.sylvester_quasiSchur_blockTraversal_solution_of_twoBlockSpectral_complex_root_separation_generated_step_formula,B_unique_nonreserved_sink,NumStability.H16_eq16_4_8_sylvester_quasiSchur_blockTraversal_solution_of_twoBlockSpectral_complex_root_separation_generated_step_formula | NumStability.sylvester_quasiSchur_blockTraversal_solution_of_twoBlockSpectral_complex_root_separation_generated_step_formula
045daf28056a6e4358d5de7c22c7a9d7acc2e80e,471,f429cd1fa9d3bd4121c9b74a766a3f1b0d03318f0eada4dba6d22e3e58b0c28f,1939172583,3143,2,2,2,0,0,1,0,1,2,0,true,false,1,unique_nonreserved_sink,NumStability.lu_perturbation_relative_bound,B_unique_nonreserved_sink,NumStability.lu_perturbation_relative_bound | NumStability.higham9_15_lu_perturbation_relative_bound
045daf28056a6e4358d5de7c22c7a9d7acc2e80e,133,f438d03004d2a47063722cc581d8b94176a35180c446222e761a2a769837800e,1137098929,26526,2,2,2,0,0,1,0,1,1,0,true,false,1,unique_nonreserved_sink,NumStability.sylvester_practical_error_bound_of_vecCoeff_gram_eigenvalues_computed_residual_budget,B_unique_nonreserved_sink,NumStability.sylvester_practical_error_bound_of_vecCoeff_gram_eigenvalues_computed_residual_budget | NumStability.H16_eq16_29_sylvester_practical_error_bound_of_vecCoeff_gram_eigenvalues_computed_residual_budget
045daf28056a6e4358d5de7c22c7a9d7acc2e80e,1601,f44e8707167c84b2c336212469ab8b968f6cd8ddf0b12a4a2144f505c5f4eb16,750010926,24585,2,2,2,0,0,1,0,1,1,0,true,false,1,unique_nonreserved_sink,NumStability.lyapunovBackwardScalarEq_iff_residual_eq,B_unique_nonreserved_sink,NumStability.lyapunovBackwardScalarEq_iff_residual_eq | NumStability.H16_eq16_21_lyapunovBackwardScalarEq_iff_residual_eq
045daf28056a6e4358d5de7c22c7a9d7acc2e80e,1298,f462c1ed374ebfa1f278ec257338ab2a12da123d20cf34a460c3574f9a8bb35b,3869121702,113,2,2,2,0,0,1,0,1,2,0,true,false,1,unique_nonreserved_sink,NumStability.gamma_le_two_mul_n_u_of_nu_le_half,B_unique_nonreserved_sink,NumStability.gamma_le_two_mul_n_u_of_nu_le_half | NumStability.Ch14Ext.ch14ext_gje_forward_first_coeff
045daf28056a6e4358d5de7c22c7a9d7acc2e80e,304,f4b9bf2b180dc93815f49d8535b319f425a68f8d7fc142755d01ac3910004ed3,1571680671,7949,2,2,2,0,0,1,0,1,2,0,true,false,1,unique_nonreserved_sink,NumStability.commonR_difference_product_eq_perturbation_difference,B_unique_nonreserved_sink,NumStability.commonR_difference_product_eq_perturbation_difference | H19.Theorem19_13.commonR_difference_product_eq_perturbation_difference
045daf28056a6e4358d5de7c22c7a9d7acc2e80e,1564,f4e3acde9a1f6e51d8e31cc368265a5223c5e588e65e59c5f9fb18071763f09c,662692415,3492,2,2,2,0,0,1,0,1,2,0,true,false,1,unique_nonreserved_sink,NumStability.cholesky_failure_condition,B_unique_nonreserved_sink,NumStability.cholesky_failure_condition | NumStability.higham10_7_failure_condition
045daf28056a6e4358d5de7c22c7a9d7acc2e80e,1500,f4f11551f711e6aa15871ab4c78e85734397b5716ae6376acc5f19e79a1468ac,508729294,26492,2,2,2,0,0,1,0,1,2,0,true,false,1,unique_nonreserved_sink,NumStability.sylvester_relative_error_le_of_sepLowerBound_computed_residual_error_model,B_unique_nonreserved_sink,NumStability.sylvester_relative_error_le_of_sepLowerBound_computed_residual_error_model | NumStability.H16_eq16_29_sylvester_relative_error_le_of_sepLowerBound_computed_residual_error_model
045daf28056a6e4358d5de7c22c7a9d7acc2e80e,342,f512b98c9e6ea1348fdf6ef1085bf86706ada173d0b0240a9b6618e2e6cc58b3,1645191938,31592,2,1,2,0,0,1,0,0,1,0,true,false,1,unique_nonreserved_sink,NumStability.lyapunov_practical_error_bound_fl_of_vecCoeff_sigmaMin_scalar,B_unique_nonreserved_sink,NumStability.H16_eq16_29_lyapunov_practical_error_bound_fl_of_vecCoeff_sigmaMin_scalar | NumStability.lyapunov_practical_error_bound_fl_of_vecCoeff_sigmaMin_scalar
045daf28056a6e4358d5de7c22c7a9d7acc2e80e,976,f54b6fd44ae9c7073d215e51ffdc9a0badec334889715ffeb59128b71a21d1c4,3101547967,26497,2,2,2,0,0,1,0,1,1,0,true,false,1,unique_nonreserved_sink,NumStability.lyapunov_practical_error_bound_of_sepLowerBound_computed_residual_error_model_mono_scalar,B_unique_nonreserved_sink,NumStability.lyapunov_practical_error_bound_of_sepLowerBound_computed_residual_error_model_mono_scalar | NumStability.H16_eq16_29_lyapunov_practical_error_bound_of_sepLowerBound_computed_residual_error_model_mono_scalar
045daf28056a6e4358d5de7c22c7a9d7acc2e80e,1165,f57631a30fd484acc24689c314f21c0b7ccb3ed483ca7c5d3c59a6463e6105bc,3538849296,18799,2,1,2,0,0,1,0,0,2,0,true,false,1,unique_nonreserved_sink,NumStability.higham11_4_bunch_kaufman_solve_backward_error_of_blockDiagonalD_and_tail_L_row_sum_bound_tail_recursive_maxEntryNorm_A,B_unique_nonreserved_sink,NumStability.higham11_4_bunch_kaufman_solve_backward_error_interface_of_blockDiagonalD_and_tail_L_row_sum_bound_tail_recursive_maxEntryNorm_A | NumStability.higham11_4_bunch_kaufman_solve_backward_error_of_blockDiagonalD_and_tail_L_row_sum_bound_tail_recursive_maxEntryNorm_A
045daf28056a6e4358d5de7c22c7a9d7acc2e80e,212,f5918e2fcebf34b03b95e871f49e0ab0788935f6e58714855b9bccd2db67432e,1334013272,26559,2,2,2,0,0,1,0,1,1,0,true,false,1,unique_nonreserved_sink,NumStability.exists_sylvesterSep_minimizer,B_unique_nonreserved_sink,NumStability.exists_sylvesterSep_minimizer | NumStability.H16_eq16_26_exists_sylvesterSep_minimizer
045daf28056a6e4358d5de7c22c7a9d7acc2e80e,274,f592935ad9854464f46bfd7d508ab9c9c5e6c9be37fd9c0221b4bbc229b4ee53,1479347986,31686,2,1,2,0,0,1,0,0,2,0,true,false,1,unique_nonreserved_sink,NumStability.sylvester_practical_error_bound_fl_of_pos_le_sylvesterSepInf_scalar,B_unique_nonreserved_sink,NumStability.H16_eq16_29_sylvester_practical_error_bound_fl_of_pos_le_sylvesterSepInf_scalar | NumStability.sylvester_practical_error_bound_fl_of_pos_le_sylvesterSepInf_scalar
045daf28056a6e4358d5de7c22c7a9d7acc2e80e,886,f5df4039cb40939230f00aff5d7da5adcc4cabc1ae7dbc8d309ea979010f6cf1,2898351941,15822,2,1,2,0,0,1,0,0,1,0,true,false,1,unique_nonreserved_sink,NumStability.higham9_15_normwise_source_bound_of_factorization_init_min_factor_bound_opNorm_product_lt_of_factor_triangularity,B_unique_nonreserved_sink,NumStability.higham9_15_normwise_source_bound_of_factorization_G_init_min_factor_bound_opNorm_product_lt_of_factor_triangularity | NumStability.higham9_15_normwise_source_bound_of_factorization_init_min_factor_bound_opNorm_product_lt_of_factor_triangularity
045daf28056a6e4358d5de7c22c7a9d7acc2e80e,208,f5ec875a253e2508c7200e3d8b14b6ae1de1a180418ba39d64ad6a57e060b8b7,1324555902,31770,2,1,2,0,0,1,0,0,1,0,true,false,1,unique_nonreserved_sink,NumStability.Wave15.sylvesterVecCoeff_quasiTriangular_blockBackSub_componentwise_error_and_residual_with_growthTerm,B_unique_nonreserved_sink,NumStability.Wave15.H16_eq16_7_8_quasi_sylvesterVecCoeff_blockBackSub_componentwise_error_and_residual_with_growthTerm | NumStability.Wave15.sylvesterVecCoeff_quasiTriangular_blockBackSub_componentwise_error_and_residual_with_growthTerm
045daf28056a6e4358d5de7c22c7a9d7acc2e80e,1475,f5f77c3a50a659ea0fb0fc1a9e51e0149072b7a4c0889d89de1e37c4c30437dd,459109455,3610,2,2,2,0,0,0,0,2,2,0,true,false,1,unique_nonreserved_sink,NumStability.symmetric_skew_decomposition,B_unique_nonreserved_sink,NumStability.symmetric_skew_decomposition | NumStability.higham10_29_symmetric_skew_decomposition
045daf28056a6e4358d5de7c22c7a9d7acc2e80e,616,f5ff10894486e04322e6522a3ee65383bdee0fb1902e300f0a6a9c9c87a43373,2270691507,26453,2,2,2,0,0,1,0,1,1,0,true,false,1,unique_nonreserved_sink,NumStability.sylvester_practical_error_bound_of_vecCoeff_sigmaMin_computed_residual_error_model,B_unique_nonreserved_sink,NumStability.sylvester_practical_error_bound_of_vecCoeff_sigmaMin_computed_residual_error_model | NumStability.H16_eq16_29_sylvester_practical_error_bound_of_vecCoeff_sigmaMin_computed_residual_error_model
045daf28056a6e4358d5de7c22c7a9d7acc2e80e,484,f6129a703e82b8bbdf861b52add65aebbf1a6ba8053c87082dc81572317f5ffc,1980095836,16196,2,1,2,0,0,1,0,0,1,0,true,false,1,unique_nonreserved_sink,NumStability.higham9_15_normwise_source_bound_of_factorization_init_residual_zero_opNorm_of_matrix_inverse_identities,B_unique_nonreserved_sink,NumStability.higham9_15_normwise_source_bound_of_factorization_G_init_residual_zero_opNorm_of_matrix_inverse_identities | NumStability.higham9_15_normwise_source_bound_of_factorization_init_residual_zero_opNorm_of_matrix_inverse_identities
045daf28056a6e4358d5de7c22c7a9d7acc2e80e,328,f652d4b01af6a53aa755ebad4e9a57913089a4977f2dde88d6ed0088a1c2009a,1622516569,24530,2,2,2,0,0,1,0,1,1,0,true,false,1,unique_nonreserved_sink,NumStability.sylvesterAmplificationMu_square_eq,B_unique_nonreserved_sink,NumStability.sylvesterAmplificationMu_square_eq | NumStability.H16_eq16_19_sylvesterAmplificationMu_square_eq
045daf28056a6e4358d5de7c22c7a9d7acc2e80e,941,f6a54d37a23de4cb6483003d6160b71c7cf012d3c4266477f0969b74b6a69a51,3025158365,31517,2,1,2,0,0,1,0,0,1,0,true,false,1,unique_nonreserved_sink,NumStability.sylvesterSepInf_lyapunovSpectralDiagonal_ge_of_entrywise_abs_ge_of_pos_dim,B_unique_nonreserved_sink,NumStability.H16_eq16_26_sylvesterSepInf_lyapunovSpectralDiagonal_ge_of_entrywise_abs_ge_of_pos_dim | NumStability.sylvesterSepInf_lyapunovSpectralDiagonal_ge_of_entrywise_abs_ge_of_pos_dim
045daf28056a6e4358d5de7c22c7a9d7acc2e80e,1637,f6c4a756dd16156d1309572ef29e18886a660605597d1558767d7fe28eee7b0d,829532236,24584,2,2,2,0,0,1,0,1,1,0,true,false,1,unique_nonreserved_sink,NumStability.exists_lyapunovOptimalPerturbations,B_unique_nonreserved_sink,NumStability.exists_lyapunovOptimalPerturbations | NumStability.H16_eq16_21_exists_lyapunovOptimalPerturbations
045daf28056a6e4358d5de7c22c7a9d7acc2e80e,1111,f6dde73ecb2415148c6c6e17dd88247f90258663392b2060cca1846c43bd6f33,343113475,26507,2,2,2,0,0,1,0,1,1,0,true,false,1,unique_nonreserved_sink,NumStability.lyapunov_practical_error_bound_of_vecCoeff_det_ne_zero_computed_residual_error_model_mono_scalar,B_unique_nonreserved_sink,NumStability.lyapunov_practical_error_bound_of_vecCoeff_det_ne_zero_computed_residual_error_model_mono_scalar | NumStability.H16_eq16_29_lyapunov_practical_error_bound_of_vecCoeff_det_ne_zero_computed_residual_error_model_mono_scalar
045daf28056a6e4358d5de7c22c7a9d7acc2e80e,759,f71282d3b03ab335c141736e9f5fdeb0d35c559ba44a1e256c9ed5acb1caa62b,2573635273,31685,2,1,2,0,0,1,0,0,1,0,true,false,1,unique_nonreserved_sink,NumStability.sylvester_practical_error_bound_fl_of_vecCoeff_sigmaMin_mono_scalar,B_unique_nonreserved_sink,NumStability.H16_eq16_29_sylvester_practical_error_bound_fl_of_vecCoeff_sigmaMin_mono_scalar | NumStability.sylvester_practical_error_bound_fl_of_vecCoeff_sigmaMin_mono_scalar
045daf28056a6e4358d5de7c22c7a9d7acc2e80e,684,f81d9c459374ac5a0ee537e74a899b3a3b023fcad0846d8fe3dcf5478ed1e427,2404396755,16074,2,1,2,0,0,1,0,0,1,0,true,false,1,unique_nonreserved_sink,NumStability.higham9_15_normwise_source_bound_of_factorization_init_linear_step_opNorm_of_matrix_inverse_identities_product_lt_one_residual,B_unique_nonreserved_sink,NumStability.higham9_15_normwise_source_bound_of_factorization_G_init_linear_step_opNorm_of_matrix_inverse_identities_product_lt_one_residual | NumStability.higham9_15_normwise_source_bound_of_factorization_init_linear_step_opNorm_of_matrix_inverse_identities_product_lt_one_residual
045daf28056a6e4358d5de7c22c7a9d7acc2e80e,564,f85eb7e05c9b499730352bfe19ab9067245587d4543be37ad3100039078b8d9e,21856938,24309,2,2,2,0,0,1,0,1,1,0,true,false,1,unique_nonreserved_sink,NumStability.isSylvesterQuasiSchurGeneratedStepFormula_of_column_family_generated_prefix,B_unique_nonreserved_sink,NumStability.isSylvesterQuasiSchurGeneratedStepFormula_of_column_family_generated_prefix | NumStability.H16_eq16_4_8_isSylvesterQuasiSchurGeneratedStepFormula_of_column_family_generated_prefix
045daf28056a6e4358d5de7c22c7a9d7acc2e80e,73,f8c2a17e5309135838075fd51e67a9fe87ebac6de5367d63ddb45f7b1e418166,608367782,18520,3,3,3,0,0,1,0,1,3,0,true,false,1,unique_nonreserved_sink,NumStability.fl_oneByOne_solve_backward_error,B_unique_nonreserved_sink,NumStability.fl_oneByOne_solve_backward_error | NumStability.higham11_3_fl_oneByOne_solve_backward_error | NumStability.Ch14Ext.ch14ext_gjeFinalDivision_scalar_backward_error
045daf28056a6e4358d5de7c22c7a9d7acc2e80e,875,f8e2ad6c82dbcf2e574c23432a7e9cc89929e49e8d1a308f06128ac159254551,2870954624,26458,2,2,2,0,0,1,0,1,1,0,true,false,1,unique_nonreserved_sink,NumStability.lyapunov_practical_error_bound_of_vecCoeff_left_inverse_finiteOpNorm2Le_computed_residual_error_model_mono,B_unique_nonreserved_sink,NumStability.lyapunov_practical_error_bound_of_vecCoeff_left_inverse_finiteOpNorm2Le_computed_residual_error_model_mono | NumStability.H16_eq16_29_lyapunov_practical_error_bound_of_vecCoeff_left_inverse_finiteOpNorm2Le_computed_residual_error_model_mono
045daf28056a6e4358d5de7c22c7a9d7acc2e80e,958,f8e6ea17f8f7e6fc35e46189af77808bb10f58aff19dda4cd8327cbc1db23c46,3061372938,24103,2,2,2,0,0,1,0,1,1,0,true,false,1,unique_nonreserved_sink,NumStability.sylvesterTwoColumnBlockCoeff_block_and_det_ne_zero_of_quasiSchur_complex_delta_root_det_separation,B_unique_nonreserved_sink,NumStability.sylvesterTwoColumnBlockCoeff_block_and_det_ne_zero_of_quasiSchur_complex_delta_root_det_separation | NumStability.H16_eq16_4_8_sylvesterTwoColumnBlockCoeff_block_and_det_ne_zero_of_quasiSchur_complex_delta_root_det_separation
045daf28056a6e4358d5de7c22c7a9d7acc2e80e,855,f9510f06947825e2672c57045e3711f5c833919db8e8bde73301de60561f6246,2827287481,39192,2,2,2,0,0,1,0,1,2,0,true,false,1,unique_nonreserved_sink,NumStability.noGuard_forwardSub_backward_error,B_unique_nonreserved_sink,NumStability.higham8_problem8_1_noGuard_forwardSub_backward_error | NumStability.noGuard_forwardSub_backward_error
045daf28056a6e4358d5de7c22c7a9d7acc2e80e,628,f95f9c841275cd61bbe348196eda17c331d0f0c133d7167429680d4584da36fe,2282206593,18690,2,1,2,0,0,1,0,0,2,0,true,false,1,unique_nonreserved_sink,NumStability.higham11_4_bunch_kaufman_stability_of_blockDiagonalD_and_tail_L_row_sum_bound_tail_recursive_maxEntryNorm_A,B_unique_nonreserved_sink,NumStability.higham11_4_bunch_kaufman_stability_interface_of_blockDiagonalD_and_tail_L_row_sum_bound_tail_recursive_maxEntryNorm_A | NumStability.higham11_4_bunch_kaufman_stability_of_blockDiagonalD_and_tail_L_row_sum_bound_tail_recursive_maxEntryNorm_A
045daf28056a6e4358d5de7c22c7a9d7acc2e80e,1664,f9af07d0b5db711fbfe9b94f7cc727249af3526ce210bb3fbfb07f8bb2261afe,904287265,18951,2,1,2,0,0,0,0,0,2,0,true,false,1,unique_nonreserved_sink,NumStability.higham11_4_bunch_kaufman_solve_backward_error_of_path_local_L_row_sum_source_six_growth_bounds_maxEntryNorm_A,B_unique_nonreserved_sink,NumStability.higham11_4_bunch_kaufman_solve_backward_error_interface_of_path_local_L_row_sum_source_six_growth_bounds_maxEntryNorm_A | NumStability.higham11_4_bunch_kaufman_solve_backward_error_of_path_local_L_row_sum_source_six_growth_bounds_maxEntryNorm_A
045daf28056a6e4358d5de7c22c7a9d7acc2e80e,1270,f9c13532353e95b977192792afe55b57221dc168d64c8a72111c8b38dfecf1d3,3788326281,24214,2,2,2,0,0,1,0,1,2,0,true,false,1,unique_nonreserved_sink,NumStability.sylvester_practical_error_bound_of_realQuasiSchur_strictBlockMap_computed_residual_budget_mono_scalar,B_unique_nonreserved_sink,NumStability.sylvester_practical_error_bound_of_realQuasiSchur_strictBlockMap_computed_residual_budget_mono_scalar | NumStability.H16_eq16_29_realQuasiSchur_strictBlockMap_computed_residual_budget_mono_scalar
045daf28056a6e4358d5de7c22c7a9d7acc2e80e,1554,f9e59febaa5d693815d52345434c00db8b0ae7133ed19845edf048ee9cea7e77,643759817,31628,2,1,2,0,0,1,0,0,1,0,true,false,1,unique_nonreserved_sink,NumStability.isLyapunovComputedResidualBudget_fl,B_unique_nonreserved_sink,NumStability.H16_eq16_29_isLyapunovComputedResidualBudget_fl | NumStability.isLyapunovComputedResidualBudget_fl
045daf28056a6e4358d5de7c22c7a9d7acc2e80e,431,fa16751cb44bf46c3d03293941d07b03f63b4c4a7e5bcf97d8b9b2eb699555e4,1831492823,31676,2,1,2,0,0,1,0,0,1,0,true,false,1,unique_nonreserved_sink,NumStability.lyapunov_practical_error_bound_fl_of_sepLowerBound_mono_scalar,B_unique_nonreserved_sink,NumStability.H16_eq16_29_lyapunov_practical_error_bound_fl_of_sepLowerBound_mono_scalar | NumStability.lyapunov_practical_error_bound_fl_of_sepLowerBound_mono_scalar
045daf28056a6e4358d5de7c22c7a9d7acc2e80e,440,fa2530b4834a72bcb27f85c4c19d47247529f7259f52de11dd490bc2b747297c,1862119697,24862,2,1,2,0,0,1,0,0,1,0,true,false,1,unique_nonreserved_sink,NumStability.sylvester_quasiSchur_singleton_column_eq_of_nonsingInv_of_solution_prev_columns_eq,B_unique_nonreserved_sink,NumStability.H16_eq16_4_8_sylvester_quasiSchur_singleton_column_eq_of_nonsingInv_of_solution_prev_columns_eq | NumStability.sylvester_quasiSchur_singleton_column_eq_of_nonsingInv_of_solution_prev_columns_eq
045daf28056a6e4358d5de7c22c7a9d7acc2e80e,1075,fa2b71ccfab742812262acc5146875057e3fa4b3feb04231b2e4e66bc843f887,336325352,18715,2,1,2,0,0,1,0,0,2,0,true,false,1,unique_nonreserved_sink,NumStability.higham11_4_bunch_kaufman_solve_backward_error_of_blockDiagonalD_and_tail_L_row_sum_bound_first_stage_recursive_maxEntryNorm_A_product,B_unique_nonreserved_sink,NumStability.higham11_4_bunch_kaufman_solve_backward_error_interface_of_blockDiagonalD_and_tail_L_row_sum_bound_first_stage_recursive_maxEntryNorm_A_product | NumStability.higham11_4_bunch_kaufman_solve_backward_error_of_blockDiagonalD_and_tail_L_row_sum_bound_first_stage_recursive_maxEntryNorm_A_product
045daf28056a6e4358d5de7c22c7a9d7acc2e80e,1698,fa56fef2a593b11db10d5cff4a59f4f8a06afcabb57e30e17596b868349ac1c1,973682142,26177,2,2,2,0,0,1,0,1,1,0,true,false,1,unique_nonreserved_sink,NumStability.lyapunov_perturbation_bound_of_vecCoeff_sigmaMin_total,B_unique_nonreserved_sink,NumStability.lyapunov_perturbation_bound_of_vecCoeff_sigmaMin_total | NumStability.H16_eq16_27_lyapunov_perturbation_bound_of_vecCoeff_sigmaMin_total
045daf28056a6e4358d5de7c22c7a9d7acc2e80e,698,fa9feeb6ef4e797f50c46f07fe2b3e8266e210602694aa68e9e1b6f956dad81f,2434906373,24433,2,2,2,0,0,1,0,1,1,0,true,false,1,unique_nonreserved_sink,NumStability.sylvesterSepRatios_nonempty_of_pos_dim,B_unique_nonreserved_sink,NumStability.sylvesterSepRatios_nonempty_of_pos_dim | NumStability.H16_eq16_26_sylvesterSepRatios_nonempty_of_pos_dim
045daf28056a6e4358d5de7c22c7a9d7acc2e80e,881,faed16e0338aeb449e3254182d8affb8729bcf395055d4a77662260b66dcc0fd,288899912,24688,2,1,2,0,0,1,0,0,1,0,true,false,1,unique_nonreserved_sink,NumStability.sylvester_practical_error_bound_of_pos_le_sylvesterSepInf_computed_residual_budget_mono,B_unique_nonreserved_sink,NumStability.H16_eq16_29_sylvester_practical_error_bound_of_pos_le_sylvesterSepInf_computed_residual_budget_mono | NumStability.sylvester_practical_error_bound_of_pos_le_sylvesterSepInf_computed_residual_budget_mono
045daf28056a6e4358d5de7c22c7a9d7acc2e80e,292,fb2b221d4c828aec3880098690d98cebbbc487e87bbdd0d455e1558568aa6782,1531773407,23832,2,2,2,0,0,1,0,1,2,0,true,false,1,unique_nonreserved_sink,NumStability.sylvesterVecCoeff_singular_of_common_left_eigenvalue,B_unique_nonreserved_sink,NumStability.sylvesterVecCoeff_singular_of_common_left_eigenvalue | NumStability.H16_eq16_3_sylvesterVecCoeff_singular_of_common_left_eigenvalue
045daf28056a6e4358d5de7c22c7a9d7acc2e80e,1666,fb6396361c8f43da1af4397f970e37e261c9df8a5724ffd8c817450bba93a111,904635906,26115,2,2,2,0,0,1,0,1,2,0,true,false,1,unique_nonreserved_sink,NumStability.sylvesterSepInf_ge_of_sigmaMin,B_unique_nonreserved_sink,NumStability.sylvesterSepInf_ge_of_sigmaMin | NumStability.H16_eq16_26_sylvesterSepInf_ge_of_sigmaMin
045daf28056a6e4358d5de7c22c7a9d7acc2e80e,1327,fbbc45b3f02f2bbe4f60afa28361e13685a0e9b51eb340c754147a41df18c42b,3935820417,24903,2,1,2,0,0,1,0,0,1,0,true,false,1,unique_nonreserved_sink,NumStability.sylvester_practical_error_bound_of_no_common_complex_right_eigenvalue_schur_transform_residual_bound_mono,B_unique_nonreserved_sink,NumStability.H16_eq16_29_sylvester_practical_error_bound_of_no_common_complex_right_eigenvalue_schur_transform_residual_bound_mono | NumStability.sylvester_practical_error_bound_of_no_common_complex_right_eigenvalue_schur_transform_residual_bound_mono
045daf28056a6e4358d5de7c22c7a9d7acc2e80e,1068,fbc4a2b50f128e443f98a1040062db4bc821c4a49268c7060b915a6f2ce84a8a,3352385263,42802,2,2,2,0,0,1,0,1,2,0,true,false,1,unique_nonreserved_sink,NumStability.eq_11_15,B_unique_nonreserved_sink,NumStability.eq_11_15 | NumStability.higham12_17_update_bound
045daf28056a6e4358d5de7c22c7a9d7acc2e80e,720,fc0c3fe2c563825af9ab72705c4eca34effa962c3eb5e69c1ad47aba5674afc9,2480118810,26529,2,2,2,0,0,1,0,1,1,0,true,false,1,unique_nonreserved_sink,NumStability.sylvester_practical_error_bound_of_operator_sigmaMin_computed_residual_error_model_scalar,B_unique_nonreserved_sink,NumStability.sylvester_practical_error_bound_of_operator_sigmaMin_computed_residual_error_model_scalar | NumStability.H16_eq16_29_sylvester_practical_error_bound_of_operator_sigmaMin_computed_residual_error_model_scalar
045daf28056a6e4358d5de7c22c7a9d7acc2e80e,873,fc4d2cfbad5114518d1198c1ce7dc9b5da0c7bb0d7a62ddf4ad9e5ef8eb8ddb3,2861806705,24637,2,2,2,0,0,1,0,1,1,0,true,false,1,unique_nonreserved_sink,NumStability.lyapunov_aposteriori_bound_of_sepLowerBound,B_unique_nonreserved_sink,NumStability.lyapunov_aposteriori_bound_of_sepLowerBound | NumStability.H16_eq16_28_lyapunov_aposteriori_bound_of_sepLowerBound
045daf28056a6e4358d5de7c22c7a9d7acc2e80e,1174,fc50bb4eca0d83458a7bdd4dacaf0429a37f941d2cb3915da1b11e3c42e40434,3553652821,26462,2,2,2,0,0,1,0,1,2,0,true,false,1,unique_nonreserved_sink,NumStability.lyapunov_relative_error_le_of_sepLowerBound_computed_residual_error_model,B_unique_nonreserved_sink,NumStability.lyapunov_relative_error_le_of_sepLowerBound_computed_residual_error_model | NumStability.H16_eq16_29_lyapunov_relative_error_le_of_sepLowerBound_computed_residual_error_model
045daf28056a6e4358d5de7c22c7a9d7acc2e80e,754,fce64d69aff4ca9508535d1152e536c53b3e544f27c14bd816754b93f0f519b2,2569969444,6911,2,2,2,0,0,1,0,1,2,0,true,false,1,unique_nonreserved_sink,NumStability.fl_householderStoredTrailingPanel_sequence_diag_nonzero_of_span_nonbreakdown_leading_dual_norm_budget,B_unique_nonreserved_sink,NumStability.fl_householderStoredTrailingPanel_sequence_diag_nonzero_of_span_nonbreakdown_leading_dual_norm_budget | H19.Theorem19_6.stored_panel_sequence_diag_nonzero_of_span_nonbreakdown_leading_dual_norm_budget
045daf28056a6e4358d5de7c22c7a9d7acc2e80e,870,fd2f572aadd0838611cbe3ce91186d62cbf5d89fe02d3251b6350af8a030bc3e,2853815937,31690,2,1,2,0,0,1,0,0,1,0,true,false,1,unique_nonreserved_sink,NumStability.lyapunov_practical_error_bound_fl_of_vecCoeff_gram_eigenvalues_scalar,B_unique_nonreserved_sink,NumStability.H16_eq16_29_lyapunov_practical_error_bound_fl_of_vecCoeff_gram_eigenvalues_scalar | NumStability.lyapunov_practical_error_bound_fl_of_vecCoeff_gram_eigenvalues_scalar
045daf28056a6e4358d5de7c22c7a9d7acc2e80e,1454,fd57c31a8012c2131d45cd6ce1a24d9d09b8c7a9e45e30758ea9c39ee30cb61c,4279760592,16477,2,1,2,0,0,1,0,0,1,0,true,false,1,unique_nonreserved_sink,NumStability.higham9_15_normwise_source_bound_of_factorization_left_zero_opNorm_exact_opNorm2_of_factor_triangularity,B_unique_nonreserved_sink,NumStability.higham9_15_normwise_source_bound_of_factorization_G_left_zero_opNorm_exact_opNorm2_of_factor_triangularity | NumStability.higham9_15_normwise_source_bound_of_factorization_left_zero_opNorm_exact_opNorm2_of_factor_triangularity
045daf28056a6e4358d5de7c22c7a9d7acc2e80e,1610,fd5d5b2926ea9be5e8939a568620b8e2d269fd98aa85351692e0c1ebf98c9842,768640340,26218,2,2,2,0,0,1,0,1,1,0,true,false,1,unique_nonreserved_sink,NumStability.sylvesterVecCoeff_lyapunovSpecial_eq_nonsingInv_mulVec_of_mulVec_eq_of_pos_le_sylvesterSepInf,B_unique_nonreserved_sink,NumStability.sylvesterVecCoeff_lyapunovSpecial_eq_nonsingInv_mulVec_of_mulVec_eq_of_pos_le_sylvesterSepInf | NumStability.H16_eq16_2_27_sylvesterVecCoeff_lyapunovSpecial_eq_nonsingInv_mulVec_of_mulVec_eq_of_pos_le_sylvesterSepInf
045daf28056a6e4358d5de7c22c7a9d7acc2e80e,1398,fda27156607231b0d6a452308371f572374924a7f8677b10825931a3d2fd430e,4160756987,24851,2,1,2,0,0,1,0,0,1,0,true,false,1,unique_nonreserved_sink,NumStability.sylvester_quasiSchur_blockTraversal_original_solution_eq_of_twoBlockSpectral_no_common_singleton_frontier_step_oracle,B_unique_nonreserved_sink,NumStability.H16_eq16_4_8_sylvester_quasiSchur_blockTraversal_original_solution_eq_of_twoBlockSpectral_no_common_singleton_frontier_step_oracle | NumStability.sylvester_quasiSchur_blockTraversal_original_solution_eq_of_twoBlockSpectral_no_common_singleton_frontier_step_oracle
045daf28056a6e4358d5de7c22c7a9d7acc2e80e,1278,fdbe4e6559ebde6f9158d62433c70bb10e876689abece73dca9a25f6a29076a5,3804537771,23743,2,2,2,0,0,1,0,1,1,0,true,false,1,unique_nonreserved_sink,NumStability.sylvesterComputedResidualBudget_of_error_model,B_unique_nonreserved_sink,NumStability.sylvesterComputedResidualBudget_of_error_model | NumStability.H16_eq16_29_sylvesterComputedResidualBudget_of_error_model
045daf28056a6e4358d5de7c22c7a9d7acc2e80e,1304,fdd622ae9a156cca25b21f5f1b11b27c2e76cdf5ef82f95edad3a9e79ef9eeb1,3889605665,26223,2,2,2,0,0,1,0,1,1,0,true,false,1,unique_nonreserved_sink,NumStability.sylvesterVecCoeff_lyapunovSpecial_nonsingInv_mulVec_mulVec_of_pos_le_sylvesterSepInf,B_unique_nonreserved_sink,NumStability.sylvesterVecCoeff_lyapunovSpecial_nonsingInv_mulVec_mulVec_of_pos_le_sylvesterSepInf | NumStability.H16_eq16_2_27_sylvesterVecCoeff_lyapunovSpecial_nonsingInv_mulVec_mulVec_of_pos_le_sylvesterSepInf
045daf28056a6e4358d5de7c22c7a9d7acc2e80e,26,fde13b9731c205a9a915fba6e3e98946d76395833273217a8e180e248aee686f,3431097047,3442,4,3,4,0,0,3,0,1,4,0,true,false,1,unique_nonreserved_sink,NumStability.diagDom_lu_solve_backward_stable_tight,B_unique_nonreserved_sink,NumStability.diagDom_lu_solve_backward_stable_tight | NumStability.higham9_9_diagDom_lu_solve_backward_stable_tight | NumStability.higham9_11_bandwidth_one_bohte_solve_tight | NumStability.higham9_11_tridiagonal_bohte_solve_tight
045daf28056a6e4358d5de7c22c7a9d7acc2e80e,984,fe6bb119305ca11e6e4f7b63f18f9b8d938d59ee0714f241d138f43dc2aa8173,3122633666,26535,2,2,2,0,0,1,0,1,1,0,true,false,1,unique_nonreserved_sink,NumStability.sylvester_practical_error_bound_of_vecCoeff_sigmaMin_computed_residual_budget_mono_scalar,B_unique_nonreserved_sink,NumStability.sylvester_practical_error_bound_of_vecCoeff_sigmaMin_computed_residual_budget_mono_scalar | NumStability.H16_eq16_29_sylvester_practical_error_bound_of_vecCoeff_sigmaMin_computed_residual_budget_mono_scalar
045daf28056a6e4358d5de7c22c7a9d7acc2e80e,1122,fe9b8eb34e4788539e4283264fcefd7f334f16869f311467fcc8f1c50622b82c,3456048305,26124,2,2,2,0,0,1,0,1,2,0,true,false,1,unique_nonreserved_sink,NumStability.sylvester_relative_error_le_of_pos_le_sylvesterSepInf_residual_budget,B_unique_nonreserved_sink,NumStability.sylvester_relative_error_le_of_pos_le_sylvesterSepInf_residual_budget | NumStability.H16_eq16_28_sylvester_relative_error_le_of_pos_le_sylvesterSepInf_residual_budget
045daf28056a6e4358d5de7c22c7a9d7acc2e80e,580,feabc99a2d5a55688d7bf3ba7418cd1ec9fcba7efc0d87c0af4dac6584496062,22098294,26203,2,2,2,0,0,1,0,1,1,0,true,false,1,unique_nonreserved_sink,NumStability.sylvester_aposteriori_bound_of_vecCoeff_left_inverse_finiteOpNorm2Le,B_unique_nonreserved_sink,NumStability.sylvester_aposteriori_bound_of_vecCoeff_left_inverse_finiteOpNorm2Le | NumStability.H16_eq16_28_sylvester_aposteriori_bound_of_vecCoeff_left_inverse_finiteOpNorm2Le
045daf28056a6e4358d5de7c22c7a9d7acc2e80e,748,febc4536fda99717944b4d8a28f438709b0f7dd53d781ac2d1b917d394762480,2552882870,19102,2,1,2,0,0,1,0,0,2,0,true,false,1,unique_nonreserved_sink,NumStability.higham11_4_bunch_kaufman_solve_backward_error_of_first_stage_recursive_higham_const_split_L_entry_exact_budgets,B_unique_nonreserved_sink,NumStability.higham11_4_bunch_kaufman_solve_backward_error_interface_of_first_stage_recursive_higham_const_split_L_entry_exact_budgets | NumStability.higham11_4_bunch_kaufman_solve_backward_error_of_first_stage_recursive_higham_const_split_L_entry_exact_budgets
045daf28056a6e4358d5de7c22c7a9d7acc2e80e,675,febfc67cedb8c7ed72edf2a92e4d4afda74f6f9eb149430645dddde9831919e8,2394819178,23692,2,2,2,0,0,1,0,1,1,0,true,false,1,unique_nonreserved_sink,NumStability.sylvester_practical_error_bound_of_vecCoeff_det_ne_zero_computed_residual_frobenius_error_model_mono,B_unique_nonreserved_sink,NumStability.sylvester_practical_error_bound_of_vecCoeff_det_ne_zero_computed_residual_frobenius_error_model_mono | NumStability.H16_eq16_29_sylvester_practical_error_bound_of_vecCoeff_det_ne_zero_computed_residual_frobenius_error_model_mono
045daf28056a6e4358d5de7c22c7a9d7acc2e80e,817,fee6f633a48e751b4609035135fd5a6f943856ad835eeec70eb555b2e0cb7fa4,2735340358,19019,2,1,2,0,0,1,0,0,2,0,true,false,1,unique_nonreserved_sink,NumStability.higham11_4_bunch_kaufman_solve_backward_error_of_first_stage_recursive_higham_const_uniform_row_sum_exact_budgets,B_unique_nonreserved_sink,NumStability.higham11_4_bunch_kaufman_solve_backward_error_interface_of_first_stage_recursive_higham_const_uniform_row_sum_exact_budgets | NumStability.higham11_4_bunch_kaufman_solve_backward_error_of_first_stage_recursive_higham_const_uniform_row_sum_exact_budgets
045daf28056a6e4358d5de7c22c7a9d7acc2e80e,1086,fef9e8ff9a0d049a40c8650e575cd13bd0436120437bb9d55a0e9fb97fe5b748,3384249441,31586,2,1,2,0,0,1,0,0,1,0,true,false,1,unique_nonreserved_sink,NumStability.Wave17.sylvesterHessenbergShiftedColumn_roundedGEPP_backward_error_maxEntryNorm,B_unique_nonreserved_sink,NumStability.Wave17.H16_eq16_7_sylvesterHessenbergShiftedColumn_roundedGEPP_backward_error_maxEntryNorm | NumStability.Wave17.sylvesterHessenbergShiftedColumn_roundedGEPP_backward_error_maxEntryNorm
045daf28056a6e4358d5de7c22c7a9d7acc2e80e,1514,ff77f875b482c5170ceea8ef0b01d0dc2dbe9093998de20d63137ba35d8b9c46,544264772,23685,2,2,2,0,0,1,0,1,2,0,true,false,1,unique_nonreserved_sink,NumStability.sylvester_practical_error_bound_of_computed_residual_error_model_scalar,B_unique_nonreserved_sink,NumStability.sylvester_practical_error_bound_of_computed_residual_error_model_scalar | NumStability.H16_eq16_29_sylvester_practical_error_bound_of_computed_residual_error_model_scalar
045daf28056a6e4358d5de7c22c7a9d7acc2e80e,1662,ff91647c0e2bdc6762478ad47392cee3babc7bd33c93deb9fb8cc37212c0081f,896233155,24518,2,2,2,0,0,1,0,1,1,0,true,false,1,unique_nonreserved_sink,NumStability.svdOptimalDeltaC_frobNormSq_le_xiSq,B_unique_nonreserved_sink,NumStability.svdOptimalDeltaC_frobNormSq_le_xiSq | NumStability.H16_eq16_15_svdOptimalDeltaC_frobNormSq_le_xiSq
045daf28056a6e4358d5de7c22c7a9d7acc2e80e,1135,ff96dbb981bcc60de5dcd4826af68de8fa0ba8b3ea3487074665ee815ab1db58,3492147996,18568,2,1,2,0,0,1,0,0,2,0,true,false,1,unique_nonreserved_sink,NumStability.higham11_4_bunch_kaufman_solve_backward_error_of_first_stage_recursive_uniform_six_row_sum_normalized_prefix_growth_D_maxEntryNorm_bound,B_unique_nonreserved_sink,NumStability.higham11_4_bunch_kaufman_solve_backward_error_interface_of_first_stage_recursive_uniform_six_row_sum_normalized_prefix_growth_D_maxEntryNorm_bound | NumStability.higham11_4_bunch_kaufman_solve_backward_error_of_first_stage_recursive_uniform_six_row_sum_normalized_prefix_growth_D_maxEntryNorm_bound
045daf28056a6e4358d5de7c22c7a9d7acc2e80e,1331,ffa292739e33df5e7742f3640773531ae12fed2a92ab572784b97d0061f4f6c5,3945088652,26384,2,2,2,0,0,1,0,1,1,0,true,false,1,unique_nonreserved_sink,NumStability.lyapunovVecCoeff_mulVec_bijective_of_sepLowerBound,B_unique_nonreserved_sink,NumStability.lyapunovVecCoeff_mulVec_bijective_of_sepLowerBound | NumStability.H16_eq16_2_27_lyapunovVecCoeff_mulVec_bijective_of_sepLowerBound
045daf28056a6e4358d5de7c22c7a9d7acc2e80e,236,ffc5b8871ffc614c2d98e65088e357dcddaf53cfaa5e42ec0e70502468a8ad55,1376524792,15812,2,1,2,0,0,1,0,0,1,0,true,false,1,unique_nonreserved_sink,NumStability.higham9_15_normwise_source_bound_of_factorization_min_factor_bound_opNorm_product_lt,B_unique_nonreserved_sink,NumStability.higham9_15_normwise_source_bound_of_factorization_G_min_factor_bound_opNorm_product_lt | NumStability.higham9_15_normwise_source_bound_of_factorization_min_factor_bound_opNorm_product_lt
045daf28056a6e4358d5de7c22c7a9d7acc2e80e,1027,ffd6305c40c7eebc3b6077cb37a6f45ab8951b2bdff50e60d0a4d6c5a5bb98be,3249872177,24886,2,1,2,0,0,1,0,1,2,0,true,false,1,unique_nonreserved_sink,NumStability.sylvester_practical_error_bound_of_schurTriangular_computed_residual_certificate_scalar,B_unique_nonreserved_sink,NumStability.H16_eq16_29_schurTriangular_computed_residual_certificate_scalar | NumStability.sylvester_practical_error_bound_of_schurTriangular_computed_residual_certificate_scalar
045daf28056a6e4358d5de7c22c7a9d7acc2e80e,692,ffdc188c7cbda850a0735d7c2de33e3ef0986ea247378bd3c1229f1789802f08,2420581641,31788,2,1,2,0,0,1,0,0,1,0,true,false,1,unique_nonreserved_sink,NumStability.Wave16.higham16_eq16_8_suppliedSchur_completePivot_operational_residual_sum,B_unique_nonreserved_sink,NumStability.Wave16.H16_eq16_8_9_suppliedSchur_completePivot_operational_residual_sum | NumStability.Wave16.higham16_eq16_8_suppliedSchur_completePivot_operational_residual_sum
045daf28056a6e4358d5de7c22c7a9d7acc2e80e,774,fffc1d984682546684902782909033c5d6fea2cf7076bcf23f07c25b6db35953,2614237817,15260,2,1,2,0,0,1,0,0,2,0,true,false,1,unique_nonreserved_sink,NumStability.higham9_14_source_h_bound_of_RectDoolittleDenseLoopAbsBudgetCertificate_square_fl_triangular_solves_gamma_le,B_unique_nonreserved_sink,NumStability.higham9_14_source_h_bound_of_RectDoolittleDenseLoopAbsBudgetCertificate_square_fl_triangular_solves_absLU_le_absA_gamma_le | NumStability.higham9_14_source_h_bound_of_RectDoolittleDenseLoopAbsBudgetCertificate_square_fl_triangular_solves_gamma_le
045daf28056a6e4358d5de7c22c7a9d7acc2e80e,21,003cee0b8aefe6225f7e83ad9b765b828f0037fe12293400ae310aabc69c99f7,2990159707,24638,4,4,4,0,0,2,0,2,3,0,true,false,2,multiple_sinks,,C_ambiguous_forwarding_graph,NumStability.lyapunov_perturbation_bound_diagonal_of_vecCoeff_entrywise_abs_ge_total | NumStability.lyapunov_perturbation_bound_diagonal_total | NumStability.H16_eq16_27_lyapunov_perturbation_bound_diagonal_total | NumStability.H16_eq16_27_lyapunov_perturbation_bound_diagonal_of_vecCoeff_entrywise_abs_ge_total
045daf28056a6e4358d5de7c22c7a9d7acc2e80e,37,071412b841c26b6611110da7acdfb7bbf2bc24fb69f1bd144c25321f7ceaa11e,509341731,26327,4,2,4,0,0,2,0,2,2,0,true,false,2,multiple_sinks,,C_ambiguous_forwarding_graph,NumStability.lyapunovVecCoeff_mulVec_nonsingInv_mulVec_of_operator_sigmaMin | NumStability.lyapunovVecCoeff_nonsingInv_mulVec_solution_of_operator_sigmaMin | NumStability.H16_eq16_2_27_lyapunovVecCoeff_mulVec_nonsingInv_mulVec_of_operator_sigmaMin | NumStability.H16_eq16_2_27_lyapunovVecCoeff_nonsingInv_mulVec_solution_of_operator_sigmaMin
045daf28056a6e4358d5de7c22c7a9d7acc2e80e,18,0f6bc362302fcb238198d3dd9ef5826620d365bc604ed7321df218253eff303a,2900055763,26287,4,2,4,0,0,2,0,2,2,0,true,false,2,multiple_sinks,,C_ambiguous_forwarding_graph,NumStability.existsUnique_lyapunovVecCoeff_mulVec_of_operator_sigmaMin | NumStability.existsUnique_lyapunovVecCoeff_nonsingInv_mulVec_solution_of_operator_sigmaMin | NumStability.H16_eq16_2_27_existsUnique_lyapunovVecCoeff_mulVec_of_operator_sigmaMin | NumStability.H16_eq16_2_27_existsUnique_lyapunovVecCoeff_nonsingInv_mulVec_solution_of_operator_sigmaMin
045daf28056a6e4358d5de7c22c7a9d7acc2e80e,3,101755ea28d332df0b74dd441378fa1b77c25e620b14b1c5389c58f55fa58072,1251493380,26318,4,2,4,0,0,2,0,2,2,0,true,false,2,multiple_sinks,,C_ambiguous_forwarding_graph,NumStability.sylvesterVecCoeff_lyapunovSpecial_mulVec_nonsingInv_mulVec_of_pos_le_sylvesterSepInf | NumStability.sylvesterVecCoeff_lyapunovSpecial_nonsingInv_mulVec_solution_of_pos_le_sylvesterSepInf | NumStability.H16_eq16_2_27_sylvesterVecCoeff_lyapunovSpecial_mulVec_nonsingInv_mulVec_of_pos_le_sylvesterSepInf | NumStability.H16_eq16_2_27_sylvesterVecCoeff_lyapunovSpecial_nonsingInv_mulVec_solution_of_pos_le_sylvesterSepInf
045daf28056a6e4358d5de7c22c7a9d7acc2e80e,19,106f6bf7b2b46b5c39f4be7557af3863cb811df3d914cd590cdc876c4d69bcef,2931604751,24634,4,4,4,0,0,2,0,2,3,0,true,false,2,multiple_sinks,,C_ambiguous_forwarding_graph,NumStability.lyapunov_aposteriori_bound_diagonal_of_vecCoeff_entrywise_abs_ge_total | NumStability.lyapunov_aposteriori_bound_diagonal_total | NumStability.H16_eq16_28_lyapunov_aposteriori_bound_diagonal_total | NumStability.H16_eq16_28_lyapunov_aposteriori_bound_diagonal_of_vecCoeff_entrywise_abs_ge_total
045daf28056a6e4358d5de7c22c7a9d7acc2e80e,27,18a647e5cf4a7384cfae607633ba59cca2da8448170df906ba72df5c636d026f,3456412361,26379,4,2,4,0,0,2,0,2,2,0,true,false,2,multiple_sinks,,C_ambiguous_forwarding_graph,NumStability.lyapunovVecCoeff_mulVec_nonsingInv_mulVec_of_pos_le_sylvesterSepInf | NumStability.lyapunovVecCoeff_nonsingInv_mulVec_solution_of_pos_le_sylvesterSepInf | NumStability.H16_eq16_2_27_lyapunovVecCoeff_mulVec_nonsingInv_mulVec_of_pos_le_sylvesterSepInf | NumStability.H16_eq16_2_27_lyapunovVecCoeff_nonsingInv_mulVec_solution_of_pos_le_sylvesterSepInf
045daf28056a6e4358d5de7c22c7a9d7acc2e80e,16,1d953d7dc81192b49f2c271af03bc6cffb42b228be7286a876bdc8e2462a0aaa,2613642842,26351,4,2,4,0,0,2,0,2,2,0,true,false,2,multiple_sinks,,C_ambiguous_forwarding_graph,NumStability.existsUnique_sylvesterVecCoeff_lyapunovSpecial_mulVec_of_pos_le_sylvesterSepInf | NumStability.existsUnique_sylvesterVecCoeff_lyapunovSpecial_nonsingInv_mulVec_solution_of_pos_le_sylvesterSepInf | NumStability.H16_eq16_2_27_existsUnique_sylvesterVecCoeff_lyapunovSpecial_mulVec_of_pos_le_sylvesterSepInf | NumStability.H16_eq16_2_27_existsUnique_sylvesterVecCoeff_lyapunovSpecial_nonsingInv_mulVec_solution_of_pos_le_sylvesterSepInf
045daf28056a6e4358d5de7c22c7a9d7acc2e80e,24,1ec0e9541245acaa876d8930d21b5f73060e0dcb743f197dc2ed70f22f180603,313222658,24644,4,4,4,0,0,2,0,2,3,0,true,false,2,multiple_sinks,,C_ambiguous_forwarding_graph,NumStability.lyapunov_relative_aposteriori_bound_diagonal_of_vecCoeff_entrywise_abs_ge_total | NumStability.lyapunov_relative_aposteriori_bound_diagonal_total | NumStability.H16_eq16_28_lyapunov_relative_aposteriori_bound_diagonal_total | NumStability.H16_eq16_28_lyapunov_relative_aposteriori_bound_diagonal_of_vecCoeff_entrywise_abs_ge_total
045daf28056a6e4358d5de7c22c7a9d7acc2e80e,36,268be255bf1db532440d21808df498b5792645c449761588952f9521ef259327,4216549190,26304,4,2,4,0,0,2,0,2,2,0,true,false,2,multiple_sinks,,C_ambiguous_forwarding_graph,NumStability.sylvesterVecCoeff_lyapunovSpecial_mulVec_nonsingInv_mulVec_of_sepLowerBound | NumStability.sylvesterVecCoeff_lyapunovSpecial_nonsingInv_mulVec_solution_of_sepLowerBound | NumStability.H16_eq16_2_27_sylvesterVecCoeff_lyapunovSpecial_mulVec_nonsingInv_mulVec_of_sepLowerBound | NumStability.H16_eq16_2_27_sylvesterVecCoeff_lyapunovSpecial_nonsingInv_mulVec_solution_of_sepLowerBound
045daf28056a6e4358d5de7c22c7a9d7acc2e80e,15,2d50ecc57e8bc129b91229c4d2cf8771908ea5d89a4b013c5ae1d0ee09fcf648,2574938333,26169,4,2,4,0,0,2,0,2,2,0,true,false,2,multiple_sinks,,C_ambiguous_forwarding_graph,NumStability.sylvesterVecCoeff_lyapunovSpecial_mulVec_nonsingInv_mulVec_of_operator_sigmaMin | NumStability.sylvesterVecCoeff_lyapunovSpecial_nonsingInv_mulVec_solution_of_operator_sigmaMin | NumStability.H16_eq16_2_27_sylvesterVecCoeff_lyapunovSpecial_mulVec_nonsingInv_mulVec_of_operator_sigmaMin | NumStability.H16_eq16_2_27_sylvesterVecCoeff_lyapunovSpecial_nonsingInv_mulVec_solution_of_operator_sigmaMin
045daf28056a6e4358d5de7c22c7a9d7acc2e80e,34,342c8b65366bd8d73dc90ad87faf646dd51ab3141aee291f5301af3f864ebdf0,4140541149,26276,4,2,4,0,0,2,0,2,2,0,true,false,2,multiple_sinks,,C_ambiguous_forwarding_graph,NumStability.existsUnique_lyapunovVecCoeff_mulVec_of_sepLowerBound | NumStability.existsUnique_lyapunovVecCoeff_nonsingInv_mulVec_solution_of_sepLowerBound | NumStability.H16_eq16_2_27_existsUnique_lyapunovVecCoeff_mulVec_of_sepLowerBound | NumStability.H16_eq16_2_27_existsUnique_lyapunovVecCoeff_nonsingInv_mulVec_solution_of_sepLowerBound
045daf28056a6e4358d5de7c22c7a9d7acc2e80e,2,3710da697350af244381fda1a17c22ead509366820796bd1c963e86cf0cce13f,1214387629,24479,4,4,4,0,0,2,0,2,2,0,true,false,2,multiple_sinks,,C_ambiguous_forwarding_graph,NumStability.sylvester_relative_aposteriori_bound_diagonal_of_vecCoeff_entrywise_abs_ge | NumStability.sylvester_relative_aposteriori_bound_diagonal_of_entrywise_abs_ge | NumStability.H16_eq16_28_sylvester_relative_aposteriori_bound_diagonal_of_entrywise_abs_ge | NumStability.H16_eq16_28_sylvester_relative_aposteriori_bound_diagonal_of_vecCoeff_entrywise_abs_ge
045daf28056a6e4358d5de7c22c7a9d7acc2e80e,10,3ed6e9c68483970e5d8d14b8f1ab1e103ec02051019e5fef9a499be9a15e43a4,2068160889,26206,4,2,4,0,0,2,0,2,2,0,true,false,2,multiple_sinks,,C_ambiguous_forwarding_graph,NumStability.sylvesterVecCoeff_mulVec_nonsingInv_mulVec_of_pos_le_sylvesterSepInf | NumStability.sylvesterVecCoeff_nonsingInv_mulVec_solution_of_pos_le_sylvesterSepInf | NumStability.H16_eq16_2_26_sylvesterVecCoeff_mulVec_nonsingInv_mulVec_of_pos_le_sylvesterSepInf | NumStability.H16_eq16_2_26_sylvesterVecCoeff_nonsingInv_mulVec_solution_of_pos_le_sylvesterSepInf
045daf28056a6e4358d5de7c22c7a9d7acc2e80e,14,56174dc0e152ca93497d048e53a75b3d75e6971a38b0d763ed1543ab8403e555,2512135962,26257,4,2,4,0,0,2,0,2,2,0,true,false,2,multiple_sinks,,C_ambiguous_forwarding_graph,NumStability.existsUnique_sylvesterVecCoeff_lyapunovSpecial_mulVec_of_operator_sigmaMin | NumStability.existsUnique_sylvesterVecCoeff_lyapunovSpecial_nonsingInv_mulVec_solution_of_operator_sigmaMin | NumStability.H16_eq16_2_27_existsUnique_sylvesterVecCoeff_lyapunovSpecial_mulVec_of_operator_sigmaMin | NumStability.H16_eq16_2_27_existsUnique_sylvesterVecCoeff_lyapunovSpecial_nonsingInv_mulVec_solution_of_operator_sigmaMin
045daf28056a6e4358d5de7c22c7a9d7acc2e80e,1,5bd58fd27ec8f3c238e0bee7304e04db496a9f04c7deaf73ac7f28204117f753,1613505000,24822,5,3,5,0,0,3,0,1,5,0,true,false,3,multiple_sinks,,C_ambiguous_forwarding_graph,NumStability.Wave17.H16_eq16_4_8_auto_realSchur_existsUnique_solution_of_no_common | NumStability.H16_eq16_4_8_existsUnique_isSylvesterSolutionRect_of_realQuasiSchur_schedule_no_common | NumStability.existsUnique_isSylvesterSolutionRect_of_realQuasiSchur_schedule_no_common_generated_step_formula_witness | NumStability.H16_eq16_3_existsUnique_isSylvesterSolutionRect_of_no_common_complex_right_eigenvalue | NumStability.existsUnique_isSylvesterSolutionRect_of_no_common_complex_right_eigenvalue
045daf28056a6e4358d5de7c22c7a9d7acc2e80e,4,62efe89edcd03c320b931851382864be55a23bdb50ff51589da2c07b7befe9bb,1328178481,24891,4,1,4,0,0,2,0,0,2,0,true,false,2,multiple_sinks,,C_ambiguous_forwarding_graph,NumStability.H16_eq16_4_8_existsUnique_isSylvesterSolutionRect_of_quasiSchur_schedule_twoBlockSpectral_no_common_generated_step_formula_witness | NumStability.H16_eq16_4_8_existsUnique_isSylvesterSolutionRect_of_twoBlockSpectral_no_common_generated_step_formula_witness | NumStability.existsUnique_isSylvesterSolutionRect_of_quasiSchur_schedule_twoBlockSpectral_no_common_generated_step_formula_witness | NumStability.existsUnique_isSylvesterSolutionRect_of_twoBlockSpectral_no_common_generated_step_formula_witness
045daf28056a6e4358d5de7c22c7a9d7acc2e80e,28,6744efcaef88eb055fa2460619f75c6ddd14eeea4e5595db3d0b1207e60bcdeb,3479061358,26267,4,2,4,0,0,2,0,2,2,0,true,false,2,multiple_sinks,,C_ambiguous_forwarding_graph,NumStability.lyapunovVecCoeff_mulVec_nonsingInv_mulVec_of_sepLowerBound | NumStability.lyapunovVecCoeff_nonsingInv_mulVec_solution_of_sepLowerBound | NumStability.H16_eq16_2_27_lyapunovVecCoeff_mulVec_nonsingInv_mulVec_of_sepLowerBound | NumStability.H16_eq16_2_27_lyapunovVecCoeff_nonsingInv_mulVec_solution_of_sepLowerBound
045daf28056a6e4358d5de7c22c7a9d7acc2e80e,23,693b2b237b775ee5dca5f690a6b2cb9c7fbb3c67adcfa762010b11f6af7f85e2,3127232545,24476,4,4,4,0,0,2,0,2,3,0,true,false,2,multiple_sinks,,C_ambiguous_forwarding_graph,NumStability.sylvester_aposteriori_bound_diagonal_of_vecCoeff_entrywise_abs_ge_total | NumStability.sylvester_aposteriori_bound_diagonal_of_entrywise_abs_ge_total | NumStability.H16_eq16_28_sylvester_aposteriori_bound_diagonal_of_entrywise_abs_ge_total | NumStability.H16_eq16_28_sylvester_aposteriori_bound_diagonal_of_vecCoeff_entrywise_abs_ge_total
045daf28056a6e4358d5de7c22c7a9d7acc2e80e,29,6f5d8c4f18e7d44d896dfb36d64ecc1a41855381d4f3661c3244f9c3bc62019b,3500067983,26317,4,2,4,0,0,2,0,2,2,0,true,false,2,multiple_sinks,,C_ambiguous_forwarding_graph,NumStability.existsUnique_sylvesterVecCoeff_mulVec_of_sepLowerBound | NumStability.existsUnique_sylvesterVecCoeff_nonsingInv_mulVec_solution_of_sepLowerBound | NumStability.H16_eq16_2_26_existsUnique_sylvesterVecCoeff_mulVec_of_sepLowerBound | NumStability.H16_eq16_2_26_existsUnique_sylvesterVecCoeff_nonsingInv_mulVec_solution_of_sepLowerBound
045daf28056a6e4358d5de7c22c7a9d7acc2e80e,38,753c1ff4558b23477539e2665927a820fc59409e28703ae363b6b51bc8aa2779,814746460,24826,4,1,4,0,0,2,0,0,2,0,true,false,2,multiple_sinks,,C_ambiguous_forwarding_graph,NumStability.H16_eq16_4_8_exists_isSylvesterSolutionRect_and_generatedStepFormula_of_quasiSchur_schedule_twoBlockSpectral_no_common | NumStability.H16_eq16_4_8_exists_isSylvesterSolutionRect_and_generatedStepFormula_of_twoBlockSpectral_no_common | NumStability.exists_isSylvesterSolutionRect_and_generatedStepFormula_of_quasiSchur_schedule_twoBlockSpectral_no_common | NumStability.exists_isSylvesterSolutionRect_and_generatedStepFormula_of_twoBlockSpectral_no_common
045daf28056a6e4358d5de7c22c7a9d7acc2e80e,8,75f9f54267bd5754a01092ecfc0cf890310f220be5e4401e04a9d34d720250d5,1665885602,24485,4,4,4,0,0,2,0,2,3,0,true,false,2,multiple_sinks,,C_ambiguous_forwarding_graph,NumStability.sylvester_relative_aposteriori_bound_diagonal_of_vecCoeff_entrywise_abs_ge_total | NumStability.sylvester_relative_aposteriori_bound_diagonal_of_entrywise_abs_ge_total | NumStability.H16_eq16_28_sylvester_relative_aposteriori_bound_diagonal_of_entrywise_abs_ge_total | NumStability.H16_eq16_28_sylvester_relative_aposteriori_bound_diagonal_of_vecCoeff_entrywise_abs_ge_total
045daf28056a6e4358d5de7c22c7a9d7acc2e80e,9,7e85a60c969e5c49f36a4d1a30771ddda6ea0af891966b01bda81c23352f3198,1954437732,24663,4,4,4,0,0,2,0,2,2,0,true,false,2,multiple_sinks,,C_ambiguous_forwarding_graph,NumStability.lyapunov_relative_aposteriori_bound_diagonal_of_vecCoeff_entrywise_abs_ge | NumStability.lyapunov_relative_aposteriori_bound_diagonal | NumStability.H16_eq16_28_lyapunov_relative_aposteriori_bound_diagonal | NumStability.H16_eq16_28_lyapunov_relative_aposteriori_bound_diagonal_of_vecCoeff_entrywise_abs_ge
045daf28056a6e4358d5de7c22c7a9d7acc2e80e,30,7fe9fc14de08a21bd16308d7b106a63cc60cdf0e09e40e811e8b844670105cba,3635674237,26170,4,2,4,0,0,2,0,2,2,0,true,false,2,multiple_sinks,,C_ambiguous_forwarding_graph,NumStability.existsUnique_sylvesterVecCoeff_lyapunovSpecial_mulVec_of_sepLowerBound | NumStability.existsUnique_sylvesterVecCoeff_lyapunovSpecial_nonsingInv_mulVec_solution_of_sepLowerBound | NumStability.H16_eq16_2_27_existsUnique_sylvesterVecCoeff_lyapunovSpecial_mulVec_of_sepLowerBound | NumStability.H16_eq16_2_27_existsUnique_sylvesterVecCoeff_lyapunovSpecial_nonsingInv_mulVec_solution_of_sepLowerBound
045daf28056a6e4358d5de7c22c7a9d7acc2e80e,35,803c1ce6fae8ef35517c1702d062de43a90938bcd76447371f6b4cbcb6ea462d,41605080,26197,4,2,4,0,0,2,0,2,2,0,true,false,2,multiple_sinks,,C_ambiguous_forwarding_graph,NumStability.existsUnique_lyapunovVecCoeff_mulVec_of_pos_le_sylvesterSepInf | NumStability.existsUnique_lyapunovVecCoeff_nonsingInv_mulVec_solution_of_pos_le_sylvesterSepInf | NumStability.H16_eq16_2_27_existsUnique_lyapunovVecCoeff_mulVec_of_pos_le_sylvesterSepInf | NumStability.H16_eq16_2_27_existsUnique_lyapunovVecCoeff_nonsingInv_mulVec_solution_of_pos_le_sylvesterSepInf
045daf28056a6e4358d5de7c22c7a9d7acc2e80e,31,8d8d3f7a52a051f467d6f8518adb791cebe9dba5f68691a3012affdf86abdf15,3666839770,24475,4,4,4,0,0,2,0,2,3,0,true,false,2,multiple_sinks,,C_ambiguous_forwarding_graph,NumStability.sylvester_perturbation_bound_diagonal_of_vecCoeff_entrywise_abs_ge_total | NumStability.sylvester_perturbation_bound_diagonal_of_entrywise_abs_ge_total | NumStability.H16_eq16_25_sylvester_perturbation_bound_diagonal_of_entrywise_abs_ge_total | NumStability.H16_eq16_25_sylvester_perturbation_bound_diagonal_of_vecCoeff_entrywise_abs_ge_total
045daf28056a6e4358d5de7c22c7a9d7acc2e80e,32,a20c74084ac98614d4e8ec09498275559e4ac7e5e8b360dd8360f546f2229dde,3835712654,26137,4,2,4,0,0,2,0,2,3,0,true,false,2,multiple_sinks,,C_ambiguous_forwarding_graph,NumStability.lyapunov_relative_aposteriori_bound_of_sigmaMin | NumStability.lyapunov_relative_aposteriori_bound_of_sigmaMin_total | NumStability.H16_eq16_28_lyapunov_relative_aposteriori_bound_of_sigmaMin | NumStability.H16_eq16_28_lyapunov_relative_aposteriori_bound_of_sigmaMin_total
045daf28056a6e4358d5de7c22c7a9d7acc2e80e,6,aabaf97b9db9cc16af6e10112ba96d3fbea4054495e58a21f9cca99fed81883f,1435250331,24646,4,4,4,0,0,2,0,2,2,0,true,false,2,multiple_sinks,,C_ambiguous_forwarding_graph,NumStability.lyapunov_aposteriori_bound_diagonal_of_vecCoeff_entrywise_abs_ge | NumStability.lyapunov_aposteriori_bound_diagonal | NumStability.H16_eq16_28_lyapunov_aposteriori_bound_diagonal | NumStability.H16_eq16_28_lyapunov_aposteriori_bound_diagonal_of_vecCoeff_entrywise_abs_ge
045daf28056a6e4358d5de7c22c7a9d7acc2e80e,17,b1a0ffdd963ef30faa4930e0890e3ac60167f67b4d6d96cb4dc83b91482123cb,2742027919,24856,4,1,4,0,0,2,0,0,2,0,true,false,2,multiple_sinks,,C_ambiguous_forwarding_graph,NumStability.H16_eq16_4_8_exists_original_solution_and_generated_step_formula_of_quasiSchur_schedule_twoBlockSpectral_no_common | NumStability.H16_eq16_4_8_exists_original_solution_and_generated_step_formula_of_twoBlockSpectral_no_common | NumStability.exists_original_solution_and_generated_step_formula_of_quasiSchur_schedule_twoBlockSpectral_no_common | NumStability.exists_original_solution_and_generated_step_formula_of_twoBlockSpectral_no_common
045daf28056a6e4358d5de7c22c7a9d7acc2e80e,22,b2c9feac448e36c893634d616d6b0453fc60242f86d07299ffcef467f417eb57,3107628637,24494,4,4,4,0,0,2,0,2,2,0,true,false,2,multiple_sinks,,C_ambiguous_forwarding_graph,NumStability.sylvester_aposteriori_bound_diagonal_of_vecCoeff_entrywise_abs_ge | NumStability.sylvester_aposteriori_bound_diagonal_of_entrywise_abs_ge | NumStability.H16_eq16_28_sylvester_aposteriori_bound_diagonal_of_entrywise_abs_ge | NumStability.H16_eq16_28_sylvester_aposteriori_bound_diagonal_of_vecCoeff_entrywise_abs_ge
045daf28056a6e4358d5de7c22c7a9d7acc2e80e,7,b4c93b104ced7e95f2b2374c814012c85bf523b8e2476ed59b9e7269cce13865,1456718578,24484,4,4,4,0,0,2,0,2,3,0,true,false,2,multiple_sinks,,C_ambiguous_forwarding_graph,NumStability.sylvester_relative_perturbation_diagonal_of_vecCoeff_entrywise_abs_ge_total | NumStability.sylvester_relative_perturbation_diagonal_of_entrywise_abs_ge_total | NumStability.H16_eq16_25_sylvester_relative_perturbation_diagonal_of_entrywise_abs_ge_total | NumStability.H16_eq16_25_sylvester_relative_perturbation_diagonal_of_vecCoeff_entrywise_abs_ge_total
045daf28056a6e4358d5de7c22c7a9d7acc2e80e,20,e7695a23e70afcb814b27ad8db09fd765c0a5112f7048b1e919e404fabba0585,2982129940,26201,4,2,4,0,0,2,0,2,2,0,true,false,2,multiple_sinks,,C_ambiguous_forwarding_graph,NumStability.sylvesterVecCoeff_mulVec_nonsingInv_mulVec_of_sepLowerBound | NumStability.sylvesterVecCoeff_nonsingInv_mulVec_solution_of_sepLowerBound | NumStability.H16_eq16_2_26_sylvesterVecCoeff_mulVec_nonsingInv_mulVec_of_sepLowerBound | NumStability.H16_eq16_2_26_sylvesterVecCoeff_nonsingInv_mulVec_solution_of_sepLowerBound
045daf28056a6e4358d5de7c22c7a9d7acc2e80e,13,f2642cf947e4dd411449f9dc762d849bdbb6b32cd7357b7680b40b8011ca93e3,2450891833,26392,4,2,4,0,0,2,0,2,2,0,true,false,2,multiple_sinks,,C_ambiguous_forwarding_graph,NumStability.existsUnique_sylvesterVecCoeff_mulVec_of_pos_le_sylvesterSepInf | NumStability.existsUnique_sylvesterVecCoeff_nonsingInv_mulVec_solution_of_pos_le_sylvesterSepInf | NumStability.H16_eq16_2_26_existsUnique_sylvesterVecCoeff_mulVec_of_pos_le_sylvesterSepInf | NumStability.H16_eq16_2_26_existsUnique_sylvesterVecCoeff_nonsingInv_mulVec_solution_of_pos_le_sylvesterSepInf
045daf28056a6e4358d5de7c22c7a9d7acc2e80e,5,f74b23294e880d93a85143e07225af17dcb905dd04c3976b548f556ddcbf648c,13654345,24656,4,4,4,0,0,2,0,2,3,0,true,false,2,multiple_sinks,,C_ambiguous_forwarding_graph,NumStability.lyapunov_relative_perturbation_diagonal_of_vecCoeff_entrywise_abs_ge_total | NumStability.lyapunov_relative_perturbation_diagonal_total | NumStability.H16_eq16_27_lyapunov_relative_perturbation_diagonal_total | NumStability.H16_eq16_27_lyapunov_relative_perturbation_diagonal_of_vecCoeff_entrywise_abs_ge_total
045daf28056a6e4358d5de7c22c7a9d7acc2e80e,1498,0092be7209e7ab85c9ce4f4eb367506c36d310a42efc0b72ddb2be48f831549f,501600485,2781,2,2,2,0,0,0,0,1,2,0,false,false,0,no_same_statement_body_edge,,D_no_same_statement_body_edge,NumStability.vecNorm2_add_le | NumStability.Wave13.vecNorm2_add_le
045daf28056a6e4358d5de7c22c7a9d7acc2e80e,867,0280e271427cdd9f970e36055df10cd8984cee5eda715ced239ea8badccd374e,2842321121,23406,2,2,2,0,0,0,0,0,2,0,false,false,0,no_same_statement_body_edge,,D_no_same_statement_body_edge,NumStability.Ch11Closure.TriGrowthInv.oneByOne_corner_mult_le | NumStability.Ch11Closure.HFactor.oneByOne_corner_mult_le
045daf28056a6e4358d5de7c22c7a9d7acc2e80e,808,06a025d121ac31225524bf2385b41c3cbb1f9f63fec24f32575d461c936da285,2710659140,17354,2,1,2,0,0,2,0,0,2,0,false,false,0,no_same_statement_body_edge,,D_no_same_statement_body_edge,NumStability.higham9_12_totalNonnegative_exists_LUFactSpec_growthFactorEntry_le_one_exists_hAmax | NumStability.higham9_6_growthFactorEntry_le_one_of_totalNonnegative_det_ne_zero_exists_hAmax
045daf28056a6e4358d5de7c22c7a9d7acc2e80e,1396,0a7cf88731ed949158c2e00f25d6a70376eb9c553777f9873a730d84988c16f4,4138557879,31652,2,1,2,0,0,2,0,0,2,0,false,false,0,no_same_statement_body_edge,,D_no_same_statement_body_edge,NumStability.sylvester_practical_error_bound_fl_componentwise_scalar | NumStability.sylvester_practical_error_bound_fl_of_diagonal_scalar
045daf28056a6e4358d5de7c22c7a9d7acc2e80e,333,0eb81de39cfe43ddbf0d3253bc1ba7972ea6d451073b0f34e8451f207bded2e7,1631633406,19194,2,1,2,0,0,2,0,0,2,0,false,false,0,no_same_statement_body_edge,,D_no_same_statement_body_edge,NumStability.higham11_4_bunch_kaufman_stability_interface_of_path_offbranch_local_entries_zero_local_D_L_row_sum_bound_maxEntryNorm_A | NumStability.higham11_4_bunch_kaufman_stability_of_path_offbranch_local_entries_zero_local_D_L_row_sum_bound_maxEntryNorm_A
045daf28056a6e4358d5de7c22c7a9d7acc2e80e,544,0f4c8af859017e948c2e29cb06f54e4969949f02b6492b47a8e1577023ce0131,2130858423,21721,2,2,2,0,0,0,0,2,2,0,false,false,0,no_same_statement_body_edge,,D_no_same_statement_body_edge,NumStability.Wave15.gamma_add_le | NumStability.higham11_gamma_add_le
045daf28056a6e4358d5de7c22c7a9d7acc2e80e,1673,1215c679aa71e7a17bab2fd9e087524c52dfc254a59ff44c20c8af0cf0e9a063,920712393,23354,2,2,2,0,0,0,0,0,2,0,false,false,0,no_same_statement_body_edge,,D_no_same_statement_body_edge,NumStability.Ch11Closure.TriGrowthInv.productEntry_head00 | NumStability.Ch11Closure.HFactor.productEntry_head00
045daf28056a6e4358d5de7c22c7a9d7acc2e80e,1022,12f5f8163d78ba5f383c8f0dadc0e36cb660569c397bff1672f2704753797bb9,3234030867,11927,2,2,2,0,0,0,0,1,2,0,false,false,0,no_same_statement_body_edge,,D_no_same_statement_body_edge,NumStability.geomMean_prod_le_one_of_sum_eq_card | NumStability.higham9_amgm_prod_le_one_of_sum_eq_card
045daf28056a6e4358d5de7c22c7a9d7acc2e80e,318,162988b7c1e23dbadf7d3b7685023b04906aac62a19c5f04675203dd9ca04e5e,1601811675,2772,2,2,2,0,0,0,0,1,2,0,false,false,0,no_same_statement_body_edge,,D_no_same_statement_body_edge,NumStability.matrix_columns_decompose_of_rightInverse | NumStability.matMulVec_of_isRightInverse
045daf28056a6e4358d5de7c22c7a9d7acc2e80e,191,16cbe9fd346c37f6c221ec3e7a033e068e0f342f217527e5838a0b1e125fdbe1,126844922,23382,2,2,2,0,0,0,0,0,2,0,false,false,0,no_same_statement_body_edge,,D_no_same_statement_body_edge,NumStability.Ch11Closure.TriGrowthInv.productEntry_consTwo_01 | NumStability.Ch11Closure.HFactor.productEntry_consTwo_01
045daf28056a6e4358d5de7c22c7a9d7acc2e80e,186,1765b3e894a15e2453901a50cfaa0cf374bffcc778f029cbb0ed5efa1481b8fc,1253237200,23410,2,2,2,0,0,0,0,0,2,0,false,false,0,no_same_statement_body_edge,,D_no_same_statement_body_edge,NumStability.Ch11Closure.TriGrowthInv.productEntry_consOne_s0 | NumStability.Ch11Closure.HFactor.productEntry_consOne_s0
045daf28056a6e4358d5de7c22c7a9d7acc2e80e,1710,19f1fe4ea87cef95c8a6ee2b612650400571e2ad3a6d2b123d1d5f07221de7a8,997349777,27029,2,1,2,0,0,0,0,0,2,0,false,false,0,no_same_statement_body_edge,,D_no_same_statement_body_edge,NumStability.triInv_method2C_left_residual | NumStability.triInv_method2_left_residual
045daf28056a6e4358d5de7c22c7a9d7acc2e80e,355,1a1748725e4e62c409e6edeead1b7c34183eabfeffd9a65f266a82c446720e94,1663883743,35128,2,2,2,0,0,0,0,1,2,0,false,false,0,no_same_statement_body_edge,,D_no_same_statement_body_edge,NumStability.FloatingPointFormat.decimalOneDigitThreeExponentFormat_three_halves_not_finiteSystem | NumStability.problem2_20_decimalOneDigitThreeExponent_three_halves_not_finiteSystem
045daf28056a6e4358d5de7c22c7a9d7acc2e80e,1334,1b29148a265fcb5c01d5b21f9015485ca54bcc4a6a12a69849ccf592b05941ae,3954581222,24472,2,2,2,0,0,2,0,0,2,0,false,false,0,no_same_statement_body_edge,,D_no_same_statement_body_edge,NumStability.sylvester_perturbation_bound_diagonal_of_vecCoeff_entrywise_abs_ge | NumStability.sylvester_perturbation_bound_diagonal_of_entrywise_abs_ge
045daf28056a6e4358d5de7c22c7a9d7acc2e80e,169,1c010a993c60975d8ace48b9bd4fcff7dce56fb83c2b0c3723c511dedba7c8d9,1217208822,10232,2,1,2,0,0,1,0,0,2,0,false,false,0,no_same_statement_body_edge,,D_no_same_statement_body_edge,NumStability.exists_perturbed_ls_minimizer_of_stored_trailing_householder_sequence_topBlock_fl_backSub_gamma_bound_explicitCompactBudget_of_signed_alpha_leadingBlock_det_ne_zero_kappaInf_selfNorm_dualBudget_signedStageUniformBudget_globalCompactBudget_activeMaxPivot_completedColumns_globalProduct_rowMaxDiagDefect_stageRowMaxComparisonDefect_offdiag_rows_of_actualUnitRoundoff_no_gammaValid | NumStability.theorem20_3_householder_qr_ls_backward_error_compactBudget_of_activePivot_rowMax_dualBudget_actualUnitRoundoff
045daf28056a6e4358d5de7c22c7a9d7acc2e80e,869,1d1f61cffe5efcb3664f5035d31fdeb528241b8048269150fc7dbe618e5884a4,2848636945,15949,2,1,2,0,0,0,0,0,2,0,false,false,0,no_same_statement_body_edge,,D_no_same_statement_body_edge,NumStability.higham9_15_normalized_G_frobNorm_ratio_bound_of_linear_step | NumStability.higham9_15_normalized_Gtilde_frobNorm_ratio_bound_of_linear_step
045daf28056a6e4358d5de7c22c7a9d7acc2e80e,1012,1d284c71ddeeb7cf8e65adf8dd81cf83b620f5e649eea4d3184c59b26dddeb29,3218710292,37010,2,2,2,0,0,0,0,0,2,0,false,false,0,no_same_statement_body_edge,,D_no_same_statement_body_edge,NumStability.increasingPrecision_ieeeDouble_roundToEven_two_thirds | NumStability.FloatingPointFormat.problem2_10_ieeeDouble_twoThirds_rounds_to_lower
045daf28056a6e4358d5de7c22c7a9d7acc2e80e,1080,1d36ba7ea3ca992f006203f47d5584757a72ccc975aea4b508f955ffc9bd057c,3370617529,58786,2,1,2,0,0,0,0,0,2,0,false,false,0,no_same_statement_body_edge,,D_no_same_statement_body_edge,NumStability.FloatingPointFormat.problem2_20_first_square_underflows_of_x_eq_zero | NumStability.FloatingPointFormat.problem2_20_second_square_underflows_of_y_eq_zero
045daf28056a6e4358d5de7c22c7a9d7acc2e80e,1385,1d7e717d66f46d416fc29c2f65dd3e3b88b4df5aead17acaf5651ce3cedafd29,4118737351,42399,2,2,2,0,0,0,0,0,2,0,false,false,0,no_same_statement_body_edge,,D_no_same_statement_body_edge,NumStability.Higham11RoundedBunchKaufmanExecution.completed_of_explicitInverseMiddleSolveRunDomain | NumStability.Higham11RoundedBunchKaufmanExecution.completed_of_middleSolveRunDomain
045daf28056a6e4358d5de7c22c7a9d7acc2e80e,934,1d93274e810b3f361a307c0bbf46aa2a72f13cf1e2e6405ae38f6f964a78c1ec,3012043377,18732,2,1,2,0,0,2,0,0,2,0,false,false,0,no_same_statement_body_edge,,D_no_same_statement_body_edge,NumStability.higham11_4_bunch_kaufman_solve_backward_error_interface_of_path_offbranch_D_entries_zero_local_D_L_row_sum_bound_maxEntryNorm_A | NumStability.higham11_4_bunch_kaufman_solve_backward_error_of_path_offbranch_D_entries_zero_local_D_L_row_sum_bound_maxEntryNorm_A
045daf28056a6e4358d5de7c22c7a9d7acc2e80e,1020,2343a0f0393b4c583774a71d97f11af48a73aa4c63b90f01bd2356d68d44b259,3232158025,23293,2,2,2,0,0,0,0,1,2,0,false,false,0,no_same_statement_body_edge,,D_no_same_statement_body_edge,NumStability.Ch11Closure.BunchTri.fl_div_zero_left | NumStability.Ch14Ext.ch14ext_fl_div_zero_left
045daf28056a6e4358d5de7c22c7a9d7acc2e80e,1452,238bc8729d839caf10f5ca6976066a226412142ee384610acb46db17829ab276,4275854598,26164,2,1,2,0,0,2,0,0,2,0,false,false,0,no_same_statement_body_edge,,D_no_same_statement_body_edge,NumStability.sylvesterVecCoeff_mulVec_nonsingInv_mulVec_of_operator_sigmaMin | NumStability.sylvesterVecCoeff_nonsingInv_mulVec_solution_of_operator_sigmaMin
045daf28056a6e4358d5de7c22c7a9d7acc2e80e,179,24e30b94bd0372a69910ee03e75aa0ee6e6352a6a0134bad287fa97a0d45bda2,124337976,13252,2,2,2,0,0,0,0,1,2,0,false,false,0,no_same_statement_body_edge,,D_no_same_statement_body_edge,NumStability.higham13_abs_entry_le_opNorm2 | NumStability.higham9_15_abs_entry_le_opNorm2
045daf28056a6e4358d5de7c22c7a9d7acc2e80e,393,24ffa0e5dfbcee4d7ffc900af08dd772ab4d8bbbb8c2b1df7a49b11ec3755d61,1745111825,9582,2,2,2,0,0,0,0,1,2,0,false,false,0,no_same_statement_body_edge,,D_no_same_statement_body_edge,NumStability.ch7_matMul_nonneg | NumStability.higham11_7_matMul_nonneg
045daf28056a6e4358d5de7c22c7a9d7acc2e80e,883,258b936dab8d8e4d3b326a903bb6d9c9cae3f16df31d0b63a3bb5b0e6f51dbf3,2893362251,23338,2,2,2,0,0,0,0,0,2,0,false,false,0,no_same_statement_body_edge,,D_no_same_statement_body_edge,NumStability.Ch11Closure.TriGrowthInv.productEntry_consTwo_11 | NumStability.Ch11Closure.HFactor.productEntry_consTwo_11
045daf28056a6e4358d5de7c22c7a9d7acc2e80e,1325,26e1784ad631204f8f56f225904ccb0dfaffb01163b7d8bbc5486bb75ed5e928,3934783121,7827,2,2,2,0,0,0,0,1,2,0,false,false,0,no_same_statement_body_edge,,D_no_same_statement_body_edge,NumStability.rectOpNorm2Le_neg | NumStability.higham14_problem14_15_rectOpNorm2Le_neg
045daf28056a6e4358d5de7c22c7a9d7acc2e80e,63,275f7ed13b892557a248347d6deb39c4f5b023a0e4cc408f32cacdcc5857bc79,3596033591,52960,3,3,3,0,0,1,0,1,3,0,false,false,0,no_same_statement_body_edge,,D_no_same_statement_body_edge,NumStability.FloatingPointFormat.problem2_3_ieeeSingle_one_subnormalMantissa | NumStability.FloatingPointFormat.problem2_24_ieeeSingle_subnormalMantissa_one | NumStability.FloatingPointFormat.ieeeSingleFormat_subnormalMantissa_one
045daf28056a6e4358d5de7c22c7a9d7acc2e80e,501,2871336b32e53a913b606c73008ec76547dd83316bd6424baaea586a3b8aad5f,2035720865,39953,2,2,2,0,0,0,0,2,2,0,false,false,0,no_same_statement_body_edge,,D_no_same_statement_body_edge,NumStability.finiteMaxEigenvalue_congr_matrix | NumStability.finiteMaxEigenvalue_congr
045daf28056a6e4358d5de7c22c7a9d7acc2e80e,844,29a001b6f5fb2e979f5d6cf01859e9772052a9075a144994ee8d9b3d9da870db,2796494503,18588,2,1,2,0,0,2,0,0,2,0,false,false,0,no_same_statement_body_edge,,D_no_same_statement_body_edge,NumStability.higham11_4_bunch_kaufman_solve_backward_error_interface_of_path_offbranch_local_entries_zero_local_D_L_row_sum_bound_maxEntryNorm_A | NumStability.higham11_4_bunch_kaufman_solve_backward_error_of_path_offbranch_local_entries_zero_local_D_L_row_sum_bound_maxEntryNorm_A
045daf28056a6e4358d5de7c22c7a9d7acc2e80e,71,29bdd23250f0c598ac4f2a35fde37535f9cddccada203b846defe9cac17fec68,4292384115,8645,3,3,3,0,0,0,0,2,2,0,false,false,0,no_same_statement_body_edge,,D_no_same_statement_body_edge,NumStability.Ch11Closure.BunchTri.fl_mul_right_zero | NumStability.Ch14Ext.ch14ext_fl_mul_zero_right | H19.Theorem19_13.fl_mul_zero_right
045daf28056a6e4358d5de7c22c7a9d7acc2e80e,1358,2db87e870465ccd4994c9379865ded7f0f4c9b2a5aa8ee9a61e0266e5a0440a2,4039551774,27024,2,1,2,0,0,2,0,0,2,0,false,false,0,no_same_statement_body_edge,,D_no_same_statement_body_edge,NumStability.triInv_method2C_left_residual_normwise | NumStability.triInv_method2_left_residual_normwise
045daf28056a6e4358d5de7c22c7a9d7acc2e80e,1220,2deb0fb0854b9dac54b2e3553fb9e39aea5ccd33a2487090645591b98bce3026,3684197281,14856,2,1,2,0,0,2,0,0,2,0,false,false,0,no_same_statement_body_edge,,D_no_same_statement_body_edge,NumStability.higham9_11_bandwidth_two_bohte_solve_tight | NumStability.higham9_11_pentadiagonal_bohte_solve_tight
045daf28056a6e4358d5de7c22c7a9d7acc2e80e,450,300625ba72dd61d6684b15cbb3619e276020278660c01169394a1116c6753f94,189120128,5964,2,2,2,0,0,0,0,2,2,0,false,false,0,no_same_statement_body_edge,,D_no_same_statement_body_edge,NumStability.fl_householderApply_normalized_entrywise_error | NumStability.Theorem20_7.fl_householderApply_normalized_entrywise_error
045daf28056a6e4358d5de7c22c7a9d7acc2e80e,1550,3093e4d3cffa06d5c032e918c6208c5912d4d29962708a75f8d68d34e4f3e78a,637453972,26143,2,2,2,0,0,0,0,2,2,0,false,false,0,no_same_statement_body_edge,,D_no_same_statement_body_edge,NumStability.ch15Closure_gram_symmetric | NumStability.isSymmetricFiniteMatrix_gram
045daf28056a6e4358d5de7c22c7a9d7acc2e80e,545,3361f6f272b397f5a3d973510c5b6a448387c177ffd8f6160c0b7cdf5e1d4953,2130946523,2525,2,2,2,0,0,0,0,2,2,0,false,false,0,no_same_statement_body_edge,,D_no_same_statement_body_edge,NumStability.finiteVecNorm2Sq_fin | NumStability.finiteVecNorm2Sq_eq_vecNorm2Sq
045daf28056a6e4358d5de7c22c7a9d7acc2e80e,1337,371e2faa4911a26d7dd149d4d05e1cecbfa6f0c9533e327a2e04643587d04f99,3972943039,8654,2,1,2,0,0,0,0,0,2,0,false,false,0,no_same_statement_body_edge,,D_no_same_statement_body_edge,H19.Theorem19_13.mgs_qr_bounds_of_storedTrailingPanel_final_panel_eq_final_prevBlocks_det_uniform_step_budget_frob_condition_explicit_radius_of_small_unit_roundoff | H19.Theorem19_13.mgs_qr_bounds_of_storedTrailingPanel_final_panel_eq_final_prevBlocks_uniform_step_budget_frob_condition_explicit_radius_of_small_unit_roundoff
045daf28056a6e4358d5de7c22c7a9d7acc2e80e,567,39da14294cfa42c586b247c76f78c286d2da1425ad9b8c3cdf5d7e9d7292a23b,2197855887,8690,2,1,2,0,0,2,0,0,2,0,false,false,0,no_same_statement_body_edge,,D_no_same_statement_body_edge,H19.Theorem19_13.storedSignedSequence_final_panel_eq_qrPanel_R_of_reflector_vectors_and_tailVectorEqLoopFacts_exactWithUnitRoundoff | H19.Theorem19_13.storedSignedSequence_final_panel_eq_qrPanel_R_of_sourceFaithful_tailVectorEqLoopFacts_exactWithUnitRoundoff
045daf28056a6e4358d5de7c22c7a9d7acc2e80e,1403,3b733213c139cb5cd2e14ee444e0ad7766b4ed09a801c2761e3425f5583b245e,4167785372,15957,2,1,2,0,0,0,0,0,2,0,false,false,0,no_same_statement_body_edge,,D_no_same_statement_body_edge,NumStability.higham9_15_normwise_source_bound_of_Gtilde_normalized_linear_step_opNorm_of_source_inverse_identities | NumStability.higham9_15_normwise_source_bound_of_normalized_linear_step_opNorm_of_source_inverse_identities
045daf28056a6e4358d5de7c22c7a9d7acc2e80e,374,3bbe9136903e60c749464b5fe84305b47824949b7eb4fdc830448b8b61385c64,1703940171,58656,2,1,2,0,0,2,0,0,2,0,false,false,0,no_same_statement_body_edge,,D_no_same_statement_body_edge,NumStability.FloatingPointFormat.problem2_13_predecessor_rounds_to_one_of_scaled_product_certificate | NumStability.FloatingPointFormat.problem2_13_predecessor_rounds_to_one_of_sourceProduct_lower_midpoint
045daf28056a6e4358d5de7c22c7a9d7acc2e80e,1622,3ca0a543ee5e0d9d8cf576327742b8af59cccc94761d9212f02ffdc4904f92b8,808541391,56006,2,2,2,0,0,0,0,1,2,0,false,false,0,no_same_statement_body_edge,,D_no_same_statement_body_edge,NumStability.FloatingPointFormat.problem2_17_decimalOneDigitThreeExponentFormat_finiteSystem_nine_tenths | NumStability.FloatingPointFormat.decimalOneDigitThreeExponentFormat_finiteSystem_nine_tenths
045daf28056a6e4358d5de7c22c7a9d7acc2e80e,464,3cc8d43e06a7a7a3635450d5e4c3c837d093facae2f86d36d3593b091c620e61,1927058670,2672,2,2,2,0,0,0,0,1,2,0,false,false,0,no_same_statement_body_edge,,D_no_same_statement_body_edge,NumStability.frobNormRect_smul | NumStability.higham9_15_frobNormRect_smul
045daf28056a6e4358d5de7c22c7a9d7acc2e80e,414,3d30c68ab489caeff4e99d0876ecf3d145f134c9f21db5d7b2983ae7197059c2,1795415737,28916,2,2,2,0,0,0,0,1,2,0,false,false,0,no_same_statement_body_edge,,D_no_same_statement_body_edge,NumStability.RectPNormPair.signVec_infNorm_eq_one | NumStability.Ch15.sign_infNorm_eq_one
045daf28056a6e4358d5de7c22c7a9d7acc2e80e,1275,3d41a01409d4e0295526f7f6a0975b6e65c95b0ff8a97626d3ded0dec42d541c,3796578566,25211,2,1,2,0,0,0,0,2,2,0,false,false,0,no_same_statement_body_edge,,D_no_same_statement_body_edge,NumStability.higham21_lemma21_2_epsE_le_radii_of_le_min | NumStability.higham21_lemma21_2_rhoGE_le_radii_of_le_min
045daf28056a6e4358d5de7c22c7a9d7acc2e80e,1310,3ffb3ab1d6d23d96ef5ff404ce0f4a0e4add87339df224d25a8581f7c71ad577,3899385731,19016,2,2,2,0,0,0,0,0,2,0,false,false,0,no_same_statement_body_edge,,D_no_same_statement_body_edge,NumStability.higham9_5_computedMultiplier_row_sum_le | NumStability.higham11_4_abs_row_sum_le_card_mul_of_uniform_entry_bound
045daf28056a6e4358d5de7c22c7a9d7acc2e80e,788,418c01f7bb7b0c67f768ce57c9f3f32b09656011aede461b008a47f8e5bffad0,2656673047,7267,2,2,2,0,0,0,0,2,2,0,false,false,0,no_same_statement_body_edge,,D_no_same_statement_body_edge,NumStability.det_ne_zero_of_square_rectMatMulVec_injective | NumStability.rectMatMulVec_det_ne_zero_of_injective
045daf28056a6e4358d5de7c22c7a9d7acc2e80e,956,42848f9453c0b515d12cb30821a18552e74f3187a48e0e313eba56d46d886467,3059750058,49193,2,2,2,0,0,0,0,0,2,0,false,false,0,no_same_statement_body_edge,,D_no_same_statement_body_edge,NumStability.higham19_columnFrob_le_of_entrywise_relative_bound | NumStability.Problem20_5.columnFrob_le_of_entrywise_relative_bound
045daf28056a6e4358d5de7c22c7a9d7acc2e80e,577,44b704c61649001ef23c3d62b3a461da44fea1e1461aee13f955e636a1d28605,2207086102,39869,2,2,2,0,0,0,0,0,2,0,false,false,0,no_same_statement_body_edge,,D_no_same_statement_body_edge,NumStability.Higham9Theorem99Direct.noPivotReducedGrowthFactor_le_two | NumStability.higham13_eq13_23_pointRow_noPivotReducedGrowthFactor_le_two
045daf28056a6e4358d5de7c22c7a9d7acc2e80e,1150,46cc98e096da16f06761103b97a79baf54e9162580156bb1f27b1b36fd144a58,3515844475,39882,2,2,2,0,0,0,0,0,2,0,false,false,0,no_same_statement_body_edge,,D_no_same_statement_body_edge,NumStability.Higham9Theorem99Direct.rectPrefixDot_abs_le_prefixProductAbs | NumStability.higham13_rectPrefixDot_abs_le_prefixProductAbs
045daf28056a6e4358d5de7c22c7a9d7acc2e80e,1518,47c04c7462cda17285b1005e91c5a759309528fc105758bf6406087b83a0c34f,552720304,48464,2,2,2,0,0,0,0,0,2,0,false,false,0,no_same_statement_body_edge,,D_no_same_statement_body_edge,NumStability.vecNorm2_fin_sum_le | NumStability.mgs_vecNorm2_fin_sum_le
045daf28056a6e4358d5de7c22c7a9d7acc2e80e,866,4856f316bbf2d8336868146f30437a3c54b52a89eeecb71b2bcbb6bdff293983,2841329082,11929,2,2,2,0,0,0,0,0,2,0,false,false,0,no_same_statement_body_edge,,D_no_same_statement_body_edge,NumStability.posDef_det_le_prod_diag | NumStability.higham9_posDef_det_le_prod_diag
045daf28056a6e4358d5de7c22c7a9d7acc2e80e,517,4926bda0abb1fa68e1ec0ae536bcf1c90fee0bcafa2d017e462c3f8d548ad311,2058124559,39865,2,2,2,0,0,0,0,0,2,0,false,false,0,no_same_statement_body_edge,,D_no_same_statement_body_edge,NumStability.Higham9Theorem99Direct.rowDiagDominant_firstSchurComplement | NumStability.Ch14Ext.ch14ext_rowDiagDominant_firstSchurComplement
045daf28056a6e4358d5de7c22c7a9d7acc2e80e,1240,4d476f8193bc3230d6d79aa6a925b86ec913870baa3902baf5a530dfc901f321,3728563186,18937,2,1,2,0,0,2,0,0,2,0,false,false,0,no_same_statement_body_edge,,D_no_same_statement_body_edge,NumStability.higham11_4_bunch_kaufman_solve_backward_error_interface_of_path_offbranch_D_entries_zero_local_D_L_row_sum_bound_maxEntryNorm_A_product | NumStability.higham11_4_bunch_kaufman_solve_backward_error_of_path_offbranch_D_entries_zero_local_D_L_row_sum_bound_maxEntryNorm_A_product
045daf28056a6e4358d5de7c22c7a9d7acc2e80e,1349,4e78c438ef57e9c747ff7906b5c2a3e046637acfe460794b0786d81b585e85f8,4012298825,43373,2,1,2,0,0,0,0,0,2,0,false,false,0,no_same_statement_body_edge,,D_no_same_statement_body_edge,NumStability.higham13_lemma13_9_full_operator_certificate_from_loewner | NumStability.higham13_lemma13_9_principal_inverse_operator_certificate_from_loewner
045daf28056a6e4358d5de7c22c7a9d7acc2e80e,548,4f378006a851701827f559303d9ad49023f07bc1e00fa095a2cc5c26f29b3bab,213959047,11928,2,2,2,0,0,0,0,1,2,0,false,false,0,no_same_statement_body_edge,,D_no_same_statement_body_edge,NumStability.hadamard_det_sq_le_prod_row_sq | NumStability.higham9_hadamard_det_sq_le_prod_row_sq
045daf28056a6e4358d5de7c22c7a9d7acc2e80e,1297,4fc474cbbcde6245c192603ff9cd8f26dab6e74ce5f4272df037afd7fea26561,3869073410,8836,2,1,2,0,0,1,0,0,2,0,false,false,0,no_same_statement_body_edge,,D_no_same_statement_body_edge,H19.Theorem19_13.storedTrailingPanel_R_diag_ne_zero_of_leading_block_det_ne_zero_uniform_step_budget | H19.Theorem19_6.stored_panel_sequence_diag_nonzero_of_leading_block_det_ne_zero_uniform_step_budget
045daf28056a6e4358d5de7c22c7a9d7acc2e80e,1410,4fe6517730026edcaf4cfede4250587989c3cd32a0398e5033dc9991505352cd,4182345507,28914,2,2,2,0,0,0,0,1,2,0,false,false,0,no_same_statement_body_edge,,D_no_same_statement_body_edge,NumStability.RectPNormPair.holder_inf | NumStability.Ch15.holder_inf
045daf28056a6e4358d5de7c22c7a9d7acc2e80e,388,5145e31c3b32b10022643a1195535adf296b2269756b2f3fe064dbbc839c2c07,1731978898,7929,2,2,2,0,0,0,0,1,2,0,false,false,0,no_same_statement_body_edge,,D_no_same_statement_body_edge,NumStability.matMul_sub_left | NumStability.Ch14Ext.ch14ext_matMul_sub_left
045daf28056a6e4358d5de7c22c7a9d7acc2e80e,1207,56f26049d4291e100e3c5abac4914a66e8bd660ab47e9d5553887bbc9b94e4b7,3645150325,39857,2,2,2,0,0,0,0,0,2,0,false,false,0,no_same_statement_body_edge,,D_no_same_statement_body_edge,NumStability.Higham9Theorem99Direct.source_eq_prefix_add_lowerPivot | NumStability.higham13_source_eq_prefix_add_lowerPivot
045daf28056a6e4358d5de7c22c7a9d7acc2e80e,932,5adee3082cacda217b664b38d160e2ca43163b8bb2dc4507043df991d44f5e38,3006199516,22126,2,1,2,0,0,0,0,0,2,0,false,false,0,no_same_statement_body_edge,,D_no_same_statement_body_edge,NumStability.higham11_8_AasenSpec_identity_source_prefix_T_hat_eq_T_product_majorants_checkerboard_principalBlock_coeff_gamma_validity_of_inverse_entry_bound | NumStability.higham11_8_AasenSpec_identity_source_prefix_T_hat_eq_T_product_majorants_checkerboard_principalBlock_endpoint_of_inverse_entry_bound
045daf28056a6e4358d5de7c22c7a9d7acc2e80e,1121,5d1e6feada76bcd570d4e8936bd39fc7bedc5e8d8f30d52925820fdfb29884ca,3455696371,45691,2,2,2,0,0,0,0,0,2,0,false,false,0,no_same_statement_body_edge,,D_no_same_statement_body_edge,NumStability.Ch14Ext.ch14ext_gjePrintedResidualS2_eq_matrix_action | NumStability.Ch14Ext.ch14ext_cor147_residualS2_printed_eq
045daf28056a6e4358d5de7c22c7a9d7acc2e80e,1701,5d7ac2043697a993aa1c662cde17168874c06226b0de603822e71df9f923ec29,980026250,3456,2,2,2,0,0,0,0,0,2,0,false,false,0,no_same_statement_body_edge,,D_no_same_statement_body_edge,NumStability.partial_pivot_L_row_sum_le | NumStability.problem7_4_rowAbsSum_le_card_of_abs_entry_le_one
045daf28056a6e4358d5de7c22c7a9d7acc2e80e,265,5ea64f0ef1191b2d017d78d103a033c315e2fcca676f7b8d7a46c26da4cc0b56,1441789596,31968,2,2,2,0,0,0,0,0,2,0,false,false,0,no_same_statement_body_edge,,D_no_same_statement_body_edge,NumStability.diagonal_conj_comm | NumStability.diagonal_normal
045daf28056a6e4358d5de7c22c7a9d7acc2e80e,462,608c68d240125fdacc895fce893bfd88c9220c364eca6c349275e5f4d46e7a32,1925914223,8840,2,2,2,0,0,0,0,0,2,0,false,false,0,no_same_statement_body_edge,,D_no_same_statement_body_edge,NumStability.Ch11Closure.AasenDirect.SourceSharp.fl_dotProduct_zero_cons_any_local | H19.Theorem19_13.fl_dotProduct_zero_cons_any
045daf28056a6e4358d5de7c22c7a9d7acc2e80e,126,68f0c17be5f4a3cacfe91e70aff69105a0e02eec4e6cd41dd590dc260a0aeb70,1116696119,8130,2,2,2,0,0,0,0,0,2,0,false,false,0,no_same_statement_body_edge,,D_no_same_statement_body_edge,NumStability.matMul_sub_right_square | NumStability.Ch14Ext.ch14ext_matMul_sub_right
045daf28056a6e4358d5de7c22c7a9d7acc2e80e,11,690bba522c1ba59fd066a2f0e656e1783171707501f77f1e3a3135f1907a6690,2072510137,9357,4,4,4,0,0,0,0,1,3,0,false,false,0,no_same_statement_body_edge,,D_no_same_statement_body_edge,NumStability.Ch11Closure.AasenDirect.SourceSharp.fl_mul_zero_left | NumStability.Ch11Closure.BunchTri.fl_mul_left_zero | NumStability.Ch14Ext.ch14ext_fl_mul_zero_left | H19.Theorem19_13.fl_mul_zero_left
045daf28056a6e4358d5de7c22c7a9d7acc2e80e,632,69750a36849199e270245aec5809ad364ebcc2f74b8d0f7acc72c8a093468fd1,2284404374,36713,2,2,2,0,0,0,0,0,2,0,false,false,0,no_same_statement_body_edge,,D_no_same_statement_body_edge,NumStability.ieeeDoubleFormat_three_fifths_rounds_to | NumStability.FloatingPointFormat.problem2_10_ieeeDouble_threeFifths_rounds_to_lower
045daf28056a6e4358d5de7c22c7a9d7acc2e80e,1445,6a57cb1c460be3f225b277c3fe31854eba22c9481dfac2024a2f7dd30fa165c0,4260744279,12130,2,2,2,0,0,1,0,0,2,0,false,false,0,no_same_statement_body_edge,,D_no_same_statement_body_edge,NumStability.Wave18C.sum_abs_le_sqrt_card_mul_vecNorm2 | NumStability.higham21_eq21_9_sum_abs_le_sqrt_card_mul_vecNorm2
045daf28056a6e4358d5de7c22c7a9d7acc2e80e,926,6ab8b07e40f778780ab4cf7b45ba0d325e2093b042a771720a02186726a311e4,2988945618,36269,2,1,2,0,0,0,0,2,2,0,false,false,0,no_same_statement_body_edge,,D_no_same_statement_body_edge,NumStability.FloatingPointFormat.problem2_10_ieeeDouble_negative_midpoint_above_neg_one_rounds_to_neg_one | NumStability.FloatingPointFormat.problem2_10_ieeeDouble_negative_midpoint_above_one_rounds_to_neg_one
045daf28056a6e4358d5de7c22c7a9d7acc2e80e,971,6c57478fb5273081768b140172315f1658d11b5d19911523f54b1826026e2796,3087571557,31654,2,1,2,0,0,2,0,0,2,0,false,false,0,no_same_statement_body_edge,,D_no_same_statement_body_edge,NumStability.sylvester_practical_error_bound_fl_mono_scalar | NumStability.sylvester_practical_error_bound_fl_of_diagonal_mono_scalar
045daf28056a6e4358d5de7c22c7a9d7acc2e80e,1295,6dd90d1e79fbdaf296ebcfe3ddc094e535509bf4031996707d99a14137c9f3f8,3864683352,13127,2,2,2,0,0,0,0,1,2,0,false,false,0,no_same_statement_body_edge,,D_no_same_statement_body_edge,NumStability.scalarFamily_isBigO_of_nonneg_le | NumStability.Ch14Ext.ch14ext_isBigO_of_nonneg_le
045daf28056a6e4358d5de7c22c7a9d7acc2e80e,816,711b4b654a8818f3eb4bd7454a1cfb99fc9bb257d918bccc9d0587b8553e3e7e,2732679094,6741,2,2,2,0,0,0,0,1,2,0,false,false,0,no_same_statement_body_edge,,D_no_same_statement_body_edge,NumStability.fl_mul_abs_sub_mul_le | NumStability.fl_mul_abs_error_bound
045daf28056a6e4358d5de7c22c7a9d7acc2e80e,1146,727ced9bfc380885013ddbfb28815774c871756dcf39c99e0e834dcd8343c761,3510745896,16209,2,1,2,0,0,0,0,0,2,0,false,false,0,no_same_statement_body_edge,,D_no_same_statement_body_edge,NumStability.higham9_15_normwise_source_bound_of_Gtilde_normalized_linear_step_opNorm_of_inverse_identities_product_lt | NumStability.higham9_15_normwise_source_bound_of_normalized_linear_step_opNorm_of_inverse_identities_product_lt
045daf28056a6e4358d5de7c22c7a9d7acc2e80e,1384,749d336d336dc274050a40011a473cac8c6a46d29d6d3613d3f0f32972d8ae08,4117788210,14902,2,1,2,0,0,2,0,0,2,0,false,false,0,no_same_statement_body_edge,,D_no_same_statement_body_edge,NumStability.higham9_11_bandwidth_two_bohte_solve_tight_of_growth_le | NumStability.higham9_11_pentadiagonal_bohte_solve_tight_of_growth_le
045daf28056a6e4358d5de7c22c7a9d7acc2e80e,190,7652f0ffc35a27adec19b6e8fa8440472b6fffff7b277156b4a50d751fbb72e5,1265672802,5304,2,2,2,0,0,0,0,2,2,0,false,false,0,no_same_statement_body_edge,,D_no_same_statement_body_edge,NumStability.rectOpNorm2Le_of_opNorm2Le_square | NumStability.opNorm2Le_to_rectOpNorm2Le
045daf28056a6e4358d5de7c22c7a9d7acc2e80e,173,76e3714e0e9e3e7bed9c09c1d42f98d1d0d7afd36ac0da0ef9913e2ae6193b25,1230023463,11543,2,2,2,0,0,0,0,2,2,0,false,false,0,no_same_statement_body_edge,,D_no_same_statement_body_edge,NumStability.Ch14Ext.ch14ext_absMatrix_action_nonneg | NumStability.higham14_absMatrix_matMulVec_nonneg
045daf28056a6e4358d5de7c22c7a9d7acc2e80e,1093,77cd080c431098c8a8be10b9a53fd0fc932c9aa844aa62e9c4a6f0e4083579ff,339010818,23489,2,2,2,0,0,0,0,0,2,0,false,false,0,no_same_statement_body_edge,,D_no_same_statement_body_edge,NumStability.higham8_relErrorCounter_one | NumStability.ch5newton_relErrorCounter_one_const
045daf28056a6e4358d5de7c22c7a9d7acc2e80e,46,7bb124644ab82795146102d111ccb83a13f5698c29c600ce4673503425d05f30,1507529961,19466,3,3,3,0,0,0,0,0,3,0,false,false,0,no_same_statement_body_edge,,D_no_same_statement_body_edge,NumStability.higham11_3_infNorm_le_card_mul_of_uniform_componentwise_bound | NumStability.higham11_7_infNorm_le_card_mul_of_uniform_componentwise_bound | NumStability.higham11_8_infNorm_le_card_mul_of_uniform_componentwise_bound
045daf28056a6e4358d5de7c22c7a9d7acc2e80e,12,7ed5e586148a387593e04eef5904e75560ec4e8d8b31dffb52db94397c25598c,2194247863,3366,4,4,4,0,0,0,0,1,4,0,false,false,0,no_same_statement_body_edge,,D_no_same_statement_body_edge,NumStability.ch7_abs_entry_le_infNorm | NumStability.abs_entry_le_infNorm | NumStability.entry_abs_le_infNorm | NumStability.higham11_7_abs_entry_le_infNorm
045daf28056a6e4358d5de7c22c7a9d7acc2e80e,381,81aa5d6ba2ca8711967af4bb401b954363c3f6157192e2e952b6846f857c40c1,1722503040,3392,2,1,2,0,0,2,0,0,2,0,false,false,0,no_same_statement_body_edge,,D_no_same_statement_body_edge,NumStability.componentwise_forward_error_standard | NumStability.normwise_to_componentwise_forward
045daf28056a6e4358d5de7c22c7a9d7acc2e80e,650,825018ffd0286180d7de3185b477b92165fedd673a4b13705e1db86b17bc6d65,2335850611,38802,2,2,2,0,0,0,0,1,2,0,false,false,0,no_same_statement_body_edge,,D_no_same_statement_body_edge,NumStability.higham8_18_gamma_family_isBigO_unit | NumStability.Ch14Ext.ch14ext_cor146Closure_gamma_family_isBigO_u
045daf28056a6e4358d5de7c22c7a9d7acc2e80e,112,82f567e24a97ccba90bc8253905008badd896710ea7258d9aa70e2ef81524260,1098697947,2925,2,2,2,0,0,0,0,2,2,0,false,false,0,no_same_statement_body_edge,,D_no_same_statement_body_edge,NumStability.abs_matMulVec_le | NumStability.ch7_abs_matMulVec_le_abs_matrix_mul_absVec
045daf28056a6e4358d5de7c22c7a9d7acc2e80e,612,832b8bbcda44c8c4a1dd323260a34f1aaf4914eb7925193418b8a5e86d949876,2267458217,8493,2,1,2,0,0,2,0,0,2,0,false,false,0,no_same_statement_body_edge,,D_no_same_statement_body_edge,H19.Theorem19_13.storedSignedSequenceTwiceTrailingSourceClosureData_one_of_tail_reflector_self_dot | H19.Theorem19_13.storedSignedSequenceTwiceTrailingSourceClosureData_one_of_twice_trailing_stage_facts
045daf28056a6e4358d5de7c22c7a9d7acc2e80e,663,8488b6e3dd4f4a28f0cf2f5f6f68e63f93cde4ac0821ae8a989e88bf84506ed1,2369840711,5647,2,2,2,0,0,0,0,1,2,0,false,false,0,no_same_statement_body_edge,,D_no_same_statement_body_edge,NumStability.infNorm_le_mul_of_abs_le_mul_abs | NumStability.higham11_8_infNorm_le_mul_of_componentwise_T_bound
045daf28056a6e4358d5de7c22c7a9d7acc2e80e,912,8677372eb9bf76d3116fcbaabbeebdf24a5977c63a3ded6219e5c2830d2274bd,2951767286,11930,2,2,2,0,0,0,0,1,2,0,false,false,0,no_same_statement_body_edge,,D_no_same_statement_body_edge,NumStability.higham21_finAppend_left_right | NumStability.higham20Eq20_16_append_split
045daf28056a6e4358d5de7c22c7a9d7acc2e80e,135,885af98581a3bdbded75ce27e2dac54fb85ce2ccf4f3147881a45975bc6373a2,1142282848,14877,2,1,2,0,0,2,0,0,2,0,false,false,0,no_same_statement_body_edge,,D_no_same_statement_body_edge,NumStability.higham9_11_bandwidth_two_bohte_solve_tight_of_isBanded | NumStability.higham9_11_pentadiagonal_bohte_solve_tight_of_isBanded
045daf28056a6e4358d5de7c22c7a9d7acc2e80e,384,89c94ca685a0a63f7005d07ba42289aed8f9ec13f0ba19f302da400d31c77aa1,1724627406,23376,2,2,2,0,0,0,0,0,2,0,false,false,0,no_same_statement_body_edge,,D_no_same_statement_body_edge,NumStability.Ch11Closure.TriGrowthInv.productEntry_consTwo_00 | NumStability.Ch11Closure.HFactor.productEntry_consTwo_00
045daf28056a6e4358d5de7c22c7a9d7acc2e80e,1149,8d20ee9e2bde87c83ece46f47b76a24d8c2c4feaa802879bbf7f8f13fc616dbd,3515056696,11509,2,2,2,0,0,0,0,2,2,0,false,false,0,no_same_statement_body_edge,,D_no_same_statement_body_edge,NumStability.lsLemma20_6Projector_den_ne_zero_of_ne_zero | NumStability.higham21_vecNorm2Sq_ne_zero_of_ne_zero
045daf28056a6e4358d5de7c22c7a9d7acc2e80e,1635,8d43d17b632ee34f115db84e951f799dcb259da0b7148f70926979c2c0ffaed5,826999035,48455,2,2,2,0,0,0,0,0,2,0,false,false,0,no_same_statement_body_edge,,D_no_same_statement_body_edge,NumStability.vecNorm2_finset_sum_le | NumStability.mgs_vecNorm2_finset_sum_le
045daf28056a6e4358d5de7c22c7a9d7acc2e80e,1449,8e0509358f9e92f4a1033038e95f94dd1f6ebf2a55571912ddf4850ccc8d2e95,4266779526,32588,2,2,2,0,0,0,0,1,2,0,false,false,0,no_same_statement_body_edge,,D_no_same_statement_body_edge,NumStability.higham21_eq21_8_square_left_inverse | NumStability.higham21_eq21_9_square_left_inverse
045daf28056a6e4358d5de7c22c7a9d7acc2e80e,1187,900e8cd7a7c521fe4d38a7521f428428f47a60ebf8193ff1c9748ab92fdecf16,3577404651,43445,2,1,2,0,0,0,0,0,2,0,false,false,0,no_same_statement_body_edge,,D_no_same_statement_body_edge,NumStability.higham13_problem13_4_A11inv_maxEntryNormRect_from_entrywise_bound | NumStability.higham13_problem13_4_Sinv_maxEntryNormRect_from_entrywise_bound
045daf28056a6e4358d5de7c22c7a9d7acc2e80e,961,90b6d037bc78e5e95e12543c6f7ff23b594a24b084ef5e8f5fe675071556eb06,306542362,15939,2,1,2,0,0,0,0,0,2,0,false,false,0,no_same_statement_body_edge,,D_no_same_statement_body_edge,NumStability.higham9_15_normwise_source_bound_of_Gtilde_normalized_linear_step_opNorm_of_source_inverse_identities_product_lt | NumStability.higham9_15_normwise_source_bound_of_normalized_linear_step_opNorm_of_source_inverse_identities_product_lt
045daf28056a6e4358d5de7c22c7a9d7acc2e80e,270,9198e9f05836dd95bb0a27eaf8ea892aa397b6b4e4fddab054dd1058d545eeb7,1450221177,21965,2,1,2,0,0,0,0,0,2,0,false,false,0,no_same_statement_body_edge,,D_no_same_statement_body_edge,NumStability.higham11_8_AasenSpec_identity_source_prefix_T_hat_eq_T_product_majorants_coeff_gamma_validity_of_inverse_entry_bound | NumStability.higham11_8_AasenSpec_identity_source_prefix_T_hat_eq_T_product_majorants_gamma_parts_gamma_validity_of_inverse_entry_bound
045daf28056a6e4358d5de7c22c7a9d7acc2e80e,765,934a7bb67caae0ea14e60cb6787b31a98903e3b4110dcf87f4ce9ad986043aa0,2592437986,8861,2,1,2,0,0,2,0,0,2,0,false,false,0,no_same_statement_body_edge,,D_no_same_statement_body_edge,H19.Theorem19_13.mgs_qr_bounds_of_storedTrailingPanel_R11_final_prevBlocks_det_uniform_step_budget_frob_self_condition_explicit_radius_of_small_unit_roundoff | H19.Theorem19_13.mgs_qr_bounds_of_storedTrailingPanel_R11_final_prevBlocks_uniform_step_budget_frob_self_condition_explicit_radius_of_small_unit_roundoff
045daf28056a6e4358d5de7c22c7a9d7acc2e80e,1623,939131a4de28fb8eb3225a02bdf184a337a1d8c0538b35de0d816a1d0c60d879,811610337,8978,2,1,2,0,0,2,0,0,2,0,false,false,0,no_same_statement_body_edge,,D_no_same_statement_body_edge,H19.Theorem19_13.storedSignedSequenceTwiceTrailingFinalClosed_of_sourceFaithful_tailVectorEqLoopFacts_exactWithUnitRoundoff | H19.Theorem19_13.storedSignedSequenceTwiceTrailingFinalClosed_of_tailVectorEqLoopFacts_exactWithUnitRoundoff
045daf28056a6e4358d5de7c22c7a9d7acc2e80e,1188,9396361187017c6a7a0f4bebec66012e3d4bfc35a83589bfa7ff231e3c166bf3,35877573,41491,2,2,2,0,0,1,0,0,2,0,false,false,0,no_same_statement_body_edge,,D_no_same_statement_body_edge,NumStability.higham11_1_one_le_bunchSharpGrowthBound | NumStability.one_le_bunchSharpGrowthBound
045daf28056a6e4358d5de7c22c7a9d7acc2e80e,144,951c21df8f9c03621551ee745efb367181ba416c9a5fb2d5c0f94ab96174f2f4,1161924863,37031,2,2,2,0,0,0,0,0,2,0,false,false,0,no_same_statement_body_edge,,D_no_same_statement_body_edge,NumStability.FloatingPointFormat.problem2_10_ieeeDouble_div_four_three | NumStability.FloatingPointFormat.problem2_14_ieeeDouble_four_thirds_rounds_to_lower
045daf28056a6e4358d5de7c22c7a9d7acc2e80e,793,9a096597cd9066933557a98740332d38ba459f32d619e0c7f9220f777b69982f,2669137214,35340,2,2,2,0,0,0,0,1,2,0,false,false,0,no_same_statement_body_edge,,D_no_same_statement_body_edge,NumStability.ieeeDoubleFormat_one_half_finiteSystem | NumStability.FloatingPointFormat.problem2_24_ieeeDouble_half_finiteSystem
045daf28056a6e4358d5de7c22c7a9d7acc2e80e,860,9b685a0853ecb2142b633af27a90f4d24c75b50bb2c7d72f536f0f4948a4e836,2832849147,36665,2,2,2,0,0,0,0,0,2,0,false,false,0,no_same_statement_body_edge,,D_no_same_statement_body_edge,NumStability.ieeeDoubleFormat_two_fifths_rounds_to | NumStability.FloatingPointFormat.problem2_10_ieeeDouble_twoFifths_rounds_to_upper
045daf28056a6e4358d5de7c22c7a9d7acc2e80e,1629,9f4bf07c65cfe6bedb5d9f95bde17f22dc40058a51c34b08ab46b442b7fa1433,823940025,39858,2,2,2,0,0,0,0,1,2,0,false,false,0,no_same_statement_body_edge,,D_no_same_statement_body_edge,NumStability.Higham9Theorem99Direct.upper_offdiag_sum_eq_strictUpper | NumStability.Ch14Ext.ch14ext_upper_offdiag_sum_eq_strictUpper
045daf28056a6e4358d5de7c22c7a9d7acc2e80e,997,9f5529c021c90ab7143496ae580f18f7183c91de5e5b5f830c08820bd8fde64d,3166518456,9168,2,1,2,0,0,0,0,0,2,0,false,false,0,no_same_statement_body_edge,,D_no_same_statement_body_edge,H19.Theorem19_13.mgs_qr_bounds_of_storedTrailingPanel_R11_final_prevBlocks_det_uniform_step_budget_frob_condition_explicit_radius_of_small_unit_roundoff | H19.Theorem19_13.mgs_qr_bounds_of_storedTrailingPanel_R11_final_prevBlocks_uniform_step_budget_frob_condition_explicit_radius_of_small_unit_roundoff
045daf28056a6e4358d5de7c22c7a9d7acc2e80e,480,9fcb3558a838ac30586e4b53055b2ca35e9dd6a2d828feedb92ee44bfdf83b5b,1965613916,39885,2,2,2,0,0,0,0,0,2,0,false,false,0,no_same_statement_body_edge,,D_no_same_statement_body_edge,NumStability.Higham9Theorem99Direct.reducedEntry_abs_le_two_maxEntryNorm | NumStability.higham13_eq13_23_pointRow_reducedEntry_abs_le_two_maxEntryNorm
045daf28056a6e4358d5de7c22c7a9d7acc2e80e,1408,a3d137602b1c23e8cbb0650fa5cf9f5cbcbee31c13b96015f396fe3cfe240af0,4177023686,26298,2,1,2,0,0,2,0,0,2,0,false,false,0,no_same_statement_body_edge,,D_no_same_statement_body_edge,NumStability.existsUnique_sylvesterVecCoeff_mulVec_of_operator_sigmaMin | NumStability.existsUnique_sylvesterVecCoeff_nonsingInv_mulVec_solution_of_operator_sigmaMin
045daf28056a6e4358d5de7c22c7a9d7acc2e80e,368,a4a20483f396b393d74f77dba3af5136e51693b1ddbd997185fb5cb0ce071be8,1690039370,16101,2,1,2,0,0,2,0,0,2,0,false,false,0,no_same_statement_body_edge,,D_no_same_statement_body_edge,NumStability.higham9_15_normwise_source_bound_of_Gtilde_normalized_linear_step_opNorm_of_inverse_identities_exact_opNorm2 | NumStability.higham9_15_normwise_source_bound_of_normalized_linear_step_opNorm_of_inverse_identities_exact_opNorm2
045daf28056a6e4358d5de7c22c7a9d7acc2e80e,110,a4b5352fc23d24169f20081bd509bd527ea8e635ba7f613857bdf738349365ee,1094852687,36789,2,2,2,0,0,0,0,0,2,0,false,false,0,no_same_statement_body_edge,,D_no_same_statement_body_edge,NumStability.ieeeDoubleFormat_one_fifth_rounds_to | NumStability.FloatingPointFormat.problem2_10_ieeeDouble_oneFifth_rounds_to_upper
045daf28056a6e4358d5de7c22c7a9d7acc2e80e,735,a685e6a1caaa546ae1712be037aadb144c688fb7881e99a63701cc981be6d350,2511412887,16960,2,1,2,0,0,0,0,0,2,0,false,false,0,no_same_statement_body_edge,,D_no_same_statement_body_edge,NumStability.higham9_12_totalNonnegative_exists_LUFactSpec_growthFactorEntry_le_one | NumStability.higham9_6_growthFactorEntry_le_one_of_totalNonnegative_det_ne_zero
045daf28056a6e4358d5de7c22c7a9d7acc2e80e,1365,a8eebd8f1a97a80137567f84900fe4563676ef8c349104c59421fcb8efacf7d2,4069302556,39888,2,2,2,0,0,0,0,0,2,0,false,false,0,no_same_statement_body_edge,,D_no_same_statement_body_edge,NumStability.Higham9Theorem99Direct.rectPrefixDot_eq_source_of_row_or_col_eliminated | NumStability.higham13_rectPrefixDot_eq_source_of_row_or_col_eliminated
045daf28056a6e4358d5de7c22c7a9d7acc2e80e,1707,af88f0abe2eb54726a920200c8c4c3aa4864581f7a04c9f07f3865330e52b0fe,994266586,2701,2,2,2,0,0,0,0,2,2,0,false,false,0,no_same_statement_body_edge,,D_no_same_statement_body_edge,NumStability.vecNorm2_finiteBasisVec | NumStability.ch7Problem79_vecNorm2_finiteBasisVec
045daf28056a6e4358d5de7c22c7a9d7acc2e80e,928,b107c953558fe803babe80713b861ebd21b18f713f791066d75eedec3af34119,2991071633,3598,2,2,2,0,0,0,0,2,2,0,false,false,0,no_same_statement_body_edge,,D_no_same_statement_body_edge,NumStability.higham8_relErrorCounter_single | NumStability.relErrorCounter_one_add
045daf28056a6e4358d5de7c22c7a9d7acc2e80e,1081,b666afc346d615c972d3e29f99c7594a0b2b599ac7c0d68bb4686c69c946de3e,337225259,41517,2,2,2,0,0,0,0,0,2,0,false,false,0,no_same_statement_body_edge,,D_no_same_statement_body_edge,NumStability.higham11_1_bunchSharpGrowthBound_le_of_le | NumStability.bunchSharpGrowthBound_le_of_le
045daf28056a6e4358d5de7c22c7a9d7acc2e80e,1049,b687dff8d8a7f77b5b8ff263e3923ada31060f24d60f1a5b65590f4b3ee6534f,3308642444,23336,2,2,2,0,0,0,0,0,2,0,false,false,0,no_same_statement_body_edge,,D_no_same_statement_body_edge,NumStability.Ch11Closure.TriGrowthInv.fl_div_mul_abs_le | NumStability.Ch11Closure.HFactor.fl_div_mul_abs_le
045daf28056a6e4358d5de7c22c7a9d7acc2e80e,999,b7688f1359a75ac4fdd3568f0133ef2f5ea7eccc767601becfaaf295ef6306d0,3168132296,8608,2,1,2,0,0,2,0,0,2,0,false,false,0,no_same_statement_body_edge,,D_no_same_statement_body_edge,H19.Theorem19_13.mgs_qr_bounds_of_storedTrailingPanel_final_panel_eq_final_prevBlocks_det_uniform_step_budget_frob_self_condition_explicit_radius_of_small_unit_roundoff | H19.Theorem19_13.mgs_qr_bounds_of_storedTrailingPanel_final_panel_eq_final_prevBlocks_uniform_step_budget_frob_self_condition_explicit_radius_of_small_unit_roundoff
045daf28056a6e4358d5de7c22c7a9d7acc2e80e,1201,bc8d3b6466baaffbddde4ddab7eb02ed007a9c12fb1cea991a95c23a889e2f3d,3623514045,16577,2,1,2,0,0,2,0,0,2,0,false,false,0,no_same_statement_body_edge,,D_no_same_statement_body_edge,NumStability.higham9_15_normwise_source_bound_of_Gtilde_normalized_linear_step_opNorm_of_source_inverse_identities_exact_opNorm2 | NumStability.higham9_15_normwise_source_bound_of_normalized_linear_step_opNorm_of_source_inverse_identities_exact_opNorm2
045daf28056a6e4358d5de7c22c7a9d7acc2e80e,747,c4721d6ecb9a8851570a5e40dc3c2b2586b86ca59515b32421a463d1d364a4d7,2550710547,35135,2,2,2,0,0,0,0,0,2,0,false,false,0,no_same_statement_body_edge,,D_no_same_statement_body_edge,NumStability.FloatingPointFormat.decimalOneDigitTwoExponentFormat_normalizedExponentRepresentation_one | NumStability.problem2_18_decimalOneDigitTwoExponentFormat_normalizedExponentRepresentation_one
045daf28056a6e4358d5de7c22c7a9d7acc2e80e,101,c4d05f7de3eba1e83923f5be6a79de1ec81b1197cc4c3d725667204f759f1ae4,1075537206,55163,2,2,2,0,0,1,0,1,1,0,false,false,0,no_same_statement_body_edge,,D_no_same_statement_body_edge,NumStability.stewartInputSplitEquiv_symm_succ | NumStability.split_succ
045daf28056a6e4358d5de7c22c7a9d7acc2e80e,717,c4e70b2cc1ea62fd72bd05e08aa57fa78cf8ca818ad58c166487ff1d2523c988,2470614071,4755,2,1,2,0,0,1,0,1,2,0,false,false,0,no_same_statement_body_edge,,D_no_same_statement_body_edge,NumStability.quadForm_abs_le_of_entrywise_le | NumStability.quadForm_cert_of_entrywise
045daf28056a6e4358d5de7c22c7a9d7acc2e80e,214,c5899cbf63896a7a3f1c2ff1f6f2b401a32f30f3e969454da33b551f21ad809e,1345151135,32572,2,2,2,0,0,0,0,0,2,0,false,false,0,no_same_statement_body_edge,,D_no_same_statement_body_edge,NumStability.higham21_eq21_8_base_system_with | NumStability.higham21_eq21_9_base_system
045daf28056a6e4358d5de7c22c7a9d7acc2e80e,275,c5fcd5d8ed6300d5a5babb8e76c4165e2e7053c9376eed4bb0ce62f8a4705c53,1488767360,7685,2,2,2,0,0,0,0,1,2,0,false,false,0,no_same_statement_body_edge,,D_no_same_statement_body_edge,NumStability.opNorm2Le_neg | NumStability.higham14_problem14_15_opNorm2Le_neg
045daf28056a6e4358d5de7c22c7a9d7acc2e80e,1095,c67a3c44f9734748805ebb1224d86f37413f01526c52d7623caada7c6f49e61a,3395780952,25240,2,1,2,0,0,0,0,2,2,0,false,false,0,no_same_statement_body_edge,,D_no_same_statement_body_edge,NumStability.higham21_lemma21_2_epsE_le_source_radius_of_eps_le_rhoG | NumStability.higham21_lemma21_2_epsE_le_tauE_of_eps_le_rhoG_product_bound
045daf28056a6e4358d5de7c22c7a9d7acc2e80e,1296,ca85bdd24b3a8b8ba0715d08acdf0cff8d8fd663963a3608e6d5ce5ea7ade42a,3865110924,26475,2,2,2,0,0,0,0,2,2,0,false,false,0,no_same_statement_body_edge,,D_no_same_statement_body_edge,NumStability.add_then_scale_coeff_le_gamma | NumStability.higham14_unit_roundoff_add_one_plus_u_mul_gamma_le_gamma_succ
045daf28056a6e4358d5de7c22c7a9d7acc2e80e,64,caefb6876f2a29d449dd7bcc172ca63c06b48993d9b35dda4c03d3c9f6a5be50,3607392748,4761,3,3,3,0,0,1,0,1,3,0,false,false,0,no_same_statement_body_edge,,D_no_same_statement_body_edge,NumStability.matMul_leftInverse_eq_rightInverse | NumStability.higham8_13_leftInverse_eq_rightInverse | NumStability.Ch15.ch15p4_leftInv_eq_rightInv
045daf28056a6e4358d5de7c22c7a9d7acc2e80e,1071,cbbdc60ef218870985af5765d48f779c2770a049f3e4d8473675c77f95dcb0cc,3358780544,11847,2,2,2,0,0,0,0,1,2,0,false,false,0,no_same_statement_body_edge,,D_no_same_statement_body_edge,NumStability.finMaskedPrefixSum_eq_finSum | NumStability.flCGS_sum_guard_eq
045daf28056a6e4358d5de7c22c7a9d7acc2e80e,959,ce2be608c7e677aa11f654b3186753a0fea6c8e96c983d01c94f9c9756644b8c,3063868894,19071,2,1,2,0,0,2,0,0,2,0,false,false,0,no_same_statement_body_edge,,D_no_same_statement_body_edge,NumStability.higham11_4_bunch_kaufman_stability_interface_of_path_offbranch_D_entries_zero_local_D_L_row_sum_bound_maxEntryNorm_A | NumStability.higham11_4_bunch_kaufman_stability_of_path_offbranch_D_entries_zero_local_D_L_row_sum_bound_maxEntryNorm_A
045daf28056a6e4358d5de7c22c7a9d7acc2e80e,1575,d145a0745b1da97acff469a826450fdcbe042fff58ee724cbc407f2e7884b339,687733906,4754,2,2,2,0,0,0,0,2,2,0,false,false,0,no_same_statement_body_edge,,D_no_same_statement_body_edge,NumStability.opNorm2Le_matMul_square_of_bounds | NumStability.opNorm2Le_matMul
045daf28056a6e4358d5de7c22c7a9d7acc2e80e,284,d22d9d48234c99259f6b86ee8ca3f2239cfc3f04c73e3439d61309f7a54bc8fd,1509526903,17475,2,1,2,0,0,0,0,0,2,0,false,false,0,no_same_statement_body_edge,,D_no_same_statement_body_edge,NumStability.higham9_16_exists_RookPivotCompletePermutedLUFactSpec_L_bound_growth_le_pow_two_of_det_ne_zero | NumStability.higham9_8_exists_CompletePermutedLUFactSpec_L_bound_growth_le_pow_two_of_det_ne_zero
045daf28056a6e4358d5de7c22c7a9d7acc2e80e,815,d30b3ec280ad4a5e54ea4d6cb2da9a802a34ffd6371a99c0d25387e25c8216dc,2732227849,45212,2,2,2,0,0,0,0,2,2,0,false,false,0,no_same_statement_body_edge,,D_no_same_statement_body_edge,NumStability.Ch14Ext.ch14ext_matrixVectorFamily_mul_isBigOOne | NumStability.Ch14Ext.ch14ext_matrixFamily_mul_vectorFamily_isBigOOne
045daf28056a6e4358d5de7c22c7a9d7acc2e80e,1354,d31635c6915a5b639075ace0a57c2f0f4e9df208864974d21330279b71a98a39,4023713674,18622,2,1,2,0,0,2,0,0,2,0,false,false,0,no_same_statement_body_edge,,D_no_same_statement_body_edge,NumStability.higham11_4_bunch_kaufman_solve_backward_error_interface_of_path_offbranch_local_entries_zero_local_D_L_row_sum_bound_maxEntryNorm_A_product | NumStability.higham11_4_bunch_kaufman_solve_backward_error_of_path_offbranch_local_entries_zero_local_D_L_row_sum_bound_maxEntryNorm_A_product
045daf28056a6e4358d5de7c22c7a9d7acc2e80e,1132,d3dfcdb87ccb800c0d213200d1ba07c7cdfcb85d882fc0514683c58a89222f06,3484564219,16947,2,1,2,0,0,2,0,0,2,0,false,false,0,no_same_statement_body_edge,,D_no_same_statement_body_edge,NumStability.higham9_16_wilkinson_source_bound_exists_of_RookPivotGEUTrace_of_det_ne_zero | NumStability.higham9_5_wilkinson_source_bound_exists_of_CompletePivotGECPUTrace_of_det_ne_zero
045daf28056a6e4358d5de7c22c7a9d7acc2e80e,1431,d48a90aeb9871a7c41a751f9c1f51a82caca8336ee8e5be36c19cb7f2fed3c9e,4233600520,23299,2,2,2,0,0,0,0,1,1,0,false,false,0,no_same_statement_body_edge,,D_no_same_statement_body_edge,NumStability.Ch11Closure.BunchTri.fl_sub_zero_zero | NumStability.Ch14Ext.ch14ext_fl_sub_zero_zero
045daf28056a6e4358d5de7c22c7a9d7acc2e80e,1287,d5473ad242bf43cfc30597b911b294851ffd1275b2be6f73d316b488ffac81e5,3840954377,19031,2,2,2,0,0,0,0,0,2,0,false,false,0,no_same_statement_body_edge,,D_no_same_statement_body_edge,NumStability.higham11_4_nonneg_of_uniform_abs_entry_bound | NumStability.higham11_8_nonneg_of_uniform_abs_entry_bound
045daf28056a6e4358d5de7c22c7a9d7acc2e80e,1222,d5fefd27646f6dd5048f52cfe32610b96ff000ed5bb5181a1f5419415fe18d80,3692183840,43472,2,1,2,0,0,0,0,2,2,0,false,false,0,no_same_statement_body_edge,,D_no_same_statement_body_edge,NumStability.higham13_problem13_4_L21_eq13_22_premise_from_source_global_growth_tableau_exact_kappa | NumStability.higham13_problem13_4_L21_eq13_22_premise_from_source_growthFactorEntry_exact_kappa
045daf28056a6e4358d5de7c22c7a9d7acc2e80e,213,d6390906524be4a2b2fd44779c1038f24fb2ca5dc51ad3b35de8cbf8167fff7c,1345015360,23388,2,2,2,0,0,0,0,0,2,0,false,false,0,no_same_statement_body_edge,,D_no_same_statement_body_edge,NumStability.Ch11Closure.TriGrowthInv.productEntry_consTwo_10 | NumStability.Ch11Closure.HFactor.productEntry_consTwo_10
045daf28056a6e4358d5de7c22c7a9d7acc2e80e,686,d78b3a880609ed419f02e50f85e24d935fd86195ced8703a8aae966d3ec28924,2410396603,45190,2,2,2,0,0,1,0,1,2,0,false,false,0,no_same_statement_body_edge,,D_no_same_statement_body_edge,NumStability.Ch14Ext.ch14ext_matrixFamily_mul_isBigOOne | NumStability.Ch14Ext.ch14ext_matrixFamily_mul_family_isBigOOne
045daf28056a6e4358d5de7c22c7a9d7acc2e80e,1440,d852720ace6954f4fade5b883ac6773061f4b89757572930e0c3c387a8c97a23,4250473495,31689,2,1,2,0,0,2,0,0,2,0,false,false,0,no_same_statement_body_edge,,D_no_same_statement_body_edge,NumStability.sylvester_practical_error_bound_fl_mono | NumStability.sylvester_practical_error_bound_fl_of_diagonal_mono
045daf28056a6e4358d5de7c22c7a9d7acc2e80e,1529,da14ab458afc3d3f4e59a07f33ab3eb7c62b56b24566c297370986506c794036,582341772,14873,2,1,2,0,0,2,0,0,2,0,false,false,0,no_same_statement_body_edge,,D_no_same_statement_body_edge,NumStability.higham9_11_bandwidth_two_bohte_solve_tight_of_isBanded_growth_le | NumStability.higham9_11_pentadiagonal_bohte_solve_tight_of_isBanded_growth_le
045daf28056a6e4358d5de7c22c7a9d7acc2e80e,1231,dd1ade1ea6652e605feb6d1a11ffcce51c5dfb5a2a8a6d1ec6d286231d27a8e7,3704587769,38699,2,2,2,0,0,0,0,0,2,0,false,false,0,no_same_statement_body_edge,,D_no_same_statement_body_edge,NumStability.ch6aside_op2_mul_le | NumStability.higham22_problem22_7_complexMatrixOp2_mul_le
045daf28056a6e4358d5de7c22c7a9d7acc2e80e,922,e037f03555a7590ef448ace1600b175065ea7747c5c03178c8f9a36ab4a1e540,2979205792,4777,2,2,2,0,0,0,0,2,2,0,false,false,0,no_same_statement_body_edge,,D_no_same_statement_body_edge,NumStability.eps_tot_le_gamma_3n1 | NumStability.higham20_cholesky_solve_coefficient_le_gamma_3n1
045daf28056a6e4358d5de7c22c7a9d7acc2e80e,558,e1d7b799df124b4c3692ea91ef42cad98dc03ddabbc7f6d04f9cf7eb13eaff52,2170265310,3351,2,2,2,0,0,0,0,1,2,0,false,false,0,no_same_statement_body_edge,,D_no_same_statement_body_edge,NumStability.maxEntryNorm_le_of_entry_le_bound | NumStability.higham9_13_maxEntryNorm_bound_of_entry_bound
045daf28056a6e4358d5de7c22c7a9d7acc2e80e,974,e2ead13868bf7e0f7f25b3452f29c6a03a2f4d34fff7512749485b403be2d471,3094911418,43583,2,1,2,0,0,2,0,0,2,0,false,false,0,no_same_statement_body_edge,,D_no_same_statement_body_edge,NumStability.higham13_eq13_5_from_triangular_solve_spec | NumStability.higham13_eq13_8_from_triangular_solve_spec
045daf28056a6e4358d5de7c22c7a9d7acc2e80e,386,e7780f69b8e944190248b28f90521df9b3e825d8e6fdb3adaa8eae9561fbe39f,1729901535,24481,2,2,2,0,0,2,0,0,2,0,false,false,0,no_same_statement_body_edge,,D_no_same_statement_body_edge,NumStability.sylvester_relative_perturbation_diagonal_of_vecCoeff_entrywise_abs_ge | NumStability.sylvester_relative_perturbation_diagonal_of_entrywise_abs_ge
045daf28056a6e4358d5de7c22c7a9d7acc2e80e,921,e8a867a807062e51ce630a8507bafce8dd287b7756bdc87993b6f586fe5ce02f,2976964404,16269,2,1,2,0,0,0,0,0,2,0,false,false,0,no_same_statement_body_edge,,D_no_same_statement_body_edge,NumStability.higham9_15_normwise_source_bound_of_Gtilde_normalized_linear_step_opNorm_of_inverse_identities | NumStability.higham9_15_normwise_source_bound_of_normalized_linear_step_opNorm_of_inverse_identities
045daf28056a6e4358d5de7c22c7a9d7acc2e80e,456,eb4f386042e282aff0651f72a0953f94547acab3d1930f19c91be9e9bef1418f,1909296951,51389,2,2,2,0,0,0,0,1,2,0,false,false,0,no_same_statement_body_edge,,D_no_same_statement_body_edge,NumStability.higham22_one_add_ne_zero_of_norm_lt_one | NumStability.higham24_one_add_ne_zero_of_norm_lt_one
045daf28056a6e4358d5de7c22c7a9d7acc2e80e,1654,eb4fd4e2ed70171404727d5eb0be753b798a80fac580b2ffd80968ebe169c2fc,882604291,8597,2,1,2,0,0,0,0,0,2,0,false,false,0,no_same_statement_body_edge,,D_no_same_statement_body_edge,H19.Theorem19_13.storedTrailingPanel_R_diag_ne_zero_of_leading_block_det_ne_zero_sequence_budget | H19.Theorem19_6.stored_panel_sequence_diag_nonzero_of_leading_block_det_ne_zero_sequence_budget
045daf28056a6e4358d5de7c22c7a9d7acc2e80e,1016,ebad4744c4928aa0a40ce019ec2d8011d86da3ebc0d7070ddce603de08bbefd9,3222413328,29078,2,2,2,0,0,0,0,1,2,0,false,false,0,no_same_statement_body_edge,,D_no_same_statement_body_edge,NumStability.fl_add_abs_error_bound | NumStability.priestDB_add_defect_bound
045daf28056a6e4358d5de7c22c7a9d7acc2e80e,192,ef4e82ca591357b4bcbbc169369ed5ee4cd949d78db3682ecee80220072d4033,1270806971,9490,2,2,2,0,0,2,0,0,2,0,false,false,0,no_same_statement_body_edge,,D_no_same_statement_body_edge,NumStability.Wave18A.theorem19_6_elementwise_packaging_residual | NumStability.Wave18B.theorem19_6_elementwise_entry_packaging_residual
045daf28056a6e4358d5de7c22c7a9d7acc2e80e,1261,f11b10d628340839f1473b2419f1b0ec59d3125bf033462225fd56c107feccf3,3770398514,39859,2,2,2,0,0,0,0,1,2,0,false,false,0,no_same_statement_body_edge,,D_no_same_statement_body_edge,NumStability.Higham9Theorem99Direct.rowDiagDominant_exists_exactNoPivotLU_rowUpper | NumStability.Ch14Ext.ch14ext_rowDiagDominant_exists_exactNoPivotLU_rowUpper
045daf28056a6e4358d5de7c22c7a9d7acc2e80e,1671,f20be8922a08b23a05b5cf6af615198e6212f717e05fd14fe75fb1186ae33db3,917806761,9573,2,2,2,0,0,0,0,1,2,0,false,false,0,no_same_statement_body_edge,,D_no_same_statement_body_edge,NumStability.ch7_matMul_le_of_nonneg_left | NumStability.higham11_7_matMul_mono_right_factor
045daf28056a6e4358d5de7c22c7a9d7acc2e80e,641,f22a38125ce0233b4e9bf31e20a5526ff4b937c636e46132c246d0f1967cd3b8,2310099211,37080,2,2,2,0,0,0,0,0,2,0,false,false,0,no_same_statement_body_edge,,D_no_same_statement_body_edge,NumStability.ieeeDoubleFormat_one_tenth_rounds_to | NumStability.FloatingPointFormat.problem2_10_ieeeDouble_oneTenth_rounds_to_upper
045daf28056a6e4358d5de7c22c7a9d7acc2e80e,303,f3edb4b373781cad8bd70ef4250249e896adae49d7a30d8be34aeeb34ad61f35,1570814201,23389,2,2,2,0,0,0,0,0,2,0,false,false,0,no_same_statement_body_edge,,D_no_same_statement_body_edge,NumStability.Ch11Closure.TriGrowthInv.productEntry_consOne_0s | NumStability.Ch11Closure.HFactor.productEntry_consOne_0s
045daf28056a6e4358d5de7c22c7a9d7acc2e80e,369,f454783775049b50cf8a03b4bc91bbd56b71fb5938ffb430cc221b9ac943951d,1692212530,25507,2,2,2,0,0,0,0,2,2,0,false,false,0,no_same_statement_body_edge,,D_no_same_statement_body_edge,NumStability.higham21_opNorm2_eq_complexMatrixOp2_realRectToCMatrix | NumStability.higham14_problem14_13_opNorm2_eq_complexMatrixOp2_realRectToCMatrix
045daf28056a6e4358d5de7c22c7a9d7acc2e80e,1469,f47bac931731358c8256b339c7bfc032d35a25d56b276513cc262b13f2c0f03a,447716049,25375,2,1,2,0,0,1,0,0,2,0,false,false,0,no_same_statement_body_edge,,D_no_same_statement_body_edge,NumStability.higham21_lemma21_2_symmetrized_min_norm_of_gram_pseudoinverse_source_factors | NumStability.higham21_lemma21_2_symmetrized_min_norm_of_transpose_range
045daf28056a6e4358d5de7c22c7a9d7acc2e80e,856,f5659d904b34d722714ce303185c8993ab94a5f0941b54cc6322dfdb8a13988d,2827714561,31696,2,1,2,0,0,1,0,0,2,0,false,false,0,no_same_statement_body_edge,,D_no_same_statement_body_edge,NumStability.sylvester_practical_error_bound_fl | NumStability.sylvester_practical_error_bound_fl_of_diagonal
045daf28056a6e4358d5de7c22c7a9d7acc2e80e,1505,f5a90b89d72394f4a0c0346e435d0505b2ef88b23bdd6eaf8a69ddb4f1f031d0,526781531,55462,2,2,2,0,0,0,0,0,2,0,false,false,0,no_same_statement_body_edge,,D_no_same_statement_body_edge,NumStability.pascalOscillation2_alternatingCofactor_relation | NumStability.pascalOscillation_alternatingCofactor_relation
045daf28056a6e4358d5de7c22c7a9d7acc2e80e,286,f60daf6caa2007a8fca7e365d9b9f5311561477e0db36666dab78e1124b7c862,1513444156,39886,2,2,2,0,0,0,0,0,2,0,false,false,0,no_same_statement_body_edge,,D_no_same_statement_body_edge,NumStability.Higham9Theorem99Direct.luFirstStepU_rowDiagDominant | NumStability.Ch14Ext.ch14ext_luFirstStepU_rowDiagDominant
045daf28056a6e4358d5de7c22c7a9d7acc2e80e,550,f7e2ba356432902c18abb31fe9f18cab3241fd3df3f03069ea83b549731c5632,2142972210,10033,2,2,2,0,0,0,0,2,2,0,false,false,0,no_same_statement_body_edge,,D_no_same_statement_body_edge,NumStability.theorem20_7_pivotMax_of_activeMaxPivotColumn_nat | NumStability.storedQRActiveMaxPivotColumn_pivotMax
045daf28056a6e4358d5de7c22c7a9d7acc2e80e,392,f99d6f8a98de10a86ea0eb6c65a60b46166072ab0c7c8173a3005f01df347cc0,1743930754,18933,2,1,2,0,0,2,0,0,2,0,false,false,0,no_same_statement_body_edge,,D_no_same_statement_body_edge,NumStability.higham11_3_block_ldlt_backward_error_interface_of_BlockLDLTBackwardError_of_path_local_D_L_row_sum_bound_maxEntryNorm_A | NumStability.higham11_3_block_ldlt_backward_error_interface_of_BlockLDLTBackwardError_of_path_local_L_row_sum_source_six_growth_bounds_maxEntryNorm_A
045daf28056a6e4358d5de7c22c7a9d7acc2e80e,222,faf0346d43fe5c5cb2a90c702687ed520fa2f5da9980b52d8932674ba53cba6c,1357926849,9486,2,2,2,0,0,0,0,0,2,0,false,false,0,no_same_statement_body_edge,,D_no_same_statement_body_edge,NumStability.Wave18A.scalarAffineGrowthBudget_le_nsmul_pow_mul | NumStability.Wave18B.scalarAffineGrowthBudget_le_steps_mul_pow_mul
045daf28056a6e4358d5de7c22c7a9d7acc2e80e,66,fcd81286105b9c8c789e084f8e4e4488b1855859ade0c7be6d419a55220ae58f,3865459375,48790,3,3,3,0,0,0,0,0,3,0,false,false,0,no_same_statement_body_edge,,D_no_same_statement_body_edge,NumStability.Higham19PolarNearest.vecNorm2_rectMatMulVec_eq_of_orthonormal | NumStability.H19Sensitivity.vecNorm2_rectMatMulVec_eq_of_orthonormal | NumStability.Problem20_5.orthonormal_columns_action_norm_eq
045daf28056a6e4358d5de7c22c7a9d7acc2e80e,562,ff84009b2ccc0ef2c0172a265536c0de47314d1d7330ac1e878b99d8ee495898,2184129991,6312,2,2,2,0,0,0,0,1,2,0,false,false,0,no_same_statement_body_edge,,D_no_same_statement_body_edge,NumStability.abs_entry_le_columnFrob | NumStability.Wave13.abs_entry_le_columnFrob
045daf28056a6e4358d5de7c22c7a9d7acc2e80e,408,027f5bd0a99a121b30071fab5a0567f69aa23a33d2252646a54451eb5f2507a7,178508793,31149,2,1,1,1,0,2,0,0,0,1,false,false,0,mixed_reserved_nonreserved,,E_mixed_reserved_nonreserved,NumStability.InsertionScheduleTree.maxLeafDepth.eq_1 | NumStability.InsertionScheduleTree.maxLeafDepth_leaf
045daf28056a6e4358d5de7c22c7a9d7acc2e80e,1019,03837659a50017b3771885b73f6f2fe33a796ac69313c6a1851da8c1f2cbb2b7,3231078472,42946,2,1,1,1,0,1,0,1,1,1,false,false,0,mixed_reserved_nonreserved,,E_mixed_reserved_nonreserved,NumStability.higham13_algorithm13_3_schurStageBlock.eq_1 | NumStability.higham13_algorithm13_3_schurStageBlock_zero
045daf28056a6e4358d5de7c22c7a9d7acc2e80e,272,0399cc65e03b56d73e1c2eec60b10ab0beb4f2009387afc509a1ca457457e277,1477074043,34162,2,1,1,1,0,2,0,0,0,1,false,false,0,mixed_reserved_nonreserved,,E_mixed_reserved_nonreserved,NumStability.inverseSquareExactReverseAccumulatorFrom.eq_1 | NumStability.inverseSquareExactReverseAccumulatorFrom_zero
045daf28056a6e4358d5de7c22c7a9d7acc2e80e,352,060e98551ffe556dedf3a782df7fc4a58a8128ee6985401547a1150095665fea,1657624158,27130,2,1,1,1,0,1,0,1,1,1,false,false,0,mixed_reserved_nonreserved,,E_mixed_reserved_nonreserved,NumStability.ieeePrimitiveFiniteOverInfinityResult?.eq_4 | NumStability.ieeePrimitiveFiniteOverInfinityResult?_posZero_of_negZero_negInf
045daf28056a6e4358d5de7c22c7a9d7acc2e80e,202,07e469e211956dee06b9a86a1d664f954ac7252a8db896b08925a6e341ec7e57,1304176168,30591,2,2,1,1,0,2,0,0,1,1,false,false,0,mixed_reserved_nonreserved,,E_mixed_reserved_nonreserved,NumStability.fl_kahanNoGuardSum_eq_state_s | NumStability.fl_kahanNoGuardSum.eq_1
045daf28056a6e4358d5de7c22c7a9d7acc2e80e,1628,081c9201ca1840856f19d0c6875536b3a14bd36ed1f92ec9cd681d2908c85587,82377243,34453,2,1,1,1,0,2,0,0,0,1,false,false,0,mixed_reserved_nonreserved,,E_mixed_reserved_nonreserved,NumStability.inverseSquareSingleForwardAccumulatorFrom.eq_1 | NumStability.inverseSquareSingleForwardAccumulatorFrom_zero
045daf28056a6e4358d5de7c22c7a9d7acc2e80e,909,091814ac68c602025919217370144997c983e1293e38fe5034a87d8ca59bf79c,2947974475,27741,2,1,1,1,0,2,0,0,1,1,false,false,0,mixed_reserved_nonreserved,,E_mixed_reserved_nonreserved,NumStability.ieeePrimitiveInfinityPropagationResult?.eq_18 | NumStability.ieeePrimitiveInfinityPropagationResult?_sub_posInf_negInf
045daf28056a6e4358d5de7c22c7a9d7acc2e80e,490,091daa4d072131676a6d3ed7f94fd438ac4fb1bf5ef62205aadb2d8683425ed8,199397028,30555,2,1,1,1,0,2,0,0,1,1,false,false,0,mixed_reserved_nonreserved,,E_mixed_reserved_nonreserved,NumStability.fl_kahanModifiedNoGuardCorrection.eq_1 | NumStability.fl_kahanModifiedNoGuardCorrection_eq_state_e
045daf28056a6e4358d5de7c22c7a9d7acc2e80e,1589,0be964a58a4437a42beb14ba8e3389ad581e98d6639b0770de17ddc818191044,723704418,29699,2,1,1,1,0,2,0,0,1,1,false,false,0,mixed_reserved_nonreserved,,E_mixed_reserved_nonreserved,NumStability.fl_priestCorrection.eq_1 | NumStability.fl_priestCorrection_eq_state_c
045daf28056a6e4358d5de7c22c7a9d7acc2e80e,184,0d858debaa85a06ae1bc139c0efe66a5421699eb2d6ec8f31ef22b024522ecba,1250538384,6460,2,1,1,1,0,2,0,0,0,1,false,false,0,mixed_reserved_nonreserved,,E_mixed_reserved_nonreserved,NumStability.householderQRPanel_QhatAccumBound.eq_1 | NumStability.householderQRPanel_QhatAccumBound_zero_rows
045daf28056a6e4358d5de7c22c7a9d7acc2e80e,1315,0de7b58431ee4c014f893c1302c6587827dde8d9ab73f1e0ce573d112330dd13,3909517134,30587,2,2,1,1,0,2,0,0,1,1,false,false,0,mixed_reserved_nonreserved,,E_mixed_reserved_nonreserved,NumStability.fl_kahanNoGuardCorrection_eq_state_e | NumStability.fl_kahanNoGuardCorrection.eq_1
045daf28056a6e4358d5de7c22c7a9d7acc2e80e,1405,0eaed9fc40af52bd60b5e8f35828a750db6df84e5a98bb5a6d6a89e538f49454,4171399963,27204,2,1,1,1,0,1,0,1,1,1,false,false,0,mixed_reserved_nonreserved,,E_mixed_reserved_nonreserved,NumStability.ieeePrimitiveAddSubZeroSumResult?.eq_4 | NumStability.ieeePrimitiveAddSubZeroSumResult?_sub_negZero_negZero
045daf28056a6e4358d5de7c22c7a9d7acc2e80e,1608,0fab214cae28488cfca041591ae5bcc90fc9cc0f49c3fb8f8f97d2da95b283ba,760365145,38038,2,1,1,1,0,2,0,0,0,1,false,false,0,mixed_reserved_nonreserved,,E_mixed_reserved_nonreserved,NumStability.HighamChapter4KaoWang.IntegerAdditionTree.value.eq_2 | NumStability.HighamChapter4KaoWang.IntegerAdditionTree.value_node
045daf28056a6e4358d5de7c22c7a9d7acc2e80e,635,1797d40f8893a96842496682dfd2a6d84961e37162e32555f4ad0eb1103ce273,2295704890,38043,2,1,1,1,0,2,0,0,0,1,false,false,0,mixed_reserved_nonreserved,,E_mixed_reserved_nonreserved,NumStability.HighamChapter4KaoWang.IntegerAdditionTree.cost.eq_2 | NumStability.HighamChapter4KaoWang.IntegerAdditionTree.cost_node
045daf28056a6e4358d5de7c22c7a9d7acc2e80e,404,1872595fee8d399705b52cf5039fda1a34333f1093c72e358a702414b52b30b0,1776052438,31097,2,1,1,1,0,1,0,1,0,1,false,false,0,mixed_reserved_nonreserved,,E_mixed_reserved_nonreserved,NumStability.InsertionScheduleTree.leaves.eq_1 | NumStability.InsertionScheduleTree.leaves_leaf
045daf28056a6e4358d5de7c22c7a9d7acc2e80e,952,19b28a201b1fe90ba72f306a9e26d91be5d6daa3a5075031f404d9e442d5ee75,304947584,31072,2,1,1,1,0,1,0,1,0,1,false,false,0,mixed_reserved_nonreserved,,E_mixed_reserved_nonreserved,NumStability.InsertionScheduleTree.leaves.eq_2 | NumStability.InsertionScheduleTree.leaves_node
045daf28056a6e4358d5de7c22c7a9d7acc2e80e,1057,1a8949b7543d3fba3e74535f669047e122634645350fffca16099b43c7eef348,3337316943,2426,2,1,1,1,0,1,0,1,1,1,false,false,0,mixed_reserved_nonreserved,,E_mixed_reserved_nonreserved,NumStability.matPow.eq_1 | NumStability.matPow_zero
045daf28056a6e4358d5de7c22c7a9d7acc2e80e,425,1c0c62eacee209350faea904d8388d5a19bd92760496f50c680031547d8e7c02,1812715558,31053,2,1,1,1,0,1,0,0,0,1,false,false,0,mixed_reserved_nonreserved,,E_mixed_reserved_nonreserved,NumStability.InsertionScheduleTree.leafDepthWeights.eq_1 | NumStability.InsertionScheduleTree.leafDepthWeights_leaf
045daf28056a6e4358d5de7c22c7a9d7acc2e80e,1249,1e43b7481bff071b37525150403fd55a0029c21329530faa098e96a46d438b00,3741531017,53414,2,2,1,1,0,2,0,0,0,1,false,false,0,mixed_reserved_nonreserved,,E_mixed_reserved_nonreserved,NumStability.hilbertMatrix_apply | NumStability.hilbertMatrix.eq_1
045daf28056a6e4358d5de7c22c7a9d7acc2e80e,737,1f52bb8b1fd7cfeb9aaa766408738a8312d282f593060d7f6f62876d6ecd1a99,2518867993,2528,2,2,1,1,0,1,0,1,1,1,false,false,0,mixed_reserved_nonreserved,,E_mixed_reserved_nonreserved,NumStability.infNorm_eq_linfty_opNorm | NumStability.infNorm.eq_1
045daf28056a6e4358d5de7c22c7a9d7acc2e80e,1433,1f715fef196671c4732a7933c4260c45950ba57d93992d7e5c4c1b007137b8b8,4235647159,52286,2,1,1,1,0,2,0,0,0,1,false,false,0,mixed_reserved_nonreserved,,E_mixed_reserved_nonreserved,NumStability.higham24BitIndexLEValue.eq_1 | NumStability.higham24BitIndexLEValue_zero
045daf28056a6e4358d5de7c22c7a9d7acc2e80e,711,2154a0d278778979e8b660baf9e339ab7de6bc3d4f1e8cefd8a3764b06cbc495,2461370281,49299,2,1,1,1,0,2,0,0,0,1,false,false,0,mixed_reserved_nonreserved,,E_mixed_reserved_nonreserved,NumStability.Theorem20_7.fl_pivotedStoredQRRhsSeq.eq_1 | NumStability.Theorem20_7.fl_pivotedStoredQRRhsSeq_zero
045daf28056a6e4358d5de7c22c7a9d7acc2e80e,1655,21684c6a366b5c55764cd13bfb7b1007d1f21c3c7a3860828c77fde89966beb3,88283032,27480,2,1,1,1,0,1,0,1,1,1,false,false,0,mixed_reserved_nonreserved,,E_mixed_reserved_nonreserved,NumStability.ieeePrimitiveMulSignedZeroResult?.eq_1 | NumStability.ieeePrimitiveMulSignedZeroResult?_posZero_posZero
045daf28056a6e4358d5de7c22c7a9d7acc2e80e,1305,22c21b599b356796e5dfcc199809e83c40de138c99047f8188e42055291a476e,3890003286,27180,2,1,1,1,0,1,0,1,1,1,false,false,0,mixed_reserved_nonreserved,,E_mixed_reserved_nonreserved,NumStability.ieeePrimitiveMulSignedZeroResult?.eq_4 | NumStability.ieeePrimitiveMulSignedZeroResult?_negZero_negZero
045daf28056a6e4358d5de7c22c7a9d7acc2e80e,1037,231cd98742db3d5808f360279699fc6dd977d7258fdd2eb6176d0ea3e7f118fb,3274907714,29475,2,1,1,1,0,2,0,0,1,1,false,false,0,mixed_reserved_nonreserved,,E_mixed_reserved_nonreserved,NumStability.hornerTaylorFunctionStep.eq_1 | NumStability.hornerTaylorFunctionStep_zero
045daf28056a6e4358d5de7c22c7a9d7acc2e80e,689,23cd5c42884a5910cc3e2d575b641b7b334444934ac03f00f53f8e9b76a0e941,2417017914,38621,2,1,1,1,0,2,0,0,1,1,false,false,0,mixed_reserved_nonreserved,,E_mixed_reserved_nonreserved,NumStability.higham5PSMatrixMultiplications.eq_1 | NumStability.higham5_ps_matrix_multiplications_operational
045daf28056a6e4358d5de7c22c7a9d7acc2e80e,334,26d160896c087e2ccc67ec87fd8933814d0385950f634c1d19ae1a7744cb0c6f,163211671,27358,2,1,1,1,0,1,0,1,1,1,false,false,0,mixed_reserved_nonreserved,,E_mixed_reserved_nonreserved,NumStability.ieeePrimitiveFiniteOverInfinityResult?.eq_1 | NumStability.ieeePrimitiveFiniteOverInfinityResult?_posZero_posInf
045daf28056a6e4358d5de7c22c7a9d7acc2e80e,871,275e28d0d0cd108cdc167f5be4a4e39f3338af6ffbcf56286d08dc13b8487469,2856416799,52932,2,1,1,1,0,1,0,0,1,1,false,false,0,mixed_reserved_nonreserved,,E_mixed_reserved_nonreserved,NumStability.FloatingPointFormat.fortranEpsilon.eq_1 | NumStability.FloatingPointFormat.fortranEpsilon_eq_machineEpsilon
045daf28056a6e4358d5de7c22c7a9d7acc2e80e,1180,2aaec9cfd9331c36584769139e6fb39a64b519375732aa816d95d76ae660382f,3568174384,50482,2,1,1,1,0,2,0,0,0,1,false,false,0,mixed_reserved_nonreserved,,E_mixed_reserved_nonreserved,NumStability.Higham20RowSorting.exactBSeq.eq_1 | NumStability.Higham20RowSorting.exactBSeq_zero
045daf28056a6e4358d5de7c22c7a9d7acc2e80e,1645,2ae3c02cb9923173e93eb864b419b55aed3af9a2bf375d14727568f75d9631c4,85345146,27262,2,1,1,1,0,1,0,1,1,1,false,false,0,mixed_reserved_nonreserved,,E_mixed_reserved_nonreserved,NumStability.ieeePrimitiveMulSignedZeroResult?.eq_3 | NumStability.ieeePrimitiveMulSignedZeroResult?_negZero_posZero
045daf28056a6e4358d5de7c22c7a9d7acc2e80e,502,2ce348eef514ac93b70384081e898466f1de130c8f8a841f65a7db9ca20e028f,2038991231,27098,2,1,1,1,0,2,0,0,1,1,false,false,0,mixed_reserved_nonreserved,,E_mixed_reserved_nonreserved,NumStability.ieeePrimitiveInfinityPropagationResult?.eq_4 | NumStability.ieeePrimitiveInfinityPropagationResult?_add_posInf_posInf
045daf28056a6e4358d5de7c22c7a9d7acc2e80e,1599,2eb118a5603c46488bc7c87de4abb6bc366b8646057b758f5670f3f5dc89a664,747900521,9514,2,2,1,1,0,2,0,0,0,1,false,false,0,mixed_reserved_nonreserved,,E_mixed_reserved_nonreserved,NumStability.Wave19.applyProd.eq_1 | NumStability.Wave19.applyProd_zero
045daf28056a6e4358d5de7c22c7a9d7acc2e80e,939,313c64c42a66e5fc0368e1abf3dc9aa78f41cba633e9d1ab8c8de4d9e7ec3a3b,3020884453,31084,2,1,1,1,0,0,0,1,0,1,false,false,0,mixed_reserved_nonreserved,,E_mixed_reserved_nonreserved,NumStability.InsertionScheduleTree.leafCount.eq_2 | NumStability.InsertionScheduleTree.leafCount_node
045daf28056a6e4358d5de7c22c7a9d7acc2e80e,1040,31f1f87b11d1bd6ffbc62ef9528c52c98587f5822706f2a9a7a4465d20c7d87f,3278138322,6035,2,1,1,1,0,2,0,0,0,1,false,false,0,mixed_reserved_nonreserved,,E_mixed_reserved_nonreserved,NumStability.exactHouseholderQRPanel_Q.eq_1 | NumStability.exactHouseholderQRPanel_Q_zero_rows
045daf28056a6e4358d5de7c22c7a9d7acc2e80e,937,38c8cc829abb6e607ae25633c63cd7b19fba77352524eda1976f578be1d08a77,3020431634,31019,2,1,1,1,0,1,0,0,0,1,false,false,0,mixed_reserved_nonreserved,,E_mixed_reserved_nonreserved,NumStability.InsertionScheduleTree.maxLeafDepth.eq_2 | NumStability.InsertionScheduleTree.maxLeafDepth_node
045daf28056a6e4358d5de7c22c7a9d7acc2e80e,882,39bb4221edb13a47c042f152fce95dd0ab730f2a2ff6a4de1a5fdacabb19fd9a,28928228,38397,2,1,1,1,0,2,0,0,1,1,false,false,0,mixed_reserved_nonreserved,,E_mixed_reserved_nonreserved,NumStability.dividedDifferenceFiniteCoeffs.eq_1 | NumStability.dividedDifferenceFiniteCoeffs_zero
045daf28056a6e4358d5de7c22c7a9d7acc2e80e,1380,40c890cb75757603703bd1743aee4746ed24b4230b76af03a3de0efd72063b6c,4105169856,53492,2,1,1,1,0,1,0,1,0,1,false,false,0,mixed_reserved_nonreserved,,E_mixed_reserved_nonreserved,NumStability.hilbertInverseFormula.eq_1 | NumStability.hilbertInverseFormula_apply
045daf28056a6e4358d5de7c22c7a9d7acc2e80e,1321,4206183410d2e7434fee7f53d986d7740514a237665b85d273dd2e55db25ece7,3923777232,30884,2,1,1,1,0,1,0,0,1,1,false,false,0,mixed_reserved_nonreserved,,E_mixed_reserved_nonreserved,NumStability.insertionStep.eq_1 | NumStability.insertionStep_cons_cons
045daf28056a6e4358d5de7c22c7a9d7acc2e80e,546,47ce5f6aca976bfc50e5329144a013383f0a27667f011c19f1bffcf1227d3b42,2132067081,27709,2,1,1,1,0,1,0,1,1,1,false,false,0,mixed_reserved_nonreserved,,E_mixed_reserved_nonreserved,NumStability.ieeePrimitiveInfinityPropagationResult?.eq_25 | NumStability.ieeePrimitiveInfinityPropagationResult?_sub_negInf_posInf
045daf28056a6e4358d5de7c22c7a9d7acc2e80e,1439,4b7e523283b71044762e583014308b6e13c74c8b6eeb55a25da8410906daf10f,4248982126,27307,2,1,1,1,0,1,0,1,1,1,false,false,0,mixed_reserved_nonreserved,,E_mixed_reserved_nonreserved,NumStability.ieeePrimitiveInfinityPropagationResult?.eq_5 | NumStability.ieeePrimitiveInfinityPropagationResult?_add_finite_posInf
045daf28056a6e4358d5de7c22c7a9d7acc2e80e,167,4d6c122f57ca2d72f3ae9bed8b9402feff0fa0d4e35b9c5ac59d3cba2b91e087,1208014432,52928,2,1,1,1,0,1,0,0,1,1,false,false,0,mixed_reserved_nonreserved,,E_mixed_reserved_nonreserved,NumStability.FloatingPointFormat.matlabIeeeDoubleEps.eq_1 | NumStability.FloatingPointFormat.matlabIeeeDoubleEps_eq_ieeeDoubleFormat_machineEpsilon
045daf28056a6e4358d5de7c22c7a9d7acc2e80e,205,5274b3eeedca0e9a473e491ab18cccce307cbb29f0e69205ed0539ed720903d4,1308120153,30560,2,1,1,1,0,2,0,0,1,1,false,false,0,mixed_reserved_nonreserved,,E_mixed_reserved_nonreserved,NumStability.fl_kahanModifiedNoGuardState.eq_1 | NumStability.fl_kahanModifiedNoGuardState_eq_prefixState
045daf28056a6e4358d5de7c22c7a9d7acc2e80e,576,52e7a2aae46b7b2482ae89a5075db27bdf4797a534ff03255111a77236dd496a,2205805397,30916,2,1,1,1,0,1,0,1,0,1,false,false,0,mixed_reserved_nonreserved,,E_mixed_reserved_nonreserved,NumStability.InsertionScheduleTree.exactEval.eq_1 | NumStability.InsertionScheduleTree.exactEval_leaf
045daf28056a6e4358d5de7c22c7a9d7acc2e80e,1546,5316bc478ed1a99733d16a14b9eb090f5f30acabd5c7df047184540a0df2dc45,619832767,36630,2,1,1,1,0,2,0,0,1,1,false,false,0,mixed_reserved_nonreserved,,E_mixed_reserved_nonreserved,NumStability.wilkinsonProblem42Input.eq_1 | NumStability.wilkinsonProblem42Input_zero
045daf28056a6e4358d5de7c22c7a9d7acc2e80e,1319,53792ccee8a637f8ccc4b762589a8f1ca142e9cfd4ac0913d520ca04a9ffa9c1,3922225628,34489,2,1,1,1,0,2,0,0,0,1,false,false,0,mixed_reserved_nonreserved,,E_mixed_reserved_nonreserved,NumStability.inverseSquareSingleReverseAccumulatorFrom.eq_1 | NumStability.inverseSquareSingleReverseAccumulatorFrom_zero
045daf28056a6e4358d5de7c22c7a9d7acc2e80e,561,540f482457de4c75ab67d1f8c7c40e9cd051df5f43cebf06c3d3bff3c5bd76a7,2182952049,23814,2,2,1,1,0,2,0,0,1,1,false,false,0,mixed_reserved_nonreserved,,E_mixed_reserved_nonreserved,NumStability.complexSylvesterVecCoeff.eq_1 | NumStability.H16_eq16_2_complexSylvesterVecCoeff
045daf28056a6e4358d5de7c22c7a9d7acc2e80e,538,5641c12e2953a19a4295c3f73248fa28ee78322d511e988bb0e3f87909c3c0ef,2109003942,27388,2,1,1,1,0,1,0,1,1,1,false,false,0,mixed_reserved_nonreserved,,E_mixed_reserved_nonreserved,NumStability.ieeePrimitiveInfinityPropagationResult?.eq_22 | NumStability.ieeePrimitiveInfinityPropagationResult?_sub_negInf_finite
045daf28056a6e4358d5de7c22c7a9d7acc2e80e,1511,57426a800fa447e7e01ed7dc8aea811c92734f36b0963810c56f3c89e74b798c,534076819,7602,2,1,1,1,0,2,0,0,0,1,false,false,0,mixed_reserved_nonreserved,,E_mixed_reserved_nonreserved,NumStability.storedHouseholderQRRhsSeq.eq_1 | NumStability.storedHouseholderQRRhsSeq_zero
045daf28056a6e4358d5de7c22c7a9d7acc2e80e,1617,576ac0320f300d36bc5e7520564c6a18490b177b862c64e7fa28a6cfd8784702,786483221,27263,2,1,1,1,0,2,0,0,1,1,false,false,0,mixed_reserved_nonreserved,,E_mixed_reserved_nonreserved,NumStability.ieeePrimitiveAddSubSignedZeroResult?.eq_1 | NumStability.ieeePrimitiveAddSubSignedZeroResult?_add_posZero_posZero
045daf28056a6e4358d5de7c22c7a9d7acc2e80e,1058,5953b05a6e561862607f23dcadf38d2c64cb7b11a7c5d9b8b29aaf83e434b0df,3339921623,39618,2,2,1,1,0,1,0,1,0,1,false,false,0,mixed_reserved_nonreserved,,E_mixed_reserved_nonreserved,NumStability.higham9_14_exactPivot.eq_1 | NumStability.higham9_14_exactPivot_zero
045daf28056a6e4358d5de7c22c7a9d7acc2e80e,1535,5a1eef4e1a4e137ef5def30f0f4db0dc07cf847a151a3e6e3f09116bbed36b42,593449226,38336,2,1,1,1,0,2,0,0,1,1,false,false,0,mixed_reserved_nonreserved,,E_mixed_reserved_nonreserved,NumStability.dividedDifferenceCoeffs.eq_1 | NumStability.dividedDifferenceCoeffs_zero
045daf28056a6e4358d5de7c22c7a9d7acc2e80e,1593,5de9c34b4b1f645d56a2df002c20552e1c3135dfb1602abca48264e0295962f7,727106177,54417,2,1,1,1,0,2,0,0,1,1,false,false,0,mixed_reserved_nonreserved,,E_mixed_reserved_nonreserved,NumStability.ginibreIncidenceTangentMatrix.eq_1 | NumStability.ginibreIncidenceTangentMatrix_eq
045daf28056a6e4358d5de7c22c7a9d7acc2e80e,511,5f324575c651ce3f5b0fd2ff7dc7a7fcdb6b7aacc473fefd8aa3651d08c59d8c,2053088515,30586,2,2,1,1,0,2,0,0,1,1,false,false,0,mixed_reserved_nonreserved,,E_mixed_reserved_nonreserved,NumStability.fl_kahanNoGuardState_eq_prefixState | NumStability.fl_kahanNoGuardState.eq_1
045daf28056a6e4358d5de7c22c7a9d7acc2e80e,90,5f57ebdd666d63c51f7c25cbdbdfdb5fffecfd2088ff5e367c914b68ea729e5d,1039962257,30967,2,1,1,1,0,1,0,1,0,1,false,false,0,mixed_reserved_nonreserved,,E_mixed_reserved_nonreserved,NumStability.InsertionScheduleTree.leafCount.eq_1 | NumStability.InsertionScheduleTree.leafCount_leaf
045daf28056a6e4358d5de7c22c7a9d7acc2e80e,1342,6270a2f3807c31e7a73e237b1a0ab67336a2677cade1ff0d26786ec9abe22fbc,399363885,38396,2,1,1,1,0,2,0,0,1,1,false,false,0,mixed_reserved_nonreserved,,E_mixed_reserved_nonreserved,NumStability.fl_dividedDifferenceFiniteCoeffs.eq_1 | NumStability.fl_dividedDifferenceFiniteCoeffs_zero
045daf28056a6e4358d5de7c22c7a9d7acc2e80e,625,65458fea2c507fc3c3b491ccd5b16b4c45fb0899f64e2e70beadf37083807e77,2277306883,2555,2,1,1,1,0,2,0,0,1,1,false,false,0,mixed_reserved_nonreserved,,E_mixed_reserved_nonreserved,NumStability.neumannSum.eq_1 | NumStability.neumannSum_zero
045daf28056a6e4358d5de7c22c7a9d7acc2e80e,423,668d9d17cf89efa3645106b810f983cb3012f8876297f72f5a9b01695878d1da,1811959708,30995,2,1,1,1,0,1,0,1,0,1,false,false,0,mixed_reserved_nonreserved,,E_mixed_reserved_nonreserved,NumStability.InsertionScheduleTree.eval.eq_1 | NumStability.InsertionScheduleTree.eval_leaf
045daf28056a6e4358d5de7c22c7a9d7acc2e80e,1614,6d13536795ca1da1be19e2fcfad0a4e1c4fe3795008219d17327cda77e0becb5,778254268,27134,2,1,1,1,0,1,0,1,1,1,false,false,0,mixed_reserved_nonreserved,,E_mixed_reserved_nonreserved,NumStability.ieeePrimitiveMulSignedZeroResult?.eq_2 | NumStability.ieeePrimitiveMulSignedZeroResult?_posZero_negZero
045daf28056a6e4358d5de7c22c7a9d7acc2e80e,1248,6eec1b7bd5d8a74c621d57965986b372ae4f2b2ca893effe407045db050c8388,3739558220,27438,2,1,1,1,0,1,0,1,1,1,false,false,0,mixed_reserved_nonreserved,,E_mixed_reserved_nonreserved,NumStability.ieeePrimitiveInfinityPropagationResult?.eq_31 | NumStability.ieeePrimitiveInfinityPropagationResult?_mul_negInf_posInf
045daf28056a6e4358d5de7c22c7a9d7acc2e80e,155,70f5ab935f1e7e14993f9df540c299e2254648b48c76a2f38635ec3e274b39e1,1186241591,52190,2,1,1,1,0,2,0,0,0,1,false,false,0,mixed_reserved_nonreserved,,E_mixed_reserved_nonreserved,NumStability.higham24BitIndexBEValue.eq_1 | NumStability.higham24BitIndexBEValue_zero
045daf28056a6e4358d5de7c22c7a9d7acc2e80e,1226,711d89b4da992f0d29e55784f477b5bc1e9c01d309704b6c477b734204d0a189,3697942303,27600,2,1,1,1,0,1,0,1,1,1,false,false,0,mixed_reserved_nonreserved,,E_mixed_reserved_nonreserved,NumStability.ieeePrimitiveInfinityPropagationResult?.eq_11 | NumStability.ieeePrimitiveInfinityPropagationResult?_add_negInf_negInf
045daf28056a6e4358d5de7c22c7a9d7acc2e80e,1584,719acc7e75611a8a0d596f954e09af4c3a39a5fa44b8a74a11060a130c51243f,715653260,29718,2,1,1,1,0,1,0,1,1,1,false,false,0,mixed_reserved_nonreserved,,E_mixed_reserved_nonreserved,NumStability.fl_priestState.eq_1 | NumStability.fl_priestState_eq_prefixState
045daf28056a6e4358d5de7c22c7a9d7acc2e80e,595,727b7b8f3a491cf478ffaf57f973a3a5c61bee5e58ea1c3f8e063031d25c6125,2247523302,8182,2,1,1,1,0,2,0,0,0,1,false,false,0,mixed_reserved_nonreserved,,E_mixed_reserved_nonreserved,NumStability.fl_givensS.eq_1 | NumStability.fl_givensS_unroll
045daf28056a6e4358d5de7c22c7a9d7acc2e80e,151,72a5f4929394062a6dc78feaf4fa6a51590e29648b4d5ab77e3ec200bb276fd2,1178965113,29960,2,2,1,1,0,2,0,0,1,1,false,false,0,mixed_reserved_nonreserved,,E_mixed_reserved_nonreserved,NumStability.fl_alternativeCompensatedMainSum_eq_prefixSum | NumStability.fl_alternativeCompensatedMainSum.eq_1
045daf28056a6e4358d5de7c22c7a9d7acc2e80e,444,72bcea5797d33dbd0434e6cc58196d43f2e887a5a2b5f909ee4ad82623c8232d,1869100147,30024,2,2,1,1,0,2,0,0,1,1,false,false,0,mixed_reserved_nonreserved,,E_mixed_reserved_nonreserved,NumStability.fl_kahanState.eq_1 | NumStability.fl_kahanState_eq_prefixState
045daf28056a6e4358d5de7c22c7a9d7acc2e80e,712,74e91e5be64623ae481e90797e09e2b5805925a0705b694b93e9e9298d2d6590,2461464188,29909,2,1,1,1,0,2,0,0,1,1,false,false,0,mixed_reserved_nonreserved,,E_mixed_reserved_nonreserved,NumStability.fl_accumulatorState.eq_1 | NumStability.fl_accumulatorState_eq_prefixState
045daf28056a6e4358d5de7c22c7a9d7acc2e80e,1112,755b89257a4ad6c8ad40d40b3f03b708cc36eef617cfe2e8fb8ffccf19be92a8,3433964934,1137,2,2,1,1,0,1,0,1,1,1,false,false,0,mixed_reserved_nonreserved,,E_mixed_reserved_nonreserved,NumStability.FloatingPointFormat.finiteRoundToMode_towardNegative | NumStability.FloatingPointFormat.finiteRoundToMode.eq_4
045daf28056a6e4358d5de7c22c7a9d7acc2e80e,1094,76df773f233a348049cb02c47d8d74a768cf4645652f7765ebae9548461c87cb,3395594816,30934,2,1,1,1,0,1,0,1,0,1,false,false,0,mixed_reserved_nonreserved,,E_mixed_reserved_nonreserved,NumStability.InsertionScheduleTree.exactMergeCost.eq_2 | NumStability.InsertionScheduleTree.exactMergeCost_node
045daf28056a6e4358d5de7c22c7a9d7acc2e80e,1346,775bb0ba3af282907aa4dafd454d1bc7505420af72a349ea28c5b81446728e5b,4005187520,6090,2,1,1,1,0,2,0,0,0,1,false,false,0,mixed_reserved_nonreserved,,E_mixed_reserved_nonreserved,NumStability.trailingPanel.eq_1 | NumStability.trailingPanel_apply
045daf28056a6e4358d5de7c22c7a9d7acc2e80e,1640,77a2c3d5489d9c027fab7edd3b2b6b75ebdaa9c5ecd8a76291d548385f90b85a,836142236,7590,2,1,1,1,0,2,0,0,0,1,false,false,0,mixed_reserved_nonreserved,,E_mixed_reserved_nonreserved,NumStability.storedHouseholderQRMatrixSeq.eq_1 | NumStability.storedHouseholderQRMatrixSeq_zero
045daf28056a6e4358d5de7c22c7a9d7acc2e80e,524,78253fa4820a987d3485b66a3bf62f7a7ee35241936efb17012c704a808b34d7,2073152089,23183,2,2,1,1,0,2,0,0,0,1,false,false,0,mixed_reserved_nonreserved,,E_mixed_reserved_nonreserved,NumStability.Ch11Closure.Mixed.leadingTwoBlock_apply | NumStability.Ch11Closure.Mixed.leadingTwoBlock.eq_1
045daf28056a6e4358d5de7c22c7a9d7acc2e80e,199,7bab8ddacd9fd2e051c81e037f6a96fa4d0d4bb5303bd68bd67ff8ee222c8161,128573413,46853,2,1,1,1,0,2,0,0,0,1,false,false,0,mixed_reserved_nonreserved,,E_mixed_reserved_nonreserved,NumStability.Ch14ProductTree.errorEnvelope.eq_1 | NumStability.Ch14ProductTree.errorEnvelope_leaf
045daf28056a6e4358d5de7c22c7a9d7acc2e80e,738,7c98903d39d761b3c92734cdda5692315fea24e2f8720e329f29b6e2ad6b8f23,2519151834,31012,2,1,1,1,0,1,0,1,0,1,false,false,0,mixed_reserved_nonreserved,,E_mixed_reserved_nonreserved,NumStability.InsertionScheduleTree.exactEval.eq_2 | NumStability.InsertionScheduleTree.exactEval_node
045daf28056a6e4358d5de7c22c7a9d7acc2e80e,1512,7f330c84b319f7abf2898112b45be08f805d8617c982682c47f0b6f7e72cc21d,536972731,10231,2,1,1,1,0,2,0,0,0,1,false,false,0,mixed_reserved_nonreserved,,E_mixed_reserved_nonreserved,NumStability.storedHouseholderQRFrobStageBudget.eq_1 | NumStability.storedHouseholderQRFrobStageBudget_zero
045daf28056a6e4358d5de7c22c7a9d7acc2e80e,825,7ff163e8c6a6537b3d0c996cb89827a01e32a91eeb93eedbf9c61f6c9d5dc296,2748331377,31005,2,1,1,1,0,1,0,1,0,1,false,false,0,mixed_reserved_nonreserved,,E_mixed_reserved_nonreserved,NumStability.InsertionScheduleTree.exactMergeCost.eq_1 | NumStability.InsertionScheduleTree.exactMergeCost_leaf
045daf28056a6e4358d5de7c22c7a9d7acc2e80e,1329,8071a14a09e6021873421191ade0fbf438e2acfc8417889e855700479e77ae58,3939748448,29714,2,1,1,1,0,2,0,0,1,1,false,false,0,mixed_reserved_nonreserved,,E_mixed_reserved_nonreserved,NumStability.fl_priestSum.eq_1 | NumStability.fl_priestSum_eq_state_s
045daf28056a6e4358d5de7c22c7a9d7acc2e80e,1616,825cfeb078adbe9d439fb8ffa043429b6ae7782f2edba7d05a0869bf1416242b,784024828,27707,2,1,1,1,0,1,0,1,1,1,false,false,0,mixed_reserved_nonreserved,,E_mixed_reserved_nonreserved,NumStability.ieeePrimitiveInfinityPropagationResult?.eq_1 | NumStability.ieeePrimitiveInfinityPropagationResult?_add_posInf_finite
045daf28056a6e4358d5de7c22c7a9d7acc2e80e,1553,82daae02d5b69821d973080965acb72f305bac6421acc461db3294067b7e4f6c,640370221,27329,2,1,1,1,0,1,0,1,1,1,false,false,0,mixed_reserved_nonreserved,,E_mixed_reserved_nonreserved,NumStability.ieeePrimitiveAddSubZeroSumResult?.eq_3 | NumStability.ieeePrimitiveAddSubZeroSumResult?_sub_posZero_posZero
045daf28056a6e4358d5de7c22c7a9d7acc2e80e,513,85546063e79089bd5458f29d9af6299e79ba58be48c52ca8f2412d5543260f39,20544853,38071,2,1,1,1,0,2,0,0,0,1,false,false,0,mixed_reserved_nonreserved,,E_mixed_reserved_nonreserved,NumStability.HighamChapter4KaoWang.IntegerAdditionTree.value.eq_1 | NumStability.HighamChapter4KaoWang.IntegerAdditionTree.value_leaf
045daf28056a6e4358d5de7c22c7a9d7acc2e80e,978,87529f8aa6ca204cf109087b3554b7bb5709e9b191d73c7581cf72b9478fc9b7,3105540109,6384,2,1,1,1,0,2,0,0,0,1,false,false,0,mixed_reserved_nonreserved,,E_mixed_reserved_nonreserved,NumStability.householderQRPanel_QhatClosedBound.eq_1 | NumStability.householderQRPanel_QhatClosedBound_zero_rows
045daf28056a6e4358d5de7c22c7a9d7acc2e80e,476,8a66c5790b0278611c042de1a72f01b83dcf39c2933bcf0803878553bab03dca,1958343944,27554,2,1,1,1,0,1,0,1,1,1,false,false,0,mixed_reserved_nonreserved,,E_mixed_reserved_nonreserved,NumStability.ieeePrimitiveInfinityPropagationResult?.eq_26 | NumStability.ieeePrimitiveInfinityPropagationResult?_sub_finite_posInf
045daf28056a6e4358d5de7c22c7a9d7acc2e80e,1633,8b7a454d85287ab42daa6fd94e5e2bc4e7a37a53290d0971e959035faf7e3e07,826528608,30914,2,1,1,1,0,2,0,0,0,1,false,false,0,mixed_reserved_nonreserved,,E_mixed_reserved_nonreserved,NumStability.InsertionScheduleTree.weightedLeafDepthCost.eq_1 | NumStability.InsertionScheduleTree.weightedLeafDepthCost_leaf
045daf28056a6e4358d5de7c22c7a9d7acc2e80e,1703,8d46ac5eab663272acb354b9747b59fd20c82ebc581d5948f1032719666077d7,987365116,38054,2,1,1,1,0,2,0,0,0,1,false,false,0,mixed_reserved_nonreserved,,E_mixed_reserved_nonreserved,NumStability.HighamChapter4KaoWang.IntegerAdditionTree.cost.eq_1 | NumStability.HighamChapter4KaoWang.IntegerAdditionTree.cost_leaf
045daf28056a6e4358d5de7c22c7a9d7acc2e80e,771,93749d54b04767c132ff394d7eb7b11c8d0a6af32ff85a13f1ca2b26ad308942,260980957,27237,2,1,1,1,0,1,0,1,1,1,false,false,0,mixed_reserved_nonreserved,,E_mixed_reserved_nonreserved,NumStability.ieeePrimitiveFiniteOverInfinityResult?.eq_3 | NumStability.ieeePrimitiveFiniteOverInfinityResult?_negZero_posInf
045daf28056a6e4358d5de7c22c7a9d7acc2e80e,776,94e0c6ae4acbb5a5c2bc73f4e469817f73fcf50562d78e140d07c1f634d70ecd,262087854,30038,2,2,1,1,0,2,0,0,1,1,false,false,0,mixed_reserved_nonreserved,,E_mixed_reserved_nonreserved,NumStability.fl_kahanCorrection_eq_state_e | NumStability.fl_kahanCorrection.eq_1
045daf28056a6e4358d5de7c22c7a9d7acc2e80e,1420,985330eb53f153bea38dfb04363d2d665749975d8a247210ab2e53d688a8705f,4196724156,7689,2,1,1,1,0,1,0,0,1,1,false,false,0,mixed_reserved_nonreserved,,E_mixed_reserved_nonreserved,NumStability.modifiedGramSchmidtStepRProduct.eq_1 | NumStability.modifiedGramSchmidtStepRProduct_zero
045daf28056a6e4358d5de7c22c7a9d7acc2e80e,715,9898dd2fe6a78508641f9deeecbb2cb119ae4f1a89d693eab71f7e77c36ec183,2467849653,27201,2,1,1,1,0,2,0,0,1,1,false,false,0,mixed_reserved_nonreserved,,E_mixed_reserved_nonreserved,NumStability.ieeePrimitiveAddSubSignedZeroResult?.eq_4 | NumStability.ieeePrimitiveAddSubSignedZeroResult?_sub_negZero_posZero
045daf28056a6e4358d5de7c22c7a9d7acc2e80e,1106,992efe51e5245056a113666fdd74e68af9b80ee26b56f93744abeb2b644baa01,342699855,30043,2,2,1,1,0,2,0,0,1,1,false,false,0,mixed_reserved_nonreserved,,E_mixed_reserved_nonreserved,NumStability.fl_kahanSum_eq_state_s | NumStability.fl_kahanSum.eq_1
045daf28056a6e4358d5de7c22c7a9d7acc2e80e,797,9d8590bb8843deef8551674375530d7d75f8c805e12b63abfb70da5f9986ea96,2676075482,25571,2,1,1,1,0,2,0,0,0,1,false,false,0,mixed_reserved_nonreserved,,E_mixed_reserved_nonreserved,NumStability.higham21ConcreteGivensExactQ.eq_2 | NumStability.higham21ConcreteGivensExactQ_cons
045daf28056a6e4358d5de7c22c7a9d7acc2e80e,1416,9f4b63eda1d315feed9b8101f0fd9946926f50a78261a7c459b282403c88e0cd,418766881,6019,2,1,1,1,0,2,0,0,0,1,false,false,0,mixed_reserved_nonreserved,,E_mixed_reserved_nonreserved,NumStability.householderQR_QhatUniformClosedBound.eq_1 | NumStability.householderQR_QhatUniformClosedBound_zero
045daf28056a6e4358d5de7c22c7a9d7acc2e80e,254,a29812d9aefb6ad1b29efc156fba15f1ed29cf6326e8b389a6274c908c1c1c3a,1412878309,31042,2,1,1,1,0,1,0,0,0,1,false,false,0,mixed_reserved_nonreserved,,E_mixed_reserved_nonreserved,NumStability.InsertionScheduleTree.leafDepthWeights.eq_2 | NumStability.InsertionScheduleTree.leafDepthWeights_node
045daf28056a6e4358d5de7c22c7a9d7acc2e80e,139,a3888588e07ff71f6af71a74463220291777abe5c0b16dfbcc271041b3e12af3,1149677048,27630,2,1,1,1,0,1,0,1,1,1,false,false,0,mixed_reserved_nonreserved,,E_mixed_reserved_nonreserved,NumStability.ieeePrimitiveInfinityPropagationResult?.eq_32 | NumStability.ieeePrimitiveInfinityPropagationResult?_mul_negInf_negInf
045daf28056a6e4358d5de7c22c7a9d7acc2e80e,293,a7cb95d8510b71b1713b57061922a93048253f5c9bb5cd4086c563b27017d9ec,1535224850,8779,2,1,1,1,0,2,0,0,1,1,false,false,0,mixed_reserved_nonreserved,,E_mixed_reserved_nonreserved,H19.Theorem19_10.eq19_25_gamma_tilde_eq_concrete_staged_coefficient | H19.Theorem19_10.gamma_tilde.eq_1
045daf28056a6e4358d5de7c22c7a9d7acc2e80e,1606,a80332cd7260ab039359342bb6d72ab2f2c8ad5aed507b34b8019aaeca8f9775,757739553,27755,2,1,1,1,0,1,0,1,1,1,false,false,0,mixed_reserved_nonreserved,,E_mixed_reserved_nonreserved,NumStability.ieeePrimitiveAddSubZeroSumResult?.eq_1 | NumStability.ieeePrimitiveAddSubZeroSumResult?_add_posZero_negZero
045daf28056a6e4358d5de7c22c7a9d7acc2e80e,541,a83352737d7cdd13a0a20ea5a447d6807207844b897af942f73d3c2b3e40afe0,2126103921,30851,2,1,1,1,0,2,0,0,1,1,false,false,0,mixed_reserved_nonreserved,,E_mixed_reserved_nonreserved,NumStability.insertIncreasingAbs.eq_1 | NumStability.insertIncreasingAbs_nil
045daf28056a6e4358d5de7c22c7a9d7acc2e80e,1600,ac38e0737217634d18f52957104132911f1468ff5f4f360639d0672c79d68ac8,748811983,25761,2,1,1,1,0,2,0,0,1,1,false,false,0,mixed_reserved_nonreserved,,E_mixed_reserved_nonreserved,NumStability.higham21FlMGSCorrectedStateAtDistance.eq_1 | NumStability.higham21_fl_mgs_corrected_state_terminal
045daf28056a6e4358d5de7c22c7a9d7acc2e80e,351,ac9e5ad1c52d00d6b187e9b677da30705c6be3d120a44c4ed186108e8e3fbadf,1657198790,6968,2,1,1,1,0,2,0,0,0,1,false,false,0,mixed_reserved_nonreserved,,E_mixed_reserved_nonreserved,NumStability.vectorTail.eq_1 | NumStability.vectorTail_apply
045daf28056a6e4358d5de7c22c7a9d7acc2e80e,1660,ad24ef3dd9374357705889586ccea4f839e31ed5a20fc72e631a71d08cce0d8a,889161239,1108,2,2,1,1,0,1,0,1,1,1,false,false,0,mixed_reserved_nonreserved,,E_mixed_reserved_nonreserved,NumStability.FloatingPointFormat.finiteRoundToMode_towardZero | NumStability.FloatingPointFormat.finiteRoundToMode.eq_2
045daf28056a6e4358d5de7c22c7a9d7acc2e80e,549,af818fd80960a1ec27296ef0f35724fc54838d74f00e638d55c82315499703bf,2141329616,30562,2,1,1,1,0,2,0,0,1,1,false,false,0,mixed_reserved_nonreserved,,E_mixed_reserved_nonreserved,NumStability.fl_kahanModifiedNoGuardSum.eq_1 | NumStability.fl_kahanModifiedNoGuardSum_eq_state_s
045daf28056a6e4358d5de7c22c7a9d7acc2e80e,1115,aff647f37176f2d128fc47910c376ad690482adc94dfe49f0f9fc2c6ac79950d,3444135254,27330,2,1,1,1,0,1,0,1,1,1,false,false,0,mixed_reserved_nonreserved,,E_mixed_reserved_nonreserved,NumStability.ieeePrimitiveAddSubZeroSumResult?.eq_2 | NumStability.ieeePrimitiveAddSubZeroSumResult?_add_negZero_posZero
045daf28056a6e4358d5de7c22c7a9d7acc2e80e,520,b04a40d30b6a9a01987837261aadbe08553993be5897f7afc65d40816f3d7702,2062046254,34487,2,1,1,1,0,2,0,0,0,1,false,false,0,mixed_reserved_nonreserved,,E_mixed_reserved_nonreserved,NumStability.inverseSquareSingleReverseScaledMantissaPrefix.eq_1 | NumStability.inverseSquareSingleReverseScaledMantissaPrefix_zero
045daf28056a6e4358d5de7c22c7a9d7acc2e80e,819,b0ea6c5ff4833be50bb4906bea03ea4e3107fbd92db29244c68c12c62b297f21,2736888815,27370,2,1,1,1,0,1,0,1,1,1,false,false,0,mixed_reserved_nonreserved,,E_mixed_reserved_nonreserved,NumStability.ieeePrimitiveInfinityPropagationResult?.eq_19 | NumStability.ieeePrimitiveInfinityPropagationResult?_sub_finite_negInf
045daf28056a6e4358d5de7c22c7a9d7acc2e80e,77,b0f5f8344901d5691a9b4318c9d2bc5dc90c8b3df5367606ca99b354df6836cc,1002634224,30918,2,1,1,1,0,2,0,0,0,1,false,false,0,mixed_reserved_nonreserved,,E_mixed_reserved_nonreserved,NumStability.InsertionScheduleTree.weightedLeafDepthCost.eq_2 | NumStability.InsertionScheduleTree.weightedLeafDepthCost_node
045daf28056a6e4358d5de7c22c7a9d7acc2e80e,982,b11bfa4817a4c83752e07be10c90a74b6ef7872cbfacbcd066c245b5fe91ca51,3118241537,27097,2,1,1,1,0,1,0,1,1,1,false,false,0,mixed_reserved_nonreserved,,E_mixed_reserved_nonreserved,NumStability.ieeePrimitiveInfinityPropagationResult?.eq_29 | NumStability.ieeePrimitiveInfinityPropagationResult?_mul_posInf_posInf
045daf28056a6e4358d5de7c22c7a9d7acc2e80e,231,b1f931f811482f407d32415898e99ab4118d404a332285bafefe4b2204524acc,1370885692,53627,2,1,1,1,0,1,0,1,0,1,false,false,0,mixed_reserved_nonreserved,,E_mixed_reserved_nonreserved,NumStability.cauchyMatrix.eq_1 | NumStability.cauchyMatrix_apply
045daf28056a6e4358d5de7c22c7a9d7acc2e80e,378,b3c157177b0f132a9107eccf72e667a0c53cb4965eb614887fb15e6fb503e804,1718626407,46943,2,1,1,1,0,2,0,0,0,1,false,false,0,mixed_reserved_nonreserved,,E_mixed_reserved_nonreserved,NumStability.Ch14ProductTree.roundedEval.eq_1 | NumStability.Ch14ProductTree.roundedEval_leaf
045daf28056a6e4358d5de7c22c7a9d7acc2e80e,443,b6a662b2d93fba41ce18f54831d023f23edb050ef4d09a7ff70c49e146a899a2,1864817833,1193,2,2,1,1,0,2,0,0,1,1,false,false,0,mixed_reserved_nonreserved,,E_mixed_reserved_nonreserved,NumStability.FloatingPointFormat.finiteRoundToMode_nearestEven | NumStability.FloatingPointFormat.finiteRoundToMode.eq_1
045daf28056a6e4358d5de7c22c7a9d7acc2e80e,380,c0b06fae1d2d0d53712db0e501d62c57ff61bfe5b9048d3b7bdec5b3e5c19a35,1720701481,31009,2,1,1,1,0,1,0,1,0,1,false,false,0,mixed_reserved_nonreserved,,E_mixed_reserved_nonreserved,NumStability.InsertionScheduleTree.eval.eq_2 | NumStability.InsertionScheduleTree.eval_node
045daf28056a6e4358d5de7c22c7a9d7acc2e80e,1495,c1a066925fa834d81fe55ac7124ce0cdc5a3409e57d69666e884e2e965b40edc,49551474,20628,2,1,1,1,0,1,0,0,0,1,false,false,0,mixed_reserved_nonreserved,,E_mixed_reserved_nonreserved,NumStability.higham11_7_tridiagonalPathBranchMatrix.eq_1 | NumStability.higham11_7_tridiagonalPathBranchMatrix_apply
045daf28056a6e4358d5de7c22c7a9d7acc2e80e,1284,c2db1b6215c93ee821eee3fdab788c505b62e9047bf7691a68177a3be2538a44,3822651304,6361,2,1,1,1,0,2,0,0,0,1,false,false,0,mixed_reserved_nonreserved,,E_mixed_reserved_nonreserved,NumStability.exactHouseholderQRPanel_R.eq_1 | NumStability.exactHouseholderQRPanel_R_zero_rows
045daf28056a6e4358d5de7c22c7a9d7acc2e80e,1548,d24a1dbb40e70162f46d6772cf0a5bf3c2b01078cc043ac86dc423fba63fb45f,63514955,25606,2,1,1,1,0,2,0,0,0,1,false,false,0,mixed_reserved_nonreserved,,E_mixed_reserved_nonreserved,NumStability.higham21ConcreteGivensExactQ.eq_1 | NumStability.higham21ConcreteGivensExactQ_nil
045daf28056a6e4358d5de7c22c7a9d7acc2e80e,599,d64f7c303cc2ea4d1c72e21200521fff170e42a967334e279d43ebf90e0c2ae2,2252219126,27234,2,1,1,1,0,1,0,1,1,1,false,false,0,mixed_reserved_nonreserved,,E_mixed_reserved_nonreserved,NumStability.ieeePrimitiveInfinityPropagationResult?.eq_12 | NumStability.ieeePrimitiveInfinityPropagationResult?_add_finite_negInf
045daf28056a6e4358d5de7c22c7a9d7acc2e80e,446,d7de3228f0acd8fab43e5c954b91a89cf429bc852fedde95041ee437fa2927c6,1881190668,27494,2,1,1,1,0,1,0,1,1,1,false,false,0,mixed_reserved_nonreserved,,E_mixed_reserved_nonreserved,NumStability.ieeePrimitiveInfinityPropagationResult?.eq_15 | NumStability.ieeePrimitiveInfinityPropagationResult?_sub_posInf_finite
045daf28056a6e4358d5de7c22c7a9d7acc2e80e,1592,dcdc6e20a80f4848a76c135dd606ded016b07a2d39d8d19d23bad86d7249be0c,726464951,8200,2,1,1,1,0,2,0,0,0,1,false,false,0,mixed_reserved_nonreserved,,E_mixed_reserved_nonreserved,NumStability.fl_givensC.eq_1 | NumStability.fl_givensC_unroll
045daf28056a6e4358d5de7c22c7a9d7acc2e80e,837,dcde27cd5867df8c8fee6b4567be6f9e53478ba3eb221f2f08f6853c06062f6d,2781318860,27120,2,1,1,1,0,2,0,0,1,1,false,false,0,mixed_reserved_nonreserved,,E_mixed_reserved_nonreserved,NumStability.ieeePrimitiveAddSubSignedZeroResult?.eq_3 | NumStability.ieeePrimitiveAddSubSignedZeroResult?_sub_posZero_negZero
045daf28056a6e4358d5de7c22c7a9d7acc2e80e,951,dd30d919a7c6c4bab2eb430583c7433fddf9906f010824819fda8b26d410147c,3047940615,27992,2,1,1,1,0,1,0,0,1,1,false,false,0,mixed_reserved_nonreserved,,E_mixed_reserved_nonreserved,NumStability.FloatingPointFormat.ieeeRoundToModeSqrtValueResult?.eq_1 | NumStability.FloatingPointFormat.ieeeRoundToModeSqrtValueResult?_eq_some
045daf28056a6e4358d5de7c22c7a9d7acc2e80e,986,de5e6128f0a93147c52f7f10bd5514e04429e90780dc4b8dc8d866a065d59dff,3126338525,39612,2,2,1,1,0,2,0,0,0,1,false,false,0,mixed_reserved_nonreserved,,E_mixed_reserved_nonreserved,NumStability.higham9_14_roundedPivot.eq_1 | NumStability.higham9_14_roundedPivot_zero
045daf28056a6e4358d5de7c22c7a9d7acc2e80e,913,dec9b9a414bae450b424c58a2b30a126f09abaf8ddfd92714f3d4538cf9c3708,295216242,46842,2,1,1,1,0,2,0,0,0,1,false,false,0,mixed_reserved_nonreserved,,E_mixed_reserved_nonreserved,NumStability.Ch14ProductTree.roundedEval.eq_2 | NumStability.Ch14ProductTree.roundedEval_node
045daf28056a6e4358d5de7c22c7a9d7acc2e80e,868,df6b7c81a67feda9341040be60e3d44e9b5f1c89e6d11dcc2991eabfd9295ae9,2842364744,43036,2,1,1,1,0,1,0,0,1,1,false,false,0,mixed_reserved_nonreserved,,E_mixed_reserved_nonreserved,NumStability.higham13_algorithm13_3_diagLowerCert.eq_1 | NumStability.higham13_algorithm13_3_diagLowerCert_zero
045daf28056a6e4358d5de7c22c7a9d7acc2e80e,277,dff5ebefdc82e09429478bc497205a04e6f1662f6ddf55d6f29fa97ba590784c,149106174,27477,2,1,1,1,0,1,0,1,1,1,false,false,0,mixed_reserved_nonreserved,,E_mixed_reserved_nonreserved,NumStability.ieeeQuietNaNPropagationResult?.eq_1 | NumStability.ieeeQuietNaNPropagationResult?_left_nan
045daf28056a6e4358d5de7c22c7a9d7acc2e80e,260,e146c3b4de46f1572268381e8ccee93b10cec3d7a39720b667f2730cf0f11fa1,1424962508,27217,2,1,1,1,0,1,0,1,1,1,false,false,0,mixed_reserved_nonreserved,,E_mixed_reserved_nonreserved,NumStability.ieeePrimitiveInfinityPropagationResult?.eq_8 | NumStability.ieeePrimitiveInfinityPropagationResult?_add_negInf_finite
045daf28056a6e4358d5de7c22c7a9d7acc2e80e,848,e1ad01fa2fd3c9f43859cba3cfc127d57df05f277160abfa43f5fe9afd531779,2805538899,1357,2,2,1,1,0,1,0,1,1,1,false,false,0,mixed_reserved_nonreserved,,E_mixed_reserved_nonreserved,NumStability.FloatingPointFormat.finiteRoundToMode_towardPositive | NumStability.FloatingPointFormat.finiteRoundToMode.eq_3
045daf28056a6e4358d5de7c22c7a9d7acc2e80e,238,e7403a9aa438c569f50221eb0d7295fee22c885c7b0d0669f453786344beae89,138270485,6251,2,1,1,1,0,2,0,0,0,1,false,false,0,mixed_reserved_nonreserved,,E_mixed_reserved_nonreserved,NumStability.fl_householderQRPanel_Qhat.eq_1 | NumStability.fl_householderQRPanel_Qhat_zero_rows
045daf28056a6e4358d5de7c22c7a9d7acc2e80e,1482,e9bec4c0fa90af37c01c7266e20fb34b79649f4fbc83fb788fe52c395cf5d8a2,471947607,50541,2,1,1,1,0,2,0,0,0,1,false,false,0,mixed_reserved_nonreserved,,E_mixed_reserved_nonreserved,NumStability.Theorem20_7.fl_sourcePivotedStoredQRRhsSeq.eq_1 | NumStability.Theorem20_7.fl_sourcePivotedStoredQRRhsSeq_zero
045daf28056a6e4358d5de7c22c7a9d7acc2e80e,497,f5f1ac71f90ff617fb22a437a2867f4bcb934506e6ccc51f82847fff611947ef,2017321139,27301,2,1,1,1,0,1,0,1,1,1,false,false,0,mixed_reserved_nonreserved,,E_mixed_reserved_nonreserved,NumStability.ieeePrimitiveFiniteOverInfinityResult?.eq_2 | NumStability.ieeePrimitiveFiniteOverInfinityResult?_negZero_of_posZero_negInf
045daf28056a6e4358d5de7c22c7a9d7acc2e80e,636,f61e580110d17fe0ce0d6003c474ed5c55c798f61405897ed969829f10fc3344,229646738,29974,2,2,1,1,0,1,0,1,1,1,false,false,0,mixed_reserved_nonreserved,,E_mixed_reserved_nonreserved,NumStability.fl_alternativeCompensatedGlobalCorrection_eq_recursiveSum | NumStability.fl_alternativeCompensatedGlobalCorrection.eq_1
045daf28056a6e4358d5de7c22c7a9d7acc2e80e,210,f646a1b6db1bf6fd0be4ef1b46399bd3c20645ac4c91abdfc0750bd64d7babbd,1329854059,6416,2,1,1,1,0,2,0,0,0,1,false,false,0,mixed_reserved_nonreserved,,E_mixed_reserved_nonreserved,NumStability.fl_householderQRPanel_Q.eq_1 | NumStability.fl_householderQRPanel_Q_zero_rows
045daf28056a6e4358d5de7c22c7a9d7acc2e80e,1663,f70b67a74c22cf1754fde5e076a524b9067348861d19c6bf7c74294e354da26e,901046318,27226,2,1,1,1,0,1,0,1,1,1,false,false,0,mixed_reserved_nonreserved,,E_mixed_reserved_nonreserved,NumStability.ieeePrimitiveInfinityPropagationResult?.eq_30 | NumStability.ieeePrimitiveInfinityPropagationResult?_mul_posInf_negInf
045daf28056a6e4358d5de7c22c7a9d7acc2e80e,394,fa20583fa8153ecb3e17f6fa7342be61e5f35d9d57319f3017096da7bde6d521,1747605306,6454,2,1,1,1,0,2,0,0,0,1,false,false,0,mixed_reserved_nonreserved,,E_mixed_reserved_nonreserved,NumStability.fl_householderQRPanel_R.eq_1 | NumStability.fl_householderQRPanel_R_zero_rows
045daf28056a6e4358d5de7c22c7a9d7acc2e80e,734,fa85e151778c02586a3978f5131dcb801a135657ed685adcc2bccf6adb3072b5,2508766922,53467,2,2,1,1,0,1,0,1,0,1,false,false,0,mixed_reserved_nonreserved,,E_mixed_reserved_nonreserved,NumStability.pascalMatrix_apply | NumStability.pascalMatrix.eq_1
045daf28056a6e4358d5de7c22c7a9d7acc2e80e,1415,fc99b6f3417ceafbfa553e5559bb0ed5a0693c52cad2d1e10242f72143d4c1f5,4187258981,27476,2,1,1,1,0,2,0,0,1,1,false,false,0,mixed_reserved_nonreserved,,E_mixed_reserved_nonreserved,NumStability.ieeePrimitiveAddSubSignedZeroResult?.eq_2 | NumStability.ieeePrimitiveAddSubSignedZeroResult?_add_negZero_negZero
045daf28056a6e4358d5de7c22c7a9d7acc2e80e,1032,febe6d9a92392ec84e8651c0f43dcfe1169d0bfcf4ea0509d39ac938e146424e,326292833,43045,2,1,1,1,0,1,0,1,1,1,false,false,0,mixed_reserved_nonreserved,,E_mixed_reserved_nonreserved,NumStability.higham13_algorithm13_3_diagLowerCertGeneric.eq_1 | NumStability.higham13_algorithm13_3_diagLowerCertGeneric_zero
045daf28056a6e4358d5de7c22c7a9d7acc2e80e,795,043fb9e58367596d5ff2ce322722e19e42aa767cf12001f0f61197d875184824,267069256,26709,2,1,0,2,0,0,0,0,0,1,true,false,1,reserved_only,,F_reserved_only,NumStability.Wave16.flPartitionBackSub.eq_1 | NumStability.Wave16.flPartitionBackSub.eq_def
045daf28056a6e4358d5de7c22c7a9d7acc2e80e,742,2f9abbbdb4325f55c66f2269923efdda83ad4d955e6136210033413d92dc04da,2531293350,24379,2,1,0,2,0,0,0,0,0,1,true,false,1,reserved_only,,F_reserved_only,NumStability.Wave15.flQuasiBlockBackSub.eq_1 | NumStability.Wave15.flQuasiBlockBackSub.eq_def
045daf28056a6e4358d5de7c22c7a9d7acc2e80e,1372,3f0d2e2bd22006bc8787b12e2c0a15a1b949b8f83f7c1be9d5ead9806f437d86,4085650636,38276,2,1,0,2,0,0,0,0,0,1,true,false,1,reserved_only,,F_reserved_only,NumStability.ch5LejaGreedyAux.eq_1 | NumStability.ch5LejaGreedyAux.eq_def
045daf28056a6e4358d5de7c22c7a9d7acc2e80e,1696,cb292e29f07395e8fa4856399c245f718eeef3b9d3f4a020ca10c9734390e0cd,972179848,43805,2,1,0,2,0,0,0,0,0,1,true,false,1,reserved_only,,F_reserved_only,NumStability.dhsBlockBackConventionalSolution.eq_1 | NumStability.dhsBlockBackConventionalSolution.eq_def
