task_id,tier,pair_id,condition,source_run,pass,proof_sha256,attempt_sha256,imports,qualified_occurrences,qualified_distinct,qualified_live_distinct,transitive_declarations,distance1_declarations,distance2_declarations,library_modules,candidate_total,candidate_hits,candidate_distance1_hits,candidate_score,time_seconds,observed_tokens,public_transitive_declarations,substantial_audit_hits,substantial_explicit_hits,substantial_score,final_matches_accepted,physical_loc,proof_region_loc,dependency_names,distance1_names,candidate_names,hit_names,substantial_names,substantial_hit_names,explicit_names,proof_path,attempt_path
P01-T1,T1,P01-T1-rep-01,N,results-r11,True,5d0129a2b487dc620118240a2e677a62be48931c27547bf6b25c9170a54145ce,cb2532e239b9604379b948b5278d1eef44acfcc01e77e97298cd9d6dae81f41a,0,0,0,0,0,0,0,0,1,0,0,0,386.345106,361286,0,0,0,0,True,117,75,,,NumStability.pairwiseSum_forward_error_bound,,NumStability.pairwiseSum_forward_error_bound,,,measurements/runs/results-r11/pairs/P01-T1-rep-01/condition-N/accepted_proof.lean,measurements/runs/results-r11/pairs/P01-T1-rep-01/condition-N/attempt.json
P01-T1,T1,P01-T1-rep-01,L,results-r11,True,9cf62636fe8846c32142e013d9bbd71cde16e27d7ede82a0c61099a345b94b95,a0da9afd40b72bbf19710e3448b161a49a0d9bf064331f205698b663bbf2a105,0,0,0,0,0,0,0,0,1,0,0,0,434.335636,1033043,0,0,0,0,True,146,88,,,NumStability.pairwiseSum_forward_error_bound,,NumStability.pairwiseSum_forward_error_bound,,,measurements/runs/results-r11/pairs/P01-T1-rep-01/condition-L/accepted_proof.lean,measurements/runs/results-r11/pairs/P01-T1-rep-01/condition-L/attempt.json
P01-T1,T1,P01-T1-rep-02,N,results-r11,True,027b32e657e2da73668f4f88dc2488822603ab01b01bd777e341deb0a22af840,ac978da4d99ff3925cb71a4574d65e94750e0d1bdbdd2f2302a7a9abfe5c1633,0,0,0,0,0,0,0,0,1,0,0,0,548.833274,1591270,0,0,0,0,True,144,24,,,NumStability.pairwiseSum_forward_error_bound,,NumStability.pairwiseSum_forward_error_bound,,,measurements/runs/results-r11/pairs/P01-T1-rep-02/condition-N/accepted_proof.lean,measurements/runs/results-r11/pairs/P01-T1-rep-02/condition-N/attempt.json
P01-T1,T1,P01-T1-rep-02,L,results-r11,True,5468bed0be38c95503e89e7897af0789c72d8a58131cc5f7a0941635cddb3a44,b841aba588befae51c39cbb0b0134b1abbec14918d855d209bdd729128bedf64,1,7,5,5,25,4,9,3,1,1,1,2,122.242506,173253,14,1,1,2,True,67,9,NumStability.FPModel;NumStability.FPModel.fl_add;NumStability.FPModel.mk;NumStability.FPModel.model_add;NumStability.FPModel.u;NumStability.FPModel.u_nonneg;NumStability.fl_pairwiseSum;NumStability.fl_pairwiseSum._proof_1;NumStability.fl_pairwiseSum.match_1;NumStability.gamma;NumStability.gammaValid;NumStability.gammaValid_mono;NumStability.gamma_mul;NumStability.pairwiseSum_backward_error;NumStability.pairwiseSum_backward_error._proof_1_4;NumStability.pairwiseSum_backward_error._proof_1_5;NumStability.pairwiseSum_backward_error._proof_1_6;NumStability.pairwiseSum_backward_error._proof_1_7;NumStability.pairwiseSum_forward_error_bound;NumStability.u_le_gamma;_private.NumStability.Algorithms.Summation.Pairwise.Core.0.NumStability.left_lt;_private.NumStability.Algorithms.Summation.Pairwise.Core.0.NumStability.left_lt._proof_1_1;_private.NumStability.Algorithms.Summation.Pairwise.Core.0.NumStability.right_lt;_private.NumStability.Algorithms.Summation.Pairwise.Core.0.NumStability.right_lt._proof_1_1;_private.NumStability.Algorithms.Summation.Pairwise.Core.0.NumStability.sum_split,NumStability.fl_pairwiseSum;NumStability.gamma;NumStability.gammaValid;NumStability.pairwiseSum_forward_error_bound,NumStability.pairwiseSum_forward_error_bound,NumStability.pairwiseSum_forward_error_bound,NumStability.pairwiseSum_forward_error_bound,NumStability.pairwiseSum_forward_error_bound,NumStability.FPModel;NumStability.fl_pairwiseSum;NumStability.gamma;NumStability.gammaValid;NumStability.pairwiseSum_forward_error_bound,measurements/runs/results-r11/pairs/P01-T1-rep-02/condition-L/accepted_proof.lean,measurements/runs/results-r11/pairs/P01-T1-rep-02/condition-L/attempt.json
P01-T1,T1,P01-T1-rep-03,N,results-r11,True,4ee7d4715daa320aafb91bdad365407e553c72ea8c226e38dbaf54e4d40e4aab,08f946c8967de6ce0e6f8c5f5113b4fe22baae9c4ff00eb87d969ce0eb17bb6a,0,0,0,0,0,0,0,0,1,0,0,0,474.546632,681670,0,0,0,0,True,152,1,,,NumStability.pairwiseSum_forward_error_bound,,NumStability.pairwiseSum_forward_error_bound,,,measurements/runs/results-r11/pairs/P01-T1-rep-03/condition-N/accepted_proof.lean,measurements/runs/results-r11/pairs/P01-T1-rep-03/condition-N/attempt.json
P01-T1,T1,P01-T1-rep-03,L,results-r11,True,ee65d0f81601ea81d975c9e340fe98a47cafc1b919e2e33984cf5d0b2a3ed9f7,2efaced180c3ec4c8c6f363f6e2fecb12bb3b77d6347be123d382b27e16f7c6e,1,8,6,6,40,20,11,3,1,1,1,2,114.545471,174588,23,1,1,2,True,38,22,NumStability.FPModel;NumStability.FPModel.exactWithUnitRoundoff;NumStability.FPModel.exactWithUnitRoundoff._proof_1;NumStability.FPModel.exactWithUnitRoundoff._proof_2;NumStability.FPModel.exactWithUnitRoundoff._proof_3;NumStability.FPModel.exactWithUnitRoundoff._proof_4;NumStability.FPModel.exactWithUnitRoundoff._proof_5;NumStability.FPModel.exactWithUnitRoundoff._proof_6;NumStability.FPModel.fl_add;NumStability.FPModel.fl_div;NumStability.FPModel.fl_mul;NumStability.FPModel.fl_sqrt;NumStability.FPModel.fl_sub;NumStability.FPModel.mk;NumStability.FPModel.model_add;NumStability.FPModel.model_div;NumStability.FPModel.model_mul;NumStability.FPModel.model_sqrt;NumStability.FPModel.model_sub;NumStability.FPModel.u;NumStability.FPModel.u_nonneg;NumStability.fl_pairwiseSum;NumStability.fl_pairwiseSum._proof_1;NumStability.fl_pairwiseSum.match_1;NumStability.gamma;NumStability.gammaValid;NumStability.gammaValid_mono;NumStability.gamma_mul;NumStability.pairwiseSum_backward_error;NumStability.pairwiseSum_backward_error._proof_1_4;NumStability.pairwiseSum_backward_error._proof_1_5;NumStability.pairwiseSum_backward_error._proof_1_6;NumStability.pairwiseSum_backward_error._proof_1_7;NumStability.pairwiseSum_forward_error_bound;NumStability.u_le_gamma;_private.NumStability.Algorithms.Summation.Pairwise.Core.0.NumStability.left_lt;_private.NumStability.Algorithms.Summation.Pairwise.Core.0.NumStability.left_lt._proof_1_1;_private.NumStability.Algorithms.Summation.Pairwise.Core.0.NumStability.right_lt;_private.NumStability.Algorithms.Summation.Pairwise.Core.0.NumStability.right_lt._proof_1_1;_private.NumStability.Algorithms.Summation.Pairwise.Core.0.NumStability.sum_split,NumStability.FPModel;NumStability.FPModel.exactWithUnitRoundoff;NumStability.FPModel.fl_add;NumStability.FPModel.fl_div;NumStability.FPModel.fl_mul;NumStability.FPModel.fl_sqrt;NumStability.FPModel.fl_sub;NumStability.FPModel.mk;NumStability.FPModel.model_div;NumStability.FPModel.model_mul;NumStability.FPModel.model_sqrt;NumStability.FPModel.model_sub;NumStability.FPModel.u;NumStability.FPModel.u_nonneg;NumStability.fl_pairwiseSum;NumStability.gamma;NumStability.gammaValid;NumStability.pairwiseSum_forward_error_bound;_private.NumStability.Algorithms.Summation.Pairwise.Core.0.NumStability.left_lt;_private.NumStability.Algorithms.Summation.Pairwise.Core.0.NumStability.right_lt,NumStability.pairwiseSum_forward_error_bound,NumStability.pairwiseSum_forward_error_bound,NumStability.pairwiseSum_forward_error_bound,NumStability.pairwiseSum_forward_error_bound,NumStability.FPModel;NumStability.FPModel.exactWithUnitRoundoff;NumStability.fl_pairwiseSum;NumStability.gamma;NumStability.gammaValid;NumStability.pairwiseSum_forward_error_bound,measurements/runs/results-r11/pairs/P01-T1-rep-03/condition-L/accepted_proof.lean,measurements/runs/results-r11/pairs/P01-T1-rep-03/condition-L/attempt.json
P01-T2,T2,P01-T2-rep-01,N,results-r11,True,1bc3f6800f28752ff75e9eaf2befb4689aee2d3da68b94bd7a9edcaa6958c5de,f49a6f806be5c024d860b9171967341805aa524ea66c7bf014e4240b2c4c2563,0,0,0,0,0,0,0,0,4,0,0,0,833.808719,1674731,0,0,0,0,True,299,4,,,NumStability.gammaValid_mono;NumStability.pairwiseSum_forward_error_bound;NumStability.recursiveSum_forward_error_bound;NumStability.recursiveSum_running_error_bound,,NumStability.pairwiseSum_forward_error_bound;NumStability.recursiveSum_forward_error_bound;NumStability.recursiveSum_running_error_bound,,,measurements/runs/results-r11/pairs/P01-T2-rep-01/condition-N/accepted_proof.lean,measurements/runs/results-r11/pairs/P01-T2-rep-01/condition-N/attempt.json
P01-T2,T2,P01-T2-rep-01,L,results-r11,True,be9c2aeea9c37ae306d0502a7f0a230c1a3f9eba02b10156800258618a3cdcd3,65bfa30dc8b76536425dc2b6f0abb7fd1881a8645646b6c6b3a92f34135ca0de,2,17,10,10,37,11,12,5,4,4,4,3,149.496261,378885,24,3,3,3,True,127,20,NumStability.FPModel;NumStability.FPModel.fl_add;NumStability.FPModel.fl_add_zero;NumStability.FPModel.mk;NumStability.FPModel.model_add;NumStability.FPModel.u;NumStability.FPModel.u_nonneg;NumStability.fl_pairwiseSum;NumStability.fl_pairwiseSum._proof_1;NumStability.fl_pairwiseSum.match_1;NumStability.fl_partialSums;NumStability.fl_partialSums._proof_1;NumStability.fl_recursiveSum;NumStability.fl_sum_error_init;NumStability.fl_sum_error_init._proof_1_1;NumStability.fl_sum_error_tight;NumStability.gamma;NumStability.gammaValid;NumStability.gammaValid_mono;NumStability.gamma_mono;NumStability.gamma_mul;NumStability.pairwiseSum_backward_error;NumStability.pairwiseSum_backward_error._proof_1_4;NumStability.pairwiseSum_backward_error._proof_1_5;NumStability.pairwiseSum_backward_error._proof_1_6;NumStability.pairwiseSum_backward_error._proof_1_7;NumStability.pairwiseSum_forward_error_bound;NumStability.recursiveSum_backward_error;NumStability.recursiveSum_error_decomp;NumStability.recursiveSum_forward_error_bound;NumStability.recursiveSum_running_error_bound;NumStability.u_le_gamma;_private.NumStability.Algorithms.Summation.Pairwise.Core.0.NumStability.left_lt;_private.NumStability.Algorithms.Summation.Pairwise.Core.0.NumStability.left_lt._proof_1_1;_private.NumStability.Algorithms.Summation.Pairwise.Core.0.NumStability.right_lt;_private.NumStability.Algorithms.Summation.Pairwise.Core.0.NumStability.right_lt._proof_1_1;_private.NumStability.Algorithms.Summation.Pairwise.Core.0.NumStability.sum_split,NumStability.FPModel.mk;NumStability.FPModel.u;NumStability.fl_pairwiseSum;NumStability.fl_partialSums;NumStability.fl_recursiveSum;NumStability.gamma;NumStability.gammaValid;NumStability.gammaValid_mono;NumStability.pairwiseSum_forward_error_bound;NumStability.recursiveSum_forward_error_bound;NumStability.recursiveSum_running_error_bound,NumStability.gammaValid_mono;NumStability.pairwiseSum_forward_error_bound;NumStability.recursiveSum_forward_error_bound;NumStability.recursiveSum_running_error_bound,NumStability.gammaValid_mono;NumStability.pairwiseSum_forward_error_bound;NumStability.recursiveSum_forward_error_bound;NumStability.recursiveSum_running_error_bound,NumStability.pairwiseSum_forward_error_bound;NumStability.recursiveSum_forward_error_bound;NumStability.recursiveSum_running_error_bound,NumStability.pairwiseSum_forward_error_bound;NumStability.recursiveSum_forward_error_bound;NumStability.recursiveSum_running_error_bound,NumStability.FPModel;NumStability.fl_pairwiseSum;NumStability.fl_partialSums;NumStability.fl_recursiveSum;NumStability.gamma;NumStability.gammaValid;NumStability.gammaValid_mono;NumStability.pairwiseSum_forward_error_bound;NumStability.recursiveSum_forward_error_bound;NumStability.recursiveSum_running_error_bound,measurements/runs/results-r11/pairs/P01-T2-rep-01/condition-L/accepted_proof.lean,measurements/runs/results-r11/pairs/P01-T2-rep-01/condition-L/attempt.json
P01-T2,T2,P01-T2-rep-02,N,results-r11,True,a57bd8683e57a266a2741e101876debfdd49dd889ceb81349dc33e9193f2ae6e,89137e4f4b12163261141e7f591086bc397e7b9368238a004fdf4600a96aad0c,0,0,0,0,0,0,0,0,4,0,0,0,926.642547,1659259,0,0,0,0,True,316,4,,,NumStability.gammaValid_mono;NumStability.pairwiseSum_forward_error_bound;NumStability.recursiveSum_forward_error_bound;NumStability.recursiveSum_running_error_bound,,NumStability.pairwiseSum_forward_error_bound;NumStability.recursiveSum_forward_error_bound;NumStability.recursiveSum_running_error_bound,,,measurements/runs/results-r11/pairs/P01-T2-rep-02/condition-N/accepted_proof.lean,measurements/runs/results-r11/pairs/P01-T2-rep-02/condition-N/attempt.json
P01-T2,T2,P01-T2-rep-02,L,results-r11,True,41cbcb0913563a51e7da608c3289758ea5045d550b5da0c095d4652ce9ff7666,a4a946c12e479d4c39943f68724bf1312d3b1986ba3f1b39fc09ca5186241c49,2,19,10,10,37,12,11,5,4,4,4,3,288.761105,981152,24,3,3,3,True,126,17,NumStability.FPModel;NumStability.FPModel.fl_add;NumStability.FPModel.fl_add_zero;NumStability.FPModel.mk;NumStability.FPModel.model_add;NumStability.FPModel.u;NumStability.FPModel.u_nonneg;NumStability.fl_pairwiseSum;NumStability.fl_pairwiseSum._proof_1;NumStability.fl_pairwiseSum.match_1;NumStability.fl_partialSums;NumStability.fl_partialSums._proof_1;NumStability.fl_recursiveSum;NumStability.fl_sum_error_init;NumStability.fl_sum_error_init._proof_1_1;NumStability.fl_sum_error_tight;NumStability.gamma;NumStability.gammaValid;NumStability.gammaValid_mono;NumStability.gamma_mono;NumStability.gamma_mul;NumStability.pairwiseSum_backward_error;NumStability.pairwiseSum_backward_error._proof_1_4;NumStability.pairwiseSum_backward_error._proof_1_5;NumStability.pairwiseSum_backward_error._proof_1_6;NumStability.pairwiseSum_backward_error._proof_1_7;NumStability.pairwiseSum_forward_error_bound;NumStability.recursiveSum_backward_error;NumStability.recursiveSum_error_decomp;NumStability.recursiveSum_forward_error_bound;NumStability.recursiveSum_running_error_bound;NumStability.u_le_gamma;_private.NumStability.Algorithms.Summation.Pairwise.Core.0.NumStability.left_lt;_private.NumStability.Algorithms.Summation.Pairwise.Core.0.NumStability.left_lt._proof_1_1;_private.NumStability.Algorithms.Summation.Pairwise.Core.0.NumStability.right_lt;_private.NumStability.Algorithms.Summation.Pairwise.Core.0.NumStability.right_lt._proof_1_1;_private.NumStability.Algorithms.Summation.Pairwise.Core.0.NumStability.sum_split,NumStability.FPModel;NumStability.FPModel.mk;NumStability.FPModel.u;NumStability.fl_pairwiseSum;NumStability.fl_partialSums;NumStability.fl_recursiveSum;NumStability.gamma;NumStability.gammaValid;NumStability.gammaValid_mono;NumStability.pairwiseSum_forward_error_bound;NumStability.recursiveSum_forward_error_bound;NumStability.recursiveSum_running_error_bound,NumStability.gammaValid_mono;NumStability.pairwiseSum_forward_error_bound;NumStability.recursiveSum_forward_error_bound;NumStability.recursiveSum_running_error_bound,NumStability.gammaValid_mono;NumStability.pairwiseSum_forward_error_bound;NumStability.recursiveSum_forward_error_bound;NumStability.recursiveSum_running_error_bound,NumStability.pairwiseSum_forward_error_bound;NumStability.recursiveSum_forward_error_bound;NumStability.recursiveSum_running_error_bound,NumStability.pairwiseSum_forward_error_bound;NumStability.recursiveSum_forward_error_bound;NumStability.recursiveSum_running_error_bound,NumStability.FPModel;NumStability.fl_pairwiseSum;NumStability.fl_partialSums;NumStability.fl_recursiveSum;NumStability.gamma;NumStability.gammaValid;NumStability.gammaValid_mono;NumStability.pairwiseSum_forward_error_bound;NumStability.recursiveSum_forward_error_bound;NumStability.recursiveSum_running_error_bound,measurements/runs/results-r11/pairs/P01-T2-rep-02/condition-L/accepted_proof.lean,measurements/runs/results-r11/pairs/P01-T2-rep-02/condition-L/attempt.json
P01-T2,T2,P01-T2-rep-03,N,results-r11,True,913b0500b6bdaa042963b82f61d52e4192be2e4ebbbc96f4bd3694dc8cb74d32,b8aa11e6a638358fd7736c6647603a36f89938b4dfc68db9c361f5f79a17d82b,0,0,0,0,0,0,0,0,4,0,0,0,761.088271,1510988,0,0,0,0,True,318,5,,,NumStability.gammaValid_mono;NumStability.pairwiseSum_forward_error_bound;NumStability.recursiveSum_forward_error_bound;NumStability.recursiveSum_running_error_bound,,NumStability.pairwiseSum_forward_error_bound;NumStability.recursiveSum_forward_error_bound;NumStability.recursiveSum_running_error_bound,,,measurements/runs/results-r11/pairs/P01-T2-rep-03/condition-N/accepted_proof.lean,measurements/runs/results-r11/pairs/P01-T2-rep-03/condition-N/attempt.json
P01-T2,T2,P01-T2-rep-03,L,results-r11,True,28d0fdb020d9e20e3dd29b3939dadb8bca63be51af222e6dab0ea34be4dded15,e5f3630f512ca48b552606c8f77832d27bfbd20027e6daf7b5548296ccad5fda,2,19,10,10,37,12,11,5,4,4,4,3,184.619815,307159,24,3,3,3,True,120,20,NumStability.FPModel;NumStability.FPModel.fl_add;NumStability.FPModel.fl_add_zero;NumStability.FPModel.mk;NumStability.FPModel.model_add;NumStability.FPModel.u;NumStability.FPModel.u_nonneg;NumStability.fl_pairwiseSum;NumStability.fl_pairwiseSum._proof_1;NumStability.fl_pairwiseSum.match_1;NumStability.fl_partialSums;NumStability.fl_partialSums._proof_1;NumStability.fl_recursiveSum;NumStability.fl_sum_error_init;NumStability.fl_sum_error_init._proof_1_1;NumStability.fl_sum_error_tight;NumStability.gamma;NumStability.gammaValid;NumStability.gammaValid_mono;NumStability.gamma_mono;NumStability.gamma_mul;NumStability.pairwiseSum_backward_error;NumStability.pairwiseSum_backward_error._proof_1_4;NumStability.pairwiseSum_backward_error._proof_1_5;NumStability.pairwiseSum_backward_error._proof_1_6;NumStability.pairwiseSum_backward_error._proof_1_7;NumStability.pairwiseSum_forward_error_bound;NumStability.recursiveSum_backward_error;NumStability.recursiveSum_error_decomp;NumStability.recursiveSum_forward_error_bound;NumStability.recursiveSum_running_error_bound;NumStability.u_le_gamma;_private.NumStability.Algorithms.Summation.Pairwise.Core.0.NumStability.left_lt;_private.NumStability.Algorithms.Summation.Pairwise.Core.0.NumStability.left_lt._proof_1_1;_private.NumStability.Algorithms.Summation.Pairwise.Core.0.NumStability.right_lt;_private.NumStability.Algorithms.Summation.Pairwise.Core.0.NumStability.right_lt._proof_1_1;_private.NumStability.Algorithms.Summation.Pairwise.Core.0.NumStability.sum_split,NumStability.FPModel;NumStability.FPModel.mk;NumStability.FPModel.u;NumStability.fl_pairwiseSum;NumStability.fl_partialSums;NumStability.fl_recursiveSum;NumStability.gamma;NumStability.gammaValid;NumStability.gammaValid_mono;NumStability.pairwiseSum_forward_error_bound;NumStability.recursiveSum_forward_error_bound;NumStability.recursiveSum_running_error_bound,NumStability.gammaValid_mono;NumStability.pairwiseSum_forward_error_bound;NumStability.recursiveSum_forward_error_bound;NumStability.recursiveSum_running_error_bound,NumStability.gammaValid_mono;NumStability.pairwiseSum_forward_error_bound;NumStability.recursiveSum_forward_error_bound;NumStability.recursiveSum_running_error_bound,NumStability.pairwiseSum_forward_error_bound;NumStability.recursiveSum_forward_error_bound;NumStability.recursiveSum_running_error_bound,NumStability.pairwiseSum_forward_error_bound;NumStability.recursiveSum_forward_error_bound;NumStability.recursiveSum_running_error_bound,NumStability.FPModel;NumStability.fl_pairwiseSum;NumStability.fl_partialSums;NumStability.fl_recursiveSum;NumStability.gamma;NumStability.gammaValid;NumStability.gammaValid_mono;NumStability.pairwiseSum_forward_error_bound;NumStability.recursiveSum_forward_error_bound;NumStability.recursiveSum_running_error_bound,measurements/runs/results-r11/pairs/P01-T2-rep-03/condition-L/accepted_proof.lean,measurements/runs/results-r11/pairs/P01-T2-rep-03/condition-L/attempt.json
P02-T1,T1,P02-T1-rep-01,N,results-r11,True,a60ece501c2270fc01ad8c55527c0a41fb15c7202b511c27af1ae601f625afb1,0a96f64bf1215679d20abe8609f77e699dfeefc408b57cc68aad36a874ae481d,0,0,0,0,0,0,0,0,1,0,0,0,1345.184166,3378989,0,0,0,0,True,395,82,,,NumStability.recursiveSum_forward_error_bound,,NumStability.recursiveSum_forward_error_bound,,,measurements/runs/results-r11/pairs/P02-T1-rep-01/condition-N/accepted_proof.lean,measurements/runs/results-r11/pairs/P02-T1-rep-01/condition-N/attempt.json
P02-T1,T1,P02-T1-rep-01,L,results-r11,True,d3d983ade6b0ffb5fe3121625e56195a88b3c77844f28247fb12761ebb80aade,9f7bd68e6e11ef7c61c29801987a2a8fac6d25132436bdbbeaff5c4c508e1f4c,1,25,11,11,24,0,9,4,1,1,0,2,967.387937,3038942,23,1,1,2,True,414,94,NumStability.FPModel;NumStability.FPModel.fl_add;NumStability.FPModel.fl_add_zero;NumStability.FPModel.mk;NumStability.FPModel.model_add;NumStability.FPModel.u;NumStability.FPModel.u_nonneg;NumStability.fl_recursiveSum;NumStability.fl_recursiveSum.eq_1;NumStability.fl_sum_error_init;NumStability.fl_sum_error_init._proof_1_1;NumStability.fl_sum_error_tight;NumStability.gamma;NumStability.gammaValid;NumStability.gammaValid_mono;NumStability.gamma_mono;NumStability.gamma_mul;NumStability.gamma_nonneg;NumStability.gamma_sum_le;NumStability.recursiveSum_abs_le_one_add_gamma_mul_sum_abs;NumStability.recursiveSum_backward_error;NumStability.recursiveSum_error_decomp;NumStability.recursiveSum_forward_error_bound;NumStability.u_le_gamma,,NumStability.recursiveSum_forward_error_bound,NumStability.recursiveSum_forward_error_bound,NumStability.recursiveSum_forward_error_bound,NumStability.recursiveSum_forward_error_bound,NumStability.FPModel;NumStability.fl_recursiveSum;NumStability.gamma;NumStability.gammaValid;NumStability.gammaValid_mono;NumStability.gamma_mono;NumStability.gamma_nonneg;NumStability.gamma_sum_le;NumStability.recursiveSum_abs_le_one_add_gamma_mul_sum_abs;NumStability.recursiveSum_forward_error_bound;NumStability.u_le_gamma,measurements/runs/results-r11/pairs/P02-T1-rep-01/condition-L/accepted_proof.lean,measurements/runs/results-r11/pairs/P02-T1-rep-01/condition-L/attempt.json
P02-T1,T1,P02-T1-rep-02,N,results-r11,True,d2819b0147a2c832c94333b1cb2a5e6843c95c5ff8dc0524a47fdc836c3ccb1f,41e4ec96b8394984351c0802dd23b6161ab1cdc3d24b4470a065f1111d074db9,0,0,0,0,0,0,0,0,1,0,0,0,1244.141528,3343755,0,0,0,0,True,458,86,,,NumStability.recursiveSum_forward_error_bound,,NumStability.recursiveSum_forward_error_bound,,,measurements/runs/results-r11/pairs/P02-T1-rep-02/condition-N/accepted_proof.lean,measurements/runs/results-r11/pairs/P02-T1-rep-02/condition-N/attempt.json
P02-T1,T1,P02-T1-rep-02,L,results-r11,True,bfc0c48f57e4b2c8d545311ed1741e14400dbf35a1a2f8a838cacf0651256ab6,0d7a5af29d65ec20aa280b080e83c82189c1be5e0153953ee2c2cf4e367a7567,1,28,11,11,23,9,6,4,1,1,1,2,999.869684,3908530,22,1,1,2,True,425,134,NumStability.FPModel;NumStability.FPModel.fl_add;NumStability.FPModel.fl_add_zero;NumStability.FPModel.mk;NumStability.FPModel.model_add;NumStability.FPModel.u;NumStability.FPModel.u_nonneg;NumStability.fl_recursiveSum;NumStability.fl_sum_error_init;NumStability.fl_sum_error_init._proof_1_1;NumStability.fl_sum_error_tight;NumStability.gamma;NumStability.gammaValid;NumStability.gammaValid_mono;NumStability.gamma_mono;NumStability.gamma_mul;NumStability.gamma_nonneg;NumStability.gamma_sum_le;NumStability.recursiveSum_abs_le_one_add_gamma_mul_sum_abs;NumStability.recursiveSum_backward_error;NumStability.recursiveSum_error_decomp;NumStability.recursiveSum_forward_error_bound;NumStability.u_le_gamma,NumStability.FPModel;NumStability.fl_recursiveSum;NumStability.gamma;NumStability.gammaValid;NumStability.gammaValid_mono;NumStability.gamma_nonneg;NumStability.gamma_sum_le;NumStability.recursiveSum_forward_error_bound;NumStability.u_le_gamma,NumStability.recursiveSum_forward_error_bound,NumStability.recursiveSum_forward_error_bound,NumStability.recursiveSum_forward_error_bound,NumStability.recursiveSum_forward_error_bound,NumStability.FPModel;NumStability.fl_recursiveSum;NumStability.gamma;NumStability.gammaValid;NumStability.gammaValid_mono;NumStability.gamma_mono;NumStability.gamma_nonneg;NumStability.gamma_sum_le;NumStability.recursiveSum_abs_le_one_add_gamma_mul_sum_abs;NumStability.recursiveSum_forward_error_bound;NumStability.u_le_gamma,measurements/runs/results-r11/pairs/P02-T1-rep-02/condition-L/accepted_proof.lean,measurements/runs/results-r11/pairs/P02-T1-rep-02/condition-L/attempt.json
P02-T1,T1,P02-T1-rep-03,N,results-r11,True,ae10e4932885dd1968f26148eea8183473d5480505c0dcf7f6fe673cac820e4b,3ebafd94271318641b39d3534ed61bbd8d11a67a702365c87602167c92b93ac2,0,0,0,0,0,0,0,0,1,0,0,0,1126.10799,2652273,0,0,0,0,True,396,83,,,NumStability.recursiveSum_forward_error_bound,,NumStability.recursiveSum_forward_error_bound,,,measurements/runs/results-r11/pairs/P02-T1-rep-03/condition-N/accepted_proof.lean,measurements/runs/results-r11/pairs/P02-T1-rep-03/condition-N/attempt.json
P02-T1,T1,P02-T1-rep-03,L,results-r11,True,138dd3dcec2750885d8ff1188ceaccfbe45ba50427edf6458b8f59aa658016d9,6cde6d601a4d6de2e37ac0619f6a908be5f5479be0c0bf6f4632a3e23a7fe879,1,40,11,11,24,8,8,4,1,1,1,2,1147.761012,4950484,23,1,1,2,True,351,108,NumStability.FPModel;NumStability.FPModel.fl_add;NumStability.FPModel.fl_add_zero;NumStability.FPModel.mk;NumStability.FPModel.model_add;NumStability.FPModel.u;NumStability.FPModel.u_nonneg;NumStability.fl_recursiveSum;NumStability.fl_recursiveSum.eq_1;NumStability.fl_sum_error_init;NumStability.fl_sum_error_init._proof_1_1;NumStability.fl_sum_error_tight;NumStability.gamma;NumStability.gammaValid;NumStability.gammaValid_mono;NumStability.gamma_mono;NumStability.gamma_mul;NumStability.gamma_nonneg;NumStability.gamma_sum_le;NumStability.recursiveSum_abs_le_one_add_gamma_mul_sum_abs;NumStability.recursiveSum_backward_error;NumStability.recursiveSum_error_decomp;NumStability.recursiveSum_forward_error_bound;NumStability.u_le_gamma,NumStability.FPModel;NumStability.FPModel.mk;NumStability.FPModel.u;NumStability.fl_recursiveSum;NumStability.gamma;NumStability.gammaValid;NumStability.gamma_nonneg;NumStability.recursiveSum_forward_error_bound,NumStability.recursiveSum_forward_error_bound,NumStability.recursiveSum_forward_error_bound,NumStability.recursiveSum_forward_error_bound,NumStability.recursiveSum_forward_error_bound,NumStability.FPModel;NumStability.fl_recursiveSum;NumStability.gamma;NumStability.gammaValid;NumStability.gammaValid_mono;NumStability.gamma_mono;NumStability.gamma_nonneg;NumStability.gamma_sum_le;NumStability.recursiveSum_abs_le_one_add_gamma_mul_sum_abs;NumStability.recursiveSum_forward_error_bound;NumStability.u_le_gamma,measurements/runs/results-r11/pairs/P02-T1-rep-03/condition-L/accepted_proof.lean,measurements/runs/results-r11/pairs/P02-T1-rep-03/condition-L/attempt.json
P04-T1,T1,P04-T1-rep-01,N,results-r11,True,1bfbca03acecc4a1786a947d1920a3e80ea6c6216b9b8295806a382abcb69baa,960cd7a349cfcc0c99c1c05843b2f25064d925c7c1f3408c9f032efb20944e93,0,0,0,0,0,0,0,0,3,0,0,0,782.164778,1487852,0,0,0,0,True,408,115,,,NumStability.gammaValid_mono;NumStability.gamma_nonneg;NumStability.prod_error_bound,,NumStability.prod_error_bound;NumStability.prod_one_add_delta_abs_sub_one_le_gamma_radius,,,measurements/runs/results-r11/pairs/P04-T1-rep-01/condition-N/accepted_proof.lean,measurements/runs/results-r11/pairs/P04-T1-rep-01/condition-N/attempt.json
P04-T1,T1,P04-T1-rep-01,L,results-r11,True,2737df55cb3ba040022e72be88e5f6fe7dfe8c5ba5dc58ce4a45a2df39dfb525,5fdd93f1e2173f6b1119d31fdef0e5f7949381ffa8c88a34e9741860193cc348,1,5,4,4,14,0,5,2,3,1,0,2,597.08187,1223828,8,1,1,2,True,317,107,NumStability.FPModel;NumStability.FPModel.exactWithUnitRoundoff;NumStability.FPModel.exactWithUnitRoundoff._proof_1;NumStability.FPModel.exactWithUnitRoundoff._proof_2;NumStability.FPModel.exactWithUnitRoundoff._proof_3;NumStability.FPModel.exactWithUnitRoundoff._proof_4;NumStability.FPModel.exactWithUnitRoundoff._proof_5;NumStability.FPModel.exactWithUnitRoundoff._proof_6;NumStability.FPModel.mk;NumStability.FPModel.u;NumStability.FPModel.u_nonneg;NumStability.gamma;NumStability.gammaValid;NumStability.prod_error_bound,,NumStability.gammaValid_mono;NumStability.gamma_nonneg;NumStability.prod_error_bound,NumStability.prod_error_bound,NumStability.prod_error_bound;NumStability.prod_one_add_delta_abs_sub_one_le_gamma_radius,NumStability.prod_error_bound,NumStability.FPModel.exactWithUnitRoundoff;NumStability.gamma;NumStability.gammaValid;NumStability.prod_error_bound,measurements/runs/results-r11/pairs/P04-T1-rep-01/condition-L/accepted_proof.lean,measurements/runs/results-r11/pairs/P04-T1-rep-01/condition-L/attempt.json
P04-T1,T1,P04-T1-rep-02,N,results-r11,True,d0e34181eb3bfb9ef6b52ae3ba30ceb2a83762d30a0d42ac5409d5952fa8cc36,1cc3f196e047aef045086e41e39565556cc4f1c57fb3a253bf050a91edcede5b,0,0,0,0,0,0,0,0,3,0,0,0,822.759381,1122521,0,0,0,0,True,476,109,,,NumStability.gammaValid_mono;NumStability.gamma_nonneg;NumStability.prod_error_bound,,NumStability.prod_error_bound;NumStability.prod_one_add_delta_abs_sub_one_le_gamma_radius,,,measurements/runs/results-r11/pairs/P04-T1-rep-02/condition-N/accepted_proof.lean,measurements/runs/results-r11/pairs/P04-T1-rep-02/condition-N/attempt.json
P04-T1,T1,P04-T1-rep-02,L,results-r11,True,c1125c779886a58a3aba6b77e707685a28e396f254e43c53bfca47c6c27ecb96,a3ae056a3d97ff19c335d7c34ae6e10d48b5f4a41981e4e0989f91ab931a8da4,1,9,4,4,14,0,6,2,3,1,0,2,758.83633,1998878,8,1,1,2,True,351,153,NumStability.FPModel;NumStability.FPModel.exactWithUnitRoundoff;NumStability.FPModel.exactWithUnitRoundoff._proof_1;NumStability.FPModel.exactWithUnitRoundoff._proof_2;NumStability.FPModel.exactWithUnitRoundoff._proof_3;NumStability.FPModel.exactWithUnitRoundoff._proof_4;NumStability.FPModel.exactWithUnitRoundoff._proof_5;NumStability.FPModel.exactWithUnitRoundoff._proof_6;NumStability.FPModel.mk;NumStability.FPModel.u;NumStability.FPModel.u_nonneg;NumStability.gamma;NumStability.gammaValid;NumStability.prod_error_bound,,NumStability.gammaValid_mono;NumStability.gamma_nonneg;NumStability.prod_error_bound,NumStability.prod_error_bound,NumStability.prod_error_bound;NumStability.prod_one_add_delta_abs_sub_one_le_gamma_radius,NumStability.prod_error_bound,NumStability.FPModel.exactWithUnitRoundoff;NumStability.gamma;NumStability.gammaValid;NumStability.prod_error_bound,measurements/runs/results-r11/pairs/P04-T1-rep-02/condition-L/accepted_proof.lean,measurements/runs/results-r11/pairs/P04-T1-rep-02/condition-L/attempt.json
P04-T1,T1,P04-T1-rep-03,N,results-r11,True,d2a3878491d227b142bf4ef68ffe5df610dd17cf30ede8ef4f5cb0a59c9c2c06,b3eec04dbbde16cfac04f9e0e6a32ae85149e18a363a8c7b1c58969bbe55dcc6,0,0,0,0,0,0,0,0,3,0,0,0,815.430712,1833175,0,0,0,0,True,407,91,,,NumStability.gammaValid_mono;NumStability.gamma_nonneg;NumStability.prod_error_bound,,NumStability.prod_error_bound;NumStability.prod_one_add_delta_abs_sub_one_le_gamma_radius,,,measurements/runs/results-r11/pairs/P04-T1-rep-03/condition-N/accepted_proof.lean,measurements/runs/results-r11/pairs/P04-T1-rep-03/condition-N/attempt.json
P04-T1,T1,P04-T1-rep-03,L,results-r11,True,3c319442a3a2daba9d069d028019a54bddb39e879b5138091b5998d33ec6933d,98e28c5b32ca4e47862d26e82988053ddc92670841290f2c29512c8b01060b3b,1,7,4,4,14,0,6,2,3,1,0,2,792.884791,1663030,8,1,1,2,True,445,157,NumStability.FPModel;NumStability.FPModel.exactWithUnitRoundoff;NumStability.FPModel.exactWithUnitRoundoff._proof_1;NumStability.FPModel.exactWithUnitRoundoff._proof_2;NumStability.FPModel.exactWithUnitRoundoff._proof_3;NumStability.FPModel.exactWithUnitRoundoff._proof_4;NumStability.FPModel.exactWithUnitRoundoff._proof_5;NumStability.FPModel.exactWithUnitRoundoff._proof_6;NumStability.FPModel.mk;NumStability.FPModel.u;NumStability.FPModel.u_nonneg;NumStability.gamma;NumStability.gammaValid;NumStability.prod_error_bound,,NumStability.gammaValid_mono;NumStability.gamma_nonneg;NumStability.prod_error_bound,NumStability.prod_error_bound,NumStability.prod_error_bound;NumStability.prod_one_add_delta_abs_sub_one_le_gamma_radius,NumStability.prod_error_bound,NumStability.FPModel.exactWithUnitRoundoff;NumStability.gamma;NumStability.gammaValid;NumStability.prod_error_bound,measurements/runs/results-r11/pairs/P04-T1-rep-03/condition-L/accepted_proof.lean,measurements/runs/results-r11/pairs/P04-T1-rep-03/condition-L/attempt.json
P12-T1,T1,P12-T1-rep-01,N,results-r11,True,7ad2051c7a922d499b99d79a84dea9661f714a5d3fc4fb45073b93e8bd1e2034,448a3e0b838a819087af4c3a1ad8c85764d704b658112595a3f0ed9aa0a3de9f,0,0,0,0,0,0,0,0,3,0,0,0,649.423177,657926,0,0,0,0,True,232,61,,,NumStability.FloatingPointFormat.fergusonMagnitudeExponentConditionLe_sub_finiteSystem;NumStability.FloatingPointFormat.minNormalMantissa_normalized;NumStability.FloatingPointFormat.normalizedValue_false_minNormalMantissa_eq,,NumStability.FloatingPointFormat.fergusonMagnitudeExponentConditionLe_sub_finiteSystem,,,measurements/runs/results-r11/pairs/P12-T1-rep-01/condition-N/accepted_proof.lean,measurements/runs/results-r11/pairs/P12-T1-rep-01/condition-N/attempt.json
P12-T1,T1,P12-T1-rep-01,L,results-r11,True,3055c6e166b373d8985eeb1a397b37734fcae38ee73616e6b1e36953c14c6aac,faefb34344f1cd87f1b3a1d05be520b28c69fccd43609600b015bd8e7103d07e,1,23,14,14,47,16,13,3,3,3,3,3,290.366034,1068436,43,1,0,2,True,128,52,NumStability.FloatingPointFormat;NumStability.FloatingPointFormat.beta;NumStability.FloatingPointFormat.betaR;NumStability.FloatingPointFormat.betaR_pos;NumStability.FloatingPointFormat.betaR_zpow_pos;NumStability.FloatingPointFormat.beta_ge_two;NumStability.FloatingPointFormat.emax;NumStability.FloatingPointFormat.emin;NumStability.FloatingPointFormat.exponentInRange;NumStability.FloatingPointFormat.fergusonMagnitudeExponentConditionLe;NumStability.FloatingPointFormat.fergusonMagnitudeExponentConditionLe_sub_finiteSystem;NumStability.FloatingPointFormat.finiteSystem;NumStability.FloatingPointFormat.finiteSystem_neg;NumStability.FloatingPointFormat.mantissaInRange;NumStability.FloatingPointFormat.minNormalMantissa;NumStability.FloatingPointFormat.minNormalMantissa_lt_mantissaBound;NumStability.FloatingPointFormat.minNormalMantissa_mul_beta_eq_mantissaBound;NumStability.FloatingPointFormat.minNormalMantissa_normalized;NumStability.FloatingPointFormat.minNormalMantissa_scale_eq;NumStability.FloatingPointFormat.mk;NumStability.FloatingPointFormat.normalizedExponentRepresentation;NumStability.FloatingPointFormat.normalizedMantissa;NumStability.FloatingPointFormat.normalizedSystem;NumStability.FloatingPointFormat.normalizedSystem_neg;NumStability.FloatingPointFormat.normalizedValue;NumStability.FloatingPointFormat.normalizedValue_eq_signedMantissaCoeff;NumStability.FloatingPointFormat.normalizedValue_eq_subnormalValue_mul_beta_pow_of_subExponent_eq_emin;NumStability.FloatingPointFormat.normalizedValue_false_minNormalMantissa_eq;NumStability.FloatingPointFormat.normalizedValue_mul_beta_pow_subExponent_eq;NumStability.FloatingPointFormat.normalizedValue_not_eq_neg;NumStability.FloatingPointFormat.normalizedValue_sub_orderedExponent_finiteSystem_of_abs_lt_beta_pow;NumStability.FloatingPointFormat.normalizedValue_sub_orderedExponent_finiteSystem_of_abs_lt_beta_pow._proof_1_1;NumStability.FloatingPointFormat.one_lt_beta;NumStability.FloatingPointFormat.sameExponent_shift_search;NumStability.FloatingPointFormat.scaledIntegerValue_finiteSystem_of_natAbs_lt_mantissaBound;NumStability.FloatingPointFormat.scaledIntegerValue_finiteSystem_of_natAbs_lt_mantissaBound._proof_1_1;NumStability.FloatingPointFormat.scaledIntegerValue_finiteSystem_of_natAbs_lt_mantissaBound._proof_1_2;NumStability.FloatingPointFormat.scaledIntegerValue_finiteSystem_of_natAbs_lt_mantissaBound._proof_1_3;NumStability.FloatingPointFormat.signValue;NumStability.FloatingPointFormat.signedMantissaCoeff;NumStability.FloatingPointFormat.subnormalMantissa;NumStability.FloatingPointFormat.subnormalSystem;NumStability.FloatingPointFormat.subnormalSystem_neg;NumStability.FloatingPointFormat.subnormalValue;NumStability.FloatingPointFormat.subnormalValue_not_eq_neg;NumStability.FloatingPointFormat.t;NumStability.FloatingPointFormat.t_pos,NumStability.FloatingPointFormat;NumStability.FloatingPointFormat.betaR;NumStability.FloatingPointFormat.emax;NumStability.FloatingPointFormat.emin;NumStability.FloatingPointFormat.exponentInRange;NumStability.FloatingPointFormat.fergusonMagnitudeExponentConditionLe_sub_finiteSystem;NumStability.FloatingPointFormat.finiteSystem;NumStability.FloatingPointFormat.finiteSystem_neg;NumStability.FloatingPointFormat.minNormalMantissa;NumStability.FloatingPointFormat.minNormalMantissa_normalized;NumStability.FloatingPointFormat.normalizedExponentRepresentation;NumStability.FloatingPointFormat.normalizedMantissa;NumStability.FloatingPointFormat.normalizedSystem;NumStability.FloatingPointFormat.normalizedValue;NumStability.FloatingPointFormat.normalizedValue_false_minNormalMantissa_eq;NumStability.FloatingPointFormat.subnormalSystem,NumStability.FloatingPointFormat.fergusonMagnitudeExponentConditionLe_sub_finiteSystem;NumStability.FloatingPointFormat.minNormalMantissa_normalized;NumStability.FloatingPointFormat.normalizedValue_false_minNormalMantissa_eq,NumStability.FloatingPointFormat.fergusonMagnitudeExponentConditionLe_sub_finiteSystem;NumStability.FloatingPointFormat.minNormalMantissa_normalized;NumStability.FloatingPointFormat.normalizedValue_false_minNormalMantissa_eq,NumStability.FloatingPointFormat.fergusonMagnitudeExponentConditionLe_sub_finiteSystem,NumStability.FloatingPointFormat.fergusonMagnitudeExponentConditionLe_sub_finiteSystem,NumStability.FloatingPointFormat;NumStability.FloatingPointFormat.betaR;NumStability.FloatingPointFormat.exponentInRange;NumStability.FloatingPointFormat.finiteSystem;NumStability.FloatingPointFormat.mantissaInRange;NumStability.FloatingPointFormat.minNormalMantissa;NumStability.FloatingPointFormat.normalizedExponentRepresentation;NumStability.FloatingPointFormat.normalizedMantissa;NumStability.FloatingPointFormat.normalizedSystem;NumStability.FloatingPointFormat.normalizedValue;NumStability.FloatingPointFormat.signValue;NumStability.FloatingPointFormat.subnormalMantissa;NumStability.FloatingPointFormat.subnormalSystem;NumStability.FloatingPointFormat.subnormalValue,measurements/runs/results-r11/pairs/P12-T1-rep-01/condition-L/accepted_proof.lean,measurements/runs/results-r11/pairs/P12-T1-rep-01/condition-L/attempt.json
P12-T1,T1,P12-T1-rep-02,N,results-r11,True,fd394613e4d9ad387c5fda9d526a70d468a470efbfea785284d364754d7806c9,9ab99b630be934b6f6cc37b9cf1701a3ac083c09a308e760e0f8eb707f43461a,0,0,0,0,0,0,0,0,3,0,0,0,613.648652,1406431,0,0,0,0,True,267,68,,,NumStability.FloatingPointFormat.fergusonMagnitudeExponentConditionLe_sub_finiteSystem;NumStability.FloatingPointFormat.minNormalMantissa_normalized;NumStability.FloatingPointFormat.normalizedValue_false_minNormalMantissa_eq,,NumStability.FloatingPointFormat.fergusonMagnitudeExponentConditionLe_sub_finiteSystem,,,measurements/runs/results-r11/pairs/P12-T1-rep-02/condition-N/accepted_proof.lean,measurements/runs/results-r11/pairs/P12-T1-rep-02/condition-N/attempt.json
P12-T1,T1,P12-T1-rep-02,L,results-r11,True,b95216476bbc83224c93caa73eb597b9457736455cebd108585f53354f9801cf,525a713570e5a5b7cde81328cf56ae43dba124b31d714553016523afcdfcd3c8,1,12,7,7,47,16,13,3,3,3,3,3,289.989273,931734,43,1,0,2,True,108,47,NumStability.FloatingPointFormat;NumStability.FloatingPointFormat.beta;NumStability.FloatingPointFormat.betaR;NumStability.FloatingPointFormat.betaR_pos;NumStability.FloatingPointFormat.betaR_zpow_pos;NumStability.FloatingPointFormat.beta_ge_two;NumStability.FloatingPointFormat.emax;NumStability.FloatingPointFormat.emin;NumStability.FloatingPointFormat.exponentInRange;NumStability.FloatingPointFormat.fergusonMagnitudeExponentConditionLe;NumStability.FloatingPointFormat.fergusonMagnitudeExponentConditionLe_sub_finiteSystem;NumStability.FloatingPointFormat.finiteSystem;NumStability.FloatingPointFormat.finiteSystem_neg;NumStability.FloatingPointFormat.mantissaInRange;NumStability.FloatingPointFormat.minNormalMantissa;NumStability.FloatingPointFormat.minNormalMantissa_lt_mantissaBound;NumStability.FloatingPointFormat.minNormalMantissa_mul_beta_eq_mantissaBound;NumStability.FloatingPointFormat.minNormalMantissa_normalized;NumStability.FloatingPointFormat.minNormalMantissa_scale_eq;NumStability.FloatingPointFormat.mk;NumStability.FloatingPointFormat.normalizedExponentRepresentation;NumStability.FloatingPointFormat.normalizedMantissa;NumStability.FloatingPointFormat.normalizedSystem;NumStability.FloatingPointFormat.normalizedSystem_neg;NumStability.FloatingPointFormat.normalizedValue;NumStability.FloatingPointFormat.normalizedValue_eq_signedMantissaCoeff;NumStability.FloatingPointFormat.normalizedValue_eq_subnormalValue_mul_beta_pow_of_subExponent_eq_emin;NumStability.FloatingPointFormat.normalizedValue_false_minNormalMantissa_eq;NumStability.FloatingPointFormat.normalizedValue_mul_beta_pow_subExponent_eq;NumStability.FloatingPointFormat.normalizedValue_not_eq_neg;NumStability.FloatingPointFormat.normalizedValue_sub_orderedExponent_finiteSystem_of_abs_lt_beta_pow;NumStability.FloatingPointFormat.normalizedValue_sub_orderedExponent_finiteSystem_of_abs_lt_beta_pow._proof_1_1;NumStability.FloatingPointFormat.one_lt_beta;NumStability.FloatingPointFormat.sameExponent_shift_search;NumStability.FloatingPointFormat.scaledIntegerValue_finiteSystem_of_natAbs_lt_mantissaBound;NumStability.FloatingPointFormat.scaledIntegerValue_finiteSystem_of_natAbs_lt_mantissaBound._proof_1_1;NumStability.FloatingPointFormat.scaledIntegerValue_finiteSystem_of_natAbs_lt_mantissaBound._proof_1_2;NumStability.FloatingPointFormat.scaledIntegerValue_finiteSystem_of_natAbs_lt_mantissaBound._proof_1_3;NumStability.FloatingPointFormat.signValue;NumStability.FloatingPointFormat.signedMantissaCoeff;NumStability.FloatingPointFormat.subnormalMantissa;NumStability.FloatingPointFormat.subnormalSystem;NumStability.FloatingPointFormat.subnormalSystem_neg;NumStability.FloatingPointFormat.subnormalValue;NumStability.FloatingPointFormat.subnormalValue_not_eq_neg;NumStability.FloatingPointFormat.t;NumStability.FloatingPointFormat.t_pos,NumStability.FloatingPointFormat;NumStability.FloatingPointFormat.betaR;NumStability.FloatingPointFormat.emax;NumStability.FloatingPointFormat.emin;NumStability.FloatingPointFormat.exponentInRange;NumStability.FloatingPointFormat.fergusonMagnitudeExponentConditionLe_sub_finiteSystem;NumStability.FloatingPointFormat.finiteSystem;NumStability.FloatingPointFormat.finiteSystem_neg;NumStability.FloatingPointFormat.minNormalMantissa;NumStability.FloatingPointFormat.minNormalMantissa_normalized;NumStability.FloatingPointFormat.normalizedExponentRepresentation;NumStability.FloatingPointFormat.normalizedMantissa;NumStability.FloatingPointFormat.normalizedSystem;NumStability.FloatingPointFormat.normalizedValue;NumStability.FloatingPointFormat.normalizedValue_false_minNormalMantissa_eq;NumStability.FloatingPointFormat.subnormalSystem,NumStability.FloatingPointFormat.fergusonMagnitudeExponentConditionLe_sub_finiteSystem;NumStability.FloatingPointFormat.minNormalMantissa_normalized;NumStability.FloatingPointFormat.normalizedValue_false_minNormalMantissa_eq,NumStability.FloatingPointFormat.fergusonMagnitudeExponentConditionLe_sub_finiteSystem;NumStability.FloatingPointFormat.minNormalMantissa_normalized;NumStability.FloatingPointFormat.normalizedValue_false_minNormalMantissa_eq,NumStability.FloatingPointFormat.fergusonMagnitudeExponentConditionLe_sub_finiteSystem,NumStability.FloatingPointFormat.fergusonMagnitudeExponentConditionLe_sub_finiteSystem,NumStability.FloatingPointFormat;NumStability.FloatingPointFormat.betaR;NumStability.FloatingPointFormat.finiteSystem;NumStability.FloatingPointFormat.normalizedSystem;NumStability.FloatingPointFormat.signValue;NumStability.FloatingPointFormat.subnormalSystem;NumStability.FloatingPointFormat.subnormalValue,measurements/runs/results-r11/pairs/P12-T1-rep-02/condition-L/accepted_proof.lean,measurements/runs/results-r11/pairs/P12-T1-rep-02/condition-L/attempt.json
P12-T1,T1,P12-T1-rep-03,N,results-r11,True,533bb03be29d3968edf12f71e267b440f33a61cfa6bb07165b02f5917dde7a6d,d15e4fc677e8a9e6cdebc0cd1a7783b7608d91a1b2946ecad505e32f62bcd3a0,0,0,0,0,0,0,0,0,3,0,0,0,606.91579,606785,0,0,0,0,True,262,77,,,NumStability.FloatingPointFormat.fergusonMagnitudeExponentConditionLe_sub_finiteSystem;NumStability.FloatingPointFormat.minNormalMantissa_normalized;NumStability.FloatingPointFormat.normalizedValue_false_minNormalMantissa_eq,,NumStability.FloatingPointFormat.fergusonMagnitudeExponentConditionLe_sub_finiteSystem,,,measurements/runs/results-r11/pairs/P12-T1-rep-03/condition-N/accepted_proof.lean,measurements/runs/results-r11/pairs/P12-T1-rep-03/condition-N/attempt.json
P12-T1,T1,P12-T1-rep-03,L,results-r11,True,6943560a8ba8ddc1dcef5e3e8f59e772ddd3b964caaaee504a08de0c503e9262,1a9d71ebd9e4a351df2b5cd9cb64ed1ab89f6c257c1482b3e986d2df3f9bec33,1,15,9,9,48,16,12,3,3,2,2,3,302.65072,1188762,44,1,0,2,True,151,63,NumStability.FloatingPointFormat;NumStability.FloatingPointFormat.beta;NumStability.FloatingPointFormat.betaR;NumStability.FloatingPointFormat.betaR_pos;NumStability.FloatingPointFormat.betaR_zpow_pos;NumStability.FloatingPointFormat.beta_ge_two;NumStability.FloatingPointFormat.emax;NumStability.FloatingPointFormat.emin;NumStability.FloatingPointFormat.exponentInRange;NumStability.FloatingPointFormat.fergusonMagnitudeExponentConditionLe;NumStability.FloatingPointFormat.fergusonMagnitudeExponentConditionLe_sub_finiteSystem;NumStability.FloatingPointFormat.finiteSystem;NumStability.FloatingPointFormat.finiteSystem_neg;NumStability.FloatingPointFormat.mantissaInRange;NumStability.FloatingPointFormat.minNormalMantissa;NumStability.FloatingPointFormat.minNormalMantissa_lt_mantissaBound;NumStability.FloatingPointFormat.minNormalMantissa_mul_beta_eq_mantissaBound;NumStability.FloatingPointFormat.minNormalMantissa_normalized;NumStability.FloatingPointFormat.minNormalMantissa_scale_eq;NumStability.FloatingPointFormat.mk;NumStability.FloatingPointFormat.normalizedExponentRepresentation;NumStability.FloatingPointFormat.normalizedMantissa;NumStability.FloatingPointFormat.normalizedSystem;NumStability.FloatingPointFormat.normalizedSystem_neg;NumStability.FloatingPointFormat.normalizedValue;NumStability.FloatingPointFormat.normalizedValue_eq_signedMantissaCoeff;NumStability.FloatingPointFormat.normalizedValue_eq_subnormalValue_mul_beta_pow_of_subExponent_eq_emin;NumStability.FloatingPointFormat.normalizedValue_false_minNormalMantissa_succ_eq_beta_pow;NumStability.FloatingPointFormat.normalizedValue_mul_beta_pow_subExponent_eq;NumStability.FloatingPointFormat.normalizedValue_not_eq_neg;NumStability.FloatingPointFormat.normalizedValue_sub_orderedExponent_finiteSystem_of_abs_lt_beta_pow;NumStability.FloatingPointFormat.normalizedValue_sub_orderedExponent_finiteSystem_of_abs_lt_beta_pow._proof_1_1;NumStability.FloatingPointFormat.normalizedValue_true_eq_neg_false;NumStability.FloatingPointFormat.one_lt_beta;NumStability.FloatingPointFormat.sameExponent_shift_search;NumStability.FloatingPointFormat.scaledIntegerValue_finiteSystem_of_natAbs_lt_mantissaBound;NumStability.FloatingPointFormat.scaledIntegerValue_finiteSystem_of_natAbs_lt_mantissaBound._proof_1_1;NumStability.FloatingPointFormat.scaledIntegerValue_finiteSystem_of_natAbs_lt_mantissaBound._proof_1_2;NumStability.FloatingPointFormat.scaledIntegerValue_finiteSystem_of_natAbs_lt_mantissaBound._proof_1_3;NumStability.FloatingPointFormat.signValue;NumStability.FloatingPointFormat.signedMantissaCoeff;NumStability.FloatingPointFormat.subnormalMantissa;NumStability.FloatingPointFormat.subnormalSystem;NumStability.FloatingPointFormat.subnormalSystem_neg;NumStability.FloatingPointFormat.subnormalValue;NumStability.FloatingPointFormat.subnormalValue_not_eq_neg;NumStability.FloatingPointFormat.t;NumStability.FloatingPointFormat.t_pos,NumStability.FloatingPointFormat;NumStability.FloatingPointFormat.betaR;NumStability.FloatingPointFormat.emax;NumStability.FloatingPointFormat.emin;NumStability.FloatingPointFormat.exponentInRange;NumStability.FloatingPointFormat.fergusonMagnitudeExponentConditionLe_sub_finiteSystem;NumStability.FloatingPointFormat.finiteSystem;NumStability.FloatingPointFormat.minNormalMantissa;NumStability.FloatingPointFormat.minNormalMantissa_normalized;NumStability.FloatingPointFormat.normalizedExponentRepresentation;NumStability.FloatingPointFormat.normalizedMantissa;NumStability.FloatingPointFormat.normalizedSystem;NumStability.FloatingPointFormat.normalizedValue;NumStability.FloatingPointFormat.normalizedValue_false_minNormalMantissa_succ_eq_beta_pow;NumStability.FloatingPointFormat.normalizedValue_true_eq_neg_false;NumStability.FloatingPointFormat.subnormalSystem,NumStability.FloatingPointFormat.fergusonMagnitudeExponentConditionLe_sub_finiteSystem;NumStability.FloatingPointFormat.minNormalMantissa_normalized;NumStability.FloatingPointFormat.normalizedValue_false_minNormalMantissa_eq,NumStability.FloatingPointFormat.fergusonMagnitudeExponentConditionLe_sub_finiteSystem;NumStability.FloatingPointFormat.minNormalMantissa_normalized,NumStability.FloatingPointFormat.fergusonMagnitudeExponentConditionLe_sub_finiteSystem,NumStability.FloatingPointFormat.fergusonMagnitudeExponentConditionLe_sub_finiteSystem,NumStability.FloatingPointFormat;NumStability.FloatingPointFormat.betaR;NumStability.FloatingPointFormat.exponentInRange;NumStability.FloatingPointFormat.mantissaInRange;NumStability.FloatingPointFormat.minNormalMantissa;NumStability.FloatingPointFormat.normalizedMantissa;NumStability.FloatingPointFormat.signValue;NumStability.FloatingPointFormat.subnormalMantissa;NumStability.FloatingPointFormat.subnormalValue,measurements/runs/results-r11/pairs/P12-T1-rep-03/condition-L/accepted_proof.lean,measurements/runs/results-r11/pairs/P12-T1-rep-03/condition-L/attempt.json
P14-T1,T1,P14-T1-rep-01,N,results-r11,True,0f16f77787a9b10721866e2e5ab1e41205e31e38ad97760a4823c1cc2fcfce3f,1be6b4432c0ab518b20299debf574595c2702d3245ffada2978b399e066ac06c,0,0,0,0,0,0,0,0,2,0,0,0,491.691028,904370,0,0,0,0,True,164,50,,,NumStability.recursiveSum_forward_error_bound;NumStability.recursiveSum_running_error_bound,,NumStability.recursiveSum_forward_error_bound;NumStability.recursiveSum_running_error_bound,,,measurements/runs/results-r11/pairs/P14-T1-rep-01/condition-N/accepted_proof.lean,measurements/runs/results-r11/pairs/P14-T1-rep-01/condition-N/attempt.json
P14-T1,T1,P14-T1-rep-01,L,results-r11,True,85f51a5fc801380262bc9d4bbb263782f347b49b1654d4c37d0143f562a19eb0,2956b245b4daf40f3f9d60d9ea61fe0b6c4686fbd5bd178cc1a352148dcf8828,1,16,7,7,22,0,10,4,2,1,0,2,510.170332,618060,21,1,1,2,True,266,68,NumStability.FPModel;NumStability.FPModel.fl_add;NumStability.FPModel.fl_add_zero;NumStability.FPModel.mk;NumStability.FPModel.model_add;NumStability.FPModel.u;NumStability.FPModel.u_nonneg;NumStability.fl_recursiveSum;NumStability.fl_sum_error_init;NumStability.fl_sum_error_init._proof_1_1;NumStability.fl_sum_error_tight;NumStability.gamma;NumStability.gammaValid;NumStability.gammaValid_mono;NumStability.gamma_mono;NumStability.gamma_mul;NumStability.gamma_nonneg;NumStability.gamma_pred_le_n_mul_u_of_n_mul_pred_u_le_one;NumStability.recursiveSum_backward_error;NumStability.recursiveSum_error_decomp;NumStability.recursiveSum_forward_error_bound;NumStability.u_le_gamma,,NumStability.recursiveSum_forward_error_bound;NumStability.recursiveSum_running_error_bound,NumStability.recursiveSum_forward_error_bound,NumStability.recursiveSum_forward_error_bound;NumStability.recursiveSum_running_error_bound,NumStability.recursiveSum_forward_error_bound,NumStability.FPModel;NumStability.fl_recursiveSum;NumStability.gamma;NumStability.gammaValid;NumStability.gamma_nonneg;NumStability.gamma_pred_le_n_mul_u_of_n_mul_pred_u_le_one;NumStability.recursiveSum_forward_error_bound,measurements/runs/results-r11/pairs/P14-T1-rep-01/condition-L/accepted_proof.lean,measurements/runs/results-r11/pairs/P14-T1-rep-01/condition-L/attempt.json
P14-T1,T1,P14-T1-rep-02,N,results-r11,True,1ce40d063c65dd5b2cf94271097d525a824b2d6c1bbc01435f05e63504ebc026,9fcfae26e572a62b34ef695f26b31f5786a5117b68811f400115aa2bab694800,0,0,0,0,0,0,0,0,2,0,0,0,523.997176,480166,0,0,0,0,True,233,119,,,NumStability.recursiveSum_forward_error_bound;NumStability.recursiveSum_running_error_bound,,NumStability.recursiveSum_forward_error_bound;NumStability.recursiveSum_running_error_bound,,,measurements/runs/results-r11/pairs/P14-T1-rep-02/condition-N/accepted_proof.lean,measurements/runs/results-r11/pairs/P14-T1-rep-02/condition-N/attempt.json
P14-T1,T1,P14-T1-rep-02,L,results-r11,True,d1fd8489590602c084106b0d5f217dffcc74926f9ffef2ab02e4a78587d553c3,2fc9aeee7354fb96f86caad68dbb90475b8b957d9eaa51c8f198ac954df3c973,1,15,7,7,23,10,4,4,2,1,1,2,423.208254,660951,22,1,1,2,True,243,163,NumStability.FPModel;NumStability.FPModel.fl_add;NumStability.FPModel.fl_add_zero;NumStability.FPModel.mk;NumStability.FPModel.mk.congr_simp;NumStability.FPModel.model_add;NumStability.FPModel.u;NumStability.FPModel.u_nonneg;NumStability.fl_recursiveSum;NumStability.fl_sum_error_init;NumStability.fl_sum_error_init._proof_1_1;NumStability.fl_sum_error_tight;NumStability.gamma;NumStability.gammaValid;NumStability.gammaValid_mono;NumStability.gamma_mono;NumStability.gamma_mul;NumStability.gamma_nonneg;NumStability.gamma_pred_le_n_mul_u_of_n_mul_pred_u_le_one;NumStability.recursiveSum_backward_error;NumStability.recursiveSum_error_decomp;NumStability.recursiveSum_forward_error_bound;NumStability.u_le_gamma,NumStability.FPModel;NumStability.FPModel.mk;NumStability.FPModel.mk.congr_simp;NumStability.FPModel.u;NumStability.fl_recursiveSum;NumStability.gamma;NumStability.gammaValid;NumStability.gamma_nonneg;NumStability.gamma_pred_le_n_mul_u_of_n_mul_pred_u_le_one;NumStability.recursiveSum_forward_error_bound,NumStability.recursiveSum_forward_error_bound;NumStability.recursiveSum_running_error_bound,NumStability.recursiveSum_forward_error_bound,NumStability.recursiveSum_forward_error_bound;NumStability.recursiveSum_running_error_bound,NumStability.recursiveSum_forward_error_bound,NumStability.FPModel;NumStability.fl_recursiveSum;NumStability.gamma;NumStability.gammaValid;NumStability.gamma_nonneg;NumStability.gamma_pred_le_n_mul_u_of_n_mul_pred_u_le_one;NumStability.recursiveSum_forward_error_bound,measurements/runs/results-r11/pairs/P14-T1-rep-02/condition-L/accepted_proof.lean,measurements/runs/results-r11/pairs/P14-T1-rep-02/condition-L/attempt.json
P14-T1,T1,P14-T1-rep-03,N,results-r11,True,f49221aec18fb984e577d8c7667e37881759f3adc497ae3d6d76a16e020d7075,a73fbe857f31ace562bab8ba12d7cf700e53934079c857f082fa100ebda96bf9,0,0,0,0,0,0,0,0,2,0,0,0,660.093973,1075507,0,0,0,0,True,304,138,,,NumStability.recursiveSum_forward_error_bound;NumStability.recursiveSum_running_error_bound,,NumStability.recursiveSum_forward_error_bound;NumStability.recursiveSum_running_error_bound,,,measurements/runs/results-r11/pairs/P14-T1-rep-03/condition-N/accepted_proof.lean,measurements/runs/results-r11/pairs/P14-T1-rep-03/condition-N/attempt.json
P14-T1,T1,P14-T1-rep-03,L,results-r11,True,edfda9c862f76c163621de95045c33b9908248984217d93dea55f7fe2be4aade,551c7ac4665a9e9f5895350c2be7af00327124e63881394d73b510932380499c,1,17,6,6,23,9,5,4,2,1,1,2,446.248098,906873,22,1,1,2,True,243,168,NumStability.FPModel;NumStability.FPModel.fl_add;NumStability.FPModel.fl_add_zero;NumStability.FPModel.mk;NumStability.FPModel.mk.congr_simp;NumStability.FPModel.model_add;NumStability.FPModel.u;NumStability.FPModel.u_nonneg;NumStability.fl_recursiveSum;NumStability.fl_recursiveSum.eq_1;NumStability.fl_sum_error_init;NumStability.fl_sum_error_init._proof_1_1;NumStability.fl_sum_error_tight;NumStability.gamma;NumStability.gammaValid;NumStability.gammaValid_mono;NumStability.gamma_mono;NumStability.gamma_mul;NumStability.gamma_nonneg;NumStability.recursiveSum_backward_error;NumStability.recursiveSum_error_decomp;NumStability.recursiveSum_forward_error_bound;NumStability.u_le_gamma,NumStability.FPModel;NumStability.FPModel.mk;NumStability.FPModel.mk.congr_simp;NumStability.FPModel.u;NumStability.fl_recursiveSum;NumStability.gamma;NumStability.gammaValid;NumStability.gamma_nonneg;NumStability.recursiveSum_forward_error_bound,NumStability.recursiveSum_forward_error_bound;NumStability.recursiveSum_running_error_bound,NumStability.recursiveSum_forward_error_bound,NumStability.recursiveSum_forward_error_bound;NumStability.recursiveSum_running_error_bound,NumStability.recursiveSum_forward_error_bound,NumStability.FPModel;NumStability.fl_recursiveSum;NumStability.gamma;NumStability.gammaValid;NumStability.gamma_nonneg;NumStability.recursiveSum_forward_error_bound,measurements/runs/results-r11/pairs/P14-T1-rep-03/condition-L/accepted_proof.lean,measurements/runs/results-r11/pairs/P14-T1-rep-03/condition-L/attempt.json
P15-T1,T1,P15-T1-rep-01,N,results-r11,True,b5db5ac681d2a21b1bded4776c84a5739d568460149a9439cd970a20a432ebbf,f4b86a9fc93282330f920b0e8d030fcbff7b39b5bdef68de776bb0719cfb28f7,0,0,0,0,0,0,0,0,1,0,0,0,592.936424,1243440,0,0,0,0,True,232,18,,,NumStability.matVec_backward_error,,NumStability.matVec_backward_error,,,measurements/runs/results-r11/pairs/P15-T1-rep-01/condition-N/accepted_proof.lean,measurements/runs/results-r11/pairs/P15-T1-rep-01/condition-N/attempt.json
P15-T1,T1,P15-T1-rep-01,L,results-r11,True,1962d23584ea1dc4bb8d2206f4538d2e367ea10f5e2094710a5ba6d115f4dd07,1d73095cf4d4ec428e28fe44990bcfd478048fff21693ed2e3339e6a6dbdade7,1,29,15,15,35,0,11,6,1,1,0,2,170.842089,362503,31,1,1,2,True,114,20,NumStability.FPModel;NumStability.FPModel.fl_add;NumStability.FPModel.fl_mul;NumStability.FPModel.mk;NumStability.FPModel.model_add;NumStability.FPModel.model_mul;NumStability.FPModel.u;NumStability.FPModel.u_nonneg;NumStability.dotProduct_backward_error;NumStability.dotProduct_backward_error._proof_1_4;NumStability.dotProduct_backward_stable_x;NumStability.fl_dotProduct;NumStability.fl_dotProduct._proof_1;NumStability.fl_dotProduct.match_1;NumStability.fl_matVec;NumStability.fl_sum_error_init;NumStability.fl_sum_error_init._proof_1_1;NumStability.frobNormRect;NumStability.frobNormRect_abs;NumStability.frobNormRect_le_of_entry_abs_le;NumStability.frobNormRect_smul;NumStability.frobNormSqRect;NumStability.frobNormSqRect_abs;NumStability.frobNormSqRect_smul;NumStability.gamma;NumStability.gammaValid;NumStability.gammaValid_mono;NumStability.gamma_mono;NumStability.gamma_mul;NumStability.gamma_nonneg;NumStability.matVec_backward_error;NumStability.rectMatMul;NumStability.rectMatMulVec;NumStability.rectMatMulVec_rectMatMul;NumStability.u_le_gamma,,NumStability.matVec_backward_error,NumStability.matVec_backward_error,NumStability.matVec_backward_error,NumStability.matVec_backward_error,NumStability.FPModel;NumStability.fl_dotProduct;NumStability.fl_matVec;NumStability.frobNormRect;NumStability.frobNormRect_abs;NumStability.frobNormRect_le_of_entry_abs_le;NumStability.frobNormRect_smul;NumStability.frobNormSqRect;NumStability.gamma;NumStability.gammaValid;NumStability.gamma_nonneg;NumStability.matVec_backward_error;NumStability.rectMatMul;NumStability.rectMatMulVec;NumStability.rectMatMulVec_rectMatMul,measurements/runs/results-r11/pairs/P15-T1-rep-01/condition-L/accepted_proof.lean,measurements/runs/results-r11/pairs/P15-T1-rep-01/condition-L/attempt.json
P15-T1,T1,P15-T1-rep-02,N,results-r11,True,833c42039e6c7c9924688f8e9a6a12b2df778fa2b6169c6472c69022555f1c82,81a428891ad4bbd074828eb5588261070b70355d0cbf0beaaf87c0407cd69e8b,0,0,0,0,0,0,0,0,1,0,0,0,652.795293,1002113,0,0,0,0,True,239,9,,,NumStability.matVec_backward_error,,NumStability.matVec_backward_error,,,measurements/runs/results-r11/pairs/P15-T1-rep-02/condition-N/accepted_proof.lean,measurements/runs/results-r11/pairs/P15-T1-rep-02/condition-N/attempt.json
P15-T1,T1,P15-T1-rep-02,L,results-r11,True,c3839221e21d7bf3963f6adcc284d23e65798386f941e0a92c6c1d4f4f2269f9,2edccd14d146da7508c850094bb25ac59ff7a6cd6bd9c5c5952da9806ad8a87f,1,24,10,10,33,11,9,6,1,1,1,2,160.082912,536849,29,1,1,2,True,102,60,NumStability.FPModel;NumStability.FPModel.fl_add;NumStability.FPModel.fl_mul;NumStability.FPModel.mk;NumStability.FPModel.model_add;NumStability.FPModel.model_mul;NumStability.FPModel.u;NumStability.FPModel.u_nonneg;NumStability.RMatFn;NumStability.dotProduct_backward_error;NumStability.dotProduct_backward_error._proof_1_4;NumStability.dotProduct_backward_stable_x;NumStability.fl_dotProduct;NumStability.fl_dotProduct._proof_1;NumStability.fl_dotProduct.match_1;NumStability.fl_matVec;NumStability.fl_sum_error_init;NumStability.fl_sum_error_init._proof_1_1;NumStability.frobNorm;NumStability.frobNormSq;NumStability.frobNormSq_nonneg;NumStability.frobNorm_eq_sqrt_frobNormSq;NumStability.frobNorm_le_const_mul_frobNorm_of_entrywise_abs_le;NumStability.frobNorm_nonneg;NumStability.frobNorm_sq;NumStability.gamma;NumStability.gammaValid;NumStability.gammaValid_mono;NumStability.gamma_mono;NumStability.gamma_mul;NumStability.gamma_nonneg;NumStability.matVec_backward_error;NumStability.u_le_gamma,NumStability.FPModel;NumStability.fl_dotProduct._proof_1;NumStability.fl_dotProduct.match_1;NumStability.fl_matVec;NumStability.frobNorm;NumStability.frobNorm_eq_sqrt_frobNormSq;NumStability.frobNorm_le_const_mul_frobNorm_of_entrywise_abs_le;NumStability.gamma;NumStability.gammaValid;NumStability.gamma_nonneg;NumStability.matVec_backward_error,NumStability.matVec_backward_error,NumStability.matVec_backward_error,NumStability.matVec_backward_error,NumStability.matVec_backward_error,NumStability.FPModel;NumStability.fl_dotProduct;NumStability.fl_matVec;NumStability.frobNormSq;NumStability.frobNorm_eq_sqrt_frobNormSq;NumStability.frobNorm_le_const_mul_frobNorm_of_entrywise_abs_le;NumStability.gamma;NumStability.gammaValid;NumStability.gamma_nonneg;NumStability.matVec_backward_error,measurements/runs/results-r11/pairs/P15-T1-rep-02/condition-L/accepted_proof.lean,measurements/runs/results-r11/pairs/P15-T1-rep-02/condition-L/attempt.json
P15-T1,T1,P15-T1-rep-03,N,results-r11,True,1ea79174b21551da504629d3d593607c3f17798d7d296299fbdbadf1984f12a5,0e585286ab39bf03622fa7dd51d75ae6dc5ff4090093816771f75e562611d25c,0,0,0,0,0,0,0,0,1,0,0,0,836.742644,1193178,0,0,0,0,True,323,19,,,NumStability.matVec_backward_error,,NumStability.matVec_backward_error,,,measurements/runs/results-r11/pairs/P15-T1-rep-03/condition-N/accepted_proof.lean,measurements/runs/results-r11/pairs/P15-T1-rep-03/condition-N/attempt.json
P15-T1,T1,P15-T1-rep-03,L,results-r11,True,e58978f3b1ca02b31c4cb68a05f2190ba909285f115adb7202af265de7205271,c51890f3781d66d9f2c8d31ef0a2907cd974aaa2476f32918604d21d5dcfeede,1,18,12,11,30,0,10,6,1,1,0,2,187.130866,642376,26,1,1,2,True,108,17,NumStability.FPModel;NumStability.FPModel.fl_add;NumStability.FPModel.fl_mul;NumStability.FPModel.mk;NumStability.FPModel.model_add;NumStability.FPModel.model_mul;NumStability.FPModel.u;NumStability.FPModel.u_nonneg;NumStability.dotProduct_backward_error;NumStability.dotProduct_backward_error._proof_1_4;NumStability.dotProduct_backward_stable_x;NumStability.fl_dotProduct;NumStability.fl_dotProduct._proof_1;NumStability.fl_dotProduct.match_1;NumStability.fl_matVec;NumStability.fl_sum_error_init;NumStability.fl_sum_error_init._proof_1_1;NumStability.frobNormRect;NumStability.frobNormRect_le_of_entry_abs_le;NumStability.frobNormRect_smul;NumStability.frobNormSqRect;NumStability.frobNormSqRect_smul;NumStability.gamma;NumStability.gammaValid;NumStability.gammaValid_mono;NumStability.gamma_mono;NumStability.gamma_mul;NumStability.gamma_nonneg;NumStability.matVec_backward_error;NumStability.u_le_gamma,,NumStability.matVec_backward_error,NumStability.matVec_backward_error,NumStability.matVec_backward_error,NumStability.matVec_backward_error,NumStability.FPModel;NumStability.fl_dotProduct;NumStability.fl_matVec;NumStability.frobNormRect;NumStability.frobNormRect_abs;NumStability.frobNormRect_le_of_entry_abs_le;NumStability.frobNormRect_smul;NumStability.frobNormSqRect;NumStability.gamma;NumStability.gammaValid;NumStability.gamma_nonneg;NumStability.matVec_backward_error,measurements/runs/results-r11/pairs/P15-T1-rep-03/condition-L/accepted_proof.lean,measurements/runs/results-r11/pairs/P15-T1-rep-03/condition-L/attempt.json
P15-T2,T2,P15-T2-rep-01,N,results-r11,True,e0afee52325b51440e48c3c4eb2bedf9729bbd77c7f04786f2e1d52dbbcf6798,8cdf3cebaf8f3fca1db20f0cd89dd0c649a634bb32ca24a17cedfa282adf136c,0,0,0,0,0,0,0,0,2,0,0,0,1994.129386,7005720,0,0,0,0,True,779,58,,,NumStability.forwardSub_backward_error;NumStability.matVec_backward_error,,NumStability.forwardSub_backward_error;NumStability.matVec_backward_error,,,measurements/runs/results-r11/pairs/P15-T2-rep-01/condition-N/accepted_proof.lean,measurements/runs/results-r11/pairs/P15-T2-rep-01/condition-N/attempt.json
P15-T2,T2,P15-T2-rep-01,L,results-r11,True,5335656c0d78d82534ca70e7d26c368638fd20119eed1b5ef147ba8908c53a6c,17351ebd5d861a6abf634f908c02524bddecf299a053b4c207f9e72f97cb8d1e,2,30,13,13,94,8,21,8,2,2,2,3,404.987965,802937,44,2,2,3,True,297,166,NumStability.FPModel;NumStability.FPModel.fl_add;NumStability.FPModel.fl_div;NumStability.FPModel.fl_mul;NumStability.FPModel.fl_sub;NumStability.FPModel.mk;NumStability.FPModel.model_add;NumStability.FPModel.model_div;NumStability.FPModel.model_mul;NumStability.FPModel.model_sub;NumStability.FPModel.u;NumStability.FPModel.u_nonneg;NumStability.dotProduct_backward_error;NumStability.dotProduct_backward_error._proof_1_4;NumStability.dotProduct_backward_stable_x;NumStability.fl_dotProduct;NumStability.fl_dotProduct._proof_1;NumStability.fl_dotProduct.match_1;NumStability.fl_forwardSub;NumStability.fl_forwardSub_steps;NumStability.fl_forwardSub_steps._proof_1;NumStability.fl_forwardSub_steps._proof_2;NumStability.fl_forwardSub_steps._proof_3;NumStability.fl_forwardSub_steps._proof_4;NumStability.fl_forwardSub_steps.congr_simp;NumStability.fl_forwardSub_steps.eq_def;NumStability.fl_forwardSub_steps.match_1;NumStability.fl_matVec;NumStability.fl_sub_fold_unroll;NumStability.fl_sub_fold_unroll._proof_1_1;NumStability.fl_sub_fold_unroll._proof_1_2;NumStability.fl_sub_fold_unroll._simp_1_3;NumStability.fl_sum_error_init;NumStability.fl_sum_error_init._proof_1_1;NumStability.forwardSub_backward_error;NumStability.forwardSub_backward_error._proof_1_4;NumStability.forwardSub_backward_error._simp_1_1;NumStability.forwardSub_backward_error._simp_1_2;NumStability.forwardSub_backward_error._simp_1_3;NumStability.frobNormRect;NumStability.frobNormRect_abs;NumStability.frobNormRect_le_of_entry_abs_le;NumStability.frobNormRect_smul;NumStability.frobNormSqRect;NumStability.frobNormSqRect_abs;NumStability.frobNormSqRect_smul;NumStability.gamma;NumStability.gammaValid;NumStability.gammaValid_mono;NumStability.gamma_mono;NumStability.gamma_mul;NumStability.gamma_nonneg;NumStability.inv_prod_error_bound;NumStability.inv_prod_error_bound._proof_1_1;NumStability.matVec_backward_error;NumStability.prod_pos_of_u_bound;NumStability.u_le_gamma;_private.NumStability.Algorithms.LinearSystems.Triangular.ForwardSubstitution.0.NumStability.fl_forwardSub_at_row;_private.NumStability.Algorithms.LinearSystems.Triangular.ForwardSubstitution.0.NumStability.fl_forwardSub_at_row._proof_1;_private.NumStability.Algorithms.LinearSystems.Triangular.ForwardSubstitution.0.NumStability.fl_forwardSub_at_row._proof_1_1;_private.NumStability.Algorithms.LinearSystems.Triangular.ForwardSubstitution.0.NumStability.fl_forwardSub_at_row._proof_1_2;_private.NumStability.Algorithms.LinearSystems.Triangular.ForwardSubstitution.0.NumStability.fl_forwardSub_at_row._proof_1_3;_private.NumStability.Algorithms.LinearSystems.Triangular.ForwardSubstitution.0.NumStability.fl_forwardSub_steps.match_1.splitter;_private.NumStability.Algorithms.LinearSystems.Triangular.ForwardSubstitution.0.NumStability.fl_forwardSub_steps_at_row;_private.NumStability.Algorithms.LinearSystems.Triangular.ForwardSubstitution.0.NumStability.fl_forwardSub_steps_at_row._proof_1;_private.NumStability.Algorithms.LinearSystems.Triangular.ForwardSubstitution.0.NumStability.fl_forwardSub_steps_at_row._proof_1_4;_private.NumStability.Algorithms.LinearSystems.Triangular.ForwardSubstitution.0.NumStability.fl_forwardSub_steps_at_row._proof_1_5;_private.NumStability.Algorithms.LinearSystems.Triangular.ForwardSubstitution.0.NumStability.fl_forwardSub_steps_at_row._proof_1_6;_private.NumStability.Algorithms.LinearSystems.Triangular.ForwardSubstitution.0.NumStability.fl_forwardSub_steps_decompose;_private.NumStability.Algorithms.LinearSystems.Triangular.ForwardSubstitution.0.NumStability.fl_forwardSub_steps_decompose._proof_1_1;_private.NumStability.Algorithms.LinearSystems.Triangular.ForwardSubstitution.0.NumStability.fl_forwardSub_steps_decompose._proof_1_5;_private.NumStability.Algorithms.LinearSystems.Triangular.ForwardSubstitution.0.NumStability.fl_forwardSub_steps_stable;_private.NumStability.Algorithms.LinearSystems.Triangular.ForwardSubstitution.0.NumStability.fl_forwardSub_steps_stable._proof_1_2;_private.NumStability.Algorithms.LinearSystems.Triangular.ForwardSubstitution.0.NumStability.fl_forwardSub_steps_stable._proof_1_3;_private.NumStability.Algorithms.LinearSystems.Triangular.ForwardSubstitution.0.NumStability.forwardSub_row_tight;_private.NumStability.Algorithms.LinearSystems.Triangular.ForwardSubstitution.0.NumStability.forwardSub_row_tight._proof_1_1;_private.NumStability.Algorithms.LinearSystems.Triangular.ForwardSubstitution.0.NumStability.forwardSub_row_tight._proof_1_10;_private.NumStability.Algorithms.LinearSystems.Triangular.ForwardSubstitution.0.NumStability.forwardSub_row_tight._proof_1_11;_private.NumStability.Algorithms.LinearSystems.Triangular.ForwardSubstitution.0.NumStability.forwardSub_row_tight._proof_1_12;_private.NumStability.Algorithms.LinearSystems.Triangular.ForwardSubstitution.0.NumStability.forwardSub_row_tight._proof_1_13;_private.NumStability.Algorithms.LinearSystems.Triangular.ForwardSubstitution.0.NumStability.forwardSub_row_tight._proof_1_16;_private.NumStability.Algorithms.LinearSystems.Triangular.ForwardSubstitution.0.NumStability.forwardSub_row_tight._proof_1_17;_private.NumStability.Algorithms.LinearSystems.Triangular.ForwardSubstitution.0.NumStability.forwardSub_row_tight._proof_1_18;_private.NumStability.Algorithms.LinearSystems.Triangular.ForwardSubstitution.0.NumStability.forwardSub_row_tight._proof_1_19;_private.NumStability.Algorithms.LinearSystems.Triangular.ForwardSubstitution.0.NumStability.forwardSub_row_tight._proof_1_2;_private.NumStability.Algorithms.LinearSystems.Triangular.ForwardSubstitution.0.NumStability.forwardSub_row_tight._proof_1_21;_private.NumStability.Algorithms.LinearSystems.Triangular.ForwardSubstitution.0.NumStability.forwardSub_row_tight._proof_1_22;_private.NumStability.Algorithms.LinearSystems.Triangular.ForwardSubstitution.0.NumStability.forwardSub_row_tight._proof_1_24;_private.NumStability.Algorithms.LinearSystems.Triangular.ForwardSubstitution.0.NumStability.forwardSub_row_tight._proof_1_25;_private.NumStability.Algorithms.LinearSystems.Triangular.ForwardSubstitution.0.NumStability.forwardSub_row_tight._proof_1_26;_private.NumStability.Algorithms.LinearSystems.Triangular.ForwardSubstitution.0.NumStability.forwardSub_row_tight._simp_1_14;_private.NumStability.Algorithms.LinearSystems.Triangular.ForwardSubstitution.0.NumStability.forwardSub_row_tight._simp_1_15;_private.NumStability.Algorithms.LinearSystems.Triangular.ForwardSubstitution.0.NumStability.forwardSub_row_tight._simp_1_20;_private.NumStability.Algorithms.LinearSystems.Triangular.ForwardSubstitution.0.NumStability.forwardSub_row_tight._simp_1_23,NumStability.FPModel;NumStability.fl_forwardSub;NumStability.fl_matVec;NumStability.forwardSub_backward_error;NumStability.gamma;NumStability.gammaValid;NumStability.gamma_nonneg;NumStability.matVec_backward_error,NumStability.forwardSub_backward_error;NumStability.matVec_backward_error,NumStability.forwardSub_backward_error;NumStability.matVec_backward_error,NumStability.forwardSub_backward_error;NumStability.matVec_backward_error,NumStability.forwardSub_backward_error;NumStability.matVec_backward_error,NumStability.FPModel;NumStability.fl_forwardSub;NumStability.fl_forwardSub_steps;NumStability.fl_matVec;NumStability.forwardSub_backward_error;NumStability.frobNormRect;NumStability.frobNormRect_abs;NumStability.frobNormRect_le_of_entry_abs_le;NumStability.frobNormRect_smul;NumStability.gamma;NumStability.gammaValid;NumStability.gamma_nonneg;NumStability.matVec_backward_error,measurements/runs/results-r11/pairs/P15-T2-rep-01/condition-L/accepted_proof.lean,measurements/runs/results-r11/pairs/P15-T2-rep-01/condition-L/attempt.json
P15-T2,T2,P15-T2-rep-02,N,results-r11,True,84784c279b55a04ae9f396ed678f912c747be649f1f2a132cdcead084fd95c1b,f120065177ed8ca568326e7bd8b531f4cec90401f6a92c4ad2e3f64bf4cae18f,0,0,0,0,0,0,0,0,2,0,0,0,1379.571988,1611626,0,0,0,0,True,684,71,,,NumStability.forwardSub_backward_error;NumStability.matVec_backward_error,,NumStability.forwardSub_backward_error;NumStability.matVec_backward_error,,,measurements/runs/results-r11/pairs/P15-T2-rep-02/condition-N/accepted_proof.lean,measurements/runs/results-r11/pairs/P15-T2-rep-02/condition-N/attempt.json
P15-T2,T2,P15-T2-rep-02,L,results-r11,True,8affdd9f984456c24c3726c2753035edd9e92389c358efcdbbceb12932f303dc,6c5e97df577dc68b79f7c1ac215b1731df539e2587665d5b0f3c299b067ba1f4,2,26,13,13,94,0,8,8,2,2,0,3,365.230275,1072244,44,2,2,3,True,277,94,NumStability.FPModel;NumStability.FPModel.fl_add;NumStability.FPModel.fl_div;NumStability.FPModel.fl_mul;NumStability.FPModel.fl_sub;NumStability.FPModel.mk;NumStability.FPModel.model_add;NumStability.FPModel.model_div;NumStability.FPModel.model_mul;NumStability.FPModel.model_sub;NumStability.FPModel.u;NumStability.FPModel.u_nonneg;NumStability.dotProduct_backward_error;NumStability.dotProduct_backward_error._proof_1_4;NumStability.dotProduct_backward_stable_x;NumStability.fl_dotProduct;NumStability.fl_dotProduct._proof_1;NumStability.fl_dotProduct.match_1;NumStability.fl_forwardSub;NumStability.fl_forwardSub_steps;NumStability.fl_forwardSub_steps._proof_1;NumStability.fl_forwardSub_steps._proof_2;NumStability.fl_forwardSub_steps._proof_3;NumStability.fl_forwardSub_steps._proof_4;NumStability.fl_forwardSub_steps.congr_simp;NumStability.fl_forwardSub_steps.eq_def;NumStability.fl_forwardSub_steps.match_1;NumStability.fl_matVec;NumStability.fl_sub_fold_unroll;NumStability.fl_sub_fold_unroll._proof_1_1;NumStability.fl_sub_fold_unroll._proof_1_2;NumStability.fl_sub_fold_unroll._simp_1_3;NumStability.fl_sum_error_init;NumStability.fl_sum_error_init._proof_1_1;NumStability.forwardSub_backward_error;NumStability.forwardSub_backward_error._proof_1_4;NumStability.forwardSub_backward_error._simp_1_1;NumStability.forwardSub_backward_error._simp_1_2;NumStability.forwardSub_backward_error._simp_1_3;NumStability.frobNormRect;NumStability.frobNormRect_abs;NumStability.frobNormRect_le_of_entry_abs_le;NumStability.frobNormRect_smul;NumStability.frobNormSqRect;NumStability.frobNormSqRect_abs;NumStability.frobNormSqRect_smul;NumStability.gamma;NumStability.gammaValid;NumStability.gammaValid_mono;NumStability.gamma_mono;NumStability.gamma_mul;NumStability.gamma_nonneg;NumStability.inv_prod_error_bound;NumStability.inv_prod_error_bound._proof_1_1;NumStability.matVec_backward_error;NumStability.prod_pos_of_u_bound;NumStability.u_le_gamma;_private.NumStability.Algorithms.LinearSystems.Triangular.ForwardSubstitution.0.NumStability.fl_forwardSub_at_row;_private.NumStability.Algorithms.LinearSystems.Triangular.ForwardSubstitution.0.NumStability.fl_forwardSub_at_row._proof_1;_private.NumStability.Algorithms.LinearSystems.Triangular.ForwardSubstitution.0.NumStability.fl_forwardSub_at_row._proof_1_1;_private.NumStability.Algorithms.LinearSystems.Triangular.ForwardSubstitution.0.NumStability.fl_forwardSub_at_row._proof_1_2;_private.NumStability.Algorithms.LinearSystems.Triangular.ForwardSubstitution.0.NumStability.fl_forwardSub_at_row._proof_1_3;_private.NumStability.Algorithms.LinearSystems.Triangular.ForwardSubstitution.0.NumStability.fl_forwardSub_steps.match_1.splitter;_private.NumStability.Algorithms.LinearSystems.Triangular.ForwardSubstitution.0.NumStability.fl_forwardSub_steps_at_row;_private.NumStability.Algorithms.LinearSystems.Triangular.ForwardSubstitution.0.NumStability.fl_forwardSub_steps_at_row._proof_1;_private.NumStability.Algorithms.LinearSystems.Triangular.ForwardSubstitution.0.NumStability.fl_forwardSub_steps_at_row._proof_1_4;_private.NumStability.Algorithms.LinearSystems.Triangular.ForwardSubstitution.0.NumStability.fl_forwardSub_steps_at_row._proof_1_5;_private.NumStability.Algorithms.LinearSystems.Triangular.ForwardSubstitution.0.NumStability.fl_forwardSub_steps_at_row._proof_1_6;_private.NumStability.Algorithms.LinearSystems.Triangular.ForwardSubstitution.0.NumStability.fl_forwardSub_steps_decompose;_private.NumStability.Algorithms.LinearSystems.Triangular.ForwardSubstitution.0.NumStability.fl_forwardSub_steps_decompose._proof_1_1;_private.NumStability.Algorithms.LinearSystems.Triangular.ForwardSubstitution.0.NumStability.fl_forwardSub_steps_decompose._proof_1_5;_private.NumStability.Algorithms.LinearSystems.Triangular.ForwardSubstitution.0.NumStability.fl_forwardSub_steps_stable;_private.NumStability.Algorithms.LinearSystems.Triangular.ForwardSubstitution.0.NumStability.fl_forwardSub_steps_stable._proof_1_2;_private.NumStability.Algorithms.LinearSystems.Triangular.ForwardSubstitution.0.NumStability.fl_forwardSub_steps_stable._proof_1_3;_private.NumStability.Algorithms.LinearSystems.Triangular.ForwardSubstitution.0.NumStability.forwardSub_row_tight;_private.NumStability.Algorithms.LinearSystems.Triangular.ForwardSubstitution.0.NumStability.forwardSub_row_tight._proof_1_1;_private.NumStability.Algorithms.LinearSystems.Triangular.ForwardSubstitution.0.NumStability.forwardSub_row_tight._proof_1_10;_private.NumStability.Algorithms.LinearSystems.Triangular.ForwardSubstitution.0.NumStability.forwardSub_row_tight._proof_1_11;_private.NumStability.Algorithms.LinearSystems.Triangular.ForwardSubstitution.0.NumStability.forwardSub_row_tight._proof_1_12;_private.NumStability.Algorithms.LinearSystems.Triangular.ForwardSubstitution.0.NumStability.forwardSub_row_tight._proof_1_13;_private.NumStability.Algorithms.LinearSystems.Triangular.ForwardSubstitution.0.NumStability.forwardSub_row_tight._proof_1_16;_private.NumStability.Algorithms.LinearSystems.Triangular.ForwardSubstitution.0.NumStability.forwardSub_row_tight._proof_1_17;_private.NumStability.Algorithms.LinearSystems.Triangular.ForwardSubstitution.0.NumStability.forwardSub_row_tight._proof_1_18;_private.NumStability.Algorithms.LinearSystems.Triangular.ForwardSubstitution.0.NumStability.forwardSub_row_tight._proof_1_19;_private.NumStability.Algorithms.LinearSystems.Triangular.ForwardSubstitution.0.NumStability.forwardSub_row_tight._proof_1_2;_private.NumStability.Algorithms.LinearSystems.Triangular.ForwardSubstitution.0.NumStability.forwardSub_row_tight._proof_1_21;_private.NumStability.Algorithms.LinearSystems.Triangular.ForwardSubstitution.0.NumStability.forwardSub_row_tight._proof_1_22;_private.NumStability.Algorithms.LinearSystems.Triangular.ForwardSubstitution.0.NumStability.forwardSub_row_tight._proof_1_24;_private.NumStability.Algorithms.LinearSystems.Triangular.ForwardSubstitution.0.NumStability.forwardSub_row_tight._proof_1_25;_private.NumStability.Algorithms.LinearSystems.Triangular.ForwardSubstitution.0.NumStability.forwardSub_row_tight._proof_1_26;_private.NumStability.Algorithms.LinearSystems.Triangular.ForwardSubstitution.0.NumStability.forwardSub_row_tight._simp_1_14;_private.NumStability.Algorithms.LinearSystems.Triangular.ForwardSubstitution.0.NumStability.forwardSub_row_tight._simp_1_15;_private.NumStability.Algorithms.LinearSystems.Triangular.ForwardSubstitution.0.NumStability.forwardSub_row_tight._simp_1_20;_private.NumStability.Algorithms.LinearSystems.Triangular.ForwardSubstitution.0.NumStability.forwardSub_row_tight._simp_1_23,,NumStability.forwardSub_backward_error;NumStability.matVec_backward_error,NumStability.forwardSub_backward_error;NumStability.matVec_backward_error,NumStability.forwardSub_backward_error;NumStability.matVec_backward_error,NumStability.forwardSub_backward_error;NumStability.matVec_backward_error,NumStability.FPModel;NumStability.fl_forwardSub;NumStability.fl_forwardSub_steps;NumStability.fl_matVec;NumStability.forwardSub_backward_error;NumStability.frobNormRect;NumStability.frobNormRect_abs;NumStability.frobNormRect_le_of_entry_abs_le;NumStability.frobNormRect_smul;NumStability.gamma;NumStability.gammaValid;NumStability.gamma_nonneg;NumStability.matVec_backward_error,measurements/runs/results-r11/pairs/P15-T2-rep-02/condition-L/accepted_proof.lean,measurements/runs/results-r11/pairs/P15-T2-rep-02/condition-L/attempt.json
P15-T2,T2,P15-T2-rep-03,N,results-r11,True,0d6f37ec3e5483919ddb872a23da62db525657bff206b8109f995bcdad49d6f3,63419bfb943dadfb2dcd19a07b1032c962019a241598493801e278644a1fd2ec,0,0,0,0,0,0,0,0,2,0,0,0,1609.472494,4953431,0,0,0,0,True,719,68,,,NumStability.forwardSub_backward_error;NumStability.matVec_backward_error,,NumStability.forwardSub_backward_error;NumStability.matVec_backward_error,,,measurements/runs/results-r11/pairs/P15-T2-rep-03/condition-N/accepted_proof.lean,measurements/runs/results-r11/pairs/P15-T2-rep-03/condition-N/attempt.json
P15-T2,T2,P15-T2-rep-03,L,results-r11,True,8c719e41c2bf30ee76f188bc1188fee9629fe7879229d711c229db71e090accd,ec57c1c10cff12dfee4476acdf2b9821189b5354173203e32a275b8560b36baa,2,17,11,11,98,0,8,8,2,2,0,3,395.707224,1083715,48,2,2,3,True,238,83,NumStability.FPModel;NumStability.FPModel.fl_add;NumStability.FPModel.fl_div;NumStability.FPModel.fl_mul;NumStability.FPModel.fl_sub;NumStability.FPModel.mk;NumStability.FPModel.model_add;NumStability.FPModel.model_div;NumStability.FPModel.model_mul;NumStability.FPModel.model_sub;NumStability.FPModel.u;NumStability.FPModel.u_nonneg;NumStability.RMatFn;NumStability.dotProduct_backward_error;NumStability.dotProduct_backward_error._proof_1_4;NumStability.dotProduct_backward_stable_x;NumStability.fl_dotProduct;NumStability.fl_dotProduct._proof_1;NumStability.fl_dotProduct.match_1;NumStability.fl_forwardSub;NumStability.fl_forwardSub_steps;NumStability.fl_forwardSub_steps._proof_1;NumStability.fl_forwardSub_steps._proof_2;NumStability.fl_forwardSub_steps._proof_3;NumStability.fl_forwardSub_steps._proof_4;NumStability.fl_forwardSub_steps.congr_simp;NumStability.fl_forwardSub_steps.eq_def;NumStability.fl_forwardSub_steps.match_1;NumStability.fl_matVec;NumStability.fl_sub_fold_unroll;NumStability.fl_sub_fold_unroll._proof_1_1;NumStability.fl_sub_fold_unroll._proof_1_2;NumStability.fl_sub_fold_unroll._simp_1_3;NumStability.fl_sum_error_init;NumStability.fl_sum_error_init._proof_1_1;NumStability.forwardSub_backward_error;NumStability.forwardSub_backward_error._proof_1_4;NumStability.forwardSub_backward_error._simp_1_1;NumStability.forwardSub_backward_error._simp_1_2;NumStability.forwardSub_backward_error._simp_1_3;NumStability.frobNorm;NumStability.frobNormRect;NumStability.frobNormRect_eq_frobNormFn;NumStability.frobNormSq;NumStability.frobNormSqRect;NumStability.frobNormSq_nonneg;NumStability.frobNorm_eq_sqrt_frobNormSq;NumStability.frobNorm_le_const_mul_frobNorm_of_entrywise_abs_le;NumStability.frobNorm_nonneg;NumStability.frobNorm_sq;NumStability.gamma;NumStability.gammaValid;NumStability.gammaValid_mono;NumStability.gamma_mono;NumStability.gamma_mul;NumStability.gamma_nonneg;NumStability.inv_prod_error_bound;NumStability.inv_prod_error_bound._proof_1_1;NumStability.matVec_backward_error;NumStability.prod_pos_of_u_bound;NumStability.u_le_gamma;_private.NumStability.Algorithms.LinearSystems.Triangular.ForwardSubstitution.0.NumStability.fl_forwardSub_at_row;_private.NumStability.Algorithms.LinearSystems.Triangular.ForwardSubstitution.0.NumStability.fl_forwardSub_at_row._proof_1;_private.NumStability.Algorithms.LinearSystems.Triangular.ForwardSubstitution.0.NumStability.fl_forwardSub_at_row._proof_1_1;_private.NumStability.Algorithms.LinearSystems.Triangular.ForwardSubstitution.0.NumStability.fl_forwardSub_at_row._proof_1_2;_private.NumStability.Algorithms.LinearSystems.Triangular.ForwardSubstitution.0.NumStability.fl_forwardSub_at_row._proof_1_3;_private.NumStability.Algorithms.LinearSystems.Triangular.ForwardSubstitution.0.NumStability.fl_forwardSub_steps.match_1.splitter;_private.NumStability.Algorithms.LinearSystems.Triangular.ForwardSubstitution.0.NumStability.fl_forwardSub_steps_at_row;_private.NumStability.Algorithms.LinearSystems.Triangular.ForwardSubstitution.0.NumStability.fl_forwardSub_steps_at_row._proof_1;_private.NumStability.Algorithms.LinearSystems.Triangular.ForwardSubstitution.0.NumStability.fl_forwardSub_steps_at_row._proof_1_4;_private.NumStability.Algorithms.LinearSystems.Triangular.ForwardSubstitution.0.NumStability.fl_forwardSub_steps_at_row._proof_1_5;_private.NumStability.Algorithms.LinearSystems.Triangular.ForwardSubstitution.0.NumStability.fl_forwardSub_steps_at_row._proof_1_6;_private.NumStability.Algorithms.LinearSystems.Triangular.ForwardSubstitution.0.NumStability.fl_forwardSub_steps_decompose;_private.NumStability.Algorithms.LinearSystems.Triangular.ForwardSubstitution.0.NumStability.fl_forwardSub_steps_decompose._proof_1_1;_private.NumStability.Algorithms.LinearSystems.Triangular.ForwardSubstitution.0.NumStability.fl_forwardSub_steps_decompose._proof_1_5;_private.NumStability.Algorithms.LinearSystems.Triangular.ForwardSubstitution.0.NumStability.fl_forwardSub_steps_stable;_private.NumStability.Algorithms.LinearSystems.Triangular.ForwardSubstitution.0.NumStability.fl_forwardSub_steps_stable._proof_1_2;_private.NumStability.Algorithms.LinearSystems.Triangular.ForwardSubstitution.0.NumStability.fl_forwardSub_steps_stable._proof_1_3;_private.NumStability.Algorithms.LinearSystems.Triangular.ForwardSubstitution.0.NumStability.forwardSub_row_tight;_private.NumStability.Algorithms.LinearSystems.Triangular.ForwardSubstitution.0.NumStability.forwardSub_row_tight._proof_1_1;_private.NumStability.Algorithms.LinearSystems.Triangular.ForwardSubstitution.0.NumStability.forwardSub_row_tight._proof_1_10;_private.NumStability.Algorithms.LinearSystems.Triangular.ForwardSubstitution.0.NumStability.forwardSub_row_tight._proof_1_11;_private.NumStability.Algorithms.LinearSystems.Triangular.ForwardSubstitution.0.NumStability.forwardSub_row_tight._proof_1_12;_private.NumStability.Algorithms.LinearSystems.Triangular.ForwardSubstitution.0.NumStability.forwardSub_row_tight._proof_1_13;_private.NumStability.Algorithms.LinearSystems.Triangular.ForwardSubstitution.0.NumStability.forwardSub_row_tight._proof_1_16;_private.NumStability.Algorithms.LinearSystems.Triangular.ForwardSubstitution.0.NumStability.forwardSub_row_tight._proof_1_17;_private.NumStability.Algorithms.LinearSystems.Triangular.ForwardSubstitution.0.NumStability.forwardSub_row_tight._proof_1_18;_private.NumStability.Algorithms.LinearSystems.Triangular.ForwardSubstitution.0.NumStability.forwardSub_row_tight._proof_1_19;_private.NumStability.Algorithms.LinearSystems.Triangular.ForwardSubstitution.0.NumStability.forwardSub_row_tight._proof_1_2;_private.NumStability.Algorithms.LinearSystems.Triangular.ForwardSubstitution.0.NumStability.forwardSub_row_tight._proof_1_21;_private.NumStability.Algorithms.LinearSystems.Triangular.ForwardSubstitution.0.NumStability.forwardSub_row_tight._proof_1_22;_private.NumStability.Algorithms.LinearSystems.Triangular.ForwardSubstitution.0.NumStability.forwardSub_row_tight._proof_1_24;_private.NumStability.Algorithms.LinearSystems.Triangular.ForwardSubstitution.0.NumStability.forwardSub_row_tight._proof_1_25;_private.NumStability.Algorithms.LinearSystems.Triangular.ForwardSubstitution.0.NumStability.forwardSub_row_tight._proof_1_26;_private.NumStability.Algorithms.LinearSystems.Triangular.ForwardSubstitution.0.NumStability.forwardSub_row_tight._simp_1_14;_private.NumStability.Algorithms.LinearSystems.Triangular.ForwardSubstitution.0.NumStability.forwardSub_row_tight._simp_1_15;_private.NumStability.Algorithms.LinearSystems.Triangular.ForwardSubstitution.0.NumStability.forwardSub_row_tight._simp_1_20;_private.NumStability.Algorithms.LinearSystems.Triangular.ForwardSubstitution.0.NumStability.forwardSub_row_tight._simp_1_23,,NumStability.forwardSub_backward_error;NumStability.matVec_backward_error,NumStability.forwardSub_backward_error;NumStability.matVec_backward_error,NumStability.forwardSub_backward_error;NumStability.matVec_backward_error,NumStability.forwardSub_backward_error;NumStability.matVec_backward_error,NumStability.FPModel;NumStability.fl_forwardSub;NumStability.fl_forwardSub_steps;NumStability.forwardSub_backward_error;NumStability.frobNorm;NumStability.frobNormRect;NumStability.frobNormRect_eq_frobNormFn;NumStability.frobNorm_le_const_mul_frobNorm_of_entrywise_abs_le;NumStability.gammaValid;NumStability.gamma_nonneg;NumStability.matVec_backward_error,measurements/runs/results-r11/pairs/P15-T2-rep-03/condition-L/accepted_proof.lean,measurements/runs/results-r11/pairs/P15-T2-rep-03/condition-L/attempt.json
P17-T1,T1,P17-T1-rep-01,N,results-r11,True,08da01fb843b509824b6c46a06b9e3f760ba6cb1bfbc9b892ddea4b2c4b6b087,7eac739b901b0d622de3887e65e29aa2f192a43d15a259b81b256bd02a318c8d,0,0,0,0,0,0,0,0,1,0,0,0,306.009398,305960,0,0,0,0,True,125,94,,,NumStability.FiniteProbability.eventProb_abs_sub_le_ge_one_sub_of_second_moment,,NumStability.FiniteProbability.eventProb_abs_sub_le_ge_one_sub_of_second_moment,,,measurements/runs/results-r11/pairs/P17-T1-rep-01/condition-N/accepted_proof.lean,measurements/runs/results-r11/pairs/P17-T1-rep-01/condition-N/attempt.json
P17-T1,T1,P17-T1-rep-01,L,results-r11,True,d75ae0fca2d386a2f674e8e2282426743c68bc544ac805ae085a42250c19f681,15a587247924a8337d957316e82d2a4f95189944e8e4e18ca9b9760214e43023,0,0,0,0,0,0,0,0,1,0,0,0,298.341225,324218,0,0,0,0,True,139,41,,,NumStability.FiniteProbability.eventProb_abs_sub_le_ge_one_sub_of_second_moment,,NumStability.FiniteProbability.eventProb_abs_sub_le_ge_one_sub_of_second_moment,,,measurements/runs/results-r11/pairs/P17-T1-rep-01/condition-L/accepted_proof.lean,measurements/runs/results-r11/pairs/P17-T1-rep-01/condition-L/attempt.json
P17-T1,T1,P17-T1-rep-02,N,results-r11,True,80202e1b86afce5c3f9ed61e0c58c5a5b9befba9df09feb467dc497384e8fd9b,397059b68d142b568c9d34b9a7913513c0bbcffa2b14f0a654dae928d595d311,0,0,0,0,0,0,0,0,1,0,0,0,346.408635,282021,0,0,0,0,True,147,30,,,NumStability.FiniteProbability.eventProb_abs_sub_le_ge_one_sub_of_second_moment,,NumStability.FiniteProbability.eventProb_abs_sub_le_ge_one_sub_of_second_moment,,,measurements/runs/results-r11/pairs/P17-T1-rep-02/condition-N/accepted_proof.lean,measurements/runs/results-r11/pairs/P17-T1-rep-02/condition-N/attempt.json
P17-T1,T1,P17-T1-rep-02,L,results-r11,True,a867f028bfbfde03d99dcd5885ec0a9932208de546eef55ce9413fc4f1014760,8cd1c65c3896add81c2379e71c894146dd028c4cc202d3d7ce2e25f577cc7b25,0,0,0,0,0,0,0,0,1,0,0,0,225.340711,395062,0,0,0,0,True,106,80,,,NumStability.FiniteProbability.eventProb_abs_sub_le_ge_one_sub_of_second_moment,,NumStability.FiniteProbability.eventProb_abs_sub_le_ge_one_sub_of_second_moment,,,measurements/runs/results-r11/pairs/P17-T1-rep-02/condition-L/accepted_proof.lean,measurements/runs/results-r11/pairs/P17-T1-rep-02/condition-L/attempt.json
P17-T1,T1,P17-T1-rep-03,N,results-r11,True,e58155ca9edc386f4e1e29ef2098e660db83c1754622cd292a590413b17bf3f8,ffb12442cfab6638762ffc77e451a9b10f092a42c55c32f16dbc735594600a10,0,0,0,0,0,0,0,0,1,0,0,0,231.631862,161082,0,0,0,0,True,140,38,,,NumStability.FiniteProbability.eventProb_abs_sub_le_ge_one_sub_of_second_moment,,NumStability.FiniteProbability.eventProb_abs_sub_le_ge_one_sub_of_second_moment,,,measurements/runs/results-r11/pairs/P17-T1-rep-03/condition-N/accepted_proof.lean,measurements/runs/results-r11/pairs/P17-T1-rep-03/condition-N/attempt.json
P17-T1,T1,P17-T1-rep-03,L,results-r11,True,7d47582da5f386b136b2dc1ca1afe2810d2ffd5138abf5ffa6f2728adaff155d,b4fc8e59c93a6805701ec15592cbbc48f7302b35c3bd32ebbf1294076890466d,1,4,4,4,12,6,2,1,1,0,0,1,174.740539,337266,12,0,0,1,True,96,69,NumStability.FiniteProbability;NumStability.FiniteProbability.eventProb;NumStability.FiniteProbability.eventProb_add_eventProb_compl;NumStability.FiniteProbability.eventProb_le_ge_one_sub_expectationReal_sq_div;NumStability.FiniteProbability.eventProb_mono;NumStability.FiniteProbability.eventProb_real_ge_le_expectationReal_div;NumStability.FiniteProbability.eventProb_real_le_ge_one_sub_expectationReal_div;NumStability.FiniteProbability.expectationReal;NumStability.FiniteProbability.mk;NumStability.FiniteProbability.prob;NumStability.FiniteProbability.prob_nonneg;NumStability.FiniteProbability.prob_sum,NumStability.FiniteProbability;NumStability.FiniteProbability.eventProb;NumStability.FiniteProbability.eventProb_le_ge_one_sub_expectationReal_sq_div;NumStability.FiniteProbability.expectationReal;NumStability.FiniteProbability.mk;NumStability.FiniteProbability.prob,NumStability.FiniteProbability.eventProb_abs_sub_le_ge_one_sub_of_second_moment,,NumStability.FiniteProbability.eventProb_abs_sub_le_ge_one_sub_of_second_moment,,NumStability.FiniteProbability;NumStability.FiniteProbability.eventProb;NumStability.FiniteProbability.eventProb_le_ge_one_sub_expectationReal_sq_div;NumStability.FiniteProbability.expectationReal,measurements/runs/results-r11/pairs/P17-T1-rep-03/condition-L/accepted_proof.lean,measurements/runs/results-r11/pairs/P17-T1-rep-03/condition-L/attempt.json
P23-T1,T1,P23-T1-rep-01,N,results-r11,True,aeb5619aac4426a8e12ead699943f869c7a37a1b2a1d1932d68af15b3a5b95c2,415884500b8987a7a7cb383cc6db8ba42eade3c52211d6ef8594c0df9c649f77,0,0,0,0,0,0,0,0,3,0,0,0,962.579845,818701,0,0,0,0,True,419,110,,,NumStability.gamma_nonneg;NumStability.gamma_sum_le;NumStability.matMul_error_bound,,NumStability.matMul_error_bound,,,measurements/runs/results-r11/pairs/P23-T1-rep-01/condition-N/accepted_proof.lean,measurements/runs/results-r11/pairs/P23-T1-rep-01/condition-N/attempt.json
P23-T1,T1,P23-T1-rep-01,L,results-r11,True,bee9472d9da97c9321336255481b458d6d61e78ac0b8a1c99cb5f5c9b48c3de8,081bc4ea57d431efa0998bd760fd6e723d6d3e77e98303ce0ec470be3da5719a,1,9,7,7,23,0,6,4,3,2,0,3,340.466577,544097,19,0,0,1,True,263,162,NumStability.FPModel;NumStability.FPModel.fl_add;NumStability.FPModel.fl_mul;NumStability.FPModel.mk;NumStability.FPModel.model_add;NumStability.FPModel.model_mul;NumStability.FPModel.u;NumStability.FPModel.u_nonneg;NumStability.dotProduct_error_bound;NumStability.dotProduct_error_bound._proof_1_4;NumStability.fl_dotProduct;NumStability.fl_dotProduct._proof_1;NumStability.fl_dotProduct.match_1;NumStability.fl_sum_error_init;NumStability.fl_sum_error_init._proof_1_1;NumStability.gamma;NumStability.gammaValid;NumStability.gammaValid_mono;NumStability.gamma_mono;NumStability.gamma_mul;NumStability.gamma_nonneg;NumStability.gamma_sum_le;NumStability.u_le_gamma,,NumStability.gamma_nonneg;NumStability.gamma_sum_le;NumStability.matMul_error_bound,NumStability.gamma_nonneg;NumStability.gamma_sum_le,NumStability.matMul_error_bound,,NumStability.FPModel;NumStability.dotProduct_error_bound;NumStability.fl_dotProduct;NumStability.gamma;NumStability.gammaValid_mono;NumStability.gamma_nonneg;NumStability.gamma_sum_le,measurements/runs/results-r11/pairs/P23-T1-rep-01/condition-L/accepted_proof.lean,measurements/runs/results-r11/pairs/P23-T1-rep-01/condition-L/attempt.json
P23-T1,T1,P23-T1-rep-02,N,results-r11,True,4d8dedeaf620921086bbab48026614b9ada498e72fefc91601a138e3070bcc89,e62328c972b0fc58dcce9b7deabffb08315b55e747faf640adaa1cfcb3baa223,0,0,0,0,0,0,0,0,3,0,0,0,792.402251,976776,0,0,0,0,True,417,122,,,NumStability.gamma_nonneg;NumStability.gamma_sum_le;NumStability.matMul_error_bound,,NumStability.matMul_error_bound,,,measurements/runs/results-r11/pairs/P23-T1-rep-02/condition-N/accepted_proof.lean,measurements/runs/results-r11/pairs/P23-T1-rep-02/condition-N/attempt.json
P23-T1,T1,P23-T1-rep-02,L,results-r11,True,b47a5fd4a91de0bf237f51ef8e8fb56eca8a0aed41155df7445a31d541269292,634a7fb8b9882a8409d70de560a787ddb8d44267c9117ed375fb9474ae6d5e3e,1,15,10,10,27,0,6,6,3,3,0,3,388.578234,887096,23,1,1,2,True,280,168,NumStability.FPModel;NumStability.FPModel.fl_add;NumStability.FPModel.fl_mul;NumStability.FPModel.mk;NumStability.FPModel.model_add;NumStability.FPModel.model_mul;NumStability.FPModel.u;NumStability.FPModel.u_nonneg;NumStability.dotProduct_error_bound;NumStability.dotProduct_error_bound._proof_1_4;NumStability.fl_dotProduct;NumStability.fl_dotProduct._proof_1;NumStability.fl_dotProduct.match_1;NumStability.fl_matMul;NumStability.fl_matVec;NumStability.fl_sum_error_init;NumStability.fl_sum_error_init._proof_1_1;NumStability.gamma;NumStability.gammaValid;NumStability.gammaValid_mono;NumStability.gamma_mono;NumStability.gamma_mul;NumStability.gamma_nonneg;NumStability.gamma_sum_le;NumStability.matMul_error_bound;NumStability.matVec_error_bound;NumStability.u_le_gamma,,NumStability.gamma_nonneg;NumStability.gamma_sum_le;NumStability.matMul_error_bound,NumStability.gamma_nonneg;NumStability.gamma_sum_le;NumStability.matMul_error_bound,NumStability.matMul_error_bound,NumStability.matMul_error_bound,NumStability.FPModel;NumStability.fl_dotProduct;NumStability.fl_matMul;NumStability.fl_matVec;NumStability.gamma;NumStability.gammaValid;NumStability.gammaValid_mono;NumStability.gamma_nonneg;NumStability.gamma_sum_le;NumStability.matMul_error_bound,measurements/runs/results-r11/pairs/P23-T1-rep-02/condition-L/accepted_proof.lean,measurements/runs/results-r11/pairs/P23-T1-rep-02/condition-L/attempt.json
P23-T1,T1,P23-T1-rep-03,N,results-r11,True,4246ad16c4122e5ef0e6d220e88e0bd7ee9710447c8ed5581e88e2d7fd446979,e5794e36f6e2366591eecd11e8a1020a8cf78b24fd1bbb909503e1f2f524ebec,0,0,0,0,0,0,0,0,3,0,0,0,1056.230514,1065983,0,0,0,0,True,482,145,,,NumStability.gamma_nonneg;NumStability.gamma_sum_le;NumStability.matMul_error_bound,,NumStability.matMul_error_bound,,,measurements/runs/results-r11/pairs/P23-T1-rep-03/condition-N/accepted_proof.lean,measurements/runs/results-r11/pairs/P23-T1-rep-03/condition-N/attempt.json
P23-T1,T1,P23-T1-rep-03,L,results-r11,True,d2994cf78c3ed7069bf422ea70bbea5cfda9f2eec15c0884f4db282539c17d86,649728b71c4f138348c66bd1105ba71a0930a0312aef3e1388dc254bd7f5a39d,1,20,10,10,27,9,4,6,3,3,3,3,325.099018,626061,23,1,1,2,True,234,140,NumStability.FPModel;NumStability.FPModel.fl_add;NumStability.FPModel.fl_mul;NumStability.FPModel.mk;NumStability.FPModel.model_add;NumStability.FPModel.model_mul;NumStability.FPModel.u;NumStability.FPModel.u_nonneg;NumStability.dotProduct_error_bound;NumStability.dotProduct_error_bound._proof_1_4;NumStability.fl_dotProduct;NumStability.fl_dotProduct._proof_1;NumStability.fl_dotProduct.match_1;NumStability.fl_matMul;NumStability.fl_matVec;NumStability.fl_sum_error_init;NumStability.fl_sum_error_init._proof_1_1;NumStability.gamma;NumStability.gammaValid;NumStability.gammaValid_mono;NumStability.gamma_mono;NumStability.gamma_mul;NumStability.gamma_nonneg;NumStability.gamma_sum_le;NumStability.matMul_error_bound;NumStability.matVec_error_bound;NumStability.u_le_gamma,NumStability.FPModel;NumStability.FPModel.u;NumStability.fl_matMul;NumStability.gamma;NumStability.gammaValid;NumStability.gammaValid_mono;NumStability.gamma_nonneg;NumStability.gamma_sum_le;NumStability.matMul_error_bound,NumStability.gamma_nonneg;NumStability.gamma_sum_le;NumStability.matMul_error_bound,NumStability.gamma_nonneg;NumStability.gamma_sum_le;NumStability.matMul_error_bound,NumStability.matMul_error_bound,NumStability.matMul_error_bound,NumStability.FPModel;NumStability.fl_dotProduct;NumStability.fl_matMul;NumStability.fl_matVec;NumStability.gamma;NumStability.gammaValid;NumStability.gammaValid_mono;NumStability.gamma_nonneg;NumStability.gamma_sum_le;NumStability.matMul_error_bound,measurements/runs/results-r11/pairs/P23-T1-rep-03/condition-L/accepted_proof.lean,measurements/runs/results-r11/pairs/P23-T1-rep-03/condition-L/attempt.json
P26-T1,T1,P26-T1-rep-01,N,results-r11,True,64abb06d15708f5a3a2558fc78af91e0f726be95ce8651c045cddbfe9cdd0088,da8501d018637cde5fe981c19dc2d7cbec5548c7cbca2234e5051f6786672b50,0,0,0,0,0,0,0,0,1,0,0,0,1372.369257,2932297,0,0,0,0,True,532,92,,,NumStability.forwardSub_backward_error,,NumStability.forwardSub_backward_error,,,measurements/runs/results-r11/pairs/P26-T1-rep-01/condition-N/accepted_proof.lean,measurements/runs/results-r11/pairs/P26-T1-rep-01/condition-N/attempt.json
P26-T1,T1,P26-T1-rep-01,L,results-r11,True,12cd25b6a267680ef93103a1dc028ea646f77ed4dd88a5c5a85850be05d3a995,0d8cd3f4ba2033f463e27f409398598a700d85168cdd7732c3e67d0368387ac7,1,8,6,6,75,5,9,4,1,1,1,2,389.290092,912037,29,1,1,2,True,161,64,NumStability.FPModel;NumStability.FPModel.fl_div;NumStability.FPModel.fl_mul;NumStability.FPModel.fl_sub;NumStability.FPModel.mk;NumStability.FPModel.model_div;NumStability.FPModel.model_mul;NumStability.FPModel.model_sub;NumStability.FPModel.u;NumStability.FPModel.u_nonneg;NumStability.fl_forwardSub;NumStability.fl_forwardSub_steps;NumStability.fl_forwardSub_steps._proof_1;NumStability.fl_forwardSub_steps._proof_2;NumStability.fl_forwardSub_steps._proof_3;NumStability.fl_forwardSub_steps._proof_4;NumStability.fl_forwardSub_steps.congr_simp;NumStability.fl_forwardSub_steps.eq_def;NumStability.fl_forwardSub_steps.match_1;NumStability.fl_sub_fold_unroll;NumStability.fl_sub_fold_unroll._proof_1_1;NumStability.fl_sub_fold_unroll._proof_1_2;NumStability.fl_sub_fold_unroll._simp_1_3;NumStability.forwardSub_backward_error;NumStability.forwardSub_backward_error._proof_1_4;NumStability.forwardSub_backward_error._simp_1_1;NumStability.forwardSub_backward_error._simp_1_2;NumStability.forwardSub_backward_error._simp_1_3;NumStability.gamma;NumStability.gammaValid;NumStability.gammaValid_mono;NumStability.gamma_mono;NumStability.gamma_mul;NumStability.gamma_nonneg;NumStability.inv_prod_error_bound;NumStability.inv_prod_error_bound._proof_1_1;NumStability.prod_pos_of_u_bound;NumStability.u_le_gamma;_private.NumStability.Algorithms.LinearSystems.Triangular.ForwardSubstitution.0.NumStability.fl_forwardSub_at_row;_private.NumStability.Algorithms.LinearSystems.Triangular.ForwardSubstitution.0.NumStability.fl_forwardSub_at_row._proof_1;_private.NumStability.Algorithms.LinearSystems.Triangular.ForwardSubstitution.0.NumStability.fl_forwardSub_at_row._proof_1_1;_private.NumStability.Algorithms.LinearSystems.Triangular.ForwardSubstitution.0.NumStability.fl_forwardSub_at_row._proof_1_2;_private.NumStability.Algorithms.LinearSystems.Triangular.ForwardSubstitution.0.NumStability.fl_forwardSub_at_row._proof_1_3;_private.NumStability.Algorithms.LinearSystems.Triangular.ForwardSubstitution.0.NumStability.fl_forwardSub_steps.match_1.splitter;_private.NumStability.Algorithms.LinearSystems.Triangular.ForwardSubstitution.0.NumStability.fl_forwardSub_steps_at_row;_private.NumStability.Algorithms.LinearSystems.Triangular.ForwardSubstitution.0.NumStability.fl_forwardSub_steps_at_row._proof_1;_private.NumStability.Algorithms.LinearSystems.Triangular.ForwardSubstitution.0.NumStability.fl_forwardSub_steps_at_row._proof_1_4;_private.NumStability.Algorithms.LinearSystems.Triangular.ForwardSubstitution.0.NumStability.fl_forwardSub_steps_at_row._proof_1_5;_private.NumStability.Algorithms.LinearSystems.Triangular.ForwardSubstitution.0.NumStability.fl_forwardSub_steps_at_row._proof_1_6;_private.NumStability.Algorithms.LinearSystems.Triangular.ForwardSubstitution.0.NumStability.fl_forwardSub_steps_decompose;_private.NumStability.Algorithms.LinearSystems.Triangular.ForwardSubstitution.0.NumStability.fl_forwardSub_steps_decompose._proof_1_1;_private.NumStability.Algorithms.LinearSystems.Triangular.ForwardSubstitution.0.NumStability.fl_forwardSub_steps_decompose._proof_1_5;_private.NumStability.Algorithms.LinearSystems.Triangular.ForwardSubstitution.0.NumStability.fl_forwardSub_steps_stable;_private.NumStability.Algorithms.LinearSystems.Triangular.ForwardSubstitution.0.NumStability.fl_forwardSub_steps_stable._proof_1_2;_private.NumStability.Algorithms.LinearSystems.Triangular.ForwardSubstitution.0.NumStability.fl_forwardSub_steps_stable._proof_1_3;_private.NumStability.Algorithms.LinearSystems.Triangular.ForwardSubstitution.0.NumStability.forwardSub_row_tight;_private.NumStability.Algorithms.LinearSystems.Triangular.ForwardSubstitution.0.NumStability.forwardSub_row_tight._proof_1_1;_private.NumStability.Algorithms.LinearSystems.Triangular.ForwardSubstitution.0.NumStability.forwardSub_row_tight._proof_1_10;_private.NumStability.Algorithms.LinearSystems.Triangular.ForwardSubstitution.0.NumStability.forwardSub_row_tight._proof_1_11;_private.NumStability.Algorithms.LinearSystems.Triangular.ForwardSubstitution.0.NumStability.forwardSub_row_tight._proof_1_12;_private.NumStability.Algorithms.LinearSystems.Triangular.ForwardSubstitution.0.NumStability.forwardSub_row_tight._proof_1_13;_private.NumStability.Algorithms.LinearSystems.Triangular.ForwardSubstitution.0.NumStability.forwardSub_row_tight._proof_1_16;_private.NumStability.Algorithms.LinearSystems.Triangular.ForwardSubstitution.0.NumStability.forwardSub_row_tight._proof_1_17;_private.NumStability.Algorithms.LinearSystems.Triangular.ForwardSubstitution.0.NumStability.forwardSub_row_tight._proof_1_18;_private.NumStability.Algorithms.LinearSystems.Triangular.ForwardSubstitution.0.NumStability.forwardSub_row_tight._proof_1_19;_private.NumStability.Algorithms.LinearSystems.Triangular.ForwardSubstitution.0.NumStability.forwardSub_row_tight._proof_1_2;_private.NumStability.Algorithms.LinearSystems.Triangular.ForwardSubstitution.0.NumStability.forwardSub_row_tight._proof_1_21;_private.NumStability.Algorithms.LinearSystems.Triangular.ForwardSubstitution.0.NumStability.forwardSub_row_tight._proof_1_22;_private.NumStability.Algorithms.LinearSystems.Triangular.ForwardSubstitution.0.NumStability.forwardSub_row_tight._proof_1_24;_private.NumStability.Algorithms.LinearSystems.Triangular.ForwardSubstitution.0.NumStability.forwardSub_row_tight._proof_1_25;_private.NumStability.Algorithms.LinearSystems.Triangular.ForwardSubstitution.0.NumStability.forwardSub_row_tight._proof_1_26;_private.NumStability.Algorithms.LinearSystems.Triangular.ForwardSubstitution.0.NumStability.forwardSub_row_tight._simp_1_14;_private.NumStability.Algorithms.LinearSystems.Triangular.ForwardSubstitution.0.NumStability.forwardSub_row_tight._simp_1_15;_private.NumStability.Algorithms.LinearSystems.Triangular.ForwardSubstitution.0.NumStability.forwardSub_row_tight._simp_1_20;_private.NumStability.Algorithms.LinearSystems.Triangular.ForwardSubstitution.0.NumStability.forwardSub_row_tight._simp_1_23,NumStability.FPModel;NumStability.fl_forwardSub;NumStability.forwardSub_backward_error;NumStability.gamma;NumStability.gammaValid,NumStability.forwardSub_backward_error,NumStability.forwardSub_backward_error,NumStability.forwardSub_backward_error,NumStability.forwardSub_backward_error,NumStability.FPModel;NumStability.fl_forwardSub;NumStability.fl_forwardSub_steps;NumStability.forwardSub_backward_error;NumStability.gamma;NumStability.gammaValid,measurements/runs/results-r11/pairs/P26-T1-rep-01/condition-L/accepted_proof.lean,measurements/runs/results-r11/pairs/P26-T1-rep-01/condition-L/attempt.json
P26-T1,T1,P26-T1-rep-02,N,results-r11,True,46e34eaa4c8cd4a0442521fb7a03082d14c4a7e40b5d968eaa8c5cb71b6eb150,fa6774c9d77e81cd395c2c97e1f622e7fa22d6131f03829c0dbd10761130d0fc,0,0,0,0,0,0,0,0,1,0,0,0,1503.030349,3256815,0,0,0,0,True,551,57,,,NumStability.forwardSub_backward_error,,NumStability.forwardSub_backward_error,,,measurements/runs/results-r11/pairs/P26-T1-rep-02/condition-N/accepted_proof.lean,measurements/runs/results-r11/pairs/P26-T1-rep-02/condition-N/attempt.json
P26-T1,T1,P26-T1-rep-02,L,results-r11,True,5df1c0d88535a3b9e4db538d2873b715fffaa0da9d2bd9aad9c33bb7efadcd59,d8c063fe29684b44a9a7de1e6ad3173216a52f34f70ff273b2e7e9a98003ad0b,1,8,6,6,75,5,9,4,1,1,1,2,425.56088,1362167,29,1,1,2,True,169,73,NumStability.FPModel;NumStability.FPModel.fl_div;NumStability.FPModel.fl_mul;NumStability.FPModel.fl_sub;NumStability.FPModel.mk;NumStability.FPModel.model_div;NumStability.FPModel.model_mul;NumStability.FPModel.model_sub;NumStability.FPModel.u;NumStability.FPModel.u_nonneg;NumStability.fl_forwardSub;NumStability.fl_forwardSub_steps;NumStability.fl_forwardSub_steps._proof_1;NumStability.fl_forwardSub_steps._proof_2;NumStability.fl_forwardSub_steps._proof_3;NumStability.fl_forwardSub_steps._proof_4;NumStability.fl_forwardSub_steps.congr_simp;NumStability.fl_forwardSub_steps.eq_def;NumStability.fl_forwardSub_steps.match_1;NumStability.fl_sub_fold_unroll;NumStability.fl_sub_fold_unroll._proof_1_1;NumStability.fl_sub_fold_unroll._proof_1_2;NumStability.fl_sub_fold_unroll._simp_1_3;NumStability.forwardSub_backward_error;NumStability.forwardSub_backward_error._proof_1_4;NumStability.forwardSub_backward_error._simp_1_1;NumStability.forwardSub_backward_error._simp_1_2;NumStability.forwardSub_backward_error._simp_1_3;NumStability.gamma;NumStability.gammaValid;NumStability.gammaValid_mono;NumStability.gamma_mono;NumStability.gamma_mul;NumStability.gamma_nonneg;NumStability.inv_prod_error_bound;NumStability.inv_prod_error_bound._proof_1_1;NumStability.prod_pos_of_u_bound;NumStability.u_le_gamma;_private.NumStability.Algorithms.LinearSystems.Triangular.ForwardSubstitution.0.NumStability.fl_forwardSub_at_row;_private.NumStability.Algorithms.LinearSystems.Triangular.ForwardSubstitution.0.NumStability.fl_forwardSub_at_row._proof_1;_private.NumStability.Algorithms.LinearSystems.Triangular.ForwardSubstitution.0.NumStability.fl_forwardSub_at_row._proof_1_1;_private.NumStability.Algorithms.LinearSystems.Triangular.ForwardSubstitution.0.NumStability.fl_forwardSub_at_row._proof_1_2;_private.NumStability.Algorithms.LinearSystems.Triangular.ForwardSubstitution.0.NumStability.fl_forwardSub_at_row._proof_1_3;_private.NumStability.Algorithms.LinearSystems.Triangular.ForwardSubstitution.0.NumStability.fl_forwardSub_steps.match_1.splitter;_private.NumStability.Algorithms.LinearSystems.Triangular.ForwardSubstitution.0.NumStability.fl_forwardSub_steps_at_row;_private.NumStability.Algorithms.LinearSystems.Triangular.ForwardSubstitution.0.NumStability.fl_forwardSub_steps_at_row._proof_1;_private.NumStability.Algorithms.LinearSystems.Triangular.ForwardSubstitution.0.NumStability.fl_forwardSub_steps_at_row._proof_1_4;_private.NumStability.Algorithms.LinearSystems.Triangular.ForwardSubstitution.0.NumStability.fl_forwardSub_steps_at_row._proof_1_5;_private.NumStability.Algorithms.LinearSystems.Triangular.ForwardSubstitution.0.NumStability.fl_forwardSub_steps_at_row._proof_1_6;_private.NumStability.Algorithms.LinearSystems.Triangular.ForwardSubstitution.0.NumStability.fl_forwardSub_steps_decompose;_private.NumStability.Algorithms.LinearSystems.Triangular.ForwardSubstitution.0.NumStability.fl_forwardSub_steps_decompose._proof_1_1;_private.NumStability.Algorithms.LinearSystems.Triangular.ForwardSubstitution.0.NumStability.fl_forwardSub_steps_decompose._proof_1_5;_private.NumStability.Algorithms.LinearSystems.Triangular.ForwardSubstitution.0.NumStability.fl_forwardSub_steps_stable;_private.NumStability.Algorithms.LinearSystems.Triangular.ForwardSubstitution.0.NumStability.fl_forwardSub_steps_stable._proof_1_2;_private.NumStability.Algorithms.LinearSystems.Triangular.ForwardSubstitution.0.NumStability.fl_forwardSub_steps_stable._proof_1_3;_private.NumStability.Algorithms.LinearSystems.Triangular.ForwardSubstitution.0.NumStability.forwardSub_row_tight;_private.NumStability.Algorithms.LinearSystems.Triangular.ForwardSubstitution.0.NumStability.forwardSub_row_tight._proof_1_1;_private.NumStability.Algorithms.LinearSystems.Triangular.ForwardSubstitution.0.NumStability.forwardSub_row_tight._proof_1_10;_private.NumStability.Algorithms.LinearSystems.Triangular.ForwardSubstitution.0.NumStability.forwardSub_row_tight._proof_1_11;_private.NumStability.Algorithms.LinearSystems.Triangular.ForwardSubstitution.0.NumStability.forwardSub_row_tight._proof_1_12;_private.NumStability.Algorithms.LinearSystems.Triangular.ForwardSubstitution.0.NumStability.forwardSub_row_tight._proof_1_13;_private.NumStability.Algorithms.LinearSystems.Triangular.ForwardSubstitution.0.NumStability.forwardSub_row_tight._proof_1_16;_private.NumStability.Algorithms.LinearSystems.Triangular.ForwardSubstitution.0.NumStability.forwardSub_row_tight._proof_1_17;_private.NumStability.Algorithms.LinearSystems.Triangular.ForwardSubstitution.0.NumStability.forwardSub_row_tight._proof_1_18;_private.NumStability.Algorithms.LinearSystems.Triangular.ForwardSubstitution.0.NumStability.forwardSub_row_tight._proof_1_19;_private.NumStability.Algorithms.LinearSystems.Triangular.ForwardSubstitution.0.NumStability.forwardSub_row_tight._proof_1_2;_private.NumStability.Algorithms.LinearSystems.Triangular.ForwardSubstitution.0.NumStability.forwardSub_row_tight._proof_1_21;_private.NumStability.Algorithms.LinearSystems.Triangular.ForwardSubstitution.0.NumStability.forwardSub_row_tight._proof_1_22;_private.NumStability.Algorithms.LinearSystems.Triangular.ForwardSubstitution.0.NumStability.forwardSub_row_tight._proof_1_24;_private.NumStability.Algorithms.LinearSystems.Triangular.ForwardSubstitution.0.NumStability.forwardSub_row_tight._proof_1_25;_private.NumStability.Algorithms.LinearSystems.Triangular.ForwardSubstitution.0.NumStability.forwardSub_row_tight._proof_1_26;_private.NumStability.Algorithms.LinearSystems.Triangular.ForwardSubstitution.0.NumStability.forwardSub_row_tight._simp_1_14;_private.NumStability.Algorithms.LinearSystems.Triangular.ForwardSubstitution.0.NumStability.forwardSub_row_tight._simp_1_15;_private.NumStability.Algorithms.LinearSystems.Triangular.ForwardSubstitution.0.NumStability.forwardSub_row_tight._simp_1_20;_private.NumStability.Algorithms.LinearSystems.Triangular.ForwardSubstitution.0.NumStability.forwardSub_row_tight._simp_1_23,NumStability.FPModel;NumStability.fl_forwardSub;NumStability.forwardSub_backward_error;NumStability.gamma;NumStability.gammaValid,NumStability.forwardSub_backward_error,NumStability.forwardSub_backward_error,NumStability.forwardSub_backward_error,NumStability.forwardSub_backward_error,NumStability.FPModel;NumStability.fl_forwardSub;NumStability.fl_forwardSub_steps;NumStability.forwardSub_backward_error;NumStability.gamma;NumStability.gammaValid,measurements/runs/results-r11/pairs/P26-T1-rep-02/condition-L/accepted_proof.lean,measurements/runs/results-r11/pairs/P26-T1-rep-02/condition-L/attempt.json
P26-T1,T1,P26-T1-rep-03,N,results-r11,True,16d5321c1b246b1a0c2e7c3a84ccd2180648c1da2ff0db8eaa34ef9c5d64d0c5,1af81fda3bd5335ab19ac2a7c6c0facc34d8429bda1c48ceed9efacd9c2e695e,0,0,0,0,0,0,0,0,1,0,0,0,1392.508659,2283020,0,0,0,0,True,536,93,,,NumStability.forwardSub_backward_error,,NumStability.forwardSub_backward_error,,,measurements/runs/results-r11/pairs/P26-T1-rep-03/condition-N/accepted_proof.lean,measurements/runs/results-r11/pairs/P26-T1-rep-03/condition-N/attempt.json
P26-T1,T1,P26-T1-rep-03,L,results-r11,True,8ec6a14dedfc11433eed14f0d3291988b738e8d6c2de80442f5c71639911ddc4,dd8222390ed7111a3dffd0a30950d26a8ae8ae0d34b709ce204058e2e0a75938,1,8,6,6,75,4,10,4,1,1,1,2,383.338331,523008,29,1,1,2,True,193,87,NumStability.FPModel;NumStability.FPModel.fl_div;NumStability.FPModel.fl_mul;NumStability.FPModel.fl_sub;NumStability.FPModel.mk;NumStability.FPModel.model_div;NumStability.FPModel.model_mul;NumStability.FPModel.model_sub;NumStability.FPModel.u;NumStability.FPModel.u_nonneg;NumStability.fl_forwardSub;NumStability.fl_forwardSub_steps;NumStability.fl_forwardSub_steps._proof_1;NumStability.fl_forwardSub_steps._proof_2;NumStability.fl_forwardSub_steps._proof_3;NumStability.fl_forwardSub_steps._proof_4;NumStability.fl_forwardSub_steps.congr_simp;NumStability.fl_forwardSub_steps.eq_def;NumStability.fl_forwardSub_steps.match_1;NumStability.fl_sub_fold_unroll;NumStability.fl_sub_fold_unroll._proof_1_1;NumStability.fl_sub_fold_unroll._proof_1_2;NumStability.fl_sub_fold_unroll._simp_1_3;NumStability.forwardSub_backward_error;NumStability.forwardSub_backward_error._proof_1_4;NumStability.forwardSub_backward_error._simp_1_1;NumStability.forwardSub_backward_error._simp_1_2;NumStability.forwardSub_backward_error._simp_1_3;NumStability.gamma;NumStability.gammaValid;NumStability.gammaValid_mono;NumStability.gamma_mono;NumStability.gamma_mul;NumStability.gamma_nonneg;NumStability.inv_prod_error_bound;NumStability.inv_prod_error_bound._proof_1_1;NumStability.prod_pos_of_u_bound;NumStability.u_le_gamma;_private.NumStability.Algorithms.LinearSystems.Triangular.ForwardSubstitution.0.NumStability.fl_forwardSub_at_row;_private.NumStability.Algorithms.LinearSystems.Triangular.ForwardSubstitution.0.NumStability.fl_forwardSub_at_row._proof_1;_private.NumStability.Algorithms.LinearSystems.Triangular.ForwardSubstitution.0.NumStability.fl_forwardSub_at_row._proof_1_1;_private.NumStability.Algorithms.LinearSystems.Triangular.ForwardSubstitution.0.NumStability.fl_forwardSub_at_row._proof_1_2;_private.NumStability.Algorithms.LinearSystems.Triangular.ForwardSubstitution.0.NumStability.fl_forwardSub_at_row._proof_1_3;_private.NumStability.Algorithms.LinearSystems.Triangular.ForwardSubstitution.0.NumStability.fl_forwardSub_steps.match_1.splitter;_private.NumStability.Algorithms.LinearSystems.Triangular.ForwardSubstitution.0.NumStability.fl_forwardSub_steps_at_row;_private.NumStability.Algorithms.LinearSystems.Triangular.ForwardSubstitution.0.NumStability.fl_forwardSub_steps_at_row._proof_1;_private.NumStability.Algorithms.LinearSystems.Triangular.ForwardSubstitution.0.NumStability.fl_forwardSub_steps_at_row._proof_1_4;_private.NumStability.Algorithms.LinearSystems.Triangular.ForwardSubstitution.0.NumStability.fl_forwardSub_steps_at_row._proof_1_5;_private.NumStability.Algorithms.LinearSystems.Triangular.ForwardSubstitution.0.NumStability.fl_forwardSub_steps_at_row._proof_1_6;_private.NumStability.Algorithms.LinearSystems.Triangular.ForwardSubstitution.0.NumStability.fl_forwardSub_steps_decompose;_private.NumStability.Algorithms.LinearSystems.Triangular.ForwardSubstitution.0.NumStability.fl_forwardSub_steps_decompose._proof_1_1;_private.NumStability.Algorithms.LinearSystems.Triangular.ForwardSubstitution.0.NumStability.fl_forwardSub_steps_decompose._proof_1_5;_private.NumStability.Algorithms.LinearSystems.Triangular.ForwardSubstitution.0.NumStability.fl_forwardSub_steps_stable;_private.NumStability.Algorithms.LinearSystems.Triangular.ForwardSubstitution.0.NumStability.fl_forwardSub_steps_stable._proof_1_2;_private.NumStability.Algorithms.LinearSystems.Triangular.ForwardSubstitution.0.NumStability.fl_forwardSub_steps_stable._proof_1_3;_private.NumStability.Algorithms.LinearSystems.Triangular.ForwardSubstitution.0.NumStability.forwardSub_row_tight;_private.NumStability.Algorithms.LinearSystems.Triangular.ForwardSubstitution.0.NumStability.forwardSub_row_tight._proof_1_1;_private.NumStability.Algorithms.LinearSystems.Triangular.ForwardSubstitution.0.NumStability.forwardSub_row_tight._proof_1_10;_private.NumStability.Algorithms.LinearSystems.Triangular.ForwardSubstitution.0.NumStability.forwardSub_row_tight._proof_1_11;_private.NumStability.Algorithms.LinearSystems.Triangular.ForwardSubstitution.0.NumStability.forwardSub_row_tight._proof_1_12;_private.NumStability.Algorithms.LinearSystems.Triangular.ForwardSubstitution.0.NumStability.forwardSub_row_tight._proof_1_13;_private.NumStability.Algorithms.LinearSystems.Triangular.ForwardSubstitution.0.NumStability.forwardSub_row_tight._proof_1_16;_private.NumStability.Algorithms.LinearSystems.Triangular.ForwardSubstitution.0.NumStability.forwardSub_row_tight._proof_1_17;_private.NumStability.Algorithms.LinearSystems.Triangular.ForwardSubstitution.0.NumStability.forwardSub_row_tight._proof_1_18;_private.NumStability.Algorithms.LinearSystems.Triangular.ForwardSubstitution.0.NumStability.forwardSub_row_tight._proof_1_19;_private.NumStability.Algorithms.LinearSystems.Triangular.ForwardSubstitution.0.NumStability.forwardSub_row_tight._proof_1_2;_private.NumStability.Algorithms.LinearSystems.Triangular.ForwardSubstitution.0.NumStability.forwardSub_row_tight._proof_1_21;_private.NumStability.Algorithms.LinearSystems.Triangular.ForwardSubstitution.0.NumStability.forwardSub_row_tight._proof_1_22;_private.NumStability.Algorithms.LinearSystems.Triangular.ForwardSubstitution.0.NumStability.forwardSub_row_tight._proof_1_24;_private.NumStability.Algorithms.LinearSystems.Triangular.ForwardSubstitution.0.NumStability.forwardSub_row_tight._proof_1_25;_private.NumStability.Algorithms.LinearSystems.Triangular.ForwardSubstitution.0.NumStability.forwardSub_row_tight._proof_1_26;_private.NumStability.Algorithms.LinearSystems.Triangular.ForwardSubstitution.0.NumStability.forwardSub_row_tight._simp_1_14;_private.NumStability.Algorithms.LinearSystems.Triangular.ForwardSubstitution.0.NumStability.forwardSub_row_tight._simp_1_15;_private.NumStability.Algorithms.LinearSystems.Triangular.ForwardSubstitution.0.NumStability.forwardSub_row_tight._simp_1_20;_private.NumStability.Algorithms.LinearSystems.Triangular.ForwardSubstitution.0.NumStability.forwardSub_row_tight._simp_1_23,NumStability.fl_forwardSub;NumStability.forwardSub_backward_error;NumStability.gamma;NumStability.gammaValid,NumStability.forwardSub_backward_error,NumStability.forwardSub_backward_error,NumStability.forwardSub_backward_error,NumStability.forwardSub_backward_error,NumStability.FPModel;NumStability.fl_forwardSub;NumStability.fl_forwardSub_steps;NumStability.forwardSub_backward_error;NumStability.gamma;NumStability.gammaValid,measurements/runs/results-r11/pairs/P26-T1-rep-03/condition-L/accepted_proof.lean,measurements/runs/results-r11/pairs/P26-T1-rep-03/condition-L/attempt.json
P28-T1,T1,P28-T1-rep-01,N,results-r11,True,b5d210efda7abd2786c99b037557fa6d5d9b30c00cd457be48c92818b55b13cc,f741a71d35516880b1ee37b39d24d4bcaf1612e36fa73f2c9ed8de69199b7818,0,0,0,0,0,0,0,0,1,0,0,0,714.601266,1162529,0,0,0,0,True,277,47,,,NumStability.matMul_error_bound,,NumStability.dotProduct_error_bound;NumStability.matMul_error_bound,,,measurements/runs/results-r11/pairs/P28-T1-rep-01/condition-N/accepted_proof.lean,measurements/runs/results-r11/pairs/P28-T1-rep-01/condition-N/attempt.json
P28-T1,T1,P28-T1-rep-01,L,results-r11,True,1f856936b3e39704e333f69a5049f684112efa626ca0f77c624077a21ace6442,e4c044121aed74ee30bcbc7bec16521204415e0aeddd10374af69c1f89540629,1,5,5,5,21,0,0,4,1,0,0,1,168.999133,279182,17,1,1,2,True,114,53,NumStability.FPModel;NumStability.FPModel.fl_add;NumStability.FPModel.fl_mul;NumStability.FPModel.mk;NumStability.FPModel.model_add;NumStability.FPModel.model_mul;NumStability.FPModel.u;NumStability.FPModel.u_nonneg;NumStability.dotProduct_error_bound;NumStability.dotProduct_error_bound._proof_1_4;NumStability.fl_dotProduct;NumStability.fl_dotProduct._proof_1;NumStability.fl_dotProduct.match_1;NumStability.fl_sum_error_init;NumStability.fl_sum_error_init._proof_1_1;NumStability.gamma;NumStability.gammaValid;NumStability.gammaValid_mono;NumStability.gamma_mono;NumStability.gamma_mul;NumStability.u_le_gamma,,NumStability.matMul_error_bound,,NumStability.dotProduct_error_bound;NumStability.matMul_error_bound,NumStability.dotProduct_error_bound,NumStability.FPModel;NumStability.dotProduct_error_bound;NumStability.fl_dotProduct;NumStability.gamma;NumStability.gammaValid,measurements/runs/results-r11/pairs/P28-T1-rep-01/condition-L/accepted_proof.lean,measurements/runs/results-r11/pairs/P28-T1-rep-01/condition-L/attempt.json
P28-T1,T1,P28-T1-rep-02,N,results-r11,True,863bbc7d713db993e0c11033bb7ed79ee875e336d7dd5922d715993427ca3642,c7f07de5ac4300d0be077f85c1aac4319c77c82c6f18b7240cfbad6ef4cdb1ca,0,0,0,0,0,0,0,0,1,0,0,0,842.95914,1023361,0,0,0,0,True,265,58,,,NumStability.matMul_error_bound,,NumStability.dotProduct_error_bound;NumStability.matMul_error_bound,,,measurements/runs/results-r11/pairs/P28-T1-rep-02/condition-N/accepted_proof.lean,measurements/runs/results-r11/pairs/P28-T1-rep-02/condition-N/attempt.json
P28-T1,T1,P28-T1-rep-02,L,results-r11,True,ac217ac143962e832b2ae79ff78d9bf1528c6e92827a10d834b9e661dcf48df3,3aee4a309cae22a1ea69d5d39aef94b55b7dedc61ed4706e68e80c1128e8e692,1,6,5,5,21,0,2,4,1,0,0,1,177.736483,396654,17,1,1,2,True,114,59,NumStability.FPModel;NumStability.FPModel.fl_add;NumStability.FPModel.fl_mul;NumStability.FPModel.mk;NumStability.FPModel.model_add;NumStability.FPModel.model_mul;NumStability.FPModel.u;NumStability.FPModel.u_nonneg;NumStability.dotProduct_error_bound;NumStability.dotProduct_error_bound._proof_1_4;NumStability.fl_dotProduct;NumStability.fl_dotProduct._proof_1;NumStability.fl_dotProduct.match_1;NumStability.fl_sum_error_init;NumStability.fl_sum_error_init._proof_1_1;NumStability.gamma;NumStability.gammaValid;NumStability.gammaValid_mono;NumStability.gamma_mono;NumStability.gamma_mul;NumStability.u_le_gamma,,NumStability.matMul_error_bound,,NumStability.dotProduct_error_bound;NumStability.matMul_error_bound,NumStability.dotProduct_error_bound,NumStability.FPModel;NumStability.dotProduct_error_bound;NumStability.fl_dotProduct;NumStability.gamma;NumStability.gammaValid,measurements/runs/results-r11/pairs/P28-T1-rep-02/condition-L/accepted_proof.lean,measurements/runs/results-r11/pairs/P28-T1-rep-02/condition-L/attempt.json
P28-T1,T1,P28-T1-rep-03,N,results-r11,True,37c5439af81a3b2e7a8e11a45a924a0cf5211761a800017296101263571fb6f4,717aebf2038d95c05257e89e7a6f282a22289c3c6a5a995dd5e700afabc300e7,0,0,0,0,0,0,0,0,1,0,0,0,620.760928,829827,0,0,0,0,True,237,67,,,NumStability.matMul_error_bound,,NumStability.dotProduct_error_bound;NumStability.matMul_error_bound,,,measurements/runs/results-r11/pairs/P28-T1-rep-03/condition-N/accepted_proof.lean,measurements/runs/results-r11/pairs/P28-T1-rep-03/condition-N/attempt.json
P28-T1,T1,P28-T1-rep-03,L,results-r11,True,46b1bce5ee3fa2fae0b6fdf33e44b3a83ef364dd1f6dfb312513a78f7c8fdc01,cc189a04fa5ed3883c38006a0f52c82a6b6e359dbaef0575f6c349e6f2d2265b,1,5,5,5,21,0,1,4,1,0,0,1,146.807321,255863,17,1,1,2,True,107,58,NumStability.FPModel;NumStability.FPModel.fl_add;NumStability.FPModel.fl_mul;NumStability.FPModel.mk;NumStability.FPModel.model_add;NumStability.FPModel.model_mul;NumStability.FPModel.u;NumStability.FPModel.u_nonneg;NumStability.dotProduct_error_bound;NumStability.dotProduct_error_bound._proof_1_4;NumStability.fl_dotProduct;NumStability.fl_dotProduct._proof_1;NumStability.fl_dotProduct.match_1;NumStability.fl_sum_error_init;NumStability.fl_sum_error_init._proof_1_1;NumStability.gamma;NumStability.gammaValid;NumStability.gammaValid_mono;NumStability.gamma_mono;NumStability.gamma_mul;NumStability.u_le_gamma,,NumStability.matMul_error_bound,,NumStability.dotProduct_error_bound;NumStability.matMul_error_bound,NumStability.dotProduct_error_bound,NumStability.FPModel;NumStability.dotProduct_error_bound;NumStability.fl_dotProduct;NumStability.gamma;NumStability.gammaValid,measurements/runs/results-r11/pairs/P28-T1-rep-03/condition-L/accepted_proof.lean,measurements/runs/results-r11/pairs/P28-T1-rep-03/condition-L/attempt.json
P29-T1,T1,P29-T1-rep-01,N,results-r11,True,c03fc876b237fa151cb5abea67fb3143392a4ad63a1a75440006cb62efc755d3,7b147e0333273518b6d130e92047646e04eadf8fefecd4f54a9cbaf55a86cfcc,0,0,0,0,0,0,0,0,1,0,0,0,518.063283,234149,0,0,0,0,True,243,24,,,NumStability.matMul_error_bound,,NumStability.dotProduct_error_bound;NumStability.matMul_error_bound,,,measurements/runs/results-r11/pairs/P29-T1-rep-01/condition-N/accepted_proof.lean,measurements/runs/results-r11/pairs/P29-T1-rep-01/condition-N/attempt.json
P29-T1,T1,P29-T1-rep-01,L,results-r11,True,f0b4d11c3e5e6da70be23e0851f37f1a54d44010936cd303a47c2d410a700652,e62991e0ed46d173ee74fa30d8f9576cf88223ed484311987faa703243833c01,1,4,4,4,21,1,14,4,1,0,0,1,161.943062,353753,17,1,1,2,True,70,34,NumStability.FPModel;NumStability.FPModel.fl_add;NumStability.FPModel.fl_mul;NumStability.FPModel.mk;NumStability.FPModel.model_add;NumStability.FPModel.model_mul;NumStability.FPModel.u;NumStability.FPModel.u_nonneg;NumStability.dotProduct_error_bound;NumStability.dotProduct_error_bound._proof_1_4;NumStability.fl_dotProduct;NumStability.fl_dotProduct._proof_1;NumStability.fl_dotProduct.match_1;NumStability.fl_sum_error_init;NumStability.fl_sum_error_init._proof_1_1;NumStability.gamma;NumStability.gammaValid;NumStability.gammaValid_mono;NumStability.gamma_mono;NumStability.gamma_mul;NumStability.u_le_gamma,NumStability.dotProduct_error_bound,NumStability.matMul_error_bound,,NumStability.dotProduct_error_bound;NumStability.matMul_error_bound,NumStability.dotProduct_error_bound,NumStability.FPModel;NumStability.dotProduct_error_bound;NumStability.gamma;NumStability.gammaValid,measurements/runs/results-r11/pairs/P29-T1-rep-01/condition-L/accepted_proof.lean,measurements/runs/results-r11/pairs/P29-T1-rep-01/condition-L/attempt.json
P29-T1,T1,P29-T1-rep-02,N,results-r11,True,1b3e0e7602334cbcd3fe9aaac079bd6aa94ee660ae2440b0ad8b132d042f404d,95ebca4af0f59859b49fdadfdb9387017c18fd23e7bdec22df18f330fbbe050f,0,0,0,0,0,0,0,0,1,0,0,0,758.254779,1529245,0,0,0,0,True,231,32,,,NumStability.matMul_error_bound,,NumStability.dotProduct_error_bound;NumStability.matMul_error_bound,,,measurements/runs/results-r11/pairs/P29-T1-rep-02/condition-N/accepted_proof.lean,measurements/runs/results-r11/pairs/P29-T1-rep-02/condition-N/attempt.json
P29-T1,T1,P29-T1-rep-02,L,results-r11,True,157fdd885b6b59ea2d4cc4a811899bf00670aa83216daab54732605ad5bc5283,712e362756e2b33c68bda288b43ba4db01d2dbde1d8ec675bd26766d1117ab30,1,6,5,5,21,6,11,4,1,0,0,1,174.338401,338651,17,1,1,2,True,80,41,NumStability.FPModel;NumStability.FPModel.fl_add;NumStability.FPModel.fl_mul;NumStability.FPModel.mk;NumStability.FPModel.model_add;NumStability.FPModel.model_mul;NumStability.FPModel.u;NumStability.FPModel.u_nonneg;NumStability.dotProduct_error_bound;NumStability.dotProduct_error_bound._proof_1_4;NumStability.fl_dotProduct;NumStability.fl_dotProduct._proof_1;NumStability.fl_dotProduct.match_1;NumStability.fl_sum_error_init;NumStability.fl_sum_error_init._proof_1_1;NumStability.gamma;NumStability.gammaValid;NumStability.gammaValid_mono;NumStability.gamma_mono;NumStability.gamma_mul;NumStability.u_le_gamma,NumStability.dotProduct_error_bound;NumStability.fl_dotProduct;NumStability.fl_dotProduct._proof_1;NumStability.fl_dotProduct.match_1;NumStability.gamma;NumStability.gammaValid,NumStability.matMul_error_bound,,NumStability.dotProduct_error_bound;NumStability.matMul_error_bound,NumStability.dotProduct_error_bound,NumStability.FPModel;NumStability.dotProduct_error_bound;NumStability.fl_dotProduct;NumStability.gamma;NumStability.gammaValid,measurements/runs/results-r11/pairs/P29-T1-rep-02/condition-L/accepted_proof.lean,measurements/runs/results-r11/pairs/P29-T1-rep-02/condition-L/attempt.json
P29-T1,T1,P29-T1-rep-03,N,results-r11,True,0a7f1865f651216650aecd24c4a560fb4c9f1898ed244960b2ffa2b81fbc794e,456b25db722de5816d946a0de7bb69999acb5be5adf04ba128b4bbc30100c171,0,0,0,0,0,0,0,0,1,0,0,0,645.423192,518234,0,0,0,0,True,248,35,,,NumStability.matMul_error_bound,,NumStability.dotProduct_error_bound;NumStability.matMul_error_bound,,,measurements/runs/results-r11/pairs/P29-T1-rep-03/condition-N/accepted_proof.lean,measurements/runs/results-r11/pairs/P29-T1-rep-03/condition-N/attempt.json
P29-T1,T1,P29-T1-rep-03,L,results-r11,True,68dc30fe24cb645070b3cc3fae8612aa6d28cc74c0c095f0873a9cbefa879d5f,55b9e1701a9b7613bdfb6fbd10161b5666e84835de04d3efafe18e8dcd3bc0f7,1,6,5,5,21,2,13,4,1,0,0,1,110.135216,174559,17,1,1,2,True,72,32,NumStability.FPModel;NumStability.FPModel.fl_add;NumStability.FPModel.fl_mul;NumStability.FPModel.mk;NumStability.FPModel.model_add;NumStability.FPModel.model_mul;NumStability.FPModel.u;NumStability.FPModel.u_nonneg;NumStability.dotProduct_error_bound;NumStability.dotProduct_error_bound._proof_1_4;NumStability.fl_dotProduct;NumStability.fl_dotProduct._proof_1;NumStability.fl_dotProduct.match_1;NumStability.fl_sum_error_init;NumStability.fl_sum_error_init._proof_1_1;NumStability.gamma;NumStability.gammaValid;NumStability.gammaValid_mono;NumStability.gamma_mono;NumStability.gamma_mul;NumStability.u_le_gamma,NumStability.dotProduct_error_bound;NumStability.gammaValid,NumStability.matMul_error_bound,,NumStability.dotProduct_error_bound;NumStability.matMul_error_bound,NumStability.dotProduct_error_bound,NumStability.FPModel;NumStability.dotProduct_error_bound;NumStability.fl_dotProduct;NumStability.gamma;NumStability.gammaValid,measurements/runs/results-r11/pairs/P29-T1-rep-03/condition-L/accepted_proof.lean,measurements/runs/results-r11/pairs/P29-T1-rep-03/condition-L/attempt.json
P29-T2,T2,P29-T2-rep-01,N,results-r11,True,41a36748a45dc67e1104af44b75fe7037ab310b50254a5a6759a61bb7cf9f601,9c0ff326fd3619d0b287b6322e5b53201c50be2d54dd7e9514efe137ae996379,0,0,0,0,0,0,0,0,2,0,0,0,2459.358581,6195903,0,0,0,0,True,975,57,,,NumStability.backSub_backward_error;NumStability.forwardSub_backward_error,,NumStability.backSub_backward_error;NumStability.forwardSub_backward_error,,,measurements/runs/results-r11/pairs/P29-T2-rep-01/condition-N/accepted_proof.lean,measurements/runs/results-r11/pairs/P29-T2-rep-01/condition-N/attempt.json
P29-T2,T2,P29-T2-rep-01,L,results-r11,True,a8ff8b9e782589097d6610f93937184eda64eb02c633bcd7fa88f4a90d92395a,baa5f6df8735ad3f40d3641e49c4ba3d4f66b9f6bee57b9d7389f3df0175376d,3,15,13,13,136,8,20,6,2,2,2,3,642.41863,2138481,49,2,2,3,True,359,89,NumStability.FPModel;NumStability.FPModel.fl_div;NumStability.FPModel.fl_mul;NumStability.FPModel.fl_sub;NumStability.FPModel.mk;NumStability.FPModel.model_div;NumStability.FPModel.model_mul;NumStability.FPModel.model_sub;NumStability.FPModel.u;NumStability.FPModel.u_nonneg;NumStability.backSub_backward_error;NumStability.backSub_backward_error._proof_1_1;NumStability.backSub_backward_error._proof_1_5;NumStability.backSub_backward_error._simp_1_2;NumStability.backSub_backward_error._simp_1_3;NumStability.backSub_backward_error._simp_1_4;NumStability.backSub_row_tight;NumStability.backSub_row_tight._proof_1_1;NumStability.backSub_row_tight._proof_1_12;NumStability.backSub_row_tight._proof_1_13;NumStability.backSub_row_tight._proof_1_14;NumStability.backSub_row_tight._proof_1_15;NumStability.backSub_row_tight._proof_1_18;NumStability.backSub_row_tight._proof_1_19;NumStability.backSub_row_tight._proof_1_2;NumStability.backSub_row_tight._proof_1_20;NumStability.backSub_row_tight._proof_1_21;NumStability.backSub_row_tight._proof_1_22;NumStability.backSub_row_tight._proof_1_23;NumStability.backSub_row_tight._proof_1_25;NumStability.backSub_row_tight._proof_1_26;NumStability.backSub_row_tight._proof_1_27;NumStability.backSub_row_tight._proof_1_29;NumStability.backSub_row_tight._proof_1_3;NumStability.backSub_row_tight._proof_1_30;NumStability.backSub_row_tight._proof_1_31;NumStability.backSub_row_tight._proof_1_32;NumStability.backSub_row_tight._proof_1_33;NumStability.backSub_row_tight._proof_1_4;NumStability.backSub_row_tight._simp_1_16;NumStability.backSub_row_tight._simp_1_17;NumStability.backSub_row_tight._simp_1_24;NumStability.backSub_row_tight._simp_1_28;NumStability.fl_backSub;NumStability.fl_backSub_steps;NumStability.fl_backSub_steps._proof_1;NumStability.fl_backSub_steps._proof_3;NumStability.fl_backSub_steps.eq_2;NumStability.fl_backSub_steps.eq_def;NumStability.fl_backSub_steps.match_1;NumStability.fl_forwardSub;NumStability.fl_forwardSub_steps;NumStability.fl_forwardSub_steps._proof_1;NumStability.fl_forwardSub_steps._proof_2;NumStability.fl_forwardSub_steps._proof_3;NumStability.fl_forwardSub_steps._proof_4;NumStability.fl_forwardSub_steps.congr_simp;NumStability.fl_forwardSub_steps.eq_2;NumStability.fl_forwardSub_steps.eq_def;NumStability.fl_forwardSub_steps.match_1;NumStability.fl_sub_fold_unroll;NumStability.fl_sub_fold_unroll._proof_1_1;NumStability.fl_sub_fold_unroll._proof_1_2;NumStability.fl_sub_fold_unroll._simp_1_3;NumStability.forwardSub_backward_error;NumStability.forwardSub_backward_error._proof_1_4;NumStability.forwardSub_backward_error._simp_1_1;NumStability.forwardSub_backward_error._simp_1_2;NumStability.forwardSub_backward_error._simp_1_3;NumStability.gamma;NumStability.gammaValid;NumStability.gammaValid_mono;NumStability.gamma_mono;NumStability.gamma_mul;NumStability.gamma_nonneg;NumStability.higham11_15_aasenChainDeltaA;NumStability.higham11_15_aasenChainDeltaABound;NumStability.higham11_15_aasenChainDeltaABound._proof_1;NumStability.higham11_15_aasenChainDeltaA_abs_bound_gamma;NumStability.higham11_15_aasenChainDeltaA_abs_bound_of_entrywise;NumStability.higham11_15_aasenTripleTerm_abs_bound;NumStability.higham11_15_aasenTripleTerm_abs_bound_gamma;NumStability.inv_prod_error_bound;NumStability.inv_prod_error_bound._proof_1_1;NumStability.prod_pos_of_u_bound;NumStability.u_le_gamma;_private.NumStability.Algorithms.LinearSystems.Triangular.BackSubstitution.0.NumStability.fl_backSub_at_row;_private.NumStability.Algorithms.LinearSystems.Triangular.BackSubstitution.0.NumStability.fl_backSub_at_row._proof_1;_private.NumStability.Algorithms.LinearSystems.Triangular.BackSubstitution.0.NumStability.fl_backSub_at_row._proof_1_1;_private.NumStability.Algorithms.LinearSystems.Triangular.BackSubstitution.0.NumStability.fl_backSub_steps.match_1.splitter;_private.NumStability.Algorithms.LinearSystems.Triangular.BackSubstitution.0.NumStability.fl_backSub_steps_at_row;_private.NumStability.Algorithms.LinearSystems.Triangular.BackSubstitution.0.NumStability.fl_backSub_steps_at_row._proof_1_4;_private.NumStability.Algorithms.LinearSystems.Triangular.BackSubstitution.0.NumStability.fl_backSub_steps_at_row._proof_1_5;_private.NumStability.Algorithms.LinearSystems.Triangular.BackSubstitution.0.NumStability.fl_backSub_steps_decompose;_private.NumStability.Algorithms.LinearSystems.Triangular.BackSubstitution.0.NumStability.fl_backSub_steps_decompose._proof_1_1;_private.NumStability.Algorithms.LinearSystems.Triangular.BackSubstitution.0.NumStability.fl_backSub_steps_decompose._proof_1_5;_private.NumStability.Algorithms.LinearSystems.Triangular.BackSubstitution.0.NumStability.fl_backSub_steps_stable;_private.NumStability.Algorithms.LinearSystems.Triangular.BackSubstitution.0.NumStability.fl_backSub_steps_stable._proof_1_2;_private.NumStability.Algorithms.LinearSystems.Triangular.BackSubstitution.0.NumStability.fl_backSub_steps_stable._proof_1_3;_private.NumStability.Algorithms.LinearSystems.Triangular.ForwardSubstitution.0.NumStability.fl_forwardSub_at_row;_private.NumStability.Algorithms.LinearSystems.Triangular.ForwardSubstitution.0.NumStability.fl_forwardSub_at_row._proof_1;_private.NumStability.Algorithms.LinearSystems.Triangular.ForwardSubstitution.0.NumStability.fl_forwardSub_at_row._proof_1_1;_private.NumStability.Algorithms.LinearSystems.Triangular.ForwardSubstitution.0.NumStability.fl_forwardSub_at_row._proof_1_2;_private.NumStability.Algorithms.LinearSystems.Triangular.ForwardSubstitution.0.NumStability.fl_forwardSub_at_row._proof_1_3;_private.NumStability.Algorithms.LinearSystems.Triangular.ForwardSubstitution.0.NumStability.fl_forwardSub_steps.match_1.splitter;_private.NumStability.Algorithms.LinearSystems.Triangular.ForwardSubstitution.0.NumStability.fl_forwardSub_steps_at_row;_private.NumStability.Algorithms.LinearSystems.Triangular.ForwardSubstitution.0.NumStability.fl_forwardSub_steps_at_row._proof_1;_private.NumStability.Algorithms.LinearSystems.Triangular.ForwardSubstitution.0.NumStability.fl_forwardSub_steps_at_row._proof_1_4;_private.NumStability.Algorithms.LinearSystems.Triangular.ForwardSubstitution.0.NumStability.fl_forwardSub_steps_at_row._proof_1_5;_private.NumStability.Algorithms.LinearSystems.Triangular.ForwardSubstitution.0.NumStability.fl_forwardSub_steps_at_row._proof_1_6;_private.NumStability.Algorithms.LinearSystems.Triangular.ForwardSubstitution.0.NumStability.fl_forwardSub_steps_decompose;_private.NumStability.Algorithms.LinearSystems.Triangular.ForwardSubstitution.0.NumStability.fl_forwardSub_steps_decompose._proof_1_1;_private.NumStability.Algorithms.LinearSystems.Triangular.ForwardSubstitution.0.NumStability.fl_forwardSub_steps_decompose._proof_1_5;_private.NumStability.Algorithms.LinearSystems.Triangular.ForwardSubstitution.0.NumStability.fl_forwardSub_steps_stable;_private.NumStability.Algorithms.LinearSystems.Triangular.ForwardSubstitution.0.NumStability.fl_forwardSub_steps_stable._proof_1_2;_private.NumStability.Algorithms.LinearSystems.Triangular.ForwardSubstitution.0.NumStability.fl_forwardSub_steps_stable._proof_1_3;_private.NumStability.Algorithms.LinearSystems.Triangular.ForwardSubstitution.0.NumStability.forwardSub_row_tight;_private.NumStability.Algorithms.LinearSystems.Triangular.ForwardSubstitution.0.NumStability.forwardSub_row_tight._proof_1_1;_private.NumStability.Algorithms.LinearSystems.Triangular.ForwardSubstitution.0.NumStability.forwardSub_row_tight._proof_1_10;_private.NumStability.Algorithms.LinearSystems.Triangular.ForwardSubstitution.0.NumStability.forwardSub_row_tight._proof_1_11;_private.NumStability.Algorithms.LinearSystems.Triangular.ForwardSubstitution.0.NumStability.forwardSub_row_tight._proof_1_12;_private.NumStability.Algorithms.LinearSystems.Triangular.ForwardSubstitution.0.NumStability.forwardSub_row_tight._proof_1_13;_private.NumStability.Algorithms.LinearSystems.Triangular.ForwardSubstitution.0.NumStability.forwardSub_row_tight._proof_1_16;_private.NumStability.Algorithms.LinearSystems.Triangular.ForwardSubstitution.0.NumStability.forwardSub_row_tight._proof_1_17;_private.NumStability.Algorithms.LinearSystems.Triangular.ForwardSubstitution.0.NumStability.forwardSub_row_tight._proof_1_18;_private.NumStability.Algorithms.LinearSystems.Triangular.ForwardSubstitution.0.NumStability.forwardSub_row_tight._proof_1_19;_private.NumStability.Algorithms.LinearSystems.Triangular.ForwardSubstitution.0.NumStability.forwardSub_row_tight._proof_1_2;_private.NumStability.Algorithms.LinearSystems.Triangular.ForwardSubstitution.0.NumStability.forwardSub_row_tight._proof_1_21;_private.NumStability.Algorithms.LinearSystems.Triangular.ForwardSubstitution.0.NumStability.forwardSub_row_tight._proof_1_22;_private.NumStability.Algorithms.LinearSystems.Triangular.ForwardSubstitution.0.NumStability.forwardSub_row_tight._proof_1_24;_private.NumStability.Algorithms.LinearSystems.Triangular.ForwardSubstitution.0.NumStability.forwardSub_row_tight._proof_1_25;_private.NumStability.Algorithms.LinearSystems.Triangular.ForwardSubstitution.0.NumStability.forwardSub_row_tight._proof_1_26;_private.NumStability.Algorithms.LinearSystems.Triangular.ForwardSubstitution.0.NumStability.forwardSub_row_tight._simp_1_14;_private.NumStability.Algorithms.LinearSystems.Triangular.ForwardSubstitution.0.NumStability.forwardSub_row_tight._simp_1_15;_private.NumStability.Algorithms.LinearSystems.Triangular.ForwardSubstitution.0.NumStability.forwardSub_row_tight._simp_1_20;_private.NumStability.Algorithms.LinearSystems.Triangular.ForwardSubstitution.0.NumStability.forwardSub_row_tight._simp_1_23,NumStability.FPModel;NumStability.backSub_backward_error;NumStability.fl_backSub;NumStability.fl_forwardSub;NumStability.forwardSub_backward_error;NumStability.gamma;NumStability.gammaValid;NumStability.gamma_nonneg,NumStability.backSub_backward_error;NumStability.forwardSub_backward_error,NumStability.backSub_backward_error;NumStability.forwardSub_backward_error,NumStability.backSub_backward_error;NumStability.forwardSub_backward_error,NumStability.backSub_backward_error;NumStability.forwardSub_backward_error,NumStability.FPModel;NumStability.backSub_backward_error;NumStability.fl_backSub;NumStability.fl_backSub_steps;NumStability.fl_forwardSub;NumStability.fl_forwardSub_steps;NumStability.forwardSub_backward_error;NumStability.gamma;NumStability.gammaValid;NumStability.gamma_nonneg;NumStability.higham11_15_aasenChainDeltaA;NumStability.higham11_15_aasenChainDeltaABound;NumStability.higham11_15_aasenChainDeltaA_abs_bound_gamma,measurements/runs/results-r11/pairs/P29-T2-rep-01/condition-L/accepted_proof.lean,measurements/runs/results-r11/pairs/P29-T2-rep-01/condition-L/attempt.json
P29-T2,T2,P29-T2-rep-02,N,results-r11,True,77aa78b65d06046b33cccbb59e8e32db106bbbb354fa1b6799fbec0312efb90d,28553b753b2e30174e0fddf1cba3c9c369d23eff1f94a7f2c133bec5f82688de,0,0,0,0,0,0,0,0,2,0,0,0,2022.289695,6517645,0,0,0,0,True,1008,55,,,NumStability.backSub_backward_error;NumStability.forwardSub_backward_error,,NumStability.backSub_backward_error;NumStability.forwardSub_backward_error,,,measurements/runs/results-r11/pairs/P29-T2-rep-02/condition-N/accepted_proof.lean,measurements/runs/results-r11/pairs/P29-T2-rep-02/condition-N/attempt.json
P29-T2,T2,P29-T2-rep-02,L,results-r11,True,cb129a93bc7ccc111e79ad731b461c7fd3ac1f2edeaf084eeb7b01fbc0dc3644,93c4a60ad77164c949120b7ce1571c355195f86a90834707b92ce22267251b6b,2,13,10,10,127,7,18,5,2,2,2,3,837.652657,1580230,41,2,2,3,True,427,75,NumStability.FPModel;NumStability.FPModel.fl_div;NumStability.FPModel.fl_mul;NumStability.FPModel.fl_sub;NumStability.FPModel.mk;NumStability.FPModel.model_div;NumStability.FPModel.model_mul;NumStability.FPModel.model_sub;NumStability.FPModel.u;NumStability.FPModel.u_nonneg;NumStability.backSub_backward_error;NumStability.backSub_backward_error._proof_1_1;NumStability.backSub_backward_error._proof_1_5;NumStability.backSub_backward_error._simp_1_2;NumStability.backSub_backward_error._simp_1_3;NumStability.backSub_backward_error._simp_1_4;NumStability.backSub_row_tight;NumStability.backSub_row_tight._proof_1_1;NumStability.backSub_row_tight._proof_1_12;NumStability.backSub_row_tight._proof_1_13;NumStability.backSub_row_tight._proof_1_14;NumStability.backSub_row_tight._proof_1_15;NumStability.backSub_row_tight._proof_1_18;NumStability.backSub_row_tight._proof_1_19;NumStability.backSub_row_tight._proof_1_2;NumStability.backSub_row_tight._proof_1_20;NumStability.backSub_row_tight._proof_1_21;NumStability.backSub_row_tight._proof_1_22;NumStability.backSub_row_tight._proof_1_23;NumStability.backSub_row_tight._proof_1_25;NumStability.backSub_row_tight._proof_1_26;NumStability.backSub_row_tight._proof_1_27;NumStability.backSub_row_tight._proof_1_29;NumStability.backSub_row_tight._proof_1_3;NumStability.backSub_row_tight._proof_1_30;NumStability.backSub_row_tight._proof_1_31;NumStability.backSub_row_tight._proof_1_32;NumStability.backSub_row_tight._proof_1_33;NumStability.backSub_row_tight._proof_1_4;NumStability.backSub_row_tight._simp_1_16;NumStability.backSub_row_tight._simp_1_17;NumStability.backSub_row_tight._simp_1_24;NumStability.backSub_row_tight._simp_1_28;NumStability.fl_backSub;NumStability.fl_backSub_steps;NumStability.fl_backSub_steps._proof_1;NumStability.fl_backSub_steps._proof_3;NumStability.fl_backSub_steps.eq_def;NumStability.fl_backSub_steps.match_1;NumStability.fl_forwardSub;NumStability.fl_forwardSub_steps;NumStability.fl_forwardSub_steps._proof_1;NumStability.fl_forwardSub_steps._proof_2;NumStability.fl_forwardSub_steps._proof_3;NumStability.fl_forwardSub_steps._proof_4;NumStability.fl_forwardSub_steps.congr_simp;NumStability.fl_forwardSub_steps.eq_def;NumStability.fl_forwardSub_steps.match_1;NumStability.fl_sub_fold_unroll;NumStability.fl_sub_fold_unroll._proof_1_1;NumStability.fl_sub_fold_unroll._proof_1_2;NumStability.fl_sub_fold_unroll._simp_1_3;NumStability.forwardSub_backward_error;NumStability.forwardSub_backward_error._proof_1_4;NumStability.forwardSub_backward_error._simp_1_1;NumStability.forwardSub_backward_error._simp_1_2;NumStability.forwardSub_backward_error._simp_1_3;NumStability.gamma;NumStability.gammaValid;NumStability.gammaValid_mono;NumStability.gamma_mono;NumStability.gamma_mul;NumStability.gamma_nonneg;NumStability.inv_prod_error_bound;NumStability.inv_prod_error_bound._proof_1_1;NumStability.prod_pos_of_u_bound;NumStability.u_le_gamma;_private.NumStability.Algorithms.LinearSystems.Triangular.BackSubstitution.0.NumStability.fl_backSub_at_row;_private.NumStability.Algorithms.LinearSystems.Triangular.BackSubstitution.0.NumStability.fl_backSub_at_row._proof_1;_private.NumStability.Algorithms.LinearSystems.Triangular.BackSubstitution.0.NumStability.fl_backSub_at_row._proof_1_1;_private.NumStability.Algorithms.LinearSystems.Triangular.BackSubstitution.0.NumStability.fl_backSub_steps.match_1.splitter;_private.NumStability.Algorithms.LinearSystems.Triangular.BackSubstitution.0.NumStability.fl_backSub_steps_at_row;_private.NumStability.Algorithms.LinearSystems.Triangular.BackSubstitution.0.NumStability.fl_backSub_steps_at_row._proof_1_4;_private.NumStability.Algorithms.LinearSystems.Triangular.BackSubstitution.0.NumStability.fl_backSub_steps_at_row._proof_1_5;_private.NumStability.Algorithms.LinearSystems.Triangular.BackSubstitution.0.NumStability.fl_backSub_steps_decompose;_private.NumStability.Algorithms.LinearSystems.Triangular.BackSubstitution.0.NumStability.fl_backSub_steps_decompose._proof_1_1;_private.NumStability.Algorithms.LinearSystems.Triangular.BackSubstitution.0.NumStability.fl_backSub_steps_decompose._proof_1_5;_private.NumStability.Algorithms.LinearSystems.Triangular.BackSubstitution.0.NumStability.fl_backSub_steps_stable;_private.NumStability.Algorithms.LinearSystems.Triangular.BackSubstitution.0.NumStability.fl_backSub_steps_stable._proof_1_2;_private.NumStability.Algorithms.LinearSystems.Triangular.BackSubstitution.0.NumStability.fl_backSub_steps_stable._proof_1_3;_private.NumStability.Algorithms.LinearSystems.Triangular.ForwardSubstitution.0.NumStability.fl_forwardSub_at_row;_private.NumStability.Algorithms.LinearSystems.Triangular.ForwardSubstitution.0.NumStability.fl_forwardSub_at_row._proof_1;_private.NumStability.Algorithms.LinearSystems.Triangular.ForwardSubstitution.0.NumStability.fl_forwardSub_at_row._proof_1_1;_private.NumStability.Algorithms.LinearSystems.Triangular.ForwardSubstitution.0.NumStability.fl_forwardSub_at_row._proof_1_2;_private.NumStability.Algorithms.LinearSystems.Triangular.ForwardSubstitution.0.NumStability.fl_forwardSub_at_row._proof_1_3;_private.NumStability.Algorithms.LinearSystems.Triangular.ForwardSubstitution.0.NumStability.fl_forwardSub_steps.match_1.splitter;_private.NumStability.Algorithms.LinearSystems.Triangular.ForwardSubstitution.0.NumStability.fl_forwardSub_steps_at_row;_private.NumStability.Algorithms.LinearSystems.Triangular.ForwardSubstitution.0.NumStability.fl_forwardSub_steps_at_row._proof_1;_private.NumStability.Algorithms.LinearSystems.Triangular.ForwardSubstitution.0.NumStability.fl_forwardSub_steps_at_row._proof_1_4;_private.NumStability.Algorithms.LinearSystems.Triangular.ForwardSubstitution.0.NumStability.fl_forwardSub_steps_at_row._proof_1_5;_private.NumStability.Algorithms.LinearSystems.Triangular.ForwardSubstitution.0.NumStability.fl_forwardSub_steps_at_row._proof_1_6;_private.NumStability.Algorithms.LinearSystems.Triangular.ForwardSubstitution.0.NumStability.fl_forwardSub_steps_decompose;_private.NumStability.Algorithms.LinearSystems.Triangular.ForwardSubstitution.0.NumStability.fl_forwardSub_steps_decompose._proof_1_1;_private.NumStability.Algorithms.LinearSystems.Triangular.ForwardSubstitution.0.NumStability.fl_forwardSub_steps_decompose._proof_1_5;_private.NumStability.Algorithms.LinearSystems.Triangular.ForwardSubstitution.0.NumStability.fl_forwardSub_steps_stable;_private.NumStability.Algorithms.LinearSystems.Triangular.ForwardSubstitution.0.NumStability.fl_forwardSub_steps_stable._proof_1_2;_private.NumStability.Algorithms.LinearSystems.Triangular.ForwardSubstitution.0.NumStability.fl_forwardSub_steps_stable._proof_1_3;_private.NumStability.Algorithms.LinearSystems.Triangular.ForwardSubstitution.0.NumStability.forwardSub_row_tight;_private.NumStability.Algorithms.LinearSystems.Triangular.ForwardSubstitution.0.NumStability.forwardSub_row_tight._proof_1_1;_private.NumStability.Algorithms.LinearSystems.Triangular.ForwardSubstitution.0.NumStability.forwardSub_row_tight._proof_1_10;_private.NumStability.Algorithms.LinearSystems.Triangular.ForwardSubstitution.0.NumStability.forwardSub_row_tight._proof_1_11;_private.NumStability.Algorithms.LinearSystems.Triangular.ForwardSubstitution.0.NumStability.forwardSub_row_tight._proof_1_12;_private.NumStability.Algorithms.LinearSystems.Triangular.ForwardSubstitution.0.NumStability.forwardSub_row_tight._proof_1_13;_private.NumStability.Algorithms.LinearSystems.Triangular.ForwardSubstitution.0.NumStability.forwardSub_row_tight._proof_1_16;_private.NumStability.Algorithms.LinearSystems.Triangular.ForwardSubstitution.0.NumStability.forwardSub_row_tight._proof_1_17;_private.NumStability.Algorithms.LinearSystems.Triangular.ForwardSubstitution.0.NumStability.forwardSub_row_tight._proof_1_18;_private.NumStability.Algorithms.LinearSystems.Triangular.ForwardSubstitution.0.NumStability.forwardSub_row_tight._proof_1_19;_private.NumStability.Algorithms.LinearSystems.Triangular.ForwardSubstitution.0.NumStability.forwardSub_row_tight._proof_1_2;_private.NumStability.Algorithms.LinearSystems.Triangular.ForwardSubstitution.0.NumStability.forwardSub_row_tight._proof_1_21;_private.NumStability.Algorithms.LinearSystems.Triangular.ForwardSubstitution.0.NumStability.forwardSub_row_tight._proof_1_22;_private.NumStability.Algorithms.LinearSystems.Triangular.ForwardSubstitution.0.NumStability.forwardSub_row_tight._proof_1_24;_private.NumStability.Algorithms.LinearSystems.Triangular.ForwardSubstitution.0.NumStability.forwardSub_row_tight._proof_1_25;_private.NumStability.Algorithms.LinearSystems.Triangular.ForwardSubstitution.0.NumStability.forwardSub_row_tight._proof_1_26;_private.NumStability.Algorithms.LinearSystems.Triangular.ForwardSubstitution.0.NumStability.forwardSub_row_tight._simp_1_14;_private.NumStability.Algorithms.LinearSystems.Triangular.ForwardSubstitution.0.NumStability.forwardSub_row_tight._simp_1_15;_private.NumStability.Algorithms.LinearSystems.Triangular.ForwardSubstitution.0.NumStability.forwardSub_row_tight._simp_1_20;_private.NumStability.Algorithms.LinearSystems.Triangular.ForwardSubstitution.0.NumStability.forwardSub_row_tight._simp_1_23,NumStability.backSub_backward_error;NumStability.fl_backSub;NumStability.fl_forwardSub;NumStability.forwardSub_backward_error;NumStability.gamma;NumStability.gammaValid;NumStability.gamma_nonneg,NumStability.backSub_backward_error;NumStability.forwardSub_backward_error,NumStability.backSub_backward_error;NumStability.forwardSub_backward_error,NumStability.backSub_backward_error;NumStability.forwardSub_backward_error,NumStability.backSub_backward_error;NumStability.forwardSub_backward_error,NumStability.FPModel;NumStability.backSub_backward_error;NumStability.fl_backSub;NumStability.fl_backSub_steps;NumStability.fl_forwardSub;NumStability.fl_forwardSub_steps;NumStability.forwardSub_backward_error;NumStability.gamma;NumStability.gammaValid;NumStability.gamma_nonneg,measurements/runs/results-r11/pairs/P29-T2-rep-02/condition-L/accepted_proof.lean,measurements/runs/results-r11/pairs/P29-T2-rep-02/condition-L/attempt.json
P29-T2,T2,P29-T2-rep-03,N,results-r11,True,197d2b1fb188d92a68d55cfdb6789c6cc408e9ca948882160728e808e2d4db66,f376fa17089e2264da06130fd4276a706eab0b181f0d000d55bb49768458f20f,0,0,0,0,0,0,0,0,2,0,0,0,1793.431992,1914824,0,0,0,0,True,998,54,,,NumStability.backSub_backward_error;NumStability.forwardSub_backward_error,,NumStability.backSub_backward_error;NumStability.forwardSub_backward_error,,,measurements/runs/results-r11/pairs/P29-T2-rep-03/condition-N/accepted_proof.lean,measurements/runs/results-r11/pairs/P29-T2-rep-03/condition-N/attempt.json
P29-T2,T2,P29-T2-rep-03,L,results-r11,True,96e42e5934da644dc5922bdf775ab8486ed93411a431d0183a9245ce2df98b1f,8d7ba4852d4358fd250b4efca36718b9a9e0828ed4d07aa40e7039549005f89d,1,15,10,10,129,8,17,5,2,2,2,3,917.795894,1991946,43,2,2,3,True,451,110,NumStability.FPModel;NumStability.FPModel.fl_div;NumStability.FPModel.fl_mul;NumStability.FPModel.fl_sub;NumStability.FPModel.mk;NumStability.FPModel.model_div;NumStability.FPModel.model_mul;NumStability.FPModel.model_sub;NumStability.FPModel.u;NumStability.FPModel.u_nonneg;NumStability.backSub_backward_error;NumStability.backSub_backward_error._proof_1_1;NumStability.backSub_backward_error._proof_1_5;NumStability.backSub_backward_error._simp_1_2;NumStability.backSub_backward_error._simp_1_3;NumStability.backSub_backward_error._simp_1_4;NumStability.backSub_row_tight;NumStability.backSub_row_tight._proof_1_1;NumStability.backSub_row_tight._proof_1_12;NumStability.backSub_row_tight._proof_1_13;NumStability.backSub_row_tight._proof_1_14;NumStability.backSub_row_tight._proof_1_15;NumStability.backSub_row_tight._proof_1_18;NumStability.backSub_row_tight._proof_1_19;NumStability.backSub_row_tight._proof_1_2;NumStability.backSub_row_tight._proof_1_20;NumStability.backSub_row_tight._proof_1_21;NumStability.backSub_row_tight._proof_1_22;NumStability.backSub_row_tight._proof_1_23;NumStability.backSub_row_tight._proof_1_25;NumStability.backSub_row_tight._proof_1_26;NumStability.backSub_row_tight._proof_1_27;NumStability.backSub_row_tight._proof_1_29;NumStability.backSub_row_tight._proof_1_3;NumStability.backSub_row_tight._proof_1_30;NumStability.backSub_row_tight._proof_1_31;NumStability.backSub_row_tight._proof_1_32;NumStability.backSub_row_tight._proof_1_33;NumStability.backSub_row_tight._proof_1_4;NumStability.backSub_row_tight._simp_1_16;NumStability.backSub_row_tight._simp_1_17;NumStability.backSub_row_tight._simp_1_24;NumStability.backSub_row_tight._simp_1_28;NumStability.fl_backSub;NumStability.fl_backSub_steps;NumStability.fl_backSub_steps._proof_1;NumStability.fl_backSub_steps._proof_3;NumStability.fl_backSub_steps.eq_2;NumStability.fl_backSub_steps.eq_def;NumStability.fl_backSub_steps.match_1;NumStability.fl_forwardSub;NumStability.fl_forwardSub_steps;NumStability.fl_forwardSub_steps._proof_1;NumStability.fl_forwardSub_steps._proof_2;NumStability.fl_forwardSub_steps._proof_3;NumStability.fl_forwardSub_steps._proof_4;NumStability.fl_forwardSub_steps.congr_simp;NumStability.fl_forwardSub_steps.eq_2;NumStability.fl_forwardSub_steps.eq_def;NumStability.fl_forwardSub_steps.match_1;NumStability.fl_sub_fold_unroll;NumStability.fl_sub_fold_unroll._proof_1_1;NumStability.fl_sub_fold_unroll._proof_1_2;NumStability.fl_sub_fold_unroll._simp_1_3;NumStability.forwardSub_backward_error;NumStability.forwardSub_backward_error._proof_1_4;NumStability.forwardSub_backward_error._simp_1_1;NumStability.forwardSub_backward_error._simp_1_2;NumStability.forwardSub_backward_error._simp_1_3;NumStability.gamma;NumStability.gammaValid;NumStability.gammaValid_mono;NumStability.gamma_mono;NumStability.gamma_mul;NumStability.gamma_nonneg;NumStability.inv_prod_error_bound;NumStability.inv_prod_error_bound._proof_1_1;NumStability.prod_pos_of_u_bound;NumStability.u_le_gamma;_private.NumStability.Algorithms.LinearSystems.Triangular.BackSubstitution.0.NumStability.fl_backSub_at_row;_private.NumStability.Algorithms.LinearSystems.Triangular.BackSubstitution.0.NumStability.fl_backSub_at_row._proof_1;_private.NumStability.Algorithms.LinearSystems.Triangular.BackSubstitution.0.NumStability.fl_backSub_at_row._proof_1_1;_private.NumStability.Algorithms.LinearSystems.Triangular.BackSubstitution.0.NumStability.fl_backSub_steps.match_1.splitter;_private.NumStability.Algorithms.LinearSystems.Triangular.BackSubstitution.0.NumStability.fl_backSub_steps_at_row;_private.NumStability.Algorithms.LinearSystems.Triangular.BackSubstitution.0.NumStability.fl_backSub_steps_at_row._proof_1_4;_private.NumStability.Algorithms.LinearSystems.Triangular.BackSubstitution.0.NumStability.fl_backSub_steps_at_row._proof_1_5;_private.NumStability.Algorithms.LinearSystems.Triangular.BackSubstitution.0.NumStability.fl_backSub_steps_decompose;_private.NumStability.Algorithms.LinearSystems.Triangular.BackSubstitution.0.NumStability.fl_backSub_steps_decompose._proof_1_1;_private.NumStability.Algorithms.LinearSystems.Triangular.BackSubstitution.0.NumStability.fl_backSub_steps_decompose._proof_1_5;_private.NumStability.Algorithms.LinearSystems.Triangular.BackSubstitution.0.NumStability.fl_backSub_steps_stable;_private.NumStability.Algorithms.LinearSystems.Triangular.BackSubstitution.0.NumStability.fl_backSub_steps_stable._proof_1_2;_private.NumStability.Algorithms.LinearSystems.Triangular.BackSubstitution.0.NumStability.fl_backSub_steps_stable._proof_1_3;_private.NumStability.Algorithms.LinearSystems.Triangular.ForwardSubstitution.0.NumStability.fl_forwardSub_at_row;_private.NumStability.Algorithms.LinearSystems.Triangular.ForwardSubstitution.0.NumStability.fl_forwardSub_at_row._proof_1;_private.NumStability.Algorithms.LinearSystems.Triangular.ForwardSubstitution.0.NumStability.fl_forwardSub_at_row._proof_1_1;_private.NumStability.Algorithms.LinearSystems.Triangular.ForwardSubstitution.0.NumStability.fl_forwardSub_at_row._proof_1_2;_private.NumStability.Algorithms.LinearSystems.Triangular.ForwardSubstitution.0.NumStability.fl_forwardSub_at_row._proof_1_3;_private.NumStability.Algorithms.LinearSystems.Triangular.ForwardSubstitution.0.NumStability.fl_forwardSub_steps.match_1.splitter;_private.NumStability.Algorithms.LinearSystems.Triangular.ForwardSubstitution.0.NumStability.fl_forwardSub_steps_at_row;_private.NumStability.Algorithms.LinearSystems.Triangular.ForwardSubstitution.0.NumStability.fl_forwardSub_steps_at_row._proof_1;_private.NumStability.Algorithms.LinearSystems.Triangular.ForwardSubstitution.0.NumStability.fl_forwardSub_steps_at_row._proof_1_4;_private.NumStability.Algorithms.LinearSystems.Triangular.ForwardSubstitution.0.NumStability.fl_forwardSub_steps_at_row._proof_1_5;_private.NumStability.Algorithms.LinearSystems.Triangular.ForwardSubstitution.0.NumStability.fl_forwardSub_steps_at_row._proof_1_6;_private.NumStability.Algorithms.LinearSystems.Triangular.ForwardSubstitution.0.NumStability.fl_forwardSub_steps_decompose;_private.NumStability.Algorithms.LinearSystems.Triangular.ForwardSubstitution.0.NumStability.fl_forwardSub_steps_decompose._proof_1_1;_private.NumStability.Algorithms.LinearSystems.Triangular.ForwardSubstitution.0.NumStability.fl_forwardSub_steps_decompose._proof_1_5;_private.NumStability.Algorithms.LinearSystems.Triangular.ForwardSubstitution.0.NumStability.fl_forwardSub_steps_stable;_private.NumStability.Algorithms.LinearSystems.Triangular.ForwardSubstitution.0.NumStability.fl_forwardSub_steps_stable._proof_1_2;_private.NumStability.Algorithms.LinearSystems.Triangular.ForwardSubstitution.0.NumStability.fl_forwardSub_steps_stable._proof_1_3;_private.NumStability.Algorithms.LinearSystems.Triangular.ForwardSubstitution.0.NumStability.forwardSub_row_tight;_private.NumStability.Algorithms.LinearSystems.Triangular.ForwardSubstitution.0.NumStability.forwardSub_row_tight._proof_1_1;_private.NumStability.Algorithms.LinearSystems.Triangular.ForwardSubstitution.0.NumStability.forwardSub_row_tight._proof_1_10;_private.NumStability.Algorithms.LinearSystems.Triangular.ForwardSubstitution.0.NumStability.forwardSub_row_tight._proof_1_11;_private.NumStability.Algorithms.LinearSystems.Triangular.ForwardSubstitution.0.NumStability.forwardSub_row_tight._proof_1_12;_private.NumStability.Algorithms.LinearSystems.Triangular.ForwardSubstitution.0.NumStability.forwardSub_row_tight._proof_1_13;_private.NumStability.Algorithms.LinearSystems.Triangular.ForwardSubstitution.0.NumStability.forwardSub_row_tight._proof_1_16;_private.NumStability.Algorithms.LinearSystems.Triangular.ForwardSubstitution.0.NumStability.forwardSub_row_tight._proof_1_17;_private.NumStability.Algorithms.LinearSystems.Triangular.ForwardSubstitution.0.NumStability.forwardSub_row_tight._proof_1_18;_private.NumStability.Algorithms.LinearSystems.Triangular.ForwardSubstitution.0.NumStability.forwardSub_row_tight._proof_1_19;_private.NumStability.Algorithms.LinearSystems.Triangular.ForwardSubstitution.0.NumStability.forwardSub_row_tight._proof_1_2;_private.NumStability.Algorithms.LinearSystems.Triangular.ForwardSubstitution.0.NumStability.forwardSub_row_tight._proof_1_21;_private.NumStability.Algorithms.LinearSystems.Triangular.ForwardSubstitution.0.NumStability.forwardSub_row_tight._proof_1_22;_private.NumStability.Algorithms.LinearSystems.Triangular.ForwardSubstitution.0.NumStability.forwardSub_row_tight._proof_1_24;_private.NumStability.Algorithms.LinearSystems.Triangular.ForwardSubstitution.0.NumStability.forwardSub_row_tight._proof_1_25;_private.NumStability.Algorithms.LinearSystems.Triangular.ForwardSubstitution.0.NumStability.forwardSub_row_tight._proof_1_26;_private.NumStability.Algorithms.LinearSystems.Triangular.ForwardSubstitution.0.NumStability.forwardSub_row_tight._simp_1_14;_private.NumStability.Algorithms.LinearSystems.Triangular.ForwardSubstitution.0.NumStability.forwardSub_row_tight._simp_1_15;_private.NumStability.Algorithms.LinearSystems.Triangular.ForwardSubstitution.0.NumStability.forwardSub_row_tight._simp_1_20;_private.NumStability.Algorithms.LinearSystems.Triangular.ForwardSubstitution.0.NumStability.forwardSub_row_tight._simp_1_23,NumStability.FPModel;NumStability.backSub_backward_error;NumStability.fl_backSub;NumStability.fl_forwardSub;NumStability.forwardSub_backward_error;NumStability.gamma;NumStability.gammaValid;NumStability.gamma_nonneg,NumStability.backSub_backward_error;NumStability.forwardSub_backward_error,NumStability.backSub_backward_error;NumStability.forwardSub_backward_error,NumStability.backSub_backward_error;NumStability.forwardSub_backward_error,NumStability.backSub_backward_error;NumStability.forwardSub_backward_error,NumStability.FPModel;NumStability.backSub_backward_error;NumStability.fl_backSub;NumStability.fl_backSub_steps;NumStability.fl_forwardSub;NumStability.fl_forwardSub_steps;NumStability.forwardSub_backward_error;NumStability.gamma;NumStability.gammaValid;NumStability.gamma_nonneg,measurements/runs/results-r11/pairs/P29-T2-rep-03/condition-L/accepted_proof.lean,measurements/runs/results-r11/pairs/P29-T2-rep-03/condition-L/attempt.json
P33-T1,T1,P33-T1-rep-01,N,results-r11,True,a8690be026de85589af8e38e2d6d4b580742866db25a233394be2c715486c9af,f5ad6585ddcb1909ce4df5a6ec358915dcbd713c8fe75c249c3c04bb8f48b6fa,0,0,0,0,0,0,0,0,1,0,0,0,861.880687,1476780,0,0,0,0,True,267,27,,,NumStability.conventional_residual_error,,NumStability.conventional_residual_error;NumStability.dotProduct_backward_error,,,measurements/runs/results-r11/pairs/P33-T1-rep-01/condition-N/accepted_proof.lean,measurements/runs/results-r11/pairs/P33-T1-rep-01/condition-N/attempt.json
P33-T1,T1,P33-T1-rep-01,L,results-r11,True,6bf9d189b983c608784bf9766974c8e648640654da24291265198d6cba51f473,1b5be455c476dad97cd7fb11d1c07c500d6af107e63604449d938f4eeb4cb463,1,13,9,9,32,9,11,6,1,1,1,2,141.047206,339404,26,2,1,2,True,67,34,NumStability.FPModel;NumStability.FPModel.fl_add;NumStability.FPModel.fl_mul;NumStability.FPModel.fl_sub;NumStability.FPModel.mk;NumStability.FPModel.model_add;NumStability.FPModel.model_mul;NumStability.FPModel.model_sub;NumStability.FPModel.u;NumStability.FPModel.u_nonneg;NumStability.conventional_residual_error;NumStability.conventional_residual_error._proof_1_1;NumStability.conventional_residual_error._proof_1_2;NumStability.dotProduct_backward_error;NumStability.dotProduct_backward_error._proof_1_4;NumStability.dotProduct_backward_stable_x;NumStability.fl_dotProduct;NumStability.fl_dotProduct._proof_1;NumStability.fl_dotProduct.match_1;NumStability.fl_matVec;NumStability.fl_residual;NumStability.fl_sum_error_init;NumStability.fl_sum_error_init._proof_1_1;NumStability.gamma;NumStability.gammaValid;NumStability.gammaValid_mono;NumStability.gamma_mono;NumStability.gamma_mul;NumStability.gamma_nonneg;NumStability.gamma_sum_le;NumStability.matVec_backward_error;NumStability.u_le_gamma,NumStability.FPModel;NumStability.FPModel.u;NumStability.conventional_residual_error;NumStability.fl_dotProduct._proof_1;NumStability.fl_residual;NumStability.gamma;NumStability.gammaValid;NumStability.gammaValid_mono;NumStability.u_le_gamma,NumStability.conventional_residual_error,NumStability.conventional_residual_error,NumStability.conventional_residual_error;NumStability.dotProduct_backward_error,NumStability.conventional_residual_error;NumStability.dotProduct_backward_error,NumStability.FPModel;NumStability.conventional_residual_error;NumStability.fl_dotProduct;NumStability.fl_matVec;NumStability.fl_residual;NumStability.gamma;NumStability.gammaValid;NumStability.gammaValid_mono;NumStability.u_le_gamma,measurements/runs/results-r11/pairs/P33-T1-rep-01/condition-L/accepted_proof.lean,measurements/runs/results-r11/pairs/P33-T1-rep-01/condition-L/attempt.json
P33-T1,T1,P33-T1-rep-02,N,results-r11,True,5c8ba0cf8c9eb5e5bb03e78a17b3fba42c75e00cd746c5b9c021183fa5ccc5af,41b28110f6a0c2199b4148562cf4b184775ec53ef721d12a006c802233f6758f,0,0,0,0,0,0,0,0,1,0,0,0,744.123599,525617,0,0,0,0,True,297,62,,,NumStability.conventional_residual_error,,NumStability.conventional_residual_error;NumStability.dotProduct_backward_error,,,measurements/runs/results-r11/pairs/P33-T1-rep-02/condition-N/accepted_proof.lean,measurements/runs/results-r11/pairs/P33-T1-rep-02/condition-N/attempt.json
P33-T1,T1,P33-T1-rep-02,L,results-r11,True,4c242400e584466f51081e075e7c874eebed50d2c87d03100bbfbc0ccf3020b7,4793fa6661bc684b05d9d52928e7bbe7ab0db9c9dc21928df958e8ba701d01a1,1,51,9,9,23,9,9,4,1,0,0,1,270.239084,702885,19,0,0,1,True,142,102,NumStability.FPModel;NumStability.FPModel.fl_add;NumStability.FPModel.fl_mul;NumStability.FPModel.mk;NumStability.FPModel.model_add;NumStability.FPModel.model_mul;NumStability.FPModel.u;NumStability.FPModel.u_nonneg;NumStability.dotProduct_error_bound;NumStability.dotProduct_error_bound._proof_1_4;NumStability.fl_dotProduct;NumStability.fl_dotProduct._proof_1;NumStability.fl_dotProduct.match_1;NumStability.fl_sum_error_init;NumStability.fl_sum_error_init._proof_1_1;NumStability.gamma;NumStability.gammaValid;NumStability.gammaValid_mono;NumStability.gamma_mono;NumStability.gamma_mul;NumStability.gamma_nonneg;NumStability.gamma_sum_le;NumStability.u_le_gamma,NumStability.FPModel;NumStability.FPModel.u;NumStability.dotProduct_error_bound;NumStability.gamma;NumStability.gammaValid;NumStability.gammaValid_mono;NumStability.gamma_nonneg;NumStability.gamma_sum_le;NumStability.u_le_gamma,NumStability.conventional_residual_error,,NumStability.conventional_residual_error;NumStability.dotProduct_backward_error,,NumStability.FPModel;NumStability.dotProduct_error_bound;NumStability.fl_dotProduct;NumStability.gamma;NumStability.gammaValid;NumStability.gammaValid_mono;NumStability.gamma_nonneg;NumStability.gamma_sum_le;NumStability.u_le_gamma,measurements/runs/results-r11/pairs/P33-T1-rep-02/condition-L/accepted_proof.lean,measurements/runs/results-r11/pairs/P33-T1-rep-02/condition-L/attempt.json
P33-T1,T1,P33-T1-rep-03,N,results-r11,True,bb20f2055245d6205d3345d510170d65d2c9e48fa1280ff7c34064251f77a716,93ef2245871cd7f656016ac78ea12ad23c1f11f0d4c96aaf0b292f2c18b0632d,0,0,0,0,0,0,0,0,1,0,0,0,692.971976,904572,0,0,0,0,True,256,61,,,NumStability.conventional_residual_error,,NumStability.conventional_residual_error;NumStability.dotProduct_backward_error,,,measurements/runs/results-r11/pairs/P33-T1-rep-03/condition-N/accepted_proof.lean,measurements/runs/results-r11/pairs/P33-T1-rep-03/condition-N/attempt.json
P33-T1,T1,P33-T1-rep-03,L,results-r11,True,3fb87f4bd8300b06407f09ce6f9d408e1101cc4425763ba95dac0299f87e5909,b3f0a8bcf502e2c3fdf9cb11dc7d669bb3f6d5f51484168ef6edfe783bfd3ac2,1,37,9,9,23,9,9,4,1,0,0,1,260.438818,683260,19,0,0,1,True,132,95,NumStability.FPModel;NumStability.FPModel.fl_add;NumStability.FPModel.fl_mul;NumStability.FPModel.mk;NumStability.FPModel.model_add;NumStability.FPModel.model_mul;NumStability.FPModel.u;NumStability.FPModel.u_nonneg;NumStability.dotProduct_error_bound;NumStability.dotProduct_error_bound._proof_1_4;NumStability.fl_dotProduct;NumStability.fl_dotProduct._proof_1;NumStability.fl_dotProduct.match_1;NumStability.fl_sum_error_init;NumStability.fl_sum_error_init._proof_1_1;NumStability.gamma;NumStability.gammaValid;NumStability.gammaValid_mono;NumStability.gamma_mono;NumStability.gamma_mul;NumStability.gamma_nonneg;NumStability.gamma_sum_le;NumStability.u_le_gamma,NumStability.FPModel;NumStability.FPModel.u;NumStability.dotProduct_error_bound;NumStability.gamma;NumStability.gammaValid;NumStability.gammaValid_mono;NumStability.gamma_nonneg;NumStability.gamma_sum_le;NumStability.u_le_gamma,NumStability.conventional_residual_error,,NumStability.conventional_residual_error;NumStability.dotProduct_backward_error,,NumStability.FPModel;NumStability.dotProduct_error_bound;NumStability.fl_dotProduct;NumStability.gamma;NumStability.gammaValid;NumStability.gammaValid_mono;NumStability.gamma_nonneg;NumStability.gamma_sum_le;NumStability.u_le_gamma,measurements/runs/results-r11/pairs/P33-T1-rep-03/condition-L/accepted_proof.lean,measurements/runs/results-r11/pairs/P33-T1-rep-03/condition-L/attempt.json
P02-T3,T3,P02-T3-rep-01,N,results-r09,True,968e7746a9dd35136bbe944e3751859b1b6ed1789d630716268a6121bad7ca0a,502609d48abad5bd9e91583b79fd71985c8b2c035ae7dac49d04b5bb3f400034,0,0,0,0,0,0,0,0,0,0,0,0,1470.302507,7523009,0,0,0,0,True,872,115,,,,,,,,measurements/runs/results-r09/pairs/P02-T3-rep-01/condition-N/accepted_proof.lean,measurements/runs/results-r09/pairs/P02-T3-rep-01/condition-N/attempt.json
P02-T3,T3,P02-T3-rep-01,L,results-r09,True,0c8218e6415f9a0019967e58f7791ffb01537a7065814f142d6e5788079d110f,3c1d0ba0526b21f68136a1705da92a2d28fad1d7d1df9aadd0eb16f4b3395372,0,0,0,0,0,0,0,0,0,0,0,0,1377.963382,5009328,0,0,0,0,True,815,94,,,,,,,,measurements/runs/results-r09/pairs/P02-T3-rep-01/condition-L/accepted_proof.lean,measurements/runs/results-r09/pairs/P02-T3-rep-01/condition-L/attempt.json
P02-T3,T3,P02-T3-rep-02,N,results-r09,True,8912ef38a86c501c63d824e5aba46bc7b9dd116b2b68f26a6d86b02458502198,f7e0f059b22ed9485e37fa9dcd444946c50c426ce18d24c58ba8f9fb3badf4cb,0,0,0,0,0,0,0,0,0,0,0,0,1196.348761,3843335,0,0,0,0,True,791,76,,,,,,,,measurements/runs/results-r09/pairs/P02-T3-rep-02/condition-N/accepted_proof.lean,measurements/runs/results-r09/pairs/P02-T3-rep-02/condition-N/attempt.json
P02-T3,T3,P02-T3-rep-02,L,results-r09,True,8bf21ff62cf778406f0b4bb059e9d27a6a1ea1ecd129a976ecc2b9647b191c5a,7077c4a8df743866b03e77e13091b46d96b0c84f50be23e1631bbf7782fbb859,1,32,10,10,22,0,2,4,0,0,0,1,1344.860229,27807096,21,0,0,1,True,967,89,NumStability.FPModel;NumStability.FPModel.fl_add;NumStability.FPModel.fl_add_zero;NumStability.FPModel.mk;NumStability.FPModel.model_add;NumStability.FPModel.u;NumStability.FPModel.u_nonneg;NumStability.fl_recursiveSum;NumStability.fl_sum_error_init;NumStability.fl_sum_error_init._proof_1_1;NumStability.fl_sum_error_tight;NumStability.gamma;NumStability.gammaValid;NumStability.gammaValid_mono;NumStability.gamma_mono;NumStability.gamma_mul;NumStability.gamma_nonneg;NumStability.gamma_sum_le;NumStability.recursiveSum_backward_error;NumStability.recursiveSum_error_decomp;NumStability.recursiveSum_forward_error_bound;NumStability.u_le_gamma,,,,,,NumStability.FPModel;NumStability.fl_recursiveSum;NumStability.fl_sum_error_init;NumStability.gamma;NumStability.gammaValid;NumStability.gamma_mono;NumStability.gamma_nonneg;NumStability.gamma_sum_le;NumStability.recursiveSum_forward_error_bound;NumStability.u_le_gamma,measurements/runs/results-r09/pairs/P02-T3-rep-02/condition-L/accepted_proof.lean,measurements/runs/results-r09/pairs/P02-T3-rep-02/condition-L/attempt.json
P02-T3,T3,P02-T3-rep-03,N,results-r09,True,b66159652396cc31c2c7a8c1ec21507872ee2a6c7847563e6dffbbe8b8c0c37a,315f643ceaeb338ddf99b1cd879fe83fd102429f86c872dc45a3bb2e13b19708,0,0,0,0,0,0,0,0,0,0,0,0,1279.77158,3459889,0,0,0,0,True,953,83,,,,,,,,measurements/runs/results-r09/pairs/P02-T3-rep-03/condition-N/accepted_proof.lean,measurements/runs/results-r09/pairs/P02-T3-rep-03/condition-N/attempt.json
P02-T3,T3,P02-T3-rep-03,L,results-r09,True,ab3d54d463d64edd2695e509824856403ea47b47a45cc18022f6981ce2fd7561,81628fa585ce4dc056b1c8fa7c920f0b79ee1973adaa43030955b5e9aaa54cdc,0,0,0,0,0,0,0,0,0,0,0,0,2007.187746,13051009,0,0,0,0,True,1114,75,,,,,,,,measurements/runs/results-r09/pairs/P02-T3-rep-03/condition-L/accepted_proof.lean,measurements/runs/results-r09/pairs/P02-T3-rep-03/condition-L/attempt.json
P03-T3,T3,P03-T3-rep-01,N,results-r09,True,28deefd44d7ad05d8617d3a3cd7a040e0b9c12f3fe38fe34114a979061a857df,1fbebce403c4074e04c1eb8a97a68455cc10e1aab2993f0c7a7ff5e884595ff3,0,0,0,0,0,0,0,0,0,0,0,0,302.817704,561670,0,0,0,0,True,308,246,,,,,,,,measurements/runs/results-r09/pairs/P03-T3-rep-01/condition-N/accepted_proof.lean,measurements/runs/results-r09/pairs/P03-T3-rep-01/condition-N/attempt.json
P03-T3,T3,P03-T3-rep-01,L,results-r09,True,eed86ba3cfefbc8360e28a12058de94eadd44a3f6d8bfbda0a5ec5de9ff54ce3,87fd037f5be9705f51843d8b700cdbd98efbac88517a5be151d5802e28032f1f,0,0,0,0,0,0,0,0,0,0,0,0,385.356599,1712295,0,0,0,0,True,288,229,,,,,,,,measurements/runs/results-r09/pairs/P03-T3-rep-01/condition-L/accepted_proof.lean,measurements/runs/results-r09/pairs/P03-T3-rep-01/condition-L/attempt.json
P03-T3,T3,P03-T3-rep-02,N,results-r09,True,a1616cc143aed1220c094c912dfa8bc7988205176ffdd7a2a0746d71927aae52,a175379578612aef40d6a5f71cf88d89a53d4b5642cb2c2cd52479dbacf41ea7,0,0,0,0,0,0,0,0,0,0,0,0,346.38663,1059778,0,0,0,0,True,308,239,,,,,,,,measurements/runs/results-r09/pairs/P03-T3-rep-02/condition-N/accepted_proof.lean,measurements/runs/results-r09/pairs/P03-T3-rep-02/condition-N/attempt.json
P03-T3,T3,P03-T3-rep-02,L,results-r09,True,1d62efbccedbd2cbd3c05a129f215334ba93f59e13ce20839fce294414c8835d,6223dfcf925de087681636c428bce6c40977480c88d4d3f3a71816f006398b93,0,0,0,0,0,0,0,0,0,0,0,0,423.221123,1138691,0,0,0,0,True,359,316,,,,,,,,measurements/runs/results-r09/pairs/P03-T3-rep-02/condition-L/accepted_proof.lean,measurements/runs/results-r09/pairs/P03-T3-rep-02/condition-L/attempt.json
P03-T3,T3,P03-T3-rep-03,N,results-r09,True,8903a73c3a16c7d201f6341b7b1ff23439f524609c2d6e9494a82c9719b52371,4b7bdec96a4b4ef9cbbd52e57f403a07fea219bfc3246c8bab670f60e9d0d0ea,0,0,0,0,0,0,0,0,0,0,0,0,316.937775,330927,0,0,0,0,True,336,290,,,,,,,,measurements/runs/results-r09/pairs/P03-T3-rep-03/condition-N/accepted_proof.lean,measurements/runs/results-r09/pairs/P03-T3-rep-03/condition-N/attempt.json
P03-T3,T3,P03-T3-rep-03,L,results-r09,True,793a043e4f142df91382522c28d2fd68c264da372c1bd6dd28ebe5b838692022,b9bcd9ca7360862023e34578240ce6b523b7b8f7d2c214d779bd93d44b41cddd,0,0,0,0,0,0,0,0,0,0,0,0,297.460708,644254,0,0,0,0,True,310,274,,,,,,,,measurements/runs/results-r09/pairs/P03-T3-rep-03/condition-L/accepted_proof.lean,measurements/runs/results-r09/pairs/P03-T3-rep-03/condition-L/attempt.json
P05-T3,T3,P05-T3-rep-01,N,results-r09,True,dc415280c3cb9faf158b9df88f8adfd0093132b1d43f246f660aebe44f5d9be9,573d82d44742bcc5031ed3f9fcc62778387482455e88ca506a5a615e7eb58c57,0,0,0,0,0,0,0,0,3,0,0,0,716.173102,2016633,0,0,0,0,True,539,18,,,NumStability.finiteTranspose;NumStability.rectMatMul;NumStability.rectMatMul_transpose_self_symmetric,,,,,measurements/runs/results-r09/pairs/P05-T3-rep-01/condition-N/accepted_proof.lean,measurements/runs/results-r09/pairs/P05-T3-rep-01/condition-N/attempt.json
P05-T3,T3,P05-T3-rep-01,L,results-r09,True,ae282952944ba516941e746835983b0fa364d3377207d5da081933efa8972108,969d84c1527bc0e7c03f477019bb011635c8e2968e83bf0481492a3f71183fb4,0,0,0,0,0,0,0,0,3,0,0,0,835.041154,2658626,0,0,0,0,True,477,44,,,NumStability.finiteTranspose;NumStability.rectMatMul;NumStability.rectMatMul_transpose_self_symmetric,,,,,measurements/runs/results-r09/pairs/P05-T3-rep-01/condition-L/accepted_proof.lean,measurements/runs/results-r09/pairs/P05-T3-rep-01/condition-L/attempt.json
P05-T3,T3,P05-T3-rep-02,N,results-r09,True,69c14c1dd2f30c991d5184971b5139af9fa6bd81cc730906bfdbd91ebbd13a45,f8e0f4f0eb647d40630ee19eaaa18fc00dbf833e2fc8a90150d09e0fcecbbf13,0,0,0,0,0,0,0,0,3,0,0,0,1086.555549,3432328,0,0,0,0,True,763,40,,,NumStability.finiteTranspose;NumStability.rectMatMul;NumStability.rectMatMul_transpose_self_symmetric,,,,,measurements/runs/results-r09/pairs/P05-T3-rep-02/condition-N/accepted_proof.lean,measurements/runs/results-r09/pairs/P05-T3-rep-02/condition-N/attempt.json
P05-T3,T3,P05-T3-rep-02,L,results-r09,True,0567d7136f85f9b9f58f2bea5e6731b9d69434362caa66af4f1fa1f959e18e53,5beeae037bca30e3e265abdd52d06646836c2790f33090408b4640ecfdc01221,0,0,0,0,0,0,0,0,3,0,0,0,872.163085,2838745,0,0,0,0,True,673,123,,,NumStability.finiteTranspose;NumStability.rectMatMul;NumStability.rectMatMul_transpose_self_symmetric,,,,,measurements/runs/results-r09/pairs/P05-T3-rep-02/condition-L/accepted_proof.lean,measurements/runs/results-r09/pairs/P05-T3-rep-02/condition-L/attempt.json
P05-T3,T3,P05-T3-rep-03,N,results-r09,True,b263482235899f43ecc73009094f2af1bdc05020f6c3b064a602e2e8faa02d47,384d41a5082b1012fc065a462bcb4601959cdc351a3e1c5a365bab2be1a82c43,0,0,0,0,0,0,0,0,3,0,0,0,1122.723758,2253779,0,0,0,0,True,596,127,,,NumStability.finiteTranspose;NumStability.rectMatMul;NumStability.rectMatMul_transpose_self_symmetric,,,,,measurements/runs/results-r09/pairs/P05-T3-rep-03/condition-N/accepted_proof.lean,measurements/runs/results-r09/pairs/P05-T3-rep-03/condition-N/attempt.json
P05-T3,T3,P05-T3-rep-03,L,results-r09,True,b72a874c74fbc5d2f4c142daeca9a5559addaef99b809b16cfe173ef742a702e,ad685c4834034536983d63ece05b50d29d43ec758a85915ebf85d7eab0cf474b,0,0,0,0,0,0,0,0,3,0,0,0,955.859981,4122718,0,0,0,0,True,556,122,,,NumStability.finiteTranspose;NumStability.rectMatMul;NumStability.rectMatMul_transpose_self_symmetric,,,,,measurements/runs/results-r09/pairs/P05-T3-rep-03/condition-L/accepted_proof.lean,measurements/runs/results-r09/pairs/P05-T3-rep-03/condition-L/attempt.json
P06-T3,T3,P06-T3-rep-01,N,results-r09,True,7cb79da4db08865abca3bf2f91e25fd1906f75ea1957e46ebeb58ba4b6b9ded9,d6db34e8edaca6d54ab4ac69762a3a3314c9e165292917cd2ccdfc0ce0154dc7,0,0,0,0,0,0,0,0,6,0,0,0,337.125234,1538887,0,0,0,0,True,333,82,,,NumStability.matMul_add_left;NumStability.matMul_add_right;NumStability.matMul_assoc;NumStability.rectMatMulVec_add;NumStability.rectMatMulVec_mat_add;NumStability.rectMatMulVec_smul,,,,,measurements/runs/results-r09/pairs/P06-T3-rep-01/condition-N/accepted_proof.lean,measurements/runs/results-r09/pairs/P06-T3-rep-01/condition-N/attempt.json
P06-T3,T3,P06-T3-rep-01,L,results-r09,True,8cc0d68fc59101e86e1fb3e163946b8cc73acd5452170336cad346eb98caa9a5,1d246040ec37c396d96c123079093757f34df0296a9a2d4eeea0f35fbed0e7a0,0,0,0,0,0,0,0,0,6,0,0,0,335.39564,702943,0,0,0,0,True,337,78,,,NumStability.matMul_add_left;NumStability.matMul_add_right;NumStability.matMul_assoc;NumStability.rectMatMulVec_add;NumStability.rectMatMulVec_mat_add;NumStability.rectMatMulVec_smul,,,,,measurements/runs/results-r09/pairs/P06-T3-rep-01/condition-L/accepted_proof.lean,measurements/runs/results-r09/pairs/P06-T3-rep-01/condition-L/attempt.json
P06-T3,T3,P06-T3-rep-02,N,results-r09,True,216394ef0c1c868bb308cd19415cc966a5f192069a760a934c41fbbcde81b47a,dee74e0dc9bbdec986a2139192a64f9bdf47fea02bf80538eecb06bbb648d69a,0,0,0,0,0,0,0,0,6,0,0,0,293.345644,829085,0,0,0,0,True,351,78,,,NumStability.matMul_add_left;NumStability.matMul_add_right;NumStability.matMul_assoc;NumStability.rectMatMulVec_add;NumStability.rectMatMulVec_mat_add;NumStability.rectMatMulVec_smul,,,,,measurements/runs/results-r09/pairs/P06-T3-rep-02/condition-N/accepted_proof.lean,measurements/runs/results-r09/pairs/P06-T3-rep-02/condition-N/attempt.json
P06-T3,T3,P06-T3-rep-02,L,results-r09,True,b9c10dc988b80af6b8910109d72273501f8ae890b9962cf37d8ce4ca22992749,8af5cfbab01227c317d675a4555514247b0628a28258028aa4df6efc144a4cf5,0,0,0,0,0,0,0,0,6,0,0,0,323.761044,864095,0,0,0,0,True,358,98,,,NumStability.matMul_add_left;NumStability.matMul_add_right;NumStability.matMul_assoc;NumStability.rectMatMulVec_add;NumStability.rectMatMulVec_mat_add;NumStability.rectMatMulVec_smul,,,,,measurements/runs/results-r09/pairs/P06-T3-rep-02/condition-L/accepted_proof.lean,measurements/runs/results-r09/pairs/P06-T3-rep-02/condition-L/attempt.json
P06-T3,T3,P06-T3-rep-03,N,results-r09,True,1c6152999399e5aaf7bea114fd766b6323aadef7c935398a06b250679dd77e25,dacaa9a2ebad3bfd038ca57ed0c3f9b3b8c3989145fdc580161418e1da20be3b,0,0,0,0,0,0,0,0,6,0,0,0,457.781498,1479470,0,0,0,0,True,365,74,,,NumStability.matMul_add_left;NumStability.matMul_add_right;NumStability.matMul_assoc;NumStability.rectMatMulVec_add;NumStability.rectMatMulVec_mat_add;NumStability.rectMatMulVec_smul,,,,,measurements/runs/results-r09/pairs/P06-T3-rep-03/condition-N/accepted_proof.lean,measurements/runs/results-r09/pairs/P06-T3-rep-03/condition-N/attempt.json
P06-T3,T3,P06-T3-rep-03,L,results-r09,True,411201af06e0168e6285df3c54f810ec75e331edc424b6bff63e6e18eafda9a9,9b6b449f319b5276b4fd43cc7536d02ca9a04a9c1cc9f083cf578fe404d19190,0,0,0,0,0,0,0,0,6,0,0,0,303.090137,615276,0,0,0,0,True,343,71,,,NumStability.matMul_add_left;NumStability.matMul_add_right;NumStability.matMul_assoc;NumStability.rectMatMulVec_add;NumStability.rectMatMulVec_mat_add;NumStability.rectMatMulVec_smul,,,,,measurements/runs/results-r09/pairs/P06-T3-rep-03/condition-L/accepted_proof.lean,measurements/runs/results-r09/pairs/P06-T3-rep-03/condition-L/attempt.json
P08-T3,T3,P08-T3-rep-01,N,results-r09,True,ab0789602b1336cce594d406a8c2f2c06f53ba47c75169edfa12130f2a5f95e2,1b5ff2cba02232661d3f8a9311981aefe45f046f80530211fa350826c601e1ed,0,0,0,0,0,0,0,0,2,0,0,0,1017.727103,4940543,0,0,0,0,True,589,34,,,NumStability.matMulVec_matMul;NumStability.matPow_nonneg,,,,,measurements/runs/results-r09/pairs/P08-T3-rep-01/condition-N/accepted_proof.lean,measurements/runs/results-r09/pairs/P08-T3-rep-01/condition-N/attempt.json
P08-T3,T3,P08-T3-rep-01,L,results-r09,True,8a3ffd4e2afe3bc57766ce59e556b0c84a62385842628b4faea1be853efdb727,fb5d10f3d75160e455b5c1d56277189adf11032bbc83c994885dc9d1ebc4ad28,0,0,0,0,0,0,0,0,2,0,0,0,625.606333,1805455,0,0,0,0,True,733,31,,,NumStability.matMulVec_matMul;NumStability.matPow_nonneg,,,,,measurements/runs/results-r09/pairs/P08-T3-rep-01/condition-L/accepted_proof.lean,measurements/runs/results-r09/pairs/P08-T3-rep-01/condition-L/attempt.json
P08-T3,T3,P08-T3-rep-02,N,results-r09,True,6bfcf3b1c82568e69440a1e5749576b442ced5df035eff8f36166da246168b28,7ec40163679f548458aaa82abe0ca5d2deb308fa58de827786f81fc53bea31c9,0,0,0,0,0,0,0,0,2,0,0,0,723.286416,2880590,0,0,0,0,True,551,411,,,NumStability.matMulVec_matMul;NumStability.matPow_nonneg,,,,,measurements/runs/results-r09/pairs/P08-T3-rep-02/condition-N/accepted_proof.lean,measurements/runs/results-r09/pairs/P08-T3-rep-02/condition-N/attempt.json
P08-T3,T3,P08-T3-rep-02,L,results-r09,True,b2ef07a3278945f52e848094bdc8dbeeb7639d38be8dbaf29226999ce497fef3,a9c0119ad99a30ec29b2e0531dbcc61b36e43ffbbaee9a0147665b30fa34d4c3,0,0,0,0,0,0,0,0,2,0,0,0,553.360357,1843477,0,0,0,0,True,523,50,,,NumStability.matMulVec_matMul;NumStability.matPow_nonneg,,,,,measurements/runs/results-r09/pairs/P08-T3-rep-02/condition-L/accepted_proof.lean,measurements/runs/results-r09/pairs/P08-T3-rep-02/condition-L/attempt.json
P08-T3,T3,P08-T3-rep-03,N,results-r09,True,5e4dc7ff64e2f1525ae17edf3365c1f8727ab8d4b7dc8f2a519329614ccd0959,1e1bb16085ea00dace8534e921bb9701b9e522272688c680bb3c123e2c820520,0,0,0,0,0,0,0,0,2,0,0,0,1099.938648,4293662,0,0,0,0,True,890,82,,,NumStability.matMulVec_matMul;NumStability.matPow_nonneg,,,,,measurements/runs/results-r09/pairs/P08-T3-rep-03/condition-N/accepted_proof.lean,measurements/runs/results-r09/pairs/P08-T3-rep-03/condition-N/attempt.json
P08-T3,T3,P08-T3-rep-03,L,results-r09,True,251825932f33a33c69f12d3e0fc08c6ab88134acd5b4aeeebd73b3531a87136a,2b1d6eb68602b4ead7bd7e8c4d6af26fc85f3773633aafb3e5bfeab486c699ec,0,0,0,0,0,0,0,0,2,0,0,0,724.614851,2435661,0,0,0,0,True,639,53,,,NumStability.matMulVec_matMul;NumStability.matPow_nonneg,,,,,measurements/runs/results-r09/pairs/P08-T3-rep-03/condition-L/accepted_proof.lean,measurements/runs/results-r09/pairs/P08-T3-rep-03/condition-L/attempt.json
P09-T3,T3,P09-T3-rep-01,N,results-r10,True,c4845e683fe7d19fc2ae7b015ba55e3ba4eee29ea3f16511bc9b36f4611edde3,21b8d4e9a84b2dbe24aef469243b9d1190856da3b6bfd42b91347e67563b436d,0,0,0,0,0,0,0,0,2,0,0,0,3746.851969,26382086,0,0,0,0,True,2197,80,,,NumStability.vecNorm2_add_le;NumStability.vecNorm2_le_of_abs_le,,,,,measurements/runs/results-r10/pairs/P09-T3-rep-01/condition-N/accepted_proof.lean,measurements/runs/results-r10/pairs/P09-T3-rep-01/condition-N/attempt.json
P09-T3,T3,P09-T3-rep-01,L,results-r10,True,5b753abede7cfc97742063b9b843620e6ff8415f4d5fb7eaa2f3fbd17c944c9b,03e8db2f7e9e5d4049973fe818be99ce78f6c0d04862bcb56fcf71b20d04fe60,0,0,0,0,0,0,0,0,2,0,0,0,3588.204006,29022763,0,0,0,0,True,2333,49,,,NumStability.vecNorm2_add_le;NumStability.vecNorm2_le_of_abs_le,,,,,measurements/runs/results-r10/pairs/P09-T3-rep-01/condition-L/accepted_proof.lean,measurements/runs/results-r10/pairs/P09-T3-rep-01/condition-L/attempt.json
P09-T3,T3,P09-T3-rep-02,N,results-r09,True,e8b38f3051c060878f87c6416416e9b1c171a55a250ae013cdead29c0024918f,a22981c113c8df5e014e69f7821dc6f88f526977937528660291d9e5b1fb0fa9,0,0,0,0,0,0,0,0,2,0,0,0,4475.297885,33324299,0,0,0,0,True,2118,59,,,NumStability.vecNorm2_add_le;NumStability.vecNorm2_le_of_abs_le,,,,,measurements/runs/results-r09/pairs/P09-T3-rep-02/condition-N/accepted_proof.lean,measurements/runs/results-r09/pairs/P09-T3-rep-02/condition-N/attempt.json
P09-T3,T3,P09-T3-rep-02,L,results-r09,True,8a4bd686a2ff0cfc2a4b0cf606395ae6401a3ec998c30ac7dcc2c6ac97bc142f,c0f66b825c6ff24b4de9ebaa36d08bf2c40c58f09ab5964c05f8579dbb48b026,0,0,0,0,0,0,0,0,2,0,0,0,5361.571945,34417835,0,0,0,0,True,2720,97,,,NumStability.vecNorm2_add_le;NumStability.vecNorm2_le_of_abs_le,,,,,measurements/runs/results-r09/pairs/P09-T3-rep-02/condition-L/accepted_proof.lean,measurements/runs/results-r09/pairs/P09-T3-rep-02/condition-L/attempt.json
P09-T3,T3,P09-T3-rep-03,N,results-r09,True,5a35cae9b278b65b4ab5f76559b9ac97f1fd83ac247d064917aa9d1193902fec,9266b7b1a985af7f5c8560b9e4ae3f94b8a752cfe3b70b8cc0ab703aaf907f40,0,0,0,0,0,0,0,0,2,0,0,0,5602.600484,31518742,0,0,0,0,True,2600,32,,,NumStability.vecNorm2_add_le;NumStability.vecNorm2_le_of_abs_le,,,,,measurements/runs/results-r09/pairs/P09-T3-rep-03/condition-N/accepted_proof.lean,measurements/runs/results-r09/pairs/P09-T3-rep-03/condition-N/attempt.json
P09-T3,T3,P09-T3-rep-03,L,results-r09,True,ca1aea56ca1878832e1a82155c3f36991d3087168f913d1ed992040c01d4680d,1fa9bf3a9916885284f6e48b87e988fb34c325acd8689f752540916b823b5acb,0,0,0,0,0,0,0,0,2,0,0,0,3776.66514,17385484,0,0,0,0,True,2487,129,,,NumStability.vecNorm2_add_le;NumStability.vecNorm2_le_of_abs_le,,,,,measurements/runs/results-r09/pairs/P09-T3-rep-03/condition-L/accepted_proof.lean,measurements/runs/results-r09/pairs/P09-T3-rep-03/condition-L/attempt.json
P11-T3,T3,P11-T3-rep-01,N,results-r09,True,ef9339e8a22c4fd2b1b77ad77b4d7d0a8cab24a4852858ff72d59e94ded96293,081190a3d9d5788070a8d057df720352618623f4ee959d3bdf6154acc63796df,0,0,0,0,0,0,0,0,5,0,0,0,478.846145,1120737,0,0,0,0,True,405,200,,,NumStability.opNorm2_matMul_le;NumStability.opNorm2_sub_le;NumStability.rectMatMul_assoc;NumStability.rectOpNorm2_finiteTranspose;NumStability.rectOpNorm2_nonneg,,,,,measurements/runs/results-r09/pairs/P11-T3-rep-01/condition-N/accepted_proof.lean,measurements/runs/results-r09/pairs/P11-T3-rep-01/condition-N/attempt.json
P11-T3,T3,P11-T3-rep-01,L,results-r09,True,7704d3b55697401ddc8f20e83083ae25fab87d01b7c3bf0d01c858f92a58d34e,a708b0ab8ca7064cdc0aa1d3d14b6d8db1a4302760cb39dce628b35c82b86766,0,0,0,0,0,0,0,0,5,0,0,0,479.388533,1379060,0,0,0,0,True,396,178,,,NumStability.opNorm2_matMul_le;NumStability.opNorm2_sub_le;NumStability.rectMatMul_assoc;NumStability.rectOpNorm2_finiteTranspose;NumStability.rectOpNorm2_nonneg,,,,,measurements/runs/results-r09/pairs/P11-T3-rep-01/condition-L/accepted_proof.lean,measurements/runs/results-r09/pairs/P11-T3-rep-01/condition-L/attempt.json
P11-T3,T3,P11-T3-rep-02,N,results-r09,True,032c5d674b3ddc0bd8acba1c261ae7593b5c7df08b5b914ada1b911f68c40548,820797fdec5df859b609f310623695fd4c9903bcfdeb525ae2db26db97c33580,0,0,0,0,0,0,0,0,5,0,0,0,587.168788,1269434,0,0,0,0,True,337,180,,,NumStability.opNorm2_matMul_le;NumStability.opNorm2_sub_le;NumStability.rectMatMul_assoc;NumStability.rectOpNorm2_finiteTranspose;NumStability.rectOpNorm2_nonneg,,,,,measurements/runs/results-r09/pairs/P11-T3-rep-02/condition-N/accepted_proof.lean,measurements/runs/results-r09/pairs/P11-T3-rep-02/condition-N/attempt.json
P11-T3,T3,P11-T3-rep-02,L,results-r09,True,90fdebc468d46d37200b6fd240dbc5a26b643ec1706907bfea6117a85de0e78f,a1388bf4b63ec11b0f47afd7d220bc2d8a929aacf55922023b2b4b6354e38878,0,0,0,0,0,0,0,0,5,0,0,0,700.205736,1096905,0,0,0,0,True,301,116,,,NumStability.opNorm2_matMul_le;NumStability.opNorm2_sub_le;NumStability.rectMatMul_assoc;NumStability.rectOpNorm2_finiteTranspose;NumStability.rectOpNorm2_nonneg,,,,,measurements/runs/results-r09/pairs/P11-T3-rep-02/condition-L/accepted_proof.lean,measurements/runs/results-r09/pairs/P11-T3-rep-02/condition-L/attempt.json
P11-T3,T3,P11-T3-rep-03,N,results-r09,True,215d265403bbd801bc7711a3282d83f27ee35326a4dd18f8bc5c2ee5ac913191,4170fd9d2517ee5d9cf5cbca1758be650ffb3c14d7519ba5e3cff9dadcbe6175,0,0,0,0,0,0,0,0,5,0,0,0,575.115583,1441986,0,0,0,0,True,317,278,,,NumStability.opNorm2_matMul_le;NumStability.opNorm2_sub_le;NumStability.rectMatMul_assoc;NumStability.rectOpNorm2_finiteTranspose;NumStability.rectOpNorm2_nonneg,,,,,measurements/runs/results-r09/pairs/P11-T3-rep-03/condition-N/accepted_proof.lean,measurements/runs/results-r09/pairs/P11-T3-rep-03/condition-N/attempt.json
P11-T3,T3,P11-T3-rep-03,L,results-r09,True,6cc6a0567b6b1b41bf0c9f2ddf621bc4eb7ad8b2eb4e3f7ac61ef33db4066352,5e394e30baa12195e5d1d64235a148c77071bda7ab423e747c0ba61879115d97,0,0,0,0,0,0,0,0,5,0,0,0,577.556729,1727554,0,0,0,0,True,335,311,,,NumStability.opNorm2_matMul_le;NumStability.opNorm2_sub_le;NumStability.rectMatMul_assoc;NumStability.rectOpNorm2_finiteTranspose;NumStability.rectOpNorm2_nonneg,,,,,measurements/runs/results-r09/pairs/P11-T3-rep-03/condition-L/accepted_proof.lean,measurements/runs/results-r09/pairs/P11-T3-rep-03/condition-L/attempt.json
P13-T3,T3,P13-T3-rep-01,N,results-r09,True,17090859d04891247283b87b460e4bdccab2e1a41da4f07a3bcf1a1071ff0aa5,e896ce7e6c1f04692701c86f77d63a1a5fd1c76afd2ea1860dedb9dc16d75f09,0,0,0,0,0,0,0,0,3,0,0,0,727.459001,1611375,0,0,0,0,True,328,179,,,NumStability.one_le_summationConditionNumber;NumStability.summationComponentwisePerturbation_abs_error_le;NumStability.summationComponentwisePerturbation_rel_error_le_condition,,,,,measurements/runs/results-r09/pairs/P13-T3-rep-01/condition-N/accepted_proof.lean,measurements/runs/results-r09/pairs/P13-T3-rep-01/condition-N/attempt.json
P13-T3,T3,P13-T3-rep-01,L,results-r09,True,5d2575c02a7967099308abdae358aa93a664034bebe80b199635070329b89326,b18a0b1ee7f667943381292f40ee4fc719a7e13b8819eba8a91a5b51c3251a91,0,0,0,0,0,0,0,0,3,0,0,0,583.598377,1318372,0,0,0,0,True,385,211,,,NumStability.one_le_summationConditionNumber;NumStability.summationComponentwisePerturbation_abs_error_le;NumStability.summationComponentwisePerturbation_rel_error_le_condition,,,,,measurements/runs/results-r09/pairs/P13-T3-rep-01/condition-L/accepted_proof.lean,measurements/runs/results-r09/pairs/P13-T3-rep-01/condition-L/attempt.json
P13-T3,T3,P13-T3-rep-02,N,results-r09,True,83eb9357556845ee85d0cc16b29b907ecb59c004f4bb47471969c15565341257,71e5dec19edf989cdb0d7dec72deb3f8991a5fa88fb7c7052742c70cc8a2ab1f,0,0,0,0,0,0,0,0,3,0,0,0,868.723409,1412346,0,0,0,0,True,321,188,,,NumStability.one_le_summationConditionNumber;NumStability.summationComponentwisePerturbation_abs_error_le;NumStability.summationComponentwisePerturbation_rel_error_le_condition,,,,,measurements/runs/results-r09/pairs/P13-T3-rep-02/condition-N/accepted_proof.lean,measurements/runs/results-r09/pairs/P13-T3-rep-02/condition-N/attempt.json
P13-T3,T3,P13-T3-rep-02,L,results-r09,True,7d9176d428c8166052c748c932202ed61bb08a707684494708469db2e6fc28b5,a745c892100ed66a94ab0497d5b3518ab92f2a2a9880ae34bc14be0016201cfa,0,0,0,0,0,0,0,0,3,0,0,0,551.160304,2009025,0,0,0,0,True,318,98,,,NumStability.one_le_summationConditionNumber;NumStability.summationComponentwisePerturbation_abs_error_le;NumStability.summationComponentwisePerturbation_rel_error_le_condition,,,,,measurements/runs/results-r09/pairs/P13-T3-rep-02/condition-L/accepted_proof.lean,measurements/runs/results-r09/pairs/P13-T3-rep-02/condition-L/attempt.json
P13-T3,T3,P13-T3-rep-03,N,results-r09,True,3b6ec6c6e15e634867da6027d944bd26aa8d6642a15d7ed74c5efdafb0a6a4bc,af585194bde257e3de823b79c2fe73bd266929dc19072c78fcdfd650d1247c23,0,0,0,0,0,0,0,0,3,0,0,0,739.44378,4249599,0,0,0,0,True,344,196,,,NumStability.one_le_summationConditionNumber;NumStability.summationComponentwisePerturbation_abs_error_le;NumStability.summationComponentwisePerturbation_rel_error_le_condition,,,,,measurements/runs/results-r09/pairs/P13-T3-rep-03/condition-N/accepted_proof.lean,measurements/runs/results-r09/pairs/P13-T3-rep-03/condition-N/attempt.json
P13-T3,T3,P13-T3-rep-03,L,results-r09,True,8486ab58573d545b7274f2a6cc16d56512fb01c3be591a7d4f19eafc27eba32c,ba1bcfefaa69d54965e23f4fae712746f450bff86149a11fbc21b5d0d53447a2,0,0,0,0,0,0,0,0,3,0,0,0,515.253649,1393388,0,0,0,0,True,322,225,,,NumStability.one_le_summationConditionNumber;NumStability.summationComponentwisePerturbation_abs_error_le;NumStability.summationComponentwisePerturbation_rel_error_le_condition,,,,,measurements/runs/results-r09/pairs/P13-T3-rep-03/condition-L/accepted_proof.lean,measurements/runs/results-r09/pairs/P13-T3-rep-03/condition-L/attempt.json
P15-T3,T3,P15-T3-rep-01,N,results-r09,True,426102cc221eb5f21fb67fde123bc97df55f7c068efa44cb1ba93a2ecd0d837b,3c7f98f2e246cc46cc5f1e239b4ed9581365e1b3649e710dd05cfa89b0e2dd6e,0,0,0,0,0,0,0,0,3,0,0,0,886.227389,3650562,0,0,0,0,True,837,33,,,NumStability.frobNormRect_add_le;NumStability.frobNormRect_nonneg;NumStability.frobNormRect_rectMatMul_le,,,,,measurements/runs/results-r09/pairs/P15-T3-rep-01/condition-N/accepted_proof.lean,measurements/runs/results-r09/pairs/P15-T3-rep-01/condition-N/attempt.json
P15-T3,T3,P15-T3-rep-01,L,results-r09,True,642450b65545ea8f6638c8eb00eb9aef9f6c0c3bbe93f5d0f564858c3bca295c,d4ff3b134cbf1397dee46e762d00e8e714daef46b1163c486928b5989880e0e8,1,31,16,15,35,0,0,3,3,3,0,3,803.982865,3228359,35,0,0,1,True,715,51,NumStability.GramSchmidtOrthonormalColumns;NumStability.H19Sensitivity.frobNormRect_rectMatMul_eq_of_orthonormal_left;NumStability.H19Sensitivity.vecNorm2_rectMatMulVec_eq_of_orthonormal;NumStability.finiteTranspose;NumStability.frobInnerProductRect_le;NumStability.frobInnerProductRect_sq_le;NumStability.frobNormRect;NumStability.frobNormRect_add_le;NumStability.frobNormRect_finiteTranspose;NumStability.frobNormRect_le_of_col_vecNorm2_le_rect;NumStability.frobNormRect_nonneg;NumStability.frobNormRect_rectMatMul_le;NumStability.frobNormRect_sq;NumStability.frobNormSqRect;NumStability.frobNormSqRect_add_le;NumStability.frobNormSqRect_eq_sum_vecNorm2Sq_cols;NumStability.frobNormSqRect_finiteTranspose;NumStability.frobNormSqRect_nonneg;NumStability.idMatrix;NumStability.idMatrix_quadratic_eq_vecNorm2Sq;NumStability.matMulRect;NumStability.rectMatMul;NumStability.rectMatMulVec;NumStability.rectMatMul_add_left;NumStability.rectMatMul_add_right;NumStability.rectMatMul_assoc;NumStability.rectangularGram;NumStability.rectangularGram_quadratic_eq_vecNorm2Sq;NumStability.vecNorm2;NumStability.vecNorm2Sq;NumStability.vecNorm2Sq_nonneg;NumStability.vecNorm2Sq_rectMatMulVec_le_frobNormSqRect_mul;NumStability.vecNorm2_nonneg;NumStability.vecNorm2_rectMatMulVec_le_frobNormRect_mul;NumStability.vecNorm2_sq,,NumStability.frobNormRect_add_le;NumStability.frobNormRect_nonneg;NumStability.frobNormRect_rectMatMul_le,NumStability.frobNormRect_add_le;NumStability.frobNormRect_nonneg;NumStability.frobNormRect_rectMatMul_le,,,NumStability.GramSchmidtOrthonormalColumns;NumStability.H19Sensitivity.frobNormRect_rectMatMul_eq_of_orthonormal_left;NumStability.finiteTranspose;NumStability.frobNormRect;NumStability.frobNormRect_add_le;NumStability.frobNormRect_finiteTranspose;NumStability.frobNormRect_nonneg;NumStability.frobNormRect_rectMatMul_le;NumStability.frobNormRect_sub_le;NumStability.frobNormSqRect;NumStability.idMatrix;NumStability.rectMatMul;NumStability.rectMatMul_add_left;NumStability.rectMatMul_add_right;NumStability.rectMatMul_assoc;NumStability.rectangularGram,measurements/runs/results-r09/pairs/P15-T3-rep-01/condition-L/accepted_proof.lean,measurements/runs/results-r09/pairs/P15-T3-rep-01/condition-L/attempt.json
P15-T3,T3,P15-T3-rep-02,N,results-r10,True,8e7afe50f7cb84a49f2c5ec97ddf69ce92c31c48ceebd0b1a08fda2bd95455ee,64fc15c9c33fa30b712a28462e29deeb91c8d35588759a9ea4c54859f6f8094f,0,0,0,0,0,0,0,0,3,0,0,0,1004.255963,4100417,0,0,0,0,True,655,24,,,NumStability.frobNormRect_add_le;NumStability.frobNormRect_nonneg;NumStability.frobNormRect_rectMatMul_le,,,,,measurements/runs/results-r10/pairs/P15-T3-rep-02/condition-N/accepted_proof.lean,measurements/runs/results-r10/pairs/P15-T3-rep-02/condition-N/attempt.json
P15-T3,T3,P15-T3-rep-02,L,results-r10,True,c3471fc0e12e92f987c64743936d1761450d5965926124d40a2dee576d622280,b718a33c4d3f6b6c562425d7fbc70fbf0f73425cf42a1126c23b517a7c6817a7,1,28,15,14,35,0,11,3,3,3,0,3,914.557369,3533535,35,0,0,1,True,893,474,NumStability.GramSchmidtOrthonormalColumns;NumStability.H19Sensitivity.frobNormRect_rectMatMul_eq_of_orthonormal_left;NumStability.H19Sensitivity.vecNorm2_rectMatMulVec_eq_of_orthonormal;NumStability.finiteTranspose;NumStability.frobInnerProductRect_le;NumStability.frobInnerProductRect_sq_le;NumStability.frobNormRect;NumStability.frobNormRect_add_le;NumStability.frobNormRect_finiteTranspose;NumStability.frobNormRect_le_of_col_vecNorm2_le_rect;NumStability.frobNormRect_nonneg;NumStability.frobNormRect_rectMatMul_le;NumStability.frobNormRect_sq;NumStability.frobNormSqRect;NumStability.frobNormSqRect_add_le;NumStability.frobNormSqRect_eq_sum_vecNorm2Sq_cols;NumStability.frobNormSqRect_finiteTranspose;NumStability.frobNormSqRect_nonneg;NumStability.idMatrix;NumStability.idMatrix_quadratic_eq_vecNorm2Sq;NumStability.matMulRect;NumStability.rectMatMul;NumStability.rectMatMulVec;NumStability.rectMatMul_add_left;NumStability.rectMatMul_add_right;NumStability.rectMatMul_assoc;NumStability.rectangularGram;NumStability.rectangularGram_quadratic_eq_vecNorm2Sq;NumStability.vecNorm2;NumStability.vecNorm2Sq;NumStability.vecNorm2Sq_nonneg;NumStability.vecNorm2Sq_rectMatMulVec_le_frobNormSqRect_mul;NumStability.vecNorm2_nonneg;NumStability.vecNorm2_rectMatMulVec_le_frobNormRect_mul;NumStability.vecNorm2_sq,,NumStability.frobNormRect_add_le;NumStability.frobNormRect_nonneg;NumStability.frobNormRect_rectMatMul_le,NumStability.frobNormRect_add_le;NumStability.frobNormRect_nonneg;NumStability.frobNormRect_rectMatMul_le,,,NumStability.GramSchmidtOrthonormalColumns;NumStability.H19Sensitivity.frobNormRect_rectMatMul_eq_of_orthonormal_left;NumStability.finiteTranspose;NumStability.frobNormRect;NumStability.frobNormRect_add_le;NumStability.frobNormRect_finiteTranspose;NumStability.frobNormRect_rectMatMul_le;NumStability.frobNormRect_sub_le;NumStability.frobNormSqRect;NumStability.idMatrix;NumStability.rectMatMul;NumStability.rectMatMul_add_left;NumStability.rectMatMul_add_right;NumStability.rectMatMul_assoc;NumStability.rectangularGram,measurements/runs/results-r10/pairs/P15-T3-rep-02/condition-L/accepted_proof.lean,measurements/runs/results-r10/pairs/P15-T3-rep-02/condition-L/attempt.json
P15-T3,T3,P15-T3-rep-03,N,results-r09,True,81ac11983176b11a0ef05ff141adc269f147fd2c6e846d57df58eea376614ff8,488a2e3da45c0060b87ff1c64081cf481c317be83cbc43af17cb1551a79658f9,0,0,0,0,0,0,0,0,3,0,0,0,805.608403,3098915,0,0,0,0,True,699,20,,,NumStability.frobNormRect_add_le;NumStability.frobNormRect_nonneg;NumStability.frobNormRect_rectMatMul_le,,,,,measurements/runs/results-r09/pairs/P15-T3-rep-03/condition-N/accepted_proof.lean,measurements/runs/results-r09/pairs/P15-T3-rep-03/condition-N/attempt.json
P15-T3,T3,P15-T3-rep-03,L,results-r09,True,488e41a6a7e6917b855f4ac99af67f34f83c767f4fbab3f011ae453b313430a6,a59fe6ea337a340fbf57cefc619ae046e0d6a4a0277aa4a470db61f998fe389c,1,9,6,6,22,0,5,1,3,3,0,3,700.072903,2240482,22,0,0,1,True,824,166,NumStability.frobInnerProductRect_le;NumStability.frobInnerProductRect_sq_le;NumStability.frobNormRect;NumStability.frobNormRect_add_le;NumStability.frobNormRect_le_of_col_vecNorm2_le_rect;NumStability.frobNormRect_nonneg;NumStability.frobNormRect_rectMatMul_le;NumStability.frobNormRect_sq;NumStability.frobNormSqRect;NumStability.frobNormSqRect_add_le;NumStability.frobNormSqRect_eq_sum_vecNorm2Sq_cols;NumStability.frobNormSqRect_nonneg;NumStability.rectMatMul;NumStability.rectMatMulVec;NumStability.rectMatMul_assoc;NumStability.vecNorm2;NumStability.vecNorm2Sq;NumStability.vecNorm2Sq_nonneg;NumStability.vecNorm2Sq_rectMatMulVec_le_frobNormSqRect_mul;NumStability.vecNorm2_nonneg;NumStability.vecNorm2_rectMatMulVec_le_frobNormRect_mul;NumStability.vecNorm2_sq,,NumStability.frobNormRect_add_le;NumStability.frobNormRect_nonneg;NumStability.frobNormRect_rectMatMul_le,NumStability.frobNormRect_add_le;NumStability.frobNormRect_nonneg;NumStability.frobNormRect_rectMatMul_le,,,NumStability.frobNormRect;NumStability.frobNormRect_add_le;NumStability.frobNormRect_rectMatMul_le;NumStability.frobNormSqRect;NumStability.rectMatMul;NumStability.rectMatMul_assoc,measurements/runs/results-r09/pairs/P15-T3-rep-03/condition-L/accepted_proof.lean,measurements/runs/results-r09/pairs/P15-T3-rep-03/condition-L/attempt.json
P17-T3,T3,P17-T3-rep-01,N,results-r09,True,6204cdc8c1fee4590198f19da833b42bd2a4f4eb45b85b87eb982b33ed28c4fc,150f339959151c74d1c2b35828ba3845bf235083a37220f6a753ad26f40f0af9,0,0,0,0,0,0,0,0,3,0,0,0,160.26365,321367,0,0,0,0,True,137,48,,,NumStability.FiniteProbability.expectationReal_add;NumStability.FiniteProbability.expectationReal_mul_const;NumStability.FiniteProbability.expectationReal_sub,,,,,measurements/runs/results-r09/pairs/P17-T3-rep-01/condition-N/accepted_proof.lean,measurements/runs/results-r09/pairs/P17-T3-rep-01/condition-N/attempt.json
P17-T3,T3,P17-T3-rep-01,L,results-r09,True,8718a929453a423b8135ea0fc9a039aec66f12366269bac52ffd5f495ddb34c4,484ea396747c87cc36353b73c1d574faf6f76d7bfc71ae73112fcc19b98b9f11,0,0,0,0,0,0,0,0,3,0,0,0,150.098476,417134,0,0,0,0,True,134,56,,,NumStability.FiniteProbability.expectationReal_add;NumStability.FiniteProbability.expectationReal_mul_const;NumStability.FiniteProbability.expectationReal_sub,,,,,measurements/runs/results-r09/pairs/P17-T3-rep-01/condition-L/accepted_proof.lean,measurements/runs/results-r09/pairs/P17-T3-rep-01/condition-L/attempt.json
P17-T3,T3,P17-T3-rep-02,N,results-r09,True,3e49997b357bfbff8fd4523297704121cde1166a9de141746f6f60c6cca766fc,264a46998f916472eeef7742e37464ed1679a2228ce92cbf190f49a6003ba3f1,0,0,0,0,0,0,0,0,3,0,0,0,187.308681,266787,0,0,0,0,True,157,54,,,NumStability.FiniteProbability.expectationReal_add;NumStability.FiniteProbability.expectationReal_mul_const;NumStability.FiniteProbability.expectationReal_sub,,,,,measurements/runs/results-r09/pairs/P17-T3-rep-02/condition-N/accepted_proof.lean,measurements/runs/results-r09/pairs/P17-T3-rep-02/condition-N/attempt.json
P17-T3,T3,P17-T3-rep-02,L,results-r09,True,5d740594ccf2b54169875ab1086ff01c55ba38dcaf27e3b95274bba4bf8f7126,4d1157c30169c1a84beff1eee1c265d47caf2bd4bcd89da90b0d9f1c81da9b52,0,0,0,0,0,0,0,0,3,0,0,0,187.151427,327756,0,0,0,0,True,192,106,,,NumStability.FiniteProbability.expectationReal_add;NumStability.FiniteProbability.expectationReal_mul_const;NumStability.FiniteProbability.expectationReal_sub,,,,,measurements/runs/results-r09/pairs/P17-T3-rep-02/condition-L/accepted_proof.lean,measurements/runs/results-r09/pairs/P17-T3-rep-02/condition-L/attempt.json
P17-T3,T3,P17-T3-rep-03,N,results-r09,True,d52f8e42b718b345f50bc6f0c258576c031311befa6ccf1f746385ec1b8ea225,74e5d3a08156bdeea27f4cbfc03c7115154751946bc00f5243bae68d22703321,0,0,0,0,0,0,0,0,3,0,0,0,180.009014,860178,0,0,0,0,True,117,91,,,NumStability.FiniteProbability.expectationReal_add;NumStability.FiniteProbability.expectationReal_mul_const;NumStability.FiniteProbability.expectationReal_sub,,,,,measurements/runs/results-r09/pairs/P17-T3-rep-03/condition-N/accepted_proof.lean,measurements/runs/results-r09/pairs/P17-T3-rep-03/condition-N/attempt.json
P17-T3,T3,P17-T3-rep-03,L,results-r09,True,895664ca3b1feca0297e35acc46c22541cbdd44a1bb0fb945b856903bce4ef6d,080d9154d10003564d3d121a2565496344858776c140d553e8da231511974ce3,0,0,0,0,0,0,0,0,3,0,0,0,168.14785,664748,0,0,0,0,True,125,25,,,NumStability.FiniteProbability.expectationReal_add;NumStability.FiniteProbability.expectationReal_mul_const;NumStability.FiniteProbability.expectationReal_sub,,,,,measurements/runs/results-r09/pairs/P17-T3-rep-03/condition-L/accepted_proof.lean,measurements/runs/results-r09/pairs/P17-T3-rep-03/condition-L/attempt.json
P19-T3,T3,P19-T3-rep-01,N,results-r09,True,e5160f1dafd9a074077341ca6e888eb1b5331afd5121a54d9bd0c3849c30684e,2f2742981f4a5a2a908ba5126cb39291ab5dae5cb1fc262194b3f6c0bf252fbe,0,0,0,0,0,0,0,0,2,0,0,0,433.761484,6306722,0,0,0,0,True,422,263,,,NumStability.vecNorm2_add_le;NumStability.vecNorm2_nonneg,,,,,measurements/runs/results-r09/pairs/P19-T3-rep-01/condition-N/accepted_proof.lean,measurements/runs/results-r09/pairs/P19-T3-rep-01/condition-N/attempt.json
P19-T3,T3,P19-T3-rep-01,L,results-r09,True,191e91ec48d8e1f8cedf60897bf4c3859ab77821d5796ddea5ed05b10277ce9a,588b284024b0f9f606c197dc53b4e127b2084ad91f5c7f176003386e6e54f3e0,0,0,0,0,0,0,0,0,2,0,0,0,366.873159,1079224,0,0,0,0,True,400,281,,,NumStability.vecNorm2_add_le;NumStability.vecNorm2_nonneg,,,,,measurements/runs/results-r09/pairs/P19-T3-rep-01/condition-L/accepted_proof.lean,measurements/runs/results-r09/pairs/P19-T3-rep-01/condition-L/attempt.json
P19-T3,T3,P19-T3-rep-02,N,results-r09,True,88dbdf5282f717fd681e168f17580b73a116f3544930a3daa7dca63917087b7c,973163ddb158e7c2536d36c11bddeaeb0bca9e48af0ef4a736e2db36022ff989,0,0,0,0,0,0,0,0,2,0,0,0,475.739067,2265496,0,0,0,0,True,427,237,,,NumStability.vecNorm2_add_le;NumStability.vecNorm2_nonneg,,,,,measurements/runs/results-r09/pairs/P19-T3-rep-02/condition-N/accepted_proof.lean,measurements/runs/results-r09/pairs/P19-T3-rep-02/condition-N/attempt.json
P19-T3,T3,P19-T3-rep-02,L,results-r09,True,26b4ad5ed715c22fdbb5a20fc9d84e93ca164563947e7788dd03f4f069bb1a26,1002dc019cf536a398aa32508d8b14d63307432ab997471e9a81b57379806f28,0,0,0,0,0,0,0,0,2,0,0,0,397.422362,2173720,0,0,0,0,True,436,265,,,NumStability.vecNorm2_add_le;NumStability.vecNorm2_nonneg,,,,,measurements/runs/results-r09/pairs/P19-T3-rep-02/condition-L/accepted_proof.lean,measurements/runs/results-r09/pairs/P19-T3-rep-02/condition-L/attempt.json
P19-T3,T3,P19-T3-rep-03,N,results-r09,True,0f444a588a6fa881db87dbce07fa9f92a779fdeee8febef221bf58764acc07ec,08783261b72838ccbaadc89655a51a9fe108571ef0b14c86fde0da5b0aff9b15,0,0,0,0,0,0,0,0,2,0,0,0,389.645212,1608070,0,0,0,0,True,434,282,,,NumStability.vecNorm2_add_le;NumStability.vecNorm2_nonneg,,,,,measurements/runs/results-r09/pairs/P19-T3-rep-03/condition-N/accepted_proof.lean,measurements/runs/results-r09/pairs/P19-T3-rep-03/condition-N/attempt.json
P19-T3,T3,P19-T3-rep-03,L,results-r09,True,a8a4ae2e82e8d138af509dad3d91e6b0959e176eee64bcaeb17b3e30935a5acc,9197caf56f7ae70f11fd5d7fa67a8fff506fbe29a55d976fe4202eb6a1e66cf5,0,0,0,0,0,0,0,0,2,0,0,0,358.793064,1298050,0,0,0,0,True,486,21,,,NumStability.vecNorm2_add_le;NumStability.vecNorm2_nonneg,,,,,measurements/runs/results-r09/pairs/P19-T3-rep-03/condition-L/accepted_proof.lean,measurements/runs/results-r09/pairs/P19-T3-rep-03/condition-L/attempt.json
P20-T3,T3,P20-T3-rep-01,N,results-r09,True,e4660b4f97840a3dde93bd2432397900c47c0f2d8b7748440b503f1560058143,05b72993a3be78fceff886f2646e1748417e1c84d2de61fc022d16053e4db727,0,0,0,0,0,0,0,0,3,0,0,0,520.689119,2269840,0,0,0,0,True,462,342,,,NumStability.infNormRect_le_of_row_sum_le;NumStability.infNormRect_nonneg;NumStability.row_sum_le_infNormRect,,,,,measurements/runs/results-r09/pairs/P20-T3-rep-01/condition-N/accepted_proof.lean,measurements/runs/results-r09/pairs/P20-T3-rep-01/condition-N/attempt.json
P20-T3,T3,P20-T3-rep-01,L,results-r09,True,711bb8676247afabfcf5f2a46159d308451610b0b075037c3f1beae95332cd73,8d017f8775d3d526f0c3c79fd953c1502ba2c1d12d9845ccf4e0bc4c7688da9e,0,0,0,0,0,0,0,0,3,0,0,0,419.423463,1978137,0,0,0,0,True,435,26,,,NumStability.infNormRect_le_of_row_sum_le;NumStability.infNormRect_nonneg;NumStability.row_sum_le_infNormRect,,,,,measurements/runs/results-r09/pairs/P20-T3-rep-01/condition-L/accepted_proof.lean,measurements/runs/results-r09/pairs/P20-T3-rep-01/condition-L/attempt.json
P20-T3,T3,P20-T3-rep-02,N,results-r09,True,5f4a3a1d89c798dcdf00ae4cfd2c9309b4a27596b023ccc20d559216310388e6,aecf130db5d951fe56811c3fc75da87caf314fbc297a2705a73c3482f132d0ac,0,0,0,0,0,0,0,0,3,0,0,0,400.427121,1342409,0,0,0,0,True,454,51,,,NumStability.infNormRect_le_of_row_sum_le;NumStability.infNormRect_nonneg;NumStability.row_sum_le_infNormRect,,,,,measurements/runs/results-r09/pairs/P20-T3-rep-02/condition-N/accepted_proof.lean,measurements/runs/results-r09/pairs/P20-T3-rep-02/condition-N/attempt.json
P20-T3,T3,P20-T3-rep-02,L,results-r09,True,6f62644a3292f263a590027d44f34ba475a06c4bd3402038b71936f7b3474b7e,ee38022a1b3a216ada637c3c7afe4949323809e39e6741ca941b4b0fc9013216,1,4,4,4,4,0,2,1,3,3,0,3,335.45164,864826,4,0,0,1,True,456,300,NumStability.infNormRect;NumStability.infNormRect_le_of_row_sum_le;NumStability.infNormRect_nonneg;NumStability.row_sum_le_infNormRect,,NumStability.infNormRect_le_of_row_sum_le;NumStability.infNormRect_nonneg;NumStability.row_sum_le_infNormRect,NumStability.infNormRect_le_of_row_sum_le;NumStability.infNormRect_nonneg;NumStability.row_sum_le_infNormRect,,,NumStability.infNormRect;NumStability.infNormRect_le_of_row_sum_le;NumStability.infNormRect_nonneg;NumStability.row_sum_le_infNormRect,measurements/runs/results-r09/pairs/P20-T3-rep-02/condition-L/accepted_proof.lean,measurements/runs/results-r09/pairs/P20-T3-rep-02/condition-L/attempt.json
P20-T3,T3,P20-T3-rep-03,N,results-r09,True,0ed090b2a11eaa5a8fea97f2f6a19bf54806b76b192f7a51cc39dca64205154a,1471e79b1295d1e9d65da5a992ba9b325282351de57c6010653977cbfbbc5735,0,0,0,0,0,0,0,0,3,0,0,0,516.187471,1392961,0,0,0,0,True,437,285,,,NumStability.infNormRect_le_of_row_sum_le;NumStability.infNormRect_nonneg;NumStability.row_sum_le_infNormRect,,,,,measurements/runs/results-r09/pairs/P20-T3-rep-03/condition-N/accepted_proof.lean,measurements/runs/results-r09/pairs/P20-T3-rep-03/condition-N/attempt.json
P20-T3,T3,P20-T3-rep-03,L,results-r09,True,af38f539cb30dbd019d6dbc5a86485784d9f5b0a0d73e36cd4ffe45d7f4bb307,bace73eae071ea2ac395c363cbf784330ddf1f46c55fa8a793fe83d59ac44a82,0,0,0,0,0,0,0,0,3,0,0,0,481.772911,2286333,0,0,0,0,True,622,50,,,NumStability.infNormRect_le_of_row_sum_le;NumStability.infNormRect_nonneg;NumStability.row_sum_le_infNormRect,,,,,measurements/runs/results-r09/pairs/P20-T3-rep-03/condition-L/accepted_proof.lean,measurements/runs/results-r09/pairs/P20-T3-rep-03/condition-L/attempt.json
P24-T3,T3,P24-T3-rep-01,N,results-r09,True,0305376d7d3fa9c8718d3345084f86aad86a1f75ca5a5e7f979ae3ab2b2c3307,a48c059c1e8e51426c72bff1de338c2dea24a1a8f93c699470f25958e1ba5dcc,0,0,0,0,0,0,0,0,0,0,0,0,137.09687,353125,0,0,0,0,True,106,83,,,,,,,,measurements/runs/results-r09/pairs/P24-T3-rep-01/condition-N/accepted_proof.lean,measurements/runs/results-r09/pairs/P24-T3-rep-01/condition-N/attempt.json
P24-T3,T3,P24-T3-rep-01,L,results-r09,True,0cb3cb69d2e09bfa10397770822cad2a2133cf8497a116d030fe1c027de34a37,2e56784e318c9ec2d08d928d7f4e120238c6ab24fd46ec31f2859deee6f7525f,0,0,0,0,0,0,0,0,0,0,0,0,308.321035,905441,0,0,0,0,True,121,98,,,,,,,,measurements/runs/results-r09/pairs/P24-T3-rep-01/condition-L/accepted_proof.lean,measurements/runs/results-r09/pairs/P24-T3-rep-01/condition-L/attempt.json
P24-T3,T3,P24-T3-rep-02,N,results-r09,True,ab8ef51a2ae31e4868aaa960ad4c718ab91bee078ab13a7fbee4abfba3a1922a,ecde88d67a60944296ac7dae18f1a2e440c58de5f36b0b78537d5b0e1ddd6c2a,0,0,0,0,0,0,0,0,0,0,0,0,199.530127,474976,0,0,0,0,True,100,77,,,,,,,,measurements/runs/results-r09/pairs/P24-T3-rep-02/condition-N/accepted_proof.lean,measurements/runs/results-r09/pairs/P24-T3-rep-02/condition-N/attempt.json
P24-T3,T3,P24-T3-rep-02,L,results-r09,True,35b15098c2552cc31f0c863f72f78355bc0bb1484a84cd0528f783c27b2d17df,db7db314c01ed29e12ab360695c26412bfcad8abc22d0783d036a1256f0460c9,0,0,0,0,0,0,0,0,0,0,0,0,241.200807,435858,0,0,0,0,True,148,125,,,,,,,,measurements/runs/results-r09/pairs/P24-T3-rep-02/condition-L/accepted_proof.lean,measurements/runs/results-r09/pairs/P24-T3-rep-02/condition-L/attempt.json
P24-T3,T3,P24-T3-rep-03,N,results-r09,True,b3b9fc31594784d88a0019fe5c2b6c7ee2f88e55881616d2d8572216fa94f3ca,a85a132bab8cfd18a2220fecf8f1721e44786b6d9a6b8da4f1e019c1916a0406,0,0,0,0,0,0,0,0,0,0,0,0,252.579973,915880,0,0,0,0,True,135,112,,,,,,,,measurements/runs/results-r09/pairs/P24-T3-rep-03/condition-N/accepted_proof.lean,measurements/runs/results-r09/pairs/P24-T3-rep-03/condition-N/attempt.json
P24-T3,T3,P24-T3-rep-03,L,results-r09,True,09fb7fd48a50f837f82d9f15f9ca7931f72a5b38a3d4466c9517338c61f3ea73,39102883cdd8db8c9ad9a63f8bb2b5a2ace3d5e976663770fb6b5a411724b233,0,0,0,0,0,0,0,0,0,0,0,0,171.677765,194340,0,0,0,0,True,140,45,,,,,,,,measurements/runs/results-r09/pairs/P24-T3-rep-03/condition-L/accepted_proof.lean,measurements/runs/results-r09/pairs/P24-T3-rep-03/condition-L/attempt.json
P25-T3,T3,P25-T3-rep-01,N,results-r09,True,eba636ae258ce9ba60ce90ba8365ea0aa9ba8cc95f7d1a178491fb52e67a4f24,2ea5d0d73baeea38970fdec724ebc5ba453b0f60a06fbd196fbd2b93fd06f250,0,0,0,0,0,0,0,0,0,0,0,0,160.735955,230139,0,0,0,0,True,111,30,,,,,,,,measurements/runs/results-r09/pairs/P25-T3-rep-01/condition-N/accepted_proof.lean,measurements/runs/results-r09/pairs/P25-T3-rep-01/condition-N/attempt.json
P25-T3,T3,P25-T3-rep-01,L,results-r09,True,fdf73f5e35d2abcd8855864592e475f9a30e6a65eb2c9bdf168568e5f824d3ae,47fc7726070cdecf270353bc0f255f0a667394613196a6856e56d9639162a0fe,0,0,0,0,0,0,0,0,0,0,0,0,172.888608,279090,0,0,0,0,True,122,38,,,,,,,,measurements/runs/results-r09/pairs/P25-T3-rep-01/condition-L/accepted_proof.lean,measurements/runs/results-r09/pairs/P25-T3-rep-01/condition-L/attempt.json
P25-T3,T3,P25-T3-rep-02,N,results-r09,True,d623c02cee8fd68a2df0b6e7aefa0e4b823272127f82d967a96bfcb5b76392c6,3ee408af24269bb47d4000fac359db7ef5c5be346e32445bedf2afcfa0a6b8ff,0,0,0,0,0,0,0,0,0,0,0,0,256.124901,872235,0,0,0,0,True,118,38,,,,,,,,measurements/runs/results-r09/pairs/P25-T3-rep-02/condition-N/accepted_proof.lean,measurements/runs/results-r09/pairs/P25-T3-rep-02/condition-N/attempt.json
P25-T3,T3,P25-T3-rep-02,L,results-r09,True,87a433ff859b0a2934417543f8de871f791b0c0d65d1a48e891372d9b1894eb9,4a2bbc9f1eae4fb308e7b5a7adc818a686e482664f57f0f65d53c2dea7c17a5d,0,0,0,0,0,0,0,0,0,0,0,0,243.386251,432252,0,0,0,0,True,132,41,,,,,,,,measurements/runs/results-r09/pairs/P25-T3-rep-02/condition-L/accepted_proof.lean,measurements/runs/results-r09/pairs/P25-T3-rep-02/condition-L/attempt.json
P25-T3,T3,P25-T3-rep-03,N,results-r09,True,4752a459da9bdbef5f5f9b6e92430ab07df5ecb0b20fada70d7f033b052654f4,9c457feeeb749ff7f7592f4ea12f19ce388c40c21ff8faad41ed0be051e07e46,0,0,0,0,0,0,0,0,0,0,0,0,192.024105,263494,0,0,0,0,True,120,55,,,,,,,,measurements/runs/results-r09/pairs/P25-T3-rep-03/condition-N/accepted_proof.lean,measurements/runs/results-r09/pairs/P25-T3-rep-03/condition-N/attempt.json
P25-T3,T3,P25-T3-rep-03,L,results-r09,True,9c7e46d1e36e46d5d119463cc38f19830ffd42ef85a3ae8a4eae1bb510289e19,ea6bde51e4b7a22c9c7ecd157d2bdf3fd2f6e3300177c1eb55d9c92a300076b6,0,0,0,0,0,0,0,0,0,0,0,0,208.554972,510499,0,0,0,0,True,127,98,,,,,,,,measurements/runs/results-r09/pairs/P25-T3-rep-03/condition-L/accepted_proof.lean,measurements/runs/results-r09/pairs/P25-T3-rep-03/condition-L/attempt.json
P27-T3,T3,P27-T3-rep-01,N,results-r09,True,78290a4d5ec501e5fb6979ea7d1dc3a32a8861e48f2521b7ecff629f2f84e044,36a8e7e6593c4adb825b89f0bea9c81ae1378d96ffb26c9b8994a3cde453829c,0,0,0,0,0,0,0,0,0,0,0,0,329.077863,782100,0,0,0,0,False,222,23,,,,,,,,measurements/runs/results-r09/pairs/P27-T3-rep-01/condition-N/accepted_proof.lean,measurements/runs/results-r09/pairs/P27-T3-rep-01/condition-N/attempt.json
P27-T3,T3,P27-T3-rep-01,L,results-r09,True,b7a58f352172b6c617e16e797c1a881afd09cc7f8660c13f76b9d750ea67c113,dc84655a82364b632477fa259450aa9ede61b467510419c0522969a0979cd54f,0,0,0,0,0,0,0,0,0,0,0,0,311.643167,939333,0,0,0,0,True,142,66,,,,,,,,measurements/runs/results-r09/pairs/P27-T3-rep-01/condition-L/accepted_proof.lean,measurements/runs/results-r09/pairs/P27-T3-rep-01/condition-L/attempt.json
P27-T3,T3,P27-T3-rep-02,N,results-r09,True,0cc8964908b66cd000c93ff99f4bf29bbf55c5f0add8061960d2bf2274d04e0b,b44cea35368349f347791fd61acb2ca42ba539320645cc1cebfe188a86c5008e,0,0,0,0,0,0,0,0,0,0,0,0,284.843356,405492,0,0,0,0,True,183,124,,,,,,,,measurements/runs/results-r09/pairs/P27-T3-rep-02/condition-N/accepted_proof.lean,measurements/runs/results-r09/pairs/P27-T3-rep-02/condition-N/attempt.json
P27-T3,T3,P27-T3-rep-02,L,results-r09,True,f3eeeeb69fc7eb1cddcbaf7a2167ceb67cd925c8a1aad7172c534f1a88f651ef,0abd4bf184975af7ee0b7f61274a308fa265107ccf90069898502acb41865188,0,0,0,0,0,0,0,0,0,0,0,0,254.270593,428354,0,0,0,0,True,197,41,,,,,,,,measurements/runs/results-r09/pairs/P27-T3-rep-02/condition-L/accepted_proof.lean,measurements/runs/results-r09/pairs/P27-T3-rep-02/condition-L/attempt.json
P27-T3,T3,P27-T3-rep-03,N,results-r09,True,33f15ec42d6109229b3c0ac3134ea76fcb1aa5a7c4a7f9d85863e0a53bf28797,5d600dbbc08e49eae2f3894ffe54a813087d4c0d1f71186b95944e54d3289b8b,0,0,0,0,0,0,0,0,0,0,0,0,289.586439,564117,0,0,0,0,True,206,40,,,,,,,,measurements/runs/results-r09/pairs/P27-T3-rep-03/condition-N/accepted_proof.lean,measurements/runs/results-r09/pairs/P27-T3-rep-03/condition-N/attempt.json
P27-T3,T3,P27-T3-rep-03,L,results-r09,True,b2a94b75d5dcc24940c7495c90d2b4b1ec69e2534c0728051f8d3894bf1a48f4,4842c0aa5884f1f808edc29d584e1ab8d39b06a2a42f84648bb3f31528f2f186,0,0,0,0,0,0,0,0,0,0,0,0,295.636316,550442,0,0,0,0,True,238,71,,,,,,,,measurements/runs/results-r09/pairs/P27-T3-rep-03/condition-L/accepted_proof.lean,measurements/runs/results-r09/pairs/P27-T3-rep-03/condition-L/attempt.json
P28-T3,T3,P28-T3-rep-01,N,results-r09,True,fd9b2f573c14ebba43fddbfde39d02e87ceb5b77f2278c7cead2d861ef7b7605,82f369111368879763a40a2f3065ab906dd4812c950ee048870907ffb65cf9e5,0,0,0,0,0,0,0,0,0,0,0,0,220.692593,403588,0,0,0,0,True,183,168,,,,,,,,measurements/runs/results-r09/pairs/P28-T3-rep-01/condition-N/accepted_proof.lean,measurements/runs/results-r09/pairs/P28-T3-rep-01/condition-N/attempt.json
P28-T3,T3,P28-T3-rep-01,L,results-r09,True,9a1b0096a85f3e5e17c2f157ce387d05bd383d88858bd140a41e5906dd51edce,3a65ade11b91918843f6b44ffe91cfe8aabd59ca1f22567aaa4e4192fb29c93c,0,0,0,0,0,0,0,0,0,0,0,0,360.838809,440051,0,0,0,0,True,176,161,,,,,,,,measurements/runs/results-r09/pairs/P28-T3-rep-01/condition-L/accepted_proof.lean,measurements/runs/results-r09/pairs/P28-T3-rep-01/condition-L/attempt.json
P28-T3,T3,P28-T3-rep-02,N,results-r09,True,5a71b7c9afaf4f136179ec5eee85052245232129280ccdb117b5fa56a33b78a1,f7301e1b81703eae8b389b0a6fa2a0208fd0ad70e4a2ccb91215e4dcfb2c8415,0,0,0,0,0,0,0,0,0,0,0,0,236.944252,481763,0,0,0,0,True,211,182,,,,,,,,measurements/runs/results-r09/pairs/P28-T3-rep-02/condition-N/accepted_proof.lean,measurements/runs/results-r09/pairs/P28-T3-rep-02/condition-N/attempt.json
P28-T3,T3,P28-T3-rep-02,L,results-r09,True,282844da257871e2cba04f57f86038ed973d5dcedeac13a022dae8e6d6b62d96,07d288bd64f7715efe5915dd9b51a7d8e026705b5448a6d5b644f14fc65aa571,0,0,0,0,0,0,0,0,0,0,0,0,190.564946,225625,0,0,0,0,True,172,157,,,,,,,,measurements/runs/results-r09/pairs/P28-T3-rep-02/condition-L/accepted_proof.lean,measurements/runs/results-r09/pairs/P28-T3-rep-02/condition-L/attempt.json
P28-T3,T3,P28-T3-rep-03,N,results-r09,True,590f623f8598436b74c09f56d5f3bd44311214d2ae834f9924b57b4dec9717a1,9a4303707c4255c645940c089bd78648a985c7a8ac92384752d1cc62be3ad9f9,0,0,0,0,0,0,0,0,0,0,0,0,216.095495,478171,0,0,0,0,True,177,162,,,,,,,,measurements/runs/results-r09/pairs/P28-T3-rep-03/condition-N/accepted_proof.lean,measurements/runs/results-r09/pairs/P28-T3-rep-03/condition-N/attempt.json
P28-T3,T3,P28-T3-rep-03,L,results-r09,True,e9c619da0019dd263210e5631928fe1e69908439669ffe97b1978894e871c483,9aac869ef78c801556945ac071da665badd18f51d5a293c3032796e83bf0c7ab,0,0,0,0,0,0,0,0,0,0,0,0,175.485037,186074,0,0,0,0,True,165,150,,,,,,,,measurements/runs/results-r09/pairs/P28-T3-rep-03/condition-L/accepted_proof.lean,measurements/runs/results-r09/pairs/P28-T3-rep-03/condition-L/attempt.json
P32-T3,T3,P32-T3-rep-01,N,results-r10,True,924e2400a707c2da6111dc3d2d268e3a8d5ebfe2ee8eb9fd01d5ffa5077345d0,92e3df581a65a5e3ac602ed80f6141c2121a0268d475ab7c352c2972c48415fa,0,0,0,0,0,0,0,0,0,0,0,0,224.097872,677545,0,0,0,0,True,157,24,,,,,,,,measurements/runs/results-r10/pairs/P32-T3-rep-01/condition-N/accepted_proof.lean,measurements/runs/results-r10/pairs/P32-T3-rep-01/condition-N/attempt.json
P32-T3,T3,P32-T3-rep-01,L,results-r10,True,0459e393aa7ff4d8797f2cb68cae10c34c77d1ea250448f87ea27f837dbf413a,c597cda727d6e9ae5c351d20f146887e245b09d1990195e31ecace3c641428d2,0,0,0,0,0,0,0,0,0,0,0,0,219.883585,488400,0,0,0,0,True,155,20,,,,,,,,measurements/runs/results-r10/pairs/P32-T3-rep-01/condition-L/accepted_proof.lean,measurements/runs/results-r10/pairs/P32-T3-rep-01/condition-L/attempt.json
P32-T3,T3,P32-T3-rep-02,N,results-r09,True,5bcb85ba1a8e003ac3f4f775bc894cd752822bb6b7f9db6dee336e07e7fc1f30,5f27da8fad3e539ce2ab5a508186820d6484bdd809b62290cec8d565e14cfce5,0,0,0,0,0,0,0,0,0,0,0,0,282.663307,653560,0,0,0,0,True,210,108,,,,,,,,measurements/runs/results-r09/pairs/P32-T3-rep-02/condition-N/accepted_proof.lean,measurements/runs/results-r09/pairs/P32-T3-rep-02/condition-N/attempt.json
P32-T3,T3,P32-T3-rep-02,L,results-r09,True,832906bf3766e5e28f416c8e1cfe48b4cb4bc97a0211c566a42fde43ef62d896,c0aa8b2113628995a99c580e7e0e06727a213eb603d8c55536988c14c66a22ce,0,0,0,0,0,0,0,0,0,0,0,0,207.064409,407900,0,0,0,0,True,180,18,,,,,,,,measurements/runs/results-r09/pairs/P32-T3-rep-02/condition-L/accepted_proof.lean,measurements/runs/results-r09/pairs/P32-T3-rep-02/condition-L/attempt.json
P32-T3,T3,P32-T3-rep-03,N,results-r10,True,adae0e28098fc018361aa3397488ee5528cac186f971f66fd56448e0282db64c,9f62e7d0b2d7d32b7e93b6059a526c46b2470b86f58b20bbb1703f331e1e9ca1,0,0,0,0,0,0,0,0,0,0,0,0,204.246353,436150,0,0,0,0,True,129,101,,,,,,,,measurements/runs/results-r10/pairs/P32-T3-rep-03/condition-N/accepted_proof.lean,measurements/runs/results-r10/pairs/P32-T3-rep-03/condition-N/attempt.json
P32-T3,T3,P32-T3-rep-03,L,results-r10,True,820e2466b2efb690be73f0ecaabd5c6ca96cd8269eb43c9cf9f85ec49a98e370,54d81c0132a66e32f147e74e4c578b645101c81e7344df36e9dc5b2e226da254,0,0,0,0,0,0,0,0,0,0,0,0,338.315965,1761101,0,0,0,0,True,173,94,,,,,,,,measurements/runs/results-r10/pairs/P32-T3-rep-03/condition-L/accepted_proof.lean,measurements/runs/results-r10/pairs/P32-T3-rep-03/condition-L/attempt.json
P34-T3,T3,P34-T3-rep-01,N,results-r10,True,3ffc48874ab5a936e0b5332c702b1d89249267ceed79dd44ebe46e775be7cf0b,d266884a1514974fa406748db9cedcf29bd7296bb9b4523493e546d98f28c403,0,0,0,0,0,0,0,0,0,0,0,0,263.815522,299108,0,0,0,0,True,216,128,,,,,,,,measurements/runs/results-r10/pairs/P34-T3-rep-01/condition-N/accepted_proof.lean,measurements/runs/results-r10/pairs/P34-T3-rep-01/condition-N/attempt.json
P34-T3,T3,P34-T3-rep-01,L,results-r10,True,7c0b2a1d5a86b62c38364d395fa7acfcf3490321d86932f7ed9bac42d4730266,ef98094c27a87ba48250bdec9365da38d261caf8c575f743f2fd8e62607d775d,0,0,0,0,0,0,0,0,0,0,0,0,188.573856,177533,0,0,0,0,True,230,133,,,,,,,,measurements/runs/results-r10/pairs/P34-T3-rep-01/condition-L/accepted_proof.lean,measurements/runs/results-r10/pairs/P34-T3-rep-01/condition-L/attempt.json
P34-T3,T3,P34-T3-rep-02,N,results-r10,True,8df7c6f22f226a7fe7f42926976c0d2c5a36bcd0ec9f2e71bc4d70c39d2c7146,b9a5b63b78d6fe5c0c44b20434eff06ad8d06b03ba9fec8f4494b1f7a303f624,0,0,0,0,0,0,0,0,0,0,0,0,268.329829,308562,0,0,0,0,True,214,156,,,,,,,,measurements/runs/results-r10/pairs/P34-T3-rep-02/condition-N/accepted_proof.lean,measurements/runs/results-r10/pairs/P34-T3-rep-02/condition-N/attempt.json
P34-T3,T3,P34-T3-rep-02,L,results-r10,True,295b06fcf56a6d31f37c6579d3663169e76aac006a14a6e3ab47cc59b7d089d0,07d16cd5e1dfeef3aa49d5d030845e3e9ecf4a89ecaeadc897d97662c7b4debf,0,0,0,0,0,0,0,0,0,0,0,0,185.128447,268789,0,0,0,0,True,194,116,,,,,,,,measurements/runs/results-r10/pairs/P34-T3-rep-02/condition-L/accepted_proof.lean,measurements/runs/results-r10/pairs/P34-T3-rep-02/condition-L/attempt.json
P34-T3,T3,P34-T3-rep-03,N,results-r10,True,ff968e82cfec73e193bf5fb92c50847597b554d1b6cc297298ac5d8e2187eca7,cc6f9085dfde24c8b8a776fb9773a39733b615c01ced6bd0d4dfdeb5293d9ba0,0,0,0,0,0,0,0,0,0,0,0,0,213.080535,220217,0,0,0,0,True,213,114,,,,,,,,measurements/runs/results-r10/pairs/P34-T3-rep-03/condition-N/accepted_proof.lean,measurements/runs/results-r10/pairs/P34-T3-rep-03/condition-N/attempt.json
P34-T3,T3,P34-T3-rep-03,L,results-r10,True,86a8af0722a31994de3257041fea686b1a0afdc93366871ec42f163d8e961825,7b2917ecaa2e6e2ca6aaa2e5b765e9bd9d189841cb03f53ddd2487db4f67af68,0,0,0,0,0,0,0,0,0,0,0,0,194.23241,253246,0,0,0,0,True,186,111,,,,,,,,measurements/runs/results-r10/pairs/P34-T3-rep-03/condition-L/accepted_proof.lean,measurements/runs/results-r10/pairs/P34-T3-rep-03/condition-L/attempt.json
P35-T3,T3,P35-T3-rep-01,N,results-r10,True,286a353173908248ad141b8d5182a265f6dcce00ab13d1933252610d3c4a4fe2,ffa48c90bbb958fedca02206121c99dfb17652d1dad2a3d7ae78a38e9afe9b2c,0,0,0,0,0,0,0,0,0,0,0,0,219.173891,570110,0,0,0,0,True,245,201,,,,,,,,measurements/runs/results-r10/pairs/P35-T3-rep-01/condition-N/accepted_proof.lean,measurements/runs/results-r10/pairs/P35-T3-rep-01/condition-N/attempt.json
P35-T3,T3,P35-T3-rep-01,L,results-r10,True,7c11b6509cad9d122422f23c221374828e75b4fd174c6e32fd2c29a514ca66a7,942470e54c38ec992b614c1ad95220a4f7ae59763088830ff86707aecbeb9cfe,0,0,0,0,0,0,0,0,0,0,0,0,228.599807,935196,0,0,0,0,True,230,186,,,,,,,,measurements/runs/results-r10/pairs/P35-T3-rep-01/condition-L/accepted_proof.lean,measurements/runs/results-r10/pairs/P35-T3-rep-01/condition-L/attempt.json
P35-T3,T3,P35-T3-rep-02,N,results-r10,True,1356ede06ddc7b568b4ca16b3cee04f6380832db629275eb639d163fabab0875,95bbb4336ead5ba4e6827b1f5223d235707fe1189cf581724fff5a0c5f6d4d9a,0,0,0,0,0,0,0,0,0,0,0,0,244.789896,645494,0,0,0,0,True,246,202,,,,,,,,measurements/runs/results-r10/pairs/P35-T3-rep-02/condition-N/accepted_proof.lean,measurements/runs/results-r10/pairs/P35-T3-rep-02/condition-N/attempt.json
P35-T3,T3,P35-T3-rep-02,L,results-r10,True,b0f379369f72901c2c7429dd0e609a08b27c21d7e2333b63f90b94487960ae01,c6525c4b024c603da7be1c833f6c6cd9b9c7b039ac10fbee51e881d6061d918a,1,1,1,1,2,1,1,2,0,0,0,1,301.421981,788309,2,0,0,1,True,263,190,NumStability.geomMean_prod_le_one_of_sum_eq_card;NumStability.higham14_problem14_13_amgm_prod_le_pow_sum_div_card,NumStability.higham14_problem14_13_amgm_prod_le_pow_sum_div_card,,,,,NumStability.higham14_problem14_13_amgm_prod_le_pow_sum_div_card,measurements/runs/results-r10/pairs/P35-T3-rep-02/condition-L/accepted_proof.lean,measurements/runs/results-r10/pairs/P35-T3-rep-02/condition-L/attempt.json
P35-T3,T3,P35-T3-rep-03,N,results-r10,True,21c12f5e36d099dfd9558e136942528c67aa1d24b6cd059998e1019c15303382,b30802ed2ab5ed141e3c677aef40cba99af859d3ee6b14310b374a443f6fbbc1,0,0,0,0,0,0,0,0,0,0,0,0,279.63907,1250388,0,0,0,0,True,226,182,,,,,,,,measurements/runs/results-r10/pairs/P35-T3-rep-03/condition-N/accepted_proof.lean,measurements/runs/results-r10/pairs/P35-T3-rep-03/condition-N/attempt.json
P35-T3,T3,P35-T3-rep-03,L,results-r10,True,51a1b1764023a36477879c4415b1f21cbc0d96ddb0014bb25e4a18130a49bb97,862b23d15ff8dcd83aee9f635d9af316e3e26a8143273a4b6a0d03bd169ac5af,1,1,1,1,2,1,1,2,0,0,0,1,273.444109,769068,2,0,0,1,True,250,205,NumStability.geomMean_prod_le_one_of_sum_eq_card;NumStability.higham14_problem14_13_amgm_prod_le_pow_sum_div_card,NumStability.higham14_problem14_13_amgm_prod_le_pow_sum_div_card,,,,,NumStability.higham14_problem14_13_amgm_prod_le_pow_sum_div_card,measurements/runs/results-r10/pairs/P35-T3-rep-03/condition-L/accepted_proof.lean,measurements/runs/results-r10/pairs/P35-T3-rep-03/condition-L/attempt.json
P36-T3,T3,P36-T3-rep-01,N,results-r10,True,7fabad1ee79b979e201f0e5650fe0d76307a6ed4be1e4b9055163a186a92b8c6,6a1f1bfe11173337f3fec1a459cf782a837b6ab960ea787b8e627a25a64edabb,0,0,0,0,0,0,0,0,0,0,0,0,306.221582,1040284,0,0,0,0,True,99,35,,,,,,,,measurements/runs/results-r10/pairs/P36-T3-rep-01/condition-N/accepted_proof.lean,measurements/runs/results-r10/pairs/P36-T3-rep-01/condition-N/attempt.json
P36-T3,T3,P36-T3-rep-01,L,results-r10,True,1f6246ee05c358ecfd3ed46f08b4fb2e6c7f912df9f56bf7c9e102a4b39aff5a,2b2116ccf0e0e3794eb2ee2e9dcc1e979ec6b16b1cc4e4f1cb2d1dc8c8324619,0,0,0,0,0,0,0,0,0,0,0,0,230.076499,1231306,0,0,0,0,True,140,20,,,,,,,,measurements/runs/results-r10/pairs/P36-T3-rep-01/condition-L/accepted_proof.lean,measurements/runs/results-r10/pairs/P36-T3-rep-01/condition-L/attempt.json
P36-T3,T3,P36-T3-rep-02,N,results-r10,True,8560aa06dcca700ae18449128d3851e3169c7ffab6c71cf76fa049891f49be4c,2398ec032458d45aac7ade190689f0b436bbbf7442fbe8f73349af4821e76544,0,0,0,0,0,0,0,0,0,0,0,0,283.546605,1241844,0,0,0,0,True,129,33,,,,,,,,measurements/runs/results-r10/pairs/P36-T3-rep-02/condition-N/accepted_proof.lean,measurements/runs/results-r10/pairs/P36-T3-rep-02/condition-N/attempt.json
P36-T3,T3,P36-T3-rep-02,L,results-r10,True,e283fa76fe1a56e4df36c7ac9d33f132b7d10ac2e23fc42035fd487c909a0575,66be1810b58b9661487fac730ce382ce16ab881a5c4a9c24e38fbca5d85274d7,0,0,0,0,0,0,0,0,0,0,0,0,293.268163,1343427,0,0,0,0,True,138,53,,,,,,,,measurements/runs/results-r10/pairs/P36-T3-rep-02/condition-L/accepted_proof.lean,measurements/runs/results-r10/pairs/P36-T3-rep-02/condition-L/attempt.json
P36-T3,T3,P36-T3-rep-03,N,results-r10,True,2ecccd3755ef18adeeb67b668a85ef9ff12c709ebe8ddbfd6e69cd5bb001e5b0,4c3a16b75234a716e9ff0bdca267effbbf2e0f1ed644d344466e0126bc980427,0,0,0,0,0,0,0,0,0,0,0,0,239.373052,619486,0,0,0,0,False,131,31,,,,,,,,measurements/runs/results-r10/pairs/P36-T3-rep-03/condition-N/accepted_proof.lean,measurements/runs/results-r10/pairs/P36-T3-rep-03/condition-N/attempt.json
P36-T3,T3,P36-T3-rep-03,L,results-r10,True,9a709253c81f6735d2009c259e7e314d3188f3a0baba73976019fb2d1c43e39f,6e1d3230d514c8d3b8b2ab60d081f8dbd52eb090799764ba0a96aea33fdab8fc,0,0,0,0,0,0,0,0,0,0,0,0,317.088833,909590,0,0,0,0,True,158,39,,,,,,,,measurements/runs/results-r10/pairs/P36-T3-rep-03/condition-L/accepted_proof.lean,measurements/runs/results-r10/pairs/P36-T3-rep-03/condition-L/attempt.json
P37-T3,T3,P37-T3-rep-01,N,results-r10,True,b80968783bf0f20def0cf4b7eee138146b5587c3d5d2ac1271859fd81ca53840,89c7e2d0b249e8e7282fa252766f3e10b7ca91d73dec28640da786b2ea72a358,0,0,0,0,0,0,0,0,0,0,0,0,571.589542,3731855,0,0,0,0,True,223,34,,,,,,,,measurements/runs/results-r10/pairs/P37-T3-rep-01/condition-N/accepted_proof.lean,measurements/runs/results-r10/pairs/P37-T3-rep-01/condition-N/attempt.json
P37-T3,T3,P37-T3-rep-01,L,results-r10,True,a122afdfafa08ce0e2675eb0804d0f91a1c24a3bd1d7e150644553c926d72823,25bf83e85e9d2323bee5b9c52ed36972d8bfbdf975b87164dc1aea596be4fddf,0,0,0,0,0,0,0,0,0,0,0,0,439.067055,1996577,0,0,0,0,True,228,78,,,,,,,,measurements/runs/results-r10/pairs/P37-T3-rep-01/condition-L/accepted_proof.lean,measurements/runs/results-r10/pairs/P37-T3-rep-01/condition-L/attempt.json
P37-T3,T3,P37-T3-rep-02,N,results-r10,True,ef6d5bff7745c8f7756f6de1b7e57fe1cda6cdef892202b3fe7bbb9bbf9573b8,b181eebf4d2f5ae070c84856c0d89f9d92954abe312f4c761ce4acc057b84d86,0,0,0,0,0,0,0,0,0,0,0,0,393.409546,5621606,0,0,0,0,True,245,8,,,,,,,,measurements/runs/results-r10/pairs/P37-T3-rep-02/condition-N/accepted_proof.lean,measurements/runs/results-r10/pairs/P37-T3-rep-02/condition-N/attempt.json
P37-T3,T3,P37-T3-rep-02,L,results-r10,True,dde253fbc48de4df80f34deaeaa7cfc1564517f5ab5e4c01e0729d5664b5ca84,fdcafd68503aaea47504e4ea8ce251544d1e853d6041795678e27b5eec07b2bc,0,0,0,0,0,0,0,0,0,0,0,0,428.691342,1228031,0,0,0,0,True,243,9,,,,,,,,measurements/runs/results-r10/pairs/P37-T3-rep-02/condition-L/accepted_proof.lean,measurements/runs/results-r10/pairs/P37-T3-rep-02/condition-L/attempt.json
P37-T3,T3,P37-T3-rep-03,N,results-r10,True,3ef5ceae3c25df47d28c02860a68483cc7d459b8471055cad422dd5b1a3a15f7,8cf23dc5e92174b21099ea3318eddcfb519f42c0680962ff9295d648ea089699,0,0,0,0,0,0,0,0,0,0,0,0,393.063579,2464143,0,0,0,0,True,212,18,,,,,,,,measurements/runs/results-r10/pairs/P37-T3-rep-03/condition-N/accepted_proof.lean,measurements/runs/results-r10/pairs/P37-T3-rep-03/condition-N/attempt.json
P37-T3,T3,P37-T3-rep-03,L,results-r10,True,966b0158e5681bd86c2afc6a612bbd0d86a5a5c8b2d25816d93d333243c35438,f292df3b6c358026372851f1c168d6b17f437b8c8988b02004be892b95af5da6,0,0,0,0,0,0,0,0,0,0,0,0,457.162334,1925494,0,0,0,0,True,266,77,,,,,,,,measurements/runs/results-r10/pairs/P37-T3-rep-03/condition-L/accepted_proof.lean,measurements/runs/results-r10/pairs/P37-T3-rep-03/condition-L/attempt.json
P39-T3,T3,P39-T3-rep-01,N,results-r10,True,ec4a28737d9689372bba02128c5074b776ebe4dd16b07fb9daf2578961f2bfb3,f75ddf9b400c9378478d8f4752ee1f053f37d3431d38da69f5b15aca1f696428,0,0,0,0,0,0,0,0,0,0,0,0,267.375272,535183,0,0,0,0,True,162,129,,,,,,,,measurements/runs/results-r10/pairs/P39-T3-rep-01/condition-N/accepted_proof.lean,measurements/runs/results-r10/pairs/P39-T3-rep-01/condition-N/attempt.json
P39-T3,T3,P39-T3-rep-01,L,results-r10,True,3388ea3cc8c96bd9e2eae3f6343d7d3d2b2c630814a4523555b0a3d77d1215eb,c19304deb9df02e03900a7a7c02fe8c8f1a22c13eb37d5fcd8db162e0e78a7d6,0,0,0,0,0,0,0,0,0,0,0,0,222.745546,372696,0,0,0,0,False,159,133,,,,,,,,measurements/runs/results-r10/pairs/P39-T3-rep-01/condition-L/accepted_proof.lean,measurements/runs/results-r10/pairs/P39-T3-rep-01/condition-L/attempt.json
P39-T3,T3,P39-T3-rep-02,N,results-r10,True,62c3efbfd2353da8be746f618d006b91097d0e3269c368db79f51094317851c6,80e0d48c8f436c264df644e0e6a621c77a01a00a21b1bed66877994252201080,0,0,0,0,0,0,0,0,0,0,0,0,262.344058,432057,0,0,0,0,True,174,140,,,,,,,,measurements/runs/results-r10/pairs/P39-T3-rep-02/condition-N/accepted_proof.lean,measurements/runs/results-r10/pairs/P39-T3-rep-02/condition-N/attempt.json
P39-T3,T3,P39-T3-rep-02,L,results-r10,True,ce68ccee1e3af55177eb51ba694cb40f57bbc391ff16b5e5117a7e50481f687b,8fae96fd980aed81604ef3e240abff1c82f7d733672cf507eb9fab36fcd51359,0,0,0,0,0,0,0,0,0,0,0,0,196.210784,375004,0,0,0,0,True,155,124,,,,,,,,measurements/runs/results-r10/pairs/P39-T3-rep-02/condition-L/accepted_proof.lean,measurements/runs/results-r10/pairs/P39-T3-rep-02/condition-L/attempt.json
P39-T3,T3,P39-T3-rep-03,N,results-r10,True,5756ba86e4315eaf734d75dfb640b594461425a89a6b3dec9454e1f004fdfe13,c0761774cfcbcb89dfdf6ea0de8e767261229fb30d7ed0afb347e643642cdb9a,0,0,0,0,0,0,0,0,0,0,0,0,316.625417,727626,0,0,0,0,True,137,105,,,,,,,,measurements/runs/results-r10/pairs/P39-T3-rep-03/condition-N/accepted_proof.lean,measurements/runs/results-r10/pairs/P39-T3-rep-03/condition-N/attempt.json
P39-T3,T3,P39-T3-rep-03,L,results-r10,True,81d20a0ae422406d11a4990e6f10ba12289eeb0482ae769c71c7ca326eaf9c25,8e1138900c3c7397fe65705d3c446535d3707803670f9ea8dac70e7dc766581d,0,0,0,0,0,0,0,0,0,0,0,0,214.159632,440557,0,0,0,0,True,134,108,,,,,,,,measurements/runs/results-r10/pairs/P39-T3-rep-03/condition-L/accepted_proof.lean,measurements/runs/results-r10/pairs/P39-T3-rep-03/condition-L/attempt.json
P40-T3,T3,P40-T3-rep-01,N,results-r10,True,eaec1e895d806cf6d31b9b8ec040ac5757ec58b21cc8dd7a2155a3e527575016,d007f5ef3e03e93f085fe1b3c33201c3172a918e894dd3a5d7ea76f3efbc78d4,0,0,0,0,0,0,0,0,0,0,0,0,358.272244,903334,0,0,0,0,True,183,131,,,,,,,,measurements/runs/results-r10/pairs/P40-T3-rep-01/condition-N/accepted_proof.lean,measurements/runs/results-r10/pairs/P40-T3-rep-01/condition-N/attempt.json
P40-T3,T3,P40-T3-rep-01,L,results-r10,True,a8491874cb8144fb462bdfb78de6fbd009aa7651e42a37e5ba578e84e6f0dd6d,564010c74b05fe7c7f14c2fcdc09fc883ff6ed30532389145709d9f30be1e15a,1,15,8,8,15,5,7,1,0,0,0,1,253.491115,779862,15,0,0,1,True,226,137,NumStability.IsInverse;NumStability.IsLeftInverse;NumStability.IsOrthogonal;NumStability.IsOrthogonal.col_orthonormal;NumStability.IsOrthogonal.left_inv;NumStability.IsOrthogonal.right_inv;NumStability.IsOrthogonal.row_orthonormal;NumStability.IsOrthogonal.transpose;NumStability.IsRightInverse;NumStability.RMatFn;NumStability.frobNormSq;NumStability.frobNormSq_orthogonal_left;NumStability.frobNormSq_orthogonal_right;NumStability.matMul;NumStability.matTranspose,NumStability.IsLeftInverse;NumStability.IsOrthogonal;NumStability.IsOrthogonal.transpose;NumStability.IsRightInverse;NumStability.matTranspose,,,,,NumStability.IsLeftInverse;NumStability.IsOrthogonal;NumStability.IsRightInverse;NumStability.frobNormSq;NumStability.frobNormSq_orthogonal_left;NumStability.frobNormSq_orthogonal_right;NumStability.matMul;NumStability.matTranspose,measurements/runs/results-r10/pairs/P40-T3-rep-01/condition-L/accepted_proof.lean,measurements/runs/results-r10/pairs/P40-T3-rep-01/condition-L/attempt.json
P40-T3,T3,P40-T3-rep-02,N,results-r10,True,7230590ef05e27fe06a2e0a285c5c7ddcf75276581464478dfda29ef47b8a412,bf24f25934dad04da66573a0d00732fc1083365c20aad5379052428edd51c4ef,0,0,0,0,0,0,0,0,0,0,0,0,306.740042,1273448,0,0,0,0,True,180,105,,,,,,,,measurements/runs/results-r10/pairs/P40-T3-rep-02/condition-N/accepted_proof.lean,measurements/runs/results-r10/pairs/P40-T3-rep-02/condition-N/attempt.json
P40-T3,T3,P40-T3-rep-02,L,results-r10,True,51383df165344dc42be59456372555ad0c737df61c035b395fada90db6ee2128,2fa953c0eb1bf90f470a958e79733c91dc74dde46e1e23b326d6f93085f13661,1,11,6,6,15,0,5,1,0,0,0,1,315.593631,1557183,15,0,0,1,True,222,94,NumStability.IsInverse;NumStability.IsLeftInverse;NumStability.IsOrthogonal;NumStability.IsOrthogonal.col_orthonormal;NumStability.IsOrthogonal.left_inv;NumStability.IsOrthogonal.right_inv;NumStability.IsOrthogonal.row_orthonormal;NumStability.IsOrthogonal.transpose;NumStability.IsRightInverse;NumStability.RMatFn;NumStability.frobNormSq;NumStability.frobNormSq_orthogonal_left;NumStability.frobNormSq_orthogonal_right;NumStability.matMul;NumStability.matTranspose,,,,,,NumStability.IsOrthogonal;NumStability.frobNormSq;NumStability.frobNormSq_orthogonal_left;NumStability.frobNormSq_orthogonal_right;NumStability.matMul;NumStability.matTranspose,measurements/runs/results-r10/pairs/P40-T3-rep-02/condition-L/accepted_proof.lean,measurements/runs/results-r10/pairs/P40-T3-rep-02/condition-L/attempt.json
P40-T3,T3,P40-T3-rep-03,N,results-r10,True,1a8e55bcf8cb2e3ecf8cd0778cf52ce9197c21435e7b238a7b095f26cf604ede,36cc40fd124f7e353b667f039b2394614b9a4659151275a33332df7baa34cca2,0,0,0,0,0,0,0,0,0,0,0,0,339.513035,1167501,0,0,0,0,False,236,130,,,,,,,,measurements/runs/results-r10/pairs/P40-T3-rep-03/condition-N/accepted_proof.lean,measurements/runs/results-r10/pairs/P40-T3-rep-03/condition-N/attempt.json
P40-T3,T3,P40-T3-rep-03,L,results-r10,True,d375df5627e92ffea93dddb33a48536562553c31ceff3d6371e082071b7d2380,0a947cfc71e318df2d5c878889cf18c318be566abdee5d9c712e31739e327720,0,0,0,0,0,0,0,0,0,0,0,0,296.144106,961173,0,0,0,0,True,222,132,,,,,,,,measurements/runs/results-r10/pairs/P40-T3-rep-03/condition-L/accepted_proof.lean,measurements/runs/results-r10/pairs/P40-T3-rep-03/condition-L/attempt.json
