module,source_path,physical_layer,has_static_declarations,compatibility_candidate_static,direct_reverse_layer_import_count,direct_reverse_layer_imports,shortest_source_import_path_to_higher_layer,one_reached_higher_layer_module,interpretation
NumStability.Algorithms.AccumulatorSum,NumStability/Algorithms/AccumulatorSum.lean,Algorithms,false,true,0,,,,Source-import reachability only; this does not establish an elaborated declaration dependency.
NumStability.Algorithms.AitkenDenominator,NumStability/Algorithms/AitkenDenominator.lean,Algorithms,true,false,0,,,,Source-import reachability only; this does not establish an elaborated declaration dependency.
NumStability.Algorithms.Arithmetic.DotProduct.NoGuard,NumStability/Algorithms/Arithmetic/DotProduct/NoGuard.lean,Algorithms,false,false,0,,,,Source-import reachability only; this does not establish an elaborated declaration dependency.
NumStability.Algorithms.Arithmetic.DotProduct.NoGuard.Core,NumStability/Algorithms/Arithmetic/DotProduct/NoGuard/Core.lean,Algorithms,true,false,0,,,,Source-import reachability only; this does not establish an elaborated declaration dependency.
NumStability.Algorithms.Arithmetic.DotProduct.NoGuard.Tree,NumStability/Algorithms/Arithmetic/DotProduct/NoGuard/Tree.lean,Algorithms,true,false,0,,,,Source-import reachability only; this does not establish an elaborated declaration dependency.
NumStability.Algorithms.AutomaticErrorAnalysis.Higham26,NumStability/Algorithms/AutomaticErrorAnalysis/Higham26.lean,Algorithms,false,true,19,NumStability.Source.Higham.Chapter26.AlternatingDirections.ExactExecution;NumStability.Source.Higham.Chapter26.CubicRoots.DepressedCubic;NumStability.Source.Higham.Chapter26.CubicRoots.MonicCubic;NumStability.Source.Higham.Chapter26.Equation01;NumStability.Source.Higham.Chapter26.Equation02;NumStability.Source.Higham.Chapter26.Equation03;NumStability.Source.Higham.Chapter26.Equation04;NumStability.Source.Higham.Chapter26.Equation05.CardanoRoots;NumStability.Source.Higham.Chapter26.Equation05.ComplexBranches;NumStability.Source.Higham.Chapter26.Equation05.RealBranches;NumStability.Source.Higham.Chapter26.Equation05.ZeroBranchDiscrepancy;NumStability.Source.Higham.Chapter26.Equation06;NumStability.Source.Higham.Chapter26.Equation07;NumStability.Source.Higham.Chapter26.Equation08;NumStability.Source.Higham.Chapter26.IntervalArithmetic.DependencyExamples;NumStability.Source.Higham.Chapter26.IntervalArithmetic.DirectedRounding;NumStability.Source.Higham.Chapter26.IntervalArithmetic.ExactOperations;NumStability.Source.Higham.Chapter26.MultidirectionalSearch.Execution;NumStability.Source.Higham.Chapter26.MultidirectionalSearch.Simplex,1,NumStability.Source.Higham.Chapter26.AlternatingDirections.ExactExecution,Source-import reachability only; this does not establish an elaborated declaration dependency.
NumStability.Algorithms.AutomaticErrorAnalysis.Higham26SourceSearch,NumStability/Algorithms/AutomaticErrorAnalysis/Higham26SourceSearch.lean,Algorithms,false,true,1,NumStability.Source.Higham.Chapter26,1,NumStability.Source.Higham.Chapter26,Source-import reachability only; this does not establish an elaborated declaration dependency.
NumStability.Algorithms.BlockDotProduct,NumStability/Algorithms/BlockDotProduct.lean,Algorithms,true,false,0,,,,Source-import reachability only; this does not establish an elaborated declaration dependency.
NumStability.Algorithms.Ch10ActualSourceClosure,NumStability/Algorithms/Ch10ActualSourceClosure.lean,Algorithms,false,true,2,NumStability.Source.Higham.Chapter10.Theorem06.RoundedCholesky.ActualClosure;NumStability.Source.Higham.Chapter10.Theorem06.RoundedCholesky.ForwardError.ActualAlgorithm,1,NumStability.Source.Higham.Chapter10.Theorem06.RoundedCholesky.ActualClosure,Source-import reachability only; this does not establish an elaborated declaration dependency.
NumStability.Algorithms.Ch10Ch14Lemma66Op2Bridge,NumStability/Algorithms/Ch10Ch14Lemma66Op2Bridge.lean,Algorithms,false,true,4,NumStability.Source.Higham.Chapter06.Lemma06;NumStability.Source.Higham.Chapter06.Lemma06.OperatorTwoNormBound.Bridge;NumStability.Source.Higham.Chapter10.Equation07.AbsoluteFactorNorm.Bridge;NumStability.Source.Higham.Chapter14.Section03.ResidualOperatorTwoNorm.Bridge,1,NumStability.Source.Higham.Chapter06.Lemma06,Source-import reachability only; this does not establish an elaborated declaration dependency.
NumStability.Algorithms.Ch10ComplexPositiveDefiniteSourceClosure,NumStability/Algorithms/Ch10ComplexPositiveDefiniteSourceClosure.lean,Algorithms,false,true,2,NumStability.Source.Higham.Chapter10.Equation30.ComplexPositiveDefinite.NoPivotLU.SourceBounds;NumStability.Source.Higham.Chapter10.Equation30.ComplexPositiveDefinite.SourceClosure,1,NumStability.Source.Higham.Chapter10.Equation30.ComplexPositiveDefinite.NoPivotLU.SourceBounds,Source-import reachability only; this does not establish an elaborated declaration dependency.
NumStability.Algorithms.Ch10KahanSharpness,NumStability/Algorithms/Ch10KahanSharpness.lean,Algorithms,false,true,1,NumStability.Source.Higham.Chapter10.Lemma13.KahanSharpness.Limit,1,NumStability.Source.Higham.Chapter10.Lemma13.KahanSharpness.Limit,Source-import reachability only; this does not establish an elaborated declaration dependency.
NumStability.Algorithms.Ch10KahanSharpnessSource,NumStability/Algorithms/Ch10KahanSharpnessSource.lean,Algorithms,false,true,3,NumStability.Source.Higham.Chapter10.Lemma13.KahanSharpness.GramFamily;NumStability.Source.Higham.Chapter10.Lemma13.KahanSharpness.Limit;NumStability.Source.Higham.Chapter10.Lemma13.KahanSharpness.OperatorNorm.SourceBound,1,NumStability.Source.Higham.Chapter10.Lemma13.KahanSharpness.GramFamily,Source-import reachability only; this does not establish an elaborated declaration dependency.
NumStability.Algorithms.Ch10Lemma1011Source,NumStability/Algorithms/Ch10Lemma1011Source.lean,Algorithms,false,true,1,NumStability.Source.Higham.Chapter10.Lemma11.PivotSequenceStability.SourceClosure,1,NumStability.Source.Higham.Chapter10.Lemma11.PivotSequenceStability.SourceClosure,Source-import reachability only; this does not establish an elaborated declaration dependency.
NumStability.Algorithms.Ch10PivotedPSDSourceClosure,NumStability/Algorithms/Ch10PivotedPSDSourceClosure.lean,Algorithms,false,true,3,NumStability.Source.Higham.Chapter10.Lemma11.PivotSequenceStability.SourceClosure;NumStability.Source.Higham.Chapter10.Theorem14.CompletePivotedPSD.ActualComputation.ErrorBounds;NumStability.Source.Higham.Chapter10.Theorem14.CompletePivotedPSD.ActualRun,1,NumStability.Source.Higham.Chapter10.Lemma11.PivotSequenceStability.SourceClosure,Source-import reachability only; this does not establish an elaborated declaration dependency.
NumStability.Algorithms.Ch10Theorem107FailureVacuity,NumStability/Algorithms/Ch10Theorem107FailureVacuity.lean,Algorithms,false,true,3,NumStability.Source.Higham.Chapter08.Equation15.FanInExecutor.FirstOrderResidual;NumStability.Source.Higham.Chapter08.Equation18.FanInExecutor.FirstOrderForwardError;NumStability.Source.Higham.Chapter10.Theorem07.FailureVacuity.Vacuity,1,NumStability.Source.Higham.Chapter08.Equation15.FanInExecutor.FirstOrderResidual,Source-import reachability only; this does not establish an elaborated declaration dependency.
NumStability.Algorithms.Ch10Theorem108Componentwise,NumStability/Algorithms/Ch10Theorem108Componentwise.lean,Algorithms,false,true,12,NumStability.Source.Higham.Chapter09.Problems;NumStability.Source.Higham.Chapter09.Section01;NumStability.Source.Higham.Chapter09.Section02;NumStability.Source.Higham.Chapter09.Section03;NumStability.Source.Higham.Chapter09.Section04;NumStability.Source.Higham.Chapter09.Section05;NumStability.Source.Higham.Chapter09.Section06;NumStability.Source.Higham.Chapter09.Section08;NumStability.Source.Higham.Chapter09.Section10;NumStability.Source.Higham.Chapter09.Section11;NumStability.Source.Higham.Chapter10.Theorem08.ComponentwisePerturbation.NormalizedResolvent.SourceBound;NumStability.Source.Higham.Chapter10.Theorem08.ComponentwisePerturbation.Resolvent,1,NumStability.Source.Higham.Chapter09.Problems,Source-import reachability only; this does not establish an elaborated declaration dependency.
NumStability.Algorithms.Ch10Theorem108Source,NumStability/Algorithms/Ch10Theorem108Source.lean,Algorithms,false,true,2,NumStability.Source.Higham.Chapter10.Theorem08.NormwiseDiscrepancy.Counterexample.Uniqueness;NumStability.Source.Higham.Chapter10.Theorem08.NormwiseDiscrepancy.LiteralSource,1,NumStability.Source.Higham.Chapter10.Theorem08.NormwiseDiscrepancy.Counterexample.Uniqueness,Source-import reachability only; this does not establish an elaborated declaration dependency.
NumStability.Algorithms.Ch14AsymptoticFamilies,NumStability/Algorithms/Ch14AsymptoticFamilies.lean,Algorithms,false,true,4,NumStability.Source.Higham.Chapter14.Problem05.InverseBasedSolve.AsymptoticFamilies;NumStability.Source.Higham.Chapter14.Section01.InverseErrorAnalysis.AsymptoticFamilies;NumStability.Source.Higham.Chapter14.Section01.InverseErrorAnalysis.ComposedCoefficientFamilies.RemainderAsymptotics;NumStability.Source.Higham.Chapter14.Section02.TriangularInversion.Method1.AsymptoticFamilies,1,NumStability.Source.Higham.Chapter14.Problem05.InverseBasedSolve.AsymptoticFamilies,Source-import reachability only; this does not establish an elaborated declaration dependency.
NumStability.Algorithms.Ch14BlockTriInverse,NumStability/Algorithms/Ch14BlockTriInverse.lean,Algorithms,false,true,1,NumStability.Source.Higham.Chapter14.Section02.TriangularInversion.Method1B.BlockTriInverse,1,NumStability.Source.Higham.Chapter14.Section02.TriangularInversion.Method1B.BlockTriInverse,Source-import reachability only; this does not establish an elaborated declaration dependency.
NumStability.Algorithms.Ch14Cor146UniformInverseBridge,NumStability/Algorithms/Ch14Cor146UniformInverseBridge.lean,Algorithms,false,true,3,NumStability.Source.Higham.Chapter07.Corollary06.LinearSystemsConditioning.Results;NumStability.Source.Higham.Chapter14.Corollary06.FinalizedRunRegularity.UniformInverseRegularity;NumStability.Source.Higham.Chapter14.Corollary06.SPD.UniformInverseBridge,1,NumStability.Source.Higham.Chapter07.Corollary06.LinearSystemsConditioning.Results,Source-import reachability only; this does not establish an elaborated declaration dependency.
NumStability.Algorithms.Ch14Cor147FinalDivisionFamilyClosure,NumStability/Algorithms/Ch14Cor147FinalDivisionFamilyClosure.lean,Algorithms,false,true,2,NumStability.Source.Higham.Chapter14.Corollary07.DiagonalDominance.FinalDivisionFamilyClosure;NumStability.Source.Higham.Chapter14.Corollary07.FinalizedRunFamilies.ResidualAndForwardEnvelopes,1,NumStability.Source.Higham.Chapter14.Corollary07.DiagonalDominance.FinalDivisionFamilyClosure,Source-import reachability only; this does not establish an elaborated declaration dependency.
NumStability.Algorithms.Ch14Cor147SourceDomainConstructor,NumStability/Algorithms/Ch14Cor147SourceDomainConstructor.lean,Algorithms,false,true,2,NumStability.Source.Higham.Chapter09.Theorem99Closure;NumStability.Source.Higham.Chapter14.Corollary07.DiagonalDominance.SourceDomainConstructor,1,NumStability.Source.Higham.Chapter09.Theorem99Closure,Source-import reachability only; this does not establish an elaborated declaration dependency.
NumStability.Algorithms.Ch14Corollary146Closure,NumStability/Algorithms/Ch14Corollary146Closure.lean,Algorithms,false,true,1,NumStability.Source.Higham.Chapter14.Corollary06.SPD.Closure,1,NumStability.Source.Higham.Chapter14.Corollary06.SPD.Closure,Source-import reachability only; this does not establish an elaborated declaration dependency.
NumStability.Algorithms.Ch14Corollary146Concrete,NumStability/Algorithms/Ch14Corollary146Concrete.lean,Algorithms,false,true,1,NumStability.Source.Higham.Chapter14.Corollary06.SPD.Concrete,1,NumStability.Source.Higham.Chapter14.Corollary06.SPD.Concrete,Source-import reachability only; this does not establish an elaborated declaration dependency.
NumStability.Algorithms.Ch14Corollary146SourceClosure,NumStability/Algorithms/Ch14Corollary146SourceClosure.lean,Algorithms,false,true,1,NumStability.Source.Higham.Chapter14.Corollary06.SPD.SourceClosure,1,NumStability.Source.Higham.Chapter14.Corollary06.SPD.SourceClosure,Source-import reachability only; this does not establish an elaborated declaration dependency.
NumStability.Algorithms.Ch14Corollary147,NumStability/Algorithms/Ch14Corollary147.lean,Algorithms,false,true,12,NumStability.Source.Higham.Chapter08.Section03.TriangularSystems.InverseBoundsPrelude;NumStability.Source.Higham.Chapter09.Problems;NumStability.Source.Higham.Chapter09.Section01;NumStability.Source.Higham.Chapter09.Section02;NumStability.Source.Higham.Chapter09.Section03;NumStability.Source.Higham.Chapter09.Section04;NumStability.Source.Higham.Chapter09.Section05;NumStability.Source.Higham.Chapter09.Section06;NumStability.Source.Higham.Chapter09.Section08;NumStability.Source.Higham.Chapter09.Section10;NumStability.Source.Higham.Chapter09.Section11;NumStability.Source.Higham.Chapter14.Corollary07.DiagonalDominance.Basic,1,NumStability.Source.Higham.Chapter08.Section03.TriangularSystems.InverseBoundsPrelude,Source-import reachability only; this does not establish an elaborated declaration dependency.
NumStability.Algorithms.Ch14Corollary147Closure,NumStability/Algorithms/Ch14Corollary147Closure.lean,Algorithms,false,true,1,NumStability.Source.Higham.Chapter14.Corollary07.DiagonalDominance.Closure,1,NumStability.Source.Higham.Chapter14.Corollary07.DiagonalDominance.Closure,Source-import reachability only; this does not establish an elaborated declaration dependency.
NumStability.Algorithms.Ch14Corollary147Concrete,NumStability/Algorithms/Ch14Corollary147Concrete.lean,Algorithms,false,true,1,NumStability.Source.Higham.Chapter14.Corollary07.DiagonalDominance.Concrete,1,NumStability.Source.Higham.Chapter14.Corollary07.DiagonalDominance.Concrete,Source-import reachability only; this does not establish an elaborated declaration dependency.
NumStability.Algorithms.Ch14Corollary147SourceClosure,NumStability/Algorithms/Ch14Corollary147SourceClosure.lean,Algorithms,false,true,2,NumStability.Source.Higham.Chapter14.Corollary07.DiagonalDominance.SourceClosure;NumStability.Source.Higham.Chapter14.Corollary07.PrintedTraceFamilies.ResidualAndForwardEndpoints,1,NumStability.Source.Higham.Chapter14.Corollary07.DiagonalDominance.SourceClosure,Source-import reachability only; this does not establish an elaborated declaration dependency.
NumStability.Algorithms.Ch14Corollary147WeakFamily,NumStability/Algorithms/Ch14Corollary147WeakFamily.lean,Algorithms,false,true,2,NumStability.Source.Higham.Chapter14.Corollary07.DiagonalDominance.WeakFamily;NumStability.Source.Higham.Chapter14.Corollary07.WeakDominanceFamilies.ResidualAndForwardBounds,1,NumStability.Source.Higham.Chapter14.Corollary07.DiagonalDominance.WeakFamily,Source-import reachability only; this does not establish an elaborated declaration dependency.
NumStability.Algorithms.Ch14ForwardErrorEndpoint,NumStability/Algorithms/Ch14ForwardErrorEndpoint.lean,Algorithms,false,true,4,NumStability.Source.Higham.Chapter14.Problem05.InverseBasedSolve.ForwardErrorEndpoint;NumStability.Source.Higham.Chapter14.Section01.InverseErrorAnalysis.ForwardErrorEndpoint;NumStability.Source.Higham.Chapter14.Section01.InverseErrorAnalysis.ScaledPerturbationEndpoints.ForwardError;NumStability.Source.Higham.Chapter14.Section02.TriangularInversion.Method1.ForwardErrorEndpoint,1,NumStability.Source.Higham.Chapter14.Problem05.InverseBasedSolve.ForwardErrorEndpoint,Source-import reachability only; this does not establish an elaborated declaration dependency.
NumStability.Algorithms.Ch14GJEActualDoolittleAdapter,NumStability/Algorithms/Ch14GJEActualDoolittleAdapter.lean,Algorithms,false,true,2,NumStability.Source.Higham.Chapter09.DoolittleClosure;NumStability.Source.Higham.Chapter14.Algorithm04.Execution.GJEActualDoolittleAdapter,1,NumStability.Source.Higham.Chapter09.DoolittleClosure,Source-import reachability only; this does not establish an elaborated declaration dependency.
NumStability.Algorithms.Ch14GJEAsymptoticFamilies,NumStability/Algorithms/Ch14GJEAsymptoticFamilies.lean,Algorithms,false,true,2,NumStability.Source.Higham.Chapter14.Theorem05.EliminationFamilies.CoefficientAsymptotics;NumStability.Source.Higham.Chapter14.Theorem05.ForwardError.GJEAsymptoticFamilies,1,NumStability.Source.Higham.Chapter14.Theorem05.EliminationFamilies.CoefficientAsymptotics,Source-import reachability only; this does not establish an elaborated declaration dependency.
NumStability.Algorithms.Ch14GJEFinalDivisionClosure,NumStability/Algorithms/Ch14GJEFinalDivisionClosure.lean,Algorithms,false,true,3,NumStability.Source.Higham.Chapter14.Algorithm04.Execution.GJEFinalDivisionClosure;NumStability.Source.Higham.Chapter14.Algorithm04.FinalDivisionStage.FinalizedErrorFamilies;NumStability.Source.Higham.Chapter14.Theorem05.ForwardError.GJEFinalDivisionClosure,1,NumStability.Source.Higham.Chapter14.Algorithm04.Execution.GJEFinalDivisionClosure,Source-import reachability only; this does not establish an elaborated declaration dependency.
NumStability.Algorithms.Ch14GJEOperationalBridge,NumStability/Algorithms/Ch14GJEOperationalBridge.lean,Algorithms,false,true,1,NumStability.Source.Higham.Chapter14.Algorithm04.Execution.GJEOperationalBridge,1,NumStability.Source.Higham.Chapter14.Algorithm04.Execution.GJEOperationalBridge,Source-import reachability only; this does not establish an elaborated declaration dependency.
NumStability.Algorithms.Ch14GJEPrintedEnvelopeClosure,NumStability/Algorithms/Ch14GJEPrintedEnvelopeClosure.lean,Algorithms,false,true,2,NumStability.Source.Higham.Chapter14.Theorem05.ForwardError.GJEPrintedEnvelopeClosure;NumStability.Source.Higham.Chapter14.Theorem05.PrintedEnvelopes.CorrectionBounds,1,NumStability.Source.Higham.Chapter14.Theorem05.ForwardError.GJEPrintedEnvelopeClosure,Source-import reachability only; this does not establish an elaborated declaration dependency.
NumStability.Algorithms.Ch14GJESourceAccumulationBridge,NumStability/Algorithms/Ch14GJESourceAccumulationBridge.lean,Algorithms,false,true,1,NumStability.Source.Higham.Chapter14.Algorithm04.Accumulation.GJESourceAccumulationBridge,1,NumStability.Source.Higham.Chapter14.Algorithm04.Accumulation.GJESourceAccumulationBridge,Source-import reachability only; this does not establish an elaborated declaration dependency.
NumStability.Algorithms.Ch14GJETheorem145SourceClosure,NumStability/Algorithms/Ch14GJETheorem145SourceClosure.lean,Algorithms,false,true,2,NumStability.Source.Higham.Chapter14.Theorem05.ForwardError.GJETheorem145SourceClosure;NumStability.Source.Higham.Chapter14.Theorem05.PrintedTrace.VanishingEndpoints,1,NumStability.Source.Higham.Chapter14.Theorem05.ForwardError.GJETheorem145SourceClosure,Source-import reachability only; this does not establish an elaborated declaration dependency.
NumStability.Algorithms.Ch14GaussJordanAccumulation,NumStability/Algorithms/Ch14GaussJordanAccumulation.lean,Algorithms,false,true,1,NumStability.Source.Higham.Chapter14.Algorithm04.Accumulation.GaussJordanAccumulation,1,NumStability.Source.Higham.Chapter14.Algorithm04.Accumulation.GaussJordanAccumulation,Source-import reachability only; this does not establish an elaborated declaration dependency.
NumStability.Algorithms.Ch14GaussJordanQConstruction,NumStability/Algorithms/Ch14GaussJordanQConstruction.lean,Algorithms,false,true,2,NumStability.Source.Higham.Chapter14.Algorithm04.SecondStage.GaussJordanQConstruction;NumStability.Source.Higham.Chapter14.Theorem05.ForwardError.GaussJordanQConstruction,1,NumStability.Source.Higham.Chapter14.Algorithm04.SecondStage.GaussJordanQConstruction,Source-import reachability only; this does not establish an elaborated declaration dependency.
NumStability.Algorithms.Ch14GaussJordanSPDCorollary,NumStability/Algorithms/Ch14GaussJordanSPDCorollary.lean,Algorithms,false,true,3,NumStability.Source.Higham.Chapter10.Equation07.AbsoluteFactorNorm.Endpoints;NumStability.Source.Higham.Chapter14.Corollary06.SPD.GaussJordanSPDCorollary;NumStability.Source.Higham.Chapter14.Problem15,1,NumStability.Source.Higham.Chapter10.Equation07.AbsoluteFactorNorm.Endpoints,Source-import reachability only; this does not establish an elaborated declaration dependency.
NumStability.Algorithms.Ch14GaussJordanSourceClosure,NumStability/Algorithms/Ch14GaussJordanSourceClosure.lean,Algorithms,false,true,1,NumStability.Source.Higham.Chapter14.Algorithm04.Execution.GaussJordanSourceClosure,1,NumStability.Source.Higham.Chapter14.Algorithm04.Execution.GaussJordanSourceClosure,Source-import reachability only; this does not establish an elaborated declaration dependency.
NumStability.Algorithms.Ch14GaussJordanStep,NumStability/Algorithms/Ch14GaussJordanStep.lean,Algorithms,false,true,1,NumStability.Source.Higham.Chapter14.Algorithm04.SecondStage.GaussJordanStep,1,NumStability.Source.Higham.Chapter14.Algorithm04.SecondStage.GaussJordanStep,Source-import reachability only; this does not establish an elaborated declaration dependency.
NumStability.Algorithms.Ch14HymanDeterminant,NumStability/Algorithms/Ch14HymanDeterminant.lean,Algorithms,false,true,1,NumStability.Source.Higham.Chapter14.Problem14,1,NumStability.Source.Higham.Chapter14.Problem14,Source-import reachability only; this does not establish an elaborated declaration dependency.
NumStability.Algorithms.Ch14Method1BWhole,NumStability/Algorithms/Ch14Method1BWhole.lean,Algorithms,false,true,2,NumStability.Source.Higham.Chapter14.Section02.TriangularInversion.Method1B.BlockResidual.WholeMatrixBounds;NumStability.Source.Higham.Chapter14.Section02.TriangularInversion.Method1B.Method1BWhole,1,NumStability.Source.Higham.Chapter14.Section02.TriangularInversion.Method1B.BlockResidual.WholeMatrixBounds,Source-import reachability only; this does not establish an elaborated declaration dependency.
NumStability.Algorithms.Ch14Method2C,NumStability/Algorithms/Ch14Method2C.lean,Algorithms,false,true,2,NumStability.Source.Higham.Chapter14.Section02.TriangularInversion.Method2C.BlockResidual.LeftResidualBounds;NumStability.Source.Higham.Chapter14.Section02.TriangularInversion.Method2C.Method2C,1,NumStability.Source.Higham.Chapter14.Section02.TriangularInversion.Method2C.BlockResidual.LeftResidualBounds,Source-import reachability only; this does not establish an elaborated declaration dependency.
NumStability.Algorithms.Ch14Method2CWhole,NumStability/Algorithms/Ch14Method2CWhole.lean,Algorithms,false,true,2,NumStability.Source.Higham.Chapter14.Section02.TriangularInversion.Method2C.Method2CWhole;NumStability.Source.Higham.Chapter14.Section02.TriangularInversion.Method2C.WholeMatrixResidual.LeftResidualBounds,1,NumStability.Source.Higham.Chapter14.Section02.TriangularInversion.Method2C.Method2CWhole,Source-import reachability only; this does not establish an elaborated declaration dependency.
NumStability.Algorithms.Ch14Method2Loop,NumStability/Algorithms/Ch14Method2Loop.lean,Algorithms,false,true,1,NumStability.Source.Higham.Chapter14.Section02.TriangularInversion.Method2.Method2Loop,1,NumStability.Source.Higham.Chapter14.Section02.TriangularInversion.Method2.Method2Loop,Source-import reachability only; this does not establish an elaborated declaration dependency.
NumStability.Algorithms.Ch14MethodDLeftResidual,NumStability/Algorithms/Ch14MethodDLeftResidual.lean,Algorithms,false,true,1,NumStability.Source.Higham.Chapter14.Section03.LUFactorInversion.MethodD.MethodDLeftResidual,1,NumStability.Source.Higham.Chapter14.Section03.LUFactorInversion.MethodD.MethodDLeftResidual,Source-import reachability only; this does not establish an elaborated declaration dependency.
NumStability.Algorithms.Ch14MethodDProductDischarge,NumStability/Algorithms/Ch14MethodDProductDischarge.lean,Algorithms,false,true,1,NumStability.Source.Higham.Chapter14.Section03.LUFactorInversion.MethodD.MethodDProductDischarge,1,NumStability.Source.Higham.Chapter14.Section03.LUFactorInversion.MethodD.MethodDProductDischarge,Source-import reachability only; this does not establish an elaborated declaration dependency.
NumStability.Algorithms.Ch14MethodDUpperCertificate,NumStability/Algorithms/Ch14MethodDUpperCertificate.lean,Algorithms,false,true,1,NumStability.Source.Higham.Chapter14.Section03.LUFactorInversion.MethodD.MethodDUpperCertificate,1,NumStability.Source.Higham.Chapter14.Section03.LUFactorInversion.MethodD.MethodDUpperCertificate,Source-import reachability only; this does not establish an elaborated declaration dependency.
NumStability.Algorithms.Ch14MethodsBC,NumStability/Algorithms/Ch14MethodsBC.lean,Algorithms,false,true,2,NumStability.Source.Higham.Chapter14.Section03.LUFactorInversion.MethodB.MethodsBC;NumStability.Source.Higham.Chapter14.Section03.LUFactorInversion.MethodC.MethodsBC,1,NumStability.Source.Higham.Chapter14.Section03.LUFactorInversion.MethodB.MethodsBC,Source-import reachability only; this does not establish an elaborated declaration dependency.
NumStability.Algorithms.Ch14Problem1413Boundary,NumStability/Algorithms/Ch14Problem1413Boundary.lean,Algorithms,false,true,1,NumStability.Source.Higham.Chapter14.Problem13,1,NumStability.Source.Higham.Chapter14.Problem13,Source-import reachability only; this does not establish an elaborated declaration dependency.
NumStability.Algorithms.Ch14Problem142,NumStability/Algorithms/Ch14Problem142.lean,Algorithms,false,true,2,NumStability.Source.Higham.Chapter14.Problem02.TriangularInversion.Basic;NumStability.Source.Higham.Chapter14.Problem02.TriangularInversion.TwoBlockFirstOrder.Derivations,1,NumStability.Source.Higham.Chapter14.Problem02.TriangularInversion.Basic,Source-import reachability only; this does not establish an elaborated declaration dependency.
NumStability.Algorithms.Ch14Problem142Families,NumStability/Algorithms/Ch14Problem142Families.lean,Algorithms,false,true,2,NumStability.Source.Higham.Chapter14.Problem02.TriangularInversion.Families;NumStability.Source.Higham.Chapter14.Problem02.TriangularInversion.TwoBlockFamilies.Derivations,1,NumStability.Source.Higham.Chapter14.Problem02.TriangularInversion.Families,Source-import reachability only; this does not establish an elaborated declaration dependency.
NumStability.Algorithms.Ch14Problem142Method2B,NumStability/Algorithms/Ch14Problem142Method2B.lean,Algorithms,false,true,2,NumStability.Source.Higham.Chapter14.Problem02.TriangularInversion.Method2B;NumStability.Source.Higham.Chapter14.Problem02.TriangularInversion.TwoBlockMethod2B.FirstOrderBound,1,NumStability.Source.Higham.Chapter14.Problem02.TriangularInversion.Method2B,Source-import reachability only; this does not establish an elaborated declaration dependency.
NumStability.Algorithms.Ch14ProductErrorNotation,NumStability/Algorithms/Ch14ProductErrorNotation.lean,Algorithms,false,true,1,NumStability.Source.Higham.Chapter14.Section01.ProductErrorNotation.ProductErrorNotation,1,NumStability.Source.Higham.Chapter14.Section01.ProductErrorNotation.ProductErrorNotation,Source-import reachability only; this does not establish an elaborated declaration dependency.
NumStability.Algorithms.Ch14SchulzIteration,NumStability/Algorithms/Ch14SchulzIteration.lean,Algorithms,false,true,1,NumStability.Source.Higham.Chapter14.Section05.SquareIteration,1,NumStability.Source.Higham.Chapter14.Section05.SquareIteration,Source-import reachability only; this does not establish an elaborated declaration dependency.
NumStability.Algorithms.Ch14SchulzRectangular,NumStability/Algorithms/Ch14SchulzRectangular.lean,Algorithms,false,true,1,NumStability.Source.Higham.Chapter14.Section05.RectangularIteration,1,NumStability.Source.Higham.Chapter14.Section05.RectangularIteration,Source-import reachability only; this does not establish an elaborated declaration dependency.
NumStability.Algorithms.Ch14SchulzSpectralConvergence,NumStability/Algorithms/Ch14SchulzSpectralConvergence.lean,Algorithms,false,true,1,NumStability.Source.Higham.Chapter14.Section05.SpectralConvergence,1,NumStability.Source.Higham.Chapter14.Section05.SpectralConvergence,Source-import reachability only; this does not establish an elaborated declaration dependency.
NumStability.Algorithms.Ch14SourceCorrections,NumStability/Algorithms/Ch14SourceCorrections.lean,Algorithms,false,true,1,NumStability.Source.Higham.Chapter14.Discrepancies,1,NumStability.Source.Higham.Chapter14.Discrepancies,Source-import reachability only; this does not establish an elaborated declaration dependency.
NumStability.Algorithms.Ch15CondEstimators,NumStability/Algorithms/Ch15CondEstimators.lean,Algorithms,false,true,3,NumStability.Source.Higham.Chapter15.Algorithm05.LINPACKConditionEstimator.Basic;NumStability.Source.Higham.Chapter15.Algorithm05.LINPACKConditionEstimator.InverseNormBound.TriangularSolve;NumStability.Source.Higham.Chapter15.Equation07.DixonBound.Basic,1,NumStability.Source.Higham.Chapter15.Algorithm05.LINPACKConditionEstimator.Basic,Source-import reachability only; this does not establish an elaborated declaration dependency.
NumStability.Algorithms.Ch15DixonClosure,NumStability/Algorithms/Ch15DixonClosure.lean,Algorithms,false,true,1,NumStability.Source.Higham.Chapter15.Theorem06.Dixon.Basic,1,NumStability.Source.Higham.Chapter15.Theorem06.Dixon.Basic,Source-import reachability only; this does not establish an elaborated declaration dependency.
NumStability.Algorithms.Ch15DixonProbability,NumStability/Algorithms/Ch15DixonProbability.lean,Algorithms,false,true,0,,2,NumStability.Source.Higham.Chapter15.Algorithm05.LINPACKConditionEstimator.Basic,Source-import reachability only; this does not establish an elaborated declaration dependency.
NumStability.Algorithms.Ch4KahanFiniteFamily,NumStability/Algorithms/Ch4KahanFiniteFamily.lean,Algorithms,false,true,1,NumStability.Source.Higham.Chapter04.Equation08.FiniteFamily,1,NumStability.Source.Higham.Chapter04.Equation08.FiniteFamily,Source-import reachability only; this does not establish an elaborated declaration dependency.
NumStability.Algorithms.Ch5DerivativeError,NumStability/Algorithms/Ch5DerivativeError.lean,Algorithms,false,true,2,NumStability.Source.Higham.Chapter05.Section02.DerivativeError.Basic;NumStability.Source.Higham.Chapter05.Section02.DerivativeError.Results.Theorems,1,NumStability.Source.Higham.Chapter05.Section02.DerivativeError.Basic,Source-import reachability only; this does not establish an elaborated declaration dependency.
NumStability.Algorithms.Ch5LejaProducer,NumStability/Algorithms/Ch5LejaProducer.lean,Algorithms,false,true,1,NumStability.Source.Higham.Chapter05.Problem04.LejaOrdering.Basic,1,NumStability.Source.Higham.Chapter05.Problem04.LejaOrdering.Basic,Source-import reachability only; this does not establish an elaborated declaration dependency.
NumStability.Algorithms.Ch5NewtonForm,NumStability/Algorithms/Ch5NewtonForm.lean,Algorithms,false,true,1,NumStability.Source.Higham.Chapter05.Section03.NewtonEvaluation.Basic,1,NumStability.Source.Higham.Chapter05.Section03.NewtonEvaluation.Basic,Source-import reachability only; this does not establish an elaborated declaration dependency.
NumStability.Algorithms.Ch5SourceClosure,NumStability/Algorithms/Ch5SourceClosure.lean,Algorithms,false,true,5,NumStability.Source.Higham.Chapter05.Problem04.LejaOrdering.Basic;NumStability.Source.Higham.Chapter05.Section02.BidiagonalDerivativeAnalysis.Basic;NumStability.Source.Higham.Chapter05.Section02.BidiagonalDerivativeAnalysis.Results.Theorems;NumStability.Source.Higham.Chapter05.Section03.NewtonEvaluation.Basic;NumStability.Source.Higham.Chapter05.Section03.ResidualUnwind.Basic,1,NumStability.Source.Higham.Chapter05.Problem04.LejaOrdering.Basic,Source-import reachability only; this does not establish an elaborated declaration dependency.
NumStability.Algorithms.Chapter06Lemma66,NumStability/Algorithms/Chapter06Lemma66.lean,Algorithms,false,true,1,NumStability.Source.Higham.Chapter06.Lemma06,1,NumStability.Source.Higham.Chapter06.Lemma06,Source-import reachability only; this does not establish an elaborated declaration dependency.
NumStability.Algorithms.Chapter14Problem1415Weyl,NumStability/Algorithms/Chapter14Problem1415Weyl.lean,Algorithms,false,true,1,NumStability.Source.Higham.Chapter14.Problem15,1,NumStability.Source.Higham.Chapter14.Problem15,Source-import reachability only; this does not establish an elaborated declaration dependency.
NumStability.Algorithms.Chapter15CondEst,NumStability/Algorithms/Chapter15CondEst.lean,Algorithms,false,true,5,NumStability.Source.Higham.Chapter15.Algorithm03.OneNormPowerMethod.Basic;NumStability.Source.Higham.Chapter15.Algorithm04.LAPACKNormEstimator.Basic;NumStability.Source.Higham.Chapter15.Algorithm04.LAPACKNormEstimator.ConditionEstimate.Bounds;NumStability.Source.Higham.Chapter15.Equation06.LAPACKCounterexample.Basic;NumStability.Source.Higham.Chapter15.Section01.ConditionNumbers.ConditionEstimators,1,NumStability.Source.Higham.Chapter15.Algorithm03.OneNormPowerMethod.Basic,Source-import reachability only; this does not establish an elaborated declaration dependency.
NumStability.Algorithms.Cholesky.Aasen118ReducedCh11Closure,NumStability/Algorithms/Cholesky/Aasen118ReducedCh11Closure.lean,Algorithms,false,false,1,NumStability.Source.Higham.Chapter11.Aasen118Reduced,1,NumStability.Source.Higham.Chapter11.Aasen118Reduced,Source-import reachability only; this does not establish an elaborated declaration dependency.
NumStability.Algorithms.Cholesky.AasenAdjacentPivotOperationalMiddleCh11,NumStability/Algorithms/Cholesky/AasenAdjacentPivotOperationalMiddleCh11.lean,Algorithms,false,false,1,NumStability.Source.Higham.Chapter11.AasenAdjacentPivotOperationalMiddle,1,NumStability.Source.Higham.Chapter11.AasenAdjacentPivotOperationalMiddle,Source-import reachability only; this does not establish an elaborated declaration dependency.
NumStability.Algorithms.Cholesky.AasenAdjacentPivotResidualDomainCh11Discrepancy,NumStability/Algorithms/Cholesky/AasenAdjacentPivotResidualDomainCh11Discrepancy.lean,Algorithms,false,false,1,NumStability.Source.Higham.Chapter11.AasenAdjacentPivotResidualDomain,1,NumStability.Source.Higham.Chapter11.AasenAdjacentPivotResidualDomain,Source-import reachability only; this does not establish an elaborated declaration dependency.
NumStability.Algorithms.Cholesky.AasenAdjacentPivotSourceResidualCh11Closure,NumStability/Algorithms/Cholesky/AasenAdjacentPivotSourceResidualCh11Closure.lean,Algorithms,false,false,1,NumStability.Source.Higham.Chapter11.AasenAdjacentPivotSourceResidual,1,NumStability.Source.Higham.Chapter11.AasenAdjacentPivotSourceResidual,Source-import reachability only; this does not establish an elaborated declaration dependency.
NumStability.Algorithms.Cholesky.AasenAdjacentPivotTridiagExecutorCh11Closure,NumStability/Algorithms/Cholesky/AasenAdjacentPivotTridiagExecutorCh11Closure.lean,Algorithms,false,false,1,NumStability.Source.Higham.Chapter11.AasenAdjacentPivotTridiagExecutor,1,NumStability.Source.Higham.Chapter11.AasenAdjacentPivotTridiagExecutor,Source-import reachability only; this does not establish an elaborated declaration dependency.
NumStability.Algorithms.Cholesky.AasenAdjacentPivotTridiagForwardCounterexampleCh11,NumStability/Algorithms/Cholesky/AasenAdjacentPivotTridiagForwardCounterexampleCh11.lean,Algorithms,false,false,1,NumStability.Source.Higham.Chapter11.AasenAdjacentPivotTridiagForwardCounterexample,1,NumStability.Source.Higham.Chapter11.AasenAdjacentPivotTridiagForwardCounterexample,Source-import reachability only; this does not establish an elaborated declaration dependency.
NumStability.Algorithms.Cholesky.AasenCoupledFpCh11Closure,NumStability/Algorithms/Cholesky/AasenCoupledFpCh11Closure.lean,Algorithms,false,false,0,,2,NumStability.Source.Higham.Chapter11.AasenGrowth,Source-import reachability only; this does not establish an elaborated declaration dependency.
NumStability.Algorithms.Cholesky.AasenDirect118Ch11Closure,NumStability/Algorithms/Cholesky/AasenDirect118Ch11Closure.lean,Algorithms,false,false,1,NumStability.Source.Higham.Chapter11.AasenDirect118,1,NumStability.Source.Higham.Chapter11.AasenDirect118,Source-import reachability only; this does not establish an elaborated declaration dependency.
NumStability.Algorithms.Cholesky.AasenDirectTridiagGEPPSolveCh11Closure,NumStability/Algorithms/Cholesky/AasenDirectTridiagGEPPSolveCh11Closure.lean,Algorithms,false,false,1,NumStability.Source.Higham.Chapter11.AasenDirectTridiagGEPPSolve,1,NumStability.Source.Higham.Chapter11.AasenDirectTridiagGEPPSolve,Source-import reachability only; this does not establish an elaborated declaration dependency.
NumStability.Algorithms.Cholesky.AasenFactorNormCh11Closure,NumStability/Algorithms/Cholesky/AasenFactorNormCh11Closure.lean,Algorithms,false,false,1,NumStability.Source.Higham.Chapter11.AasenFactorNorm,1,NumStability.Source.Higham.Chapter11.AasenFactorNorm,Source-import reachability only; this does not establish an elaborated declaration dependency.
NumStability.Algorithms.Cholesky.AasenFactorResidualCh11Closure,NumStability/Algorithms/Cholesky/AasenFactorResidualCh11Closure.lean,Algorithms,false,false,0,,2,NumStability.Source.Higham.Chapter11.Section02.Aasen,Source-import reachability only; this does not establish an elaborated declaration dependency.
NumStability.Algorithms.Cholesky.AasenGrowthCh11Closure,NumStability/Algorithms/Cholesky/AasenGrowthCh11Closure.lean,Algorithms,false,false,1,NumStability.Source.Higham.Chapter11.AasenGrowth,1,NumStability.Source.Higham.Chapter11.AasenGrowth,Source-import reachability only; this does not establish an elaborated declaration dependency.
NumStability.Algorithms.Cholesky.AasenMiddleGEPPCh11Counterexample,NumStability/Algorithms/Cholesky/AasenMiddleGEPPCh11Counterexample.lean,Algorithms,false,false,1,NumStability.Source.Higham.Chapter11.AasenMiddleGEPPCh11Counterexample,1,NumStability.Source.Higham.Chapter11.AasenMiddleGEPPCh11Counterexample,Source-import reachability only; this does not establish an elaborated declaration dependency.
NumStability.Algorithms.Cholesky.AasenOriginalCoordinateCorrectionCh11,NumStability/Algorithms/Cholesky/AasenOriginalCoordinateCorrectionCh11.lean,Algorithms,false,false,1,NumStability.Source.Higham.Chapter11.AasenOriginalCoordinateCorrection,1,NumStability.Source.Higham.Chapter11.AasenOriginalCoordinateCorrection,Source-import reachability only; this does not establish an elaborated declaration dependency.
NumStability.Algorithms.Cholesky.AasenPermutationSourceCorrectionCh11,NumStability/Algorithms/Cholesky/AasenPermutationSourceCorrectionCh11.lean,Algorithms,false,false,1,NumStability.Source.Higham.Chapter11.AasenPermutationSourceCorrection,1,NumStability.Source.Higham.Chapter11.AasenPermutationSourceCorrection,Source-import reachability only; this does not establish an elaborated declaration dependency.
NumStability.Algorithms.Cholesky.AasenPrintedCoefficientAlgebraCh11Closure,NumStability/Algorithms/Cholesky/AasenPrintedCoefficientAlgebraCh11Closure.lean,Algorithms,false,false,1,NumStability.Source.Higham.Chapter11.AasenPrintedCoefficientAlgebra,1,NumStability.Source.Higham.Chapter11.AasenPrintedCoefficientAlgebra,Source-import reachability only; this does not establish an elaborated declaration dependency.
NumStability.Algorithms.Cholesky.AasenSourceSharpFactorResidualCh11Closure,NumStability/Algorithms/Cholesky/AasenSourceSharpFactorResidualCh11Closure.lean,Algorithms,false,false,1,NumStability.Source.Higham.Chapter11.AasenSourceSharpFactorResidual,1,NumStability.Source.Higham.Chapter11.AasenSourceSharpFactorResidual,Source-import reachability only; this does not establish an elaborated declaration dependency.
NumStability.Algorithms.Cholesky.AasenTheorem118ScalarEdgeCh11Discrepancy,NumStability/Algorithms/Cholesky/AasenTheorem118ScalarEdgeCh11Discrepancy.lean,Algorithms,false,false,1,NumStability.Source.Higham.Chapter11.AasenTheorem118ScalarEdge,1,NumStability.Source.Higham.Chapter11.AasenTheorem118ScalarEdge,Source-import reachability only; this does not establish an elaborated declaration dependency.
NumStability.Algorithms.Cholesky.AasenTridiagGEPPCh11Closure,NumStability/Algorithms/Cholesky/AasenTridiagGEPPCh11Closure.lean,Algorithms,false,false,1,NumStability.Source.Higham.Chapter11.AasenTridiagGEPP,1,NumStability.Source.Higham.Chapter11.AasenTridiagGEPP,Source-import reachability only; this does not establish an elaborated declaration dependency.
NumStability.Algorithms.Cholesky.AasenUnitOuterSolveCh11Closure,NumStability/Algorithms/Cholesky/AasenUnitOuterSolveCh11Closure.lean,Algorithms,false,false,1,NumStability.Source.Higham.Chapter11.AasenUnitOuterSolve,1,NumStability.Source.Higham.Chapter11.AasenUnitOuterSolve,Source-import reachability only; this does not establish an elaborated declaration dependency.
NumStability.Algorithms.Cholesky.BlockLDLTAllOneByOnePrintedCh11Closure,NumStability/Algorithms/Cholesky/BlockLDLTAllOneByOnePrintedCh11Closure.lean,Algorithms,false,false,1,NumStability.Source.Higham.Chapter11.BlockLDLTAllOneByOnePrinted,1,NumStability.Source.Higham.Chapter11.BlockLDLTAllOneByOnePrinted,Source-import reachability only; this does not establish an elaborated declaration dependency.
NumStability.Algorithms.Cholesky.BlockLDLTBunchTridiagonalCh11Closure,NumStability/Algorithms/Cholesky/BlockLDLTBunchTridiagonalCh11Closure.lean,Algorithms,false,false,1,NumStability.Source.Higham.Chapter11.BlockLDLTBunchTridiagonal,1,NumStability.Source.Higham.Chapter11.BlockLDLTBunchTridiagonal,Source-import reachability only; this does not establish an elaborated declaration dependency.
NumStability.Algorithms.Cholesky.BlockLDLTMixedPivotCh11Closure,NumStability/Algorithms/Cholesky/BlockLDLTMixedPivotCh11Closure.lean,Algorithms,false,false,1,NumStability.Source.Higham.Chapter11.BlockLDLTMixedPivot,1,NumStability.Source.Higham.Chapter11.BlockLDLTMixedPivot,Source-import reachability only; this does not establish an elaborated declaration dependency.
NumStability.Algorithms.Cholesky.BlockLDLTSolveBackwardCh11Closure,NumStability/Algorithms/Cholesky/BlockLDLTSolveBackwardCh11Closure.lean,Algorithms,false,false,1,NumStability.Source.Higham.Chapter11.BlockLDLTSolveBackward,1,NumStability.Source.Higham.Chapter11.BlockLDLTSolveBackward,Source-import reachability only; this does not establish an elaborated declaration dependency.
NumStability.Algorithms.Cholesky.BunchKaufmanSolveCh11Closure,NumStability/Algorithms/Cholesky/BunchKaufmanSolveCh11Closure.lean,Algorithms,false,false,1,NumStability.Source.Higham.Chapter11.BunchKaufmanSolve,1,NumStability.Source.Higham.Chapter11.BunchKaufmanSolve,Source-import reachability only; this does not establish an elaborated declaration dependency.
NumStability.Algorithms.Cholesky.BunchTridiagonalActualSolveCh11Closure,NumStability/Algorithms/Cholesky/BunchTridiagonalActualSolveCh11Closure.lean,Algorithms,false,false,1,NumStability.Source.Higham.Chapter11.BunchTridiagonalActualSolve,1,NumStability.Source.Higham.Chapter11.BunchTridiagonalActualSolve,Source-import reachability only; this does not establish an elaborated declaration dependency.
NumStability.Algorithms.Cholesky.BunchTridiagonalCapstoneCh11Closure,NumStability/Algorithms/Cholesky/BunchTridiagonalCapstoneCh11Closure.lean,Algorithms,false,true,1,NumStability.Source.Higham.Chapter11.Theorem07,1,NumStability.Source.Higham.Chapter11.Theorem07,Source-import reachability only; this does not establish an elaborated declaration dependency.
NumStability.Algorithms.Cholesky.BunchTridiagonalFactorBoundCh11Closure,NumStability/Algorithms/Cholesky/BunchTridiagonalFactorBoundCh11Closure.lean,Algorithms,false,false,0,,2,NumStability.Source.Higham.Chapter11.BlockLDLTAllOneByOnePrinted,Source-import reachability only; this does not establish an elaborated declaration dependency.
NumStability.Algorithms.Cholesky.BunchTridiagonalGrowthCh11Closure,NumStability/Algorithms/Cholesky/BunchTridiagonalGrowthCh11Closure.lean,Algorithms,false,false,0,,2,NumStability.Source.Higham.Chapter11.BlockLDLTBunchTridiagonal,Source-import reachability only; this does not establish an elaborated declaration dependency.
NumStability.Algorithms.Cholesky.BunchTridiagonalGrowthInvariantCh11Closure,NumStability/Algorithms/Cholesky/BunchTridiagonalGrowthInvariantCh11Closure.lean,Algorithms,false,false,0,,2,NumStability.Source.Higham.Chapter11.BlockLDLTAllOneByOnePrinted,Source-import reachability only; this does not establish an elaborated declaration dependency.
NumStability.Algorithms.Cholesky.BunchTridiagonalHFactorCh11Closure,NumStability/Algorithms/Cholesky/BunchTridiagonalHFactorCh11Closure.lean,Algorithms,false,false,1,NumStability.Source.Higham.Chapter11.BunchTridiagonalHFactor,1,NumStability.Source.Higham.Chapter11.BunchTridiagonalHFactor,Source-import reachability only; this does not establish an elaborated declaration dependency.
NumStability.Algorithms.Cholesky.BunchTridiagonalSparseFactorCh11Closure,NumStability/Algorithms/Cholesky/BunchTridiagonalSparseFactorCh11Closure.lean,Algorithms,false,false,0,,2,NumStability.Source.Higham.Chapter11.BlockLDLTBunchTridiagonal,Source-import reachability only; this does not establish an elaborated declaration dependency.
NumStability.Algorithms.Cholesky.BunchTridiagonalSparseSolveCh11Closure,NumStability/Algorithms/Cholesky/BunchTridiagonalSparseSolveCh11Closure.lean,Algorithms,false,false,0,,2,NumStability.Source.Higham.Chapter08.Section03.TriangularSystems.ArbitraryOrder,Source-import reachability only; this does not establish an elaborated declaration dependency.
NumStability.Algorithms.Cholesky.CholeskyDemmel,NumStability/Algorithms/Cholesky/CholeskyDemmel.lean,Algorithms,true,false,0,,,,Source-import reachability only; this does not establish an elaborated declaration dependency.
NumStability.Algorithms.Cholesky.CholeskyFl,NumStability/Algorithms/Cholesky/CholeskyFl.lean,Algorithms,true,false,0,,,,Source-import reachability only; this does not establish an elaborated declaration dependency.
NumStability.Algorithms.Cholesky.CholeskyIndefinite,NumStability/Algorithms/Cholesky/CholeskyIndefinite.lean,Algorithms,false,true,1,NumStability.Source.Higham.Chapter11.Theorem07.TridiagonalTwoByTwoResidual.Basic,1,NumStability.Source.Higham.Chapter11.Theorem07.TridiagonalTwoByTwoResidual.Basic,Source-import reachability only; this does not establish an elaborated declaration dependency.
NumStability.Algorithms.Cholesky.CholeskyNonsym,NumStability/Algorithms/Cholesky/CholeskyNonsym.lean,Algorithms,true,false,0,,,,Source-import reachability only; this does not establish an elaborated declaration dependency.
NumStability.Algorithms.Cholesky.CholeskyPSD,NumStability/Algorithms/Cholesky/CholeskyPSD.lean,Algorithms,false,true,11,NumStability.Source.Higham.Chapter10.Lemma13.KahanSharpness.CompletePivotingBound;NumStability.Source.Higham.Chapter10.Problem01.PositiveSemidefiniteEntries.EntryBounds.Results;NumStability.Source.Higham.Chapter10.Section03.PositiveSemidefinite.ConstructiveFactorization.Existence;NumStability.Source.Higham.Chapter10.Section03.PositiveSemidefinite.Existence;NumStability.Source.Higham.Chapter10.Section03.PositiveSemidefinite.QuadraticFormBounds.WeightedNorm;NumStability.Source.Higham.Chapter10.Section03.PositiveSemidefinite.SchurComplement;NumStability.Source.Higham.Chapter10.Section03.PositiveSemidefinite.Termination;NumStability.Source.Higham.Chapter10.Section03.PositiveSemidefinite.TrailingTermination.Bound;NumStability.Source.Higham.Chapter10.Section03.PositiveSemidefinite.WNormBound;NumStability.Source.Higham.Chapter10.Theorem14.CompletePivotedPSD.PsdErrorAnalysis;NumStability.Source.Higham.Chapter10.Theorem14.CompletePivotedPSD.RoundedErrorAnalysis.Bounds,1,NumStability.Source.Higham.Chapter10.Lemma13.KahanSharpness.CompletePivotingBound,Source-import reachability only; this does not establish an elaborated declaration dependency.
NumStability.Algorithms.Cholesky.CholeskyPerturbation,NumStability/Algorithms/Cholesky/CholeskyPerturbation.lean,Algorithms,false,true,0,,,,Source-import reachability only; this does not establish an elaborated declaration dependency.
NumStability.Algorithms.Cholesky.CholeskySolve,NumStability/Algorithms/Cholesky/CholeskySolve.lean,Algorithms,false,true,0,,,,Source-import reachability only; this does not establish an elaborated declaration dependency.
NumStability.Algorithms.Cholesky.CholeskySpec,NumStability/Algorithms/Cholesky/CholeskySpec.lean,Algorithms,true,false,0,,,,Source-import reachability only; this does not establish an elaborated declaration dependency.
NumStability.Algorithms.Cholesky.Higham1014Equation1022,NumStability/Algorithms/Cholesky/Higham1014Equation1022.lean,Algorithms,false,true,2,NumStability.Source.Higham.Chapter10.Theorem14.CompletePivotedPSD.Equation22;NumStability.Source.Higham.Chapter10.Theorem14.CompletePivotedPSD.SchurPerturbation.Family,1,NumStability.Source.Higham.Chapter10.Theorem14.CompletePivotedPSD.Equation22,Source-import reachability only; this does not establish an elaborated declaration dependency.
NumStability.Algorithms.Cholesky.Higham1014SourceError,NumStability/Algorithms/Cholesky/Higham1014SourceError.lean,Algorithms,false,true,5,NumStability.Source.Higham.Chapter09.DoolittleClosure;NumStability.Source.Higham.Chapter10.Theorem07;NumStability.Source.Higham.Chapter10.Theorem14.CompletePivotedPSD.RankSensitiveError.Bounds;NumStability.Source.Higham.Chapter10.Theorem14.CompletePivotedPSD.SourceError;NumStability.Source.Higham.Chapter10.Theorem14.CompletePivotedPSD.SourceSuccess,1,NumStability.Source.Higham.Chapter09.DoolittleClosure,Source-import reachability only; this does not establish an elaborated declaration dependency.
NumStability.Algorithms.Cholesky.Higham1014SourceSuccess,NumStability/Algorithms/Cholesky/Higham1014SourceSuccess.lean,Algorithms,false,true,2,NumStability.Source.Higham.Chapter10.Theorem07;NumStability.Source.Higham.Chapter10.Theorem14.CompletePivotedPSD.SourceSuccess,1,NumStability.Source.Higham.Chapter10.Theorem07,Source-import reachability only; this does not establish an elaborated declaration dependency.
NumStability.Algorithms.Cholesky.Higham1029Source,NumStability/Algorithms/Cholesky/Higham1029Source.lean,Algorithms,false,true,2,NumStability.Source.Higham.Chapter10.Section04.PositiveDefiniteSymmetricPart.Equation29;NumStability.Source.Higham.Chapter10.Section04.PositiveDefiniteSymmetricPart.LUGrowth.Equation29,1,NumStability.Source.Higham.Chapter10.Section04.PositiveDefiniteSymmetricPart.Equation29,Source-import reachability only; this does not establish an elaborated declaration dependency.
NumStability.Algorithms.Cholesky.Higham10Problem10_3,NumStability/Algorithms/Cholesky/Higham10Problem10_3.lean,Algorithms,false,true,2,NumStability.Source.Higham.Chapter08.Section03.TriangularSystems.ArbitraryOrder;NumStability.Source.Higham.Chapter10.Problem03.ArbitraryEvaluationOrder.Basic,1,NumStability.Source.Higham.Chapter08.Section03.TriangularSystems.ArbitraryOrder,Source-import reachability only; this does not establish an elaborated declaration dependency.
NumStability.Algorithms.Cholesky.Higham10Theorem10_7Source,NumStability/Algorithms/Cholesky/Higham10Theorem10_7Source.lean,Algorithms,false,true,1,NumStability.Source.Higham.Chapter10.Theorem07,1,NumStability.Source.Higham.Chapter10.Theorem07,Source-import reachability only; this does not establish an elaborated declaration dependency.
NumStability.Algorithms.Cholesky.Higham11BunchActualSharpGrowthClosure,NumStability/Algorithms/Cholesky/Higham11BunchActualSharpGrowthClosure.lean,Algorithms,false,false,1,NumStability.Source.Higham.Chapter11.Bunch.ActualSharpGrowthClosure,1,NumStability.Source.Higham.Chapter11.Bunch.ActualSharpGrowthClosure,Source-import reachability only; this does not establish an elaborated declaration dependency.
NumStability.Algorithms.Cholesky.Higham11BunchExactTrace,NumStability/Algorithms/Cholesky/Higham11BunchExactTrace.lean,Algorithms,false,false,1,NumStability.Source.Higham.Chapter11.Bunch.ExactTrace,1,NumStability.Source.Higham.Chapter11.Bunch.ExactTrace,Source-import reachability only; this does not establish an elaborated declaration dependency.
NumStability.Algorithms.Cholesky.Higham11BunchKaufmanActualSelector,NumStability/Algorithms/Cholesky/Higham11BunchKaufmanActualSelector.lean,Algorithms,false,false,1,NumStability.Source.Higham.Chapter11.BunchKaufman.ActualSelector,1,NumStability.Source.Higham.Chapter11.BunchKaufman.ActualSelector,Source-import reachability only; this does not establish an elaborated declaration dependency.
NumStability.Algorithms.Cholesky.Higham11BunchKaufmanExactGrowth,NumStability/Algorithms/Cholesky/Higham11BunchKaufmanExactGrowth.lean,Algorithms,false,false,1,NumStability.Source.Higham.Chapter11.BunchKaufman.Exact.Growth,1,NumStability.Source.Higham.Chapter11.BunchKaufman.Exact.Growth,Source-import reachability only; this does not establish an elaborated declaration dependency.
NumStability.Algorithms.Cholesky.Higham11BunchKaufmanExactGrowthArithmetic,NumStability/Algorithms/Cholesky/Higham11BunchKaufmanExactGrowthArithmetic.lean,Algorithms,false,false,1,NumStability.Source.Higham.Chapter11.BunchKaufman.Exact.GrowthArithmetic,1,NumStability.Source.Higham.Chapter11.BunchKaufman.Exact.GrowthArithmetic,Source-import reachability only; this does not establish an elaborated declaration dependency.
NumStability.Algorithms.Cholesky.Higham11BunchKaufmanExactTrace,NumStability/Algorithms/Cholesky/Higham11BunchKaufmanExactTrace.lean,Algorithms,false,false,1,NumStability.Source.Higham.Chapter11.BunchKaufman.Exact.Trace,1,NumStability.Source.Higham.Chapter11.BunchKaufman.Exact.Trace,Source-import reachability only; this does not establish an elaborated declaration dependency.
NumStability.Algorithms.Cholesky.Higham11BunchKaufmanExplicitInverseSolve,NumStability/Algorithms/Cholesky/Higham11BunchKaufmanExplicitInverseSolve.lean,Algorithms,false,false,1,NumStability.Source.Higham.Chapter11.BunchKaufman.ExplicitInverse.Solve,1,NumStability.Source.Higham.Chapter11.BunchKaufman.ExplicitInverse.Solve,Source-import reachability only; this does not establish an elaborated declaration dependency.
NumStability.Algorithms.Cholesky.Higham11BunchKaufmanExplicitInverseTerminalClosedForm,NumStability/Algorithms/Cholesky/Higham11BunchKaufmanExplicitInverseTerminalClosedForm.lean,Algorithms,false,false,1,NumStability.Source.Higham.Chapter11.BunchKaufman.ExplicitInverse.TerminalClosedForm,1,NumStability.Source.Higham.Chapter11.BunchKaufman.ExplicitInverse.TerminalClosedForm,Source-import reachability only; this does not establish an elaborated declaration dependency.
NumStability.Algorithms.Cholesky.Higham11BunchKaufmanRoundedAccumulated,NumStability/Algorithms/Cholesky/Higham11BunchKaufmanRoundedAccumulated.lean,Algorithms,false,false,1,NumStability.Source.Higham.Chapter11.BunchKaufman.Rounded.Accumulated,1,NumStability.Source.Higham.Chapter11.BunchKaufman.Rounded.Accumulated,Source-import reachability only; this does not establish an elaborated declaration dependency.
NumStability.Algorithms.Cholesky.Higham11BunchKaufmanRoundedBridge,NumStability/Algorithms/Cholesky/Higham11BunchKaufmanRoundedBridge.lean,Algorithms,false,false,1,NumStability.Source.Higham.Chapter11.BunchKaufman.Rounded.Bridge,1,NumStability.Source.Higham.Chapter11.BunchKaufman.Rounded.Bridge,Source-import reachability only; this does not establish an elaborated declaration dependency.
NumStability.Algorithms.Cholesky.Higham11BunchKaufmanRoundedClosure,NumStability/Algorithms/Cholesky/Higham11BunchKaufmanRoundedClosure.lean,Algorithms,false,false,1,NumStability.Source.Higham.Chapter11.BunchKaufman.Rounded.Closure,1,NumStability.Source.Higham.Chapter11.BunchKaufman.Rounded.Closure,Source-import reachability only; this does not establish an elaborated declaration dependency.
NumStability.Algorithms.Cholesky.Higham11BunchKaufmanRoundedExecution,NumStability/Algorithms/Cholesky/Higham11BunchKaufmanRoundedExecution.lean,Algorithms,false,false,1,NumStability.Source.Higham.Chapter11.BunchKaufman.Rounded.Execution,1,NumStability.Source.Higham.Chapter11.BunchKaufman.Rounded.Execution,Source-import reachability only; this does not establish an elaborated declaration dependency.
NumStability.Algorithms.Cholesky.Higham11BunchKaufmanRoundedFactors,NumStability/Algorithms/Cholesky/Higham11BunchKaufmanRoundedFactors.lean,Algorithms,false,false,1,NumStability.Source.Higham.Chapter11.BunchKaufman.Rounded.Factors,1,NumStability.Source.Higham.Chapter11.BunchKaufman.Rounded.Factors,Source-import reachability only; this does not establish an elaborated declaration dependency.
NumStability.Algorithms.Cholesky.Higham11BunchKaufmanRoundedGlobal,NumStability/Algorithms/Cholesky/Higham11BunchKaufmanRoundedGlobal.lean,Algorithms,false,false,1,NumStability.Source.Higham.Chapter11.BunchKaufman.Rounded.Global,1,NumStability.Source.Higham.Chapter11.BunchKaufman.Rounded.Global,Source-import reachability only; this does not establish an elaborated declaration dependency.
NumStability.Algorithms.Cholesky.Higham11BunchKaufmanRoundedGrowth,NumStability/Algorithms/Cholesky/Higham11BunchKaufmanRoundedGrowth.lean,Algorithms,false,false,1,NumStability.Source.Higham.Chapter11.BunchKaufman.Rounded.Growth,1,NumStability.Source.Higham.Chapter11.BunchKaufman.Rounded.Growth,Source-import reachability only; this does not establish an elaborated declaration dependency.
NumStability.Algorithms.Cholesky.Higham11BunchKaufmanRoundedGrowthSolve,NumStability/Algorithms/Cholesky/Higham11BunchKaufmanRoundedGrowthSolve.lean,Algorithms,false,false,1,NumStability.Source.Higham.Chapter11.BunchKaufman.Rounded.GrowthSolve,1,NumStability.Source.Higham.Chapter11.BunchKaufman.Rounded.GrowthSolve,Source-import reachability only; this does not establish an elaborated declaration dependency.
NumStability.Algorithms.Cholesky.Higham11BunchKaufmanRoundedMiddleSolve,NumStability/Algorithms/Cholesky/Higham11BunchKaufmanRoundedMiddleSolve.lean,Algorithms,false,false,1,NumStability.Source.Higham.Chapter11.BunchKaufman.Rounded.MiddleSolve,1,NumStability.Source.Higham.Chapter11.BunchKaufman.Rounded.MiddleSolve,Source-import reachability only; this does not establish an elaborated declaration dependency.
NumStability.Algorithms.Cholesky.Higham11BunchKaufmanRoundedSolve,NumStability/Algorithms/Cholesky/Higham11BunchKaufmanRoundedSolve.lean,Algorithms,false,false,1,NumStability.Source.Higham.Chapter11.BunchKaufman.Rounded.Solve,1,NumStability.Source.Higham.Chapter11.BunchKaufman.Rounded.Solve,Source-import reachability only; this does not establish an elaborated declaration dependency.
NumStability.Algorithms.Cholesky.Higham11BunchKaufmanRoundedTerminal,NumStability/Algorithms/Cholesky/Higham11BunchKaufmanRoundedTerminal.lean,Algorithms,false,false,1,NumStability.Source.Higham.Chapter11.BunchKaufman.Rounded.Terminal,1,NumStability.Source.Higham.Chapter11.BunchKaufman.Rounded.Terminal,Source-import reachability only; this does not establish an elaborated declaration dependency.
NumStability.Algorithms.Cholesky.Higham11BunchKaufmanRoundedTerminalClosedForm,NumStability/Algorithms/Cholesky/Higham11BunchKaufmanRoundedTerminalClosedForm.lean,Algorithms,false,false,1,NumStability.Source.Higham.Chapter11.BunchKaufman.Rounded.TerminalClosedForm,1,NumStability.Source.Higham.Chapter11.BunchKaufman.Rounded.TerminalClosedForm,Source-import reachability only; this does not establish an elaborated declaration dependency.
NumStability.Algorithms.Cholesky.Higham11BunchKaufmanSourceCorrection,NumStability/Algorithms/Cholesky/Higham11BunchKaufmanSourceCorrection.lean,Algorithms,false,false,1,NumStability.Source.Higham.Chapter11.BunchKaufman.SourceCorrection,1,NumStability.Source.Higham.Chapter11.BunchKaufman.SourceCorrection,Source-import reachability only; this does not establish an elaborated declaration dependency.
NumStability.Algorithms.Cholesky.Higham11BunchSharpGrowthBridge,NumStability/Algorithms/Cholesky/Higham11BunchSharpGrowthBridge.lean,Algorithms,false,false,1,NumStability.Source.Higham.Chapter11.Bunch.SharpGrowthBridge,1,NumStability.Source.Higham.Chapter11.Bunch.SharpGrowthBridge,Source-import reachability only; this does not establish an elaborated declaration dependency.
NumStability.Algorithms.Cholesky.Higham11BunchTraceHadamard,NumStability/Algorithms/Cholesky/Higham11BunchTraceHadamard.lean,Algorithms,false,false,1,NumStability.Source.Higham.Chapter11.Bunch.TraceHadamard,1,NumStability.Source.Higham.Chapter11.Bunch.TraceHadamard,Source-import reachability only; this does not establish an elaborated declaration dependency.
NumStability.Algorithms.Cholesky.Higham11Chapter9ActualExecutorBridge,NumStability/Algorithms/Cholesky/Higham11Chapter9ActualExecutorBridge.lean,Algorithms,false,false,1,NumStability.Source.Higham.CrossChapter.SymmetricIndefiniteLU.ActualExecutorBridge,1,NumStability.Source.Higham.CrossChapter.SymmetricIndefiniteLU.ActualExecutorBridge,Source-import reachability only; this does not establish an elaborated declaration dependency.
NumStability.Algorithms.Cholesky.Higham11Chapter9BridgeClosure,NumStability/Algorithms/Cholesky/Higham11Chapter9BridgeClosure.lean,Algorithms,false,false,1,NumStability.Source.Higham.CrossChapter.SymmetricIndefiniteLU.BridgeClosure,1,NumStability.Source.Higham.CrossChapter.SymmetricIndefiniteLU.BridgeClosure,Source-import reachability only; this does not establish an elaborated declaration dependency.
NumStability.Algorithms.Cholesky.Higham11RookExactTrace,NumStability/Algorithms/Cholesky/Higham11RookExactTrace.lean,Algorithms,false,false,1,NumStability.Source.Higham.Chapter11.Rook.ExactTrace,1,NumStability.Source.Higham.Chapter11.Rook.ExactTrace,Source-import reachability only; this does not establish an elaborated declaration dependency.
NumStability.Algorithms.Cholesky.Higham11RookExecutorAdapter,NumStability/Algorithms/Cholesky/Higham11RookExecutorAdapter.lean,Algorithms,false,false,1,NumStability.Source.Higham.Chapter11.Rook.ExecutorAdapter,1,NumStability.Source.Higham.Chapter11.Rook.ExecutorAdapter,Source-import reachability only; this does not establish an elaborated declaration dependency.
NumStability.Algorithms.Cholesky.Higham11RookRoundedGap,NumStability/Algorithms/Cholesky/Higham11RookRoundedGap.lean,Algorithms,false,false,1,NumStability.Source.Higham.Chapter11.Rook.RoundedGap,1,NumStability.Source.Higham.Chapter11.Rook.RoundedGap,Source-import reachability only; this does not establish an elaborated declaration dependency.
NumStability.Algorithms.Cholesky.Higham11RookSourceClosure,NumStability/Algorithms/Cholesky/Higham11RookSourceClosure.lean,Algorithms,false,false,1,NumStability.Source.Higham.Chapter11.Rook.SourceClosure,1,NumStability.Source.Higham.Chapter11.Rook.SourceClosure,Source-import reachability only; this does not establish an elaborated declaration dependency.
NumStability.Algorithms.Cholesky.Higham11SkewActualSelector,NumStability/Algorithms/Cholesky/Higham11SkewActualSelector.lean,Algorithms,false,false,1,NumStability.Source.Higham.Chapter11.Skew.ActualSelector,1,NumStability.Source.Higham.Chapter11.Skew.ActualSelector,Source-import reachability only; this does not establish an elaborated declaration dependency.
NumStability.Algorithms.Cholesky.Higham11SkewExactTrace,NumStability/Algorithms/Cholesky/Higham11SkewExactTrace.lean,Algorithms,false,false,1,NumStability.Source.Higham.Chapter11.Skew.ExactTrace,1,NumStability.Source.Higham.Chapter11.Skew.ExactTrace,Source-import reachability only; this does not establish an elaborated declaration dependency.
NumStability.Algorithms.Cholesky.Higham11SkewSourceCorrection,NumStability/Algorithms/Cholesky/Higham11SkewSourceCorrection.lean,Algorithms,false,false,1,NumStability.Source.Higham.Chapter11.Skew.SourceCorrection,1,NumStability.Source.Higham.Chapter11.Skew.SourceCorrection,Source-import reachability only; this does not establish an elaborated declaration dependency.
NumStability.Algorithms.Cholesky.HighamMathiasFirstBreakdown,NumStability/Algorithms/Cholesky/HighamMathiasFirstBreakdown.lean,Algorithms,false,true,2,NumStability.Source.Higham.Chapter09.DoolittleClosure;NumStability.Source.Higham.Chapter10.Equation29.Mathias.FirstBreakdown,1,NumStability.Source.Higham.Chapter09.DoolittleClosure,Source-import reachability only; this does not establish an elaborated declaration dependency.
NumStability.Algorithms.Cholesky.HighamMathiasSource,NumStability/Algorithms/Cholesky/HighamMathiasSource.lean,Algorithms,false,true,4,NumStability.Source.Higham.Chapter09.DoolittleClosure;NumStability.Source.Higham.Chapter10.Equation29.Mathias.FirstBreakdown;NumStability.Source.Higham.Chapter10.Equation29.Mathias.RoundedSchur.Bounds;NumStability.Source.Higham.Chapter10.Equation29.Mathias.SourceIngredients,1,NumStability.Source.Higham.Chapter09.DoolittleClosure,Source-import reachability only; this does not establish an elaborated declaration dependency.
NumStability.Algorithms.Cholesky.TwoByTwoSchurStepCh11Closure,NumStability/Algorithms/Cholesky/TwoByTwoSchurStepCh11Closure.lean,Algorithms,false,false,1,NumStability.Source.Higham.Chapter11.TwoByTwoSchurStep,1,NumStability.Source.Higham.Chapter11.TwoByTwoSchurStep,Source-import reachability only; this does not establish an elaborated declaration dependency.
NumStability.Algorithms.Circulant.Higham24,NumStability/Algorithms/Circulant/Higham24.lean,Algorithms,false,false,1,NumStability.Source.Higham.Chapter24.CirculantSystems,1,NumStability.Source.Higham.Chapter24.CirculantSystems,Source-import reachability only; this does not establish an elaborated declaration dependency.
NumStability.Algorithms.Circulant.Higham24BackwardStability,NumStability/Algorithms/Circulant/Higham24BackwardStability.lean,Algorithms,false,false,1,NumStability.Source.Higham.Chapter24.FFTBackwardStability,1,NumStability.Source.Higham.Chapter24.FFTBackwardStability,Source-import reachability only; this does not establish an elaborated declaration dependency.
NumStability.Algorithms.Circulant.Higham24ForwardError,NumStability/Algorithms/Circulant/Higham24ForwardError.lean,Algorithms,false,false,1,NumStability.Source.Higham.Chapter24.CirculantForwardError,1,NumStability.Source.Higham.Chapter24.CirculantForwardError,Source-import reachability only; this does not establish an elaborated declaration dependency.
NumStability.Algorithms.Circulant.Higham24ForwardPerturbation,NumStability/Algorithms/Circulant/Higham24ForwardPerturbation.lean,Algorithms,false,false,1,NumStability.Source.Higham.Chapter24.ForwardFFTPerturbation,1,NumStability.Source.Higham.Chapter24.ForwardFFTPerturbation,Source-import reachability only; this does not establish an elaborated declaration dependency.
NumStability.Algorithms.Circulant.Higham24InverseFFT,NumStability/Algorithms/Circulant/Higham24InverseFFT.lean,Algorithms,false,false,1,NumStability.Source.Higham.Chapter24.InverseFFT,1,NumStability.Source.Higham.Chapter24.InverseFFT,Source-import reachability only; this does not establish an elaborated declaration dependency.
NumStability.Algorithms.Circulant.Higham24LiteralSolver,NumStability/Algorithms/Circulant/Higham24LiteralSolver.lean,Algorithms,false,false,1,NumStability.Source.Higham.Chapter24.RoundedCirculantSolver,1,NumStability.Source.Higham.Chapter24.RoundedCirculantSolver,Source-import reachability only; this does not establish an elaborated declaration dependency.
NumStability.Algorithms.Circulant.Higham24Rounded,NumStability/Algorithms/Circulant/Higham24Rounded.lean,Algorithms,false,false,1,NumStability.Source.Higham.Chapter24.RoundedDiagonalSolve,1,NumStability.Source.Higham.Chapter24.RoundedDiagonalSolve,Source-import reachability only; this does not establish an elaborated declaration dependency.
NumStability.Algorithms.Circulant.Higham24Structured,NumStability/Algorithms/Circulant/Higham24Structured.lean,Algorithms,false,false,1,NumStability.Source.Higham.Chapter24.StructuredMixedStability,1,NumStability.Source.Higham.Chapter24.StructuredMixedStability,Source-import reachability only; this does not establish an elaborated declaration dependency.
NumStability.Algorithms.CompensatedSum,NumStability/Algorithms/CompensatedSum.lean,Algorithms,false,true,0,,2,NumStability.Source.Higham.Chapter04.Algorithm02.InitializationModelLimitations,Source-import reachability only; this does not establish an elaborated declaration dependency.
NumStability.Algorithms.ComplexBackwardError,NumStability/Algorithms/ComplexBackwardError.lean,Algorithms,true,false,0,,,,Source-import reachability only; this does not establish an elaborated declaration dependency.
NumStability.Algorithms.CondEstimation,NumStability/Algorithms/CondEstimation.lean,Algorithms,true,false,0,,,,Source-import reachability only; this does not establish an elaborated declaration dependency.
NumStability.Algorithms.ContinuedFraction,NumStability/Algorithms/ContinuedFraction.lean,Algorithms,true,false,0,,,,Source-import reachability only; this does not establish an elaborated declaration dependency.
NumStability.Algorithms.DotProduct,NumStability/Algorithms/DotProduct.lean,Algorithms,true,false,0,,,,Source-import reachability only; this does not establish an elaborated declaration dependency.
NumStability.Algorithms.DoublyCompensatedSum,NumStability/Algorithms/DoublyCompensatedSum.lean,Algorithms,false,true,0,,,,Source-import reachability only; this does not establish an elaborated declaration dependency.
NumStability.Algorithms.ExtendedPrecisionDotProduct,NumStability/Algorithms/ExtendedPrecisionDotProduct.lean,Algorithms,true,false,0,,,,Source-import reachability only; this does not establish an elaborated declaration dependency.
NumStability.Algorithms.FFT.Higham24,NumStability/Algorithms/FFT/Higham24.lean,Algorithms,false,false,1,NumStability.Source.Higham.Chapter24.FourierTransform,1,NumStability.Source.Higham.Chapter24.FourierTransform,Source-import reachability only; this does not establish an elaborated declaration dependency.
NumStability.Algorithms.FFT.Higham24Radix2,NumStability/Algorithms/FFT/Higham24Radix2.lean,Algorithms,false,false,1,NumStability.Source.Higham.Chapter24.Radix2FFT,1,NumStability.Source.Higham.Chapter24.Radix2FFT,Source-import reachability only; this does not establish an elaborated declaration dependency.
NumStability.Algorithms.FastMatMul,NumStability/Algorithms/FastMatMul.lean,Algorithms,false,false,1,NumStability.Source.Higham.Chapter23,1,NumStability.Source.Higham.Chapter23,Source-import reachability only; this does not establish an elaborated declaration dependency.
NumStability.Algorithms.FastMatMul.Higham23,NumStability/Algorithms/FastMatMul/Higham23.lean,Algorithms,false,true,8,NumStability.Source.Higham.Chapter23.BalancedScaling;NumStability.Source.Higham.Chapter23.BilinearAlgorithm;NumStability.Source.Higham.Chapter23.BlockAlgorithms;NumStability.Source.Higham.Chapter23.ConventionalMultiplication;NumStability.Source.Higham.Chapter23.ErrorRecurrences;NumStability.Source.Higham.Chapter23.GammaAsymptotics;NumStability.Source.Higham.Chapter23.ThreeM;NumStability.Source.Higham.Chapter23.WinogradInnerProduct,1,NumStability.Source.Higham.Chapter23.BalancedScaling,Source-import reachability only; this does not establish an elaborated declaration dependency.
NumStability.Algorithms.FastMatMul.Higham23Bini,NumStability/Algorithms/FastMatMul/Higham23Bini.lean,Algorithms,false,true,12,NumStability.Source.Higham.Chapter23.BalancedScaling;NumStability.Source.Higham.Chapter23.BilinearAlgorithm;NumStability.Source.Higham.Chapter23.BiniLotti;NumStability.Source.Higham.Chapter23.BlockAlgorithms;NumStability.Source.Higham.Chapter23.ConventionalMultiplication;NumStability.Source.Higham.Chapter23.Equation11;NumStability.Source.Higham.Chapter23.ErrorRecurrences;NumStability.Source.Higham.Chapter23.GammaAsymptotics;NumStability.Source.Higham.Chapter23.Theorem02;NumStability.Source.Higham.Chapter23.Theorem03;NumStability.Source.Higham.Chapter23.ThreeM;NumStability.Source.Higham.Chapter23.WinogradInnerProduct,1,NumStability.Source.Higham.Chapter23.BalancedScaling,Source-import reachability only; this does not establish an elaborated declaration dependency.
NumStability.Algorithms.FastMatMul.Higham23Problem23_8,NumStability/Algorithms/FastMatMul/Higham23Problem23_8.lean,Algorithms,false,true,11,NumStability.Source.Higham.Chapter23.BalancedScaling;NumStability.Source.Higham.Chapter23.BilinearAlgorithm;NumStability.Source.Higham.Chapter23.BlockAlgorithms;NumStability.Source.Higham.Chapter23.ConventionalMultiplication;NumStability.Source.Higham.Chapter23.ErrorRecurrences;NumStability.Source.Higham.Chapter23.GammaAsymptotics;NumStability.Source.Higham.Chapter23.Problem08;NumStability.Source.Higham.Chapter23.Theorem02;NumStability.Source.Higham.Chapter23.Theorem03.Execution;NumStability.Source.Higham.Chapter23.ThreeM;NumStability.Source.Higham.Chapter23.WinogradInnerProduct,1,NumStability.Source.Higham.Chapter23.BalancedScaling,Source-import reachability only; this does not establish an elaborated declaration dependency.
NumStability.Algorithms.FastMatMul.Higham23Recursive,NumStability/Algorithms/FastMatMul/Higham23Recursive.lean,Algorithms,false,true,10,NumStability.Source.Higham.Chapter23.BalancedScaling;NumStability.Source.Higham.Chapter23.BilinearAlgorithm;NumStability.Source.Higham.Chapter23.BlockAlgorithms;NumStability.Source.Higham.Chapter23.ConventionalMultiplication;NumStability.Source.Higham.Chapter23.ErrorRecurrences;NumStability.Source.Higham.Chapter23.GammaAsymptotics;NumStability.Source.Higham.Chapter23.Theorem02;NumStability.Source.Higham.Chapter23.Theorem03.Execution;NumStability.Source.Higham.Chapter23.ThreeM;NumStability.Source.Higham.Chapter23.WinogradInnerProduct,1,NumStability.Source.Higham.Chapter23.BalancedScaling,Source-import reachability only; this does not establish an elaborated declaration dependency.
NumStability.Algorithms.FastMatMul.Higham23Remaining,NumStability/Algorithms/FastMatMul/Higham23Remaining.lean,Algorithms,false,true,11,NumStability.Source.Higham.Chapter23.BalancedScaling;NumStability.Source.Higham.Chapter23.BilinearAlgorithm;NumStability.Source.Higham.Chapter23.BlockAlgorithms;NumStability.Source.Higham.Chapter23.ConventionalMultiplication;NumStability.Source.Higham.Chapter23.Equation11;NumStability.Source.Higham.Chapter23.ErrorRecurrences;NumStability.Source.Higham.Chapter23.GammaAsymptotics;NumStability.Source.Higham.Chapter23.Theorem02;NumStability.Source.Higham.Chapter23.Theorem03;NumStability.Source.Higham.Chapter23.ThreeM;NumStability.Source.Higham.Chapter23.WinogradInnerProduct,1,NumStability.Source.Higham.Chapter23.BalancedScaling,Source-import reachability only; this does not establish an elaborated declaration dependency.
NumStability.Algorithms.FastMatMul.Higham23ThreeMStrassen,NumStability/Algorithms/FastMatMul/Higham23ThreeMStrassen.lean,Algorithms,false,true,13,NumStability.Source.Higham.Chapter23.BalancedScaling;NumStability.Source.Higham.Chapter23.BilinearAlgorithm;NumStability.Source.Higham.Chapter23.BiniLotti;NumStability.Source.Higham.Chapter23.BlockAlgorithms;NumStability.Source.Higham.Chapter23.ConventionalMultiplication;NumStability.Source.Higham.Chapter23.Equation11;NumStability.Source.Higham.Chapter23.ErrorRecurrences;NumStability.Source.Higham.Chapter23.GammaAsymptotics;NumStability.Source.Higham.Chapter23.Theorem02;NumStability.Source.Higham.Chapter23.Theorem03;NumStability.Source.Higham.Chapter23.ThreeM;NumStability.Source.Higham.Chapter23.ThreeMStrassen;NumStability.Source.Higham.Chapter23.WinogradInnerProduct,1,NumStability.Source.Higham.Chapter23.BalancedScaling,Source-import reachability only; this does not establish an elaborated declaration dependency.
NumStability.Algorithms.FastMatMul.Internal.LegacyBounds,NumStability/Algorithms/FastMatMul/Internal/LegacyBounds.lean,Algorithms,true,false,0,,,,Source-import reachability only; this does not establish an elaborated declaration dependency.
NumStability.Algorithms.FastMatMul.Recurrences,NumStability/Algorithms/FastMatMul/Recurrences.lean,Algorithms,true,false,0,,,,Source-import reachability only; this does not establish an elaborated declaration dependency.
NumStability.Algorithms.ForwardSub,NumStability/Algorithms/ForwardSub.lean,Algorithms,false,false,0,,,,Source-import reachability only; this does not establish an elaborated declaration dependency.
NumStability.Algorithms.GaussJordan,NumStability/Algorithms/GaussJordan.lean,Algorithms,false,true,11,NumStability.Source.Higham.Chapter09.Problems;NumStability.Source.Higham.Chapter09.Section01;NumStability.Source.Higham.Chapter09.Section02;NumStability.Source.Higham.Chapter09.Section03;NumStability.Source.Higham.Chapter09.Section04;NumStability.Source.Higham.Chapter09.Section05;NumStability.Source.Higham.Chapter09.Section06;NumStability.Source.Higham.Chapter09.Section08;NumStability.Source.Higham.Chapter09.Section10;NumStability.Source.Higham.Chapter09.Section11;NumStability.Source.Higham.Chapter14.Corollary07.RowDominantCertificates.CumulativeProductBounds,1,NumStability.Source.Higham.Chapter09.Problems,Source-import reachability only; this does not establish an elaborated declaration dependency.
NumStability.Algorithms.GaussJordanPivoting,NumStability/Algorithms/GaussJordanPivoting.lean,Algorithms,false,true,1,NumStability.Source.Higham.Chapter14.Algorithm04.Pivoting.GaussJordanPivoting,1,NumStability.Source.Higham.Chapter14.Algorithm04.Pivoting.GaussJordanPivoting,Source-import reachability only; this does not establish an elaborated declaration dependency.
NumStability.Algorithms.GridPoints,NumStability/Algorithms/GridPoints.lean,Algorithms,true,false,0,,,,Source-import reachability only; this does not establish an elaborated declaration dependency.
NumStability.Algorithms.Higham5FastPolynomialEvaluation,NumStability/Algorithms/Higham5FastPolynomialEvaluation.lean,Algorithms,false,true,2,NumStability.Source.Higham.Chapter05.Section05.FastPolynomialEvaluation.Basic;NumStability.Source.Higham.Chapter05.Section05.FastPolynomialEvaluation.Results.Theorems,1,NumStability.Source.Higham.Chapter05.Section05.FastPolynomialEvaluation.Basic,Source-import reachability only; this does not establish an elaborated declaration dependency.
NumStability.Algorithms.Higham5PatersonStockmeyer,NumStability/Algorithms/Higham5PatersonStockmeyer.lean,Algorithms,false,true,2,NumStability.Source.Higham.Chapter05.Section04.PatersonStockmeyer.Basic;NumStability.Source.Higham.Chapter05.Section04.PatersonStockmeyer.Results.Theorems,1,NumStability.Source.Higham.Chapter05.Section04.PatersonStockmeyer.Basic,Source-import reachability only; this does not establish an elaborated declaration dependency.
NumStability.Algorithms.Higham726Rump,NumStability/Algorithms/Higham726Rump.lean,Algorithms,false,true,3,NumStability.Source.Higham.Chapter07.Equation26.RumpCycle.Basic;NumStability.Source.Higham.Chapter07.Equation26.RumpCycle.Results.Theorems;NumStability.Source.Higham.Chapter08.Equation18.FanInExecutor.FirstOrderForwardError,1,NumStability.Source.Higham.Chapter07.Equation26.RumpCycle.Basic,Source-import reachability only; this does not establish an elaborated declaration dependency.
NumStability.Algorithms.HighamChapter10,NumStability/Algorithms/HighamChapter10.lean,Algorithms,false,true,36,NumStability.Source.Higham.Chapter09.Problems;NumStability.Source.Higham.Chapter09.Section01;NumStability.Source.Higham.Chapter09.Section02;NumStability.Source.Higham.Chapter09.Section03;NumStability.Source.Higham.Chapter09.Section04;NumStability.Source.Higham.Chapter09.Section05;NumStability.Source.Higham.Chapter09.Section06;NumStability.Source.Higham.Chapter09.Section08;NumStability.Source.Higham.Chapter09.Section10;NumStability.Source.Higham.Chapter09.Section11;NumStability.Source.Higham.Chapter10.Equation07.AbsoluteFactorNorm.Endpoints;NumStability.Source.Higham.Chapter10.Equation29.Mathias.Endpoints;NumStability.Source.Higham.Chapter10.Equation30.ComplexPositiveDefinite.Endpoints;NumStability.Source.Higham.Chapter10.Lemma11.PivotSequenceStability.Endpoints;NumStability.Source.Higham.Chapter10.Lemma13.KahanSharpness.Endpoints;NumStability.Source.Higham.Chapter10.Lemma13.KahanSharpness.UnboundedGrowth.Construction;NumStability.Source.Higham.Chapter10.Problem01.PositiveSemidefiniteEntries.Basic;NumStability.Source.Higham.Chapter10.Problem04.UnpivotedGrowth.Basic;NumStability.Source.Higham.Chapter10.Problem04.UnpivotedGrowth.PositivePivots.Bounds;NumStability.Source.Higham.Chapter10.Problem08.LeadingMinorsCounterexample.Basic;NumStability.Source.Higham.Chapter10.Section01.Factorization.Basic;NumStability.Source.Higham.Chapter10.Section01.Factorization.ExistenceUniqueness.Results;NumStability.Source.Higham.Chapter10.Section02.ErrorAnalysis.Basic;NumStability.Source.Higham.Chapter10.Section02.ErrorAnalysis.FactorizationAndSolve.Bounds;NumStability.Source.Higham.Chapter10.Section03.PositiveSemidefinite.Endpoints;NumStability.Source.Higham.Chapter10.Section03.PositiveSemidefinite.PivotingAndScaling.Results;NumStability.Source.Higham.Chapter10.Section04.PositiveDefiniteSymmetricPart.Endpoints;NumStability.Source.Higham.Chapter10.Section04.PositiveDefiniteSymmetricPart.SchurStages.Bounds;NumStability.Source.Higham.Chapter10.Theorem06.RoundedCholesky.Endpoints;NumStability.Source.Higham.Chapter10.Theorem07.FailureVacuity.Endpoints;NumStability.Source.Higham.Chapter10.Theorem07.SuccessThreshold.Factorization;NumStability.Source.Higham.Chapter10.Theorem08.ComponentwisePerturbation.Endpoints;NumStability.Source.Higham.Chapter10.Theorem08.NormwiseDiscrepancy.Endpoints;NumStability.Source.Higham.Chapter10.Theorem14.CompletePivotedPSD.Endpoints;NumStability.Source.Higham.Chapter10.Theorem14.CompletePivotedPSD.RoundedErrorAnalysis.Bounds;NumStability.Source.Higham.Chapter10.Theorem14.CompletePivotedPSD.SuccessfulRun.StageBounds,1,NumStability.Source.Higham.Chapter09.Problems,Source-import reachability only; this does not establish an elaborated declaration dependency.
NumStability.Algorithms.HighamChapter11,NumStability/Algorithms/HighamChapter11.lean,Algorithms,false,false,8,NumStability.Source.Higham.Chapter11.Section01.Basic;NumStability.Source.Higham.Chapter11.Section01.CompletePivoting;NumStability.Source.Higham.Chapter11.Section01.PartialPivoting;NumStability.Source.Higham.Chapter11.Section01.RookPivoting;NumStability.Source.Higham.Chapter11.Section01.Tridiagonal;NumStability.Source.Higham.Chapter11.Section02.Aasen;NumStability.Source.Higham.Chapter11.Section03.SkewSymmetric;NumStability.Source.Higham.Chapter11.Problems,1,NumStability.Source.Higham.Chapter11.Section01.Basic,Source-import reachability only; this does not establish an elaborated declaration dependency.
NumStability.Algorithms.HighamChapter12,NumStability/Algorithms/HighamChapter12.lean,Algorithms,false,true,1,NumStability.Source.Higham.Chapter12.IterativeRefinement.Results.Theorems,1,NumStability.Source.Higham.Chapter12.IterativeRefinement.Results.Theorems,Source-import reachability only; this does not establish an elaborated declaration dependency.
NumStability.Algorithms.HighamChapter12Ch9GenericSolverBridge,NumStability/Algorithms/HighamChapter12Ch9GenericSolverBridge.lean,Algorithms,false,true,1,NumStability.Source.Higham.CrossChapter.LUSolverWeights.Factorization,1,NumStability.Source.Higham.CrossChapter.LUSolverWeights.Factorization,Source-import reachability only; this does not establish an elaborated declaration dependency.
NumStability.Algorithms.HighamChapter12Ch9SolverBridge,NumStability/Algorithms/HighamChapter12Ch9SolverBridge.lean,Algorithms,false,true,1,NumStability.Source.Higham.CrossChapter.LUSolverWeights.Doolittle,1,NumStability.Source.Higham.CrossChapter.LUSolverWeights.Doolittle,Source-import reachability only; this does not establish an elaborated declaration dependency.
NumStability.Algorithms.HighamChapter12OmegaDiscontinuity,NumStability/Algorithms/HighamChapter12OmegaDiscontinuity.lean,Algorithms,false,true,1,NumStability.Source.Higham.Chapter12.OmegaDiscontinuity,1,NumStability.Source.Higham.Chapter12.OmegaDiscontinuity,Source-import reachability only; this does not establish an elaborated declaration dependency.
NumStability.Algorithms.HighamChapter12Problem12_2,NumStability/Algorithms/HighamChapter12Problem12_2.lean,Algorithms,false,true,1,NumStability.Source.Higham.Chapter12.Problem02,1,NumStability.Source.Higham.Chapter12.Problem02,Source-import reachability only; this does not establish an elaborated declaration dependency.
NumStability.Algorithms.HighamChapter15BoydBridges,NumStability/Algorithms/HighamChapter15BoydBridges.lean,Algorithms,false,true,3,NumStability.Source.Higham.Chapter15.Lemma02.PNormPowerMethod.BoydInterface;NumStability.Source.Higham.Chapter15.Section02.Boyd.GlobalConvergence.BoydInterface;NumStability.Source.Higham.Chapter15.Section02.Boyd.LocalConvergence.BoydInterface,1,NumStability.Source.Higham.Chapter15.Lemma02.PNormPowerMethod.BoydInterface,Source-import reachability only; this does not establish an elaborated declaration dependency.
NumStability.Algorithms.HighamChapter15BoydConcreteLemma3,NumStability/Algorithms/HighamChapter15BoydConcreteLemma3.lean,Algorithms,false,true,4,NumStability.Source.Higham.Chapter15.Section02.Boyd.Corrections.BoydConcrete;NumStability.Source.Higham.Chapter15.Section02.Boyd.LocalConvergence.BoydConcrete;NumStability.Source.Higham.Chapter15.Section02.Boyd.LocalConvergence.ConstrainedLagrangian.Differentiation;NumStability.Source.Higham.Chapter15.Section02.Boyd.SourceDomain.BoydConcrete,1,NumStability.Source.Higham.Chapter15.Section02.Boyd.Corrections.BoydConcrete,Source-import reachability only; this does not establish an elaborated declaration dependency.
NumStability.Algorithms.HighamChapter15BoydLocalStability,NumStability/Algorithms/HighamChapter15BoydLocalStability.lean,Algorithms,false,true,2,NumStability.Source.Higham.Chapter15.Section02.Boyd.Corrections.BoydLocalStability;NumStability.Source.Higham.Chapter15.Section02.Boyd.LocalConvergence.BoydLocalStability,1,NumStability.Source.Higham.Chapter15.Section02.Boyd.Corrections.BoydLocalStability,Source-import reachability only; this does not establish an elaborated declaration dependency.
NumStability.Algorithms.HighamChapter15BoydRowwiseDomain,NumStability/Algorithms/HighamChapter15BoydRowwiseDomain.lean,Algorithms,false,true,1,NumStability.Source.Higham.Chapter15.Section02.Boyd.SourceDomain.BoydRowwise,1,NumStability.Source.Higham.Chapter15.Section02.Boyd.SourceDomain.BoydRowwise,Source-import reachability only; this does not establish an elaborated declaration dependency.
NumStability.Algorithms.HighamChapter15BoydScalar,NumStability/Algorithms/HighamChapter15BoydScalar.lean,Algorithms,false,true,1,NumStability.Source.Higham.Chapter15.Section02.Boyd.GlobalConvergence.ScalarCase.Iteration,1,NumStability.Source.Higham.Chapter15.Section02.Boyd.GlobalConvergence.ScalarCase.Iteration,Source-import reachability only; this does not establish an elaborated declaration dependency.
NumStability.Algorithms.HighamChapter15BoydSourceClosure,NumStability/Algorithms/HighamChapter15BoydSourceClosure.lean,Algorithms,false,true,2,NumStability.Source.Higham.Chapter15.Section02.Boyd.SourceDomain.BoydCompletion;NumStability.Source.Higham.Chapter15.Section02.Boyd.SourceDomain.StrongLocalMaximum.Convergence,1,NumStability.Source.Higham.Chapter15.Section02.Boyd.SourceDomain.BoydCompletion,Source-import reachability only; this does not establish an elaborated declaration dependency.
NumStability.Algorithms.HighamChapter15BoydSourceDomain,NumStability/Algorithms/HighamChapter15BoydSourceDomain.lean,Algorithms,false,true,1,NumStability.Source.Higham.Chapter15.Section02.Boyd.SourceDomain.BoydDomain,1,NumStability.Source.Higham.Chapter15.Section02.Boyd.SourceDomain.BoydDomain,Source-import reachability only; this does not establish an elaborated declaration dependency.
NumStability.Algorithms.HighamChapter15BoydSourceLocal,NumStability/Algorithms/HighamChapter15BoydSourceLocal.lean,Algorithms,false,true,3,NumStability.Source.Higham.Chapter15.Section02.Boyd.Corrections.BoydLocal;NumStability.Source.Higham.Chapter15.Section02.Boyd.LocalConvergence.BoydLocal;NumStability.Source.Higham.Chapter15.Section02.Boyd.SourceDomain.BoydLocal,1,NumStability.Source.Higham.Chapter15.Section02.Boyd.Corrections.BoydLocal,Source-import reachability only; this does not establish an elaborated declaration dependency.
NumStability.Algorithms.HighamChapter15BoydSourceSecondDerivative,NumStability/Algorithms/HighamChapter15BoydSourceSecondDerivative.lean,Algorithms,false,true,1,NumStability.Source.Higham.Chapter15.Section02.Boyd.SourceDomain.SecondDerivative.Rowwise,1,NumStability.Source.Higham.Chapter15.Section02.Boyd.SourceDomain.SecondDerivative.Rowwise,Source-import reachability only; this does not establish an elaborated declaration dependency.
NumStability.Algorithms.HighamChapter15BoydUniqueness,NumStability/Algorithms/HighamChapter15BoydUniqueness.lean,Algorithms,false,true,2,NumStability.Source.Higham.Chapter15.Lemma02.PNormPowerMethod.BoydUniqueness;NumStability.Source.Higham.Chapter15.Section02.Boyd.GlobalConvergence.BoydUniqueness,1,NumStability.Source.Higham.Chapter15.Lemma02.PNormPowerMethod.BoydUniqueness,Source-import reachability only; this does not establish an elaborated declaration dependency.
NumStability.Algorithms.HighamChapter15Ch7PracticalBoundBridge,NumStability/Algorithms/HighamChapter15Ch7PracticalBoundBridge.lean,Algorithms,false,true,1,NumStability.Source.Higham.CrossChapter.PracticalConditionBound,1,NumStability.Source.Higham.CrossChapter.PracticalConditionBound,Source-import reachability only; this does not establish an elaborated declaration dependency.
NumStability.Algorithms.HighamChapter15ConvergenceProse,NumStability/Algorithms/HighamChapter15ConvergenceProse.lean,Algorithms,false,true,5,NumStability.Source.Higham.Chapter15.Algorithm01.PNormPowerMethod.ConvergenceStatements;NumStability.Source.Higham.Chapter15.Equation03.GradientQuotient.ConvergenceStatements;NumStability.Source.Higham.Chapter15.Section02.Boyd.Corrections.ConvergenceStatements;NumStability.Source.Higham.Chapter15.Section02.Boyd.EndpointTermination.ConvergenceStatements;NumStability.Source.Higham.Chapter15.Section02.Boyd.GlobalConvergence.ConvergenceStatements,1,NumStability.Source.Higham.Chapter15.Algorithm01.PNormPowerMethod.ConvergenceStatements,Source-import reachability only; this does not establish an elaborated declaration dependency.
NumStability.Algorithms.HighamChapter15RectTermination,NumStability/Algorithms/HighamChapter15RectTermination.lean,Algorithms,false,true,2,NumStability.Source.Higham.Chapter15.Section02.Boyd.EndpointTermination.InfinityCounterexample.Trace;NumStability.Source.Higham.Chapter15.Section02.Boyd.EndpointTermination.RectangularTermination,1,NumStability.Source.Higham.Chapter15.Section02.Boyd.EndpointTermination.InfinityCounterexample.Trace,Source-import reachability only; this does not establish an elaborated declaration dependency.
NumStability.Algorithms.HighamChapter3NoGuardDotBridge,NumStability/Algorithms/HighamChapter3NoGuardDotBridge.lean,Algorithms,false,true,1,NumStability.Source.Higham.CrossChapter.NoGuardDotProduct,1,NumStability.Source.Higham.CrossChapter.NoGuardDotProduct,Source-import reachability only; this does not establish an elaborated declaration dependency.
NumStability.Algorithms.HighamChapter4KaoWangScope,NumStability/Algorithms/HighamChapter4KaoWangScope.lean,Algorithms,false,true,1,NumStability.Source.Higham.Chapter04.Section02.KaoWangCitationDiscrepancy,1,NumStability.Source.Higham.Chapter04.Section02.KaoWangCitationDiscrepancy,Source-import reachability only; this does not establish an elaborated declaration dependency.
NumStability.Algorithms.HighamChapter5ComplexAlgorithm51,NumStability/Algorithms/HighamChapter5ComplexAlgorithm51.lean,Algorithms,false,true,2,NumStability.Source.Higham.Chapter05.Algorithm01.ComplexHorner.Basic;NumStability.Source.Higham.Chapter05.Algorithm01.ComplexHorner.ErrorBounds.Theorems,1,NumStability.Source.Higham.Chapter05.Algorithm01.ComplexHorner.Basic,Source-import reachability only; this does not establish an elaborated declaration dependency.
NumStability.Algorithms.HighamChapter8,NumStability/Algorithms/HighamChapter8.lean,Algorithms,false,true,37,NumStability.Source.Higham.Chapter07.LinearSystemsConditioning.ConditionNumbers;NumStability.Source.Higham.Chapter07.LinearSystemsConditioning.ForwardErrorKernels;NumStability.Source.Higham.Chapter07.LinearSystemsConditioning.Problem05;NumStability.Source.Higham.Chapter07.LinearSystemsConditioning.Problem09Exact;NumStability.Source.Higham.Chapter07.LinearSystemsConditioning.Theorem04;NumStability.Source.Higham.Chapter08.Equation02.TriangularSubstitution.RelativeInfinityNormBounds.Theorems;NumStability.Source.Higham.Chapter08.Equation14.FanInExecutor.Executor;NumStability.Source.Higham.Chapter08.Equation15.GlobalEnvelopeCounterexample.All;NumStability.Source.Higham.Chapter08.Equation15.GlobalEnvelopeCounterexample.LocalCancellationResults.Theorems;NumStability.Source.Higham.Chapter08.Lemma08.CorrectedCondition.RowDominance;NumStability.Source.Higham.Chapter08.Lemma08.Entrywise.Basic;NumStability.Source.Higham.Chapter08.Problem01.NoGuardSubstitution.Aliases;NumStability.Source.Higham.Chapter08.Problem02.ComparisonMatrixWitness.ArbitraryRatios.Theorems;NumStability.Source.Higham.Chapter08.Problem02.ComparisonMatrixWitness.RatioWitness;NumStability.Source.Higham.Chapter08.Problem03.UnitTriangularSubstitution.Bound;NumStability.Source.Higham.Chapter08.Problem04.MMatrixSubstitution.Comparison;NumStability.Source.Higham.Chapter08.Problem05.InverseNormBounds.ZInverse;NumStability.Source.Higham.Chapter08.Problem06.ComparisonInverseBounds.VectorBounds;NumStability.Source.Higham.Chapter08.Problem07.DiagonalScaling.Bounds;NumStability.Source.Higham.Chapter08.Problem07.DiagonalScaling.Results.Theorems;NumStability.Source.Higham.Chapter08.Problem08.SingleEntrySingularity.RankOne;NumStability.Source.Higham.Chapter08.Problem08.SingleEntrySingularity.Results.Theorems;NumStability.Source.Higham.Chapter08.Problem09.KahanSingularValues.KahanMatrix;NumStability.Source.Higham.Chapter08.Problem09.KahanSingularValues.Results.Theorems;NumStability.Source.Higham.Chapter08.Section01.BackwardErrorAnalysis.Core;NumStability.Source.Higham.Chapter08.Section02.ForwardErrorAnalysis.ComparisonBounds;NumStability.Source.Higham.Chapter08.Section02.ForwardErrorAnalysis.ComparisonBoundsPrelude;NumStability.Source.Higham.Chapter08.Section02.ForwardErrorAnalysis.NormBounds;NumStability.Source.Higham.Chapter08.Section03.TriangularSystems.ArbitraryOrder;NumStability.Source.Higham.Chapter08.Section03.TriangularSystems.ComparisonConditioningResults.Theorems;NumStability.Source.Higham.Chapter08.Section03.TriangularSystems.InverseBoundsLower;NumStability.Source.Higham.Chapter08.Section03.TriangularSystems.InverseBoundsPrelude;NumStability.Source.Higham.Chapter08.Section03.TriangularSystems.InverseBoundsUpper;NumStability.Source.Higham.Chapter08.Section03.TriangularSystems.InverseNormResults.Theorems;NumStability.Source.Higham.Chapter08.Section04.FanInCore.AllOrdersEnvelope;NumStability.Source.Higham.Chapter08.Section04.FanInCore.Factors;NumStability.Source.Higham.Chapter08.Section04.FanInCore.ResidualForwardBounds,1,NumStability.Source.Higham.Chapter07.LinearSystemsConditioning.ConditionNumbers,Source-import reachability only; this does not establish an elaborated declaration dependency.
NumStability.Algorithms.HighamChapter8FanInClosure,NumStability/Algorithms/HighamChapter8FanInClosure.lean,Algorithms,false,false,1,NumStability.Source.Higham.Chapter08.Equation15.GlobalEnvelopeCounterexample.RawCube,1,NumStability.Source.Higham.Chapter08.Equation15.GlobalEnvelopeCounterexample.RawCube,Source-import reachability only; this does not establish an elaborated declaration dependency.
NumStability.Algorithms.HighamChapter8Lemma88SourceDiscrepancy,NumStability/Algorithms/HighamChapter8Lemma88SourceDiscrepancy.lean,Algorithms,false,true,1,NumStability.Source.Higham.Chapter08.Lemma08Discrepancy,1,NumStability.Source.Higham.Chapter08.Lemma08Discrepancy,Source-import reachability only; this does not establish an elaborated declaration dependency.
NumStability.Algorithms.HighamChapter9,NumStability/Algorithms/HighamChapter9.lean,Algorithms,false,false,10,NumStability.Source.Higham.Chapter09.Problems;NumStability.Source.Higham.Chapter09.Section01;NumStability.Source.Higham.Chapter09.Section02;NumStability.Source.Higham.Chapter09.Section03;NumStability.Source.Higham.Chapter09.Section04;NumStability.Source.Higham.Chapter09.Section05;NumStability.Source.Higham.Chapter09.Section06;NumStability.Source.Higham.Chapter09.Section08;NumStability.Source.Higham.Chapter09.Section10;NumStability.Source.Higham.Chapter09.Section11,1,NumStability.Source.Higham.Chapter09.Problems,Source-import reachability only; this does not establish an elaborated declaration dependency.
NumStability.Algorithms.HighamChapter9CompletePivotSharpClosure,NumStability/Algorithms/HighamChapter9CompletePivotSharpClosure.lean,Algorithms,false,true,1,NumStability.Source.Higham.Chapter09.CompletePivotSharpClosure,1,NumStability.Source.Higham.Chapter09.CompletePivotSharpClosure,Source-import reachability only; this does not establish an elaborated declaration dependency.
NumStability.Algorithms.HighamChapter9ComplexClosure,NumStability/Algorithms/HighamChapter9ComplexClosure.lean,Algorithms,false,true,1,NumStability.Source.Higham.Chapter09.ComplexClosure,1,NumStability.Source.Higham.Chapter09.ComplexClosure,Source-import reachability only; this does not establish an elaborated declaration dependency.
NumStability.Algorithms.HighamChapter9ComputedCorrection,NumStability/Algorithms/HighamChapter9ComputedCorrection.lean,Algorithms,false,true,1,NumStability.Source.Higham.Chapter09.ComputedCorrection,1,NumStability.Source.Higham.Chapter09.ComputedCorrection,Source-import reachability only; this does not establish an elaborated declaration dependency.
NumStability.Algorithms.HighamChapter9DoolittleClosure,NumStability/Algorithms/HighamChapter9DoolittleClosure.lean,Algorithms,false,true,1,NumStability.Source.Higham.Chapter09.DoolittleClosure,1,NumStability.Source.Higham.Chapter09.DoolittleClosure,Source-import reachability only; this does not establish an elaborated declaration dependency.
NumStability.Algorithms.HighamChapter9Theorem914Actual,NumStability/Algorithms/HighamChapter9Theorem914Actual.lean,Algorithms,false,true,1,NumStability.Source.Higham.Chapter09.Theorem14.Actual,1,NumStability.Source.Higham.Chapter09.Theorem14.Actual,Source-import reachability only; this does not establish an elaborated declaration dependency.
NumStability.Algorithms.HighamChapter9Theorem914DiagDominant,NumStability/Algorithms/HighamChapter9Theorem914DiagDominant.lean,Algorithms,false,true,1,NumStability.Source.Higham.Chapter09.Theorem14.DiagDominant,1,NumStability.Source.Higham.Chapter09.Theorem14.DiagDominant,Source-import reachability only; this does not establish an elaborated declaration dependency.
NumStability.Algorithms.HighamChapter9Theorem914Primitive,NumStability/Algorithms/HighamChapter9Theorem914Primitive.lean,Algorithms,false,true,1,NumStability.Source.Higham.Chapter09.Theorem14.Primitive,1,NumStability.Source.Higham.Chapter09.Theorem14.Primitive,Source-import reachability only; this does not establish an elaborated declaration dependency.
NumStability.Algorithms.HighamChapter9Theorem97Classification,NumStability/Algorithms/HighamChapter9Theorem97Classification.lean,Algorithms,false,true,1,NumStability.Source.Higham.Chapter09.Theorem97Classification,1,NumStability.Source.Higham.Chapter09.Theorem97Classification,Source-import reachability only; this does not establish an elaborated declaration dependency.
NumStability.Algorithms.HighamChapter9Theorem99Closure,NumStability/Algorithms/HighamChapter9Theorem99Closure.lean,Algorithms,false,true,1,NumStability.Source.Higham.Chapter09.Theorem99Closure,1,NumStability.Source.Higham.Chapter09.Theorem99Closure,Source-import reachability only; this does not establish an elaborated declaration dependency.
NumStability.Algorithms.HighamChapter9Theorem99ComplexClosure,NumStability/Algorithms/HighamChapter9Theorem99ComplexClosure.lean,Algorithms,false,true,1,NumStability.Source.Higham.Chapter09.Theorem99ComplexClosure,1,NumStability.Source.Higham.Chapter09.Theorem99ComplexClosure,Source-import reachability only; this does not establish an elaborated declaration dependency.
NumStability.Algorithms.HighamChapters1To9SourceClosure,NumStability/Algorithms/HighamChapters1To9SourceClosure.lean,Algorithms,false,true,14,NumStability.Source.Higham.Chapter04.Algorithm03.SourceClosure.Basic;NumStability.Source.Higham.Chapter07.Corollary06.Equilibration.Basic;NumStability.Source.Higham.Chapter07.Equation25.SourceEndpoint.Basic;NumStability.Source.Higham.Chapter07.Equation26.ComponentwiseDistance.Basic;NumStability.Source.Higham.Chapter08.Equation10.ColumnPivotedQR.Basic;NumStability.Source.Higham.Chapter08.Equation14.FanInProduct.Basic;NumStability.Source.Higham.Chapter08.Equation18.FanInExecutor.FirstOrderForwardError;NumStability.Source.Higham.Chapter08.Section03.BidiagonalComparison.Basic;NumStability.Source.Higham.Chapter08.Section04.FanInAsymptotics.Basic;NumStability.Source.Higham.Chapter08.Section04.FanInCore.ResidualForwardBounds;NumStability.Source.Higham.Chapter09.DoolittleClosure;NumStability.Source.Higham.Chapter09.Theorem15.Barrlund.Basic;NumStability.Source.Higham.Chapter09.Theorem15.Sun.Basic;NumStability.Source.Higham.Chapter19.Theorem06.ColumnPivot,1,NumStability.Source.Higham.Chapter04.Algorithm03.SourceClosure.Basic,Source-import reachability only; this does not establish an elaborated declaration dependency.
NumStability.Algorithms.HighamLemma88Entrywise,NumStability/Algorithms/HighamLemma88Entrywise.lean,Algorithms,false,true,1,NumStability.Source.Higham.Chapter08.Lemma08.Entrywise.Basic,1,NumStability.Source.Higham.Chapter08.Lemma08.Entrywise.Basic,Source-import reachability only; this does not establish an elaborated declaration dependency.
NumStability.Algorithms.Horner,NumStability/Algorithms/Horner.lean,Algorithms,false,true,12,NumStability.Source.Higham.Chapter05.Equation14.MatrixPolynomialForms.Basic;NumStability.Source.Higham.Chapter05.Problem01.DifferentiatedHorner.Basic;NumStability.Source.Higham.Chapter05.Problem02.PowerBuilding.Basic;NumStability.Source.Higham.Chapter05.Problem03.EvenOddSplitting.Basic;NumStability.Source.Higham.Chapter05.Problem06.MatrixPolynomialHorner.Basic;NumStability.Source.Higham.Chapter05.Section01.Horner.Basic;NumStability.Source.Higham.Chapter05.Section01.RelativeError.Basic;NumStability.Source.Higham.Chapter05.Section02.DerivativeEvaluation.Bidiagonal;NumStability.Source.Higham.Chapter05.Section02.DerivativeEvaluation.SyntheticDivision;NumStability.Source.Higham.Chapter05.Section03.DividedDifferences.Basic;NumStability.Source.Higham.Chapter05.Section03.LejaOrdering.Basic;NumStability.Source.Higham.Chapter05.Section03.NewtonEvaluation.HornerBasis,1,NumStability.Source.Higham.Chapter05.Equation14.MatrixPolynomialForms.Basic,Source-import reachability only; this does not establish an elaborated declaration dependency.
NumStability.Algorithms.InsertionSum,NumStability/Algorithms/InsertionSum.lean,Algorithms,false,true,0,,2,NumStability.Source.Higham.Chapter04.Section01.InsertionExamples,Source-import reachability only; this does not establish an elaborated declaration dependency.
NumStability.Algorithms.InverseBounds,NumStability/Algorithms/InverseBounds.lean,Algorithms,false,false,0,,,,Source-import reachability only; this does not establish an elaborated declaration dependency.
NumStability.Algorithms.IterativeRefinement,NumStability/Algorithms/IterativeRefinement.lean,Algorithms,false,false,2,NumStability.Source.Higham.Chapter12.IterativeRefinement.ForwardErrorBounds.Results;NumStability.Source.Higham.Chapter12.IterativeRefinement.LegacyChapter11Surface,1,NumStability.Source.Higham.Chapter12.IterativeRefinement.ForwardErrorBounds.Results,Source-import reachability only; this does not establish an elaborated declaration dependency.
NumStability.Algorithms.KahanAbsolute,NumStability/Algorithms/KahanAbsolute.lean,Algorithms,false,true,4,NumStability.Source.Higham.Chapter01.Section12.InstabilityWithoutCancellation.PivotingExample;NumStability.Source.Higham.Chapter02.Problem20.SquareRootIdentities.Basic;NumStability.Source.Higham.Chapter03.Problem11.KahanAbsoluteValue.Basic;NumStability.Source.Higham.Chapter03.Problem11.KahanAbsoluteValue.IeeeDoubleTrace.Results,1,NumStability.Source.Higham.Chapter01.Section12.InstabilityWithoutCancellation.PivotingExample,Source-import reachability only; this does not establish an elaborated declaration dependency.
NumStability.Algorithms.KahanCompensatedFiniteFormat,NumStability/Algorithms/KahanCompensatedFiniteFormat.lean,Algorithms,false,true,1,NumStability.Source.Higham.Chapter04.Section03.FiniteFormat,1,NumStability.Source.Higham.Chapter04.Section03.FiniteFormat,Source-import reachability only; this does not establish an elaborated declaration dependency.
NumStability.Algorithms.LU.BlockLU,NumStability/Algorithms/LU/BlockLU.lean,Algorithms,false,true,1,NumStability.Source.Higham.Chapter13.BlockLU,1,NumStability.Source.Higham.Chapter13.BlockLU,Source-import reachability only; this does not establish an elaborated declaration dependency.
NumStability.Algorithms.LU.BlockLUArbitraryNormSourceClosure,NumStability/Algorithms/LU/BlockLUArbitraryNormSourceClosure.lean,Algorithms,false,true,1,NumStability.Source.Higham.Chapter13.Section03.ArbitraryNormDominance,1,NumStability.Source.Higham.Chapter13.Section03.ArbitraryNormDominance,Source-import reachability only; this does not establish an elaborated declaration dependency.
NumStability.Algorithms.LU.BlockLUComputationSourceClosure,NumStability/Algorithms/LU/BlockLUComputationSourceClosure.lean,Algorithms,false,true,1,NumStability.Source.Higham.Chapter13.Theorem06.Computation,1,NumStability.Source.Higham.Chapter13.Theorem06.Computation,Source-import reachability only; this does not establish an elaborated declaration dependency.
NumStability.Algorithms.LU.BlockLUFirstOrderFamilies,NumStability/Algorithms/LU/BlockLUFirstOrderFamilies.lean,Algorithms,false,true,3,NumStability.Source.Higham.Chapter13.Section01.OperationModelFamilies;NumStability.Source.Higham.Chapter13.Table01.Families;NumStability.Source.Higham.Chapter13.Theorem05.FamilyErrorAnalysis,1,NumStability.Source.Higham.Chapter13.Section01.OperationModelFamilies,Source-import reachability only; this does not establish an elaborated declaration dependency.
NumStability.Algorithms.LU.BlockLUPointRowGrowthSourceClosure,NumStability/Algorithms/LU/BlockLUPointRowGrowthSourceClosure.lean,Algorithms,false,true,1,NumStability.Source.Higham.Chapter13.Equation23.PointRowGrowth,1,NumStability.Source.Higham.Chapter13.Equation23.PointRowGrowth,Source-import reachability only; this does not establish an elaborated declaration dependency.
NumStability.Algorithms.LU.BlockLURowSourceClosure,NumStability/Algorithms/LU/BlockLURowSourceClosure.lean,Algorithms,false,true,1,NumStability.Source.Higham.Chapter13.Section03.RowDominanceClosure,1,NumStability.Source.Higham.Chapter13.Section03.RowDominanceClosure,Source-import reachability only; this does not establish an elaborated declaration dependency.
NumStability.Algorithms.LU.BlockLUSPDFamilies,NumStability/Algorithms/LU/BlockLUSPDFamilies.lean,Algorithms,false,true,1,NumStability.Source.Higham.Chapter13.Equation25.Families,1,NumStability.Source.Higham.Chapter13.Equation25.Families,Source-import reachability only; this does not establish an elaborated declaration dependency.
NumStability.Algorithms.LU.BlockLUSPDSourceClosure,NumStability/Algorithms/LU/BlockLUSPDSourceClosure.lean,Algorithms,false,true,2,NumStability.Source.Higham.Chapter13.Equation25.Factorization;NumStability.Source.Higham.Chapter13.Section03.SPDFactorBounds,1,NumStability.Source.Higham.Chapter13.Equation25.Factorization,Source-import reachability only; this does not establish an elaborated declaration dependency.
NumStability.Algorithms.LU.BlockLUScalarGrowthBridge,NumStability/Algorithms/LU/BlockLUScalarGrowthBridge.lean,Algorithms,false,true,1,NumStability.Source.Higham.Chapter13.Problem04.ScalarGrowthBridge,1,NumStability.Source.Higham.Chapter13.Problem04.ScalarGrowthBridge,Source-import reachability only; this does not establish an elaborated declaration dependency.
NumStability.Algorithms.LU.BlockLUSourceClosure,NumStability/Algorithms/LU/BlockLUSourceClosure.lean,Algorithms,false,true,1,NumStability.Source.Higham.Chapter13.Section03.ColumnDominanceClosure,1,NumStability.Source.Higham.Chapter13.Section03.ColumnDominanceClosure,Source-import reachability only; this does not establish an elaborated declaration dependency.
NumStability.Algorithms.LU.BlockLUTable13_1Families,NumStability/Algorithms/LU/BlockLUTable13_1Families.lean,Algorithms,false,true,2,NumStability.Source.Higham.Chapter13.Equation25;NumStability.Source.Higham.Chapter13.Table01,1,NumStability.Source.Higham.Chapter13.Equation25,Source-import reachability only; this does not establish an elaborated declaration dependency.
NumStability.Algorithms.LU.BlockLUVarying,NumStability/Algorithms/LU/BlockLUVarying.lean,Algorithms,false,true,0,,,,Source-import reachability only; this does not establish an elaborated declaration dependency.
NumStability.Algorithms.LU.Doolittle,NumStability/Algorithms/LU/Doolittle.lean,Algorithms,false,true,0,,,,Source-import reachability only; this does not establish an elaborated declaration dependency.
NumStability.Algorithms.LU.GaussianElimination,NumStability/Algorithms/LU/GaussianElimination.lean,Algorithms,true,false,0,,,,Source-import reachability only; this does not establish an elaborated declaration dependency.
NumStability.Algorithms.LU.GrowthFactor,NumStability/Algorithms/LU/GrowthFactor.lean,Algorithms,true,false,0,,,,Source-import reachability only; this does not establish an elaborated declaration dependency.
NumStability.Algorithms.LU.Higham13DemmelSharpMultiplier,NumStability/Algorithms/LU/Higham13DemmelSharpMultiplier.lean,Algorithms,false,true,1,NumStability.Source.Higham.Chapter13.DemmelSharpMultiplier,1,NumStability.Source.Higham.Chapter13.DemmelSharpMultiplier,Source-import reachability only; this does not establish an elaborated declaration dependency.
NumStability.Algorithms.LU.Higham15Problem15_4,NumStability/Algorithms/LU/Higham15Problem15_4.lean,Algorithms,false,true,1,NumStability.Source.Higham.Chapter15.Problem04.LUConditionBounds.Basic,1,NumStability.Source.Higham.Chapter15.Problem04.LUConditionBounds.Basic,Source-import reachability only; this does not establish an elaborated declaration dependency.
NumStability.Algorithms.LU.Higham15Problem15_6,NumStability/Algorithms/LU/Higham15Problem15_6.lean,Algorithms,false,true,2,NumStability.Source.Higham.Chapter15.Problem06.TridiagonalInverseNorm.Recurrences.EntryFormulas;NumStability.Source.Higham.Chapter15.Problem06.TridiagonalInverseNorm.TridiagonalInverse,1,NumStability.Source.Higham.Chapter15.Problem06.TridiagonalInverseNorm.Recurrences.EntryFormulas,Source-import reachability only; this does not establish an elaborated declaration dependency.
NumStability.Algorithms.LU.Higham15Problem15_6Closure,NumStability/Algorithms/LU/Higham15Problem15_6Closure.lean,Algorithms,false,true,2,NumStability.Source.Higham.Chapter15.Problem06.TridiagonalInverseNorm.Recurrences.FactorizationAndNorm;NumStability.Source.Higham.Chapter15.Problem06.TridiagonalInverseNorm.TridiagonalInverseCompletion,1,NumStability.Source.Higham.Chapter15.Problem06.TridiagonalInverseNorm.Recurrences.FactorizationAndNorm,Source-import reachability only; this does not establish an elaborated declaration dependency.
NumStability.Algorithms.LU.Higham15Problem15_6Operational,NumStability/Algorithms/LU/Higham15Problem15_6Operational.lean,Algorithms,false,true,2,NumStability.Source.Higham.Chapter15.Problem06.TridiagonalInverseNorm.Recurrences.ArrayExecution;NumStability.Source.Higham.Chapter15.Problem06.TridiagonalInverseNorm.TridiagonalInverseRuns,1,NumStability.Source.Higham.Chapter15.Problem06.TridiagonalInverseNorm.Recurrences.ArrayExecution,Source-import reachability only; this does not establish an elaborated declaration dependency.
NumStability.Algorithms.LU.LUSolve,NumStability/Algorithms/LU/LUSolve.lean,Algorithms,true,false,0,,,,Source-import reachability only; this does not establish an elaborated declaration dependency.
NumStability.Algorithms.LU.SpecialMatrices,NumStability/Algorithms/LU/SpecialMatrices.lean,Algorithms,true,false,0,,,,Source-import reachability only; this does not establish an elaborated declaration dependency.
NumStability.Algorithms.LU.Tridiagonal,NumStability/Algorithms/LU/Tridiagonal.lean,Algorithms,true,false,0,,,,Source-import reachability only; this does not establish an elaborated declaration dependency.
NumStability.Algorithms.LU.TridiagonalCond,NumStability/Algorithms/LU/TridiagonalCond.lean,Algorithms,true,false,0,,,,Source-import reachability only; this does not establish an elaborated declaration dependency.
NumStability.Algorithms.LU.TridiagonalCondCh15,NumStability/Algorithms/LU/TridiagonalCondCh15.lean,Algorithms,false,true,3,NumStability.Source.Higham.Chapter15.Theorem07.TridiagonalLU.Basic;NumStability.Source.Higham.Chapter15.Theorem08.TridiagonalDiagonalDominance.Basic;NumStability.Source.Higham.Chapter15.Theorem09.Ikebe.Basic,1,NumStability.Source.Higham.Chapter15.Theorem07.TridiagonalLU.Basic,Source-import reachability only; this does not establish an elaborated declaration dependency.
NumStability.Algorithms.LU.TridiagonalCondCh15Closure,NumStability/Algorithms/LU/TridiagonalCondCh15Closure.lean,Algorithms,false,true,1,NumStability.Source.Higham.Chapter15.Section06.TridiagonalLUConditionBounds.ExactBounds,1,NumStability.Source.Higham.Chapter15.Section06.TridiagonalLUConditionBounds.ExactBounds,Source-import reachability only; this does not establish an elaborated declaration dependency.
NumStability.Algorithms.LU.TridiagonalCondCh15IkebeClosure,NumStability/Algorithms/LU/TridiagonalCondCh15IkebeClosure.lean,Algorithms,false,true,1,NumStability.Source.Higham.Chapter15.Theorem09.Ikebe.IrreducibleRightInverse.RankOneStructure,1,NumStability.Source.Higham.Chapter15.Theorem09.Ikebe.IrreducibleRightInverse.RankOneStructure,Source-import reachability only; this does not establish an elaborated declaration dependency.
NumStability.Algorithms.LU.TridiagonalRecurrence,NumStability/Algorithms/LU/TridiagonalRecurrence.lean,Algorithms,true,false,0,,,,Source-import reachability only; this does not establish an elaborated declaration dependency.
NumStability.Algorithms.LeastSquares.Higham20Algorithms,NumStability/Algorithms/LeastSquares/Higham20Algorithms.lean,Algorithms,false,true,1,NumStability.Source.Higham.Chapter20.Section02.Algorithms,1,NumStability.Source.Higham.Chapter20.Section02.Algorithms,Source-import reachability only; this does not establish an elaborated declaration dependency.
NumStability.Algorithms.LeastSquares.Higham20AlternativeBound,NumStability/Algorithms/LeastSquares/Higham20AlternativeBound.lean,Algorithms,false,true,1,NumStability.Source.Higham.Chapter20.Theorem02.AlternativeBound,1,NumStability.Source.Higham.Chapter20.Theorem02.AlternativeBound,Source-import reachability only; this does not establish an elaborated declaration dependency.
NumStability.Algorithms.LeastSquares.Higham20CrossProductExample,NumStability/Algorithms/LeastSquares/Higham20CrossProductExample.lean,Algorithms,false,true,1,NumStability.Source.Higham.Chapter20.Examples.CrossProduct,1,NumStability.Source.Higham.Chapter20.Examples.CrossProduct,Source-import reachability only; this does not establish an elaborated declaration dependency.
NumStability.Algorithms.LeastSquares.Higham20EliminationActual,NumStability/Algorithms/LeastSquares/Higham20EliminationActual.lean,Algorithms,false,true,1,NumStability.Source.Higham.Chapter20.Theorem07.Elimination,1,NumStability.Source.Higham.Chapter20.Theorem07.Elimination,Source-import reachability only; this does not establish an elaborated declaration dependency.
NumStability.Algorithms.LeastSquares.Higham20Equations,NumStability/Algorithms/LeastSquares/Higham20Equations.lean,Algorithms,false,true,2,NumStability.Source.Higham.Chapter12.IterativeRefinement.Results.Theorems;NumStability.Source.Higham.Chapter20.Equations,1,NumStability.Source.Higham.Chapter12.IterativeRefinement.Results.Theorems,Source-import reachability only; this does not establish an elaborated declaration dependency.
NumStability.Algorithms.LeastSquares.Higham20ExampleCondition,NumStability/Algorithms/LeastSquares/Higham20ExampleCondition.lean,Algorithms,false,true,1,NumStability.Source.Higham.Chapter20.Examples.Condition,1,NumStability.Source.Higham.Chapter20.Examples.Condition,Source-import reachability only; this does not establish an elaborated declaration dependency.
NumStability.Algorithms.LeastSquares.Higham20GeneralWedin,NumStability/Algorithms/LeastSquares/Higham20GeneralWedin.lean,Algorithms,false,true,1,NumStability.Source.Higham.Chapter20.Examples.GeneralRank,1,NumStability.Source.Higham.Chapter20.Examples.GeneralRank,Source-import reachability only; this does not establish an elaborated declaration dependency.
NumStability.Algorithms.LeastSquares.Higham20Lemma20_11,NumStability/Algorithms/LeastSquares/Higham20Lemma20_11.lean,Algorithms,false,true,1,NumStability.Source.Higham.Chapter20.Lemma11,1,NumStability.Source.Higham.Chapter20.Lemma11,Source-import reachability only; this does not establish an elaborated declaration dependency.
NumStability.Algorithms.LeastSquares.Higham20Lemma20_12,NumStability/Algorithms/LeastSquares/Higham20Lemma20_12.lean,Algorithms,false,true,1,NumStability.Source.Higham.Chapter20.Lemma12,1,NumStability.Source.Higham.Chapter20.Lemma12,Source-import reachability only; this does not establish an elaborated declaration dependency.
NumStability.Algorithms.LeastSquares.Higham20MGSStability,NumStability/Algorithms/LeastSquares/Higham20MGSStability.lean,Algorithms,false,true,1,NumStability.Source.Higham.Chapter20.Problem05.MGSStability,1,NumStability.Source.Higham.Chapter20.Problem05.MGSStability,Source-import reachability only; this does not establish an elaborated declaration dependency.
NumStability.Algorithms.LeastSquares.Higham20MPProse,NumStability/Algorithms/LeastSquares/Higham20MPProse.lean,Algorithms,false,true,1,NumStability.Source.Higham.Chapter20.Prose.MoorePenrose,1,NumStability.Source.Higham.Chapter20.Prose.MoorePenrose,Source-import reachability only; this does not establish an elaborated declaration dependency.
NumStability.Algorithms.LeastSquares.Higham20MinimumNormBackwardError,NumStability/Algorithms/LeastSquares/Higham20MinimumNormBackwardError.lean,Algorithms,false,true,1,NumStability.Source.Higham.Chapter20.MinimumNormBackwardError,1,NumStability.Source.Higham.Chapter20.MinimumNormBackwardError,Source-import reachability only; this does not establish an elaborated declaration dependency.
NumStability.Algorithms.LeastSquares.Higham20NormalEquationsNorms,NumStability/Algorithms/LeastSquares/Higham20NormalEquationsNorms.lean,Algorithms,false,true,1,NumStability.Source.Higham.Chapter20.NormalEquations,1,NumStability.Source.Higham.Chapter20.NormalEquations,Source-import reachability only; this does not establish an elaborated declaration dependency.
NumStability.Algorithms.LeastSquares.Higham20Problem20_3,NumStability/Algorithms/LeastSquares/Higham20Problem20_3.lean,Algorithms,false,true,1,NumStability.Source.Higham.Chapter20.Problem03,1,NumStability.Source.Higham.Chapter20.Problem03,Source-import reachability only; this does not establish an elaborated declaration dependency.
NumStability.Algorithms.LeastSquares.Higham20Prose,NumStability/Algorithms/LeastSquares/Higham20Prose.lean,Algorithms,false,true,1,NumStability.Source.Higham.Chapter20.Prose,1,NumStability.Source.Higham.Chapter20.Prose,Source-import reachability only; this does not establish an elaborated declaration dependency.
NumStability.Algorithms.LeastSquares.Higham20QuantitativeProse,NumStability/Algorithms/LeastSquares/Higham20QuantitativeProse.lean,Algorithms,false,true,1,NumStability.Source.Higham.Chapter20.Prose.Quantitative,1,NumStability.Source.Higham.Chapter20.Prose.Quantitative,Source-import reachability only; this does not establish an elaborated declaration dependency.
NumStability.Algorithms.LeastSquares.Higham20Refinement,NumStability/Algorithms/LeastSquares/Higham20Refinement.lean,Algorithms,false,true,1,NumStability.Source.Higham.Chapter20.Theorem04.Refinement,1,NumStability.Source.Higham.Chapter20.Theorem04.Refinement,Source-import reachability only; this does not establish an elaborated declaration dependency.
NumStability.Algorithms.LeastSquares.Higham20Remaining,NumStability/Algorithms/LeastSquares/Higham20Remaining.lean,Algorithms,false,true,1,NumStability.Source.Higham.Chapter20.Remaining,1,NumStability.Source.Higham.Chapter20.Remaining,Source-import reachability only; this does not establish an elaborated declaration dependency.
NumStability.Algorithms.LeastSquares.Higham20ResidualQuality,NumStability/Algorithms/LeastSquares/Higham20ResidualQuality.lean,Algorithms,false,true,1,NumStability.Source.Higham.Chapter20.Theorem03.ResidualQuality,1,NumStability.Source.Higham.Chapter20.Theorem03.ResidualQuality,Source-import reachability only; this does not establish an elaborated declaration dependency.
NumStability.Algorithms.LeastSquares.Higham20RowSorting,NumStability/Algorithms/LeastSquares/Higham20RowSorting.lean,Algorithms,false,true,1,NumStability.Source.Higham.Chapter20.Theorem07.RowPolicy,1,NumStability.Source.Higham.Chapter20.Theorem07.RowPolicy,Source-import reachability only; this does not establish an elaborated declaration dependency.
NumStability.Algorithms.LeastSquares.Higham20SourceAliases,NumStability/Algorithms/LeastSquares/Higham20SourceAliases.lean,Algorithms,false,true,3,NumStability.Source.Higham.Chapter20.Equation32;NumStability.Source.Higham.Chapter20.Lemma06;NumStability.Source.Higham.Chapter20.Theorem01,1,NumStability.Source.Higham.Chapter20.Equation32,Source-import reachability only; this does not establish an elaborated declaration dependency.
NumStability.Algorithms.LeastSquares.Higham20Theorem20_10,NumStability/Algorithms/LeastSquares/Higham20Theorem20_10.lean,Algorithms,false,true,1,NumStability.Source.Higham.Chapter20.Theorem10,1,NumStability.Source.Higham.Chapter20.Theorem10,Source-import reachability only; this does not establish an elaborated declaration dependency.
NumStability.Algorithms.LeastSquares.Higham20Theorem20_3,NumStability/Algorithms/LeastSquares/Higham20Theorem20_3.lean,Algorithms,false,true,1,NumStability.Source.Higham.Chapter20.Theorem03,1,NumStability.Source.Higham.Chapter20.Theorem03,Source-import reachability only; this does not establish an elaborated declaration dependency.
NumStability.Algorithms.LeastSquares.Higham20Theorem20_4Absorption,NumStability/Algorithms/LeastSquares/Higham20Theorem20_4Absorption.lean,Algorithms,false,true,1,NumStability.Source.Higham.Chapter20.Theorem04,1,NumStability.Source.Higham.Chapter20.Theorem04,Source-import reachability only; this does not establish an elaborated declaration dependency.
NumStability.Algorithms.LeastSquares.Higham20Theorem20_7,NumStability/Algorithms/LeastSquares/Higham20Theorem20_7.lean,Algorithms,false,true,1,NumStability.Source.Higham.Chapter20.Theorem07,1,NumStability.Source.Higham.Chapter20.Theorem07,Source-import reachability only; this does not establish an elaborated declaration dependency.
NumStability.Algorithms.LeastSquares.Higham20Theorem20_7ActualAssembly,NumStability/Algorithms/LeastSquares/Higham20Theorem20_7ActualAssembly.lean,Algorithms,false,true,1,NumStability.Source.Higham.Chapter20.Theorem07.ActualAssembly,1,NumStability.Source.Higham.Chapter20.Theorem07.ActualAssembly,Source-import reachability only; this does not establish an elaborated declaration dependency.
NumStability.Algorithms.LeastSquares.Higham20Theorem20_7ActualBackSub,NumStability/Algorithms/LeastSquares/Higham20Theorem20_7ActualBackSub.lean,Algorithms,false,true,1,NumStability.Source.Higham.Chapter20.Theorem07.ActualBackSub,1,NumStability.Source.Higham.Chapter20.Theorem07.ActualBackSub,Source-import reachability only; this does not establish an elaborated declaration dependency.
NumStability.Algorithms.LeastSquares.Higham20Theorem20_7ActualClosure,NumStability/Algorithms/LeastSquares/Higham20Theorem20_7ActualClosure.lean,Algorithms,false,true,1,NumStability.Source.Higham.Chapter20.Theorem07.ActualClosure,1,NumStability.Source.Higham.Chapter20.Theorem07.ActualClosure,Source-import reachability only; this does not establish an elaborated declaration dependency.
NumStability.Algorithms.LeastSquares.Higham20Theorem20_7ActualGrowth,NumStability/Algorithms/LeastSquares/Higham20Theorem20_7ActualGrowth.lean,Algorithms,false,true,1,NumStability.Source.Higham.Chapter20.Theorem07.ActualGrowth,1,NumStability.Source.Higham.Chapter20.Theorem07.ActualGrowth,Source-import reachability only; this does not establish an elaborated declaration dependency.
NumStability.Algorithms.LeastSquares.Higham20Theorem20_7ActualRhs,NumStability/Algorithms/LeastSquares/Higham20Theorem20_7ActualRhs.lean,Algorithms,false,true,1,NumStability.Source.Higham.Chapter20.Theorem07.ActualRhs,1,NumStability.Source.Higham.Chapter20.Theorem07.ActualRhs,Source-import reachability only; this does not establish an elaborated declaration dependency.
NumStability.Algorithms.LeastSquares.Higham20Theorem20_7ActualTrace,NumStability/Algorithms/LeastSquares/Higham20Theorem20_7ActualTrace.lean,Algorithms,false,true,1,NumStability.Source.Higham.Chapter20.Theorem07.ActualTrace,1,NumStability.Source.Higham.Chapter20.Theorem07.ActualTrace,Source-import reachability only; this does not establish an elaborated declaration dependency.
NumStability.Algorithms.LeastSquares.Higham20Theorem20_7Contract,NumStability/Algorithms/LeastSquares/Higham20Theorem20_7Contract.lean,Algorithms,false,true,1,NumStability.Source.Higham.Chapter20.Theorem07.Contract,1,NumStability.Source.Higham.Chapter20.Theorem07.Contract,Source-import reachability only; this does not establish an elaborated declaration dependency.
NumStability.Algorithms.LeastSquares.Higham20Theorem20_7QdR,NumStability/Algorithms/LeastSquares/Higham20Theorem20_7QdR.lean,Algorithms,false,true,1,NumStability.Source.Higham.Chapter20.Theorem07.QdR,1,NumStability.Source.Higham.Chapter20.Theorem07.QdR,Source-import reachability only; this does not establish an elaborated declaration dependency.
NumStability.Algorithms.LeastSquares.Higham20Theorem20_7Runtime,NumStability/Algorithms/LeastSquares/Higham20Theorem20_7Runtime.lean,Algorithms,false,true,1,NumStability.Source.Higham.Chapter20.Theorem07.Runtime,1,NumStability.Source.Higham.Chapter20.Theorem07.Runtime,Source-import reachability only; this does not establish an elaborated declaration dependency.
NumStability.Algorithms.LeastSquares.Higham20Theorem20_7SourceTrace,NumStability/Algorithms/LeastSquares/Higham20Theorem20_7SourceTrace.lean,Algorithms,false,true,1,NumStability.Source.Higham.Chapter20.Theorem07.SourceTrace,1,NumStability.Source.Higham.Chapter20.Theorem07.SourceTrace,Source-import reachability only; this does not establish an elaborated declaration dependency.
NumStability.Algorithms.LeastSquares.Higham20Theorem20_8,NumStability/Algorithms/LeastSquares/Higham20Theorem20_8.lean,Algorithms,false,true,1,NumStability.Source.Higham.Chapter20.Theorem08,1,NumStability.Source.Higham.Chapter20.Theorem08,Source-import reachability only; this does not establish an elaborated declaration dependency.
NumStability.Algorithms.LeastSquares.Higham20WeightedLimit,NumStability/Algorithms/LeastSquares/Higham20WeightedLimit.lean,Algorithms,false,true,1,NumStability.Source.Higham.Chapter20.Equations.WeightedLimit,1,NumStability.Source.Higham.Chapter20.Equations.WeightedLimit,Source-import reachability only; this does not establish an elaborated declaration dependency.
NumStability.Algorithms.LeastSquares.Higham20ZeroDeltaB,NumStability/Algorithms/LeastSquares/Higham20ZeroDeltaB.lean,Algorithms,false,true,1,NumStability.Source.Higham.Chapter20.Theorem03.ZeroDeltaB,1,NumStability.Source.Higham.Chapter20.Theorem03.ZeroDeltaB,Source-import reachability only; this does not establish an elaborated declaration dependency.
NumStability.Algorithms.LeastSquares.LSE,NumStability/Algorithms/LeastSquares/LSE.lean,Algorithms,false,true,1,NumStability.Source.Higham.Chapter20.Theorem08.LSE,1,NumStability.Source.Higham.Chapter20.Theorem08.LSE,Source-import reachability only; this does not establish an elaborated declaration dependency.
NumStability.Algorithms.LeastSquares.LSNormalEquations,NumStability/Algorithms/LeastSquares/LSNormalEquations.lean,Algorithms,false,true,0,,,,Source-import reachability only; this does not establish an elaborated declaration dependency.
NumStability.Algorithms.LeastSquares.LSPerturbation,NumStability/Algorithms/LeastSquares/LSPerturbation.lean,Algorithms,false,true,1,NumStability.Source.Higham.Chapter20.Lemma11.Support,1,NumStability.Source.Higham.Chapter20.Lemma11.Support,Source-import reachability only; this does not establish an elaborated declaration dependency.
NumStability.Algorithms.LeastSquares.LSQRSolve,NumStability/Algorithms/LeastSquares/LSQRSolve.lean,Algorithms,false,true,1,NumStability.Source.Higham.Chapter20.Theorem03.QRSolve,1,NumStability.Source.Higham.Chapter20.Theorem03.QRSolve,Source-import reachability only; this does not establish an elaborated declaration dependency.
NumStability.Algorithms.LinearSystems,NumStability/Algorithms/LinearSystems.lean,Algorithms,false,false,0,,2,NumStability.Source.Higham.Chapter21.Theorem01.ComponentwisePerturbation.UnderdeterminedSpec,Source-import reachability only; this does not establish an elaborated declaration dependency.
NumStability.Algorithms.LinearSystems.Cholesky,NumStability/Algorithms/LinearSystems/Cholesky.lean,Algorithms,false,false,0,,,,Source-import reachability only; this does not establish an elaborated declaration dependency.
NumStability.Algorithms.LinearSystems.Cholesky.ErrorAnalysis,NumStability/Algorithms/LinearSystems/Cholesky/ErrorAnalysis.lean,Algorithms,false,false,0,,,,Source-import reachability only; this does not establish an elaborated declaration dependency.
NumStability.Algorithms.LinearSystems.Cholesky.ErrorAnalysis.Certificates,NumStability/Algorithms/LinearSystems/Cholesky/ErrorAnalysis/Certificates.lean,Algorithms,true,false,0,,,,Source-import reachability only; this does not establish an elaborated declaration dependency.
NumStability.Algorithms.LinearSystems.Cholesky.ErrorAnalysis.Demmel,NumStability/Algorithms/LinearSystems/Cholesky/ErrorAnalysis/Demmel.lean,Algorithms,true,false,0,,,,Source-import reachability only; this does not establish an elaborated declaration dependency.
NumStability.Algorithms.LinearSystems.Cholesky.ErrorAnalysis.PositivePivots.Certificate,NumStability/Algorithms/LinearSystems/Cholesky/ErrorAnalysis/PositivePivots/Certificate.lean,Algorithms,true,false,0,,,,Source-import reachability only; this does not establish an elaborated declaration dependency.
NumStability.Algorithms.LinearSystems.Cholesky.Factorization,NumStability/Algorithms/LinearSystems/Cholesky/Factorization.lean,Algorithms,false,false,0,,,,Source-import reachability only; this does not establish an elaborated declaration dependency.
NumStability.Algorithms.LinearSystems.Cholesky.Factorization.Spec,NumStability/Algorithms/LinearSystems/Cholesky/Factorization/Spec.lean,Algorithms,true,false,0,,,,Source-import reachability only; this does not establish an elaborated declaration dependency.
NumStability.Algorithms.LinearSystems.Cholesky.Perturbation,NumStability/Algorithms/LinearSystems/Cholesky/Perturbation.lean,Algorithms,false,false,0,,,,Source-import reachability only; this does not establish an elaborated declaration dependency.
NumStability.Algorithms.LinearSystems.Cholesky.Perturbation.Basic,NumStability/Algorithms/LinearSystems/Cholesky/Perturbation/Basic.lean,Algorithms,true,false,0,,,,Source-import reachability only; this does not establish an elaborated declaration dependency.
NumStability.Algorithms.LinearSystems.Cholesky.PositiveSemidefinite,NumStability/Algorithms/LinearSystems/Cholesky/PositiveSemidefinite.lean,Algorithms,false,false,0,,,,Source-import reachability only; this does not establish an elaborated declaration dependency.
NumStability.Algorithms.LinearSystems.Cholesky.PositiveSemidefinite.Basic,NumStability/Algorithms/LinearSystems/Cholesky/PositiveSemidefinite/Basic.lean,Algorithms,true,false,0,,,,Source-import reachability only; this does not establish an elaborated declaration dependency.
NumStability.Algorithms.LinearSystems.Cholesky.PositiveSemidefinite.KahanMatrix,NumStability/Algorithms/LinearSystems/Cholesky/PositiveSemidefinite/KahanMatrix.lean,Algorithms,true,false,0,,,,Source-import reachability only; this does not establish an elaborated declaration dependency.
NumStability.Algorithms.LinearSystems.Cholesky.PositiveSemidefinite.KahanTelescope.Identity,NumStability/Algorithms/LinearSystems/Cholesky/PositiveSemidefinite/KahanTelescope/Identity.lean,Algorithms,true,false,0,,,,Source-import reachability only; this does not establish an elaborated declaration dependency.
NumStability.Algorithms.LinearSystems.Cholesky.PositiveSemidefinite.PivotedFactorization.Existence,NumStability/Algorithms/LinearSystems/Cholesky/PositiveSemidefinite/PivotedFactorization/Existence.lean,Algorithms,true,false,0,,,,Source-import reachability only; this does not establish an elaborated declaration dependency.
NumStability.Algorithms.LinearSystems.Cholesky.PositiveSemidefinite.ScaledStage,NumStability/Algorithms/LinearSystems/Cholesky/PositiveSemidefinite/ScaledStage.lean,Algorithms,true,false,0,,,,Source-import reachability only; this does not establish an elaborated declaration dependency.
NumStability.Algorithms.LinearSystems.Cholesky.PositiveSemidefinite.StageEmbedding.InteriorMass,NumStability/Algorithms/LinearSystems/Cholesky/PositiveSemidefinite/StageEmbedding/InteriorMass.lean,Algorithms,true,false,0,,,,Source-import reachability only; this does not establish an elaborated declaration dependency.
NumStability.Algorithms.LinearSystems.Cholesky.RoundedFactorization,NumStability/Algorithms/LinearSystems/Cholesky/RoundedFactorization.lean,Algorithms,false,false,0,,,,Source-import reachability only; this does not establish an elaborated declaration dependency.
NumStability.Algorithms.LinearSystems.Cholesky.RoundedFactorization.Basic,NumStability/Algorithms/LinearSystems/Cholesky/RoundedFactorization/Basic.lean,Algorithms,true,false,0,,,,Source-import reachability only; this does not establish an elaborated declaration dependency.
NumStability.Algorithms.LinearSystems.Cholesky.Solve,NumStability/Algorithms/LinearSystems/Cholesky/Solve.lean,Algorithms,false,false,0,,,,Source-import reachability only; this does not establish an elaborated declaration dependency.
NumStability.Algorithms.LinearSystems.Cholesky.Solve.Basic,NumStability/Algorithms/LinearSystems/Cholesky/Solve/Basic.lean,Algorithms,true,false,0,,,,Source-import reachability only; this does not establish an elaborated declaration dependency.
NumStability.Algorithms.LinearSystems.CramersRule.All,NumStability/Algorithms/LinearSystems/CramersRule/All.lean,Algorithms,false,false,0,,,,Source-import reachability only; this does not establish an elaborated declaration dependency.
NumStability.Algorithms.LinearSystems.CramersRule.Core,NumStability/Algorithms/LinearSystems/CramersRule/Core.lean,Algorithms,true,false,0,,,,Source-import reachability only; this does not establish an elaborated declaration dependency.
NumStability.Algorithms.LinearSystems.GaussJordan,NumStability/Algorithms/LinearSystems/GaussJordan.lean,Algorithms,false,false,0,,,,Source-import reachability only; this does not establish an elaborated declaration dependency.
NumStability.Algorithms.LinearSystems.GaussJordan.ErrorAnalysis,NumStability/Algorithms/LinearSystems/GaussJordan/ErrorAnalysis.lean,Algorithms,false,false,0,,,,Source-import reachability only; this does not establish an elaborated declaration dependency.
NumStability.Algorithms.LinearSystems.GaussJordan.ErrorAnalysis.GaussJordan,NumStability/Algorithms/LinearSystems/GaussJordan/ErrorAnalysis/GaussJordan.lean,Algorithms,true,false,0,,,,Source-import reachability only; this does not establish an elaborated declaration dependency.
NumStability.Algorithms.LinearSystems.Iterative.Stationary.Convergence.Singular.FixedSubspaces,NumStability/Algorithms/LinearSystems/Iterative/Stationary/Convergence/Singular/FixedSubspaces.lean,Algorithms,true,false,0,,,,Source-import reachability only; this does not establish an elaborated declaration dependency.
NumStability.Algorithms.LinearSystems.Iterative.Stationary.ErrorAnalysis.Forward.ComplementDecomposition,NumStability/Algorithms/LinearSystems/Iterative/Stationary/ErrorAnalysis/Forward/ComplementDecomposition.lean,Algorithms,true,false,0,,,,Source-import reachability only; this does not establish an elaborated declaration dependency.
NumStability.Algorithms.LinearSystems.Iterative.Stationary.ErrorAnalysis.Local.OneStep,NumStability/Algorithms/LinearSystems/Iterative/Stationary/ErrorAnalysis/Local/OneStep.lean,Algorithms,true,false,0,,,,Source-import reachability only; this does not establish an elaborated declaration dependency.
NumStability.Algorithms.LinearSystems.Iterative.Stationary.ErrorAnalysis.Residual.Identities,NumStability/Algorithms/LinearSystems/Iterative/Stationary/ErrorAnalysis/Residual/Identities.lean,Algorithms,true,false,0,,,,Source-import reachability only; this does not establish an elaborated declaration dependency.
NumStability.Algorithms.LinearSystems.Iterative.Stationary.Execution.Computed.Model,NumStability/Algorithms/LinearSystems/Iterative/Stationary/Execution/Computed/Model.lean,Algorithms,true,false,0,,,,Source-import reachability only; this does not establish an elaborated declaration dependency.
NumStability.Algorithms.LinearSystems.Iterative.Stationary.Projectors.Drazin.Algebra,NumStability/Algorithms/LinearSystems/Iterative/Stationary/Projectors/Drazin/Algebra.lean,Algorithms,true,false,0,,,,Source-import reachability only; this does not establish an elaborated declaration dependency.
NumStability.Algorithms.LinearSystems.Iterative.Stationary.Recurrences.Affine.Unrolling,NumStability/Algorithms/LinearSystems/Iterative/Stationary/Recurrences/Affine/Unrolling.lean,Algorithms,true,false,0,,,,Source-import reachability only; this does not establish an elaborated declaration dependency.
NumStability.Algorithms.LinearSystems.Iterative.Stationary.Semiconvergence.All,NumStability/Algorithms/LinearSystems/Iterative/Stationary/Semiconvergence/All.lean,Algorithms,false,false,0,,,,Source-import reachability only; this does not establish an elaborated declaration dependency.
NumStability.Algorithms.LinearSystems.Iterative.Stationary.Semiconvergence.BlockForm.Existence,NumStability/Algorithms/LinearSystems/Iterative/Stationary/Semiconvergence/BlockForm/Existence.lean,Algorithms,true,false,0,,,,Source-import reachability only; this does not establish an elaborated declaration dependency.
NumStability.Algorithms.LinearSystems.Iterative.Stationary.Semiconvergence.BlockForm.ProjectorLimit,NumStability/Algorithms/LinearSystems/Iterative/Stationary/Semiconvergence/BlockForm/ProjectorLimit.lean,Algorithms,true,false,0,,,,Source-import reachability only; this does not establish an elaborated declaration dependency.
NumStability.Algorithms.LinearSystems.Iterative.Stationary.Semiconvergence.Execution.RoundedCertificates,NumStability/Algorithms/LinearSystems/Iterative/Stationary/Semiconvergence/Execution/RoundedCertificates.lean,Algorithms,true,false,0,,,,Source-import reachability only; this does not establish an elaborated declaration dependency.
NumStability.Algorithms.LinearSystems.Iterative.Stationary.Semiconvergence.Projectors.FixedRange,NumStability/Algorithms/LinearSystems/Iterative/Stationary/Semiconvergence/Projectors/FixedRange.lean,Algorithms,true,false,0,,,,Source-import reachability only; this does not establish an elaborated declaration dependency.
NumStability.Algorithms.LinearSystems.Iterative.Stationary.Splittings.Core.Definitions,NumStability/Algorithms/LinearSystems/Iterative/Stationary/Splittings/Core/Definitions.lean,Algorithms,true,false,0,,,,Source-import reachability only; this does not establish an elaborated declaration dependency.
NumStability.Algorithms.LinearSystems.Iterative.Stationary.Splittings.Scaling.Diagonal,NumStability/Algorithms/LinearSystems/Iterative/Stationary/Splittings/Scaling/Diagonal.lean,Algorithms,true,false,0,,,,Source-import reachability only; this does not establish an elaborated declaration dependency.
NumStability.Algorithms.LinearSystems.IterativeRefinement.All,NumStability/Algorithms/LinearSystems/IterativeRefinement/All.lean,Algorithms,false,false,0,,,,Source-import reachability only; this does not establish an elaborated declaration dependency.
NumStability.Algorithms.LinearSystems.IterativeRefinement.Core,NumStability/Algorithms/LinearSystems/IterativeRefinement/Core.lean,Algorithms,true,false,0,,,,Source-import reachability only; this does not establish an elaborated declaration dependency.
NumStability.Algorithms.LinearSystems.LU,NumStability/Algorithms/LinearSystems/LU.lean,Algorithms,false,false,0,,,,Source-import reachability only; this does not establish an elaborated declaration dependency.
NumStability.Algorithms.LinearSystems.LU.BlockLU,NumStability/Algorithms/LinearSystems/LU/BlockLU.lean,Algorithms,false,false,0,,,,Source-import reachability only; this does not establish an elaborated declaration dependency.
NumStability.Algorithms.LinearSystems.LU.BlockLU.ArbitraryNorm,NumStability/Algorithms/LinearSystems/LU/BlockLU/ArbitraryNorm.lean,Algorithms,true,false,0,,,,Source-import reachability only; this does not establish an elaborated declaration dependency.
NumStability.Algorithms.LinearSystems.LU.BlockLU.BlockMatrices,NumStability/Algorithms/LinearSystems/LU/BlockLU/BlockMatrices.lean,Algorithms,true,false,0,,,,Source-import reachability only; this does not establish an elaborated declaration dependency.
NumStability.Algorithms.LinearSystems.LU.BlockLU.DiagonalDominance,NumStability/Algorithms/LinearSystems/LU/BlockLU/DiagonalDominance.lean,Algorithms,true,false,0,,,,Source-import reachability only; this does not establish an elaborated declaration dependency.
NumStability.Algorithms.LinearSystems.LU.BlockLU.Factorization,NumStability/Algorithms/LinearSystems/LU/BlockLU/Factorization.lean,Algorithms,true,false,0,,,,Source-import reachability only; this does not establish an elaborated declaration dependency.
NumStability.Algorithms.LinearSystems.LU.BlockLU.FactorizationError,NumStability/Algorithms/LinearSystems/LU/BlockLU/FactorizationError.lean,Algorithms,true,false,0,,,,Source-import reachability only; this does not establish an elaborated declaration dependency.
NumStability.Algorithms.LinearSystems.LU.BlockLU.FirstOrderFamilies,NumStability/Algorithms/LinearSystems/LU/BlockLU/FirstOrderFamilies.lean,Algorithms,true,false,0,,,,Source-import reachability only; this does not establish an elaborated declaration dependency.
NumStability.Algorithms.LinearSystems.LU.BlockLU.FirstOrderModels,NumStability/Algorithms/LinearSystems/LU/BlockLU/FirstOrderModels.lean,Algorithms,true,false,0,,,,Source-import reachability only; this does not establish an elaborated declaration dependency.
NumStability.Algorithms.LinearSystems.LU.BlockLU.GrowthBounds,NumStability/Algorithms/LinearSystems/LU/BlockLU/GrowthBounds.lean,Algorithms,true,false,0,,,,Source-import reachability only; this does not establish an elaborated declaration dependency.
NumStability.Algorithms.LinearSystems.LU.BlockLU.OperatorTwo,NumStability/Algorithms/LinearSystems/LU/BlockLU/OperatorTwo.lean,Algorithms,true,false,0,,,,Source-import reachability only; this does not establish an elaborated declaration dependency.
NumStability.Algorithms.LinearSystems.LU.BlockLU.PositiveDefinite,NumStability/Algorithms/LinearSystems/LU/BlockLU/PositiveDefinite.lean,Algorithms,true,false,0,,,,Source-import reachability only; this does not establish an elaborated declaration dependency.
NumStability.Algorithms.LinearSystems.LU.BlockLU.PositiveDefiniteFactorBounds,NumStability/Algorithms/LinearSystems/LU/BlockLU/PositiveDefiniteFactorBounds.lean,Algorithms,true,false,0,,,,Source-import reachability only; this does not establish an elaborated declaration dependency.
NumStability.Algorithms.LinearSystems.LU.BlockLU.RecursiveFactorization,NumStability/Algorithms/LinearSystems/LU/BlockLU/RecursiveFactorization.lean,Algorithms,true,false,0,,,,Source-import reachability only; this does not establish an elaborated declaration dependency.
NumStability.Algorithms.LinearSystems.LU.BlockLU.ResidualLifting,NumStability/Algorithms/LinearSystems/LU/BlockLU/ResidualLifting.lean,Algorithms,true,false,0,,,,Source-import reachability only; this does not establish an elaborated declaration dependency.
NumStability.Algorithms.LinearSystems.LU.BlockLU.SchurComplement,NumStability/Algorithms/LinearSystems/LU/BlockLU/SchurComplement.lean,Algorithms,true,false,0,,,,Source-import reachability only; this does not establish an elaborated declaration dependency.
NumStability.Algorithms.LinearSystems.LU.BlockLU.SolveError,NumStability/Algorithms/LinearSystems/LU/BlockLU/SolveError.lean,Algorithms,true,false,0,,,,Source-import reachability only; this does not establish an elaborated declaration dependency.
NumStability.Algorithms.LinearSystems.LU.BlockLU.VaryingBlocks,NumStability/Algorithms/LinearSystems/LU/BlockLU/VaryingBlocks.lean,Algorithms,false,false,0,,,,Source-import reachability only; this does not establish an elaborated declaration dependency.
NumStability.Algorithms.LinearSystems.LU.BlockLU.VaryingBlocks.Algebra,NumStability/Algorithms/LinearSystems/LU/BlockLU/VaryingBlocks/Algebra.lean,Algorithms,true,false,0,,,,Source-import reachability only; this does not establish an elaborated declaration dependency.
NumStability.Algorithms.LinearSystems.LU.BlockLU.VaryingBlocks.Basic,NumStability/Algorithms/LinearSystems/LU/BlockLU/VaryingBlocks/Basic.lean,Algorithms,true,false,0,,,,Source-import reachability only; this does not establish an elaborated declaration dependency.
NumStability.Algorithms.LinearSystems.LU.BlockLU.VaryingBlocks.RecursiveFactorization,NumStability/Algorithms/LinearSystems/LU/BlockLU/VaryingBlocks/RecursiveFactorization.lean,Algorithms,true,false,0,,,,Source-import reachability only; this does not establish an elaborated declaration dependency.
NumStability.Algorithms.LinearSystems.LU.BlockLU.VaryingBlocks.SchurComplement,NumStability/Algorithms/LinearSystems/LU/BlockLU/VaryingBlocks/SchurComplement.lean,Algorithms,true,false,0,,,,Source-import reachability only; this does not establish an elaborated declaration dependency.
NumStability.Algorithms.LinearSystems.LU.BlockLU.VaryingBlocks.Uniqueness,NumStability/Algorithms/LinearSystems/LU/BlockLU/VaryingBlocks/Uniqueness.lean,Algorithms,true,false,0,,,,Source-import reachability only; this does not establish an elaborated declaration dependency.
NumStability.Algorithms.LinearSystems.LU.Doolittle.All,NumStability/Algorithms/LinearSystems/LU/Doolittle/All.lean,Algorithms,false,false,0,,,,Source-import reachability only; this does not establish an elaborated declaration dependency.
NumStability.Algorithms.LinearSystems.LU.Doolittle.Assembly.Core,NumStability/Algorithms/LinearSystems/LU/Doolittle/Assembly/Core.lean,Algorithms,true,false,0,,,,Source-import reachability only; this does not establish an elaborated declaration dependency.
NumStability.Algorithms.LinearSystems.LU.Doolittle.BackwardError,NumStability/Algorithms/LinearSystems/LU/Doolittle/BackwardError.lean,Algorithms,true,false,0,,,,Source-import reachability only; this does not establish an elaborated declaration dependency.
NumStability.Algorithms.LinearSystems.LU.Doolittle.Basic,NumStability/Algorithms/LinearSystems/LU/Doolittle/Basic.lean,Algorithms,true,false,0,,,,Source-import reachability only; this does not establish an elaborated declaration dependency.
NumStability.Algorithms.LinearSystems.LU.Doolittle.Budgets,NumStability/Algorithms/LinearSystems/LU/Doolittle/Budgets.lean,Algorithms,true,false,0,,,,Source-import reachability only; this does not establish an elaborated declaration dependency.
NumStability.Algorithms.LinearSystems.LU.Doolittle.Certificates,NumStability/Algorithms/LinearSystems/LU/Doolittle/Certificates.lean,Algorithms,true,false,0,,,,Source-import reachability only; this does not establish an elaborated declaration dependency.
NumStability.Algorithms.LinearSystems.LU.Doolittle.RoundedEntries,NumStability/Algorithms/LinearSystems/LU/Doolittle/RoundedEntries.lean,Algorithms,true,false,0,,,,Source-import reachability only; this does not establish an elaborated declaration dependency.
NumStability.Algorithms.LinearSystems.LU.NonsymmetricPositiveDefinite,NumStability/Algorithms/LinearSystems/LU/NonsymmetricPositiveDefinite.lean,Algorithms,false,false,0,,,,Source-import reachability only; this does not establish an elaborated declaration dependency.
NumStability.Algorithms.LinearSystems.LU.NonsymmetricPositiveDefinite.Basic,NumStability/Algorithms/LinearSystems/LU/NonsymmetricPositiveDefinite/Basic.lean,Algorithms,true,false,0,,,,Source-import reachability only; this does not establish an elaborated declaration dependency.
NumStability.Algorithms.LinearSystems.LeastSquares,NumStability/Algorithms/LinearSystems/LeastSquares.lean,Algorithms,false,false,0,,2,NumStability.Source.Higham.Chapter19.Theorem06.CoxHighamAssembly,Source-import reachability only; this does not establish an elaborated declaration dependency.
NumStability.Algorithms.LinearSystems.LeastSquares.AugmentedSystem,NumStability/Algorithms/LinearSystems/LeastSquares/AugmentedSystem.lean,Algorithms,true,false,0,,,,Source-import reachability only; this does not establish an elaborated declaration dependency.
NumStability.Algorithms.LinearSystems.LeastSquares.Basic,NumStability/Algorithms/LinearSystems/LeastSquares/Basic.lean,Algorithms,true,false,0,,,,Source-import reachability only; this does not establish an elaborated declaration dependency.
NumStability.Algorithms.LinearSystems.LeastSquares.Equality.Basic,NumStability/Algorithms/LinearSystems/LeastSquares/Equality/Basic.lean,Algorithms,true,false,6,NumStability.Source.Higham.Chapter19.Theorem06.CoxHighamAssembly;NumStability.Source.Higham.Chapter19.Theorem06.Pivoted;NumStability.Source.Higham.Chapter21.Equation04.Pseudoinverse;NumStability.Source.Higham.Chapter19.Core;NumStability.Source.Higham.Chapter19.Theorem06.ColumnPivot;NumStability.Source.Higham.Chapter19.Theorem06.ElementwisePackaged,1,NumStability.Source.Higham.Chapter19.Theorem06.CoxHighamAssembly,Source-import reachability only; this does not establish an elaborated declaration dependency.
NumStability.Algorithms.LinearSystems.LeastSquares.Equality.GQR,NumStability/Algorithms/LinearSystems/LeastSquares/Equality/GQR.lean,Algorithms,true,false,2,NumStability.Source.Higham.Chapter21.Lemma02.Symmetrization.UnderdeterminedSpec;NumStability.Source.Higham.Chapter21.Theorem01.ComponentwisePerturbation.UnderdeterminedSpec,1,NumStability.Source.Higham.Chapter21.Lemma02.Symmetrization.UnderdeterminedSpec,Source-import reachability only; this does not establish an elaborated declaration dependency.
NumStability.Algorithms.LinearSystems.LeastSquares.Equality.KKT,NumStability/Algorithms/LinearSystems/LeastSquares/Equality/KKT.lean,Algorithms,true,false,0,,2,NumStability.Source.Higham.Chapter19.Theorem06.CoxHighamAssembly,Source-import reachability only; this does not establish an elaborated declaration dependency.
NumStability.Algorithms.LinearSystems.LeastSquares.GramBasis,NumStability/Algorithms/LinearSystems/LeastSquares/GramBasis.lean,Algorithms,true,false,0,,,,Source-import reachability only; this does not establish an elaborated declaration dependency.
NumStability.Algorithms.LinearSystems.LeastSquares.MGS,NumStability/Algorithms/LinearSystems/LeastSquares/MGS.lean,Algorithms,true,false,0,,,,Source-import reachability only; this does not establish an elaborated declaration dependency.
NumStability.Algorithms.LinearSystems.LeastSquares.NormalEquations,NumStability/Algorithms/LinearSystems/LeastSquares/NormalEquations.lean,Algorithms,true,false,0,,,,Source-import reachability only; this does not establish an elaborated declaration dependency.
NumStability.Algorithms.LinearSystems.LeastSquares.QRSolve,NumStability/Algorithms/LinearSystems/LeastSquares/QRSolve.lean,Algorithms,true,false,0,,,,Source-import reachability only; this does not establish an elaborated declaration dependency.
NumStability.Algorithms.LinearSystems.LeastSquares.RankGeometry,NumStability/Algorithms/LinearSystems/LeastSquares/RankGeometry.lean,Algorithms,true,false,0,,,,Source-import reachability only; this does not establish an elaborated declaration dependency.
NumStability.Algorithms.LinearSystems.LeastSquares.Refinement,NumStability/Algorithms/LinearSystems/LeastSquares/Refinement.lean,Algorithms,true,false,0,,,,Source-import reachability only; this does not establish an elaborated declaration dependency.
NumStability.Algorithms.LinearSystems.LeastSquares.RowSorting,NumStability/Algorithms/LinearSystems/LeastSquares/RowSorting.lean,Algorithms,true,false,1,NumStability.Source.Higham.Chapter19.Theorem06.Pivoted,1,NumStability.Source.Higham.Chapter19.Theorem06.Pivoted,Source-import reachability only; this does not establish an elaborated declaration dependency.
NumStability.Algorithms.LinearSystems.LeastSquares.StoredQR,NumStability/Algorithms/LinearSystems/LeastSquares/StoredQR.lean,Algorithms,true,false,0,,,,Source-import reachability only; this does not establish an elaborated declaration dependency.
NumStability.Algorithms.LinearSystems.LeastSquares.TraceKernel,NumStability/Algorithms/LinearSystems/LeastSquares/TraceKernel.lean,Algorithms,true,false,1,NumStability.Source.Higham.Chapter19.Theorem06.CoxHigham,1,NumStability.Source.Higham.Chapter19.Theorem06.CoxHigham,Source-import reachability only; this does not establish an elaborated declaration dependency.
NumStability.Algorithms.LinearSystems.QR,NumStability/Algorithms/LinearSystems/QR.lean,Algorithms,false,false,0,,,,Source-import reachability only; this does not establish an elaborated declaration dependency.
NumStability.Algorithms.LinearSystems.QR.GivensMatrixStep,NumStability/Algorithms/LinearSystems/QR/GivensMatrixStep.lean,Algorithms,true,false,0,,,,Source-import reachability only; this does not establish an elaborated declaration dependency.
NumStability.Algorithms.LinearSystems.QR.GivensQR,NumStability/Algorithms/LinearSystems/QR/GivensQR.lean,Algorithms,true,false,0,,,,Source-import reachability only; this does not establish an elaborated declaration dependency.
NumStability.Algorithms.LinearSystems.QR.GivensSpec,NumStability/Algorithms/LinearSystems/QR/GivensSpec.lean,Algorithms,true,false,0,,,,Source-import reachability only; this does not establish an elaborated declaration dependency.
NumStability.Algorithms.LinearSystems.QR.GramSchmidt,NumStability/Algorithms/LinearSystems/QR/GramSchmidt.lean,Algorithms,true,false,0,,,,Source-import reachability only; this does not establish an elaborated declaration dependency.
NumStability.Algorithms.LinearSystems.QR.GramSchmidtPolar,NumStability/Algorithms/LinearSystems/QR/GramSchmidtPolar.lean,Algorithms,true,false,0,,,,Source-import reachability only; this does not establish an elaborated declaration dependency.
NumStability.Algorithms.LinearSystems.QR.Householder.PanelApplication,NumStability/Algorithms/LinearSystems/QR/Householder/PanelApplication.lean,Algorithms,true,false,0,,,,Source-import reachability only; this does not establish an elaborated declaration dependency.
NumStability.Algorithms.LinearSystems.QR.Householder.StoredQR,NumStability/Algorithms/LinearSystems/QR/Householder/StoredQR.lean,Algorithms,true,false,0,,,,Source-import reachability only; this does not establish an elaborated declaration dependency.
NumStability.Algorithms.LinearSystems.QR.Householder.TrailingPanels,NumStability/Algorithms/LinearSystems/QR/Householder/TrailingPanels.lean,Algorithms,true,false,0,,,,Source-import reachability only; this does not establish an elaborated declaration dependency.
NumStability.Algorithms.LinearSystems.QR.HouseholderApply,NumStability/Algorithms/LinearSystems/QR/HouseholderApply.lean,Algorithms,true,false,0,,,,Source-import reachability only; this does not establish an elaborated declaration dependency.
NumStability.Algorithms.LinearSystems.QR.HouseholderApplySupport,NumStability/Algorithms/LinearSystems/QR/HouseholderApplySupport.lean,Algorithms,false,true,0,,,,Source-import reachability only; this does not establish an elaborated declaration dependency.
NumStability.Algorithms.LinearSystems.QR.HouseholderConstruction2,NumStability/Algorithms/LinearSystems/QR/HouseholderConstruction2.lean,Algorithms,true,false,0,,,,Source-import reachability only; this does not establish an elaborated declaration dependency.
NumStability.Algorithms.LinearSystems.QR.HouseholderMatrixStep,NumStability/Algorithms/LinearSystems/QR/HouseholderMatrixStep.lean,Algorithms,true,false,0,,,,Source-import reachability only; this does not establish an elaborated declaration dependency.
NumStability.Algorithms.LinearSystems.QR.HouseholderOneStep,NumStability/Algorithms/LinearSystems/QR/HouseholderOneStep.lean,Algorithms,true,false,0,,,,Source-import reachability only; this does not establish an elaborated declaration dependency.
NumStability.Algorithms.LinearSystems.QR.HouseholderQApply,NumStability/Algorithms/LinearSystems/QR/HouseholderQApply.lean,Algorithms,true,false,0,,,,Source-import reachability only; this does not establish an elaborated declaration dependency.
NumStability.Algorithms.LinearSystems.QR.HouseholderQR,NumStability/Algorithms/LinearSystems/QR/HouseholderQR.lean,Algorithms,true,false,0,,,,Source-import reachability only; this does not establish an elaborated declaration dependency.
NumStability.Algorithms.LinearSystems.QR.HouseholderQRSupport,NumStability/Algorithms/LinearSystems/QR/HouseholderQRSupport.lean,Algorithms,false,true,0,,,,Source-import reachability only; this does not establish an elaborated declaration dependency.
NumStability.Algorithms.LinearSystems.QR.HouseholderReflector,NumStability/Algorithms/LinearSystems/QR/HouseholderReflector.lean,Algorithms,true,false,0,,,,Source-import reachability only; this does not establish an elaborated declaration dependency.
NumStability.Algorithms.LinearSystems.QR.HouseholderSpec,NumStability/Algorithms/LinearSystems/QR/HouseholderSpec.lean,Algorithms,true,false,0,,,,Source-import reachability only; this does not establish an elaborated declaration dependency.
NumStability.Algorithms.LinearSystems.QR.HouseholderSpecSupport,NumStability/Algorithms/LinearSystems/QR/HouseholderSpecSupport.lean,Algorithms,false,true,0,,,,Source-import reachability only; this does not establish an elaborated declaration dependency.
NumStability.Algorithms.LinearSystems.QR.QRSolve,NumStability/Algorithms/LinearSystems/QR/QRSolve.lean,Algorithms,true,false,0,,,,Source-import reachability only; this does not establish an elaborated declaration dependency.
NumStability.Algorithms.LinearSystems.SymmetricIndefinite,NumStability/Algorithms/LinearSystems/SymmetricIndefinite.lean,Algorithms,false,false,0,,3,NumStability.Source.Higham.Chapter11.AasenGrowth,Source-import reachability only; this does not establish an elaborated declaration dependency.
NumStability.Algorithms.LinearSystems.SymmetricIndefinite.Aasen,NumStability/Algorithms/LinearSystems/SymmetricIndefinite/Aasen.lean,Algorithms,false,false,0,,2,NumStability.Source.Higham.Chapter11.AasenGrowth,Source-import reachability only; this does not establish an elaborated declaration dependency.
NumStability.Algorithms.LinearSystems.SymmetricIndefinite.Aasen.AasenCoupledFp,NumStability/Algorithms/LinearSystems/SymmetricIndefinite/Aasen/AasenCoupledFp.lean,Algorithms,true,false,1,NumStability.Source.Higham.Chapter11.AasenGrowth,1,NumStability.Source.Higham.Chapter11.AasenGrowth,Source-import reachability only; this does not establish an elaborated declaration dependency.
NumStability.Algorithms.LinearSystems.SymmetricIndefinite.Aasen.AasenFactorResidual,NumStability/Algorithms/LinearSystems/SymmetricIndefinite/Aasen/AasenFactorResidual.lean,Algorithms,true,false,1,NumStability.Source.Higham.Chapter11.Section02.Aasen,1,NumStability.Source.Higham.Chapter11.Section02.Aasen,Source-import reachability only; this does not establish an elaborated declaration dependency.
NumStability.Algorithms.LinearSystems.SymmetricIndefinite.BlockLDLT,NumStability/Algorithms/LinearSystems/SymmetricIndefinite/BlockLDLT.lean,Algorithms,false,false,0,,2,NumStability.Source.Higham.Chapter11.BlockLDLTAllOneByOnePrinted,Source-import reachability only; this does not establish an elaborated declaration dependency.
NumStability.Algorithms.LinearSystems.SymmetricIndefinite.BlockLDLT.BunchTridiagonalFactorBound,NumStability/Algorithms/LinearSystems/SymmetricIndefinite/BlockLDLT/BunchTridiagonalFactorBound.lean,Algorithms,true,false,3,NumStability.Source.Higham.Chapter11.BlockLDLTAllOneByOnePrinted;NumStability.Source.Higham.Chapter11.BlockLDLTBunchTridiagonal;NumStability.Source.Higham.Chapter11.BlockLDLTMixedPivot,1,NumStability.Source.Higham.Chapter11.BlockLDLTAllOneByOnePrinted,Source-import reachability only; this does not establish an elaborated declaration dependency.
NumStability.Algorithms.LinearSystems.SymmetricIndefinite.BlockLDLT.BunchTridiagonalGrowth,NumStability/Algorithms/LinearSystems/SymmetricIndefinite/BlockLDLT/BunchTridiagonalGrowth.lean,Algorithms,true,false,3,NumStability.Source.Higham.Chapter11.BlockLDLTBunchTridiagonal;NumStability.Source.Higham.Chapter11.BlockLDLTMixedPivot;NumStability.Source.Higham.Chapter11.Section01.Tridiagonal,1,NumStability.Source.Higham.Chapter11.BlockLDLTBunchTridiagonal,Source-import reachability only; this does not establish an elaborated declaration dependency.
NumStability.Algorithms.LinearSystems.SymmetricIndefinite.BlockLDLT.BunchTridiagonalGrowthInvariant,NumStability/Algorithms/LinearSystems/SymmetricIndefinite/BlockLDLT/BunchTridiagonalGrowthInvariant.lean,Algorithms,true,false,5,NumStability.Source.Higham.Chapter11.BlockLDLTAllOneByOnePrinted;NumStability.Source.Higham.Chapter11.BlockLDLTBunchTridiagonal;NumStability.Source.Higham.Chapter11.BlockLDLTMixedPivot;NumStability.Source.Higham.Chapter11.Section01.PartialPivoting;NumStability.Source.Higham.Chapter11.Section01.Tridiagonal,1,NumStability.Source.Higham.Chapter11.BlockLDLTAllOneByOnePrinted,Source-import reachability only; this does not establish an elaborated declaration dependency.
NumStability.Algorithms.LinearSystems.SymmetricIndefinite.BlockLDLT.BunchTridiagonalSparseFactor,NumStability/Algorithms/LinearSystems/SymmetricIndefinite/BlockLDLT/BunchTridiagonalSparseFactor.lean,Algorithms,true,false,3,NumStability.Source.Higham.Chapter11.BlockLDLTBunchTridiagonal;NumStability.Source.Higham.Chapter11.BlockLDLTMixedPivot;NumStability.Source.Higham.Chapter11.TwoByTwoSchurStep,1,NumStability.Source.Higham.Chapter11.BlockLDLTBunchTridiagonal,Source-import reachability only; this does not establish an elaborated declaration dependency.
NumStability.Algorithms.LinearSystems.SymmetricIndefinite.BlockLDLT.BunchTridiagonalSparseSolve,NumStability/Algorithms/LinearSystems/SymmetricIndefinite/BlockLDLT/BunchTridiagonalSparseSolve.lean,Algorithms,true,false,7,NumStability.Source.Higham.Chapter08.Section03.TriangularSystems.ArbitraryOrder;NumStability.Source.Higham.Chapter11.BlockLDLTBunchTridiagonal;NumStability.Source.Higham.Chapter11.BlockLDLTMixedPivot;NumStability.Source.Higham.Chapter11.BlockLDLTSolveBackward;NumStability.Source.Higham.Chapter11.BunchTridiagonalActualSolve;NumStability.Source.Higham.Chapter11.Section01.PartialPivoting;NumStability.Source.Higham.Chapter11.Section02.Aasen,1,NumStability.Source.Higham.Chapter08.Section03.TriangularSystems.ArbitraryOrder,Source-import reachability only; this does not establish an elaborated declaration dependency.
NumStability.Algorithms.LinearSystems.SymmetricIndefinite.ErrorAnalysis,NumStability/Algorithms/LinearSystems/SymmetricIndefinite/ErrorAnalysis.lean,Algorithms,false,false,0,,,,Source-import reachability only; this does not establish an elaborated declaration dependency.
NumStability.Algorithms.LinearSystems.SymmetricIndefinite.ErrorAnalysis.BlockLDLT,NumStability/Algorithms/LinearSystems/SymmetricIndefinite/ErrorAnalysis/BlockLDLT.lean,Algorithms,true,false,0,,,,Source-import reachability only; this does not establish an elaborated declaration dependency.
NumStability.Algorithms.LinearSystems.SymmetricIndefinite.ErrorAnalysis.BlockLDLTStep,NumStability/Algorithms/LinearSystems/SymmetricIndefinite/ErrorAnalysis/BlockLDLTStep.lean,Algorithms,true,false,0,,,,Source-import reachability only; this does not establish an elaborated declaration dependency.
NumStability.Algorithms.LinearSystems.SymmetricIndefinite.ErrorAnalysis.Predicates,NumStability/Algorithms/LinearSystems/SymmetricIndefinite/ErrorAnalysis/Predicates.lean,Algorithms,true,false,0,,,,Source-import reachability only; this does not establish an elaborated declaration dependency.
NumStability.Algorithms.LinearSystems.SymmetricIndefinite.ErrorAnalysis.SkewSymmetric,NumStability/Algorithms/LinearSystems/SymmetricIndefinite/ErrorAnalysis/SkewSymmetric.lean,Algorithms,true,false,0,,,,Source-import reachability only; this does not establish an elaborated declaration dependency.
NumStability.Algorithms.LinearSystems.SymmetricIndefinite.Pivoting,NumStability/Algorithms/LinearSystems/SymmetricIndefinite/Pivoting.lean,Algorithms,false,false,0,,,,Source-import reachability only; this does not establish an elaborated declaration dependency.
NumStability.Algorithms.LinearSystems.SymmetricIndefinite.Pivoting.Basic,NumStability/Algorithms/LinearSystems/SymmetricIndefinite/Pivoting/Basic.lean,Algorithms,true,false,0,,,,Source-import reachability only; this does not establish an elaborated declaration dependency.
NumStability.Algorithms.LinearSystems.SymmetricIndefinite.Pivoting.Tridiagonal,NumStability/Algorithms/LinearSystems/SymmetricIndefinite/Pivoting/Tridiagonal.lean,Algorithms,true,false,0,,,,Source-import reachability only; this does not establish an elaborated declaration dependency.
NumStability.Algorithms.LinearSystems.Triangular,NumStability/Algorithms/LinearSystems/Triangular.lean,Algorithms,false,false,0,,,,Source-import reachability only; this does not establish an elaborated declaration dependency.
NumStability.Algorithms.LinearSystems.Triangular.BackSubstitution,NumStability/Algorithms/LinearSystems/Triangular/BackSubstitution.lean,Algorithms,true,false,0,,,,Source-import reachability only; this does not establish an elaborated declaration dependency.
NumStability.Algorithms.LinearSystems.Triangular.Combined,NumStability/Algorithms/LinearSystems/Triangular/Combined.lean,Algorithms,true,false,0,,,,Source-import reachability only; this does not establish an elaborated declaration dependency.
NumStability.Algorithms.LinearSystems.Triangular.ComparisonBounds,NumStability/Algorithms/LinearSystems/Triangular/ComparisonBounds.lean,Algorithms,true,false,0,,,,Source-import reachability only; this does not establish an elaborated declaration dependency.
NumStability.Algorithms.LinearSystems.Triangular.DiagonalDominance,NumStability/Algorithms/LinearSystems/Triangular/DiagonalDominance.lean,Algorithms,true,false,0,,,,Source-import reachability only; this does not establish an elaborated declaration dependency.
NumStability.Algorithms.LinearSystems.Triangular.ErrorAnalysis.All,NumStability/Algorithms/LinearSystems/Triangular/ErrorAnalysis/All.lean,Algorithms,false,false,0,,,,Source-import reachability only; this does not establish an elaborated declaration dependency.
NumStability.Algorithms.LinearSystems.Triangular.ErrorAnalysis.NoGuardBackward,NumStability/Algorithms/LinearSystems/Triangular/ErrorAnalysis/NoGuardBackward.lean,Algorithms,true,false,0,,,,Source-import reachability only; this does not establish an elaborated declaration dependency.
NumStability.Algorithms.LinearSystems.Triangular.ErrorAnalysis.NoGuardForward,NumStability/Algorithms/LinearSystems/Triangular/ErrorAnalysis/NoGuardForward.lean,Algorithms,true,false,0,,,,Source-import reachability only; this does not establish an elaborated declaration dependency.
NumStability.Algorithms.LinearSystems.Triangular.ForwardSubstitution,NumStability/Algorithms/LinearSystems/Triangular/ForwardSubstitution.lean,Algorithms,true,false,0,,,,Source-import reachability only; this does not establish an elaborated declaration dependency.
NumStability.Algorithms.LinearSystems.Triangular.InverseBounds,NumStability/Algorithms/LinearSystems/Triangular/InverseBounds.lean,Algorithms,true,false,0,,,,Source-import reachability only; this does not establish an elaborated declaration dependency.
NumStability.Algorithms.LinearSystems.Underdetermined.BackwardError.Normwise.UnderdeterminedSolve,NumStability/Algorithms/LinearSystems/Underdetermined/BackwardError/Normwise/UnderdeterminedSolve.lean,Algorithms,true,false,0,,,,Source-import reachability only; this does not establish an elaborated declaration dependency.
NumStability.Algorithms.LinearSystems.Underdetermined.BackwardError.Rowwise.UnderdeterminedSolve,NumStability/Algorithms/LinearSystems/Underdetermined/BackwardError/Rowwise/UnderdeterminedSolve.lean,Algorithms,true,false,0,,,,Source-import reachability only; this does not establish an elaborated declaration dependency.
NumStability.Algorithms.LinearSystems.Underdetermined.Conditioning.Componentwise.Radius,NumStability/Algorithms/LinearSystems/Underdetermined/Conditioning/Componentwise/Radius.lean,Algorithms,true,false,0,,,,Source-import reachability only; this does not establish an elaborated declaration dependency.
NumStability.Algorithms.LinearSystems.Underdetermined.Conditioning.Componentwise.UnderdeterminedSolve,NumStability/Algorithms/LinearSystems/Underdetermined/Conditioning/Componentwise/UnderdeterminedSolve.lean,Algorithms,true,false,0,,,,Source-import reachability only; this does not establish an elaborated declaration dependency.
NumStability.Algorithms.LinearSystems.Underdetermined.MinimumNorm.Pseudoinverse.UnderdeterminedSpec,NumStability/Algorithms/LinearSystems/Underdetermined/MinimumNorm/Pseudoinverse/UnderdeterminedSpec.lean,Algorithms,true,false,0,,,,Source-import reachability only; this does not establish an elaborated declaration dependency.
NumStability.Algorithms.LinearSystems.Underdetermined.MinimumNorm.Solvers.Executor.Core,NumStability/Algorithms/LinearSystems/Underdetermined/MinimumNorm/Solvers/Executor/Core.lean,Algorithms,true,false,13,NumStability.Source.Higham.Chapter21.Theorem01.ComponentwisePerturbation.UnderdeterminedSpec;NumStability.Source.Higham.Chapter19.Core;NumStability.Source.Higham.Chapter20.Theorem03.QRSolve;NumStability.Source.Higham.Chapter21.Equation01.UnderdeterminedSolve;NumStability.Source.Higham.Chapter21.Equation02.UnderdeterminedSolve;NumStability.Source.Higham.Chapter21.Equation03.UnderdeterminedSolve;NumStability.Source.Higham.Chapter21.Equation05.UnderdeterminedSolve;NumStability.Source.Higham.Chapter21.Equation07.UnderdeterminedSolve;NumStability.Source.Higham.Chapter21.Equation10.UnderdeterminedSolve;NumStability.Source.Higham.Chapter21.Equation11.UnderdeterminedSolve;NumStability.Source.Higham.Chapter21.Lemma02.Symmetrization.UnderdeterminedSolve;NumStability.Source.Higham.Chapter21.Theorem03.NormwiseBackwardError.UnderdeterminedSolve;NumStability.Source.Higham.Chapter21.Theorem04.HouseholderQMethod.UnderdeterminedSolve,1,NumStability.Source.Higham.Chapter21.Theorem01.ComponentwisePerturbation.UnderdeterminedSpec,Source-import reachability only; this does not establish an elaborated declaration dependency.
NumStability.Algorithms.LinearSystems.Underdetermined.MinimumNorm.Solvers.UnderdeterminedSolve,NumStability/Algorithms/LinearSystems/Underdetermined/MinimumNorm/Solvers/UnderdeterminedSolve.lean,Algorithms,true,false,0,,,,Source-import reachability only; this does not establish an elaborated declaration dependency.
NumStability.Algorithms.LinearSystems.Underdetermined.MinimumNorm.Solvers.UnderdeterminedSpec,NumStability/Algorithms/LinearSystems/Underdetermined/MinimumNorm/Solvers/UnderdeterminedSpec.lean,Algorithms,true,false,0,,,,Source-import reachability only; this does not establish an elaborated declaration dependency.
NumStability.Algorithms.LinearSystems.Underdetermined.MinimumNorm.Specifications.UnderdeterminedSolve,NumStability/Algorithms/LinearSystems/Underdetermined/MinimumNorm/Specifications/UnderdeterminedSolve.lean,Algorithms,true,false,0,,,,Source-import reachability only; this does not establish an elaborated declaration dependency.
NumStability.Algorithms.LinearSystems.Underdetermined.MinimumNorm.Specifications.UnderdeterminedSpec,NumStability/Algorithms/LinearSystems/Underdetermined/MinimumNorm/Specifications/UnderdeterminedSpec.lean,Algorithms,true,false,0,,,,Source-import reachability only; this does not establish an elaborated declaration dependency.
NumStability.Algorithms.LinearSystems.Underdetermined.Perturbation.Bounds.Core,NumStability/Algorithms/LinearSystems/Underdetermined/Perturbation/Bounds/Core.lean,Algorithms,true,false,2,NumStability.Source.Higham.Chapter21.Theorem01.ComponentwisePerturbation.RankStability;NumStability.Source.Higham.Chapter21.Equation06.Perturbation,1,NumStability.Source.Higham.Chapter21.Theorem01.ComponentwisePerturbation.RankStability,Source-import reachability only; this does not establish an elaborated declaration dependency.
NumStability.Algorithms.LinearSystems.Underdetermined.Perturbation.Componentwise.Radius,NumStability/Algorithms/LinearSystems/Underdetermined/Perturbation/Componentwise/Radius.lean,Algorithms,true,false,0,,,,Source-import reachability only; this does not establish an elaborated declaration dependency.
NumStability.Algorithms.LinearSystems.Underdetermined.Perturbation.Componentwise.UnderdeterminedSolve,NumStability/Algorithms/LinearSystems/Underdetermined/Perturbation/Componentwise/UnderdeterminedSolve.lean,Algorithms,true,false,0,,,,Source-import reachability only; this does not establish an elaborated declaration dependency.
NumStability.Algorithms.LinearSystems.Underdetermined.Perturbation.FixedRadius.Radius,NumStability/Algorithms/LinearSystems/Underdetermined/Perturbation/FixedRadius/Radius.lean,Algorithms,true,false,0,,,,Source-import reachability only; this does not establish an elaborated declaration dependency.
NumStability.Algorithms.LinearSystems.Underdetermined.Perturbation.Radius.Core,NumStability/Algorithms/LinearSystems/Underdetermined/Perturbation/Radius/Core.lean,Algorithms,true,false,1,NumStability.Source.Higham.Chapter21.Theorem01.ComponentwisePerturbation.Radius,1,NumStability.Source.Higham.Chapter21.Theorem01.ComponentwisePerturbation.Radius,Source-import reachability only; this does not establish an elaborated declaration dependency.
NumStability.Algorithms.LinearSystems.Underdetermined.Projectors.ComplementNorm.ProjectorNorm,NumStability/Algorithms/LinearSystems/Underdetermined/Projectors/ComplementNorm/ProjectorNorm.lean,Algorithms,true,false,0,,,,Source-import reachability only; this does not establish an elaborated declaration dependency.
NumStability.Algorithms.LinearSystems.Underdetermined.QR.Foundations.UnderdeterminedSolve,NumStability/Algorithms/LinearSystems/Underdetermined/QR/Foundations/UnderdeterminedSolve.lean,Algorithms,true,false,0,,,,Source-import reachability only; this does not establish an elaborated declaration dependency.
NumStability.Algorithms.LinearSystems.Underdetermined.QR.Givens.BackwardError.Core,NumStability/Algorithms/LinearSystems/Underdetermined/QR/Givens/BackwardError/Core.lean,Algorithms,true,false,0,,,,Source-import reachability only; this does not establish an elaborated declaration dependency.
NumStability.Algorithms.LinearSystems.Underdetermined.QR.Givens.EndToEnd.Core,NumStability/Algorithms/LinearSystems/Underdetermined/QR/Givens/EndToEnd/Core.lean,Algorithms,true,false,2,NumStability.Source.Higham.Chapter21.Equation10.Closure;NumStability.Source.Higham.Chapter21.Theorem04.GivensQMethod.Closure,1,NumStability.Source.Higham.Chapter21.Equation10.Closure,Source-import reachability only; this does not establish an elaborated declaration dependency.
NumStability.Algorithms.LinearSystems.Underdetermined.QR.Givens.Rounded.Core,NumStability/Algorithms/LinearSystems/Underdetermined/QR/Givens/Rounded/Core.lean,Algorithms,true,false,2,NumStability.Source.Higham.Chapter21.Equation10.RoundedReplay;NumStability.Source.Higham.Chapter21.Theorem04.GivensQMethod.RoundedReplay,1,NumStability.Source.Higham.Chapter21.Equation10.RoundedReplay,Source-import reachability only; this does not establish an elaborated declaration dependency.
NumStability.Algorithms.LinearSystems.Underdetermined.QR.Givens.StoredReplay.Closure,NumStability/Algorithms/LinearSystems/Underdetermined/QR/Givens/StoredReplay/Closure.lean,Algorithms,false,true,0,,,,Source-import reachability only; this does not establish an elaborated declaration dependency.
NumStability.Algorithms.LinearSystems.Underdetermined.QR.Givens.StoredReplay.EndToEnd.Core,NumStability/Algorithms/LinearSystems/Underdetermined/QR/Givens/StoredReplay/EndToEnd/Core.lean,Algorithms,true,false,0,,,,Source-import reachability only; this does not establish an elaborated declaration dependency.
NumStability.Algorithms.LinearSystems.Underdetermined.QR.Givens.StoredReplay.RoundedReplay,NumStability/Algorithms/LinearSystems/Underdetermined/QR/Givens/StoredReplay/RoundedReplay.lean,Algorithms,true,false,0,,,,Source-import reachability only; this does not establish an elaborated declaration dependency.
NumStability.Algorithms.LinearSystems.Underdetermined.QR.ModifiedGramSchmidt.CorrectedRecurrence.Core,NumStability/Algorithms/LinearSystems/Underdetermined/QR/ModifiedGramSchmidt/CorrectedRecurrence/Core.lean,Algorithms,true,false,0,,,,Source-import reachability only; this does not establish an elaborated declaration dependency.
NumStability.Algorithms.LinearSystems.Underdetermined.QR.ModifiedGramSchmidt.Rounded.Core,NumStability/Algorithms/LinearSystems/Underdetermined/QR/ModifiedGramSchmidt/Rounded/Core.lean,Algorithms,true,false,5,NumStability.Source.Higham.Chapter21.Section03.MethodComparison.Core;NumStability.Source.Higham.Chapter21.Theorem04.ModifiedGramSchmidtQMethod.Core;NumStability.Source.Higham.Chapter21.Corrections.CorrectedMGS.RoundedReplay;NumStability.Source.Higham.Chapter21.Theorem04.ModifiedGramSchmidtQMethod.RoundedReplay;NumStability.Source.Higham.Chapter21.Theorem04.RowwiseBackwardError,1,NumStability.Source.Higham.Chapter21.Section03.MethodComparison.Core,Source-import reachability only; this does not establish an elaborated declaration dependency.
NumStability.Algorithms.LinearSystems.Underdetermined.QR.ModifiedGramSchmidt.RoundedReplay.RoundedReplay,NumStability/Algorithms/LinearSystems/Underdetermined/QR/ModifiedGramSchmidt/RoundedReplay/RoundedReplay.lean,Algorithms,true,false,0,,,,Source-import reachability only; this does not establish an elaborated declaration dependency.
NumStability.Algorithms.LinearSystems.Underdetermined.RankStability.FullRowRank.UnderdeterminedSolve,NumStability/Algorithms/LinearSystems/Underdetermined/RankStability/FullRowRank/UnderdeterminedSolve.lean,Algorithms,true,false,0,,,,Source-import reachability only; this does not establish an elaborated declaration dependency.
NumStability.Algorithms.LinearSystems.Underdetermined.SeminormalEquations.ConditionTransfer.Core,NumStability/Algorithms/LinearSystems/Underdetermined/SeminormalEquations/ConditionTransfer/Core.lean,Algorithms,true,false,1,NumStability.Source.Higham.Chapter21.Equation07.ConditionTransfer,1,NumStability.Source.Higham.Chapter21.Equation07.ConditionTransfer,Source-import reachability only; this does not establish an elaborated declaration dependency.
NumStability.Algorithms.LinearSystems.Underdetermined.SeminormalEquations.EndToEnd.Core,NumStability/Algorithms/LinearSystems/Underdetermined/SeminormalEquations/EndToEnd/Core.lean,Algorithms,true,false,6,NumStability.Source.Higham.Chapter21.Equation11.ActualOutput;NumStability.Source.Higham.Chapter21.Equation11.Forward;NumStability.Source.Higham.Chapter21.Theorem04.SeminormalEquations.EnvelopeTransfer;NumStability.Source.Higham.Chapter21.Equation11.RemainderBounds;NumStability.Source.Higham.Chapter21.Equation11.Closure;NumStability.Source.Higham.Chapter21.Theorem04.SeminormalEquations.Closure,1,NumStability.Source.Higham.Chapter21.Equation11.ActualOutput,Source-import reachability only; this does not establish an elaborated declaration dependency.
NumStability.Algorithms.LinearSystems.Underdetermined.SeminormalEquations.ForwardError.ActualOutput,NumStability/Algorithms/LinearSystems/Underdetermined/SeminormalEquations/ForwardError/ActualOutput.lean,Algorithms,false,true,0,,,,Source-import reachability only; this does not establish an elaborated declaration dependency.
NumStability.Algorithms.LinearSystems.Underdetermined.SeminormalEquations.ForwardError.ComputedOutput.Core,NumStability/Algorithms/LinearSystems/Underdetermined/SeminormalEquations/ForwardError/ComputedOutput/Core.lean,Algorithms,true,false,0,,,,Source-import reachability only; this does not establish an elaborated declaration dependency.
NumStability.Algorithms.LinearSystems.Underdetermined.SeminormalEquations.ForwardError.Forward,NumStability/Algorithms/LinearSystems/Underdetermined/SeminormalEquations/ForwardError/Forward.lean,Algorithms,true,false,0,,,,Source-import reachability only; this does not establish an elaborated declaration dependency.
NumStability.Algorithms.LinearSystems.Underdetermined.SeminormalEquations.ForwardError.RemainderBounds,NumStability/Algorithms/LinearSystems/Underdetermined/SeminormalEquations/ForwardError/RemainderBounds.lean,Algorithms,true,false,0,,,,Source-import reachability only; this does not establish an elaborated declaration dependency.
NumStability.Algorithms.LinearSystems.Underdetermined.SeminormalEquations.ForwardError.UnderdeterminedSolve,NumStability/Algorithms/LinearSystems/Underdetermined/SeminormalEquations/ForwardError/UnderdeterminedSolve.lean,Algorithms,true,false,0,,,,Source-import reachability only; this does not establish an elaborated declaration dependency.
NumStability.Algorithms.LinearSystems.Underdetermined.SeminormalEquations.Householder.EndToEnd,NumStability/Algorithms/LinearSystems/Underdetermined/SeminormalEquations/Householder/EndToEnd.lean,Algorithms,true,false,0,,,,Source-import reachability only; this does not establish an elaborated declaration dependency.
NumStability.Algorithms.LinearSystems.Underdetermined.SeminormalEquations.Householder.Uniform,NumStability/Algorithms/LinearSystems/Underdetermined/SeminormalEquations/Householder/Uniform.lean,Algorithms,true,false,0,,,,Source-import reachability only; this does not establish an elaborated declaration dependency.
NumStability.Algorithms.LinearSystems.Underdetermined.SeminormalEquations.HouseholderClosure.Closure,NumStability/Algorithms/LinearSystems/Underdetermined/SeminormalEquations/HouseholderClosure/Closure.lean,Algorithms,false,true,0,,,,Source-import reachability only; this does not establish an elaborated declaration dependency.
NumStability.Algorithms.LinearSystems.Underdetermined.SeminormalEquations.HouseholderClosure.Uniform,NumStability/Algorithms/LinearSystems/Underdetermined/SeminormalEquations/HouseholderClosure/Uniform.lean,Algorithms,false,true,0,,,,Source-import reachability only; this does not establish an elaborated declaration dependency.
NumStability.Algorithms.LinearSystems.Underdetermined.SeminormalEquations.QRTransfer.EnvelopeTransfer,NumStability/Algorithms/LinearSystems/Underdetermined/SeminormalEquations/QRTransfer/EnvelopeTransfer.lean,Algorithms,true,false,0,,,,Source-import reachability only; this does not establish an elaborated declaration dependency.
NumStability.Algorithms.LinearSystems.Underdetermined.SeminormalEquations.QRTransfer.QRMajorant,NumStability/Algorithms/LinearSystems/Underdetermined/SeminormalEquations/QRTransfer/QRMajorant.lean,Algorithms,true,false,0,,,,Source-import reachability only; this does not establish an elaborated declaration dependency.
NumStability.Algorithms.LinearSystems.Underdetermined.SeminormalEquations.QRTransfer.Signed,NumStability/Algorithms/LinearSystems/Underdetermined/SeminormalEquations/QRTransfer/Signed.lean,Algorithms,true,false,0,,,,Source-import reachability only; this does not establish an elaborated declaration dependency.
NumStability.Algorithms.LinearSystems.Underdetermined.SeminormalEquations.TriangularSolves.EnvelopeTransfer,NumStability/Algorithms/LinearSystems/Underdetermined/SeminormalEquations/TriangularSolves/EnvelopeTransfer.lean,Algorithms,true,false,0,,,,Source-import reachability only; this does not establish an elaborated declaration dependency.
NumStability.Algorithms.LinearSystems.Underdetermined.SeminormalEquations.TriangularSolves.UnderdeterminedSolve,NumStability/Algorithms/LinearSystems/Underdetermined/SeminormalEquations/TriangularSolves/UnderdeterminedSolve.lean,Algorithms,true,false,0,,,,Source-import reachability only; this does not establish an elaborated declaration dependency.
NumStability.Algorithms.LinearSystems.Underdetermined.SeminormalEquations.Uniform.Core,NumStability/Algorithms/LinearSystems/Underdetermined/SeminormalEquations/Uniform/Core.lean,Algorithms,true,false,3,NumStability.Source.Higham.Chapter21.Equation11.UniformEnvelope.Core;NumStability.Source.Higham.Chapter21.Equation11.Uniform;NumStability.Source.Higham.Chapter21.Theorem04.SeminormalEquations.Uniform,1,NumStability.Source.Higham.Chapter21.Equation11.UniformEnvelope.Core,Source-import reachability only; this does not establish an elaborated declaration dependency.
NumStability.Algorithms.LogExpProduct,NumStability/Algorithms/LogExpProduct.lean,Algorithms,true,false,0,,,,Source-import reachability only; this does not establish an elaborated declaration dependency.
NumStability.Algorithms.MMatrix,NumStability/Algorithms/MMatrix.lean,Algorithms,true,false,0,,,,Source-import reachability only; this does not establish an elaborated declaration dependency.
NumStability.Algorithms.MatMul,NumStability/Algorithms/MatMul.lean,Algorithms,true,false,0,,,,Source-import reachability only; this does not establish an elaborated declaration dependency.
NumStability.Algorithms.MatMulBackwardError,NumStability/Algorithms/MatMulBackwardError.lean,Algorithms,true,false,0,,,,Source-import reachability only; this does not establish an elaborated declaration dependency.
NumStability.Algorithms.MatSeqProduct,NumStability/Algorithms/MatSeqProduct.lean,Algorithms,true,false,0,,,,Source-import reachability only; this does not establish an elaborated declaration dependency.
NumStability.Algorithms.MatVec,NumStability/Algorithms/MatVec.lean,Algorithms,true,false,0,,,,Source-import reachability only; this does not establish an elaborated declaration dependency.
NumStability.Algorithms.MatrixEquations,NumStability/Algorithms/MatrixEquations.lean,Algorithms,false,false,0,,,,Source-import reachability only; this does not establish an elaborated declaration dependency.
NumStability.Algorithms.MatrixEquations.Sylvester,NumStability/Algorithms/MatrixEquations/Sylvester.lean,Algorithms,false,false,0,,,,Source-import reachability only; this does not establish an elaborated declaration dependency.
NumStability.Algorithms.MatrixEquations.Sylvester.BackwardError,NumStability/Algorithms/MatrixEquations/Sylvester/BackwardError.lean,Algorithms,false,false,0,,,,Source-import reachability only; this does not establish an elaborated declaration dependency.
NumStability.Algorithms.MatrixEquations.Sylvester.BackwardError.All,NumStability/Algorithms/MatrixEquations/Sylvester/BackwardError/All.lean,Algorithms,false,false,0,,,,Source-import reachability only; this does not establish an elaborated declaration dependency.
NumStability.Algorithms.MatrixEquations.Sylvester.BackwardError.LyapunovSpectral,NumStability/Algorithms/MatrixEquations/Sylvester/BackwardError/LyapunovSpectral.lean,Algorithms,true,false,0,,,,Source-import reachability only; this does not establish an elaborated declaration dependency.
NumStability.Algorithms.MatrixEquations.Sylvester.BackwardError.Specification,NumStability/Algorithms/MatrixEquations/Sylvester/BackwardError/Specification.lean,Algorithms,true,false,0,,,,Source-import reachability only; this does not establish an elaborated declaration dependency.
NumStability.Algorithms.MatrixEquations.Sylvester.BackwardError.SylvesterSVD,NumStability/Algorithms/MatrixEquations/Sylvester/BackwardError/SylvesterSVD.lean,Algorithms,true,false,0,,,,Source-import reachability only; this does not establish an elaborated declaration dependency.
NumStability.Algorithms.MatrixEquations.Sylvester.Conditioning,NumStability/Algorithms/MatrixEquations/Sylvester/Conditioning.lean,Algorithms,false,false,0,,,,Source-import reachability only; this does not establish an elaborated declaration dependency.
NumStability.Algorithms.MatrixEquations.Sylvester.Conditioning.All,NumStability/Algorithms/MatrixEquations/Sylvester/Conditioning/All.lean,Algorithms,false,false,0,,,,Source-import reachability only; this does not establish an elaborated declaration dependency.
NumStability.Algorithms.MatrixEquations.Sylvester.Conditioning.AttainedMinima,NumStability/Algorithms/MatrixEquations/Sylvester/Conditioning/AttainedMinima.lean,Algorithms,false,false,0,,,,Source-import reachability only; this does not establish an elaborated declaration dependency.
NumStability.Algorithms.MatrixEquations.Sylvester.Conditioning.AttainedMinima.All,NumStability/Algorithms/MatrixEquations/Sylvester/Conditioning/AttainedMinima/All.lean,Algorithms,false,false,0,,,,Source-import reachability only; this does not establish an elaborated declaration dependency.
NumStability.Algorithms.MatrixEquations.Sylvester.Conditioning.AttainedMinima.BackwardError,NumStability/Algorithms/MatrixEquations/Sylvester/Conditioning/AttainedMinima/BackwardError.lean,Algorithms,true,false,0,,,,Source-import reachability only; this does not establish an elaborated declaration dependency.
NumStability.Algorithms.MatrixEquations.Sylvester.Conditioning.AttainedMinima.Separation,NumStability/Algorithms/MatrixEquations/Sylvester/Conditioning/AttainedMinima/Separation.lean,Algorithms,true,false,0,,,,Source-import reachability only; this does not establish an elaborated declaration dependency.
NumStability.Algorithms.MatrixEquations.Sylvester.Conditioning.AutomaticBounds,NumStability/Algorithms/MatrixEquations/Sylvester/Conditioning/AutomaticBounds.lean,Algorithms,false,false,0,,,,Source-import reachability only; this does not establish an elaborated declaration dependency.
NumStability.Algorithms.MatrixEquations.Sylvester.Conditioning.AutomaticBounds.All,NumStability/Algorithms/MatrixEquations/Sylvester/Conditioning/AutomaticBounds/All.lean,Algorithms,false,false,0,,,,Source-import reachability only; this does not establish an elaborated declaration dependency.
NumStability.Algorithms.MatrixEquations.Sylvester.Conditioning.AutomaticBounds.GramPositivity,NumStability/Algorithms/MatrixEquations/Sylvester/Conditioning/AutomaticBounds/GramPositivity.lean,Algorithms,true,false,0,,,,Source-import reachability only; this does not establish an elaborated declaration dependency.
NumStability.Algorithms.MatrixEquations.Sylvester.Conditioning.FirstOrder,NumStability/Algorithms/MatrixEquations/Sylvester/Conditioning/FirstOrder.lean,Algorithms,true,false,0,,,,Source-import reachability only; this does not establish an elaborated declaration dependency.
NumStability.Algorithms.MatrixEquations.Sylvester.Conditioning.PracticalErrorBounds,NumStability/Algorithms/MatrixEquations/Sylvester/Conditioning/PracticalErrorBounds.lean,Algorithms,true,false,0,,,,Source-import reachability only; this does not establish an elaborated declaration dependency.
NumStability.Algorithms.MatrixEquations.Sylvester.Conditioning.PracticalEstimator,NumStability/Algorithms/MatrixEquations/Sylvester/Conditioning/PracticalEstimator.lean,Algorithms,false,false,0,,,,Source-import reachability only; this does not establish an elaborated declaration dependency.
NumStability.Algorithms.MatrixEquations.Sylvester.Conditioning.PracticalEstimator.All,NumStability/Algorithms/MatrixEquations/Sylvester/Conditioning/PracticalEstimator/All.lean,Algorithms,false,false,0,,,,Source-import reachability only; this does not establish an elaborated declaration dependency.
NumStability.Algorithms.MatrixEquations.Sylvester.Conditioning.PracticalEstimator.OneNorm,NumStability/Algorithms/MatrixEquations/Sylvester/Conditioning/PracticalEstimator/OneNorm.lean,Algorithms,true,false,0,,,,Source-import reachability only; this does not establish an elaborated declaration dependency.
NumStability.Algorithms.MatrixEquations.Sylvester.Conditioning.Separation,NumStability/Algorithms/MatrixEquations/Sylvester/Conditioning/Separation.lean,Algorithms,true,false,0,,,,Source-import reachability only; this does not establish an elaborated declaration dependency.
NumStability.Algorithms.MatrixEquations.Sylvester.Conditioning.SigmaMinBounds,NumStability/Algorithms/MatrixEquations/Sylvester/Conditioning/SigmaMinBounds.lean,Algorithms,false,false,0,,,,Source-import reachability only; this does not establish an elaborated declaration dependency.
NumStability.Algorithms.MatrixEquations.Sylvester.Conditioning.SigmaMinBounds.All,NumStability/Algorithms/MatrixEquations/Sylvester/Conditioning/SigmaMinBounds/All.lean,Algorithms,false,false,0,,,,Source-import reachability only; this does not establish an elaborated declaration dependency.
NumStability.Algorithms.MatrixEquations.Sylvester.Conditioning.SigmaMinBounds.Lyapunov,NumStability/Algorithms/MatrixEquations/Sylvester/Conditioning/SigmaMinBounds/Lyapunov.lean,Algorithms,true,false,0,,,,Source-import reachability only; this does not establish an elaborated declaration dependency.
NumStability.Algorithms.MatrixEquations.Sylvester.Conditioning.SigmaMinBounds.StructuredSylvester,NumStability/Algorithms/MatrixEquations/Sylvester/Conditioning/SigmaMinBounds/StructuredSylvester.lean,Algorithms,true,false,0,,,,Source-import reachability only; this does not establish an elaborated declaration dependency.
NumStability.Algorithms.MatrixEquations.Sylvester.Conditioning.SigmaMinBounds.SylvesterPerturbation,NumStability/Algorithms/MatrixEquations/Sylvester/Conditioning/SigmaMinBounds/SylvesterPerturbation.lean,Algorithms,true,false,0,,,,Source-import reachability only; this does not establish an elaborated declaration dependency.
NumStability.Algorithms.MatrixEquations.Sylvester.Conditioning.SigmaMinBounds.Vectorized,NumStability/Algorithms/MatrixEquations/Sylvester/Conditioning/SigmaMinBounds/Vectorized.lean,Algorithms,true,false,0,,,,Source-import reachability only; this does not establish an elaborated declaration dependency.
NumStability.Algorithms.MatrixEquations.Sylvester.Conditioning.SingularValue,NumStability/Algorithms/MatrixEquations/Sylvester/Conditioning/SingularValue.lean,Algorithms,true,false,0,,,,Source-import reachability only; this does not establish an elaborated declaration dependency.
NumStability.Algorithms.MatrixEquations.Sylvester.Conditioning.StructuredLyapunov,NumStability/Algorithms/MatrixEquations/Sylvester/Conditioning/StructuredLyapunov.lean,Algorithms,true,false,0,,,,Source-import reachability only; this does not establish an elaborated declaration dependency.
NumStability.Algorithms.MatrixEquations.Sylvester.Conditioning.StructuredSylvester,NumStability/Algorithms/MatrixEquations/Sylvester/Conditioning/StructuredSylvester.lean,Algorithms,true,false,0,,,,Source-import reachability only; this does not establish an elaborated declaration dependency.
NumStability.Algorithms.MatrixEquations.Sylvester.Equation,NumStability/Algorithms/MatrixEquations/Sylvester/Equation.lean,Algorithms,false,false,0,,,,Source-import reachability only; this does not establish an elaborated declaration dependency.
NumStability.Algorithms.MatrixEquations.Sylvester.Equation.All,NumStability/Algorithms/MatrixEquations/Sylvester/Equation/All.lean,Algorithms,false,false,0,,,,Source-import reachability only; this does not establish an elaborated declaration dependency.
NumStability.Algorithms.MatrixEquations.Sylvester.Equation.Basic,NumStability/Algorithms/MatrixEquations/Sylvester/Equation/Basic.lean,Algorithms,true,false,0,,,,Source-import reachability only; this does not establish an elaborated declaration dependency.
NumStability.Algorithms.MatrixEquations.Sylvester.Equation.Diagonal,NumStability/Algorithms/MatrixEquations/Sylvester/Equation/Diagonal.lean,Algorithms,true,false,0,,,,Source-import reachability only; this does not establish an elaborated declaration dependency.
NumStability.Algorithms.MatrixEquations.Sylvester.Equation.Lyapunov,NumStability/Algorithms/MatrixEquations/Sylvester/Equation/Lyapunov.lean,Algorithms,true,false,0,,,,Source-import reachability only; this does not establish an elaborated declaration dependency.
NumStability.Algorithms.MatrixEquations.Sylvester.Equation.Rectangular,NumStability/Algorithms/MatrixEquations/Sylvester/Equation/Rectangular.lean,Algorithms,true,false,0,,,,Source-import reachability only; this does not establish an elaborated declaration dependency.
NumStability.Algorithms.MatrixEquations.Sylvester.Equation.SchurCoordinates,NumStability/Algorithms/MatrixEquations/Sylvester/Equation/SchurCoordinates.lean,Algorithms,true,false,0,,,,Source-import reachability only; this does not establish an elaborated declaration dependency.
NumStability.Algorithms.MatrixEquations.Sylvester.Equation.Vectorization,NumStability/Algorithms/MatrixEquations/Sylvester/Equation/Vectorization.lean,Algorithms,true,false,0,,,,Source-import reachability only; this does not establish an elaborated declaration dependency.
NumStability.Algorithms.MatrixEquations.Sylvester.Equation.VectorizationIdentities,NumStability/Algorithms/MatrixEquations/Sylvester/Equation/VectorizationIdentities.lean,Algorithms,false,false,0,,,,Source-import reachability only; this does not establish an elaborated declaration dependency.
NumStability.Algorithms.MatrixEquations.Sylvester.Equation.VectorizationIdentities.All,NumStability/Algorithms/MatrixEquations/Sylvester/Equation/VectorizationIdentities/All.lean,Algorithms,false,false,0,,,,Source-import reachability only; this does not establish an elaborated declaration dependency.
NumStability.Algorithms.MatrixEquations.Sylvester.Equation.VectorizationIdentities.KroneckerPermutation,NumStability/Algorithms/MatrixEquations/Sylvester/Equation/VectorizationIdentities/KroneckerPermutation.lean,Algorithms,true,false,0,,,,Source-import reachability only; this does not establish an elaborated declaration dependency.
NumStability.Algorithms.MatrixEquations.Sylvester.GeneralizedEquations,NumStability/Algorithms/MatrixEquations/Sylvester/GeneralizedEquations.lean,Algorithms,false,false,0,,,,Source-import reachability only; this does not establish an elaborated declaration dependency.
NumStability.Algorithms.MatrixEquations.Sylvester.GeneralizedEquations.All,NumStability/Algorithms/MatrixEquations/Sylvester/GeneralizedEquations/All.lean,Algorithms,false,false,0,,,,Source-import reachability only; this does not establish an elaborated declaration dependency.
NumStability.Algorithms.MatrixEquations.Sylvester.GeneralizedEquations.Basic,NumStability/Algorithms/MatrixEquations/Sylvester/GeneralizedEquations/Basic.lean,Algorithms,true,false,0,,,,Source-import reachability only; this does not establish an elaborated declaration dependency.
NumStability.Algorithms.MatrixEquations.Sylvester.Perturbation,NumStability/Algorithms/MatrixEquations/Sylvester/Perturbation.lean,Algorithms,false,false,0,,,,Source-import reachability only; this does not establish an elaborated declaration dependency.
NumStability.Algorithms.MatrixEquations.Sylvester.Perturbation.All,NumStability/Algorithms/MatrixEquations/Sylvester/Perturbation/All.lean,Algorithms,false,false,0,,,,Source-import reachability only; this does not establish an elaborated declaration dependency.
NumStability.Algorithms.MatrixEquations.Sylvester.Perturbation.Basic,NumStability/Algorithms/MatrixEquations/Sylvester/Perturbation/Basic.lean,Algorithms,true,false,0,,,,Source-import reachability only; this does not establish an elaborated declaration dependency.
NumStability.Algorithms.MatrixEquations.Sylvester.Perturbation.SeparationBounds,NumStability/Algorithms/MatrixEquations/Sylvester/Perturbation/SeparationBounds.lean,Algorithms,true,false,0,,,,Source-import reachability only; this does not establish an elaborated declaration dependency.
NumStability.Algorithms.MatrixEquations.Sylvester.Perturbation.Vectorization,NumStability/Algorithms/MatrixEquations/Sylvester/Perturbation/Vectorization.lean,Algorithms,true,false,0,,,,Source-import reachability only; this does not establish an elaborated declaration dependency.
NumStability.Algorithms.MatrixEquations.Sylvester.Solvers,NumStability/Algorithms/MatrixEquations/Sylvester/Solvers.lean,Algorithms,false,false,0,,,,Source-import reachability only; this does not establish an elaborated declaration dependency.
NumStability.Algorithms.MatrixEquations.Sylvester.Solvers.ComplexSchur,NumStability/Algorithms/MatrixEquations/Sylvester/Solvers/ComplexSchur.lean,Algorithms,false,false,0,,,,Source-import reachability only; this does not establish an elaborated declaration dependency.
NumStability.Algorithms.MatrixEquations.Sylvester.Solvers.ComplexSchur.All,NumStability/Algorithms/MatrixEquations/Sylvester/Solvers/ComplexSchur/All.lean,Algorithms,false,false,0,,,,Source-import reachability only; this does not establish an elaborated declaration dependency.
NumStability.Algorithms.MatrixEquations.Sylvester.Solvers.ComplexSchur.Existence,NumStability/Algorithms/MatrixEquations/Sylvester/Solvers/ComplexSchur/Existence.lean,Algorithms,true,false,0,,,,Source-import reachability only; this does not establish an elaborated declaration dependency.
NumStability.Algorithms.MatrixEquations.Sylvester.Solvers.ComplexSchur.SpectralSolvability,NumStability/Algorithms/MatrixEquations/Sylvester/Solvers/ComplexSchur/SpectralSolvability.lean,Algorithms,true,false,0,,,,Source-import reachability only; this does not establish an elaborated declaration dependency.
NumStability.Algorithms.MatrixEquations.Sylvester.Solvers.ComplexSchur.VectorizedSolvability,NumStability/Algorithms/MatrixEquations/Sylvester/Solvers/ComplexSchur/VectorizedSolvability.lean,Algorithms,true,false,0,,,,Source-import reachability only; this does not establish an elaborated declaration dependency.
NumStability.Algorithms.MatrixEquations.Sylvester.Solvers.HessenbergSchur,NumStability/Algorithms/MatrixEquations/Sylvester/Solvers/HessenbergSchur.lean,Algorithms,false,false,0,,,,Source-import reachability only; this does not establish an elaborated declaration dependency.
NumStability.Algorithms.MatrixEquations.Sylvester.Solvers.HessenbergSchur.All,NumStability/Algorithms/MatrixEquations/Sylvester/Solvers/HessenbergSchur/All.lean,Algorithms,false,false,0,,,,Source-import reachability only; this does not establish an elaborated declaration dependency.
NumStability.Algorithms.MatrixEquations.Sylvester.Solvers.PivotedSmallBlocks,NumStability/Algorithms/MatrixEquations/Sylvester/Solvers/PivotedSmallBlocks.lean,Algorithms,false,false,0,,,,Source-import reachability only; this does not establish an elaborated declaration dependency.
NumStability.Algorithms.MatrixEquations.Sylvester.Solvers.PivotedSmallBlocks.All,NumStability/Algorithms/MatrixEquations/Sylvester/Solvers/PivotedSmallBlocks/All.lean,Algorithms,false,false,0,,,,Source-import reachability only; this does not establish an elaborated declaration dependency.
NumStability.Algorithms.MatrixEquations.Sylvester.Solvers.PivotedSmallBlocks.CompletePivot,NumStability/Algorithms/MatrixEquations/Sylvester/Solvers/PivotedSmallBlocks/CompletePivot.lean,Algorithms,true,false,0,,,,Source-import reachability only; this does not establish an elaborated declaration dependency.
NumStability.Algorithms.MatrixEquations.Sylvester.Solvers.QuasiTriangularBartelsStewart,NumStability/Algorithms/MatrixEquations/Sylvester/Solvers/QuasiTriangularBartelsStewart.lean,Algorithms,false,false,0,,,,Source-import reachability only; this does not establish an elaborated declaration dependency.
NumStability.Algorithms.MatrixEquations.Sylvester.Solvers.QuasiTriangularBartelsStewart.All,NumStability/Algorithms/MatrixEquations/Sylvester/Solvers/QuasiTriangularBartelsStewart/All.lean,Algorithms,false,false,0,,,,Source-import reachability only; this does not establish an elaborated declaration dependency.
NumStability.Algorithms.MatrixEquations.Sylvester.Solvers.QuasiTriangularBartelsStewart.BlockTraversal,NumStability/Algorithms/MatrixEquations/Sylvester/Solvers/QuasiTriangularBartelsStewart/BlockTraversal.lean,Algorithms,true,false,0,,,,Source-import reachability only; this does not establish an elaborated declaration dependency.
NumStability.Algorithms.MatrixEquations.Sylvester.Solvers.QuasiTriangularBartelsStewart.Executor,NumStability/Algorithms/MatrixEquations/Sylvester/Solvers/QuasiTriangularBartelsStewart/Executor.lean,Algorithms,true,false,0,,,,Source-import reachability only; this does not establish an elaborated declaration dependency.
NumStability.Algorithms.MatrixEquations.Sylvester.Solvers.QuasiTriangularBartelsStewart.QuasiQuasiSolve,NumStability/Algorithms/MatrixEquations/Sylvester/Solvers/QuasiTriangularBartelsStewart/QuasiQuasiSolve.lean,Algorithms,true,false,0,,,,Source-import reachability only; this does not establish an elaborated declaration dependency.
NumStability.Algorithms.MatrixEquations.Sylvester.Solvers.QuasiTriangularBartelsStewart.QuasiTriangularSolve,NumStability/Algorithms/MatrixEquations/Sylvester/Solvers/QuasiTriangularBartelsStewart/QuasiTriangularSolve.lean,Algorithms,true,false,0,,,,Source-import reachability only; this does not establish an elaborated declaration dependency.
NumStability.Algorithms.MatrixEquations.Sylvester.Solvers.QuasiTriangularBartelsStewart.QuasiTriangularSylvester,NumStability/Algorithms/MatrixEquations/Sylvester/Solvers/QuasiTriangularBartelsStewart/QuasiTriangularSylvester.lean,Algorithms,true,false,0,,,,Source-import reachability only; this does not establish an elaborated declaration dependency.
NumStability.Algorithms.MatrixEquations.Sylvester.Solvers.QuasiTriangularBartelsStewart.SmallSystemRounding,NumStability/Algorithms/MatrixEquations/Sylvester/Solvers/QuasiTriangularBartelsStewart/SmallSystemRounding.lean,Algorithms,true,false,0,,,,Source-import reachability only; this does not establish an elaborated declaration dependency.
NumStability.Algorithms.MatrixEquations.Sylvester.Solvers.TriangularBartelsStewart,NumStability/Algorithms/MatrixEquations/Sylvester/Solvers/TriangularBartelsStewart.lean,Algorithms,false,false,0,,,,Source-import reachability only; this does not establish an elaborated declaration dependency.
NumStability.Algorithms.MatrixEquations.Sylvester.Solvers.TriangularBartelsStewart.All,NumStability/Algorithms/MatrixEquations/Sylvester/Solvers/TriangularBartelsStewart/All.lean,Algorithms,false,false,0,,,,Source-import reachability only; this does not establish an elaborated declaration dependency.
NumStability.Algorithms.MatrixEquations.Sylvester.Solvers.TriangularBartelsStewart.EndToEnd,NumStability/Algorithms/MatrixEquations/Sylvester/Solvers/TriangularBartelsStewart/EndToEnd.lean,Algorithms,true,false,0,,,,Source-import reachability only; this does not establish an elaborated declaration dependency.
NumStability.Algorithms.MatrixEquations.Sylvester.Solvers.TriangularBartelsStewart.ResidualAssembly,NumStability/Algorithms/MatrixEquations/Sylvester/Solvers/TriangularBartelsStewart/ResidualAssembly.lean,Algorithms,true,false,0,,,,Source-import reachability only; this does not establish an elaborated declaration dependency.
NumStability.Algorithms.MatrixEquations.Sylvester.Solvers.TriangularBartelsStewart.RoundedSolve,NumStability/Algorithms/MatrixEquations/Sylvester/Solvers/TriangularBartelsStewart/RoundedSolve.lean,Algorithms,true,false,0,,,,Source-import reachability only; this does not establish an elaborated declaration dependency.
NumStability.Algorithms.MatrixInversion,NumStability/Algorithms/MatrixInversion.lean,Algorithms,false,true,18,NumStability.Source.Higham.Chapter14.Equation34.DeterminantFromLU.MatrixInversion;NumStability.Source.Higham.Chapter14.Equation35.HymanBlockFactorization.MatrixInversion;NumStability.Source.Higham.Chapter14.Equation36.HymanDeterminant.MatrixInversion;NumStability.Source.Higham.Chapter14.Problem03.ResidualComparison.MatrixInversion;NumStability.Source.Higham.Chapter14.Problem04.ResidualCounterexample.MatrixInversion;NumStability.Source.Higham.Chapter14.Problem05.InverseBasedSolve.MatrixInversion;NumStability.Source.Higham.Chapter14.Problem07.OnesVector.MatrixInversion;NumStability.Source.Higham.Chapter14.Problem08.ComplexInverseRealBlock.MatrixInversion;NumStability.Source.Higham.Chapter14.Problem10.EntryPerturbation.MatrixInversion;NumStability.Source.Higham.Chapter14.Problem11.HadamardCondition.MatrixInversion;NumStability.Source.Higham.Chapter14.Problem12.ConditionNumberExamples.StressAndPeiMatrices;NumStability.Source.Higham.Chapter14.Problem12.HadamardExamples.MatrixInversion;NumStability.Source.Higham.Chapter14.Problem13.GEJBound.MatrixInversion;NumStability.Source.Higham.Chapter14.Problem14.HymanDeterminant.MatrixInversion;NumStability.Source.Higham.Chapter14.Problem15.DeterminantPerturbation.MatrixInversion;NumStability.Source.Higham.Chapter14.Section01.InverseErrorAnalysis.MatrixInversion;NumStability.Source.Higham.Chapter14.Section02.TriangularInversion.Method2B.MatrixInversion;NumStability.Source.Higham.Chapter14.Section03.LUFactorInversion.MethodD.MatrixInversion,1,NumStability.Source.Higham.Chapter14.Equation34.DeterminantFromLU.MatrixInversion,Source-import reachability only; this does not establish an elaborated declaration dependency.
NumStability.Algorithms.MatrixInversion.LUFactors,NumStability/Algorithms/MatrixInversion/LUFactors.lean,Algorithms,false,false,0,,,,Source-import reachability only; this does not establish an elaborated declaration dependency.
NumStability.Algorithms.MatrixInversion.LUFactors.ErrorAnalysis,NumStability/Algorithms/MatrixInversion/LUFactors/ErrorAnalysis.lean,Algorithms,false,false,0,,,,Source-import reachability only; this does not establish an elaborated declaration dependency.
NumStability.Algorithms.MatrixInversion.LUFactors.ErrorAnalysis.MatrixInversion,NumStability/Algorithms/MatrixInversion/LUFactors/ErrorAnalysis/MatrixInversion.lean,Algorithms,true,false,0,,,,Source-import reachability only; this does not establish an elaborated declaration dependency.
NumStability.Algorithms.MatrixInversion.LUFactors.Methods,NumStability/Algorithms/MatrixInversion/LUFactors/Methods.lean,Algorithms,false,false,0,,,,Source-import reachability only; this does not establish an elaborated declaration dependency.
NumStability.Algorithms.MatrixInversion.LUFactors.Methods.MatrixInversion,NumStability/Algorithms/MatrixInversion/LUFactors/Methods/MatrixInversion.lean,Algorithms,true,false,0,,,,Source-import reachability only; this does not establish an elaborated declaration dependency.
NumStability.Algorithms.MatrixInversion.Residuals,NumStability/Algorithms/MatrixInversion/Residuals.lean,Algorithms,false,false,0,,,,Source-import reachability only; this does not establish an elaborated declaration dependency.
NumStability.Algorithms.MatrixInversion.Residuals.MatrixInversion,NumStability/Algorithms/MatrixInversion/Residuals/MatrixInversion.lean,Algorithms,true,false,0,,,,Source-import reachability only; this does not establish an elaborated declaration dependency.
NumStability.Algorithms.MatrixInversion.Triangular,NumStability/Algorithms/MatrixInversion/Triangular.lean,Algorithms,false,false,0,,,,Source-import reachability only; this does not establish an elaborated declaration dependency.
NumStability.Algorithms.MatrixInversion.Triangular.ErrorAnalysis,NumStability/Algorithms/MatrixInversion/Triangular/ErrorAnalysis.lean,Algorithms,false,false,0,,,,Source-import reachability only; this does not establish an elaborated declaration dependency.
NumStability.Algorithms.MatrixInversion.Triangular.ErrorAnalysis.MatrixInversion,NumStability/Algorithms/MatrixInversion/Triangular/ErrorAnalysis/MatrixInversion.lean,Algorithms,true,false,0,,,,Source-import reachability only; this does not establish an elaborated declaration dependency.
NumStability.Algorithms.MatrixInversion.Triangular.Specifications,NumStability/Algorithms/MatrixInversion/Triangular/Specifications.lean,Algorithms,false,false,0,,,,Source-import reachability only; this does not establish an elaborated declaration dependency.
NumStability.Algorithms.MatrixInversion.Triangular.Specifications.MatrixInversion,NumStability/Algorithms/MatrixInversion/Triangular/Specifications/MatrixInversion.lean,Algorithms,true,false,0,,,,Source-import reachability only; this does not establish an elaborated declaration dependency.
NumStability.Algorithms.MatrixInversionMethod2BInstance,NumStability/Algorithms/MatrixInversionMethod2BInstance.lean,Algorithms,false,true,2,NumStability.Source.Higham.Chapter13.Section01.OperationModels;NumStability.Source.Higham.Chapter14.Section02.TriangularInversion.Method2B.MatrixInversionMethod2BInstance,1,NumStability.Source.Higham.Chapter13.Section01.OperationModels,Source-import reachability only; this does not establish an elaborated declaration dependency.
NumStability.Algorithms.MatrixPowers,NumStability/Algorithms/MatrixPowers.lean,Algorithms,false,true,3,NumStability.Source.Higham.Chapter18.Section01.MatrixPowerBounds.Equations04And05.RealDiagonal;NumStability.Source.Higham.Chapter18.Section02.FinitePrecisionPowers.Equations08To14.ComputedIteration;NumStability.Source.Higham.Chapter18.Section02.FinitePrecisionPowers.Theorems01And02.RealCases,1,NumStability.Source.Higham.Chapter18.Section01.MatrixPowerBounds.Equations04And05.RealDiagonal,Source-import reachability only; this does not establish an elaborated declaration dependency.
NumStability.Algorithms.MatrixPowers.ComputedIteration,NumStability/Algorithms/MatrixPowers/ComputedIteration.lean,Algorithms,false,false,0,,,,Source-import reachability only; this does not establish an elaborated declaration dependency.
NumStability.Algorithms.MatrixPowers.ComputedIteration.All,NumStability/Algorithms/MatrixPowers/ComputedIteration/All.lean,Algorithms,false,false,0,,,,Source-import reachability only; this does not establish an elaborated declaration dependency.
NumStability.Algorithms.MatrixPowers.ComputedIteration.Model,NumStability/Algorithms/MatrixPowers/ComputedIteration/Model.lean,Algorithms,true,false,0,,,,Source-import reachability only; this does not establish an elaborated declaration dependency.
NumStability.Algorithms.MatrixPowersComplex,NumStability/Algorithms/MatrixPowersComplex.lean,Algorithms,false,true,2,NumStability.Source.Higham.Chapter18.Section02.FinitePrecisionPowers.Equations08To14.ComplexSimilarity;NumStability.Source.Higham.Chapter18.Section02.FinitePrecisionPowers.Theorems01And02.ComplexJordan,1,NumStability.Source.Higham.Chapter18.Section02.FinitePrecisionPowers.Equations08To14.ComplexSimilarity,Source-import reachability only; this does not establish an elaborated declaration dependency.
NumStability.Algorithms.MatrixPowersJordan,NumStability/Algorithms/MatrixPowersJordan.lean,Algorithms,false,true,2,NumStability.Source.Higham.Chapter18.Section01.MatrixPowerBounds.Equations04And05.RealJordan;NumStability.Source.Higham.Chapter18.Section02.FinitePrecisionPowers.Theorems01And02.RealJordan,1,NumStability.Source.Higham.Chapter18.Section01.MatrixPowerBounds.Equations04And05.RealJordan,Source-import reachability only; this does not establish an elaborated declaration dependency.
NumStability.Algorithms.MatrixPowersLp,NumStability/Algorithms/MatrixPowersLp.lean,Algorithms,false,true,1,NumStability.Source.Higham.Chapter18.Section01.MatrixPowerBounds.Equations04And05.LpDiagonal,1,NumStability.Source.Higham.Chapter18.Section01.MatrixPowerBounds.Equations04And05.LpDiagonal,Source-import reachability only; this does not establish an elaborated declaration dependency.
NumStability.Algorithms.MatrixPowersLpJordan,NumStability/Algorithms/MatrixPowersLpJordan.lean,Algorithms,false,true,1,NumStability.Source.Higham.Chapter18.Section01.MatrixPowerBounds.Equations04And05.LpJordan,1,NumStability.Source.Higham.Chapter18.Section01.MatrixPowerBounds.Equations04And05.LpJordan,Source-import reachability only; this does not establish an elaborated declaration dependency.
NumStability.Algorithms.MatrixPowersPseudospectral,NumStability/Algorithms/MatrixPowersPseudospectral.lean,Algorithms,false,true,1,NumStability.Source.Higham.Chapter18.Section02.FinitePrecisionPowers.Theorems01And02.PseudospectralPackaging,1,NumStability.Source.Higham.Chapter18.Section02.FinitePrecisionPowers.Theorems01And02.PseudospectralPackaging,Source-import reachability only; this does not establish an elaborated declaration dependency.
NumStability.Algorithms.MatrixPowersPseudospectralCriterion,NumStability/Algorithms/MatrixPowersPseudospectralCriterion.lean,Algorithms,false,true,1,NumStability.Source.Higham.Chapter18.Section02.FinitePrecisionPowers.Theorems01And02.PseudospectralCriterion,1,NumStability.Source.Higham.Chapter18.Section02.FinitePrecisionPowers.Theorems01And02.PseudospectralCriterion,Source-import reachability only; this does not establish an elaborated declaration dependency.
NumStability.Algorithms.MatrixPowersSpectral,NumStability/Algorithms/MatrixPowersSpectral.lean,Algorithms,false,true,1,NumStability.Source.Higham.Chapter18.Section02.FinitePrecisionPowers.Theorems01And02.SpectralCriterion,1,NumStability.Source.Higham.Chapter18.Section02.FinitePrecisionPowers.Theorems01And02.SpectralCriterion,Source-import reachability only; this does not establish an elaborated declaration dependency.
NumStability.Algorithms.NeumaierCompensatedFiniteFormat,NumStability/Algorithms/NeumaierCompensatedFiniteFormat.lean,Algorithms,true,false,0,,,,Source-import reachability only; this does not establish an elaborated declaration dependency.
NumStability.Algorithms.Nonlinear.Higham25,NumStability/Algorithms/Nonlinear/Higham25.lean,Algorithms,false,true,1,NumStability.Source.Higham.Chapter25.NonlinearSystems,1,NumStability.Source.Higham.Chapter25.NonlinearSystems,Source-import reachability only; this does not establish an elaborated declaration dependency.
NumStability.Algorithms.Nonlinear.Higham25EigenClosure,NumStability/Algorithms/Nonlinear/Higham25EigenClosure.lean,Algorithms,false,true,1,NumStability.Source.Higham.Chapter25.Eigenproblem,1,NumStability.Source.Higham.Chapter25.Eigenproblem,Source-import reachability only; this does not establish an elaborated declaration dependency.
NumStability.Algorithms.Nonlinear.Higham25Problem25_1,NumStability/Algorithms/Nonlinear/Higham25Problem25_1.lean,Algorithms,false,true,1,NumStability.Source.Higham.Chapter25.Problem01,1,NumStability.Source.Higham.Chapter25.Problem01,Source-import reachability only; this does not establish an elaborated declaration dependency.
NumStability.Algorithms.Norm2,NumStability/Algorithms/Norm2.lean,Algorithms,true,false,0,,,,Source-import reachability only; this does not establish an elaborated declaration dependency.
NumStability.Algorithms.NormEstimation,NumStability/Algorithms/NormEstimation.lean,Algorithms,false,false,0,,,,Source-import reachability only; this does not establish an elaborated declaration dependency.
NumStability.Algorithms.NormEstimation.OneNorm,NumStability/Algorithms/NormEstimation/OneNorm.lean,Algorithms,false,false,0,,,,Source-import reachability only; this does not establish an elaborated declaration dependency.
NumStability.Algorithms.NormEstimation.OneNorm.All,NumStability/Algorithms/NormEstimation/OneNorm/All.lean,Algorithms,false,false,0,,,,Source-import reachability only; this does not establish an elaborated declaration dependency.
NumStability.Algorithms.NormEstimation.OneNorm.FiniteIndex.Basic,NumStability/Algorithms/NormEstimation/OneNorm/FiniteIndex/Basic.lean,Algorithms,true,false,0,,,,Source-import reachability only; this does not establish an elaborated declaration dependency.
NumStability.Algorithms.NormEstimation.OneNorm.GeneralIndex,NumStability/Algorithms/NormEstimation/OneNorm/GeneralIndex.lean,Algorithms,true,false,0,,,,Source-import reachability only; this does not establish an elaborated declaration dependency.
NumStability.Algorithms.NormEstimation.OneNorm.LAPACK.Basic,NumStability/Algorithms/NormEstimation/OneNorm/LAPACK/Basic.lean,Algorithms,true,false,0,,,,Source-import reachability only; this does not establish an elaborated declaration dependency.
NumStability.Algorithms.NormEstimation.OneNorm.LINPACK.Basic,NumStability/Algorithms/NormEstimation/OneNorm/LINPACK/Basic.lean,Algorithms,true,false,0,,,,Source-import reachability only; this does not establish an elaborated declaration dependency.
NumStability.Algorithms.NormEstimation.OneNorm.PowerMethod.CondEstimation,NumStability/Algorithms/NormEstimation/OneNorm/PowerMethod/CondEstimation.lean,Algorithms,true,false,0,,,,Source-import reachability only; this does not establish an elaborated declaration dependency.
NumStability.Algorithms.NormEstimation.OneNorm.PowerMethod.PNormPowerMethod,NumStability/Algorithms/NormEstimation/OneNorm/PowerMethod/PNormPowerMethod.lean,Algorithms,true,false,0,,,,Source-import reachability only; this does not establish an elaborated declaration dependency.
NumStability.Algorithms.NormEstimation.PNorm,NumStability/Algorithms/NormEstimation/PNorm.lean,Algorithms,false,false,0,,,,Source-import reachability only; this does not establish an elaborated declaration dependency.
NumStability.Algorithms.NormEstimation.PNorm.All,NumStability/Algorithms/NormEstimation/PNorm/All.lean,Algorithms,false,false,0,,,,Source-import reachability only; this does not establish an elaborated declaration dependency.
NumStability.Algorithms.NormEstimation.PNorm.Boyd,NumStability/Algorithms/NormEstimation/PNorm/Boyd.lean,Algorithms,false,false,0,,,,Source-import reachability only; this does not establish an elaborated declaration dependency.
NumStability.Algorithms.NormEstimation.PNorm.Boyd.Carrier.BoydInterface,NumStability/Algorithms/NormEstimation/PNorm/Boyd/Carrier/BoydInterface.lean,Algorithms,true,false,0,,,,Source-import reachability only; this does not establish an elaborated declaration dependency.
NumStability.Algorithms.NormEstimation.PNorm.Boyd.Carrier.BoydLocal,NumStability/Algorithms/NormEstimation/PNorm/Boyd/Carrier/BoydLocal.lean,Algorithms,true,false,0,,,,Source-import reachability only; this does not establish an elaborated declaration dependency.
NumStability.Algorithms.NormEstimation.PNorm.Boyd.Differentiation.BoydDomain,NumStability/Algorithms/NormEstimation/PNorm/Boyd/Differentiation/BoydDomain.lean,Algorithms,true,false,0,,,,Source-import reachability only; this does not establish an elaborated declaration dependency.
NumStability.Algorithms.NormEstimation.PNorm.Boyd.Differentiation.BoydInterface,NumStability/Algorithms/NormEstimation/PNorm/Boyd/Differentiation/BoydInterface.lean,Algorithms,true,false,0,,,,Source-import reachability only; this does not establish an elaborated declaration dependency.
NumStability.Algorithms.NormEstimation.PNorm.Boyd.Differentiation.BoydLocal,NumStability/Algorithms/NormEstimation/PNorm/Boyd/Differentiation/BoydLocal.lean,Algorithms,true,false,0,,,,Source-import reachability only; this does not establish an elaborated declaration dependency.
NumStability.Algorithms.NormEstimation.PNorm.Boyd.Differentiation.PNormGeneral,NumStability/Algorithms/NormEstimation/PNorm/Boyd/Differentiation/PNormGeneral.lean,Algorithms,true,false,0,,,,Source-import reachability only; this does not establish an elaborated declaration dependency.
NumStability.Algorithms.NormEstimation.PNorm.Boyd.FixedPoints.BoydConcrete,NumStability/Algorithms/NormEstimation/PNorm/Boyd/FixedPoints/BoydConcrete.lean,Algorithms,true,false,0,,,,Source-import reachability only; this does not establish an elaborated declaration dependency.
NumStability.Algorithms.NormEstimation.PNorm.Boyd.FixedPoints.BoydInterface,NumStability/Algorithms/NormEstimation/PNorm/Boyd/FixedPoints/BoydInterface.lean,Algorithms,true,false,0,,,,Source-import reachability only; this does not establish an elaborated declaration dependency.
NumStability.Algorithms.NormEstimation.PNorm.Boyd.FixedPoints.BoydLocal,NumStability/Algorithms/NormEstimation/PNorm/Boyd/FixedPoints/BoydLocal.lean,Algorithms,true,false,0,,,,Source-import reachability only; this does not establish an elaborated declaration dependency.
NumStability.Algorithms.NormEstimation.PNorm.Boyd.LocalStability.BoydConcrete,NumStability/Algorithms/NormEstimation/PNorm/Boyd/LocalStability/BoydConcrete.lean,Algorithms,true,false,0,,,,Source-import reachability only; this does not establish an elaborated declaration dependency.
NumStability.Algorithms.NormEstimation.PNorm.Boyd.LocalStability.BoydInterface,NumStability/Algorithms/NormEstimation/PNorm/Boyd/LocalStability/BoydInterface.lean,Algorithms,true,false,0,,,,Source-import reachability only; this does not establish an elaborated declaration dependency.
NumStability.Algorithms.NormEstimation.PNorm.Boyd.LocalStability.BoydLocal,NumStability/Algorithms/NormEstimation/PNorm/Boyd/LocalStability/BoydLocal.lean,Algorithms,true,false,0,,,,Source-import reachability only; this does not establish an elaborated declaration dependency.
NumStability.Algorithms.NormEstimation.PNorm.Boyd.LocalStability.BoydLocalStability,NumStability/Algorithms/NormEstimation/PNorm/Boyd/LocalStability/BoydLocalStability.lean,Algorithms,true,false,0,,,,Source-import reachability only; this does not establish an elaborated declaration dependency.
NumStability.Algorithms.NormEstimation.PNorm.Boyd.RowwiseDomain.Basic,NumStability/Algorithms/NormEstimation/PNorm/Boyd/RowwiseDomain/Basic.lean,Algorithms,true,false,0,,,,Source-import reachability only; this does not establish an elaborated declaration dependency.
NumStability.Algorithms.NormEstimation.PNorm.Boyd.Scalar.BoydDomain,NumStability/Algorithms/NormEstimation/PNorm/Boyd/Scalar/BoydDomain.lean,Algorithms,true,false,0,,,,Source-import reachability only; this does not establish an elaborated declaration dependency.
NumStability.Algorithms.NormEstimation.PNorm.Boyd.Scalar.BoydLocal,NumStability/Algorithms/NormEstimation/PNorm/Boyd/Scalar/BoydLocal.lean,Algorithms,true,false,0,,,,Source-import reachability only; this does not establish an elaborated declaration dependency.
NumStability.Algorithms.NormEstimation.PNorm.Boyd.Scalar.BoydRowwise,NumStability/Algorithms/NormEstimation/PNorm/Boyd/Scalar/BoydRowwise.lean,Algorithms,true,false,0,,,,Source-import reachability only; this does not establish an elaborated declaration dependency.
NumStability.Algorithms.NormEstimation.PNorm.Boyd.SecondVariation.BoydConcrete,NumStability/Algorithms/NormEstimation/PNorm/Boyd/SecondVariation/BoydConcrete.lean,Algorithms,true,false,0,,,,Source-import reachability only; this does not establish an elaborated declaration dependency.
NumStability.Algorithms.NormEstimation.PNorm.Boyd.SecondVariation.BoydLocal,NumStability/Algorithms/NormEstimation/PNorm/Boyd/SecondVariation/BoydLocal.lean,Algorithms,true,false,0,,,,Source-import reachability only; this does not establish an elaborated declaration dependency.
NumStability.Algorithms.NormEstimation.PNorm.Boyd.Uniqueness.Basic,NumStability/Algorithms/NormEstimation/PNorm/Boyd/Uniqueness/Basic.lean,Algorithms,true,false,0,,,,Source-import reachability only; this does not establish an elaborated declaration dependency.
NumStability.Algorithms.NormEstimation.PNorm.Convergence.BoydConcrete,NumStability/Algorithms/NormEstimation/PNorm/Convergence/BoydConcrete.lean,Algorithms,true,false,0,,,,Source-import reachability only; this does not establish an elaborated declaration dependency.
NumStability.Algorithms.NormEstimation.PNorm.Convergence.BoydInterface,NumStability/Algorithms/NormEstimation/PNorm/Convergence/BoydInterface.lean,Algorithms,true,false,0,,,,Source-import reachability only; this does not establish an elaborated declaration dependency.
NumStability.Algorithms.NormEstimation.PNorm.Convergence.ConvergenceStatements,NumStability/Algorithms/NormEstimation/PNorm/Convergence/ConvergenceStatements.lean,Algorithms,true,false,0,,,,Source-import reachability only; this does not establish an elaborated declaration dependency.
NumStability.Algorithms.NormEstimation.PNorm.Duality.BoydInterface,NumStability/Algorithms/NormEstimation/PNorm/Duality/BoydInterface.lean,Algorithms,true,false,0,,,,Source-import reachability only; this does not establish an elaborated declaration dependency.
NumStability.Algorithms.NormEstimation.PNorm.Duality.BoydUniqueness,NumStability/Algorithms/NormEstimation/PNorm/Duality/BoydUniqueness.lean,Algorithms,true,false,0,,,,Source-import reachability only; this does not establish an elaborated declaration dependency.
NumStability.Algorithms.NormEstimation.PNorm.Duality.ConvergenceStatements,NumStability/Algorithms/NormEstimation/PNorm/Duality/ConvergenceStatements.lean,Algorithms,true,false,0,,,,Source-import reachability only; this does not establish an elaborated declaration dependency.
NumStability.Algorithms.NormEstimation.PNorm.Duality.PNormGeneral,NumStability/Algorithms/NormEstimation/PNorm/Duality/PNormGeneral.lean,Algorithms,true,false,0,,,,Source-import reachability only; this does not establish an elaborated declaration dependency.
NumStability.Algorithms.NormEstimation.PNorm.Duality.PNormPowerMethod,NumStability/Algorithms/NormEstimation/PNorm/Duality/PNormPowerMethod.lean,Algorithms,true,false,0,,,,Source-import reachability only; this does not establish an elaborated declaration dependency.
NumStability.Algorithms.NormEstimation.PNorm.Endpoints.ConvergenceStatements,NumStability/Algorithms/NormEstimation/PNorm/Endpoints/ConvergenceStatements.lean,Algorithms,false,true,0,,,,Source-import reachability only; this does not establish an elaborated declaration dependency.
NumStability.Algorithms.NormEstimation.PNorm.Endpoints.PNormRectangular,NumStability/Algorithms/NormEstimation/PNorm/Endpoints/PNormRectangular.lean,Algorithms,false,true,0,,,,Source-import reachability only; this does not establish an elaborated declaration dependency.
NumStability.Algorithms.NormEstimation.PNorm.OneAndInfinityNorms.Rectangular,NumStability/Algorithms/NormEstimation/PNorm/OneAndInfinityNorms/Rectangular.lean,Algorithms,true,false,0,,,,Source-import reachability only; this does not establish an elaborated declaration dependency.
NumStability.Algorithms.NormEstimation.PNorm.OneAndInfinityNorms.Square,NumStability/Algorithms/NormEstimation/PNorm/OneAndInfinityNorms/Square.lean,Algorithms,true,false,0,,,,Source-import reachability only; this does not establish an elaborated declaration dependency.
NumStability.Algorithms.NormEstimation.PNorm.PowerMethod.BoydConcrete,NumStability/Algorithms/NormEstimation/PNorm/PowerMethod/BoydConcrete.lean,Algorithms,true,false,0,,,,Source-import reachability only; this does not establish an elaborated declaration dependency.
NumStability.Algorithms.NormEstimation.PNorm.PowerMethod.BoydInterface,NumStability/Algorithms/NormEstimation/PNorm/PowerMethod/BoydInterface.lean,Algorithms,true,false,0,,,,Source-import reachability only; this does not establish an elaborated declaration dependency.
NumStability.Algorithms.NormEstimation.PNorm.PowerMethod.PNormGeneral,NumStability/Algorithms/NormEstimation/PNorm/PowerMethod/PNormGeneral.lean,Algorithms,true,false,0,,,,Source-import reachability only; this does not establish an elaborated declaration dependency.
NumStability.Algorithms.NormEstimation.PNorm.PowerMethod.PNormPowerMethod,NumStability/Algorithms/NormEstimation/PNorm/PowerMethod/PNormPowerMethod.lean,Algorithms,true,false,0,,,,Source-import reachability only; this does not establish an elaborated declaration dependency.
NumStability.Algorithms.NormEstimation.PNorm.Rectangular.BoydInterface,NumStability/Algorithms/NormEstimation/PNorm/Rectangular/BoydInterface.lean,Algorithms,true,false,0,,,,Source-import reachability only; this does not establish an elaborated declaration dependency.
NumStability.Algorithms.NormEstimation.PNorm.Rectangular.PNormGeneral,NumStability/Algorithms/NormEstimation/PNorm/Rectangular/PNormGeneral.lean,Algorithms,true,false,0,,,,Source-import reachability only; this does not establish an elaborated declaration dependency.
NumStability.Algorithms.NormEstimation.PNorm.Rectangular.PNormRectangular,NumStability/Algorithms/NormEstimation/PNorm/Rectangular/PNormRectangular.lean,Algorithms,true,false,0,,,,Source-import reachability only; this does not establish an elaborated declaration dependency.
NumStability.Algorithms.NormEstimation.PNorm.Rectangular.RectangularTermination,NumStability/Algorithms/NormEstimation/PNorm/Rectangular/RectangularTermination.lean,Algorithms,true,false,0,,,,Source-import reachability only; this does not establish an elaborated declaration dependency.
NumStability.Algorithms.NormEstimation.TwoNorm,NumStability/Algorithms/NormEstimation/TwoNorm.lean,Algorithms,false,false,0,,,,Source-import reachability only; this does not establish an elaborated declaration dependency.
NumStability.Algorithms.NormEstimation.TwoNorm.All,NumStability/Algorithms/NormEstimation/TwoNorm/All.lean,Algorithms,false,false,0,,,,Source-import reachability only; this does not establish an elaborated declaration dependency.
NumStability.Algorithms.NormEstimation.TwoNorm.Dixon,NumStability/Algorithms/NormEstimation/TwoNorm/Dixon.lean,Algorithms,false,false,0,,,,Source-import reachability only; this does not establish an elaborated declaration dependency.
NumStability.Algorithms.NormEstimation.TwoNorm.Dixon.Algebra.CondEstimators,NumStability/Algorithms/NormEstimation/TwoNorm/Dixon/Algebra/CondEstimators.lean,Algorithms,true,false,0,,,,Source-import reachability only; this does not establish an elaborated declaration dependency.
NumStability.Algorithms.NormEstimation.TwoNorm.Dixon.Algebra.DixonCompletion,NumStability/Algorithms/NormEstimation/TwoNorm/Dixon/Algebra/DixonCompletion.lean,Algorithms,true,false,0,,,,Source-import reachability only; this does not establish an elaborated declaration dependency.
NumStability.Algorithms.NormEstimation.TwoNorm.Dixon.PowerBounds.CondEstimators,NumStability/Algorithms/NormEstimation/TwoNorm/Dixon/PowerBounds/CondEstimators.lean,Algorithms,true,false,0,,,,Source-import reachability only; this does not establish an elaborated declaration dependency.
NumStability.Algorithms.NormEstimation.TwoNorm.Dixon.PowerBounds.DixonCompletion,NumStability/Algorithms/NormEstimation/TwoNorm/Dixon/PowerBounds/DixonCompletion.lean,Algorithms,true,false,0,,,,Source-import reachability only; this does not establish an elaborated declaration dependency.
NumStability.Algorithms.NormEstimation.TwoNorm.Dixon.Probability.DixonCompletion,NumStability/Algorithms/NormEstimation/TwoNorm/Dixon/Probability/DixonCompletion.lean,Algorithms,true,false,0,,,,Source-import reachability only; this does not establish an elaborated declaration dependency.
NumStability.Algorithms.NormEstimation.TwoNorm.Dixon.Probability.DixonProbability,NumStability/Algorithms/NormEstimation/TwoNorm/Dixon/Probability/DixonProbability.lean,Algorithms,true,false,0,,,,Source-import reachability only; this does not establish an elaborated declaration dependency.
NumStability.Algorithms.OrderingExamples,NumStability/Algorithms/OrderingExamples.lean,Algorithms,false,true,1,NumStability.Source.Higham.Chapter04.Equation05.OrderingExamples.Basic,1,NumStability.Source.Higham.Chapter04.Equation05.OrderingExamples.Basic,Source-import reachability only; this does not establish an elaborated declaration dependency.
NumStability.Algorithms.OuterProduct,NumStability/Algorithms/OuterProduct.lean,Algorithms,true,false,0,,,,Source-import reachability only; this does not establish an elaborated declaration dependency.
NumStability.Algorithms.PNormPowerMethod,NumStability/Algorithms/PNormPowerMethod.lean,Algorithms,false,true,6,NumStability.Source.Higham.Chapter15.Algorithm01.PNormPowerMethod.PNormPowerMethod;NumStability.Source.Higham.Chapter15.Equation02.Subgradient.PNormPowerMethod;NumStability.Source.Higham.Chapter15.Equation03.GradientQuotient.PNormPowerMethod;NumStability.Source.Higham.Chapter15.Equation04.NormalizedDualDiscrepancy.Basic;NumStability.Source.Higham.Chapter15.Equation05.SubgradientInequality.Basic;NumStability.Source.Higham.Chapter15.Lemma02.PNormPowerMethod.PNormPowerMethod,1,NumStability.Source.Higham.Chapter15.Algorithm01.PNormPowerMethod.PNormPowerMethod,Source-import reachability only; this does not establish an elaborated declaration dependency.
NumStability.Algorithms.PNormPowerMethodGeneralP,NumStability/Algorithms/PNormPowerMethodGeneralP.lean,Algorithms,false,true,2,NumStability.Source.Higham.Chapter15.Equation02.Subgradient.PNormGeneral;NumStability.Source.Higham.Chapter15.Equation03.GradientQuotient.PNormGeneral,1,NumStability.Source.Higham.Chapter15.Equation02.Subgradient.PNormGeneral,Source-import reachability only; this does not establish an elaborated declaration dependency.
NumStability.Algorithms.PNormPowerMethodRect,NumStability/Algorithms/PNormPowerMethodRect.lean,Algorithms,false,true,2,NumStability.Source.Higham.Chapter15.Algorithm01.PNormPowerMethod.PNormRectangular;NumStability.Source.Higham.Chapter15.Lemma02.PNormPowerMethod.PNormRectangular,1,NumStability.Source.Higham.Chapter15.Algorithm01.PNormPowerMethod.PNormRectangular,Source-import reachability only; this does not establish an elaborated declaration dependency.
NumStability.Algorithms.PairwiseSum,NumStability/Algorithms/PairwiseSum.lean,Algorithms,false,true,0,,2,NumStability.Source.Higham.Chapter04.Section01.PairwiseSixTerm,Source-import reachability only; this does not establish an elaborated declaration dependency.
NumStability.Algorithms.PlusMinusSum,NumStability/Algorithms/PlusMinusSum.lean,Algorithms,false,true,0,,,,Source-import reachability only; this does not establish an elaborated declaration dependency.
NumStability.Algorithms.PolynomialEvaluation.DerivativeEvaluation.ErrorBounds,NumStability/Algorithms/PolynomialEvaluation/DerivativeEvaluation/ErrorBounds.lean,Algorithms,true,false,2,NumStability.Source.Higham.Chapter05.Problem01.DifferentiatedHorner.Basic;NumStability.Source.Higham.Chapter05.Section01.Horner.Basic,1,NumStability.Source.Higham.Chapter05.Problem01.DifferentiatedHorner.Basic,Source-import reachability only; this does not establish an elaborated declaration dependency.
NumStability.Algorithms.PolynomialEvaluation.ElementaryErrorBounds,NumStability/Algorithms/PolynomialEvaluation/ElementaryErrorBounds.lean,Algorithms,true,false,0,,,,Source-import reachability only; this does not establish an elaborated declaration dependency.
NumStability.Algorithms.PolynomialEvaluation.MatrixNorms,NumStability/Algorithms/PolynomialEvaluation/MatrixNorms.lean,Algorithms,true,false,0,,,,Source-import reachability only; this does not establish an elaborated declaration dependency.
NumStability.Algorithms.PolynomialEvaluation.RootProduct,NumStability/Algorithms/PolynomialEvaluation/RootProduct.lean,Algorithms,true,false,0,,,,Source-import reachability only; this does not establish an elaborated declaration dependency.
NumStability.Algorithms.PriestAccuracy,NumStability/Algorithms/PriestAccuracy.lean,Algorithms,true,false,0,,,,Source-import reachability only; this does not establish an elaborated declaration dependency.
NumStability.Algorithms.PriestDefectBounded,NumStability/Algorithms/PriestDefectBounded.lean,Algorithms,true,false,0,,,,Source-import reachability only; this does not establish an elaborated declaration dependency.
NumStability.Algorithms.PriestFiniteFormat,NumStability/Algorithms/PriestFiniteFormat.lean,Algorithms,false,false,1,NumStability.Source.Higham.Chapter04.Algorithm03.Priest.SourceAssumptions,1,NumStability.Source.Higham.Chapter04.Algorithm03.Priest.SourceAssumptions,Source-import reachability only; this does not establish an elaborated declaration dependency.
NumStability.Algorithms.Problem44SixTerm,NumStability/Algorithms/Problem44SixTerm.lean,Algorithms,false,true,1,NumStability.Source.Higham.Chapter04.Problem04,1,NumStability.Source.Higham.Chapter04.Problem04,Source-import reachability only; this does not establish an elaborated declaration dependency.
NumStability.Algorithms.QR.GivensMatrixStep,NumStability/Algorithms/QR/GivensMatrixStep.lean,Algorithms,false,true,0,,,,Source-import reachability only; this does not establish an elaborated declaration dependency.
NumStability.Algorithms.QR.GivensQR,NumStability/Algorithms/QR/GivensQR.lean,Algorithms,false,true,0,,,,Source-import reachability only; this does not establish an elaborated declaration dependency.
NumStability.Algorithms.QR.GivensSpec,NumStability/Algorithms/QR/GivensSpec.lean,Algorithms,false,true,0,,,,Source-import reachability only; this does not establish an elaborated declaration dependency.
NumStability.Algorithms.QR.GramSchmidt,NumStability/Algorithms/QR/GramSchmidt.lean,Algorithms,false,true,0,,,,Source-import reachability only; this does not establish an elaborated declaration dependency.
NumStability.Algorithms.QR.GramSchmidtPolar,NumStability/Algorithms/QR/GramSchmidtPolar.lean,Algorithms,false,true,0,,,,Source-import reachability only; this does not establish an elaborated declaration dependency.
NumStability.Algorithms.QR.Higham19,NumStability/Algorithms/QR/Higham19.lean,Algorithms,false,true,1,NumStability.Source.Higham.Chapter19.Core,1,NumStability.Source.Higham.Chapter19.Core,Source-import reachability only; this does not establish an elaborated declaration dependency.
NumStability.Algorithms.QR.Higham19Alg11CGSRounded,NumStability/Algorithms/QR/Higham19Alg11CGSRounded.lean,Algorithms,false,true,1,NumStability.Source.Higham.Chapter19.Algorithm11.CGSRounded,1,NumStability.Source.Higham.Chapter19.Algorithm11.CGSRounded,Source-import reachability only; this does not establish an elaborated declaration dependency.
NumStability.Algorithms.QR.Higham19Alg12MGSClosure,NumStability/Algorithms/QR/Higham19Alg12MGSClosure.lean,Algorithms,false,true,1,NumStability.Source.Higham.Chapter19.Algorithm12.MGSClosure,1,NumStability.Source.Higham.Chapter19.Algorithm12.MGSClosure,Source-import reachability only; this does not establish an elaborated declaration dependency.
NumStability.Algorithms.QR.Higham19Alg12MGSNonbreakdown,NumStability/Algorithms/QR/Higham19Alg12MGSNonbreakdown.lean,Algorithms,false,true,1,NumStability.Source.Higham.Chapter19.Algorithm12.MGSNonbreakdown,1,NumStability.Source.Higham.Chapter19.Algorithm12.MGSNonbreakdown,Source-import reachability only; this does not establish an elaborated declaration dependency.
NumStability.Algorithms.QR.Higham19Alg12MGSPaddedClosure,NumStability/Algorithms/QR/Higham19Alg12MGSPaddedClosure.lean,Algorithms,false,true,1,NumStability.Source.Higham.Chapter19.Algorithm12.MGSPaddedClosure,1,NumStability.Source.Higham.Chapter19.Algorithm12.MGSPaddedClosure,Source-import reachability only; this does not establish an elaborated declaration dependency.
NumStability.Algorithms.QR.Higham19Alg12MGSRepair,NumStability/Algorithms/QR/Higham19Alg12MGSRepair.lean,Algorithms,false,true,1,NumStability.Source.Higham.Chapter19.Algorithm12.MGSRepair,1,NumStability.Source.Higham.Chapter19.Algorithm12.MGSRepair,Source-import reachability only; this does not establish an elaborated declaration dependency.
NumStability.Algorithms.QR.Higham19Alg12MGSRounded,NumStability/Algorithms/QR/Higham19Alg12MGSRounded.lean,Algorithms,false,true,1,NumStability.Source.Higham.Chapter19.Algorithm12.MGSRounded,1,NumStability.Source.Higham.Chapter19.Algorithm12.MGSRounded,Source-import reachability only; this does not establish an elaborated declaration dependency.
NumStability.Algorithms.QR.Higham19Alg12MGSSourceRate,NumStability/Algorithms/QR/Higham19Alg12MGSSourceRate.lean,Algorithms,false,true,1,NumStability.Source.Higham.Chapter19.Algorithm12.MGSSourceRate,1,NumStability.Source.Higham.Chapter19.Algorithm12.MGSSourceRate,Source-import reachability only; this does not establish an elaborated declaration dependency.
NumStability.Algorithms.QR.Higham19FormedQ,NumStability/Algorithms/QR/Higham19FormedQ.lean,Algorithms,false,true,1,NumStability.Source.Higham.Chapter19.FormedQ,1,NumStability.Source.Higham.Chapter19.FormedQ,Source-import reachability only; this does not establish an elaborated declaration dependency.
NumStability.Algorithms.QR.Higham19Labels,NumStability/Algorithms/QR/Higham19Labels.lean,Algorithms,false,true,1,NumStability.Source.Higham.Chapter19.Labels,1,NumStability.Source.Higham.Chapter19.Labels,Source-import reachability only; this does not establish an elaborated declaration dependency.
NumStability.Algorithms.QR.Higham19Lemma3ActualSequence,NumStability/Algorithms/QR/Higham19Lemma3ActualSequence.lean,Algorithms,false,true,1,NumStability.Source.Higham.Chapter19.Lemma03.ActualSequence,1,NumStability.Source.Higham.Chapter19.Lemma03.ActualSequence,Source-import reachability only; this does not establish an elaborated declaration dependency.
NumStability.Algorithms.QR.Higham19Lemma7Gamma4,NumStability/Algorithms/QR/Higham19Lemma7Gamma4.lean,Algorithms,false,true,1,NumStability.Source.Higham.Chapter19.Lemma07.Gamma4,1,NumStability.Source.Higham.Chapter19.Lemma07.Gamma4,Source-import reachability only; this does not establish an elaborated declaration dependency.
NumStability.Algorithms.QR.Higham19Lemma9DisjointSweep,NumStability/Algorithms/QR/Higham19Lemma9DisjointSweep.lean,Algorithms,false,true,1,NumStability.Source.Higham.Chapter19.Lemma09.DisjointSweep,1,NumStability.Source.Higham.Chapter19.Lemma09.DisjointSweep,Source-import reachability only; this does not establish an elaborated declaration dependency.
NumStability.Algorithms.QR.Higham19PolarNearest,NumStability/Algorithms/QR/Higham19PolarNearest.lean,Algorithms,false,true,1,NumStability.Source.Higham.Chapter19.PolarNearest,1,NumStability.Source.Higham.Chapter19.PolarNearest,Source-import reachability only; this does not establish an elaborated declaration dependency.
NumStability.Algorithms.QR.Higham19Problem19_10,NumStability/Algorithms/QR/Higham19Problem19_10.lean,Algorithms,false,true,1,NumStability.Source.Higham.Chapter19.Problem10,1,NumStability.Source.Higham.Chapter19.Problem10,Source-import reachability only; this does not establish an elaborated declaration dependency.
NumStability.Algorithms.QR.Higham19Problem19_9,NumStability/Algorithms/QR/Higham19Problem19_9.lean,Algorithms,false,true,1,NumStability.Source.Higham.Chapter19.Problem09,1,NumStability.Source.Higham.Chapter19.Problem09,Source-import reachability only; this does not establish an elaborated declaration dependency.
NumStability.Algorithms.QR.Higham19Problem6ActualStep,NumStability/Algorithms/QR/Higham19Problem6ActualStep.lean,Algorithms,false,true,1,NumStability.Source.Higham.Chapter19.Problem06.ActualStep,1,NumStability.Source.Higham.Chapter19.Problem06.ActualStep,Source-import reachability only; this does not establish an elaborated declaration dependency.
NumStability.Algorithms.QR.Higham19Sensitivity,NumStability/Algorithms/QR/Higham19Sensitivity.lean,Algorithms,false,true,1,NumStability.Source.Higham.Chapter19.Sensitivity,1,NumStability.Source.Higham.Chapter19.Sensitivity,Source-import reachability only; this does not establish an elaborated declaration dependency.
NumStability.Algorithms.QR.Higham19SensitivityClosure,NumStability/Algorithms/QR/Higham19SensitivityClosure.lean,Algorithms,false,true,1,NumStability.Source.Higham.Chapter19.Sensitivity.Closure,1,NumStability.Source.Higham.Chapter19.Sensitivity.Closure,Source-import reachability only; this does not establish an elaborated declaration dependency.
NumStability.Algorithms.QR.Higham19StoredLoop,NumStability/Algorithms/QR/Higham19StoredLoop.lean,Algorithms,false,true,1,NumStability.Source.Higham.Chapter19.StoredLoop,1,NumStability.Source.Higham.Chapter19.StoredLoop,Source-import reachability only; this does not establish an elaborated declaration dependency.
NumStability.Algorithms.QR.Higham19StoredLoopAllPivots,NumStability/Algorithms/QR/Higham19StoredLoopAllPivots.lean,Algorithms,false,true,1,NumStability.Source.Higham.Chapter19.StoredLoop.AllPivots,1,NumStability.Source.Higham.Chapter19.StoredLoop.AllPivots,Source-import reachability only; this does not establish an elaborated declaration dependency.
NumStability.Algorithms.QR.Higham19StoredLoopStrongModel,NumStability/Algorithms/QR/Higham19StoredLoopStrongModel.lean,Algorithms,false,true,1,NumStability.Source.Higham.Chapter19.StoredLoop.StrongModel,1,NumStability.Source.Higham.Chapter19.StoredLoop.StrongModel,Source-import reachability only; this does not establish an elaborated declaration dependency.
NumStability.Algorithms.QR.Higham19SunBischof,NumStability/Algorithms/QR/Higham19SunBischof.lean,Algorithms,false,true,1,NumStability.Source.Higham.Chapter19.SunBischof,1,NumStability.Source.Higham.Chapter19.SunBischof,Source-import reachability only; this does not establish an elaborated declaration dependency.
NumStability.Algorithms.QR.Higham19Theorem10ActualMatrix,NumStability/Algorithms/QR/Higham19Theorem10ActualMatrix.lean,Algorithms,false,true,1,NumStability.Source.Higham.Chapter19.Theorem10.ActualMatrix,1,NumStability.Source.Higham.Chapter19.Theorem10.ActualMatrix,Source-import reachability only; this does not establish an elaborated declaration dependency.
NumStability.Algorithms.QR.Higham19Theorem5Nonbreakdown,NumStability/Algorithms/QR/Higham19Theorem5Nonbreakdown.lean,Algorithms,false,true,1,NumStability.Source.Higham.Chapter19.Theorem05.Nonbreakdown,1,NumStability.Source.Higham.Chapter19.Theorem05.Nonbreakdown,Source-import reachability only; this does not establish an elaborated declaration dependency.
NumStability.Algorithms.QR.Higham19Theorem5SourceClosure,NumStability/Algorithms/QR/Higham19Theorem5SourceClosure.lean,Algorithms,false,true,1,NumStability.Source.Higham.Chapter19.Theorem05.SourceClosure,1,NumStability.Source.Higham.Chapter19.Theorem05.SourceClosure,Source-import reachability only; this does not establish an elaborated declaration dependency.
NumStability.Algorithms.QR.Higham19Theorem6ActualSource,NumStability/Algorithms/QR/Higham19Theorem6ActualSource.lean,Algorithms,false,true,1,NumStability.Source.Higham.Chapter19.Theorem06.ActualSource,1,NumStability.Source.Higham.Chapter19.Theorem06.ActualSource,Source-import reachability only; this does not establish an elaborated declaration dependency.
NumStability.Algorithms.QR.Higham19Thm6ColPivot,NumStability/Algorithms/QR/Higham19Thm6ColPivot.lean,Algorithms,false,true,1,NumStability.Source.Higham.Chapter19.Theorem06.ColumnPivot,1,NumStability.Source.Higham.Chapter19.Theorem06.ColumnPivot,Source-import reachability only; this does not establish an elaborated declaration dependency.
NumStability.Algorithms.QR.Higham19Thm6ColPivotFull,NumStability/Algorithms/QR/Higham19Thm6ColPivotFull.lean,Algorithms,false,true,1,NumStability.Source.Higham.Chapter19.Theorem06.ColumnPivotFull,1,NumStability.Source.Higham.Chapter19.Theorem06.ColumnPivotFull,Source-import reachability only; this does not establish an elaborated declaration dependency.
NumStability.Algorithms.QR.Higham19Thm6CoxHigham,NumStability/Algorithms/QR/Higham19Thm6CoxHigham.lean,Algorithms,false,true,1,NumStability.Source.Higham.Chapter19.Theorem06.CoxHigham,1,NumStability.Source.Higham.Chapter19.Theorem06.CoxHigham,Source-import reachability only; this does not establish an elaborated declaration dependency.
NumStability.Algorithms.QR.Higham19Thm6CoxHighamAssembly,NumStability/Algorithms/QR/Higham19Thm6CoxHighamAssembly.lean,Algorithms,false,true,1,NumStability.Source.Higham.Chapter19.Theorem06.CoxHighamAssembly,1,NumStability.Source.Higham.Chapter19.Theorem06.CoxHighamAssembly,Source-import reachability only; this does not establish an elaborated declaration dependency.
NumStability.Algorithms.QR.Higham19Thm6CoxHighamConcrete,NumStability/Algorithms/QR/Higham19Thm6CoxHighamConcrete.lean,Algorithms,false,true,1,NumStability.Source.Higham.Chapter19.Theorem06.CoxHighamConcrete,1,NumStability.Source.Higham.Chapter19.Theorem06.CoxHighamConcrete,Source-import reachability only; this does not establish an elaborated declaration dependency.
NumStability.Algorithms.QR.Higham19Thm6CoxHighamFull,NumStability/Algorithms/QR/Higham19Thm6CoxHighamFull.lean,Algorithms,false,true,1,NumStability.Source.Higham.Chapter19.Theorem06.CoxHighamFull,1,NumStability.Source.Higham.Chapter19.Theorem06.CoxHighamFull,Source-import reachability only; this does not establish an elaborated declaration dependency.
NumStability.Algorithms.QR.Higham19Thm6Elementwise,NumStability/Algorithms/QR/Higham19Thm6Elementwise.lean,Algorithms,false,true,1,NumStability.Source.Higham.Chapter19.Theorem06.Elementwise,1,NumStability.Source.Higham.Chapter19.Theorem06.Elementwise,Source-import reachability only; this does not establish an elaborated declaration dependency.
NumStability.Algorithms.QR.Higham19Thm6ElementwiseEntry,NumStability/Algorithms/QR/Higham19Thm6ElementwiseEntry.lean,Algorithms,false,true,1,NumStability.Source.Higham.Chapter19.Theorem06.ElementwiseEntry,1,NumStability.Source.Higham.Chapter19.Theorem06.ElementwiseEntry,Source-import reachability only; this does not establish an elaborated declaration dependency.
NumStability.Algorithms.QR.Higham19Thm6ElementwisePackaged,NumStability/Algorithms/QR/Higham19Thm6ElementwisePackaged.lean,Algorithms,false,true,1,NumStability.Source.Higham.Chapter19.Theorem06.ElementwisePackaged,1,NumStability.Source.Higham.Chapter19.Theorem06.ElementwisePackaged,Source-import reachability only; this does not establish an elaborated declaration dependency.
NumStability.Algorithms.QR.Higham19Thm6Final,NumStability/Algorithms/QR/Higham19Thm6Final.lean,Algorithms,false,true,1,NumStability.Source.Higham.Chapter19.Theorem06.Final,1,NumStability.Source.Higham.Chapter19.Theorem06.Final,Source-import reachability only; this does not establish an elaborated declaration dependency.
NumStability.Algorithms.QR.Higham19Thm6Pivoted,NumStability/Algorithms/QR/Higham19Thm6Pivoted.lean,Algorithms,false,true,1,NumStability.Source.Higham.Chapter19.Theorem06.Pivoted,1,NumStability.Source.Higham.Chapter19.Theorem06.Pivoted,Source-import reachability only; this does not establish an elaborated declaration dependency.
NumStability.Algorithms.QR.Higham19Thm6RowSpecific,NumStability/Algorithms/QR/Higham19Thm6RowSpecific.lean,Algorithms,false,true,1,NumStability.Source.Higham.Chapter19.Theorem06.RowSpecific,1,NumStability.Source.Higham.Chapter19.Theorem06.RowSpecific,Source-import reachability only; this does not establish an elaborated declaration dependency.
NumStability.Algorithms.QR.Higham19Thm6StrongModel,NumStability/Algorithms/QR/Higham19Thm6StrongModel.lean,Algorithms,false,true,1,NumStability.Source.Higham.Chapter19.Theorem06.StrongModel,1,NumStability.Source.Higham.Chapter19.Theorem06.StrongModel,Source-import reachability only; this does not establish an elaborated declaration dependency.
NumStability.Algorithms.QR.Higham19TurnbullAitken,NumStability/Algorithms/QR/Higham19TurnbullAitken.lean,Algorithms,false,true,1,NumStability.Source.Higham.Chapter19.TurnbullAitken,1,NumStability.Source.Higham.Chapter19.TurnbullAitken,Source-import reachability only; this does not establish an elaborated declaration dependency.
NumStability.Algorithms.QR.Higham19WYApplicationClosure,NumStability/Algorithms/QR/Higham19WYApplicationClosure.lean,Algorithms,false,true,1,NumStability.Source.Higham.Chapter19.WYApplicationClosure,1,NumStability.Source.Higham.Chapter19.WYApplicationClosure,Source-import reachability only; this does not establish an elaborated declaration dependency.
NumStability.Algorithms.QR.HouseholderApply,NumStability/Algorithms/QR/HouseholderApply.lean,Algorithms,false,true,0,,,,Source-import reachability only; this does not establish an elaborated declaration dependency.
NumStability.Algorithms.QR.HouseholderApplySupport,NumStability/Algorithms/QR/HouseholderApplySupport.lean,Algorithms,false,true,0,,,,Source-import reachability only; this does not establish an elaborated declaration dependency.
NumStability.Algorithms.QR.HouseholderConstruction2,NumStability/Algorithms/QR/HouseholderConstruction2.lean,Algorithms,false,true,1,NumStability.Source.Higham.Chapter19.Lemma01.Construction2,1,NumStability.Source.Higham.Chapter19.Lemma01.Construction2,Source-import reachability only; this does not establish an elaborated declaration dependency.
NumStability.Algorithms.QR.HouseholderMatrixStep,NumStability/Algorithms/QR/HouseholderMatrixStep.lean,Algorithms,false,true,0,,,,Source-import reachability only; this does not establish an elaborated declaration dependency.
NumStability.Algorithms.QR.HouseholderOneStep,NumStability/Algorithms/QR/HouseholderOneStep.lean,Algorithms,false,true,0,,,,Source-import reachability only; this does not establish an elaborated declaration dependency.
NumStability.Algorithms.QR.HouseholderQApply,NumStability/Algorithms/QR/HouseholderQApply.lean,Algorithms,false,true,0,,,,Source-import reachability only; this does not establish an elaborated declaration dependency.
NumStability.Algorithms.QR.HouseholderQR,NumStability/Algorithms/QR/HouseholderQR.lean,Algorithms,false,true,0,,,,Source-import reachability only; this does not establish an elaborated declaration dependency.
NumStability.Algorithms.QR.HouseholderQRSupport,NumStability/Algorithms/QR/HouseholderQRSupport.lean,Algorithms,false,true,0,,,,Source-import reachability only; this does not establish an elaborated declaration dependency.
NumStability.Algorithms.QR.HouseholderReflector,NumStability/Algorithms/QR/HouseholderReflector.lean,Algorithms,false,true,0,,,,Source-import reachability only; this does not establish an elaborated declaration dependency.
NumStability.Algorithms.QR.HouseholderSpec,NumStability/Algorithms/QR/HouseholderSpec.lean,Algorithms,false,true,0,,,,Source-import reachability only; this does not establish an elaborated declaration dependency.
NumStability.Algorithms.QR.HouseholderSpecSupport,NumStability/Algorithms/QR/HouseholderSpecSupport.lean,Algorithms,false,true,0,,,,Source-import reachability only; this does not establish an elaborated declaration dependency.
NumStability.Algorithms.QR.QRSolve,NumStability/Algorithms/QR/QRSolve.lean,Algorithms,false,true,0,,,,Source-import reachability only; this does not establish an elaborated declaration dependency.
NumStability.Algorithms.Quadrature,NumStability/Algorithms/Quadrature.lean,Algorithms,true,false,0,,,,Source-import reachability only; this does not establish an elaborated declaration dependency.
NumStability.Algorithms.RankOneUpdate,NumStability/Algorithms/RankOneUpdate.lean,Algorithms,true,false,0,,,,Source-import reachability only; this does not establish an elaborated declaration dependency.
NumStability.Algorithms.RecursiveSum,NumStability/Algorithms/RecursiveSum.lean,Algorithms,false,true,0,,2,NumStability.Source.Higham.Chapter04.Problem03,Source-import reachability only; this does not establish an elaborated declaration dependency.
NumStability.Algorithms.SoftwareIssues.Higham27,NumStability/Algorithms/SoftwareIssues/Higham27.lean,Algorithms,false,true,1,NumStability.Source.Higham.Chapter27.SoftwareEnvironment,1,NumStability.Source.Higham.Chapter27.SoftwareEnvironment,Source-import reachability only; this does not establish an elaborated declaration dependency.
NumStability.Algorithms.SoftwareIssues.Higham27Pythag,NumStability/Algorithms/SoftwareIssues/Higham27Pythag.lean,Algorithms,false,true,1,NumStability.Source.Higham.Chapter27.Problem06,1,NumStability.Source.Higham.Chapter27.Problem06,Source-import reachability only; this does not establish an elaborated declaration dependency.
NumStability.Algorithms.SquareDifference,NumStability/Algorithms/SquareDifference.lean,Algorithms,true,false,0,,,,Source-import reachability only; this does not establish an elaborated declaration dependency.
NumStability.Algorithms.StationaryIteration,NumStability/Algorithms/StationaryIteration.lean,Algorithms,false,true,3,NumStability.Source.Higham.Chapter17.Results.Equation20.DiagonalizableBounds;NumStability.Source.Higham.Chapter17.Results.Equation27.SingularErrorSplit;NumStability.Source.Higham.Chapter17.Results.Equation29.SingularBounds,1,NumStability.Source.Higham.Chapter17.Results.Equation20.DiagonalizableBounds,Source-import reachability only; this does not establish an elaborated declaration dependency.
NumStability.Algorithms.StationaryIterationDrazin,NumStability/Algorithms/StationaryIterationDrazin.lean,Algorithms,false,true,1,NumStability.Source.Higham.Chapter17.Results.Section04.DrazinConsequences,1,NumStability.Source.Higham.Chapter17.Results.Section04.DrazinConsequences,Source-import reachability only; this does not establish an elaborated declaration dependency.
NumStability.Algorithms.StationaryIterationRounded,NumStability/Algorithms/StationaryIterationRounded.lean,Algorithms,false,true,1,NumStability.Source.Higham.Chapter17.Results.Section01.RoundedExecution,1,NumStability.Source.Higham.Chapter17.Results.Section01.RoundedExecution,Source-import reachability only; this does not establish an elaborated declaration dependency.
NumStability.Algorithms.StationaryIterationSemiconvergent,NumStability/Algorithms/StationaryIterationSemiconvergent.lean,Algorithms,false,true,1,NumStability.Source.Higham.Chapter17.Results.Equation27.SingularErrorSplit,1,NumStability.Source.Higham.Chapter17.Results.Equation27.SingularErrorSplit,Source-import reachability only; this does not establish an elaborated declaration dependency.
NumStability.Algorithms.StationaryIterationSemiconvergentExistence,NumStability/Algorithms/StationaryIterationSemiconvergentExistence.lean,Algorithms,false,true,1,NumStability.Source.Higham.Chapter17.Results.Equation27.SingularErrorSplit,1,NumStability.Source.Higham.Chapter17.Results.Equation27.SingularErrorSplit,Source-import reachability only; this does not establish an elaborated declaration dependency.
NumStability.Algorithms.StationaryIterationSeries,NumStability/Algorithms/StationaryIterationSeries.lean,Algorithms,false,true,2,NumStability.Source.Higham.Chapter17.Problem01;NumStability.Source.Higham.Chapter17.Results.Series,1,NumStability.Source.Higham.Chapter17.Problem01,Source-import reachability only; this does not establish an elaborated declaration dependency.
NumStability.Algorithms.SumTree,NumStability/Algorithms/SumTree.lean,Algorithms,false,true,0,,,,Source-import reachability only; this does not establish an elaborated declaration dependency.
NumStability.Algorithms.Summation,NumStability/Algorithms/Summation.lean,Algorithms,false,false,0,,2,NumStability.Source.Higham.Chapter04.Algorithm02.InitializationModelLimitations,Source-import reachability only; this does not establish an elaborated declaration dependency.
NumStability.Algorithms.Summation.Accumulator,NumStability/Algorithms/Summation/Accumulator.lean,Algorithms,true,false,0,,,,Source-import reachability only; this does not establish an elaborated declaration dependency.
NumStability.Algorithms.Summation.Compensated,NumStability/Algorithms/Summation/Compensated.lean,Algorithms,false,false,13,NumStability.Source.Higham.Chapter04.Algorithm02.InitializationModelLimitations;NumStability.Source.Higham.Chapter04.Equation07.AbstractModelCounterexample;NumStability.Source.Higham.Chapter04.Equation07.NoGuardCounterexample;NumStability.Source.Higham.Chapter04.Equation07.SterbenzCounterexamples;NumStability.Source.Higham.Chapter04.Equation08.FiniteRouteLimitations;NumStability.Source.Higham.Chapter04.Equation08.ModelStrength;NumStability.Source.Higham.Chapter04.Equation08.ReturnedSum;NumStability.Source.Higham.Chapter04.Equation09.Correction;NumStability.Source.Higham.Chapter04.Equation09.ModelStrength;NumStability.Source.Higham.Chapter04.Equation10;NumStability.Source.Higham.Chapter04.Problem10;NumStability.Source.Higham.Chapter04.Section03.FiniteFormat;NumStability.Source.Higham.Chapter04.Section03.NoGuardKahanCounterexample,1,NumStability.Source.Higham.Chapter04.Algorithm02.InitializationModelLimitations,Source-import reachability only; this does not establish an elaborated declaration dependency.
NumStability.Algorithms.Summation.Compensated.Alternative,NumStability/Algorithms/Summation/Compensated/Alternative.lean,Algorithms,false,false,0,,,,Source-import reachability only; this does not establish an elaborated declaration dependency.
NumStability.Algorithms.Summation.Compensated.Alternative.Core,NumStability/Algorithms/Summation/Compensated/Alternative/Core.lean,Algorithms,true,false,0,,,,Source-import reachability only; this does not establish an elaborated declaration dependency.
NumStability.Algorithms.Summation.Compensated.Alternative.ErrorBounds,NumStability/Algorithms/Summation/Compensated/Alternative/ErrorBounds.lean,Algorithms,true,false,0,,,,Source-import reachability only; this does not establish an elaborated declaration dependency.
NumStability.Algorithms.Summation.Compensated.CorrectionFormula,NumStability/Algorithms/Summation/Compensated/CorrectionFormula.lean,Algorithms,true,false,0,,,,Source-import reachability only; this does not establish an elaborated declaration dependency.
NumStability.Algorithms.Summation.Compensated.FastTwoSum,NumStability/Algorithms/Summation/Compensated/FastTwoSum.lean,Algorithms,true,false,0,,,,Source-import reachability only; this does not establish an elaborated declaration dependency.
NumStability.Algorithms.Summation.Compensated.FiniteFormat,NumStability/Algorithms/Summation/Compensated/FiniteFormat.lean,Algorithms,true,false,0,,,,Source-import reachability only; this does not establish an elaborated declaration dependency.
NumStability.Algorithms.Summation.Compensated.Kahan,NumStability/Algorithms/Summation/Compensated/Kahan.lean,Algorithms,false,false,0,,,,Source-import reachability only; this does not establish an elaborated declaration dependency.
NumStability.Algorithms.Summation.Compensated.Kahan.Coefficients,NumStability/Algorithms/Summation/Compensated/Kahan/Coefficients.lean,Algorithms,false,false,0,,,,Source-import reachability only; this does not establish an elaborated declaration dependency.
NumStability.Algorithms.Summation.Compensated.Kahan.Coefficients.Affine,NumStability/Algorithms/Summation/Compensated/Kahan/Coefficients/Affine.lean,Algorithms,true,false,0,,,,Source-import reachability only; this does not establish an elaborated declaration dependency.
NumStability.Algorithms.Summation.Compensated.Kahan.Coefficients.Coupled,NumStability/Algorithms/Summation/Compensated/Kahan/Coefficients/Coupled.lean,Algorithms,true,false,0,,,,Source-import reachability only; this does not establish an elaborated declaration dependency.
NumStability.Algorithms.Summation.Compensated.Kahan.Core,NumStability/Algorithms/Summation/Compensated/Kahan/Core.lean,Algorithms,true,false,0,,,,Source-import reachability only; this does not establish an elaborated declaration dependency.
NumStability.Algorithms.Summation.Compensated.Kahan.ErrorBounds,NumStability/Algorithms/Summation/Compensated/Kahan/ErrorBounds.lean,Algorithms,true,false,0,,,,Source-import reachability only; this does not establish an elaborated declaration dependency.
NumStability.Algorithms.Summation.Compensated.Kahan.Exactness,NumStability/Algorithms/Summation/Compensated/Kahan/Exactness.lean,Algorithms,true,false,0,,,,Source-import reachability only; this does not establish an elaborated declaration dependency.
NumStability.Algorithms.Summation.Compensated.Kahan.Finite,NumStability/Algorithms/Summation/Compensated/Kahan/Finite.lean,Algorithms,true,false,0,,,,Source-import reachability only; this does not establish an elaborated declaration dependency.
NumStability.Algorithms.Summation.Compensated.Kahan.FiniteErrorBounds,NumStability/Algorithms/Summation/Compensated/Kahan/FiniteErrorBounds.lean,Algorithms,true,false,0,,,,Source-import reachability only; this does not establish an elaborated declaration dependency.
NumStability.Algorithms.Summation.Compensated.Kahan.FiniteFormat,NumStability/Algorithms/Summation/Compensated/Kahan/FiniteFormat.lean,Algorithms,true,false,0,,,,Source-import reachability only; this does not establish an elaborated declaration dependency.
NumStability.Algorithms.Summation.Compensated.Kahan.Internal.FinFold,NumStability/Algorithms/Summation/Compensated/Kahan/Internal/FinFold.lean,Algorithms,true,false,0,,,,Source-import reachability only; this does not establish an elaborated declaration dependency.
NumStability.Algorithms.Summation.Compensated.Kahan.LocalCoefficients,NumStability/Algorithms/Summation/Compensated/Kahan/LocalCoefficients.lean,Algorithms,true,false,0,,,,Source-import reachability only; this does not establish an elaborated declaration dependency.
NumStability.Algorithms.Summation.Compensated.Kahan.Majorants,NumStability/Algorithms/Summation/Compensated/Kahan/Majorants.lean,Algorithms,true,false,0,,,,Source-import reachability only; this does not establish an elaborated declaration dependency.
NumStability.Algorithms.Summation.Compensated.Neumaier.AdaptiveFiniteFormat,NumStability/Algorithms/Summation/Compensated/Neumaier/AdaptiveFiniteFormat.lean,Algorithms,true,false,0,,,,Source-import reachability only; this does not establish an elaborated declaration dependency.
NumStability.Algorithms.Summation.Compensated.Neumaier.All,NumStability/Algorithms/Summation/Compensated/Neumaier/All.lean,Algorithms,false,false,0,,,,Source-import reachability only; this does not establish an elaborated declaration dependency.
NumStability.Algorithms.Summation.Compensated.Neumaier.ExactResidual,NumStability/Algorithms/Summation/Compensated/Neumaier/ExactResidual.lean,Algorithms,true,false,0,,,,Source-import reachability only; this does not establish an elaborated declaration dependency.
NumStability.Algorithms.Summation.Compensated.Neumaier.FiniteExecutor,NumStability/Algorithms/Summation/Compensated/Neumaier/FiniteExecutor.lean,Algorithms,true,false,0,,,,Source-import reachability only; this does not establish an elaborated declaration dependency.
NumStability.Algorithms.Summation.Compensated.NoGuard,NumStability/Algorithms/Summation/Compensated/NoGuard.lean,Algorithms,false,false,0,,,,Source-import reachability only; this does not establish an elaborated declaration dependency.
NumStability.Algorithms.Summation.Compensated.NoGuard.CorrectionFormula,NumStability/Algorithms/Summation/Compensated/NoGuard/CorrectionFormula.lean,Algorithms,true,false,0,,,,Source-import reachability only; this does not establish an elaborated declaration dependency.
NumStability.Algorithms.Summation.Compensated.NoGuard.Modified,NumStability/Algorithms/Summation/Compensated/NoGuard/Modified.lean,Algorithms,true,false,0,,,,Source-import reachability only; this does not establish an elaborated declaration dependency.
NumStability.Algorithms.Summation.Compensated.NoGuard.Ordinary,NumStability/Algorithms/Summation/Compensated/NoGuard/Ordinary.lean,Algorithms,true,false,0,,,,Source-import reachability only; this does not establish an elaborated declaration dependency.
NumStability.Algorithms.Summation.Compensated.Priest.All,NumStability/Algorithms/Summation/Compensated/Priest/All.lean,Algorithms,false,false,0,,,,Source-import reachability only; this does not establish an elaborated declaration dependency.
NumStability.Algorithms.Summation.Compensated.Priest.FiniteFormat,NumStability/Algorithms/Summation/Compensated/Priest/FiniteFormat.lean,Algorithms,true,false,0,,,,Source-import reachability only; this does not establish an elaborated declaration dependency.
NumStability.Algorithms.Summation.DoublyCompensated,NumStability/Algorithms/Summation/DoublyCompensated.lean,Algorithms,true,false,0,,,,Source-import reachability only; this does not establish an elaborated declaration dependency.
NumStability.Algorithms.Summation.Insertion,NumStability/Algorithms/Summation/Insertion.lean,Algorithms,false,false,1,NumStability.Source.Higham.Chapter04.Section01.InsertionExamples,1,NumStability.Source.Higham.Chapter04.Section01.InsertionExamples,Source-import reachability only; this does not establish an elaborated declaration dependency.
NumStability.Algorithms.Summation.Insertion.ActiveList,NumStability/Algorithms/Summation/Insertion/ActiveList.lean,Algorithms,true,false,0,,,,Source-import reachability only; this does not establish an elaborated declaration dependency.
NumStability.Algorithms.Summation.Insertion.Executor,NumStability/Algorithms/Summation/Insertion/Executor.lean,Algorithms,true,false,0,,,,Source-import reachability only; this does not establish an elaborated declaration dependency.
NumStability.Algorithms.Summation.Insertion.RunningError,NumStability/Algorithms/Summation/Insertion/RunningError.lean,Algorithms,true,false,0,,,,Source-import reachability only; this does not establish an elaborated declaration dependency.
NumStability.Algorithms.Summation.Insertion.Schedule,NumStability/Algorithms/Summation/Insertion/Schedule.lean,Algorithms,true,false,0,,,,Source-import reachability only; this does not establish an elaborated declaration dependency.
NumStability.Algorithms.Summation.Insertion.ScheduleExecution,NumStability/Algorithms/Summation/Insertion/ScheduleExecution.lean,Algorithms,true,false,0,,,,Source-import reachability only; this does not establish an elaborated declaration dependency.
NumStability.Algorithms.Summation.Pairwise,NumStability/Algorithms/Summation/Pairwise.lean,Algorithms,false,false,1,NumStability.Source.Higham.Chapter04.Section01.PairwiseSixTerm,1,NumStability.Source.Higham.Chapter04.Section01.PairwiseSixTerm,Source-import reachability only; this does not establish an elaborated declaration dependency.
NumStability.Algorithms.Summation.Pairwise.Core,NumStability/Algorithms/Summation/Pairwise/Core.lean,Algorithms,true,false,0,,,,Source-import reachability only; this does not establish an elaborated declaration dependency.
NumStability.Algorithms.Summation.PlusMinus,NumStability/Algorithms/Summation/PlusMinus.lean,Algorithms,true,false,0,,,,Source-import reachability only; this does not establish an elaborated declaration dependency.
NumStability.Algorithms.Summation.Recursive,NumStability/Algorithms/Summation/Recursive.lean,Algorithms,false,false,1,NumStability.Source.Higham.Chapter04.Problem03,1,NumStability.Source.Higham.Chapter04.Problem03,Source-import reachability only; this does not establish an elaborated declaration dependency.
NumStability.Algorithms.Summation.Recursive.Core,NumStability/Algorithms/Summation/Recursive/Core.lean,Algorithms,true,false,0,,,,Source-import reachability only; this does not establish an elaborated declaration dependency.
NumStability.Algorithms.Summation.Tree,NumStability/Algorithms/Summation/Tree.lean,Algorithms,false,false,0,,,,Source-import reachability only; this does not establish an elaborated declaration dependency.
NumStability.Algorithms.Summation.Tree.ArbitraryOrderError.All,NumStability/Algorithms/Summation/Tree/ArbitraryOrderError/All.lean,Algorithms,false,false,0,,,,Source-import reachability only; this does not establish an elaborated declaration dependency.
NumStability.Algorithms.Summation.Tree.ArbitraryOrderError.PivotNormalized,NumStability/Algorithms/Summation/Tree/ArbitraryOrderError/PivotNormalized.lean,Algorithms,true,false,0,,,,Source-import reachability only; this does not establish an elaborated declaration dependency.
NumStability.Algorithms.Summation.Tree.Balanced,NumStability/Algorithms/Summation/Tree/Balanced.lean,Algorithms,true,false,0,,,,Source-import reachability only; this does not establish an elaborated declaration dependency.
NumStability.Algorithms.Summation.Tree.Chain,NumStability/Algorithms/Summation/Tree/Chain.lean,Algorithms,true,false,0,,,,Source-import reachability only; this does not establish an elaborated declaration dependency.
NumStability.Algorithms.Summation.Tree.Core,NumStability/Algorithms/Summation/Tree/Core.lean,Algorithms,true,false,0,,,,Source-import reachability only; this does not establish an elaborated declaration dependency.
NumStability.Algorithms.Summation.Tree.RecursiveBridge,NumStability/Algorithms/Summation/Tree/RecursiveBridge.lean,Algorithms,false,true,0,,,,Source-import reachability only; this does not establish an elaborated declaration dependency.
NumStability.Algorithms.Sylvester,NumStability/Algorithms/Sylvester.lean,Algorithms,false,false,24,NumStability.Source.Higham.Chapter16.Foundations.Core;NumStability.Source.Higham.Chapter16.HessenbergSchur.Results;NumStability.Source.Higham.Chapter16.HessenbergSchur.Rounded;NumStability.Source.Higham.Chapter16.Minimizers.Results;NumStability.Source.Higham.Chapter16.Problem02;NumStability.Source.Higham.Chapter16.Problem02.Results.Core;NumStability.Source.Higham.Chapter16.QuasiRounded.Solve;NumStability.Source.Higham.Chapter16.QuasiRounded.Sylvester;NumStability.Source.Higham.Chapter16.Section01.SylvesterEquation;NumStability.Source.Higham.Chapter16.Section01.SylvesterEquation.All;NumStability.Source.Higham.Chapter16.Section02.BartelsStewart;NumStability.Source.Higham.Chapter16.Section02.RealSchurDecomposition.All;NumStability.Source.Higham.Chapter16.Section02.SylvesterAndLyapunovBackwardError;NumStability.Source.Higham.Chapter16.Section02.SylvesterAndLyapunovBackwardError.All;NumStability.Source.Higham.Chapter16.Section03.PerturbationAndConditioning;NumStability.Source.Higham.Chapter16.Section03.PerturbationAndConditioning.All;NumStability.Source.Higham.Chapter16.Section03.PerturbationAndConditioning.AutomaticBounds.Results.Core;NumStability.Source.Higham.Chapter16.Section04.PracticalErrorBounds;NumStability.Source.Higham.Chapter16.Section04.PracticalErrorBounds.All;NumStability.Source.Higham.Chapter16.Section05.GeneralizedMatrixEquations.All;NumStability.Source.Higham.Chapter16.Spectrum.Minimizers;NumStability.Source.Higham.Chapter16.Spectrum.Results;NumStability.Source.Higham.Chapter16.VecNorm.Results;NumStability.Source.Higham.Chapter16.VecPermutation.Notes,1,NumStability.Source.Higham.Chapter16.Foundations.Core,Source-import reachability only; this does not establish an elaborated declaration dependency.
NumStability.Algorithms.Sylvester.Higham16,NumStability/Algorithms/Sylvester/Higham16.lean,Algorithms,false,true,1,NumStability.Source.Higham.Chapter16.Foundations.Core,1,NumStability.Source.Higham.Chapter16.Foundations.Core,Source-import reachability only; this does not establish an elaborated declaration dependency.
NumStability.Algorithms.Sylvester.Higham16AutoCondition,NumStability/Algorithms/Sylvester/Higham16AutoCondition.lean,Algorithms,false,true,1,NumStability.Source.Higham.Chapter16.Section03.PerturbationAndConditioning.AutomaticBounds.Results.Core,1,NumStability.Source.Higham.Chapter16.Section03.PerturbationAndConditioning.AutomaticBounds.Results.Core,Source-import reachability only; this does not establish an elaborated declaration dependency.
NumStability.Algorithms.Sylvester.Higham16Eq9Assembly,NumStability/Algorithms/Sylvester/Higham16Eq9Assembly.lean,Algorithms,false,true,2,NumStability.Source.Higham.Chapter16.Section02.BartelsStewart.Equation09.Assembly;NumStability.Source.Higham.Chapter19.Core,1,NumStability.Source.Higham.Chapter16.Section02.BartelsStewart.Equation09.Assembly,Source-import reachability only; this does not establish an elaborated declaration dependency.
NumStability.Algorithms.Sylvester.Higham16Eq9EndToEnd,NumStability/Algorithms/Sylvester/Higham16Eq9EndToEnd.lean,Algorithms,false,true,1,NumStability.Source.Higham.Chapter16.Section02.BartelsStewart.Equation09.EndToEnd,1,NumStability.Source.Higham.Chapter16.Section02.BartelsStewart.Equation09.EndToEnd,Source-import reachability only; this does not establish an elaborated declaration dependency.
NumStability.Algorithms.Sylvester.Higham16HessenbergRounded,NumStability/Algorithms/Sylvester/Higham16HessenbergRounded.lean,Algorithms,false,true,1,NumStability.Source.Higham.Chapter16.HessenbergSchur.Rounded,1,NumStability.Source.Higham.Chapter16.HessenbergSchur.Rounded,Source-import reachability only; this does not establish an elaborated declaration dependency.
NumStability.Algorithms.Sylvester.Higham16HessenbergSchur,NumStability/Algorithms/Sylvester/Higham16HessenbergSchur.lean,Algorithms,false,true,1,NumStability.Source.Higham.Chapter16.HessenbergSchur.Results,1,NumStability.Source.Higham.Chapter16.HessenbergSchur.Results,Source-import reachability only; this does not establish an elaborated declaration dependency.
NumStability.Algorithms.Sylvester.Higham16Lyapunov,NumStability/Algorithms/Sylvester/Higham16Lyapunov.lean,Algorithms,false,false,3,NumStability.Source.Higham.Chapter16.Section03.PerturbationAndConditioning.Equation26;NumStability.Source.Higham.Chapter16.Section03.PerturbationAndConditioning.Equation27;NumStability.Source.Higham.Chapter16.Section04.PracticalErrorBounds.Equation28,1,NumStability.Source.Higham.Chapter16.Section03.PerturbationAndConditioning.Equation26,Source-import reachability only; this does not establish an elaborated declaration dependency.
NumStability.Algorithms.Sylvester.Higham16LyapunovSigmaMin,NumStability/Algorithms/Sylvester/Higham16LyapunovSigmaMin.lean,Algorithms,false,true,1,NumStability.Source.Higham.Chapter16.Section03.PerturbationAndConditioning.SigmaMinCorollaries.Lyapunov,1,NumStability.Source.Higham.Chapter16.Section03.PerturbationAndConditioning.SigmaMinCorollaries.Lyapunov,Source-import reachability only; this does not establish an elaborated declaration dependency.
NumStability.Algorithms.Sylvester.Higham16Minimizers,NumStability/Algorithms/Sylvester/Higham16Minimizers.lean,Algorithms,false,true,1,NumStability.Source.Higham.Chapter16.Minimizers.Results,1,NumStability.Source.Higham.Chapter16.Minimizers.Results,Source-import reachability only; this does not establish an elaborated declaration dependency.
NumStability.Algorithms.Sylvester.Higham16NormEstimator,NumStability/Algorithms/Sylvester/Higham16NormEstimator.lean,Algorithms,false,true,1,NumStability.Source.Higham.Chapter16.Section04.PracticalErrorBounds.NormEstimator.Equation29,1,NumStability.Source.Higham.Chapter16.Section04.PracticalErrorBounds.NormEstimator.Equation29,Source-import reachability only; this does not establish an elaborated declaration dependency.
NumStability.Algorithms.Sylvester.Higham16PerturbationSigmaMin,NumStability/Algorithms/Sylvester/Higham16PerturbationSigmaMin.lean,Algorithms,false,true,1,NumStability.Source.Higham.Chapter16.Section03.PerturbationAndConditioning.SigmaMinCorollaries.SylvesterPerturbation,1,NumStability.Source.Higham.Chapter16.Section03.PerturbationAndConditioning.SigmaMinCorollaries.SylvesterPerturbation,Source-import reachability only; this does not establish an elaborated declaration dependency.
NumStability.Algorithms.Sylvester.Higham16PivotedSmallBlocks,NumStability/Algorithms/Sylvester/Higham16PivotedSmallBlocks.lean,Algorithms,false,true,1,NumStability.Source.Higham.Chapter16.Section02.BartelsStewart.Equations04To08.PivotedSmallBlocks,1,NumStability.Source.Higham.Chapter16.Section02.BartelsStewart.Equations04To08.PivotedSmallBlocks,Source-import reachability only; this does not establish an elaborated declaration dependency.
NumStability.Algorithms.Sylvester.Higham16Problem16_2,NumStability/Algorithms/Sylvester/Higham16Problem16_2.lean,Algorithms,false,true,1,NumStability.Source.Higham.Chapter16.Problem02.Results.Core,1,NumStability.Source.Higham.Chapter16.Problem02.Results.Core,Source-import reachability only; this does not establish an elaborated declaration dependency.
NumStability.Algorithms.Sylvester.Higham16Psi,NumStability/Algorithms/Sylvester/Higham16Psi.lean,Algorithms,false,false,2,NumStability.Source.Higham.Chapter16.Section03.PerturbationAndConditioning.Equation23;NumStability.Source.Higham.Chapter16.Section03.PerturbationAndConditioning.Equation24,1,NumStability.Source.Higham.Chapter16.Section03.PerturbationAndConditioning.Equation23,Source-import reachability only; this does not establish an elaborated declaration dependency.
NumStability.Algorithms.Sylvester.Higham16PsiSigmaMin,NumStability/Algorithms/Sylvester/Higham16PsiSigmaMin.lean,Algorithms,false,true,1,NumStability.Source.Higham.Chapter16.Section03.PerturbationAndConditioning.SigmaMinCorollaries.StructuredSylvester,1,NumStability.Source.Higham.Chapter16.Section03.PerturbationAndConditioning.SigmaMinCorollaries.StructuredSylvester,Source-import reachability only; this does not establish an elaborated declaration dependency.
NumStability.Algorithms.Sylvester.Higham16QuasiQuasiRounded,NumStability/Algorithms/Sylvester/Higham16QuasiQuasiRounded.lean,Algorithms,false,true,0,,2,NumStability.Source.Higham.Chapter16.QuasiRounded.Sylvester,Source-import reachability only; this does not establish an elaborated declaration dependency.
NumStability.Algorithms.Sylvester.Higham16QuasiQuasiSylvester,NumStability/Algorithms/Sylvester/Higham16QuasiQuasiSylvester.lean,Algorithms,false,true,1,NumStability.Source.Higham.Chapter16.Section02.BartelsStewart.Equations04To08.QuasiQuasiSylvester,1,NumStability.Source.Higham.Chapter16.Section02.BartelsStewart.Equations04To08.QuasiQuasiSylvester,Source-import reachability only; this does not establish an elaborated declaration dependency.
NumStability.Algorithms.Sylvester.Higham16QuasiRoundedSolve,NumStability/Algorithms/Sylvester/Higham16QuasiRoundedSolve.lean,Algorithms,false,true,1,NumStability.Source.Higham.Chapter16.QuasiRounded.Solve,1,NumStability.Source.Higham.Chapter16.QuasiRounded.Solve,Source-import reachability only; this does not establish an elaborated declaration dependency.
NumStability.Algorithms.Sylvester.Higham16QuasiRoundedSylvester,NumStability/Algorithms/Sylvester/Higham16QuasiRoundedSylvester.lean,Algorithms,false,true,1,NumStability.Source.Higham.Chapter16.QuasiRounded.Sylvester,1,NumStability.Source.Higham.Chapter16.QuasiRounded.Sylvester,Source-import reachability only; this does not establish an elaborated declaration dependency.
NumStability.Algorithms.Sylvester.Higham16RoundedExecutor,NumStability/Algorithms/Sylvester/Higham16RoundedExecutor.lean,Algorithms,false,true,1,NumStability.Source.Higham.Chapter16.Section02.BartelsStewart.Equations04To08.RoundedExecutor,1,NumStability.Source.Higham.Chapter16.Section02.BartelsStewart.Equations04To08.RoundedExecutor,Source-import reachability only; this does not establish an elaborated declaration dependency.
NumStability.Algorithms.Sylvester.Higham16RoundedTriangular,NumStability/Algorithms/Sylvester/Higham16RoundedTriangular.lean,Algorithms,false,true,1,NumStability.Source.Higham.Chapter16.Section02.BartelsStewart.Equations04To08.RoundedTriangular,1,NumStability.Source.Higham.Chapter16.Section02.BartelsStewart.Equations04To08.RoundedTriangular,Source-import reachability only; this does not establish an elaborated declaration dependency.
NumStability.Algorithms.Sylvester.Higham16Spectrum,NumStability/Algorithms/Sylvester/Higham16Spectrum.lean,Algorithms,false,true,1,NumStability.Source.Higham.Chapter16.Spectrum.Results,1,NumStability.Source.Higham.Chapter16.Spectrum.Results,Source-import reachability only; this does not establish an elaborated declaration dependency.
NumStability.Algorithms.Sylvester.Higham16SpectrumMinimizers,NumStability/Algorithms/Sylvester/Higham16SpectrumMinimizers.lean,Algorithms,false,true,1,NumStability.Source.Higham.Chapter16.Spectrum.Minimizers,1,NumStability.Source.Higham.Chapter16.Spectrum.Minimizers,Source-import reachability only; this does not establish an elaborated declaration dependency.
NumStability.Algorithms.Sylvester.Higham16VecNorm,NumStability/Algorithms/Sylvester/Higham16VecNorm.lean,Algorithms,false,true,1,NumStability.Source.Higham.Chapter16.VecNorm.Results,1,NumStability.Source.Higham.Chapter16.VecNorm.Results,Source-import reachability only; this does not establish an elaborated declaration dependency.
NumStability.Algorithms.Sylvester.Higham16VecPermutationNotes,NumStability/Algorithms/Sylvester/Higham16VecPermutationNotes.lean,Algorithms,false,true,1,NumStability.Source.Higham.Chapter16.VecPermutation.Notes,1,NumStability.Source.Higham.Chapter16.VecPermutation.Notes,Source-import reachability only; this does not establish an elaborated declaration dependency.
NumStability.Algorithms.Sylvester.SylvesterBackward,NumStability/Algorithms/Sylvester/SylvesterBackward.lean,Algorithms,false,false,6,NumStability.Source.Higham.Chapter16.Section02.SylvesterAndLyapunovBackwardError.Equation13;NumStability.Source.Higham.Chapter16.Section02.SylvesterAndLyapunovBackwardError.Equation15;NumStability.Source.Higham.Chapter16.Section02.SylvesterAndLyapunovBackwardError.Equation16;NumStability.Source.Higham.Chapter16.Section02.SylvesterAndLyapunovBackwardError.Equation18;NumStability.Source.Higham.Chapter16.Section02.SylvesterAndLyapunovBackwardError.Equation19;NumStability.Source.Higham.Chapter16.Section02.SylvesterAndLyapunovBackwardError.Equation21,1,NumStability.Source.Higham.Chapter16.Section02.SylvesterAndLyapunovBackwardError.Equation13,Source-import reachability only; this does not establish an elaborated declaration dependency.
NumStability.Algorithms.Sylvester.SylvesterPerturbation,NumStability/Algorithms/Sylvester/SylvesterPerturbation.lean,Algorithms,false,false,5,NumStability.Source.Higham.Chapter16.Section03.PerturbationAndConditioning.Equation22;NumStability.Source.Higham.Chapter16.Section03.PerturbationAndConditioning.Equation23;NumStability.Source.Higham.Chapter16.Section03.PerturbationAndConditioning.Equation24;NumStability.Source.Higham.Chapter16.Section03.PerturbationAndConditioning.Equation25;NumStability.Source.Higham.Chapter16.Section03.PerturbationAndConditioning.Equation27,1,NumStability.Source.Higham.Chapter16.Section03.PerturbationAndConditioning.Equation22,Source-import reachability only; this does not establish an elaborated declaration dependency.
NumStability.Algorithms.Sylvester.SylvesterSpec,NumStability/Algorithms/Sylvester/SylvesterSpec.lean,Algorithms,false,false,5,NumStability.Source.Higham.Chapter16.Section02.SylvesterAndLyapunovBackwardError.Equation10;NumStability.Source.Higham.Chapter16.Section02.SylvesterAndLyapunovBackwardError.Equation11;NumStability.Source.Higham.Chapter16.Section02.SylvesterAndLyapunovBackwardError.Equation12;NumStability.Source.Higham.Chapter16.Section02.SylvesterAndLyapunovBackwardError.Equation21;NumStability.Source.Higham.Chapter16.Section02.SylvesterAndLyapunovBackwardError.LyapunovDefinition,1,NumStability.Source.Higham.Chapter16.Section02.SylvesterAndLyapunovBackwardError.Equation10,Source-import reachability only; this does not establish an elaborated declaration dependency.
NumStability.Algorithms.TestMatrices.Higham28,NumStability/Algorithms/TestMatrices/Higham28.lean,Algorithms,false,true,4,NumStability.Source.Higham.Chapter28.Equation01.HilbertInverse.Basic;NumStability.Source.Higham.Chapter28.Equation02.ExactHilbertDeterminant.Basic;NumStability.Source.Higham.Chapter28.Equation03.HilbertCholeskyFactor.Basic;NumStability.Source.Higham.Chapter28.Equation04.HilbertCholeskyInverse.Basic,1,NumStability.Source.Higham.Chapter28.Equation01.HilbertInverse.Basic,Source-import reachability only; this does not establish an elaborated declaration dependency.
NumStability.Algorithms.TestMatrices.Higham28Asymptotics,NumStability/Algorithms/TestMatrices/Higham28Asymptotics.lean,Algorithms,false,true,1,NumStability.Source.Higham.Chapter28.Section02.RealGinibre.Asymptotics.Asymptotics,1,NumStability.Source.Higham.Chapter28.Section02.RealGinibre.Asymptotics.Asymptotics,Source-import reachability only; this does not establish an elaborated declaration dependency.
NumStability.Algorithms.TestMatrices.Higham28Cauchy,NumStability/Algorithms/TestMatrices/Higham28Cauchy.lean,Algorithms,false,true,2,NumStability.Source.Higham.Chapter28.Section01.Cauchy.Cauchy;NumStability.Source.Higham.Chapter28.Section01.HilbertConditioning.Cauchy,1,NumStability.Source.Higham.Chapter28.Section01.Cauchy.Cauchy,Source-import reachability only; this does not establish an elaborated declaration dependency.
NumStability.Algorithms.TestMatrices.Higham28Companion,NumStability/Algorithms/TestMatrices/Higham28Companion.lean,Algorithms,false,true,2,NumStability.Source.Higham.Chapter28.Section06.Companion.CharacteristicPolynomial;NumStability.Source.Higham.Chapter28.Section06.Companion.Companion,1,NumStability.Source.Higham.Chapter28.Section06.Companion.CharacteristicPolynomial,Source-import reachability only; this does not establish an elaborated declaration dependency.
NumStability.Algorithms.TestMatrices.Higham28CompanionSpectral,NumStability/Algorithms/TestMatrices/Higham28CompanionSpectral.lean,Algorithms,false,true,3,NumStability.Source.Higham.Chapter28.Section06.Companion.CompanionSpectral;NumStability.Source.Higham.Chapter28.Section06.Companion.Normality;NumStability.Source.Higham.Chapter28.Section06.Companion.SingularValues,1,NumStability.Source.Higham.Chapter28.Section06.Companion.CompanionSpectral,Source-import reachability only; this does not establish an elaborated declaration dependency.
NumStability.Algorithms.TestMatrices.Higham28Contracts,NumStability/Algorithms/TestMatrices/Higham28Contracts.lean,Algorithms,false,true,12,NumStability.Source.Higham.Chapter09.Problems;NumStability.Source.Higham.Chapter09.Section01;NumStability.Source.Higham.Chapter09.Section02;NumStability.Source.Higham.Chapter09.Section03;NumStability.Source.Higham.Chapter09.Section04;NumStability.Source.Higham.Chapter09.Section05;NumStability.Source.Higham.Chapter09.Section06;NumStability.Source.Higham.Chapter09.Section08;NumStability.Source.Higham.Chapter09.Section10;NumStability.Source.Higham.Chapter09.Section11;NumStability.Source.Higham.Chapter28.Section05.TridiagonalToeplitz.SineEigenvectors;NumStability.Source.Higham.Chapter28.Section06.Companion.Nonderogatory,1,NumStability.Source.Higham.Chapter09.Problems,Source-import reachability only; this does not establish an elaborated declaration dependency.
NumStability.Algorithms.TestMatrices.Higham28Exact,NumStability/Algorithms/TestMatrices/Higham28Exact.lean,Algorithms,false,true,3,NumStability.Source.Higham.Chapter28.Equation01.HilbertInverse.Exact;NumStability.Source.Higham.Chapter28.Equation02.ExactHilbertDeterminant.Exact;NumStability.Source.Higham.Chapter28.Equation03.HilbertCholeskyFactor.Exact,1,NumStability.Source.Higham.Chapter28.Equation01.HilbertInverse.Exact,Source-import reachability only; this does not establish an elaborated declaration dependency.
NumStability.Algorithms.TestMatrices.Higham28GaussianAbsoluteMoment,NumStability/Algorithms/TestMatrices/Higham28GaussianAbsoluteMoment.lean,Algorithms,false,true,0,,,,Source-import reachability only; this does not establish an elaborated declaration dependency.
NumStability.Algorithms.TestMatrices.Higham28GaussianDirection,NumStability/Algorithms/TestMatrices/Higham28GaussianDirection.lean,Algorithms,false,true,0,,,,Source-import reachability only; this does not establish an elaborated declaration dependency.
NumStability.Algorithms.TestMatrices.Higham28GaussianOrthogonal,NumStability/Algorithms/TestMatrices/Higham28GaussianOrthogonal.lean,Algorithms,false,true,0,,,,Source-import reachability only; this does not establish an elaborated declaration dependency.
NumStability.Algorithms.TestMatrices.Higham28GaussianQRHaar,NumStability/Algorithms/TestMatrices/Higham28GaussianQRHaar.lean,Algorithms,false,true,2,NumStability.Source.Higham.Chapter28.Section03.Theorem01.StewartHaar.GaussianQRHaar;NumStability.Source.Higham.Chapter28.Section03.Theorem01.StewartHaar.QRFactorHaar,1,NumStability.Source.Higham.Chapter28.Section03.Theorem01.StewartHaar.GaussianQRHaar,Source-import reachability only; this does not establish an elaborated declaration dependency.
NumStability.Algorithms.TestMatrices.Higham28Ginibre,NumStability/Algorithms/TestMatrices/Higham28Ginibre.lean,Algorithms,false,true,3,NumStability.Source.Higham.Chapter28.Section02.RealGinibre.FiniteExpectation.ClosedFormAsymptotics;NumStability.Source.Higham.Chapter28.Section02.RealGinibre.FiniteExpectation.Ginibre;NumStability.Source.Higham.Chapter28.Section02.RealGinibre.RootMeasurability.EigenvalueCounts,1,NumStability.Source.Higham.Chapter28.Section02.RealGinibre.FiniteExpectation.ClosedFormAsymptotics,Source-import reachability only; this does not establish an elaborated declaration dependency.
NumStability.Algorithms.TestMatrices.Higham28GinibreAbsoluteDetRecurrence,NumStability/Algorithms/TestMatrices/Higham28GinibreAbsoluteDetRecurrence.lean,Algorithms,false,true,2,NumStability.Source.Higham.Chapter28.Section02.RealGinibre.FiniteExpectation.GinibreAbsoluteDetRecurrence;NumStability.Source.Higham.Chapter28.Section02.RealGinibre.InvariantPlanes.DimensionTwoExact,1,NumStability.Source.Higham.Chapter28.Section02.RealGinibre.FiniteExpectation.GinibreAbsoluteDetRecurrence,Source-import reachability only; this does not establish an elaborated declaration dependency.
NumStability.Algorithms.TestMatrices.Higham28GinibreAtlas,NumStability/Algorithms/TestMatrices/Higham28GinibreAtlas.lean,Algorithms,false,true,1,NumStability.Source.Higham.Chapter28.Section02.RealGinibre.InvariantPlanes.GinibreAtlas,1,NumStability.Source.Higham.Chapter28.Section02.RealGinibre.InvariantPlanes.GinibreAtlas,Source-import reachability only; this does not establish an elaborated declaration dependency.
NumStability.Algorithms.TestMatrices.Higham28GinibreCharacteristicProduct,NumStability/Algorithms/TestMatrices/Higham28GinibreCharacteristicProduct.lean,Algorithms,false,true,2,NumStability.Source.Higham.Chapter28.Section02.RealGinibre.FiniteExpectation.CharacteristicProductMoments;NumStability.Source.Higham.Chapter28.Section02.RealGinibre.FiniteExpectation.GinibreCharacteristicProduct,1,NumStability.Source.Higham.Chapter28.Section02.RealGinibre.FiniteExpectation.CharacteristicProductMoments,Source-import reachability only; this does not establish an elaborated declaration dependency.
NumStability.Algorithms.TestMatrices.Higham28GinibreComplexPairs,NumStability/Algorithms/TestMatrices/Higham28GinibreComplexPairs.lean,Algorithms,false,true,2,NumStability.Source.Higham.Chapter28.Section02.RealGinibre.InvariantPlanes.GinibreComplexPairs;NumStability.Source.Higham.Chapter28.Section02.RealGinibre.RootMeasurability.EigenvalueCounts,1,NumStability.Source.Higham.Chapter28.Section02.RealGinibre.InvariantPlanes.GinibreComplexPairs,Source-import reachability only; this does not establish an elaborated declaration dependency.
NumStability.Algorithms.TestMatrices.Higham28GinibreCorollary31Factor,NumStability/Algorithms/TestMatrices/Higham28GinibreCorollary31Factor.lean,Algorithms,false,true,2,NumStability.Source.Higham.Chapter28.Section02.RealGinibre.FiniteExpectation.GinibreCorollary31Factor;NumStability.Source.Higham.Chapter28.Section02.RealGinibre.SignedIncidence.OneRootMomentReduction,1,NumStability.Source.Higham.Chapter28.Section02.RealGinibre.FiniteExpectation.GinibreCorollary31Factor,Source-import reachability only; this does not establish an elaborated declaration dependency.
NumStability.Algorithms.TestMatrices.Higham28GinibreDeterminantIntegral,NumStability/Algorithms/TestMatrices/Higham28GinibreDeterminantIntegral.lean,Algorithms,false,true,1,NumStability.Source.Higham.Chapter28.Section02.RealGinibre.Incidence.ExpectedCountTransfer,1,NumStability.Source.Higham.Chapter28.Section02.RealGinibre.Incidence.ExpectedCountTransfer,Source-import reachability only; this does not establish an elaborated declaration dependency.
NumStability.Algorithms.TestMatrices.Higham28GinibreDeterminantMoment,NumStability/Algorithms/TestMatrices/Higham28GinibreDeterminantMoment.lean,Algorithms,false,true,2,NumStability.Source.Higham.Chapter28.Section02.RealGinibre.FiniteExpectation.GinibreDeterminantMoment;NumStability.Source.Higham.Chapter28.Section02.RealGinibre.ProbabilityLaw.LebesgueMomentDensities,1,NumStability.Source.Higham.Chapter28.Section02.RealGinibre.FiniteExpectation.GinibreDeterminantMoment,Source-import reachability only; this does not establish an elaborated declaration dependency.
NumStability.Algorithms.TestMatrices.Higham28GinibreDimensionTwo,NumStability/Algorithms/TestMatrices/Higham28GinibreDimensionTwo.lean,Algorithms,false,true,2,NumStability.Source.Higham.Chapter28.Section02.RealGinibre.InvariantPlanes.DimensionTwoExact;NumStability.Source.Higham.Chapter28.Section02.RealGinibre.InvariantPlanes.GinibreDimensionTwo,1,NumStability.Source.Higham.Chapter28.Section02.RealGinibre.InvariantPlanes.DimensionTwoExact,Source-import reachability only; this does not establish an elaborated declaration dependency.
NumStability.Algorithms.TestMatrices.Higham28GinibreExpectationGlue,NumStability/Algorithms/TestMatrices/Higham28GinibreExpectationGlue.lean,Algorithms,false,true,2,NumStability.Source.Higham.Chapter28.Section02.RealGinibre.FiniteExpectation.ClosedFormAsymptotics;NumStability.Source.Higham.Chapter28.Section02.RealGinibre.FiniteExpectation.GinibreExpectationGlue,1,NumStability.Source.Higham.Chapter28.Section02.RealGinibre.FiniteExpectation.ClosedFormAsymptotics,Source-import reachability only; this does not establish an elaborated declaration dependency.
NumStability.Algorithms.TestMatrices.Higham28GinibreFiniteFormula,NumStability/Algorithms/TestMatrices/Higham28GinibreFiniteFormula.lean,Algorithms,false,true,2,NumStability.Source.Higham.Chapter28.Section02.RealGinibre.FiniteExpectation.ExpectedCountFormula;NumStability.Source.Higham.Chapter28.Section02.RealGinibre.FiniteExpectation.GinibreFiniteFormula,1,NumStability.Source.Higham.Chapter28.Section02.RealGinibre.FiniteExpectation.ExpectedCountFormula,Source-import reachability only; this does not establish an elaborated declaration dependency.
NumStability.Algorithms.TestMatrices.Higham28GinibreGaussianBridge,NumStability/Algorithms/TestMatrices/Higham28GinibreGaussianBridge.lean,Algorithms,false,true,2,NumStability.Source.Higham.Chapter28.Section02.RealGinibre.FiniteExpectation.GinibreGaussianBridge;NumStability.Source.Higham.Chapter28.Section02.RealGinibre.Incidence.ExpectedCountTransfer,1,NumStability.Source.Higham.Chapter28.Section02.RealGinibre.FiniteExpectation.GinibreGaussianBridge,Source-import reachability only; this does not establish an elaborated declaration dependency.
NumStability.Algorithms.TestMatrices.Higham28GinibreIncidence,NumStability/Algorithms/TestMatrices/Higham28GinibreIncidence.lean,Algorithms,false,true,2,NumStability.Source.Higham.Chapter28.Section02.RealGinibre.Incidence.ExpectedCountTransfer;NumStability.Source.Higham.Chapter28.Section02.RealGinibre.Incidence.GinibreIncidence,1,NumStability.Source.Higham.Chapter28.Section02.RealGinibre.Incidence.ExpectedCountTransfer,Source-import reachability only; this does not establish an elaborated declaration dependency.
NumStability.Algorithms.TestMatrices.Higham28GinibreIntegral,NumStability/Algorithms/TestMatrices/Higham28GinibreIntegral.lean,Algorithms,false,true,1,NumStability.Source.Higham.Chapter28.Section02.RealGinibre.Incidence.ExpectedCountTransfer,1,NumStability.Source.Higham.Chapter28.Section02.RealGinibre.Incidence.ExpectedCountTransfer,Source-import reachability only; this does not establish an elaborated declaration dependency.
NumStability.Algorithms.TestMatrices.Higham28GinibreJointDensity,NumStability/Algorithms/TestMatrices/Higham28GinibreJointDensity.lean,Algorithms,false,true,2,NumStability.Source.Higham.Chapter28.Section02.RealGinibre.ProbabilityLaw.GinibreJointDensity;NumStability.Source.Higham.Chapter28.Section02.RealGinibre.ProbabilityLaw.LebesgueMomentDensities,1,NumStability.Source.Higham.Chapter28.Section02.RealGinibre.ProbabilityLaw.GinibreJointDensity,Source-import reachability only; this does not establish an elaborated declaration dependency.
NumStability.Algorithms.TestMatrices.Higham28GinibreMeasure,NumStability/Algorithms/TestMatrices/Higham28GinibreMeasure.lean,Algorithms,false,true,2,NumStability.Source.Higham.Chapter28.Section02.RealGinibre.ProbabilityLaw.GinibreMeasure;NumStability.Source.Higham.Chapter28.Section02.RealGinibre.ProbabilityLaw.LebesgueMomentDensities,1,NumStability.Source.Higham.Chapter28.Section02.RealGinibre.ProbabilityLaw.GinibreMeasure,Source-import reachability only; this does not establish an elaborated declaration dependency.
NumStability.Algorithms.TestMatrices.Higham28GinibreMultiplicity,NumStability/Algorithms/TestMatrices/Higham28GinibreMultiplicity.lean,Algorithms,false,true,2,NumStability.Source.Higham.Chapter28.Section02.RealGinibre.Incidence.ExpectedCountTransfer;NumStability.Source.Higham.Chapter28.Section02.RealGinibre.RootMeasurability.GinibreMultiplicity,1,NumStability.Source.Higham.Chapter28.Section02.RealGinibre.Incidence.ExpectedCountTransfer,Source-import reachability only; this does not establish an elaborated declaration dependency.
NumStability.Algorithms.TestMatrices.Higham28GinibreOrthogonalFiber,NumStability/Algorithms/TestMatrices/Higham28GinibreOrthogonalFiber.lean,Algorithms,false,true,2,NumStability.Source.Higham.Chapter28.Section02.RealGinibre.InvariantPlanes.GinibreOrthogonalFiber;NumStability.Source.Higham.Chapter28.Section02.RealGinibre.SignedIncidence.OneRootMomentReduction,1,NumStability.Source.Higham.Chapter28.Section02.RealGinibre.InvariantPlanes.GinibreOrthogonalFiber,Source-import reachability only; this does not establish an elaborated declaration dependency.
NumStability.Algorithms.TestMatrices.Higham28GinibreParity,NumStability/Algorithms/TestMatrices/Higham28GinibreParity.lean,Algorithms,false,true,2,NumStability.Source.Higham.Chapter28.Section02.RealGinibre.FiniteExpectation.ClosedFormAsymptotics;NumStability.Source.Higham.Chapter28.Section02.RealGinibre.SignedIncidence.GinibreParity,1,NumStability.Source.Higham.Chapter28.Section02.RealGinibre.FiniteExpectation.ClosedFormAsymptotics,Source-import reachability only; this does not establish an elaborated declaration dependency.
NumStability.Algorithms.TestMatrices.Higham28GinibrePlaneChart,NumStability/Algorithms/TestMatrices/Higham28GinibrePlaneChart.lean,Algorithms,false,true,2,NumStability.Source.Higham.Chapter28.Section02.RealGinibre.InvariantPlanes.GinibrePlaneChart;NumStability.Source.Higham.Chapter28.Section02.RealGinibre.InvariantPlanes.PlaneSylvesterJacobian,1,NumStability.Source.Higham.Chapter28.Section02.RealGinibre.InvariantPlanes.GinibrePlaneChart,Source-import reachability only; this does not establish an elaborated declaration dependency.
NumStability.Algorithms.TestMatrices.Higham28GinibrePlaneIncidence,NumStability/Algorithms/TestMatrices/Higham28GinibrePlaneIncidence.lean,Algorithms,false,true,1,NumStability.Source.Higham.Chapter28.Section02.RealGinibre.Incidence.GinibrePlaneIncidence,1,NumStability.Source.Higham.Chapter28.Section02.RealGinibre.Incidence.GinibrePlaneIncidence,Source-import reachability only; this does not establish an elaborated declaration dependency.
NumStability.Algorithms.TestMatrices.Higham28GinibrePlaneSylvester,NumStability/Algorithms/TestMatrices/Higham28GinibrePlaneSylvester.lean,Algorithms,false,true,2,NumStability.Source.Higham.Chapter28.Section02.RealGinibre.InvariantPlanes.GinibrePlaneSylvester;NumStability.Source.Higham.Chapter28.Section02.RealGinibre.InvariantPlanes.PlaneSylvesterJacobian,1,NumStability.Source.Higham.Chapter28.Section02.RealGinibre.InvariantPlanes.GinibrePlaneSylvester,Source-import reachability only; this does not establish an elaborated declaration dependency.
NumStability.Algorithms.TestMatrices.Higham28GinibreProjectiveIntegral,NumStability/Algorithms/TestMatrices/Higham28GinibreProjectiveIntegral.lean,Algorithms,false,true,0,,2,NumStability.Source.Higham.Chapter26.IntervalArithmetic.ExactOperations,Source-import reachability only; this does not establish an elaborated declaration dependency.
NumStability.Algorithms.TestMatrices.Higham28GinibreRecurrence,NumStability/Algorithms/TestMatrices/Higham28GinibreRecurrence.lean,Algorithms,false,true,2,NumStability.Source.Higham.Chapter28.Section02.RealGinibre.FiniteExpectation.ClosedFormAsymptotics;NumStability.Source.Higham.Chapter28.Section02.RealGinibre.FiniteExpectation.GinibreRecurrence,1,NumStability.Source.Higham.Chapter28.Section02.RealGinibre.FiniteExpectation.ClosedFormAsymptotics,Source-import reachability only; this does not establish an elaborated declaration dependency.
NumStability.Algorithms.TestMatrices.Higham28GinibreRoots,NumStability/Algorithms/TestMatrices/Higham28GinibreRoots.lean,Algorithms,false,true,2,NumStability.Source.Higham.Chapter28.Section02.RealGinibre.RootMeasurability.EigenvalueCounts;NumStability.Source.Higham.Chapter28.Section02.RealGinibre.RootMeasurability.GinibreRoots,1,NumStability.Source.Higham.Chapter28.Section02.RealGinibre.RootMeasurability.EigenvalueCounts,Source-import reachability only; this does not establish an elaborated declaration dependency.
NumStability.Algorithms.TestMatrices.Higham28GinibreSignedConclusion,NumStability/Algorithms/TestMatrices/Higham28GinibreSignedConclusion.lean,Algorithms,false,true,2,NumStability.Source.Higham.Chapter28.Section02.RealGinibre.FiniteExpectation.ExpectedCountFormula;NumStability.Source.Higham.Chapter28.Section02.RealGinibre.SignedIncidence.GinibreSignedConclusion,1,NumStability.Source.Higham.Chapter28.Section02.RealGinibre.FiniteExpectation.ExpectedCountFormula,Source-import reachability only; this does not establish an elaborated declaration dependency.
NumStability.Algorithms.TestMatrices.Higham28GinibreSignedExpectation,NumStability/Algorithms/TestMatrices/Higham28GinibreSignedExpectation.lean,Algorithms,false,true,2,NumStability.Source.Higham.Chapter28.Section02.RealGinibre.FiniteExpectation.GinibreSignedExpectation;NumStability.Source.Higham.Chapter28.Section02.RealGinibre.SignedIncidence.AlternatingRankSheets,1,NumStability.Source.Higham.Chapter28.Section02.RealGinibre.FiniteExpectation.GinibreSignedExpectation,Source-import reachability only; this does not establish an elaborated declaration dependency.
NumStability.Algorithms.TestMatrices.Higham28GinibreSignedGaussian,NumStability/Algorithms/TestMatrices/Higham28GinibreSignedGaussian.lean,Algorithms,false,true,1,NumStability.Source.Higham.Chapter28.Section02.RealGinibre.SignedIncidence.GinibreSignedGaussian,1,NumStability.Source.Higham.Chapter28.Section02.RealGinibre.SignedIncidence.GinibreSignedGaussian,Source-import reachability only; this does not establish an elaborated declaration dependency.
NumStability.Algorithms.TestMatrices.Higham28GinibreSignedIncidence,NumStability/Algorithms/TestMatrices/Higham28GinibreSignedIncidence.lean,Algorithms,false,true,2,NumStability.Source.Higham.Chapter28.Section02.RealGinibre.SignedIncidence.GinibreSignedIncidence;NumStability.Source.Higham.Chapter28.Section02.RealGinibre.SignedIncidence.OneRootMomentReduction,1,NumStability.Source.Higham.Chapter28.Section02.RealGinibre.SignedIncidence.GinibreSignedIncidence,Source-import reachability only; this does not establish an elaborated declaration dependency.
NumStability.Algorithms.TestMatrices.Higham28GinibreSignedIncidenceAlgebra,NumStability/Algorithms/TestMatrices/Higham28GinibreSignedIncidenceAlgebra.lean,Algorithms,false,true,1,NumStability.Source.Higham.Chapter28.Section02.RealGinibre.Incidence.GinibreSignedIncidenceAlgebra,1,NumStability.Source.Higham.Chapter28.Section02.RealGinibre.Incidence.GinibreSignedIncidenceAlgebra,Source-import reachability only; this does not establish an elaborated declaration dependency.
NumStability.Algorithms.TestMatrices.Higham28GinibreSignedKernel,NumStability/Algorithms/TestMatrices/Higham28GinibreSignedKernel.lean,Algorithms,false,true,1,NumStability.Source.Higham.Chapter28.Section02.RealGinibre.SignedIncidence.GinibreSignedKernel,1,NumStability.Source.Higham.Chapter28.Section02.RealGinibre.SignedIncidence.GinibreSignedKernel,Source-import reachability only; this does not establish an elaborated declaration dependency.
NumStability.Algorithms.TestMatrices.Higham28GinibreSignedRank,NumStability/Algorithms/TestMatrices/Higham28GinibreSignedRank.lean,Algorithms,false,true,2,NumStability.Source.Higham.Chapter28.Section02.RealGinibre.SignedIncidence.AlternatingRankSheets;NumStability.Source.Higham.Chapter28.Section02.RealGinibre.SignedIncidence.GinibreSignedRank,1,NumStability.Source.Higham.Chapter28.Section02.RealGinibre.SignedIncidence.AlternatingRankSheets,Source-import reachability only; this does not establish an elaborated declaration dependency.
NumStability.Algorithms.TestMatrices.Higham28GinibreSignedRankTransfer,NumStability/Algorithms/TestMatrices/Higham28GinibreSignedRankTransfer.lean,Algorithms,false,true,2,NumStability.Source.Higham.Chapter28.Section02.RealGinibre.SignedIncidence.AlternatingRankSheets;NumStability.Source.Higham.Chapter28.Section02.RealGinibre.SignedIncidence.GinibreSignedRankTransfer,1,NumStability.Source.Higham.Chapter28.Section02.RealGinibre.SignedIncidence.AlternatingRankSheets,Source-import reachability only; this does not establish an elaborated declaration dependency.
NumStability.Algorithms.TestMatrices.Higham28GinibreSignedScalar,NumStability/Algorithms/TestMatrices/Higham28GinibreSignedScalar.lean,Algorithms,false,true,2,NumStability.Source.Higham.Chapter28.Section02.RealGinibre.FiniteExpectation.CharacteristicProductMoments;NumStability.Source.Higham.Chapter28.Section02.RealGinibre.SignedIncidence.GinibreSignedScalar,1,NumStability.Source.Higham.Chapter28.Section02.RealGinibre.FiniteExpectation.CharacteristicProductMoments,Source-import reachability only; this does not establish an elaborated declaration dependency.
NumStability.Algorithms.TestMatrices.Higham28GinibreTraceDensity,NumStability/Algorithms/TestMatrices/Higham28GinibreTraceDensity.lean,Algorithms,false,true,2,NumStability.Source.Higham.Chapter28.Section02.RealGinibre.ProbabilityLaw.GinibreTraceDensity;NumStability.Source.Higham.Chapter28.Section02.RealGinibre.ProbabilityLaw.LebesgueMomentDensities,1,NumStability.Source.Higham.Chapter28.Section02.RealGinibre.ProbabilityLaw.GinibreTraceDensity,Source-import reachability only; this does not establish an elaborated declaration dependency.
NumStability.Algorithms.TestMatrices.Higham28GinibreTruncatedIncidence,NumStability/Algorithms/TestMatrices/Higham28GinibreTruncatedIncidence.lean,Algorithms,false,true,2,NumStability.Source.Higham.Chapter28.Section02.RealGinibre.Incidence.GinibreTruncatedIncidence;NumStability.Source.Higham.Chapter28.Section02.RealGinibre.SignedIncidence.AlternatingRankSheets,1,NumStability.Source.Higham.Chapter28.Section02.RealGinibre.Incidence.GinibreTruncatedIncidence,Source-import reachability only; this does not establish an elaborated declaration dependency.
NumStability.Algorithms.TestMatrices.Higham28HaarFibers,NumStability/Algorithms/TestMatrices/Higham28HaarFibers.lean,Algorithms,false,true,0,,,,Source-import reachability only; this does not establish an elaborated declaration dependency.
NumStability.Algorithms.TestMatrices.Higham28HilbertAsymptotic,NumStability/Algorithms/TestMatrices/Higham28HilbertAsymptotic.lean,Algorithms,false,true,1,NumStability.Source.Higham.Chapter28.Equation02.DeterminantAsymptotics,1,NumStability.Source.Higham.Chapter28.Equation02.DeterminantAsymptotics,Source-import reachability only; this does not establish an elaborated declaration dependency.
NumStability.Algorithms.TestMatrices.Higham28HilbertCondition,NumStability/Algorithms/TestMatrices/Higham28HilbertCondition.lean,Algorithms,false,true,2,NumStability.Source.Higham.Chapter28.Section01.HilbertConditioning.ConditionLogRate;NumStability.Source.Higham.Chapter28.Section01.HilbertConditioning.HilbertCondition,1,NumStability.Source.Higham.Chapter28.Section01.HilbertConditioning.ConditionLogRate,Source-import reachability only; this does not establish an elaborated declaration dependency.
NumStability.Algorithms.TestMatrices.Higham28HilbertRatioDiscrepancy,NumStability/Algorithms/TestMatrices/Higham28HilbertRatioDiscrepancy.lean,Algorithms,false,true,1,NumStability.Source.Higham.Chapter28.Equation02.RatioDiscrepancy,1,NumStability.Source.Higham.Chapter28.Equation02.RatioDiscrepancy,Source-import reachability only; this does not establish an elaborated declaration dependency.
NumStability.Algorithms.TestMatrices.Higham28Moments,NumStability/Algorithms/TestMatrices/Higham28Moments.lean,Algorithms,false,true,2,NumStability.Source.Higham.Chapter28.Section02.RealGinibre.FiniteExpectation.Moments;NumStability.Source.Higham.Chapter28.Section04.Pascal.MomentMatrix,1,NumStability.Source.Higham.Chapter28.Section02.RealGinibre.FiniteExpectation.Moments,Source-import reachability only; this does not establish an elaborated declaration dependency.
NumStability.Algorithms.TestMatrices.Higham28OrthogonalCoordinates,NumStability/Algorithms/TestMatrices/Higham28OrthogonalCoordinates.lean,Algorithms,false,true,0,,,,Source-import reachability only; this does not establish an elaborated declaration dependency.
NumStability.Algorithms.TestMatrices.Higham28OrthogonalFibers,NumStability/Algorithms/TestMatrices/Higham28OrthogonalFibers.lean,Algorithms,false,true,0,,2,NumStability.Source.Higham.Chapter28.Section03.RandomSVD.SingleHouseholderRankTwo,Source-import reachability only; this does not establish an elaborated declaration dependency.
NumStability.Algorithms.TestMatrices.Higham28OrthogonalHaar,NumStability/Algorithms/TestMatrices/Higham28OrthogonalHaar.lean,Algorithms,false,true,0,,,,Source-import reachability only; this does not establish an elaborated declaration dependency.
NumStability.Algorithms.TestMatrices.Higham28OrthogonalSphere,NumStability/Algorithms/TestMatrices/Higham28OrthogonalSphere.lean,Algorithms,false,true,0,,,,Source-import reachability only; this does not establish an elaborated declaration dependency.
NumStability.Algorithms.TestMatrices.Higham28Pascal,NumStability/Algorithms/TestMatrices/Higham28Pascal.lean,Algorithms,false,true,2,NumStability.Source.Higham.Chapter28.Section04.Pascal.IdentityCubeRoot;NumStability.Source.Higham.Chapter28.Section04.Pascal.Pascal,1,NumStability.Source.Higham.Chapter28.Section04.Pascal.IdentityCubeRoot,Source-import reachability only; this does not establish an elaborated declaration dependency.
NumStability.Algorithms.TestMatrices.Higham28PascalCondition,NumStability/Algorithms/TestMatrices/Higham28PascalCondition.lean,Algorithms,false,true,2,NumStability.Source.Higham.Chapter28.Section04.Pascal.OptimalPerturbationRate;NumStability.Source.Higham.Chapter28.Section04.Pascal.PascalCondition,1,NumStability.Source.Higham.Chapter28.Section04.Pascal.OptimalPerturbationRate,Source-import reachability only; this does not establish an elaborated declaration dependency.
NumStability.Algorithms.TestMatrices.Higham28PascalDualFlag,NumStability/Algorithms/TestMatrices/Higham28PascalDualFlag.lean,Algorithms,false,true,0,,2,NumStability.Source.Higham.Chapter28.Section04.Pascal.OscillationEigenbasis,Source-import reachability only; this does not establish an elaborated declaration dependency.
NumStability.Algorithms.TestMatrices.Higham28PascalOscillation,NumStability/Algorithms/TestMatrices/Higham28PascalOscillation.lean,Algorithms,false,true,2,NumStability.Source.Higham.Chapter28.Section04.Pascal.OscillationEigenbasis;NumStability.Source.Higham.Chapter28.Section04.Pascal.PascalOscillation,1,NumStability.Source.Higham.Chapter28.Section04.Pascal.OscillationEigenbasis,Source-import reachability only; this does not establish an elaborated declaration dependency.
NumStability.Algorithms.TestMatrices.Higham28PascalOscillationCore,NumStability/Algorithms/TestMatrices/Higham28PascalOscillationCore.lean,Algorithms,false,true,1,NumStability.Source.Higham.Chapter28.Section04.Pascal.OscillationSpectrum,1,NumStability.Source.Higham.Chapter28.Section04.Pascal.OscillationSpectrum,Source-import reachability only; this does not establish an elaborated declaration dependency.
NumStability.Algorithms.TestMatrices.Higham28PascalOscillationExact,NumStability/Algorithms/TestMatrices/Higham28PascalOscillationExact.lean,Algorithms,false,true,1,NumStability.Source.Higham.Chapter28.Section04.Pascal.SignChangeCount,1,NumStability.Source.Higham.Chapter28.Section04.Pascal.SignChangeCount,Source-import reachability only; this does not establish an elaborated declaration dependency.
NumStability.Algorithms.TestMatrices.Higham28PascalSpectral,NumStability/Algorithms/TestMatrices/Higham28PascalSpectral.lean,Algorithms,false,true,2,NumStability.Source.Higham.Chapter28.Section04.Pascal.PascalSpectral;NumStability.Source.Higham.Chapter28.Section04.Pascal.SingularizingPerturbation,1,NumStability.Source.Higham.Chapter28.Section04.Pascal.PascalSpectral,Source-import reachability only; this does not establish an elaborated declaration dependency.
NumStability.Algorithms.TestMatrices.Higham28PascalTotalPositivity,NumStability/Algorithms/TestMatrices/Higham28PascalTotalPositivity.lean,Algorithms,false,true,1,NumStability.Source.Higham.Chapter28.Section04.Pascal.TotalPositivity,1,NumStability.Source.Higham.Chapter28.Section04.Pascal.TotalPositivity,Source-import reachability only; this does not establish an elaborated declaration dependency.
NumStability.Algorithms.TestMatrices.Higham28Probability,NumStability/Algorithms/TestMatrices/Higham28Probability.lean,Algorithms,false,true,3,NumStability.Source.Higham.Chapter28.Section02.RealGinibre.ProbabilityLaw.Probability;NumStability.Source.Higham.Chapter28.Section02.RealGinibre.ProbabilityLaw.ProductLaw;NumStability.Source.Higham.Chapter28.Section02.UniformPositive.PerronAlmostSure,1,NumStability.Source.Higham.Chapter28.Section02.RealGinibre.ProbabilityLaw.Probability,Source-import reachability only; this does not establish an elaborated declaration dependency.
NumStability.Algorithms.TestMatrices.Higham28RandsvdNorm,NumStability/Algorithms/TestMatrices/Higham28RandsvdNorm.lean,Algorithms,false,true,1,NumStability.Source.Higham.Chapter28.Section03.RandomSVD.RandsvdNorm,1,NumStability.Source.Higham.Chapter28.Section03.RandomSVD.RandsvdNorm,Source-import reachability only; this does not establish an elaborated declaration dependency.
NumStability.Algorithms.TestMatrices.Higham28ReciprocalSPD,NumStability/Algorithms/TestMatrices/Higham28ReciprocalSPD.lean,Algorithms,false,true,2,NumStability.Source.Higham.Chapter28.Section04.ReciprocalSpectrumSPD.ReciprocalSPD;NumStability.Source.Higham.Chapter28.Section04.ReciprocalSpectrumSPD.TriangularInvolution,1,NumStability.Source.Higham.Chapter28.Section04.ReciprocalSpectrumSPD.ReciprocalSPD,Source-import reachability only; this does not establish an elaborated declaration dependency.
NumStability.Algorithms.TestMatrices.Higham28ShiftedHilbert,NumStability/Algorithms/TestMatrices/Higham28ShiftedHilbert.lean,Algorithms,false,true,0,,2,NumStability.Source.Higham.Chapter28.Section02.RealGinibre.Asymptotics.Asymptotics,Source-import reachability only; this does not establish an elaborated declaration dependency.
NumStability.Algorithms.TestMatrices.Higham28Stewart,NumStability/Algorithms/TestMatrices/Higham28Stewart.lean,Algorithms,false,true,3,NumStability.Source.Higham.Chapter28.Section03.RandomSVD.SingleHouseholderRankTwo;NumStability.Source.Higham.Chapter28.Section03.Theorem01.StewartHaar.HaarConclusion;NumStability.Source.Higham.Chapter28.Section03.Theorem01.StewartHaar.Stewart,1,NumStability.Source.Higham.Chapter28.Section03.RandomSVD.SingleHouseholderRankTwo,Source-import reachability only; this does not establish an elaborated declaration dependency.
NumStability.Algorithms.TestMatrices.Higham28StewartHaar,NumStability/Algorithms/TestMatrices/Higham28StewartHaar.lean,Algorithms,false,true,0,,3,NumStability.Source.Higham.Chapter28.Section03.RandomSVD.SingleHouseholderRankTwo,Source-import reachability only; this does not establish an elaborated declaration dependency.
NumStability.Algorithms.TestMatrices.Higham28StewartRawFiber,NumStability/Algorithms/TestMatrices/Higham28StewartRawFiber.lean,Algorithms,false,true,2,NumStability.Source.Higham.Chapter28.Section03.Theorem01.StewartHaar.RawFiberConclusion;NumStability.Source.Higham.Chapter28.Section03.Theorem01.StewartHaar.StewartRawFiber,1,NumStability.Source.Higham.Chapter28.Section03.Theorem01.StewartHaar.RawFiberConclusion,Source-import reachability only; this does not establish an elaborated declaration dependency.
NumStability.Algorithms.TestMatrices.Higham28StewartRecursion,NumStability/Algorithms/TestMatrices/Higham28StewartRecursion.lean,Algorithms,false,true,0,,4,NumStability.Source.Higham.Chapter28.Section03.RandomSVD.SingleHouseholderRankTwo,Source-import reachability only; this does not establish an elaborated declaration dependency.
NumStability.Algorithms.TestMatrices.Higham28ToeplitzCondition,NumStability/Algorithms/TestMatrices/Higham28ToeplitzCondition.lean,Algorithms,false,true,2,NumStability.Source.Higham.Chapter28.Section05.TridiagonalToeplitz.SecondDifferenceCondition;NumStability.Source.Higham.Chapter28.Section05.TridiagonalToeplitz.ToeplitzCondition,1,NumStability.Source.Higham.Chapter28.Section05.TridiagonalToeplitz.SecondDifferenceCondition,Source-import reachability only; this does not establish an elaborated declaration dependency.
NumStability.Algorithms.TestMatrices.Higham28ToeplitzGeneral,NumStability/Algorithms/TestMatrices/Higham28ToeplitzGeneral.lean,Algorithms,false,true,2,NumStability.Source.Higham.Chapter28.Section05.TridiagonalToeplitz.SineEigenpairs;NumStability.Source.Higham.Chapter28.Section05.TridiagonalToeplitz.ToeplitzGeneral,1,NumStability.Source.Higham.Chapter28.Section05.TridiagonalToeplitz.SineEigenpairs,Source-import reachability only; this does not establish an elaborated declaration dependency.
NumStability.Algorithms.TestMatrices.Higham28ToeplitzSpectrum,NumStability/Algorithms/TestMatrices/Higham28ToeplitzSpectrum.lean,Algorithms,false,true,1,NumStability.Source.Higham.Chapter28.Section05.TridiagonalToeplitz.CharacteristicPolynomial,1,NumStability.Source.Higham.Chapter28.Section05.TridiagonalToeplitz.CharacteristicPolynomial,Source-import reachability only; this does not establish an elaborated declaration dependency.
NumStability.Algorithms.TestMatrices.UpperTriangularStress,NumStability/Algorithms/TestMatrices/UpperTriangularStress.lean,Algorithms,true,false,0,,,,Source-import reachability only; this does not establish an elaborated declaration dependency.
NumStability.Algorithms.TreeDotProduct,NumStability/Algorithms/TreeDotProduct.lean,Algorithms,true,false,0,,,,Source-import reachability only; this does not establish an elaborated declaration dependency.
NumStability.Algorithms.TriangularArbitraryOrder,NumStability/Algorithms/TriangularArbitraryOrder.lean,Algorithms,false,false,1,NumStability.Source.Higham.Chapter08.Section03.TriangularSystems.ArbitraryOrder,1,NumStability.Source.Higham.Chapter08.Section03.TriangularSystems.ArbitraryOrder,Source-import reachability only; this does not establish an elaborated declaration dependency.
NumStability.Algorithms.TriangularForwardBound,NumStability/Algorithms/TriangularForwardBound.lean,Algorithms,false,false,0,,,,Source-import reachability only; this does not establish an elaborated declaration dependency.
NumStability.Algorithms.TriangularForwardComparison,NumStability/Algorithms/TriangularForwardComparison.lean,Algorithms,false,false,0,,,,Source-import reachability only; this does not establish an elaborated declaration dependency.
NumStability.Algorithms.TriangularNoGuard,NumStability/Algorithms/TriangularNoGuard.lean,Algorithms,false,false,2,NumStability.Source.Higham.Chapter08.Problem01.NoGuardSubstitution.BackwardSubstitution;NumStability.Source.Higham.Chapter08.Problem01.NoGuardSubstitution.ForwardSubstitution,1,NumStability.Source.Higham.Chapter08.Problem01.NoGuardSubstitution.BackwardSubstitution,Source-import reachability only; this does not establish an elaborated declaration dependency.
NumStability.Algorithms.TriangularSolve,NumStability/Algorithms/TriangularSolve.lean,Algorithms,false,false,0,,,,Source-import reachability only; this does not establish an elaborated declaration dependency.
NumStability.Algorithms.TriangularSolveCombined,NumStability/Algorithms/TriangularSolveCombined.lean,Algorithms,false,true,0,,,,Source-import reachability only; this does not establish an elaborated declaration dependency.
NumStability.Algorithms.Underdetermined.Higham21,NumStability/Algorithms/Underdetermined/Higham21.lean,Algorithms,false,false,3,NumStability.Source.Higham.Chapter21;NumStability.Source.Higham.Chapter21.Theorem03;NumStability.Source.Higham.Chapter21.Theorem04,1,NumStability.Source.Higham.Chapter21,Source-import reachability only; this does not establish an elaborated declaration dependency.
NumStability.Algorithms.Underdetermined.Higham21Attainability,NumStability/Algorithms/Underdetermined/Higham21Attainability.lean,Algorithms,false,true,1,NumStability.Source.Higham.Chapter21.Attainability.Results,1,NumStability.Source.Higham.Chapter21.Attainability.Results,Source-import reachability only; this does not establish an elaborated declaration dependency.
NumStability.Algorithms.Underdetermined.Higham21Condition,NumStability/Algorithms/Underdetermined/Higham21Condition.lean,Algorithms,false,true,1,NumStability.Source.Higham.Chapter21.RowScalingInvariance,1,NumStability.Source.Higham.Chapter21.RowScalingInvariance,Source-import reachability only; this does not establish an elaborated declaration dependency.
NumStability.Algorithms.Underdetermined.Higham21Eq21_11Uniform,NumStability/Algorithms/Underdetermined/Higham21Eq21_11Uniform.lean,Algorithms,false,true,1,NumStability.Source.Higham.Chapter21.Equation11.UniformEnvelope.Core,1,NumStability.Source.Higham.Chapter21.Equation11.UniformEnvelope.Core,Source-import reachability only; this does not establish an elaborated declaration dependency.
NumStability.Algorithms.Underdetermined.Higham21Eq21_8,NumStability/Algorithms/Underdetermined/Higham21Eq21_8.lean,Algorithms,false,true,1,NumStability.Source.Higham.Chapter21.Equation08.Results.Core,1,NumStability.Source.Higham.Chapter21.Equation08.Results.Core,Source-import reachability only; this does not establish an elaborated declaration dependency.
NumStability.Algorithms.Underdetermined.Higham21Eq21_9,NumStability/Algorithms/Underdetermined/Higham21Eq21_9.lean,Algorithms,false,true,1,NumStability.Source.Higham.Chapter21.Equation09.Results.Core,1,NumStability.Source.Higham.Chapter21.Equation09.Results.Core,Source-import reachability only; this does not establish an elaborated declaration dependency.
NumStability.Algorithms.Underdetermined.Higham21Equation21_11,NumStability/Algorithms/Underdetermined/Higham21Equation21_11.lean,Algorithms,false,true,1,NumStability.Source.Higham.Chapter21.Equation11.Results.Core,1,NumStability.Source.Higham.Chapter21.Equation11.Results.Core,Source-import reachability only; this does not establish an elaborated declaration dependency.
NumStability.Algorithms.Underdetermined.Higham21Equation21_11Scalar,NumStability/Algorithms/Underdetermined/Higham21Equation21_11Scalar.lean,Algorithms,false,true,1,NumStability.Source.Higham.Chapter21.Equation11.ScalarCase.Core,1,NumStability.Source.Higham.Chapter21.Equation11.ScalarCase.Core,Source-import reachability only; this does not establish an elaborated declaration dependency.
NumStability.Algorithms.Underdetermined.Higham21Givens,NumStability/Algorithms/Underdetermined/Higham21Givens.lean,Algorithms,false,false,2,NumStability.Source.Higham.Chapter21.Theorem04.GivensQMethod.Core;NumStability.Source.Higham.Chapter21.Theorem04.RowwiseBackwardError,1,NumStability.Source.Higham.Chapter21.Theorem04.GivensQMethod.Core,Source-import reachability only; this does not establish an elaborated declaration dependency.
NumStability.Algorithms.Underdetermined.Higham21GivensClosure,NumStability/Algorithms/Underdetermined/Higham21GivensClosure.lean,Algorithms,false,true,0,,2,NumStability.Source.Higham.Chapter21.Equation10.Closure,Source-import reachability only; this does not establish an elaborated declaration dependency.
NumStability.Algorithms.Underdetermined.Higham21GivensRounded,NumStability/Algorithms/Underdetermined/Higham21GivensRounded.lean,Algorithms,false,true,0,,2,NumStability.Source.Higham.Chapter21.Equation10.RoundedReplay,Source-import reachability only; this does not establish an elaborated declaration dependency.
NumStability.Algorithms.Underdetermined.Higham21MGS,NumStability/Algorithms/Underdetermined/Higham21MGS.lean,Algorithms,false,false,2,NumStability.Source.Higham.Chapter21.Section03.MethodComparison.Core;NumStability.Source.Higham.Chapter21.Theorem04.ModifiedGramSchmidtQMethod.Core,1,NumStability.Source.Higham.Chapter21.Section03.MethodComparison.Core,Source-import reachability only; this does not establish an elaborated declaration dependency.
NumStability.Algorithms.Underdetermined.Higham21MGSRounded,NumStability/Algorithms/Underdetermined/Higham21MGSRounded.lean,Algorithms,false,true,0,,2,NumStability.Source.Higham.Chapter21.Section03.MethodComparison.Core,Source-import reachability only; this does not establish an elaborated declaration dependency.
NumStability.Algorithms.Underdetermined.Higham21Perturbation,NumStability/Algorithms/Underdetermined/Higham21Perturbation.lean,Algorithms,false,true,0,,2,NumStability.Source.Higham.Chapter21.Theorem01.ComponentwisePerturbation.RankStability,Source-import reachability only; this does not establish an elaborated declaration dependency.
NumStability.Algorithms.Underdetermined.Higham21PerturbationRadius,NumStability/Algorithms/Underdetermined/Higham21PerturbationRadius.lean,Algorithms,false,true,0,,2,NumStability.Source.Higham.Chapter21.Theorem01.ComponentwisePerturbation.Radius,Source-import reachability only; this does not establish an elaborated declaration dependency.
NumStability.Algorithms.Underdetermined.Higham21ProjectorNorm,NumStability/Algorithms/Underdetermined/Higham21ProjectorNorm.lean,Algorithms,false,false,2,NumStability.Source.Higham.Chapter21.Equation08.ProjectorNorm;NumStability.Source.Higham.Chapter21.Equation09.ProjectorNorm,1,NumStability.Source.Higham.Chapter21.Equation08.ProjectorNorm,Source-import reachability only; this does not establish an elaborated declaration dependency.
NumStability.Algorithms.Underdetermined.Higham21QRFoundations,NumStability/Algorithms/Underdetermined/Higham21QRFoundations.lean,Algorithms,false,false,3,NumStability.Source.Higham.Chapter21.Equation01.QRFoundations;NumStability.Source.Higham.Chapter21.Equation03.QRFoundations;NumStability.Source.Higham.Chapter21.Equation04.QRFoundations,1,NumStability.Source.Higham.Chapter21.Equation01.QRFoundations,Source-import reachability only; this does not establish an elaborated declaration dependency.
NumStability.Algorithms.Underdetermined.Higham21RankStability,NumStability/Algorithms/Underdetermined/Higham21RankStability.lean,Algorithms,false,false,1,NumStability.Source.Higham.Chapter21.Theorem01.ComponentwisePerturbation.RankStability,1,NumStability.Source.Higham.Chapter21.Theorem01.ComponentwisePerturbation.RankStability,Source-import reachability only; this does not establish an elaborated declaration dependency.
NumStability.Algorithms.Underdetermined.Higham21RowwiseMeasure,NumStability/Algorithms/Underdetermined/Higham21RowwiseMeasure.lean,Algorithms,false,true,1,NumStability.Source.Higham.Chapter21.Theorem04.RowwiseBackwardError,1,NumStability.Source.Higham.Chapter21.Theorem04.RowwiseBackwardError,Source-import reachability only; this does not establish an elaborated declaration dependency.
NumStability.Algorithms.Underdetermined.Higham21SNEActualOutput,NumStability/Algorithms/Underdetermined/Higham21SNEActualOutput.lean,Algorithms,false,false,2,NumStability.Source.Higham.Chapter21.Equation11.ActualOutput;NumStability.Source.Higham.Chapter21.Theorem04.SeminormalEquations.ActualOutput,1,NumStability.Source.Higham.Chapter21.Equation11.ActualOutput,Source-import reachability only; this does not establish an elaborated declaration dependency.
NumStability.Algorithms.Underdetermined.Higham21SNEClosure,NumStability/Algorithms/Underdetermined/Higham21SNEClosure.lean,Algorithms,false,true,0,,2,NumStability.Source.Higham.Chapter21.Equation11.ActualOutput,Source-import reachability only; this does not establish an elaborated declaration dependency.
NumStability.Algorithms.Underdetermined.Higham21SNEConditionTransfer,NumStability/Algorithms/Underdetermined/Higham21SNEConditionTransfer.lean,Algorithms,false,true,0,,2,NumStability.Source.Higham.Chapter21.Equation07.ConditionTransfer,Source-import reachability only; this does not establish an elaborated declaration dependency.
NumStability.Algorithms.Underdetermined.Higham21SNEEnvelopeTransfer,NumStability/Algorithms/Underdetermined/Higham21SNEEnvelopeTransfer.lean,Algorithms,false,false,1,NumStability.Source.Higham.Chapter21.Theorem04.SeminormalEquations.EnvelopeTransfer,1,NumStability.Source.Higham.Chapter21.Theorem04.SeminormalEquations.EnvelopeTransfer,Source-import reachability only; this does not establish an elaborated declaration dependency.
NumStability.Algorithms.Underdetermined.Higham21SNEForward,NumStability/Algorithms/Underdetermined/Higham21SNEForward.lean,Algorithms,false,false,2,NumStability.Source.Higham.Chapter21.Equation11.Forward;NumStability.Source.Higham.Chapter21.Theorem04.SeminormalEquations.Forward,1,NumStability.Source.Higham.Chapter21.Equation11.Forward,Source-import reachability only; this does not establish an elaborated declaration dependency.
NumStability.Algorithms.Underdetermined.Higham21SNEQRMajorant,NumStability/Algorithms/Underdetermined/Higham21SNEQRMajorant.lean,Algorithms,false,false,1,NumStability.Source.Higham.Chapter21.Theorem04.SeminormalEquations.QRMajorant,1,NumStability.Source.Higham.Chapter21.Theorem04.SeminormalEquations.QRMajorant,Source-import reachability only; this does not establish an elaborated declaration dependency.
NumStability.Algorithms.Underdetermined.Higham21SNERemainderBounds,NumStability/Algorithms/Underdetermined/Higham21SNERemainderBounds.lean,Algorithms,false,false,2,NumStability.Source.Higham.Chapter21.Equation11.RemainderBounds;NumStability.Source.Higham.Chapter21.Theorem04.SeminormalEquations.RemainderBounds,1,NumStability.Source.Higham.Chapter21.Equation11.RemainderBounds,Source-import reachability only; this does not establish an elaborated declaration dependency.
NumStability.Algorithms.Underdetermined.Higham21SNESigned,NumStability/Algorithms/Underdetermined/Higham21SNESigned.lean,Algorithms,false,false,1,NumStability.Source.Higham.Chapter21.Theorem04.SeminormalEquations.Signed,1,NumStability.Source.Higham.Chapter21.Theorem04.SeminormalEquations.Signed,Source-import reachability only; this does not establish an elaborated declaration dependency.
NumStability.Algorithms.Underdetermined.Higham21SNEUniform,NumStability/Algorithms/Underdetermined/Higham21SNEUniform.lean,Algorithms,false,true,0,,2,NumStability.Source.Higham.Chapter21.Equation11.UniformEnvelope.Core,Source-import reachability only; this does not establish an elaborated declaration dependency.
NumStability.Algorithms.Underdetermined.Higham21Theorem214SourceClosure,NumStability/Algorithms/Underdetermined/Higham21Theorem214SourceClosure.lean,Algorithms,false,true,1,NumStability.Source.Higham.Chapter21.Theorem04.SourceClosure.Supplement.Core,1,NumStability.Source.Higham.Chapter21.Theorem04.SourceClosure.Supplement.Core,Source-import reachability only; this does not establish an elaborated declaration dependency.
NumStability.Algorithms.Underdetermined.Higham21Theorem21_3Attainment,NumStability/Algorithms/Underdetermined/Higham21Theorem21_3Attainment.lean,Algorithms,false,true,1,NumStability.Source.Higham.Chapter21.Theorem03.Attainment,1,NumStability.Source.Higham.Chapter21.Theorem03.Attainment,Source-import reachability only; this does not establish an elaborated declaration dependency.
NumStability.Algorithms.Underdetermined.UnderdeterminedSolve,NumStability/Algorithms/Underdetermined/UnderdeterminedSolve.lean,Algorithms,false,true,0,,2,NumStability.Source.Higham.Chapter21.Theorem01.ComponentwisePerturbation.UnderdeterminedSpec,Source-import reachability only; this does not establish an elaborated declaration dependency.
NumStability.Algorithms.Underdetermined.UnderdeterminedSpec,NumStability/Algorithms/Underdetermined/UnderdeterminedSpec.lean,Algorithms,false,false,4,NumStability.Source.Higham.Chapter21.Equation04.UnderdeterminedSpec;NumStability.Source.Higham.Chapter21.Equation05.UnderdeterminedSpec;NumStability.Source.Higham.Chapter21.Lemma02.Symmetrization.UnderdeterminedSpec;NumStability.Source.Higham.Chapter21.Theorem01.ComponentwisePerturbation.UnderdeterminedSpec,1,NumStability.Source.Higham.Chapter21.Equation04.UnderdeterminedSpec,Source-import reachability only; this does not establish an elaborated declaration dependency.
NumStability.Algorithms.Vandermonde.Higham22,NumStability/Algorithms/Vandermonde/Higham22.lean,Algorithms,false,true,1,NumStability.Source.Higham.Chapter22.VandermondeSystems,1,NumStability.Source.Higham.Chapter22.VandermondeSystems,Source-import reachability only; this does not establish an elaborated declaration dependency.
NumStability.Algorithms.Vandermonde.Higham22Ch12RefinementBridge,NumStability/Algorithms/Vandermonde/Higham22Ch12RefinementBridge.lean,Algorithms,false,true,1,NumStability.Source.Higham.Chapter22.Section03.RealRefinement,1,NumStability.Source.Higham.Chapter22.Section03.RealRefinement,Source-import reachability only; this does not establish an elaborated declaration dependency.
NumStability.Algorithms.Vandermonde.Higham22ComplexConfluentRefinementBridge,NumStability/Algorithms/Vandermonde/Higham22ComplexConfluentRefinementBridge.lean,Algorithms,false,true,1,NumStability.Source.Higham.Chapter22.Section03.ComplexConfluentRefinement,1,NumStability.Source.Higham.Chapter22.Section03.ComplexConfluentRefinement,Source-import reachability only; this does not establish an elaborated declaration dependency.
NumStability.Algorithms.Vandermonde.Higham22MonomialClosure,NumStability/Algorithms/Vandermonde/Higham22MonomialClosure.lean,Algorithms,false,true,1,NumStability.Source.Higham.Chapter22.MonomialResidual,1,NumStability.Source.Higham.Chapter22.MonomialResidual,Source-import reachability only; this does not establish an elaborated declaration dependency.
NumStability.Algorithms.Vandermonde.Higham22Problem22_7,NumStability/Algorithms/Vandermonde/Higham22Problem22_7.lean,Algorithms,false,true,1,NumStability.Source.Higham.Chapter22.Problem07,1,NumStability.Source.Higham.Chapter22.Problem07,Source-import reachability only; this does not establish an elaborated declaration dependency.
NumStability.Algorithms.WilkinsonAttainability,NumStability/Algorithms/WilkinsonAttainability.lean,Algorithms,false,true,3,NumStability.Source.Higham.Chapter02.Problem10.DivisionRoundTrip.ExhaustiveBinary64.Results;NumStability.Source.Higham.Chapter04.Problem02.WilkinsonAttainability.Basic;NumStability.Source.Higham.Chapter04.Problem02.WilkinsonAttainability.IeeeDoubleTrace.Results,1,NumStability.Source.Higham.Chapter02.Problem10.DivisionRoundTrip.ExhaustiveBinary64.Results,Source-import reachability only; this does not establish an elaborated declaration dependency.
NumStability.Analysis.Accumulation,NumStability/Analysis/Accumulation.lean,Analysis,false,true,2,NumStability.Source.Higham.Chapter01.Problem05.CompensatedLogarithm.Basic;NumStability.Source.Higham.Chapter01.Section11.Accumulation.Basic,1,NumStability.Source.Higham.Chapter01.Problem05.CompensatedLogarithm.Basic,Source-import reachability only; this does not establish an elaborated declaration dependency.
NumStability.Analysis.AccuracyTests,NumStability/Analysis/AccuracyTests.lean,Analysis,false,true,4,NumStability.Source.Higham.Chapter01.Problem05.CompensatedLogarithm.Basic;NumStability.Source.Higham.Chapter01.Section11.Accumulation.Basic;NumStability.Source.Higham.Chapter02.Section11.AccuracyTests.Basic;NumStability.Source.Higham.Chapter02.Section11.AccuracyTests.CodySineResults.Theorems,1,NumStability.Source.Higham.Chapter01.Problem05.CompensatedLogarithm.Basic,Source-import reachability only; this does not establish an elaborated declaration dependency.
NumStability.Analysis.AlternativeNumberSystems,NumStability/Analysis/AlternativeNumberSystems.lean,Analysis,true,false,0,,,,Source-import reachability only; this does not establish an elaborated declaration dependency.
NumStability.Analysis.Approximation.SineTaylor.OddDegreeFiveError.Theorems,NumStability/Analysis/Approximation/SineTaylor/OddDegreeFiveError/Theorems.lean,Analysis,true,false,1,NumStability.Source.Higham.Chapter02.Section11.AccuracyTests.Basic,1,NumStability.Source.Higham.Chapter02.Section11.AccuracyTests.Basic,Source-import reachability only; this does not establish an elaborated declaration dependency.
NumStability.Analysis.Asymptotics,NumStability/Analysis/Asymptotics.lean,Analysis,false,false,0,,,,Source-import reachability only; this does not establish an elaborated declaration dependency.
NumStability.Analysis.Asymptotics.Bounds,NumStability/Analysis/Asymptotics/Bounds.lean,Analysis,true,false,0,,,,Source-import reachability only; this does not establish an elaborated declaration dependency.
NumStability.Analysis.Asymptotics.ExponentialBounds,NumStability/Analysis/Asymptotics/ExponentialBounds.lean,Analysis,true,false,0,,,,Source-import reachability only; this does not establish an elaborated declaration dependency.
NumStability.Analysis.BeneficialRounding,NumStability/Analysis/BeneficialRounding.lean,Analysis,true,false,1,NumStability.Algorithms.LU.LUSolve,1,NumStability.Algorithms.LU.LUSolve,Source-import reachability only; this does not establish an elaborated declaration dependency.
NumStability.Analysis.BergerGeneral,NumStability/Analysis/BergerGeneral.lean,Analysis,false,true,0,,,,Source-import reachability only; this does not establish an elaborated declaration dependency.
NumStability.Analysis.BergerInequality,NumStability/Analysis/BergerInequality.lean,Analysis,false,true,0,,,,Source-import reachability only; this does not establish an elaborated declaration dependency.
NumStability.Analysis.BergerResolvent,NumStability/Analysis/BergerResolvent.lean,Analysis,false,true,0,,,,Source-import reachability only; this does not establish an elaborated declaration dependency.
NumStability.Analysis.BrentBaseOptimality,NumStability/Analysis/BrentBaseOptimality.lean,Analysis,true,false,0,,,,Source-import reachability only; this does not establish an elaborated declaration dependency.
NumStability.Analysis.CStarMatrices,NumStability/Analysis/CStarMatrices.lean,Analysis,false,false,0,,,,Source-import reachability only; this does not establish an elaborated declaration dependency.
NumStability.Analysis.CStarMatrices.Basic,NumStability/Analysis/CStarMatrices/Basic.lean,Analysis,false,false,0,,,,Source-import reachability only; this does not establish an elaborated declaration dependency.
NumStability.Analysis.CStarMatrices.Basic.All,NumStability/Analysis/CStarMatrices/Basic/All.lean,Analysis,false,false,0,,,,Source-import reachability only; this does not establish an elaborated declaration dependency.
NumStability.Analysis.CStarMatrices.Basic.RealMatrixBridge,NumStability/Analysis/CStarMatrices/Basic/RealMatrixBridge.lean,Analysis,false,true,0,,,,Source-import reachability only; this does not establish an elaborated declaration dependency.
NumStability.Analysis.CStarMatrices.FiniteMatrixAlgebra,NumStability/Analysis/CStarMatrices/FiniteMatrixAlgebra.lean,Analysis,false,false,0,,,,Source-import reachability only; this does not establish an elaborated declaration dependency.
NumStability.Analysis.CStarMatrices.FiniteMatrixAlgebra.BlockDiagonal,NumStability/Analysis/CStarMatrices/FiniteMatrixAlgebra/BlockDiagonal.lean,Analysis,true,false,0,,,,Source-import reachability only; this does not establish an elaborated declaration dependency.
NumStability.Analysis.CStarMatrices.FiniteMatrixAlgebra.BlockDiagonalCompression,NumStability/Analysis/CStarMatrices/FiniteMatrixAlgebra/BlockDiagonalCompression.lean,Analysis,true,false,0,,,,Source-import reachability only; this does not establish an elaborated declaration dependency.
NumStability.Analysis.CStarMatrices.FiniteMatrixAlgebra.ColumnPair,NumStability/Analysis/CStarMatrices/FiniteMatrixAlgebra/ColumnPair.lean,Analysis,true,false,0,,,,Source-import reachability only; this does not establish an elaborated declaration dependency.
NumStability.Analysis.CStarMatrices.FiniteMatrixAlgebra.ColumnPairPinching,NumStability/Analysis/CStarMatrices/FiniteMatrixAlgebra/ColumnPairPinching.lean,Analysis,true,false,0,,,,Source-import reachability only; this does not establish an elaborated declaration dependency.
NumStability.Analysis.CStarMatrices.FiniteMatrixAlgebra.ColumnPairRangeProjection,NumStability/Analysis/CStarMatrices/FiniteMatrixAlgebra/ColumnPairRangeProjection.lean,Analysis,true,false,0,,,,Source-import reachability only; this does not establish an elaborated declaration dependency.
NumStability.Analysis.CStarMatrices.FiniteMatrixAlgebra.ColumnPairRangeReflection,NumStability/Analysis/CStarMatrices/FiniteMatrixAlgebra/ColumnPairRangeReflection.lean,Analysis,true,false,0,,,,Source-import reachability only; this does not establish an elaborated declaration dependency.
NumStability.Analysis.CStarMatrices.FiniteMatrixAlgebra.FiniteDimensional,NumStability/Analysis/CStarMatrices/FiniteMatrixAlgebra/FiniteDimensional.lean,Analysis,true,false,0,,,,Source-import reachability only; this does not establish an elaborated declaration dependency.
NumStability.Analysis.CStarMatrices.FiniteMatrixAlgebra.FiniteMatrixOrder,NumStability/Analysis/CStarMatrices/FiniteMatrixAlgebra/FiniteMatrixOrder.lean,Analysis,true,false,0,,,,Source-import reachability only; this does not establish an elaborated declaration dependency.
NumStability.Analysis.CStarMatrices.FiniteMatrixAlgebra.FiniteRealEmbedding,NumStability/Analysis/CStarMatrices/FiniteMatrixAlgebra/FiniteRealEmbedding.lean,Analysis,true,false,0,,,,Source-import reachability only; this does not establish an elaborated declaration dependency.
NumStability.Analysis.CStarMatrices.FiniteMatrixAlgebra.FiniteRealOrder,NumStability/Analysis/CStarMatrices/FiniteMatrixAlgebra/FiniteRealOrder.lean,Analysis,true,false,0,,,,Source-import reachability only; this does not establish an elaborated declaration dependency.
NumStability.Analysis.CStarMatrices.FiniteMatrixAlgebra.ProjectionReflection,NumStability/Analysis/CStarMatrices/FiniteMatrixAlgebra/ProjectionReflection.lean,Analysis,true,false,0,,,,Source-import reachability only; this does not establish an elaborated declaration dependency.
NumStability.Analysis.CStarMatrices.FiniteMatrixAlgebra.RectangularCompression,NumStability/Analysis/CStarMatrices/FiniteMatrixAlgebra/RectangularCompression.lean,Analysis,true,false,0,,,,Source-import reachability only; this does not establish an elaborated declaration dependency.
NumStability.Analysis.CStarMatrices.FiniteMatrixAlgebra.RectangularMultiplication,NumStability/Analysis/CStarMatrices/FiniteMatrixAlgebra/RectangularMultiplication.lean,Analysis,true,false,0,,,,Source-import reachability only; this does not establish an elaborated declaration dependency.
NumStability.Analysis.CStarMatrices.FiniteMatrixAlgebra.ReflectionAverage,NumStability/Analysis/CStarMatrices/FiniteMatrixAlgebra/ReflectionAverage.lean,Analysis,true,false,0,,,,Source-import reachability only; this does not establish an elaborated declaration dependency.
NumStability.Analysis.CStarMatrices.FiniteMatrixAlgebra.StrictPositivity,NumStability/Analysis/CStarMatrices/FiniteMatrixAlgebra/StrictPositivity.lean,Analysis,true,false,0,,,,Source-import reachability only; this does not establish an elaborated declaration dependency.
NumStability.Analysis.CStarMatrixBridge,NumStability/Analysis/CStarMatrixBridge.lean,Analysis,false,true,0,,,,Source-import reachability only; this does not establish an elaborated declaration dependency.
NumStability.Analysis.CalculatorWords,NumStability/Analysis/CalculatorWords.lean,Analysis,false,true,1,NumStability.Source.Higham.Chapter01.Problem06.CalculatorWords.Basic,1,NumStability.Source.Higham.Chapter01.Problem06.CalculatorWords.Basic,Source-import reachability only; this does not establish an elaborated declaration dependency.
NumStability.Analysis.CancellationOfRoundingErrors,NumStability/Analysis/CancellationOfRoundingErrors.lean,Analysis,false,true,4,NumStability.Source.Higham.Chapter01.FloatingPointArithmetic.CancellationOfRoundingErrors;NumStability.Source.Higham.Chapter01.Problem05.CompensatedLogarithm.Basic;NumStability.Source.Higham.Chapter01.Section11.Accumulation.Basic;NumStability.Source.Higham.Chapter01.Section14.CancellationOfRoundingErrors.Algorithm02RoundedCore,1,NumStability.Source.Higham.Chapter01.FloatingPointArithmetic.CancellationOfRoundingErrors,Source-import reachability only; this does not establish an elaborated declaration dependency.
NumStability.Analysis.Ch17SemiconvergentBlockFormSourceClosure,NumStability/Analysis/Ch17SemiconvergentBlockFormSourceClosure.lean,Analysis,false,true,1,NumStability.Source.Higham.Chapter17.Equation22,1,NumStability.Source.Higham.Chapter17.Equation22,Source-import reachability only; this does not establish an elaborated declaration dependency.
NumStability.Analysis.Chopping,NumStability/Analysis/Chopping.lean,Analysis,true,false,0,,,,Source-import reachability only; this does not establish an elaborated declaration dependency.
NumStability.Analysis.ComplexArithmetic,NumStability/Analysis/ComplexArithmetic.lean,Analysis,true,false,0,,,,Source-import reachability only; this does not establish an elaborated declaration dependency.
NumStability.Analysis.ComplexSqrt,NumStability/Analysis/ComplexSqrt.lean,Analysis,true,false,0,,,,Source-import reachability only; this does not establish an elaborated declaration dependency.
NumStability.Analysis.ConditionEstimatorLowerBound,NumStability/Analysis/ConditionEstimatorLowerBound.lean,Analysis,true,false,1,NumStability.Algorithms.CondEstimation,1,NumStability.Algorithms.CondEstimation,Source-import reachability only; this does not establish an elaborated declaration dependency.
NumStability.Analysis.Conditioning,NumStability/Analysis/Conditioning.lean,Analysis,false,false,0,,3,NumStability.Algorithms.CondEstimation,Source-import reachability only; this does not establish an elaborated declaration dependency.
NumStability.Analysis.Conditioning.DistanceToSingularity,NumStability/Analysis/Conditioning/DistanceToSingularity.lean,Analysis,true,false,0,,,,Source-import reachability only; this does not establish an elaborated declaration dependency.
NumStability.Analysis.Conditioning.InversePerturbation,NumStability/Analysis/Conditioning/InversePerturbation.lean,Analysis,true,false,0,,,,Source-import reachability only; this does not establish an elaborated declaration dependency.
NumStability.Analysis.Conditioning.LinearSystems.All,NumStability/Analysis/Conditioning/LinearSystems/All.lean,Analysis,false,false,0,,2,NumStability.Algorithms.CondEstimation,Source-import reachability only; this does not establish an elaborated declaration dependency.
NumStability.Analysis.Conditioning.LinearSystems.InversePerturbation,NumStability/Analysis/Conditioning/LinearSystems/InversePerturbation.lean,Analysis,true,false,1,NumStability.Algorithms.CondEstimation,1,NumStability.Algorithms.CondEstimation,Source-import reachability only; this does not establish an elaborated declaration dependency.
NumStability.Analysis.Conditioning.LinearSystems.PerronFrobenius,NumStability/Analysis/Conditioning/LinearSystems/PerronFrobenius.lean,Analysis,true,false,1,NumStability.Algorithms.CondEstimation,1,NumStability.Algorithms.CondEstimation,Source-import reachability only; this does not establish an elaborated declaration dependency.
NumStability.Analysis.Conditioning.LinearSystems.SubordinatePerturbation,NumStability/Analysis/Conditioning/LinearSystems/SubordinatePerturbation.lean,Analysis,true,false,1,NumStability.Algorithms.CondEstimation,1,NumStability.Algorithms.CondEstimation,Source-import reachability only; this does not establish an elaborated declaration dependency.
NumStability.Analysis.Counting,NumStability/Analysis/Counting.lean,Analysis,false,true,1,NumStability.Source.Higham.Chapter02.Problem01.FloatingPointCounts.Basic,1,NumStability.Source.Higham.Chapter02.Problem01.FloatingPointCounts.Basic,Source-import reachability only; this does not establish an elaborated declaration dependency.
NumStability.Analysis.CramersRule,NumStability/Analysis/CramersRule.lean,Analysis,false,false,3,NumStability.Algorithms.LinearSystems.CramersRule.Core;NumStability.Source.Higham.Chapter01.Problem09.CramersRule.ForwardError;NumStability.Source.Higham.Chapter01.Section10.CramersRule.PrintedComparison,1,NumStability.Algorithms.LinearSystems.CramersRule.Core,Source-import reachability only; this does not establish an elaborated declaration dependency.
NumStability.Analysis.DoubleRounding,NumStability/Analysis/DoubleRounding.lean,Analysis,false,true,3,NumStability.Source.Higham.Chapter02.Problem09.DoubleRounding.Counterexample;NumStability.Source.Higham.Chapter02.Problem09.DoubleRounding.Counterexample.Results;NumStability.Source.Higham.Chapter02.Section03.DoubleRounding.Counterexample,1,NumStability.Source.Higham.Chapter02.Problem09.DoubleRounding.Counterexample,Source-import reachability only; this does not establish an elaborated declaration dependency.
NumStability.Analysis.DunfordResidue,NumStability/Analysis/DunfordResidue.lean,Analysis,false,true,0,,3,NumStability.Algorithms.MatrixPowersPseudospectralCriterion,Source-import reachability only; this does not establish an elaborated declaration dependency.
NumStability.Analysis.Equidistribution,NumStability/Analysis/Equidistribution.lean,Analysis,false,false,0,,,,Source-import reachability only; this does not establish an elaborated declaration dependency.
NumStability.Analysis.Equidistribution.AddCircle,NumStability/Analysis/Equidistribution/AddCircle.lean,Analysis,true,false,0,,,,Source-import reachability only; this does not establish an elaborated declaration dependency.
NumStability.Analysis.Error,NumStability/Analysis/Error.lean,Analysis,false,false,4,NumStability.Source.Higham.Chapter01.Problem01.RelativeError.Bounds;NumStability.Source.Higham.Chapter01.Section03.ErrorSources.Core;NumStability.Source.Higham.Chapter01.Section07.Cancellation.Basic;NumStability.Source.Higham.Chapter02.Section04.NoGuardModel.BinaryT3Example,1,NumStability.Source.Higham.Chapter01.Problem01.RelativeError.Bounds,Source-import reachability only; this does not establish an elaborated declaration dependency.
NumStability.Analysis.Error.MatrixProducts,NumStability/Analysis/Error/MatrixProducts.lean,Analysis,false,false,0,,3,NumStability.Algorithms.LU.GaussianElimination,Source-import reachability only; this does not establish an elaborated declaration dependency.
NumStability.Analysis.Error.MatrixProducts.Contracts,NumStability/Analysis/Error/MatrixProducts/Contracts.lean,Analysis,false,false,0,,2,NumStability.Algorithms.LU.GaussianElimination,Source-import reachability only; this does not establish an elaborated declaration dependency.
NumStability.Analysis.Error.MatrixProducts.Contracts.MatrixInversion,NumStability/Analysis/Error/MatrixProducts/Contracts/MatrixInversion.lean,Analysis,true,false,8,NumStability.Algorithms.LU.GaussianElimination;NumStability.Algorithms.LU.GrowthFactor;NumStability.Algorithms.LU.LUSolve;NumStability.Algorithms.LinearSystems.Triangular.BackSubstitution;NumStability.Algorithms.LinearSystems.Triangular.ForwardSubstitution;NumStability.Algorithms.MatMul;NumStability.Algorithms.MatVec;NumStability.Algorithms.TestMatrices.UpperTriangularStress,1,NumStability.Algorithms.LU.GaussianElimination,Source-import reachability only; this does not establish an elaborated declaration dependency.
NumStability.Analysis.Error.MatrixProducts.EvaluationTrees,NumStability/Analysis/Error/MatrixProducts/EvaluationTrees.lean,Analysis,false,false,0,,2,NumStability.Algorithms.LU.GaussianElimination,Source-import reachability only; this does not establish an elaborated declaration dependency.
NumStability.Analysis.Error.MatrixProducts.EvaluationTrees.ProductErrorNotation,NumStability/Analysis/Error/MatrixProducts/EvaluationTrees/ProductErrorNotation.lean,Analysis,true,false,8,NumStability.Algorithms.LU.GaussianElimination;NumStability.Algorithms.LU.GrowthFactor;NumStability.Algorithms.LU.LUSolve;NumStability.Algorithms.LinearSystems.Triangular.BackSubstitution;NumStability.Algorithms.LinearSystems.Triangular.ForwardSubstitution;NumStability.Algorithms.MatMul;NumStability.Algorithms.MatVec;NumStability.Algorithms.TestMatrices.UpperTriangularStress,1,NumStability.Algorithms.LU.GaussianElimination,Source-import reachability only; this does not establish an elaborated declaration dependency.
NumStability.Analysis.Error.Measures.AccuracyPrecision,NumStability/Analysis/Error/Measures/AccuracyPrecision.lean,Analysis,true,false,0,,,,Source-import reachability only; this does not establish an elaborated declaration dependency.
NumStability.Analysis.Error.Measures.All,NumStability/Analysis/Error/Measures/All.lean,Analysis,false,false,0,,,,Source-import reachability only; this does not establish an elaborated declaration dependency.
NumStability.Analysis.Error.Measures.Componentwise,NumStability/Analysis/Error/Measures/Componentwise.lean,Analysis,true,false,0,,,,Source-import reachability only; this does not establish an elaborated declaration dependency.
NumStability.Analysis.Error.Measures.ScalarDefinitions,NumStability/Analysis/Error/Measures/ScalarDefinitions.lean,Analysis,true,false,0,,,,Source-import reachability only; this does not establish an elaborated declaration dependency.
NumStability.Analysis.Error.Measures.ScalarProperties,NumStability/Analysis/Error/Measures/ScalarProperties.lean,Analysis,true,false,0,,,,Source-import reachability only; this does not establish an elaborated declaration dependency.
NumStability.Analysis.Error.Measures.ScalarWitnesses,NumStability/Analysis/Error/Measures/ScalarWitnesses.lean,Analysis,true,false,0,,,,Source-import reachability only; this does not establish an elaborated declaration dependency.
NumStability.Analysis.Error.RoundingProducts.All,NumStability/Analysis/Error/RoundingProducts/All.lean,Analysis,false,false,0,,,,Source-import reachability only; this does not establish an elaborated declaration dependency.
NumStability.Analysis.Error.RoundingProducts.Core,NumStability/Analysis/Error/RoundingProducts/Core.lean,Analysis,true,false,0,,,,Source-import reachability only; this does not establish an elaborated declaration dependency.
NumStability.Analysis.FiniteProbability,NumStability/Analysis/FiniteProbability.lean,Analysis,true,false,0,,,,Source-import reachability only; this does not establish an elaborated declaration dependency.
NumStability.Analysis.FirstOrder,NumStability/Analysis/FirstOrder.lean,Analysis,false,false,0,,3,NumStability.Algorithms.LU.GaussianElimination,Source-import reachability only; this does not establish an elaborated declaration dependency.
NumStability.Analysis.FirstOrder.AsymptoticFamilies,NumStability/Analysis/FirstOrder/AsymptoticFamilies.lean,Analysis,true,false,0,,,,Source-import reachability only; this does not establish an elaborated declaration dependency.
NumStability.Analysis.FirstOrder.FixedPrecision,NumStability/Analysis/FirstOrder/FixedPrecision.lean,Analysis,true,false,0,,,,Source-import reachability only; this does not establish an elaborated declaration dependency.
NumStability.Analysis.FirstOrder.MatrixFamilies,NumStability/Analysis/FirstOrder/MatrixFamilies.lean,Analysis,false,false,0,,2,NumStability.Algorithms.LU.GaussianElimination,Source-import reachability only; this does not establish an elaborated declaration dependency.
NumStability.Analysis.FirstOrder.MatrixFamilies.AsymptoticFamilies,NumStability/Analysis/FirstOrder/MatrixFamilies/AsymptoticFamilies.lean,Analysis,true,false,8,NumStability.Algorithms.LU.GaussianElimination;NumStability.Algorithms.LU.GrowthFactor;NumStability.Algorithms.LU.LUSolve;NumStability.Algorithms.LinearSystems.Triangular.BackSubstitution;NumStability.Algorithms.LinearSystems.Triangular.ForwardSubstitution;NumStability.Algorithms.MatMul;NumStability.Algorithms.MatVec;NumStability.Algorithms.TestMatrices.UpperTriangularStress,1,NumStability.Algorithms.LU.GaussianElimination,Source-import reachability only; this does not establish an elaborated declaration dependency.
NumStability.Analysis.FirstOrderFramework,NumStability/Analysis/FirstOrderFramework.lean,Analysis,true,false,0,,,,Source-import reachability only; this does not establish an elaborated declaration dependency.
NumStability.Analysis.FloatingPointArithmetic,NumStability/Analysis/FloatingPointArithmetic.lean,Analysis,false,true,6,NumStability.Source.Higham.Chapter01.Problem01.RelativeError.All;NumStability.Source.Higham.Chapter01.Section03.ErrorSources.All;NumStability.Source.Higham.Chapter01.Section07.Cancellation.All;NumStability.Source.Higham.Chapter02.FloatingPointArithmetic.AdditiveUnderflowModel;NumStability.Source.Higham.Chapter02.FloatingPointArithmetic.Environment;NumStability.Source.Higham.Chapter02.Section04.NoGuardModel.All,1,NumStability.Source.Higham.Chapter01.Problem01.RelativeError.All,Source-import reachability only; this does not establish an elaborated declaration dependency.
NumStability.Analysis.FloatingPointArithmetic.DoubleRounding.All,NumStability/Analysis/FloatingPointArithmetic/DoubleRounding/All.lean,Analysis,false,false,0,,,,Source-import reachability only; this does not establish an elaborated declaration dependency.
NumStability.Analysis.FloatingPointArithmetic.DoubleRounding.FiniteNormalRange,NumStability/Analysis/FloatingPointArithmetic/DoubleRounding/FiniteNormalRange.lean,Analysis,true,false,0,,,,Source-import reachability only; this does not establish an elaborated declaration dependency.
NumStability.Analysis.FloatingPointArithmetic.DoubleRounding.ToyBinary,NumStability/Analysis/FloatingPointArithmetic/DoubleRounding/ToyBinary.lean,Analysis,true,false,0,,,,Source-import reachability only; this does not establish an elaborated declaration dependency.
NumStability.Analysis.FloatingPointArithmetic.ErrorModels.Additive,NumStability/Analysis/FloatingPointArithmetic/ErrorModels/Additive.lean,Analysis,true,false,0,,,,Source-import reachability only; this does not establish an elaborated declaration dependency.
NumStability.Analysis.FloatingPointArithmetic.ErrorModels.AdditiveProperties,NumStability/Analysis/FloatingPointArithmetic/ErrorModels/AdditiveProperties.lean,Analysis,true,false,0,,,,Source-import reachability only; this does not establish an elaborated declaration dependency.
NumStability.Analysis.FloatingPointArithmetic.ErrorModels.All,NumStability/Analysis/FloatingPointArithmetic/ErrorModels/All.lean,Analysis,false,false,0,,,,Source-import reachability only; this does not establish an elaborated declaration dependency.
NumStability.Analysis.FloatingPointArithmetic.ErrorModels.NoGuardBasic,NumStability/Analysis/FloatingPointArithmetic/ErrorModels/NoGuardBasic.lean,Analysis,true,false,0,,,,Source-import reachability only; this does not establish an elaborated declaration dependency.
NumStability.Analysis.FloatingPointArithmetic.ErrorModels.NoGuardModel,NumStability/Analysis/FloatingPointArithmetic/ErrorModels/NoGuardModel.lean,Analysis,true,false,0,,,,Source-import reachability only; this does not establish an elaborated declaration dependency.
NumStability.Analysis.FloatingPointArithmetic.ExactSubtraction,NumStability/Analysis/FloatingPointArithmetic/ExactSubtraction.lean,Analysis,true,false,0,,,,Source-import reachability only; this does not establish an elaborated declaration dependency.
NumStability.Analysis.FloatingPointArithmetic.Format,NumStability/Analysis/FloatingPointArithmetic/Format.lean,Analysis,true,false,0,,,,Source-import reachability only; this does not establish an elaborated declaration dependency.
NumStability.Analysis.FloatingPointArithmetic.IeeeExceptions,NumStability/Analysis/FloatingPointArithmetic/IeeeExceptions.lean,Analysis,true,false,0,,,,Source-import reachability only; this does not establish an elaborated declaration dependency.
NumStability.Analysis.FloatingPointArithmetic.IeeeOperations,NumStability/Analysis/FloatingPointArithmetic/IeeeOperations.lean,Analysis,true,false,0,,,,Source-import reachability only; this does not establish an elaborated declaration dependency.
NumStability.Analysis.FloatingPointArithmetic.IeeeSpecialValueOperations.Results,NumStability/Analysis/FloatingPointArithmetic/IeeeSpecialValueOperations/Results.lean,Analysis,true,false,0,,,,Source-import reachability only; this does not establish an elaborated declaration dependency.
NumStability.Analysis.FloatingPointArithmetic.IeeeValue,NumStability/Analysis/FloatingPointArithmetic/IeeeValue.lean,Analysis,true,false,0,,,,Source-import reachability only; this does not establish an elaborated declaration dependency.
NumStability.Analysis.FloatingPointArithmetic.MidpointRounding.All,NumStability/Analysis/FloatingPointArithmetic/MidpointRounding/All.lean,Analysis,false,false,0,,,,Source-import reachability only; this does not establish an elaborated declaration dependency.
NumStability.Analysis.FloatingPointArithmetic.MidpointRounding.DecimalTieExamples,NumStability/Analysis/FloatingPointArithmetic/MidpointRounding/DecimalTieExamples.lean,Analysis,true,false,0,,,,Source-import reachability only; this does not establish an elaborated declaration dependency.
NumStability.Analysis.FloatingPointArithmetic.NearestRoundingError,NumStability/Analysis/FloatingPointArithmetic/NearestRoundingError.lean,Analysis,true,false,0,,,,Source-import reachability only; this does not establish an elaborated declaration dependency.
NumStability.Analysis.FloatingPointArithmetic.RoundToEvenLocalError,NumStability/Analysis/FloatingPointArithmetic/RoundToEvenLocalError.lean,Analysis,true,false,0,,,,Source-import reachability only; this does not establish an elaborated declaration dependency.
NumStability.Analysis.FloatingPointArithmetic.Rounding,NumStability/Analysis/FloatingPointArithmetic/Rounding.lean,Analysis,true,false,0,,,,Source-import reachability only; this does not establish an elaborated declaration dependency.
NumStability.Analysis.FloatingPointArithmetic.StandardModel,NumStability/Analysis/FloatingPointArithmetic/StandardModel.lean,Analysis,true,false,0,,,,Source-import reachability only; this does not establish an elaborated declaration dependency.
NumStability.Analysis.FloatingPointArithmetic.TrigonometricCancellation.All,NumStability/Analysis/FloatingPointArithmetic/TrigonometricCancellation/All.lean,Analysis,false,false,0,,,,Source-import reachability only; this does not establish an elaborated declaration dependency.
NumStability.Analysis.FloatingPointArithmetic.TrigonometricCancellation.Core,NumStability/Analysis/FloatingPointArithmetic/TrigonometricCancellation/Core.lean,Analysis,true,false,0,,,,Source-import reachability only; this does not establish an elaborated declaration dependency.
NumStability.Analysis.ForwardError,NumStability/Analysis/ForwardError.lean,Analysis,true,false,2,NumStability.Algorithms.LinearSystems.Triangular.BackSubstitution;NumStability.Algorithms.LinearSystems.Triangular.ForwardSubstitution,1,NumStability.Algorithms.LinearSystems.Triangular.BackSubstitution,Source-import reachability only; this does not establish an elaborated declaration dependency.
NumStability.Analysis.FunctionalCalculus,NumStability/Analysis/FunctionalCalculus.lean,Analysis,false,false,0,,,,Source-import reachability only; this does not establish an elaborated declaration dependency.
NumStability.Analysis.FunctionalCalculus.Resolvent,NumStability/Analysis/FunctionalCalculus/Resolvent.lean,Analysis,false,false,0,,,,Source-import reachability only; this does not establish an elaborated declaration dependency.
NumStability.Analysis.FunctionalCalculus.Resolvent.All,NumStability/Analysis/FunctionalCalculus/Resolvent/All.lean,Analysis,false,false,0,,,,Source-import reachability only; this does not establish an elaborated declaration dependency.
NumStability.Analysis.FunctionalCalculus.Resolvent.Analyticity,NumStability/Analysis/FunctionalCalculus/Resolvent/Analyticity.lean,Analysis,true,false,0,,,,Source-import reachability only; this does not establish an elaborated declaration dependency.
NumStability.Analysis.FunctionalCalculus.Resolvent.DunfordResidue,NumStability/Analysis/FunctionalCalculus/Resolvent/DunfordResidue.lean,Analysis,true,false,0,,,,Source-import reachability only; this does not establish an elaborated declaration dependency.
NumStability.Analysis.FusedMultiplyAdd,NumStability/Analysis/FusedMultiplyAdd.lean,Analysis,false,false,2,NumStability.Source.Higham.Chapter02.Problem26.ExactProduct.Discrepancy;NumStability.Source.Higham.Chapter02.Section06.FusedMultiplyAdd.DotProductCount,1,NumStability.Source.Higham.Chapter02.Problem26.ExactProduct.Discrepancy,Source-import reachability only; this does not establish an elaborated declaration dependency.
NumStability.Analysis.HenriciExtremal,NumStability/Analysis/HenriciExtremal.lean,Analysis,false,true,0,,,,Source-import reachability only; this does not establish an elaborated declaration dependency.
NumStability.Analysis.HenriciSharpConstant,NumStability/Analysis/HenriciSharpConstant.lean,Analysis,false,true,0,,,,Source-import reachability only; this does not establish an elaborated declaration dependency.
NumStability.Analysis.HenriciSharpConstantExact,NumStability/Analysis/HenriciSharpConstantExact.lean,Analysis,false,true,0,,,,Source-import reachability only; this does not establish an elaborated declaration dependency.
NumStability.Analysis.Heron,NumStability/Analysis/Heron.lean,Analysis,true,false,0,,,,Source-import reachability only; this does not establish an elaborated declaration dependency.
NumStability.Analysis.Higham6Asides,NumStability/Analysis/Higham6Asides.lean,Analysis,false,true,1,NumStability.Source.Higham.Chapter06.Asides,1,NumStability.Source.Higham.Chapter06.Asides,Source-import reachability only; this does not establish an elaborated declaration dependency.
NumStability.Analysis.Higham6BlockAntidiag,NumStability/Analysis/Higham6BlockAntidiag.lean,Analysis,false,true,1,NumStability.Source.Higham.Chapter06.BlockAntidiagonalNorm.InducedLp,1,NumStability.Source.Higham.Chapter06.BlockAntidiagonalNorm.InducedLp,Source-import reachability only; this does not establish an elaborated declaration dependency.
NumStability.Analysis.HighamChapter2ElementaryFunctions,NumStability/Analysis/HighamChapter2ElementaryFunctions.lean,Analysis,false,true,2,NumStability.Source.Higham.Chapter02.Section10.ArctangentRange.Basic;NumStability.Source.Higham.Chapter02.Section10.ArctangentRange.Counterexample.Results,1,NumStability.Source.Higham.Chapter02.Section10.ArctangentRange.Basic,Source-import reachability only; this does not establish an elaborated declaration dependency.
NumStability.Analysis.HighamChapter2FmaDiscriminant,NumStability/Analysis/HighamChapter2FmaDiscriminant.lean,Analysis,false,true,2,NumStability.Source.Higham.Chapter02.Section06.Discriminant.FusedMultiplyAdd.Basic;NumStability.Source.Higham.Chapter02.Section06.Discriminant.FusedMultiplyAdd.Counterexample.Results,1,NumStability.Source.Higham.Chapter02.Section06.Discriminant.FusedMultiplyAdd.Basic,Source-import reachability only; this does not establish an elaborated declaration dependency.
NumStability.Analysis.HighamChapter2GradualUnderflowExact,NumStability/Analysis/HighamChapter2GradualUnderflowExact.lean,Analysis,false,true,1,NumStability.Source.Higham.Chapter02.Problem19.GradualUnderflowExactness.Basic,1,NumStability.Source.Higham.Chapter02.Problem19.GradualUnderflowExactness.Basic,Source-import reachability only; this does not establish an elaborated declaration dependency.
NumStability.Analysis.HighamChapter2Lindemann,NumStability/Analysis/HighamChapter2Lindemann.lean,Analysis,false,true,3,NumStability.Source.Higham.Chapter02.Section10.Tablemaker.FiniteSeparation.Basic;NumStability.Source.Higham.Chapter02.Section10.Tablemaker.FiniteSeparation.Results.Theorems;NumStability.Source.Higham.Chapter02.Section10.Tablemaker.HermiteLindemann.Basic,1,NumStability.Source.Higham.Chapter02.Section10.Tablemaker.FiniteSeparation.Basic,Source-import reachability only; this does not establish an elaborated declaration dependency.
NumStability.Analysis.HighamChapter2PowerLeadingDigits,NumStability/Analysis/HighamChapter2PowerLeadingDigits.lean,Analysis,false,true,2,NumStability.Source.Higham.Chapter02.Problem11;NumStability.Source.Higham.Chapter02.Section07.PowerLeadingDigits,1,NumStability.Source.Higham.Chapter02.Problem11,Source-import reachability only; this does not establish an elaborated declaration dependency.
NumStability.Analysis.HighamChapter2Tablemaker,NumStability/Analysis/HighamChapter2Tablemaker.lean,Analysis,false,true,1,NumStability.Source.Higham.Chapter02.Section10.Tablemaker.FiniteSeparation.Basic,1,NumStability.Source.Higham.Chapter02.Section10.Tablemaker.FiniteSeparation.Basic,Source-import reachability only; this does not establish an elaborated declaration dependency.
NumStability.Analysis.HighamChapter6Duality,NumStability/Analysis/HighamChapter6Duality.lean,Analysis,false,true,1,NumStability.Source.Higham.Chapter06.Equation02,1,NumStability.Source.Higham.Chapter06.Equation02,Source-import reachability only; this does not establish an elaborated declaration dependency.
NumStability.Analysis.HighamChapter7,NumStability/Analysis/HighamChapter7.lean,Analysis,false,true,42,NumStability.Algorithms.CondEstimation;NumStability.Source.Higham.Chapter06.Problem05;NumStability.Source.Higham.Chapter07.Corollary06.LinearSystemsConditioning.Basic;NumStability.Source.Higham.Chapter07.Corollary06.LinearSystemsConditioning.Results;NumStability.Source.Higham.Chapter07.Equation17.KahanConditioningExample;NumStability.Source.Higham.Chapter07.Equation25.InverseConditioning.ExactPerturbation;NumStability.Source.Higham.Chapter07.Equation26.DistanceToSingularity.Results;NumStability.Source.Higham.Chapter07.LinearSystemsConditioning.ComputedResidual;NumStability.Source.Higham.Chapter07.LinearSystemsConditioning.ConditionNumbers;NumStability.Source.Higham.Chapter07.LinearSystemsConditioning.Equation05;NumStability.Source.Higham.Chapter07.LinearSystemsConditioning.Equation32;NumStability.Source.Higham.Chapter07.LinearSystemsConditioning.Equation33;NumStability.Source.Higham.Chapter07.LinearSystemsConditioning.ForwardErrorKernels;NumStability.Source.Higham.Chapter07.LinearSystemsConditioning.Lemma09;NumStability.Source.Higham.Chapter07.LinearSystemsConditioning.Problem01;NumStability.Source.Higham.Chapter07.LinearSystemsConditioning.Problem02;NumStability.Source.Higham.Chapter07.LinearSystemsConditioning.Problem04;NumStability.Source.Higham.Chapter07.LinearSystemsConditioning.Problem05;NumStability.Source.Higham.Chapter07.LinearSystemsConditioning.Problem06Columnwise;NumStability.Source.Higham.Chapter07.LinearSystemsConditioning.Problem06Rowwise;NumStability.Source.Higham.Chapter07.LinearSystemsConditioning.Problem07;NumStability.Source.Higham.Chapter07.LinearSystemsConditioning.Problem08RectangularBackwardError;NumStability.Source.Higham.Chapter07.LinearSystemsConditioning.Problem09Exact;NumStability.Source.Higham.Chapter07.LinearSystemsConditioning.Problem09Linearized;NumStability.Source.Higham.Chapter07.LinearSystemsConditioning.Problem10Bauer.Part01;NumStability.Source.Higham.Chapter07.LinearSystemsConditioning.Problem10Bauer.Part02;NumStability.Source.Higham.Chapter07.LinearSystemsConditioning.Problem10Bauer.Part03;NumStability.Source.Higham.Chapter07.LinearSystemsConditioning.Problem10OneNorm;NumStability.Source.Higham.Chapter07.LinearSystemsConditioning.Problem13SparseResidual;NumStability.Source.Higham.Chapter07.LinearSystemsConditioning.Problem15Hadamard;NumStability.Source.Higham.Chapter07.LinearSystemsConditioning.RowScaling;NumStability.Source.Higham.Chapter07.LinearSystemsConditioning.Theorem02;NumStability.Source.Higham.Chapter07.LinearSystemsConditioning.Theorem04;NumStability.Source.Higham.Chapter07.LinearSystemsConditioning.Theorem05.Part01;NumStability.Source.Higham.Chapter07.LinearSystemsConditioning.Theorem05.Part02;NumStability.Source.Higham.Chapter07.LinearSystemsConditioning.Theorem05.Part03;NumStability.Source.Higham.Chapter07.LinearSystemsConditioning.Theorem05.Part04;NumStability.Source.Higham.Chapter07.LinearSystemsConditioning.Theorem05.Part05;NumStability.Source.Higham.Chapter07.LinearSystemsConditioning.Theorem05.Part06;NumStability.Source.Higham.Chapter07.LinearSystemsConditioning.Theorem05.RowInfinityScaleCounterexample.Theorems;NumStability.Source.Higham.Chapter07.LinearSystemsConditioning.Theorem07FrobeniusScaling;NumStability.Source.Higham.Chapter07.LinearSystemsConditioning.Theorem08Aliases,1,NumStability.Algorithms.CondEstimation,Source-import reachability only; this does not establish an elaborated declaration dependency.
NumStability.Analysis.HighamChapter7Rectangular,NumStability/Analysis/HighamChapter7Rectangular.lean,Analysis,false,true,2,NumStability.Source.Higham.Chapter07.LinearSystemsConditioning.RectangularTheorems;NumStability.Source.Higham.Chapter07.LinearSystemsConditioning.Theorem03.RectangularResults,1,NumStability.Source.Higham.Chapter07.LinearSystemsConditioning.RectangularTheorems,Source-import reachability only; this does not establish an elaborated declaration dependency.
NumStability.Analysis.IncreasingPrecision,NumStability/Analysis/IncreasingPrecision.lean,Analysis,false,true,2,NumStability.Source.Higham.Chapter01.FloatingPointArithmetic.IncreasingPrecision;NumStability.Source.Higham.Chapter01.Section13.IncreasingPrecision.BinaryStorageExamples,1,NumStability.Source.Higham.Chapter01.FloatingPointArithmetic.IncreasingPrecision,Source-import reachability only; this does not establish an elaborated declaration dependency.
NumStability.Analysis.InstabilityWithoutCancellation,NumStability/Analysis/InstabilityWithoutCancellation.lean,Analysis,false,true,3,NumStability.Algorithms.LU.GaussianElimination;NumStability.Source.Higham.Chapter01.FloatingPointArithmetic.InstabilityWithoutCancellation;NumStability.Source.Higham.Chapter01.Section12.InstabilityWithoutCancellation.PivotingExample,1,NumStability.Algorithms.LU.GaussianElimination,Source-import reachability only; this does not establish an elaborated declaration dependency.
NumStability.Analysis.InverseOpNorm2,NumStability/Analysis/InverseOpNorm2.lean,Analysis,false,false,3,NumStability.Algorithms.MatrixEquations.Sylvester.Conditioning.SingularValue;NumStability.Algorithms.Sylvester.Higham16Lyapunov;NumStability.Algorithms.Sylvester.Higham16Psi,1,NumStability.Algorithms.MatrixEquations.Sylvester.Conditioning.SingularValue,Source-import reachability only; this does not establish an elaborated declaration dependency.
NumStability.Analysis.JordanNormalForm,NumStability/Analysis/JordanNormalForm.lean,Analysis,false,true,0,,,,Source-import reachability only; this does not establish an elaborated declaration dependency.
NumStability.Analysis.LeadingDigitDistribution,NumStability/Analysis/LeadingDigitDistribution.lean,Analysis,false,true,0,,,,Source-import reachability only; this does not establish an elaborated declaration dependency.
NumStability.Analysis.LeadingDigits,NumStability/Analysis/LeadingDigits.lean,Analysis,false,false,0,,,,Source-import reachability only; this does not establish an elaborated declaration dependency.
NumStability.Analysis.LeadingDigits.Decimal,NumStability/Analysis/LeadingDigits/Decimal.lean,Analysis,true,false,0,,,,Source-import reachability only; this does not establish an elaborated declaration dependency.
NumStability.Analysis.LeadingDigits.DecimalPowers,NumStability/Analysis/LeadingDigits/DecimalPowers.lean,Analysis,true,false,0,,,,Source-import reachability only; this does not establish an elaborated declaration dependency.
NumStability.Analysis.LeadingDigits.Empirical,NumStability/Analysis/LeadingDigits/Empirical.lean,Analysis,true,false,0,,,,Source-import reachability only; this does not establish an elaborated declaration dependency.
NumStability.Analysis.LeadingDigits.LogarithmicDistribution,NumStability/Analysis/LeadingDigits/LogarithmicDistribution.lean,Analysis,true,false,0,,,,Source-import reachability only; this does not establish an elaborated declaration dependency.
NumStability.Analysis.LinearOperators,NumStability/Analysis/LinearOperators.lean,Analysis,false,false,0,,3,NumStability.Algorithms.LinearSystems.Iterative.Stationary.Semiconvergence.BlockForm.Existence,Source-import reachability only; this does not establish an elaborated declaration dependency.
NumStability.Analysis.LinearOperators.Basic,NumStability/Analysis/LinearOperators/Basic.lean,Analysis,true,false,0,,,,Source-import reachability only; this does not establish an elaborated declaration dependency.
NumStability.Analysis.LinearOperators.Jordan,NumStability/Analysis/LinearOperators/Jordan.lean,Analysis,false,false,0,,,,Source-import reachability only; this does not establish an elaborated declaration dependency.
NumStability.Analysis.LinearOperators.Jordan.NormalForm,NumStability/Analysis/LinearOperators/Jordan/NormalForm.lean,Analysis,false,false,0,,,,Source-import reachability only; this does not establish an elaborated declaration dependency.
NumStability.Analysis.LinearOperators.Jordan.NormalForm.All,NumStability/Analysis/LinearOperators/Jordan/NormalForm/All.lean,Analysis,false,false,0,,,,Source-import reachability only; this does not establish an elaborated declaration dependency.
NumStability.Analysis.LinearOperators.Jordan.NormalForm.NilpotentChains,NumStability/Analysis/LinearOperators/Jordan/NormalForm/NilpotentChains.lean,Analysis,true,false,0,,,,Source-import reachability only; this does not establish an elaborated declaration dependency.
NumStability.Analysis.LinearOperators.Jordan.NormalForm.PrimaryDecomposition,NumStability/Analysis/LinearOperators/Jordan/NormalForm/PrimaryDecomposition.lean,Analysis,true,false,0,,,,Source-import reachability only; this does not establish an elaborated declaration dependency.
NumStability.Analysis.LinearOperators.MatrixPowers,NumStability/Analysis/LinearOperators/MatrixPowers.lean,Analysis,false,false,0,,4,NumStability.Algorithms.PolynomialEvaluation.MatrixNorms,Source-import reachability only; this does not establish an elaborated declaration dependency.
NumStability.Analysis.LinearOperators.MatrixPowers.BaiDemmelGu,NumStability/Analysis/LinearOperators/MatrixPowers/BaiDemmelGu.lean,Analysis,false,false,0,,,,Source-import reachability only; this does not establish an elaborated declaration dependency.
NumStability.Analysis.LinearOperators.MatrixPowers.BaiDemmelGu.All,NumStability/Analysis/LinearOperators/MatrixPowers/BaiDemmelGu/All.lean,Analysis,false,false,0,,,,Source-import reachability only; this does not establish an elaborated declaration dependency.
NumStability.Analysis.LinearOperators.MatrixPowers.BaiDemmelGu.DistanceToInstability,NumStability/Analysis/LinearOperators/MatrixPowers/BaiDemmelGu/DistanceToInstability.lean,Analysis,true,false,0,,,,Source-import reachability only; this does not establish an elaborated declaration dependency.
NumStability.Analysis.LinearOperators.MatrixPowers.BaiDemmelGu.StabilityRadius,NumStability/Analysis/LinearOperators/MatrixPowers/BaiDemmelGu/StabilityRadius.lean,Analysis,true,false,0,,,,Source-import reachability only; this does not establish an elaborated declaration dependency.
NumStability.Analysis.LinearOperators.MatrixPowers.ExactNormBounds,NumStability/Analysis/LinearOperators/MatrixPowers/ExactNormBounds.lean,Analysis,false,false,0,,,,Source-import reachability only; this does not establish an elaborated declaration dependency.
NumStability.Analysis.LinearOperators.MatrixPowers.ExactNormBounds.All,NumStability/Analysis/LinearOperators/MatrixPowers/ExactNormBounds/All.lean,Analysis,false,false,0,,,,Source-import reachability only; this does not establish an elaborated declaration dependency.
NumStability.Analysis.LinearOperators.MatrixPowers.ExactNormBounds.Complex,NumStability/Analysis/LinearOperators/MatrixPowers/ExactNormBounds/Complex.lean,Analysis,true,false,0,,,,Source-import reachability only; this does not establish an elaborated declaration dependency.
NumStability.Analysis.LinearOperators.MatrixPowers.ExactNormBounds.NormalMatrices,NumStability/Analysis/LinearOperators/MatrixPowers/ExactNormBounds/NormalMatrices.lean,Analysis,false,false,0,,,,Source-import reachability only; this does not establish an elaborated declaration dependency.
NumStability.Analysis.LinearOperators.MatrixPowers.ExactNormBounds.NormalMatrices.Powers,NumStability/Analysis/LinearOperators/MatrixPowers/ExactNormBounds/NormalMatrices/Powers.lean,Analysis,true,false,0,,,,Source-import reachability only; this does not establish an elaborated declaration dependency.
NumStability.Analysis.LinearOperators.MatrixPowers.ExactNormBounds.Real,NumStability/Analysis/LinearOperators/MatrixPowers/ExactNormBounds/Real.lean,Analysis,true,false,0,,,,Source-import reachability only; this does not establish an elaborated declaration dependency.
NumStability.Analysis.LinearOperators.MatrixPowers.ExactNormBounds.Schur,NumStability/Analysis/LinearOperators/MatrixPowers/ExactNormBounds/Schur.lean,Analysis,true,false,0,,,,Source-import reachability only; this does not establish an elaborated declaration dependency.
NumStability.Analysis.LinearOperators.MatrixPowers.ExactNormBounds.SpectralRadius,NumStability/Analysis/LinearOperators/MatrixPowers/ExactNormBounds/SpectralRadius.lean,Analysis,true,false,0,,,,Source-import reachability only; this does not establish an elaborated declaration dependency.
NumStability.Analysis.LinearOperators.MatrixPowers.Gautschi,NumStability/Analysis/LinearOperators/MatrixPowers/Gautschi.lean,Analysis,false,false,0,,4,NumStability.Algorithms.PolynomialEvaluation.MatrixNorms,Source-import reachability only; this does not establish an elaborated declaration dependency.
NumStability.Analysis.LinearOperators.MatrixPowers.Gautschi.All,NumStability/Analysis/LinearOperators/MatrixPowers/Gautschi/All.lean,Analysis,false,false,0,,3,NumStability.Algorithms.PolynomialEvaluation.MatrixNorms,Source-import reachability only; this does not establish an elaborated declaration dependency.
NumStability.Analysis.LinearOperators.MatrixPowers.Gautschi.Bounds,NumStability/Analysis/LinearOperators/MatrixPowers/Gautschi/Bounds.lean,Analysis,true,false,0,,2,NumStability.Algorithms.PolynomialEvaluation.MatrixNorms,Source-import reachability only; this does not establish an elaborated declaration dependency.
NumStability.Analysis.LinearOperators.MatrixPowers.Henrici,NumStability/Analysis/LinearOperators/MatrixPowers/Henrici.lean,Analysis,false,false,0,,,,Source-import reachability only; this does not establish an elaborated declaration dependency.
NumStability.Analysis.LinearOperators.MatrixPowers.Henrici.All,NumStability/Analysis/LinearOperators/MatrixPowers/Henrici/All.lean,Analysis,false,false,0,,,,Source-import reachability only; this does not establish an elaborated declaration dependency.
NumStability.Analysis.LinearOperators.MatrixPowers.Henrici.BinomialPowerBound,NumStability/Analysis/LinearOperators/MatrixPowers/Henrici/BinomialPowerBound.lean,Analysis,true,false,0,,,,Source-import reachability only; this does not establish an elaborated declaration dependency.
NumStability.Analysis.LinearOperators.MatrixPowers.Henrici.DepartureFromNormality,NumStability/Analysis/LinearOperators/MatrixPowers/Henrici/DepartureFromNormality.lean,Analysis,true,false,0,,,,Source-import reachability only; this does not establish an elaborated declaration dependency.
NumStability.Analysis.LinearOperators.MatrixPowers.Henrici.Extremal,NumStability/Analysis/LinearOperators/MatrixPowers/Henrici/Extremal.lean,Analysis,true,false,0,,,,Source-import reachability only; this does not establish an elaborated declaration dependency.
NumStability.Analysis.LinearOperators.MatrixPowers.Henrici.ImprovedConstant,NumStability/Analysis/LinearOperators/MatrixPowers/Henrici/ImprovedConstant.lean,Analysis,true,false,0,,,,Source-import reachability only; this does not establish an elaborated declaration dependency.
NumStability.Analysis.LinearOperators.MatrixPowers.Henrici.NormalCharacterization,NumStability/Analysis/LinearOperators/MatrixPowers/Henrici/NormalCharacterization.lean,Analysis,false,false,0,,,,Source-import reachability only; this does not establish an elaborated declaration dependency.
NumStability.Analysis.LinearOperators.MatrixPowers.Henrici.NormalCharacterization.Schur,NumStability/Analysis/LinearOperators/MatrixPowers/Henrici/NormalCharacterization/Schur.lean,Analysis,true,false,0,,,,Source-import reachability only; this does not establish an elaborated declaration dependency.
NumStability.Analysis.LinearOperators.MatrixPowers.Henrici.NormalMatrices,NumStability/Analysis/LinearOperators/MatrixPowers/Henrici/NormalMatrices.lean,Analysis,true,false,0,,,,Source-import reachability only; this does not establish an elaborated declaration dependency.
NumStability.Analysis.LinearOperators.MatrixPowers.Henrici.SchurBinomialBounds,NumStability/Analysis/LinearOperators/MatrixPowers/Henrici/SchurBinomialBounds.lean,Analysis,false,false,0,,,,Source-import reachability only; this does not establish an elaborated declaration dependency.
NumStability.Analysis.LinearOperators.MatrixPowers.Henrici.SchurBinomialBounds.Estimates,NumStability/Analysis/LinearOperators/MatrixPowers/Henrici/SchurBinomialBounds/Estimates.lean,Analysis,true,false,0,,,,Source-import reachability only; this does not establish an elaborated declaration dependency.
NumStability.Analysis.LinearOperators.MatrixPowers.Henrici.SharpConstant,NumStability/Analysis/LinearOperators/MatrixPowers/Henrici/SharpConstant.lean,Analysis,true,false,0,,,,Source-import reachability only; this does not establish an elaborated declaration dependency.
NumStability.Analysis.LinearOperators.MatrixPowers.JordanScaling,NumStability/Analysis/LinearOperators/MatrixPowers/JordanScaling.lean,Analysis,false,false,0,,3,NumStability.Algorithms.PolynomialEvaluation.MatrixNorms,Source-import reachability only; this does not establish an elaborated declaration dependency.
NumStability.Analysis.LinearOperators.MatrixPowers.JordanScaling.All,NumStability/Analysis/LinearOperators/MatrixPowers/JordanScaling/All.lean,Analysis,false,false,0,,2,NumStability.Algorithms.PolynomialEvaluation.MatrixNorms,Source-import reachability only; this does not establish an elaborated declaration dependency.
NumStability.Analysis.LinearOperators.MatrixPowers.JordanScaling.Complex,NumStability/Analysis/LinearOperators/MatrixPowers/JordanScaling/Complex.lean,Analysis,true,false,0,,2,NumStability.Algorithms.PolynomialEvaluation.MatrixNorms,Source-import reachability only; this does not establish an elaborated declaration dependency.
NumStability.Analysis.LinearOperators.MatrixPowers.JordanScaling.RealDiagonal,NumStability/Analysis/LinearOperators/MatrixPowers/JordanScaling/RealDiagonal.lean,Analysis,true,false,1,NumStability.Algorithms.PolynomialEvaluation.MatrixNorms,1,NumStability.Algorithms.PolynomialEvaluation.MatrixNorms,Source-import reachability only; this does not establish an elaborated declaration dependency.
NumStability.Analysis.LinearOperators.MatrixPowers.JordanScaling.RealJordan,NumStability/Analysis/LinearOperators/MatrixPowers/JordanScaling/RealJordan.lean,Analysis,true,false,1,NumStability.Algorithms.PolynomialEvaluation.MatrixNorms,1,NumStability.Algorithms.PolynomialEvaluation.MatrixNorms,Source-import reachability only; this does not establish an elaborated declaration dependency.
NumStability.Analysis.LinearOperators.MatrixPowers.Kreiss,NumStability/Analysis/LinearOperators/MatrixPowers/Kreiss.lean,Analysis,false,false,0,,,,Source-import reachability only; this does not establish an elaborated declaration dependency.
NumStability.Analysis.LinearOperators.MatrixPowers.Kreiss.All,NumStability/Analysis/LinearOperators/MatrixPowers/Kreiss/All.lean,Analysis,false,false,0,,,,Source-import reachability only; this does not establish an elaborated declaration dependency.
NumStability.Analysis.LinearOperators.MatrixPowers.Kreiss.ResolventBound,NumStability/Analysis/LinearOperators/MatrixPowers/Kreiss/ResolventBound.lean,Analysis,true,false,0,,,,Source-import reachability only; this does not establish an elaborated declaration dependency.
NumStability.Analysis.LinearOperators.MatrixPowers.Laszlo,NumStability/Analysis/LinearOperators/MatrixPowers/Laszlo.lean,Analysis,false,false,0,,,,Source-import reachability only; this does not establish an elaborated declaration dependency.
NumStability.Analysis.LinearOperators.MatrixPowers.Laszlo.All,NumStability/Analysis/LinearOperators/MatrixPowers/Laszlo/All.lean,Analysis,false,false,0,,,,Source-import reachability only; this does not establish an elaborated declaration dependency.
NumStability.Analysis.LinearOperators.MatrixPowers.Laszlo.NearestNormal,NumStability/Analysis/LinearOperators/MatrixPowers/Laszlo/NearestNormal.lean,Analysis,true,false,0,,,,Source-import reachability only; this does not establish an elaborated declaration dependency.
NumStability.Analysis.LinearOperators.MatrixPowers.LpBounds,NumStability/Analysis/LinearOperators/MatrixPowers/LpBounds.lean,Analysis,false,false,0,,5,NumStability.Algorithms.PolynomialEvaluation.MatrixNorms,Source-import reachability only; this does not establish an elaborated declaration dependency.
NumStability.Analysis.LinearOperators.MatrixPowers.LpBounds.All,NumStability/Analysis/LinearOperators/MatrixPowers/LpBounds/All.lean,Analysis,false,false,0,,4,NumStability.Algorithms.PolynomialEvaluation.MatrixNorms,Source-import reachability only; this does not establish an elaborated declaration dependency.
NumStability.Analysis.LinearOperators.MatrixPowers.LpBounds.ComplexDiagonal,NumStability/Analysis/LinearOperators/MatrixPowers/LpBounds/ComplexDiagonal.lean,Analysis,true,false,0,,3,NumStability.Algorithms.PolynomialEvaluation.MatrixNorms,Source-import reachability only; this does not establish an elaborated declaration dependency.
NumStability.Analysis.LinearOperators.MatrixPowers.LpBounds.ComplexJordan,NumStability/Analysis/LinearOperators/MatrixPowers/LpBounds/ComplexJordan.lean,Analysis,true,false,0,,3,NumStability.Algorithms.PolynomialEvaluation.MatrixNorms,Source-import reachability only; this does not establish an elaborated declaration dependency.
NumStability.Analysis.LinearOperators.MatrixPowers.Semiconvergence.All,NumStability/Analysis/LinearOperators/MatrixPowers/Semiconvergence/All.lean,Analysis,false,false,0,,2,NumStability.Algorithms.LinearSystems.Iterative.Stationary.Semiconvergence.BlockForm.Existence,Source-import reachability only; this does not establish an elaborated declaration dependency.
NumStability.Analysis.LinearOperators.MatrixPowers.Semiconvergence.Limits.General,NumStability/Analysis/LinearOperators/MatrixPowers/Semiconvergence/Limits/General.lean,Analysis,true,false,0,,2,NumStability.Algorithms.PolynomialEvaluation.MatrixNorms,Source-import reachability only; this does not establish an elaborated declaration dependency.
NumStability.Analysis.LinearOperators.MatrixPowers.Semiconvergence.Limits.RealSpectrum,NumStability/Analysis/LinearOperators/MatrixPowers/Semiconvergence/Limits/RealSpectrum.lean,Analysis,true,false,0,,3,NumStability.Algorithms.LinearSystems.Iterative.Stationary.Semiconvergence.BlockForm.Existence,Source-import reachability only; this does not establish an elaborated declaration dependency.
NumStability.Analysis.LinearOperators.MatrixPowers.Semiconvergence.PrimarySplitting,NumStability/Analysis/LinearOperators/MatrixPowers/Semiconvergence/PrimarySplitting.lean,Analysis,true,false,0,,2,NumStability.Algorithms.LinearSystems.Iterative.Stationary.Semiconvergence.BlockForm.Existence,Source-import reachability only; this does not establish an elaborated declaration dependency.
NumStability.Analysis.LinearOperators.MatrixPowers.Semiconvergence.QuasiTriangularBlockForm,NumStability/Analysis/LinearOperators/MatrixPowers/Semiconvergence/QuasiTriangularBlockForm.lean,Analysis,true,false,0,,2,NumStability.Algorithms.LinearSystems.Iterative.Stationary.Semiconvergence.BlockForm.Existence,Source-import reachability only; this does not establish an elaborated declaration dependency.
NumStability.Analysis.LinearOperators.MatrixPowers.Semiconvergence.TriangularBlockForm,NumStability/Analysis/LinearOperators/MatrixPowers/Semiconvergence/TriangularBlockForm.lean,Analysis,true,false,1,NumStability.Algorithms.LinearSystems.Iterative.Stationary.Semiconvergence.BlockForm.Existence,1,NumStability.Algorithms.LinearSystems.Iterative.Stationary.Semiconvergence.BlockForm.Existence,Source-import reachability only; this does not establish an elaborated declaration dependency.
NumStability.Analysis.LinearOperators.MatrixPowers.Spijker,NumStability/Analysis/LinearOperators/MatrixPowers/Spijker.lean,Analysis,false,false,0,,4,NumStability.Algorithms.MatVec,Source-import reachability only; this does not establish an elaborated declaration dependency.
NumStability.Analysis.LinearOperators.MatrixPowers.Spijker.All,NumStability/Analysis/LinearOperators/MatrixPowers/Spijker/All.lean,Analysis,false,false,0,,3,NumStability.Algorithms.MatVec,Source-import reachability only; this does not establish an elaborated declaration dependency.
NumStability.Analysis.LinearOperators.MatrixPowers.Spijker.ArcLengthPowerBounds,NumStability/Analysis/LinearOperators/MatrixPowers/Spijker/ArcLengthPowerBounds.lean,Analysis,false,false,0,,,,Source-import reachability only; this does not establish an elaborated declaration dependency.
NumStability.Analysis.LinearOperators.MatrixPowers.Spijker.ArcLengthPowerBounds.FiniteDimension,NumStability/Analysis/LinearOperators/MatrixPowers/Spijker/ArcLengthPowerBounds/FiniteDimension.lean,Analysis,true,false,0,,,,Source-import reachability only; this does not establish an elaborated declaration dependency.
NumStability.Analysis.LinearOperators.MatrixPowers.Spijker.FiniteDimensionalPowerBounds,NumStability/Analysis/LinearOperators/MatrixPowers/Spijker/FiniteDimensionalPowerBounds.lean,Analysis,false,false,0,,2,NumStability.Algorithms.MatVec,Source-import reachability only; this does not establish an elaborated declaration dependency.
NumStability.Analysis.LinearOperators.MatrixPowers.Spijker.FiniteDimensionalPowerBounds.Kreiss,NumStability/Analysis/LinearOperators/MatrixPowers/Spijker/FiniteDimensionalPowerBounds/Kreiss.lean,Analysis,true,false,3,NumStability.Algorithms.MatVec;NumStability.Algorithms.MatrixPowers.ComputedIteration.Model;NumStability.Algorithms.PolynomialEvaluation.MatrixNorms,1,NumStability.Algorithms.MatVec,Source-import reachability only; this does not establish an elaborated declaration dependency.
NumStability.Analysis.LinearOperators.MatrixPowers.Spijker.KreissBridge,NumStability/Analysis/LinearOperators/MatrixPowers/Spijker/KreissBridge.lean,Analysis,false,true,0,,,,Source-import reachability only; this does not establish an elaborated declaration dependency.
NumStability.Analysis.LinearOperators.MatrixPowers.Spijker.PlanarAlgebra,NumStability/Analysis/LinearOperators/MatrixPowers/Spijker/PlanarAlgebra.lean,Analysis,true,false,0,,,,Source-import reachability only; this does not establish an elaborated declaration dependency.
NumStability.Analysis.LinearOperators.MatrixPowers.Spijker.PlanarAnalysis,NumStability/Analysis/LinearOperators/MatrixPowers/Spijker/PlanarAnalysis.lean,Analysis,true,false,0,,,,Source-import reachability only; this does not establish an elaborated declaration dependency.
NumStability.Analysis.LinearOperators.MatrixPowers.Spijker.PlanarArcLength,NumStability/Analysis/LinearOperators/MatrixPowers/Spijker/PlanarArcLength.lean,Analysis,false,false,0,,2,NumStability.Algorithms.MatVec,Source-import reachability only; this does not establish an elaborated declaration dependency.
NumStability.Analysis.LinearOperators.MatrixPowers.Spijker.PlanarArcLength.Variation,NumStability/Analysis/LinearOperators/MatrixPowers/Spijker/PlanarArcLength/Variation.lean,Analysis,true,false,3,NumStability.Algorithms.MatVec;NumStability.Algorithms.MatrixPowers.ComputedIteration.Model;NumStability.Algorithms.PolynomialEvaluation.MatrixNorms,1,NumStability.Algorithms.MatVec,Source-import reachability only; this does not establish an elaborated declaration dependency.
NumStability.Analysis.LinearOperators.MatrixPowers.Spijker.PlanarCrossingBounds,NumStability/Analysis/LinearOperators/MatrixPowers/Spijker/PlanarCrossingBounds.lean,Analysis,false,false,0,,2,NumStability.Algorithms.MatVec,Source-import reachability only; this does not establish an elaborated declaration dependency.
NumStability.Analysis.LinearOperators.MatrixPowers.Spijker.PlanarCrossingBounds.Polynomial,NumStability/Analysis/LinearOperators/MatrixPowers/Spijker/PlanarCrossingBounds/Polynomial.lean,Analysis,true,false,3,NumStability.Algorithms.MatVec;NumStability.Algorithms.MatrixPowers.ComputedIteration.Model;NumStability.Algorithms.PolynomialEvaluation.MatrixNorms,1,NumStability.Algorithms.MatVec,Source-import reachability only; this does not establish an elaborated declaration dependency.
NumStability.Analysis.LinearOperators.MatrixPowers.Spijker.ProjectionIntegral,NumStability/Analysis/LinearOperators/MatrixPowers/Spijker/ProjectionIntegral.lean,Analysis,true,false,0,,,,Source-import reachability only; this does not establish an elaborated declaration dependency.
NumStability.Analysis.LinearOperators.MatrixPowers.Spijker.Rational,NumStability/Analysis/LinearOperators/MatrixPowers/Spijker/Rational.lean,Analysis,true,false,0,,,,Source-import reachability only; this does not establish an elaborated declaration dependency.
NumStability.Analysis.LinearOperators.MatrixPowers.Spijker.ResolventCoefficients,NumStability/Analysis/LinearOperators/MatrixPowers/Spijker/ResolventCoefficients.lean,Analysis,false,false,0,,,,Source-import reachability only; this does not establish an elaborated declaration dependency.
NumStability.Analysis.LinearOperators.MatrixPowers.Spijker.ResolventCoefficients.Analytic,NumStability/Analysis/LinearOperators/MatrixPowers/Spijker/ResolventCoefficients/Analytic.lean,Analysis,true,false,0,,,,Source-import reachability only; this does not establish an elaborated declaration dependency.
NumStability.Analysis.LinearOperators.NumericalRadius,NumStability/Analysis/LinearOperators/NumericalRadius.lean,Analysis,false,false,0,,,,Source-import reachability only; this does not establish an elaborated declaration dependency.
NumStability.Analysis.LinearOperators.NumericalRadius.Berger,NumStability/Analysis/LinearOperators/NumericalRadius/Berger.lean,Analysis,false,false,0,,,,Source-import reachability only; this does not establish an elaborated declaration dependency.
NumStability.Analysis.LinearOperators.NumericalRadius.Berger.All,NumStability/Analysis/LinearOperators/NumericalRadius/Berger/All.lean,Analysis,false,false,0,,,,Source-import reachability only; this does not establish an elaborated declaration dependency.
NumStability.Analysis.LinearOperators.NumericalRadius.Berger.GeneralPowerInequality,NumStability/Analysis/LinearOperators/NumericalRadius/Berger/GeneralPowerInequality.lean,Analysis,false,false,0,,,,Source-import reachability only; this does not establish an elaborated declaration dependency.
NumStability.Analysis.LinearOperators.NumericalRadius.Berger.GeneralPowerInequality.Powers,NumStability/Analysis/LinearOperators/NumericalRadius/Berger/GeneralPowerInequality/Powers.lean,Analysis,true,false,0,,,,Source-import reachability only; this does not establish an elaborated declaration dependency.
NumStability.Analysis.LinearOperators.NumericalRadius.Berger.GeneralPowerInequality.PowersOfTwo,NumStability/Analysis/LinearOperators/NumericalRadius/Berger/GeneralPowerInequality/PowersOfTwo.lean,Analysis,true,false,0,,,,Source-import reachability only; this does not establish an elaborated declaration dependency.
NumStability.Analysis.LinearOperators.NumericalRadius.Berger.Hermitian,NumStability/Analysis/LinearOperators/NumericalRadius/Berger/Hermitian.lean,Analysis,true,false,0,,,,Source-import reachability only; this does not establish an elaborated declaration dependency.
NumStability.Analysis.LinearOperators.NumericalRadius.Berger.Internal.HermitianEuclideanSpaceNotation,NumStability/Analysis/LinearOperators/NumericalRadius/Berger/Internal/HermitianEuclideanSpaceNotation.lean,Analysis,false,false,0,,,,Source-import reachability only; this does not establish an elaborated declaration dependency.
NumStability.Analysis.LinearOperators.NumericalRadius.Berger.PowerTwo,NumStability/Analysis/LinearOperators/NumericalRadius/Berger/PowerTwo.lean,Analysis,true,false,0,,,,Source-import reachability only; this does not establish an elaborated declaration dependency.
NumStability.Analysis.LinearOperators.NumericalRadius.Core,NumStability/Analysis/LinearOperators/NumericalRadius/Core.lean,Analysis,false,false,0,,,,Source-import reachability only; this does not establish an elaborated declaration dependency.
NumStability.Analysis.LinearOperators.NumericalRadius.Core.All,NumStability/Analysis/LinearOperators/NumericalRadius/Core/All.lean,Analysis,false,false,0,,,,Source-import reachability only; this does not establish an elaborated declaration dependency.
NumStability.Analysis.LinearOperators.NumericalRadius.Core.Basic,NumStability/Analysis/LinearOperators/NumericalRadius/Core/Basic.lean,Analysis,true,false,0,,,,Source-import reachability only; this does not establish an elaborated declaration dependency.
NumStability.Analysis.LinearOperators.NumericalRadius.Core.Internal.EuclideanSpaceNotation,NumStability/Analysis/LinearOperators/NumericalRadius/Core/Internal/EuclideanSpaceNotation.lean,Analysis,false,false,0,,,,Source-import reachability only; this does not establish an elaborated declaration dependency.
NumStability.Analysis.LinearOperators.Pseudospectra,NumStability/Analysis/LinearOperators/Pseudospectra.lean,Analysis,false,false,0,,,,Source-import reachability only; this does not establish an elaborated declaration dependency.
NumStability.Analysis.LinearOperators.Pseudospectra.Perturbation,NumStability/Analysis/LinearOperators/Pseudospectra/Perturbation.lean,Analysis,false,false,0,,,,Source-import reachability only; this does not establish an elaborated declaration dependency.
NumStability.Analysis.LinearOperators.Pseudospectra.Perturbation.All,NumStability/Analysis/LinearOperators/Pseudospectra/Perturbation/All.lean,Analysis,false,false,0,,,,Source-import reachability only; this does not establish an elaborated declaration dependency.
NumStability.Analysis.LinearOperators.Pseudospectra.Perturbation.ConvergenceCriterion,NumStability/Analysis/LinearOperators/Pseudospectra/Perturbation/ConvergenceCriterion.lean,Analysis,true,false,0,,,,Source-import reachability only; this does not establish an elaborated declaration dependency.
NumStability.Analysis.LinearOperators.Pseudospectra.Perturbation.Definitions,NumStability/Analysis/LinearOperators/Pseudospectra/Perturbation/Definitions.lean,Analysis,true,false,0,,,,Source-import reachability only; this does not establish an elaborated declaration dependency.
NumStability.Analysis.LinearOperators.Pseudospectra.Perturbation.LowerBounds,NumStability/Analysis/LinearOperators/Pseudospectra/Perturbation/LowerBounds.lean,Analysis,true,false,0,,,,Source-import reachability only; this does not establish an elaborated declaration dependency.
NumStability.Analysis.LinearOperators.Pseudospectra.PowerBounds,NumStability/Analysis/LinearOperators/Pseudospectra/PowerBounds.lean,Analysis,false,false,0,,,,Source-import reachability only; this does not establish an elaborated declaration dependency.
NumStability.Analysis.LinearOperators.Pseudospectra.PowerBounds.All,NumStability/Analysis/LinearOperators/Pseudospectra/PowerBounds/All.lean,Analysis,false,false,0,,,,Source-import reachability only; this does not establish an elaborated declaration dependency.
NumStability.Analysis.LinearOperators.Pseudospectra.PowerBounds.Contour,NumStability/Analysis/LinearOperators/Pseudospectra/PowerBounds/Contour.lean,Analysis,true,false,0,,,,Source-import reachability only; this does not establish an elaborated declaration dependency.
NumStability.Analysis.LinearOperators.Pseudospectra.Resolvent,NumStability/Analysis/LinearOperators/Pseudospectra/Resolvent.lean,Analysis,false,false,0,,,,Source-import reachability only; this does not establish an elaborated declaration dependency.
NumStability.Analysis.LinearOperators.Pseudospectra.Resolvent.All,NumStability/Analysis/LinearOperators/Pseudospectra/Resolvent/All.lean,Analysis,false,false,0,,,,Source-import reachability only; this does not establish an elaborated declaration dependency.
NumStability.Analysis.LinearOperators.Pseudospectra.Resolvent.Internal.ScalarNotation,NumStability/Analysis/LinearOperators/Pseudospectra/Resolvent/Internal/ScalarNotation.lean,Analysis,false,false,3,NumStability.Algorithms.MatVec;NumStability.Algorithms.MatrixPowers.ComputedIteration.Model;NumStability.Algorithms.PolynomialEvaluation.MatrixNorms,1,NumStability.Algorithms.MatVec,Source-import reachability only; this does not establish an elaborated declaration dependency.
NumStability.Analysis.LinearOperators.Pseudospectra.Resolvent.LowerBounds,NumStability/Analysis/LinearOperators/Pseudospectra/Resolvent/LowerBounds.lean,Analysis,true,false,0,,,,Source-import reachability only; this does not establish an elaborated declaration dependency.
NumStability.Analysis.LinearOperators.Schur,NumStability/Analysis/LinearOperators/Schur.lean,Analysis,false,false,0,,,,Source-import reachability only; this does not establish an elaborated declaration dependency.
NumStability.Analysis.LinearOperators.Schur.All,NumStability/Analysis/LinearOperators/Schur/All.lean,Analysis,false,false,0,,,,Source-import reachability only; this does not establish an elaborated declaration dependency.
NumStability.Analysis.LinearOperators.Schur.Complex.BlockEmbedding,NumStability/Analysis/LinearOperators/Schur/Complex/BlockEmbedding.lean,Analysis,true,false,0,,,,Source-import reachability only; this does not establish an elaborated declaration dependency.
NumStability.Analysis.LinearOperators.Schur.Complex.Deflation,NumStability/Analysis/LinearOperators/Schur/Complex/Deflation.lean,Analysis,true,false,0,,,,Source-import reachability only; this does not establish an elaborated declaration dependency.
NumStability.Analysis.LinearOperators.Schur.Complex.NormalTriangular,NumStability/Analysis/LinearOperators/Schur/Complex/NormalTriangular.lean,Analysis,false,false,0,,,,Source-import reachability only; this does not establish an elaborated declaration dependency.
NumStability.Analysis.LinearOperators.Schur.Complex.NormalTriangular.Diagonal,NumStability/Analysis/LinearOperators/Schur/Complex/NormalTriangular/Diagonal.lean,Analysis,true,false,0,,,,Source-import reachability only; this does not establish an elaborated declaration dependency.
NumStability.Analysis.LinearOperators.Schur.Complex.Triangulation,NumStability/Analysis/LinearOperators/Schur/Complex/Triangulation.lean,Analysis,true,false,0,,,,Source-import reachability only; this does not establish an elaborated declaration dependency.
NumStability.Analysis.LinearOperators.Schur.Real,NumStability/Analysis/LinearOperators/Schur/Real.lean,Analysis,false,false,0,,,,Source-import reachability only; this does not establish an elaborated declaration dependency.
NumStability.Analysis.LinearOperators.Schur.Real.InvariantSubspace.Complexification,NumStability/Analysis/LinearOperators/Schur/Real/InvariantSubspace/Complexification.lean,Analysis,true,false,0,,,,Source-import reachability only; this does not establish an elaborated declaration dependency.
NumStability.Analysis.LinearOperators.Schur.Real.InvariantSubspace.Existence,NumStability/Analysis/LinearOperators/Schur/Real/InvariantSubspace/Existence.lean,Analysis,true,false,0,,,,Source-import reachability only; this does not establish an elaborated declaration dependency.
NumStability.Analysis.LinearOperators.Schur.Real.InvariantSubspace.TwoByTwo,NumStability/Analysis/LinearOperators/Schur/Real/InvariantSubspace/TwoByTwo.lean,Analysis,true,false,0,,,,Source-import reachability only; this does not establish an elaborated declaration dependency.
NumStability.Analysis.LinearOperators.Schur.Real.QuasiTriangular.API,NumStability/Analysis/LinearOperators/Schur/Real/QuasiTriangular/API.lean,Analysis,true,false,0,,,,Source-import reachability only; this does not establish an elaborated declaration dependency.
NumStability.Analysis.LinearOperators.Schur.Real.QuasiTriangular.Basic,NumStability/Analysis/LinearOperators/Schur/Real/QuasiTriangular/Basic.lean,Analysis,true,false,0,,,,Source-import reachability only; this does not establish an elaborated declaration dependency.
NumStability.Analysis.LinearOperators.Schur.Real.QuasiTriangular.BlockEmbedding,NumStability/Analysis/LinearOperators/Schur/Real/QuasiTriangular/BlockEmbedding.lean,Analysis,true,false,0,,,,Source-import reachability only; this does not establish an elaborated declaration dependency.
NumStability.Analysis.LinearOperators.Schur.Real.QuasiTriangular.Deflation,NumStability/Analysis/LinearOperators/Schur/Real/QuasiTriangular/Deflation.lean,Analysis,true,false,0,,,,Source-import reachability only; this does not establish an elaborated declaration dependency.
NumStability.Analysis.LinearOperators.Schur.Real.QuasiTriangular.Existence,NumStability/Analysis/LinearOperators/Schur/Real/QuasiTriangular/Existence.lean,Analysis,true,false,0,,,,Source-import reachability only; this does not establish an elaborated declaration dependency.
NumStability.Analysis.LinearOperators.Schur.Real.QuasiTriangular.OrthogonalFrame,NumStability/Analysis/LinearOperators/Schur/Real/QuasiTriangular/OrthogonalFrame.lean,Analysis,true,false,0,,,,Source-import reachability only; this does not establish an elaborated declaration dependency.
NumStability.Analysis.LinearOperators.Schur.Real.QuasiTriangular.Reindex,NumStability/Analysis/LinearOperators/Schur/Real/QuasiTriangular/Reindex.lean,Analysis,true,false,0,,,,Source-import reachability only; this does not establish an elaborated declaration dependency.
NumStability.Analysis.LinearOperators.Schur.Real.QuasiTriangular.TrailingConjugation,NumStability/Analysis/LinearOperators/Schur/Real/QuasiTriangular/TrailingConjugation.lean,Analysis,true,false,0,,,,Source-import reachability only; this does not establish an elaborated declaration dependency.
NumStability.Analysis.LinearOperators.Schur.Real.Triangularization,NumStability/Analysis/LinearOperators/Schur/Real/Triangularization.lean,Analysis,false,false,0,,,,Source-import reachability only; this does not establish an elaborated declaration dependency.
NumStability.Analysis.LinearOperators.Schur.Real.Triangularization.All,NumStability/Analysis/LinearOperators/Schur/Real/Triangularization/All.lean,Analysis,false,false,0,,,,Source-import reachability only; this does not establish an elaborated declaration dependency.
NumStability.Analysis.LinearOperators.Schur.Real.Triangularization.SplitCharpoly,NumStability/Analysis/LinearOperators/Schur/Real/Triangularization/SplitCharpoly.lean,Analysis,true,false,0,,,,Source-import reachability only; this does not establish an elaborated declaration dependency.
NumStability.Analysis.LinearOperators.Triangularization,NumStability/Analysis/LinearOperators/Triangularization.lean,Analysis,true,false,0,,,,Source-import reachability only; this does not establish an elaborated declaration dependency.
NumStability.Analysis.MatrixAlgebra,NumStability/Analysis/MatrixAlgebra.lean,Analysis,true,false,0,,,,Source-import reachability only; this does not establish an elaborated declaration dependency.
NumStability.Analysis.MatrixEquations.SylvesterExistence,NumStability/Analysis/MatrixEquations/SylvesterExistence.lean,Analysis,true,false,2,NumStability.Algorithms.MatrixEquations.Sylvester.Solvers.ComplexSchur.Existence;NumStability.Source.Higham.Chapter16.Section01.SylvesterEquation.ComplexSolvability.SchurFactors,1,NumStability.Algorithms.MatrixEquations.Sylvester.Solvers.ComplexSchur.Existence,Source-import reachability only; this does not establish an elaborated declaration dependency.
NumStability.Analysis.MatrixNorms,NumStability/Analysis/MatrixNorms.lean,Analysis,false,false,0,,3,NumStability.Algorithms.LU.GaussianElimination,Source-import reachability only; this does not establish an elaborated declaration dependency.
NumStability.Analysis.MatrixNorms.Attainment,NumStability/Analysis/MatrixNorms/Attainment.lean,Analysis,true,false,0,,,,Source-import reachability only; this does not establish an elaborated declaration dependency.
NumStability.Analysis.MatrixNorms.Basic,NumStability/Analysis/MatrixNorms/Basic.lean,Analysis,true,false,0,,,,Source-import reachability only; this does not establish an elaborated declaration dependency.
NumStability.Analysis.MatrixNorms.Comparisons,NumStability/Analysis/MatrixNorms/Comparisons.lean,Analysis,true,false,0,,,,Source-import reachability only; this does not establish an elaborated declaration dependency.
NumStability.Analysis.MatrixNorms.EntrywiseAbsolute,NumStability/Analysis/MatrixNorms/EntrywiseAbsolute.lean,Analysis,false,false,0,,2,NumStability.Algorithms.LU.GaussianElimination,Source-import reachability only; this does not establish an elaborated declaration dependency.
NumStability.Analysis.MatrixNorms.EntrywiseAbsolute.Basic,NumStability/Analysis/MatrixNorms/EntrywiseAbsolute/Basic.lean,Analysis,true,false,5,NumStability.Algorithms.LU.GaussianElimination;NumStability.Algorithms.LU.GrowthFactor;NumStability.Algorithms.LU.LUSolve;NumStability.Algorithms.LinearSystems.Triangular.BackSubstitution;NumStability.Algorithms.LinearSystems.Triangular.ForwardSubstitution,1,NumStability.Algorithms.LU.GaussianElimination,Source-import reachability only; this does not establish an elaborated declaration dependency.
NumStability.Analysis.MatrixNorms.EntrywiseMaximum,NumStability/Analysis/MatrixNorms/EntrywiseMaximum.lean,Analysis,true,false,0,,,,Source-import reachability only; this does not establish an elaborated declaration dependency.
NumStability.Analysis.MatrixNorms.Hadamard,NumStability/Analysis/MatrixNorms/Hadamard.lean,Analysis,true,false,0,,,,Source-import reachability only; this does not establish an elaborated declaration dependency.
NumStability.Analysis.MatrixNorms.HadamardDeterminant,NumStability/Analysis/MatrixNorms/HadamardDeterminant.lean,Analysis,true,false,0,,,,Source-import reachability only; this does not establish an elaborated declaration dependency.
NumStability.Analysis.MatrixNorms.Lp,NumStability/Analysis/MatrixNorms/Lp.lean,Analysis,true,false,0,,,,Source-import reachability only; this does not establish an elaborated declaration dependency.
NumStability.Analysis.MatrixNorms.SpectralExtrema,NumStability/Analysis/MatrixNorms/SpectralExtrema.lean,Analysis,false,false,0,,2,NumStability.Algorithms.LU.GaussianElimination,Source-import reachability only; this does not establish an elaborated declaration dependency.
NumStability.Analysis.MatrixNorms.SpectralExtrema.Basic,NumStability/Analysis/MatrixNorms/SpectralExtrema/Basic.lean,Analysis,true,false,6,NumStability.Algorithms.LU.GaussianElimination;NumStability.Algorithms.LU.GrowthFactor;NumStability.Algorithms.LU.LUSolve;NumStability.Algorithms.LinearSystems.Cholesky.Perturbation.Basic;NumStability.Algorithms.LinearSystems.Triangular.BackSubstitution;NumStability.Algorithms.LinearSystems.Triangular.ForwardSubstitution,1,NumStability.Algorithms.LU.GaussianElimination,Source-import reachability only; this does not establish an elaborated declaration dependency.
NumStability.Analysis.MatrixNorms.SpectralExtrema.PrincipalSubmatrices.Bounds,NumStability/Analysis/MatrixNorms/SpectralExtrema/PrincipalSubmatrices/Bounds.lean,Analysis,true,false,10,NumStability.Algorithms.Cholesky.CholeskyDemmel;NumStability.Algorithms.Cholesky.CholeskyFl;NumStability.Algorithms.Cholesky.CholeskyNonsym;NumStability.Algorithms.Cholesky.CholeskySpec;NumStability.Algorithms.LU.GaussianElimination;NumStability.Algorithms.LinearSystems.Cholesky.ErrorAnalysis.Certificates;NumStability.Algorithms.LinearSystems.Cholesky.Perturbation.Basic;NumStability.Algorithms.LinearSystems.Cholesky.PositiveSemidefinite.Basic;NumStability.Algorithms.LinearSystems.Cholesky.PositiveSemidefinite.KahanMatrix;NumStability.Algorithms.LinearSystems.Cholesky.PositiveSemidefinite.ScaledStage,1,NumStability.Algorithms.Cholesky.CholeskyDemmel,Source-import reachability only; this does not establish an elaborated declaration dependency.
NumStability.Analysis.MatrixNorms.SpectralRadius,NumStability/Analysis/MatrixNorms/SpectralRadius.lean,Analysis,true,false,0,,,,Source-import reachability only; this does not establish an elaborated declaration dependency.
NumStability.Analysis.MatrixNorms.UnitarilyInvariant,NumStability/Analysis/MatrixNorms/UnitarilyInvariant.lean,Analysis,true,false,0,,,,Source-import reachability only; this does not establish an elaborated declaration dependency.
NumStability.Analysis.MatrixPowersBaiDemmelGu,NumStability/Analysis/MatrixPowersBaiDemmelGu.lean,Analysis,false,true,1,NumStability.Source.Higham.Chapter18.Section01.MatrixPowerBounds.NamedBounds.BaiDemmelGu,1,NumStability.Source.Higham.Chapter18.Section01.MatrixPowerBounds.NamedBounds.BaiDemmelGu,Source-import reachability only; this does not establish an elaborated declaration dependency.
NumStability.Analysis.MatrixPowersBaiDemmelGuDistance,NumStability/Analysis/MatrixPowersBaiDemmelGuDistance.lean,Analysis,false,true,0,,2,NumStability.Source.Higham.Chapter18.Section01.MatrixPowerBounds.NamedBounds.BaiDemmelGu,Source-import reachability only; this does not establish an elaborated declaration dependency.
NumStability.Analysis.MatrixPowersBinomialBound,NumStability/Analysis/MatrixPowersBinomialBound.lean,Analysis,false,true,0,,,,Source-import reachability only; this does not establish an elaborated declaration dependency.
NumStability.Analysis.MatrixPowersGautschi,NumStability/Analysis/MatrixPowersGautschi.lean,Analysis,false,true,3,NumStability.Algorithms.MatrixPowersComplex;NumStability.Algorithms.MatrixPowersLpJordan;NumStability.Source.Higham.Chapter18.Section01.MatrixPowerBounds.NamedBounds.Gautschi,1,NumStability.Algorithms.MatrixPowersComplex,Source-import reachability only; this does not establish an elaborated declaration dependency.
NumStability.Analysis.MatrixPowersHenrici,NumStability/Analysis/MatrixPowersHenrici.lean,Analysis,false,true,0,,,,Source-import reachability only; this does not establish an elaborated declaration dependency.
NumStability.Analysis.MatrixPowersHenriciNormal,NumStability/Analysis/MatrixPowersHenriciNormal.lean,Analysis,false,true,0,,,,Source-import reachability only; this does not establish an elaborated declaration dependency.
NumStability.Analysis.MatrixPowersKreiss,NumStability/Analysis/MatrixPowersKreiss.lean,Analysis,false,true,1,NumStability.Source.Higham.Chapter18.Section01.MatrixPowerBounds.NamedBounds.Kreiss,1,NumStability.Source.Higham.Chapter18.Section01.MatrixPowerBounds.NamedBounds.Kreiss,Source-import reachability only; this does not establish an elaborated declaration dependency.
NumStability.Analysis.MatrixPowersKreissSpijker,NumStability/Analysis/MatrixPowersKreissSpijker.lean,Analysis,false,true,1,NumStability.Source.Higham.Chapter18.Section01.MatrixPowerBounds.NamedBounds.SpijkerKreiss,1,NumStability.Source.Higham.Chapter18.Section01.MatrixPowerBounds.NamedBounds.SpijkerKreiss,Source-import reachability only; this does not establish an elaborated declaration dependency.
NumStability.Analysis.MatrixPowersLaszlo,NumStability/Analysis/MatrixPowersLaszlo.lean,Analysis,false,true,1,NumStability.Source.Higham.Chapter18.Section01.MatrixPowerBounds.NamedBounds.Laszlo,1,NumStability.Source.Higham.Chapter18.Section01.MatrixPowerBounds.NamedBounds.Laszlo,Source-import reachability only; this does not establish an elaborated declaration dependency.
NumStability.Analysis.MatrixPowersLp185Primary,NumStability/Analysis/MatrixPowersLp185Primary.lean,Analysis,false,true,4,NumStability.Algorithms.MatrixPowersJordan;NumStability.Algorithms.MatrixPowersLp;NumStability.Algorithms.MatrixPowersLpJordan;NumStability.Source.Higham.Chapter18.Section01.MatrixPowerBounds.Equations04And05.Equation05Primary,1,NumStability.Algorithms.MatrixPowersJordan,Source-import reachability only; this does not establish an elaborated declaration dependency.
NumStability.Analysis.MatrixPowersSchur,NumStability/Analysis/MatrixPowersSchur.lean,Analysis,false,true,0,,,,Source-import reachability only; this does not establish an elaborated declaration dependency.
NumStability.Analysis.MatrixPowersSpijkerClosure,NumStability/Analysis/MatrixPowersSpijkerClosure.lean,Analysis,false,true,1,NumStability.Source.Higham.Chapter18.Section01.MatrixPowerBounds.NamedBounds.SpijkerKreissUnconditional.Bounds,1,NumStability.Source.Higham.Chapter18.Section01.MatrixPowerBounds.NamedBounds.SpijkerKreissUnconditional.Bounds,Source-import reachability only; this does not establish an elaborated declaration dependency.
NumStability.Analysis.MatrixPowersSpijkerPlanar,NumStability/Analysis/MatrixPowersSpijkerPlanar.lean,Analysis,false,true,0,,2,NumStability.Algorithms.MatVec,Source-import reachability only; this does not establish an elaborated declaration dependency.
NumStability.Analysis.MatrixPowersSpijkerPlanarAnalysis,NumStability/Analysis/MatrixPowersSpijkerPlanarAnalysis.lean,Analysis,false,true,0,,2,NumStability.Algorithms.MatVec,Source-import reachability only; this does not establish an elaborated declaration dependency.
NumStability.Analysis.MatrixPowersSpijkerRational,NumStability/Analysis/MatrixPowersSpijkerRational.lean,Analysis,false,true,0,,2,NumStability.Source.Higham.Chapter18.Section01.MatrixPowerBounds.NamedBounds.SpijkerKreiss,Source-import reachability only; this does not establish an elaborated declaration dependency.
NumStability.Analysis.MatrixSpectral,NumStability/Analysis/MatrixSpectral.lean,Analysis,true,false,0,,,,Source-import reachability only; this does not establish an elaborated declaration dependency.
NumStability.Analysis.Midpoint,NumStability/Analysis/Midpoint.lean,Analysis,false,false,1,NumStability.Source.Higham.Chapter02.Problem08.MidpointRounding.Counterexample,1,NumStability.Source.Higham.Chapter02.Problem08.MidpointRounding.Counterexample,Source-import reachability only; this does not establish an elaborated declaration dependency.
NumStability.Analysis.Monotonicity,NumStability/Analysis/Monotonicity.lean,Analysis,true,false,0,,,,Source-import reachability only; this does not establish an elaborated declaration dependency.
NumStability.Analysis.MullerRecurrence,NumStability/Analysis/MullerRecurrence.lean,Analysis,false,true,1,NumStability.Source.Higham.Chapter01.Problem08.MullerRecurrence.Basic,1,NumStability.Source.Higham.Chapter01.Problem08.MullerRecurrence.Basic,Source-import reachability only; this does not establish an elaborated declaration dependency.
NumStability.Analysis.NearInteger,NumStability/Analysis/NearInteger.lean,Analysis,false,true,1,NumStability.Source.Higham.Chapter01.Problem02.NearIntegerTable.Basic,1,NumStability.Source.Higham.Chapter01.Problem02.NearIntegerTable.Basic,Source-import reachability only; this does not establish an elaborated declaration dependency.
NumStability.Analysis.NilpotentJordanChain,NumStability/Analysis/NilpotentJordanChain.lean,Analysis,false,true,0,,,,Source-import reachability only; this does not establish an elaborated declaration dependency.
NumStability.Analysis.Nonassociativity,NumStability/Analysis/Nonassociativity.lean,Analysis,true,false,0,,,,Source-import reachability only; this does not establish an elaborated declaration dependency.
NumStability.Analysis.NonrandomRounding,NumStability/Analysis/NonrandomRounding.lean,Analysis,false,true,1,NumStability.Source.Higham.Chapter01.Section17,1,NumStability.Source.Higham.Chapter01.Section17,Source-import reachability only; this does not establish an elaborated declaration dependency.
NumStability.Analysis.NonrandomRounding.Conclusions,NumStability/Analysis/NonrandomRounding/Conclusions.lean,Analysis,false,true,1,NumStability.Source.Higham.Chapter01.Section17.ErrorSpread,1,NumStability.Source.Higham.Chapter01.Section17.ErrorSpread,Source-import reachability only; this does not establish an elaborated declaration dependency.
NumStability.Analysis.NonrandomRounding.Core,NumStability/Analysis/NonrandomRounding/Core.lean,Analysis,false,true,1,NumStability.Source.Higham.Chapter01.Section17.HornerEvaluation,1,NumStability.Source.Higham.Chapter01.Section17.HornerEvaluation,Source-import reachability only; this does not establish an elaborated declaration dependency.
NumStability.Analysis.NonrandomRounding.GridVariation,NumStability/Analysis/NonrandomRounding/GridVariation.lean,Analysis,false,true,1,NumStability.Source.Higham.Chapter01.Section17.GridVariation,1,NumStability.Source.Higham.Chapter01.Section17.GridVariation,Source-import reachability only; this does not establish an elaborated declaration dependency.
NumStability.Analysis.NonrandomRounding.SourceInterval,NumStability/Analysis/NonrandomRounding/SourceInterval.lean,Analysis,false,true,1,NumStability.Source.Higham.Chapter01.Section17.SourceInterval,1,NumStability.Source.Higham.Chapter01.Section17.SourceInterval,Source-import reachability only; this does not establish an elaborated declaration dependency.
NumStability.Analysis.NonrandomRounding.StoredGrid,NumStability/Analysis/NonrandomRounding/StoredGrid.lean,Analysis,false,true,1,NumStability.Source.Higham.Chapter01.Section17.StoredGrid,1,NumStability.Source.Higham.Chapter01.Section17.StoredGrid,Source-import reachability only; this does not establish an elaborated declaration dependency.
NumStability.Analysis.Norms,NumStability/Analysis/Norms.lean,Analysis,false,false,1,NumStability.Source.Higham.Chapter06.Norms,1,NumStability.Source.Higham.Chapter06.Norms,Source-import reachability only; this does not establish an elaborated declaration dependency.
NumStability.Analysis.Norms.Core,NumStability/Analysis/Norms/Core.lean,Analysis,false,false,0,,4,NumStability.Algorithms.CondEstimation,Source-import reachability only; this does not establish an elaborated declaration dependency.
NumStability.Analysis.NumericalRadius,NumStability/Analysis/NumericalRadius.lean,Analysis,false,true,0,,,,Source-import reachability only; this does not establish an elaborated declaration dependency.
NumStability.Analysis.OperatorNorms,NumStability/Analysis/OperatorNorms.lean,Analysis,false,false,0,,,,Source-import reachability only; this does not establish an elaborated declaration dependency.
NumStability.Analysis.OperatorNorms.Attainment,NumStability/Analysis/OperatorNorms/Attainment.lean,Analysis,true,false,0,,,,Source-import reachability only; this does not establish an elaborated declaration dependency.
NumStability.Analysis.OperatorNorms.Basic,NumStability/Analysis/OperatorNorms/Basic.lean,Analysis,true,false,0,,,,Source-import reachability only; this does not establish an elaborated declaration dependency.
NumStability.Analysis.Perturbation,NumStability/Analysis/Perturbation.lean,Analysis,false,false,0,,3,NumStability.Algorithms.LinearSystems.LeastSquares.AugmentedSystem,Source-import reachability only; this does not establish an elaborated declaration dependency.
NumStability.Analysis.Perturbation.LeastSquares,NumStability/Analysis/Perturbation/LeastSquares.lean,Analysis,false,false,0,,2,NumStability.Algorithms.LinearSystems.LeastSquares.AugmentedSystem,Source-import reachability only; this does not establish an elaborated declaration dependency.
NumStability.Analysis.Perturbation.LeastSquares.Absorption,NumStability/Analysis/Perturbation/LeastSquares/Absorption.lean,Analysis,true,false,0,,,,Source-import reachability only; this does not establish an elaborated declaration dependency.
NumStability.Analysis.Perturbation.LeastSquares.AlternativeBound,NumStability/Analysis/Perturbation/LeastSquares/AlternativeBound.lean,Analysis,true,false,0,,,,Source-import reachability only; this does not establish an elaborated declaration dependency.
NumStability.Analysis.Perturbation.LeastSquares.AugmentedSystem,NumStability/Analysis/Perturbation/LeastSquares/AugmentedSystem.lean,Analysis,true,false,6,NumStability.Algorithms.LinearSystems.LeastSquares.AugmentedSystem;NumStability.Algorithms.LinearSystems.LeastSquares.RankGeometry;NumStability.Algorithms.LinearSystems.QR.HouseholderQR;NumStability.Algorithms.LinearSystems.QR.QRSolve;NumStability.Algorithms.LinearSystems.Triangular.BackSubstitution;NumStability.Algorithms.LinearSystems.Triangular.ForwardSubstitution,1,NumStability.Algorithms.LinearSystems.LeastSquares.AugmentedSystem,Source-import reachability only; this does not establish an elaborated declaration dependency.
NumStability.Analysis.Perturbation.LeastSquares.BackwardError,NumStability/Analysis/Perturbation/LeastSquares/BackwardError.lean,Analysis,true,false,11,NumStability.Algorithms.LinearSystems.LeastSquares.Basic;NumStability.Algorithms.LinearSystems.LeastSquares.NormalEquations;NumStability.Algorithms.LinearSystems.LeastSquares.RankGeometry;NumStability.Algorithms.LinearSystems.LeastSquares.StoredQR;NumStability.Algorithms.LinearSystems.QR.Householder.PanelApplication;NumStability.Algorithms.LinearSystems.QR.Householder.StoredQR;NumStability.Algorithms.LinearSystems.QR.HouseholderSpec;NumStability.Algorithms.LinearSystems.QR.Householder.TrailingPanels;NumStability.Algorithms.LinearSystems.Triangular.BackSubstitution;NumStability.Algorithms.LinearSystems.Triangular.DiagonalDominance;NumStability.Algorithms.LinearSystems.Triangular.InverseBounds,1,NumStability.Algorithms.LinearSystems.LeastSquares.Basic,Source-import reachability only; this does not establish an elaborated declaration dependency.
NumStability.Analysis.Perturbation.LeastSquares.Basic,NumStability/Analysis/Perturbation/LeastSquares/Basic.lean,Analysis,true,false,14,NumStability.Algorithms.LinearSystems.LeastSquares.Basic;NumStability.Algorithms.LinearSystems.LeastSquares.NormalEquations;NumStability.Algorithms.LinearSystems.LeastSquares.QRSolve;NumStability.Algorithms.LinearSystems.LeastSquares.RankGeometry;NumStability.Algorithms.LinearSystems.LeastSquares.Refinement;NumStability.Algorithms.LinearSystems.LeastSquares.StoredQR;NumStability.Algorithms.LinearSystems.QR.Householder.PanelApplication;NumStability.Algorithms.LinearSystems.QR.Householder.StoredQR;NumStability.Algorithms.LinearSystems.QR.HouseholderSpec;NumStability.Algorithms.LinearSystems.QR.Householder.TrailingPanels;NumStability.Algorithms.LinearSystems.QR.QRSolve;NumStability.Algorithms.LinearSystems.Triangular.BackSubstitution;NumStability.Algorithms.LinearSystems.Triangular.DiagonalDominance;NumStability.Algorithms.LinearSystems.Triangular.InverseBounds,1,NumStability.Algorithms.LinearSystems.LeastSquares.Basic,Source-import reachability only; this does not establish an elaborated declaration dependency.
NumStability.Analysis.Perturbation.LeastSquares.Conditioning,NumStability/Analysis/Perturbation/LeastSquares/Conditioning.lean,Analysis,true,false,6,NumStability.Algorithms.LinearSystems.LeastSquares.Basic;NumStability.Algorithms.LinearSystems.Underdetermined.Projectors.ComplementNorm.ProjectorNorm;NumStability.Source.Higham.Chapter21.Equation08.ProjectorNorm;NumStability.Source.Higham.Chapter21.Equation08.Results.Core;NumStability.Source.Higham.Chapter21.Equation09.ProjectorNorm;NumStability.Source.Higham.Chapter21.Equation09.Results.Core,1,NumStability.Algorithms.LinearSystems.LeastSquares.Basic,Source-import reachability only; this does not establish an elaborated declaration dependency.
NumStability.Analysis.Perturbation.LeastSquares.Contract,NumStability/Analysis/Perturbation/LeastSquares/Contract.lean,Analysis,true,false,1,NumStability.Algorithms.LinearSystems.QR.Householder.TrailingPanels,1,NumStability.Algorithms.LinearSystems.QR.Householder.TrailingPanels,Source-import reachability only; this does not establish an elaborated declaration dependency.
NumStability.Analysis.Perturbation.LeastSquares.Equality.KKTInverse,NumStability/Analysis/Perturbation/LeastSquares/Equality/KKTInverse.lean,Analysis,true,false,2,NumStability.Algorithms.LinearSystems.LeastSquares.Basic;NumStability.Algorithms.LinearSystems.LeastSquares.Equality.Basic,1,NumStability.Algorithms.LinearSystems.LeastSquares.Basic,Source-import reachability only; this does not establish an elaborated declaration dependency.
NumStability.Analysis.Perturbation.LeastSquares.Equality.MixedStability,NumStability/Analysis/Perturbation/LeastSquares/Equality/MixedStability.lean,Analysis,true,false,6,NumStability.Algorithms.LinearSystems.LeastSquares.Equality.Basic;NumStability.Algorithms.LinearSystems.LeastSquares.Equality.GQR;NumStability.Algorithms.LinearSystems.QR.HouseholderQR;NumStability.Algorithms.LinearSystems.QR.QRSolve;NumStability.Algorithms.LinearSystems.Triangular.ForwardSubstitution;NumStability.Source.Higham.Chapter19.Core,1,NumStability.Algorithms.LinearSystems.LeastSquares.Equality.Basic,Source-import reachability only; this does not establish an elaborated declaration dependency.
NumStability.Analysis.Perturbation.LeastSquares.Equality.Perturbation,NumStability/Analysis/Perturbation/LeastSquares/Equality/Perturbation.lean,Analysis,true,false,8,NumStability.Algorithms.LinearSystems.LeastSquares.Basic;NumStability.Algorithms.LinearSystems.LeastSquares.Equality.Basic;NumStability.Algorithms.LinearSystems.LeastSquares.Equality.GQR;NumStability.Algorithms.LinearSystems.LeastSquares.Equality.KKT;NumStability.Algorithms.LinearSystems.LeastSquares.NormalEquations;NumStability.Algorithms.LinearSystems.LeastSquares.RankGeometry;NumStability.Algorithms.LinearSystems.QR.GramSchmidt;NumStability.Algorithms.LinearSystems.QR.HouseholderQR,1,NumStability.Algorithms.LinearSystems.LeastSquares.Basic,Source-import reachability only; this does not establish an elaborated declaration dependency.
NumStability.Analysis.Perturbation.LeastSquares.Equality.RowwiseBackwardError,NumStability/Analysis/Perturbation/LeastSquares/Equality/RowwiseBackwardError.lean,Analysis,true,false,14,NumStability.Algorithms.LinearSystems.LeastSquares.Basic;NumStability.Algorithms.LinearSystems.LeastSquares.Equality.Basic;NumStability.Algorithms.LinearSystems.LeastSquares.QRSolve;NumStability.Algorithms.LinearSystems.QR.Householder.PanelApplication;NumStability.Algorithms.LinearSystems.QR.HouseholderQR;NumStability.Algorithms.LinearSystems.QR.Householder.StoredQR;NumStability.Algorithms.LinearSystems.QR.HouseholderSpec;NumStability.Algorithms.LinearSystems.QR.Householder.TrailingPanels;NumStability.Source.Higham.Chapter19.Theorem06.Pivoted;NumStability.Source.Higham.Chapter19.Core;NumStability.Source.Higham.Chapter19.Theorem06.CoxHigham;NumStability.Source.Higham.Chapter19.Theorem06.CoxHighamConcrete;NumStability.Source.Higham.Chapter19.Theorem06.ElementwisePackaged;NumStability.Source.Higham.Chapter19.Theorem06.RowSpecific,1,NumStability.Algorithms.LinearSystems.LeastSquares.Basic,Source-import reachability only; this does not establish an elaborated declaration dependency.
NumStability.Analysis.Perturbation.LeastSquares.GramBasis,NumStability/Analysis/Perturbation/LeastSquares/GramBasis.lean,Analysis,true,false,2,NumStability.Algorithms.LinearSystems.LeastSquares.AugmentedSystem;NumStability.Algorithms.LinearSystems.LeastSquares.GramBasis,1,NumStability.Algorithms.LinearSystems.LeastSquares.AugmentedSystem,Source-import reachability only; this does not establish an elaborated declaration dependency.
NumStability.Analysis.Perturbation.LeastSquares.MinimumNorm,NumStability/Analysis/Perturbation/LeastSquares/MinimumNorm.lean,Analysis,true,false,1,NumStability.Algorithms.LinearSystems.LeastSquares.Basic,1,NumStability.Algorithms.LinearSystems.LeastSquares.Basic,Source-import reachability only; this does not establish an elaborated declaration dependency.
NumStability.Analysis.Perturbation.LeastSquares.NormalEquations,NumStability/Analysis/Perturbation/LeastSquares/NormalEquations.lean,Analysis,true,false,8,NumStability.Algorithms.LinearSystems.Cholesky.Factorization.Spec;NumStability.Algorithms.LinearSystems.Cholesky.Solve.Basic;NumStability.Algorithms.LinearSystems.LeastSquares.Basic;NumStability.Algorithms.LinearSystems.LeastSquares.NormalEquations;NumStability.Algorithms.LinearSystems.Triangular.BackSubstitution;NumStability.Algorithms.LinearSystems.Triangular.ForwardSubstitution;NumStability.Algorithms.MatMul;NumStability.Algorithms.MatVec,1,NumStability.Algorithms.LinearSystems.Cholesky.Factorization.Spec,Source-import reachability only; this does not establish an elaborated declaration dependency.
NumStability.Analysis.Perturbation.LeastSquares.Normwise,NumStability/Analysis/Perturbation/LeastSquares/Normwise.lean,Analysis,true,false,2,NumStability.Algorithms.LinearSystems.LeastSquares.Basic;NumStability.Algorithms.LinearSystems.LeastSquares.NormalEquations,1,NumStability.Algorithms.LinearSystems.LeastSquares.Basic,Source-import reachability only; this does not establish an elaborated declaration dependency.
NumStability.Analysis.Perturbation.LeastSquares.Projection,NumStability/Analysis/Perturbation/LeastSquares/Projection.lean,Analysis,true,false,0,,,,Source-import reachability only; this does not establish an elaborated declaration dependency.
NumStability.Analysis.Perturbation.LeastSquares.ResidualQuality,NumStability/Analysis/Perturbation/LeastSquares/ResidualQuality.lean,Analysis,true,false,0,,2,NumStability.Algorithms.LinearSystems.LeastSquares.Basic,Source-import reachability only; this does not establish an elaborated declaration dependency.
NumStability.Analysis.Perturbation.LeastSquares.Wedin,NumStability/Analysis/Perturbation/LeastSquares/Wedin.lean,Analysis,true,false,1,NumStability.Algorithms.LinearSystems.Underdetermined.MinimumNorm.Pseudoinverse.UnderdeterminedSpec,1,NumStability.Algorithms.LinearSystems.Underdetermined.MinimumNorm.Pseudoinverse.UnderdeterminedSpec,Source-import reachability only; this does not establish an elaborated declaration dependency.
NumStability.Analysis.Perturbation.LeastSquares.WeightedLimit,NumStability/Analysis/Perturbation/LeastSquares/WeightedLimit.lean,Analysis,true,false,3,NumStability.Algorithms.LinearSystems.LeastSquares.Basic;NumStability.Algorithms.LinearSystems.LeastSquares.Equality.Basic;NumStability.Algorithms.LinearSystems.LeastSquares.NormalEquations,1,NumStability.Algorithms.LinearSystems.LeastSquares.Basic,Source-import reachability only; this does not establish an elaborated declaration dependency.
NumStability.Analysis.PerturbationTheory,NumStability/Analysis/PerturbationTheory.lean,Analysis,true,false,0,,2,NumStability.Algorithms.LinearSystems.Triangular.BackSubstitution,Source-import reachability only; this does not establish an elaborated declaration dependency.
NumStability.Analysis.Polynomials,NumStability/Analysis/Polynomials.lean,Analysis,false,false,0,,2,NumStability.Algorithms.LinearSystems.Triangular.DiagonalDominance,Source-import reachability only; this does not establish an elaborated declaration dependency.
NumStability.Analysis.Polynomials.RealRootCounting,NumStability/Analysis/Polynomials/RealRootCounting.lean,Analysis,true,false,4,NumStability.Algorithms.LinearSystems.Triangular.DiagonalDominance;NumStability.Algorithms.Summation.Tree.Core;NumStability.Source.Higham.Chapter28.Section02.RealGinibre.RootMeasurability.GinibreRoots;NumStability.Source.Higham.Chapter28.Section02.RealGinibre.SignedIncidence.GinibreSignedRank,1,NumStability.Algorithms.LinearSystems.Triangular.DiagonalDominance,Source-import reachability only; this does not establish an elaborated declaration dependency.
NumStability.Analysis.Probability,NumStability/Analysis/Probability.lean,Analysis,false,false,0,,3,NumStability.Algorithms.LinearSystems.Triangular.ComparisonBounds,Source-import reachability only; this does not establish an elaborated declaration dependency.
NumStability.Analysis.Probability.Gaussian,NumStability/Analysis/Probability/Gaussian.lean,Analysis,false,false,0,,,,Source-import reachability only; this does not establish an elaborated declaration dependency.
NumStability.Analysis.Probability.Gaussian.AbsoluteMoment,NumStability/Analysis/Probability/Gaussian/AbsoluteMoment.lean,Analysis,true,false,0,,,,Source-import reachability only; this does not establish an elaborated declaration dependency.
NumStability.Analysis.Probability.Haar,NumStability/Analysis/Probability/Haar.lean,Analysis,false,false,0,,2,NumStability.Algorithms.LinearSystems.Triangular.ComparisonBounds,Source-import reachability only; this does not establish an elaborated declaration dependency.
NumStability.Analysis.Probability.Haar.HomogeneousSpaceUniqueness,NumStability/Analysis/Probability/Haar/HomogeneousSpaceUniqueness.lean,Analysis,true,false,0,,,,Source-import reachability only; this does not establish an elaborated declaration dependency.
NumStability.Analysis.Probability.Haar.NormalizedOrthogonalMatrixLaw,NumStability/Analysis/Probability/Haar/NormalizedOrthogonalMatrixLaw.lean,Analysis,true,false,6,NumStability.Algorithms.LinearSystems.Triangular.ComparisonBounds;NumStability.Source.Higham.Chapter28.Equation01.HilbertInverse.Exact;NumStability.Source.Higham.Chapter28.Equation02.ExactHilbertDeterminant.Exact;NumStability.Source.Higham.Chapter28.Equation03.HilbertCholeskyFactor.Exact;NumStability.Source.Higham.Chapter28.Section02.RealGinibre.ProbabilityLaw.Probability;NumStability.Source.Higham.Chapter28.Section02.RealGinibre.ProbabilityLaw.ProductLaw,1,NumStability.Algorithms.LinearSystems.Triangular.ComparisonBounds,Source-import reachability only; this does not establish an elaborated declaration dependency.
NumStability.Analysis.Problem2_10,NumStability/Analysis/Problem2_10.lean,Analysis,false,true,3,NumStability.Source.Higham.Chapter02.Problem09.DoubleRounding.Counterexample.Results;NumStability.Source.Higham.Chapter02.Problem10.DivisionRoundTrip.Basic;NumStability.Source.Higham.Chapter02.Problem10.DivisionRoundTrip.ExhaustiveBinary64.Results,1,NumStability.Source.Higham.Chapter02.Problem09.DoubleRounding.Counterexample.Results,Source-import reachability only; this does not establish an elaborated declaration dependency.
NumStability.Analysis.Problem2_11,NumStability/Analysis/Problem2_11.lean,Analysis,false,true,1,NumStability.Source.Higham.Chapter02.Problem11,1,NumStability.Source.Higham.Chapter02.Problem11,Source-import reachability only; this does not establish an elaborated declaration dependency.
NumStability.Analysis.Problem2_12,NumStability/Analysis/Problem2_12.lean,Analysis,false,true,3,NumStability.Source.Higham.Chapter02.Problem10.DivisionRoundTrip.ExhaustiveBinary64.Results;NumStability.Source.Higham.Chapter02.Problem12.ReciprocalProduct.Basic;NumStability.Source.Higham.Chapter02.Problem12.ReciprocalProduct.Results.Theorems,1,NumStability.Source.Higham.Chapter02.Problem10.DivisionRoundTrip.ExhaustiveBinary64.Results,Source-import reachability only; this does not establish an elaborated declaration dependency.
NumStability.Analysis.Problem2_13,NumStability/Analysis/Problem2_13.lean,Analysis,false,true,3,NumStability.Source.Higham.Chapter02.Problem12.ReciprocalProduct.Results.Theorems;NumStability.Source.Higham.Chapter02.Problem13.ReciprocalProductThreshold.Basic;NumStability.Source.Higham.Chapter02.Problem13.ReciprocalProductThreshold.Results.Theorems,1,NumStability.Source.Higham.Chapter02.Problem12.ReciprocalProduct.Results.Theorems,Source-import reachability only; this does not establish an elaborated declaration dependency.
NumStability.Analysis.Problem2_14,NumStability/Analysis/Problem2_14.lean,Analysis,false,true,3,NumStability.Source.Higham.Chapter02.Problem13.ReciprocalProductThreshold.Results.Theorems;NumStability.Source.Higham.Chapter02.Problem14.UnitRoundoffProbe.Basic;NumStability.Source.Higham.Chapter02.Problem14.UnitRoundoffProbe.IeeeExamples.Results,1,NumStability.Source.Higham.Chapter02.Problem13.ReciprocalProductThreshold.Results.Theorems,Source-import reachability only; this does not establish an elaborated declaration dependency.
NumStability.Analysis.Problem2_15_16,NumStability/Analysis/Problem2_15_16.lean,Analysis,false,true,1,NumStability.Source.Higham.Chapter02.Problems15And16.SpecialValueProbes.Basic,1,NumStability.Source.Higham.Chapter02.Problems15And16.SpecialValueProbes.Basic,Source-import reachability only; this does not establish an elaborated declaration dependency.
NumStability.Analysis.Problem2_17,NumStability/Analysis/Problem2_17.lean,Analysis,false,true,2,NumStability.Source.Higham.Chapter02.Section06.Discriminant.StandardModel.Basic;NumStability.Source.Higham.Chapter02.Section06.Discriminant.StandardModel.Counterexample.Results,1,NumStability.Source.Higham.Chapter02.Section06.Discriminant.StandardModel.Basic,Source-import reachability only; this does not establish an elaborated declaration dependency.
NumStability.Analysis.Problem2_18,NumStability/Analysis/Problem2_18.lean,Analysis,false,true,1,NumStability.Source.Higham.Chapter02.Problem18.ExactSubtractionCounterexample.Basic,1,NumStability.Source.Higham.Chapter02.Problem18.ExactSubtractionCounterexample.Basic,Source-import reachability only; this does not establish an elaborated declaration dependency.
NumStability.Analysis.Problem2_19,NumStability/Analysis/Problem2_19.lean,Analysis,false,true,1,NumStability.Source.Higham.Chapter02.Problem20.SquareRootIdentities.Basic,1,NumStability.Source.Higham.Chapter02.Problem20.SquareRootIdentities.Basic,Source-import reachability only; this does not establish an elaborated declaration dependency.
NumStability.Analysis.Problem2_2,NumStability/Analysis/Problem2_2.lean,Analysis,false,true,1,NumStability.Source.Higham.Chapter02.Problem02,1,NumStability.Source.Higham.Chapter02.Problem02,Source-import reachability only; this does not establish an elaborated declaration dependency.
NumStability.Analysis.Problem2_20,NumStability/Analysis/Problem2_20.lean,Analysis,false,true,3,NumStability.Source.Higham.Chapter02.Problem20.SquareRootIdentities.Basic;NumStability.Source.Higham.Chapter02.Problem21.HypotenuseNormalization.Basic;NumStability.Source.Higham.Chapter02.Problem21.HypotenuseNormalization.StandardModelCounterexample.Results,1,NumStability.Source.Higham.Chapter02.Problem20.SquareRootIdentities.Basic,Source-import reachability only; this does not establish an elaborated declaration dependency.
NumStability.Analysis.Problem2_21,NumStability/Analysis/Problem2_21.lean,Analysis,false,true,1,NumStability.Source.Higham.Chapter02.Problem22,1,NumStability.Source.Higham.Chapter02.Problem22,Source-import reachability only; this does not establish an elaborated declaration dependency.
NumStability.Analysis.Problem2_22,NumStability/Analysis/Problem2_22.lean,Analysis,false,true,1,NumStability.Source.Higham.Chapter02.Problem23,1,NumStability.Source.Higham.Chapter02.Problem23,Source-import reachability only; this does not establish an elaborated declaration dependency.
NumStability.Analysis.Problem2_23,NumStability/Analysis/Problem2_23.lean,Analysis,false,true,1,NumStability.Source.Higham.Chapter02.Problem24.GuardDigitCancellation.Basic,1,NumStability.Source.Higham.Chapter02.Problem24.GuardDigitCancellation.Basic,Source-import reachability only; this does not establish an elaborated declaration dependency.
NumStability.Analysis.Problem2_24,NumStability/Analysis/Problem2_24.lean,Analysis,false,true,3,NumStability.Source.Higham.Chapter02.Problem10.DivisionRoundTrip.ExhaustiveBinary64.Results;NumStability.Source.Higham.Chapter02.Problem25.NonzeroEvaluation.Basic;NumStability.Source.Higham.Chapter02.Problem25.NonzeroEvaluation.IeeeFiniteSystems.Results,1,NumStability.Source.Higham.Chapter02.Problem10.DivisionRoundTrip.ExhaustiveBinary64.Results,Source-import reachability only; this does not establish an elaborated declaration dependency.
NumStability.Analysis.Problem2_25,NumStability/Analysis/Problem2_25.lean,Analysis,false,true,1,NumStability.Source.Higham.Chapter02.Problem27.KahanDeterminant.Basic,1,NumStability.Source.Higham.Chapter02.Problem27.KahanDeterminant.Basic,Source-import reachability only; this does not establish an elaborated declaration dependency.
NumStability.Analysis.Problem2_26,NumStability/Analysis/Problem2_26.lean,Analysis,false,true,2,NumStability.Source.Higham.Chapter02.Problem14.UnitRoundoffProbe.IeeeExamples.Results;NumStability.Source.Higham.Chapter02.Section06.ReciprocalIteration.Basic,1,NumStability.Source.Higham.Chapter02.Problem14.UnitRoundoffProbe.IeeeExamples.Results,Source-import reachability only; this does not establish an elaborated declaration dependency.
NumStability.Analysis.Problem2_27,NumStability/Analysis/Problem2_27.lean,Analysis,false,true,4,NumStability.Source.Higham.Chapter02.Problem14.UnitRoundoffProbe.IeeeExamples.Results;NumStability.Source.Higham.Chapter02.Problem28.IterativeDivisionTermination.Basic;NumStability.Source.Higham.Chapter02.Problem28.IterativeDivisionTermination.UnderflowAwareConvergence.Results;NumStability.Source.Higham.Chapter02.Section06.ReciprocalIteration.Basic,1,NumStability.Source.Higham.Chapter02.Problem14.UnitRoundoffProbe.IeeeExamples.Results,Source-import reachability only; this does not establish an elaborated declaration dependency.
NumStability.Analysis.Problem2_3,NumStability/Analysis/Problem2_3.lean,Analysis,false,true,2,NumStability.Source.Higham.Chapter02.Problem03.AdjacentPrecisionValues.Basic;NumStability.Source.Higham.Chapter02.Problem03.AdjacentPrecisionValues.Results.Theorems,1,NumStability.Source.Higham.Chapter02.Problem03.AdjacentPrecisionValues.Basic,Source-import reachability only; this does not establish an elaborated declaration dependency.
NumStability.Analysis.Problem2_4,NumStability/Analysis/Problem2_4.lean,Analysis,false,true,1,NumStability.Source.Higham.Chapter02.Problem04,1,NumStability.Source.Higham.Chapter02.Problem04,Source-import reachability only; this does not establish an elaborated declaration dependency.
NumStability.Analysis.Problem2_5,NumStability/Analysis/Problem2_5.lean,Analysis,false,true,1,NumStability.Source.Higham.Chapter02.Problem05.BinaryOneTenth.Basic,1,NumStability.Source.Higham.Chapter02.Problem05.BinaryOneTenth.Basic,Source-import reachability only; this does not establish an elaborated declaration dependency.
NumStability.Analysis.Problem2_6,NumStability/Analysis/Problem2_6.lean,Analysis,false,true,1,NumStability.Source.Higham.Chapter02.Problem06.IntegerRepresentability.Basic,1,NumStability.Source.Higham.Chapter02.Problem06.IntegerRepresentability.Basic,Source-import reachability only; this does not establish an elaborated declaration dependency.
NumStability.Analysis.Problem2_7,NumStability/Analysis/Problem2_7.lean,Analysis,false,true,1,NumStability.Source.Higham.Chapter02.Problem07,1,NumStability.Source.Higham.Chapter02.Problem07,Source-import reachability only; this does not establish an elaborated declaration dependency.
NumStability.Analysis.ProblemDependentStability,NumStability/Analysis/ProblemDependentStability.lean,Analysis,false,false,2,NumStability.Source.Higham.Chapter01.Section16.ProblemDependentStability.ExactExample;NumStability.Source.Higham.Chapter01.Section16.ProblemDependentStability.Table13IeeeSingle,1,NumStability.Source.Higham.Chapter01.Section16.ProblemDependentStability.ExactExample,Source-import reachability only; this does not establish an elaborated declaration dependency.
NumStability.Analysis.ProblemDependentStability.All,NumStability/Analysis/ProblemDependentStability/All.lean,Analysis,false,false,0,,,,Source-import reachability only; this does not establish an elaborated declaration dependency.
NumStability.Analysis.ProblemDependentStability.HessenbergDeterminant,NumStability/Analysis/ProblemDependentStability/HessenbergDeterminant.lean,Analysis,true,false,0,,,,Source-import reachability only; this does not establish an elaborated declaration dependency.
NumStability.Analysis.PseudospectralLowerBound,NumStability/Analysis/PseudospectralLowerBound.lean,Analysis,false,true,1,NumStability.Algorithms.MatrixPowersPseudospectralCriterion,1,NumStability.Algorithms.MatrixPowersPseudospectralCriterion,Source-import reachability only; this does not establish an elaborated declaration dependency.
NumStability.Analysis.PseudospectralPowerBound,NumStability/Analysis/PseudospectralPowerBound.lean,Analysis,false,true,1,NumStability.Source.Higham.Chapter18.Section02.FinitePrecisionPowers.Equations08To14.PowerBound,1,NumStability.Source.Higham.Chapter18.Section02.FinitePrecisionPowers.Equations08To14.PowerBound,Source-import reachability only; this does not establish an elaborated declaration dependency.
NumStability.Analysis.PseudospectralResolvent,NumStability/Analysis/PseudospectralResolvent.lean,Analysis,false,true,1,NumStability.Algorithms.MatrixPowersPseudospectralCriterion,1,NumStability.Algorithms.MatrixPowersPseudospectralCriterion,Source-import reachability only; this does not establish an elaborated declaration dependency.
NumStability.Analysis.Quadratic,NumStability/Analysis/Quadratic.lean,Analysis,true,false,0,,,,Source-import reachability only; this does not establish an elaborated declaration dependency.
NumStability.Analysis.RealInvariantSubspace,NumStability/Analysis/RealInvariantSubspace.lean,Analysis,false,false,0,,,,Source-import reachability only; this does not establish an elaborated declaration dependency.
NumStability.Analysis.RealQuasiSchur,NumStability/Analysis/RealQuasiSchur.lean,Analysis,false,false,0,,,,Source-import reachability only; this does not establish an elaborated declaration dependency.
NumStability.Analysis.RealSchurTriangulation,NumStability/Analysis/RealSchurTriangulation.lean,Analysis,false,true,0,,,,Source-import reachability only; this does not establish an elaborated declaration dependency.
NumStability.Analysis.RelativePrecision,NumStability/Analysis/RelativePrecision.lean,Analysis,true,false,0,,,,Source-import reachability only; this does not establish an elaborated declaration dependency.
NumStability.Analysis.ResolventFunctionalCalculus,NumStability/Analysis/ResolventFunctionalCalculus.lean,Analysis,false,true,0,,2,NumStability.Algorithms.MatrixPowersPseudospectralCriterion,Source-import reachability only; this does not establish an elaborated declaration dependency.
NumStability.Analysis.Rounding,NumStability/Analysis/Rounding.lean,Analysis,true,false,0,,,,Source-import reachability only; this does not establish an elaborated declaration dependency.
NumStability.Analysis.RoundingProductBounds,NumStability/Analysis/RoundingProductBounds.lean,Analysis,false,false,1,NumStability.Source.Higham.Chapter03.Problem02.ProductBounds.PositiveFactors,1,NumStability.Source.Higham.Chapter03.Problem02.ProductBounds.PositiveFactors,Source-import reachability only; this does not establish an elaborated declaration dependency.
NumStability.Analysis.SampleVariance,NumStability/Analysis/SampleVariance.lean,Analysis,false,true,5,NumStability.Source.Higham.Chapter01.Problem07.SampleVarianceConditioning.ConditionNumbers;NumStability.Source.Higham.Chapter01.Problem10.TwoPassSampleVariance.Bounds;NumStability.Source.Higham.Chapter01.Problem10.TwoPassSampleVariance.RemainderBound.Theorem;NumStability.Source.Higham.Chapter01.Section09.SampleVariance.Examples;NumStability.Source.Higham.Chapter01.Section09.SampleVariance.IeeeSingleOnePassCounterexample.Results,1,NumStability.Source.Higham.Chapter01.Problem07.SampleVarianceConditioning.ConditionNumbers,Source-import reachability only; this does not establish an elaborated declaration dependency.
NumStability.Analysis.SchurTriangulation,NumStability/Analysis/SchurTriangulation.lean,Analysis,false,false,0,,,,Source-import reachability only; this does not establish an elaborated declaration dependency.
NumStability.Analysis.SemiconvergentBlockFormExists,NumStability/Analysis/SemiconvergentBlockFormExists.lean,Analysis,false,true,0,,2,NumStability.Algorithms.LinearSystems.Iterative.Stationary.Semiconvergence.BlockForm.Existence,Source-import reachability only; this does not establish an elaborated declaration dependency.
NumStability.Analysis.SemiconvergentExistenceComplete,NumStability/Analysis/SemiconvergentExistenceComplete.lean,Analysis,false,true,0,,3,NumStability.Algorithms.LinearSystems.Iterative.Stationary.Semiconvergence.BlockForm.Existence,Source-import reachability only; this does not establish an elaborated declaration dependency.
NumStability.Analysis.SemiconvergentExistenceFull,NumStability/Analysis/SemiconvergentExistenceFull.lean,Analysis,false,true,0,,3,NumStability.Algorithms.LinearSystems.Iterative.Stationary.Semiconvergence.BlockForm.Existence,Source-import reachability only; this does not establish an elaborated declaration dependency.
NumStability.Analysis.SemiconvergentExistenceGaps,NumStability/Analysis/SemiconvergentExistenceGaps.lean,Analysis,true,false,0,,2,NumStability.Algorithms.PolynomialEvaluation.MatrixNorms,Source-import reachability only; this does not establish an elaborated declaration dependency.
NumStability.Analysis.SemiconvergentLimitGeneral,NumStability/Analysis/SemiconvergentLimitGeneral.lean,Analysis,false,true,0,,3,NumStability.Algorithms.PolynomialEvaluation.MatrixNorms,Source-import reachability only; this does not establish an elaborated declaration dependency.
NumStability.Analysis.SemiconvergentRealSpectrumComplete,NumStability/Analysis/SemiconvergentRealSpectrumComplete.lean,Analysis,false,true,0,,4,NumStability.Algorithms.LinearSystems.Iterative.Stationary.Semiconvergence.BlockForm.Existence,Source-import reachability only; this does not establish an elaborated declaration dependency.
NumStability.Analysis.SemiconvergentSpectral,NumStability/Analysis/SemiconvergentSpectral.lean,Analysis,true,false,0,,,,Source-import reachability only; this does not establish an elaborated declaration dependency.
NumStability.Analysis.SingularValues,NumStability/Analysis/SingularValues.lean,Analysis,false,false,0,,,,Source-import reachability only; this does not establish an elaborated declaration dependency.
NumStability.Analysis.SingularValues.Basic,NumStability/Analysis/SingularValues/Basic.lean,Analysis,true,false,0,,,,Source-import reachability only; this does not establish an elaborated declaration dependency.
NumStability.Analysis.SingularValues.InverseBounds,NumStability/Analysis/SingularValues/InverseBounds.lean,Analysis,false,false,0,,,,Source-import reachability only; this does not establish an elaborated declaration dependency.
NumStability.Analysis.SingularValues.InverseBounds.All,NumStability/Analysis/SingularValues/InverseBounds/All.lean,Analysis,false,false,0,,,,Source-import reachability only; this does not establish an elaborated declaration dependency.
NumStability.Analysis.SingularValues.InverseBounds.Gram,NumStability/Analysis/SingularValues/InverseBounds/Gram.lean,Analysis,true,false,0,,,,Source-import reachability only; this does not establish an elaborated declaration dependency.
NumStability.Analysis.SingularValues.InverseBounds.OperatorTwo,NumStability/Analysis/SingularValues/InverseBounds/OperatorTwo.lean,Analysis,true,false,0,,,,Source-import reachability only; this does not establish an elaborated declaration dependency.
NumStability.Analysis.SingularValues.InverseBounds.Rayleigh,NumStability/Analysis/SingularValues/InverseBounds/Rayleigh.lean,Analysis,true,false,0,,,,Source-import reachability only; this does not establish an elaborated declaration dependency.
NumStability.Analysis.SingularValues.Realification,NumStability/Analysis/SingularValues/Realification.lean,Analysis,true,false,0,,,,Source-import reachability only; this does not establish an elaborated declaration dependency.
NumStability.Analysis.SingularValues.RectangularGram,NumStability/Analysis/SingularValues/RectangularGram.lean,Analysis,true,false,0,,,,Source-import reachability only; this does not establish an elaborated declaration dependency.
NumStability.Analysis.SingularValues.RectangularRankFactorization,NumStability/Analysis/SingularValues/RectangularRankFactorization.lean,Analysis,true,false,0,,,,Source-import reachability only; this does not establish an elaborated declaration dependency.
NumStability.Analysis.SingularValues.WeylMirsky,NumStability/Analysis/SingularValues/WeylMirsky.lean,Analysis,true,false,0,,,,Source-import reachability only; this does not establish an elaborated declaration dependency.
NumStability.Analysis.SpijkerProjectionIntegral,NumStability/Analysis/SpijkerProjectionIntegral.lean,Analysis,false,true,0,,,,Source-import reachability only; this does not establish an elaborated declaration dependency.
NumStability.Analysis.Stability,NumStability/Analysis/Stability.lean,Analysis,true,false,0,,,,Source-import reachability only; this does not establish an elaborated declaration dependency.
NumStability.Analysis.StatisticalRounding,NumStability/Analysis/StatisticalRounding.lean,Analysis,true,false,0,,,,Source-import reachability only; this does not establish an elaborated declaration dependency.
NumStability.Analysis.Statistics.SampleVariance.All,NumStability/Analysis/Statistics/SampleVariance/All.lean,Analysis,false,false,0,,,,Source-import reachability only; this does not establish an elaborated declaration dependency.
NumStability.Analysis.Statistics.SampleVariance.Core,NumStability/Analysis/Statistics/SampleVariance/Core.lean,Analysis,true,false,0,,,,Source-import reachability only; this does not establish an elaborated declaration dependency.
NumStability.Analysis.Statistics.SampleVariance.RoundingErrorBounds.Theorems,NumStability/Analysis/Statistics/SampleVariance/RoundingErrorBounds/Theorems.lean,Analysis,true,false,0,,,,Source-import reachability only; this does not establish an elaborated declaration dependency.
NumStability.Analysis.Statistics.SampleVariance.TwoPass,NumStability/Analysis/Statistics/SampleVariance/TwoPass.lean,Analysis,true,false,0,,,,Source-import reachability only; this does not establish an elaborated declaration dependency.
NumStability.Analysis.Statistics.SampleVariance.Updating,NumStability/Analysis/Statistics/SampleVariance/Updating.lean,Analysis,true,false,0,,,,Source-import reachability only; this does not establish an elaborated declaration dependency.
NumStability.Analysis.SubtractionFold,NumStability/Analysis/SubtractionFold.lean,Analysis,true,false,0,,,,Source-import reachability only; this does not establish an elaborated declaration dependency.
NumStability.Analysis.Summation,NumStability/Analysis/Summation.lean,Analysis,false,false,0,,,,Source-import reachability only; this does not establish an elaborated declaration dependency.
NumStability.Analysis.Summation.ErrorBounds,NumStability/Analysis/Summation/ErrorBounds.lean,Analysis,true,false,0,,,,Source-import reachability only; this does not establish an elaborated declaration dependency.
NumStability.Analysis.Summation.Signs,NumStability/Analysis/Summation/Signs.lean,Analysis,true,false,0,,,,Source-import reachability only; this does not establish an elaborated declaration dependency.
NumStability.Analysis.SylvesterSchurExistence,NumStability/Analysis/SylvesterSchurExistence.lean,Analysis,false,true,0,,2,NumStability.Algorithms.MatrixEquations.Sylvester.Solvers.ComplexSchur.Existence,Source-import reachability only; this does not establish an elaborated declaration dependency.
NumStability.Analysis.TestMatrices,NumStability/Analysis/TestMatrices.lean,Analysis,false,false,0,,2,NumStability.Algorithms.LinearSystems.QR.HouseholderReflector,Source-import reachability only; this does not establish an elaborated declaration dependency.
NumStability.Analysis.TestMatrices.Cauchy.Basic,NumStability/Analysis/TestMatrices/Cauchy/Basic.lean,Analysis,true,false,0,,,,Source-import reachability only; this does not establish an elaborated declaration dependency.
NumStability.Analysis.TestMatrices.Cauchy.Cauchy,NumStability/Analysis/TestMatrices/Cauchy/Cauchy.lean,Analysis,true,false,2,NumStability.Algorithms.LinearSystems.QR.HouseholderReflector;NumStability.Algorithms.LinearSystems.QR.Householder.TrailingPanels,1,NumStability.Algorithms.LinearSystems.QR.HouseholderReflector,Source-import reachability only; this does not establish an elaborated declaration dependency.
NumStability.Analysis.TestMatrices.Cauchy.Contracts,NumStability/Analysis/TestMatrices/Cauchy/Contracts.lean,Analysis,true,false,2,NumStability.Algorithms.LinearSystems.QR.HouseholderReflector;NumStability.Algorithms.LinearSystems.QR.Householder.TrailingPanels,1,NumStability.Algorithms.LinearSystems.QR.HouseholderReflector,Source-import reachability only; this does not establish an elaborated declaration dependency.
NumStability.Analysis.TestMatrices.Companion.Basic,NumStability/Analysis/TestMatrices/Companion/Basic.lean,Analysis,true,false,0,,,,Source-import reachability only; this does not establish an elaborated declaration dependency.
NumStability.Analysis.TestMatrices.Companion.Companion,NumStability/Analysis/TestMatrices/Companion/Companion.lean,Analysis,true,false,2,NumStability.Algorithms.LinearSystems.QR.Householder.TrailingPanels;NumStability.Algorithms.LinearSystems.QR.HouseholderReflector,1,NumStability.Algorithms.LinearSystems.QR.Householder.TrailingPanels,Source-import reachability only; this does not establish an elaborated declaration dependency.
NumStability.Analysis.TestMatrices.Companion.CompanionSpectral,NumStability/Analysis/TestMatrices/Companion/CompanionSpectral.lean,Analysis,true,false,2,NumStability.Algorithms.LinearSystems.QR.Householder.TrailingPanels;NumStability.Algorithms.LinearSystems.QR.HouseholderReflector,1,NumStability.Algorithms.LinearSystems.QR.Householder.TrailingPanels,Source-import reachability only; this does not establish an elaborated declaration dependency.
NumStability.Analysis.TestMatrices.Companion.Contracts,NumStability/Analysis/TestMatrices/Companion/Contracts.lean,Analysis,true,false,2,NumStability.Algorithms.LinearSystems.QR.HouseholderReflector;NumStability.Algorithms.LinearSystems.QR.Householder.TrailingPanels,1,NumStability.Algorithms.LinearSystems.QR.HouseholderReflector,Source-import reachability only; this does not establish an elaborated declaration dependency.
NumStability.Analysis.TestMatrices.Gaussian.GaussianDirection,NumStability/Analysis/TestMatrices/Gaussian/GaussianDirection.lean,Analysis,true,false,0,,,,Source-import reachability only; this does not establish an elaborated declaration dependency.
NumStability.Analysis.TestMatrices.Gaussian.GaussianOrthogonal,NumStability/Analysis/TestMatrices/Gaussian/GaussianOrthogonal.lean,Analysis,true,false,0,,,,Source-import reachability only; this does not establish an elaborated declaration dependency.
NumStability.Analysis.TestMatrices.Hilbert.Asymptotics,NumStability/Analysis/TestMatrices/Hilbert/Asymptotics.lean,Analysis,true,false,0,,,,Source-import reachability only; this does not establish an elaborated declaration dependency.
NumStability.Analysis.TestMatrices.Hilbert.Basic,NumStability/Analysis/TestMatrices/Hilbert/Basic.lean,Analysis,true,false,0,,,,Source-import reachability only; this does not establish an elaborated declaration dependency.
NumStability.Analysis.TestMatrices.Hilbert.Exact,NumStability/Analysis/TestMatrices/Hilbert/Exact.lean,Analysis,true,false,0,,,,Source-import reachability only; this does not establish an elaborated declaration dependency.
NumStability.Analysis.TestMatrices.Hilbert.HilbertAsymptotic,NumStability/Analysis/TestMatrices/Hilbert/HilbertAsymptotic.lean,Analysis,true,false,0,,,,Source-import reachability only; this does not establish an elaborated declaration dependency.
NumStability.Analysis.TestMatrices.Hilbert.ShiftedHilbert,NumStability/Analysis/TestMatrices/Hilbert/ShiftedHilbert.lean,Analysis,true,false,0,,,,Source-import reachability only; this does not establish an elaborated declaration dependency.
NumStability.Analysis.TestMatrices.Orthogonal.Basic,NumStability/Analysis/TestMatrices/Orthogonal/Basic.lean,Analysis,true,false,0,,,,Source-import reachability only; this does not establish an elaborated declaration dependency.
NumStability.Analysis.TestMatrices.Orthogonal.HaarFiberMeasure,NumStability/Analysis/TestMatrices/Orthogonal/HaarFiberMeasure.lean,Analysis,true,false,0,,2,NumStability.Algorithms.LinearSystems.QR.HouseholderReflector,Source-import reachability only; this does not establish an elaborated declaration dependency.
NumStability.Analysis.TestMatrices.Orthogonal.OrthogonalCoordinates,NumStability/Analysis/TestMatrices/Orthogonal/OrthogonalCoordinates.lean,Analysis,true,false,0,,,,Source-import reachability only; this does not establish an elaborated declaration dependency.
NumStability.Analysis.TestMatrices.Orthogonal.OrthogonalFibers,NumStability/Analysis/TestMatrices/Orthogonal/OrthogonalFibers.lean,Analysis,true,false,2,NumStability.Algorithms.LinearSystems.QR.HouseholderReflector;NumStability.Algorithms.LinearSystems.QR.Householder.TrailingPanels,1,NumStability.Algorithms.LinearSystems.QR.HouseholderReflector,Source-import reachability only; this does not establish an elaborated declaration dependency.
NumStability.Analysis.TestMatrices.Orthogonal.OrthogonalHaar,NumStability/Analysis/TestMatrices/Orthogonal/OrthogonalHaar.lean,Analysis,true,false,0,,,,Source-import reachability only; this does not establish an elaborated declaration dependency.
NumStability.Analysis.TestMatrices.Orthogonal.OrthogonalSphere,NumStability/Analysis/TestMatrices/Orthogonal/OrthogonalSphere.lean,Analysis,true,false,0,,,,Source-import reachability only; this does not establish an elaborated declaration dependency.
NumStability.Analysis.TestMatrices.Pascal.Basic,NumStability/Analysis/TestMatrices/Pascal/Basic.lean,Analysis,true,false,0,,,,Source-import reachability only; this does not establish an elaborated declaration dependency.
NumStability.Analysis.TestMatrices.Pascal.Contracts,NumStability/Analysis/TestMatrices/Pascal/Contracts.lean,Analysis,true,false,2,NumStability.Algorithms.LinearSystems.QR.HouseholderReflector;NumStability.Algorithms.LinearSystems.QR.Householder.TrailingPanels,1,NumStability.Algorithms.LinearSystems.QR.HouseholderReflector,Source-import reachability only; this does not establish an elaborated declaration dependency.
NumStability.Analysis.TestMatrices.Pascal.Exact,NumStability/Analysis/TestMatrices/Pascal/Exact.lean,Analysis,true,false,0,,,,Source-import reachability only; this does not establish an elaborated declaration dependency.
NumStability.Analysis.TestMatrices.Pascal.PascalDualFlag,NumStability/Analysis/TestMatrices/Pascal/PascalDualFlag.lean,Analysis,true,false,2,NumStability.Algorithms.LinearSystems.QR.HouseholderReflector;NumStability.Algorithms.LinearSystems.QR.Householder.TrailingPanels,1,NumStability.Algorithms.LinearSystems.QR.HouseholderReflector,Source-import reachability only; this does not establish an elaborated declaration dependency.
NumStability.Analysis.TestMatrices.Pascal.PascalOscillation,NumStability/Analysis/TestMatrices/Pascal/PascalOscillation.lean,Analysis,true,false,2,NumStability.Algorithms.LinearSystems.QR.HouseholderReflector;NumStability.Algorithms.LinearSystems.QR.Householder.TrailingPanels,1,NumStability.Algorithms.LinearSystems.QR.HouseholderReflector,Source-import reachability only; this does not establish an elaborated declaration dependency.
NumStability.Analysis.TestMatrices.Pascal.PascalOscillationCore,NumStability/Analysis/TestMatrices/Pascal/PascalOscillationCore.lean,Analysis,true,false,2,NumStability.Algorithms.LinearSystems.QR.HouseholderReflector;NumStability.Algorithms.LinearSystems.QR.Householder.TrailingPanels,1,NumStability.Algorithms.LinearSystems.QR.HouseholderReflector,Source-import reachability only; this does not establish an elaborated declaration dependency.
NumStability.Analysis.TestMatrices.Pascal.PascalSpectral,NumStability/Analysis/TestMatrices/Pascal/PascalSpectral.lean,Analysis,true,false,2,NumStability.Algorithms.LinearSystems.QR.HouseholderReflector;NumStability.Algorithms.LinearSystems.QR.Householder.TrailingPanels,1,NumStability.Algorithms.LinearSystems.QR.HouseholderReflector,Source-import reachability only; this does not establish an elaborated declaration dependency.
NumStability.Analysis.TestMatrices.Pascal.PascalTotalPositivity,NumStability/Analysis/TestMatrices/Pascal/PascalTotalPositivity.lean,Analysis,true,false,2,NumStability.Algorithms.LinearSystems.QR.HouseholderReflector;NumStability.Algorithms.LinearSystems.QR.Householder.TrailingPanels,1,NumStability.Algorithms.LinearSystems.QR.HouseholderReflector,Source-import reachability only; this does not establish an elaborated declaration dependency.
NumStability.Analysis.TestMatrices.RandomSVD.Basic,NumStability/Analysis/TestMatrices/RandomSVD/Basic.lean,Analysis,true,false,0,,,,Source-import reachability only; this does not establish an elaborated declaration dependency.
NumStability.Analysis.TestMatrices.RandomSVD.GroupLawRecursion,NumStability/Analysis/TestMatrices/RandomSVD/GroupLawRecursion.lean,Analysis,true,false,0,,2,NumStability.Algorithms.LinearSystems.QR.HouseholderReflector,Source-import reachability only; this does not establish an elaborated declaration dependency.
NumStability.Analysis.TestMatrices.RandomSVD.Stewart,NumStability/Analysis/TestMatrices/RandomSVD/Stewart.lean,Analysis,true,false,2,NumStability.Algorithms.LinearSystems.QR.HouseholderReflector;NumStability.Algorithms.LinearSystems.QR.Householder.TrailingPanels,1,NumStability.Algorithms.LinearSystems.QR.HouseholderReflector,Source-import reachability only; this does not establish an elaborated declaration dependency.
NumStability.Analysis.TestMatrices.RandomSVD.StewartHaar,NumStability/Analysis/TestMatrices/RandomSVD/StewartHaar.lean,Analysis,true,false,2,NumStability.Algorithms.LinearSystems.QR.HouseholderReflector;NumStability.Algorithms.LinearSystems.QR.Householder.TrailingPanels,1,NumStability.Algorithms.LinearSystems.QR.HouseholderReflector,Source-import reachability only; this does not establish an elaborated declaration dependency.
NumStability.Analysis.TestMatrices.RandomSVD.StewartMeasurability,NumStability/Analysis/TestMatrices/RandomSVD/StewartMeasurability.lean,Analysis,true,false,1,NumStability.Source.Higham.Chapter28.Section03.Theorem01.StewartHaar.Stewart,1,NumStability.Source.Higham.Chapter28.Section03.Theorem01.StewartHaar.Stewart,Source-import reachability only; this does not establish an elaborated declaration dependency.
NumStability.Analysis.TestMatrices.RandomSVD.StewartRecursion,NumStability/Analysis/TestMatrices/RandomSVD/StewartRecursion.lean,Analysis,true,false,2,NumStability.Algorithms.LinearSystems.QR.HouseholderReflector;NumStability.Algorithms.LinearSystems.QR.Householder.TrailingPanels,1,NumStability.Algorithms.LinearSystems.QR.HouseholderReflector,Source-import reachability only; this does not establish an elaborated declaration dependency.
NumStability.Analysis.TestMatrices.RealGinibre.GinibreRoots,NumStability/Analysis/TestMatrices/RealGinibre/GinibreRoots.lean,Analysis,true,false,2,NumStability.Algorithms.LinearSystems.QR.HouseholderReflector;NumStability.Algorithms.LinearSystems.QR.Householder.TrailingPanels,1,NumStability.Algorithms.LinearSystems.QR.HouseholderReflector,Source-import reachability only; this does not establish an elaborated declaration dependency.
NumStability.Analysis.TestMatrices.RealGinibre.ProjectiveWeightIntegral,NumStability/Analysis/TestMatrices/RealGinibre/ProjectiveWeightIntegral.lean,Analysis,true,false,2,NumStability.Algorithms.LinearSystems.Triangular.DiagonalDominance;NumStability.Source.Higham.Chapter26.IntervalArithmetic.ExactOperations,1,NumStability.Algorithms.LinearSystems.Triangular.DiagonalDominance,Source-import reachability only; this does not establish an elaborated declaration dependency.
NumStability.Analysis.TestMatrices.Toeplitz.Basic,NumStability/Analysis/TestMatrices/Toeplitz/Basic.lean,Analysis,true,false,0,,,,Source-import reachability only; this does not establish an elaborated declaration dependency.
NumStability.Analysis.TestMatrices.Toeplitz.Contracts,NumStability/Analysis/TestMatrices/Toeplitz/Contracts.lean,Analysis,true,false,2,NumStability.Algorithms.LinearSystems.QR.HouseholderReflector;NumStability.Algorithms.LinearSystems.QR.Householder.TrailingPanels,1,NumStability.Algorithms.LinearSystems.QR.HouseholderReflector,Source-import reachability only; this does not establish an elaborated declaration dependency.
NumStability.Analysis.TieRules,NumStability/Analysis/TieRules.lean,Analysis,true,false,0,,,,Source-import reachability only; this does not establish an elaborated declaration dependency.
NumStability.Analysis.TrigCancellation,NumStability/Analysis/TrigCancellation.lean,Analysis,false,false,2,NumStability.Source.Higham.Chapter01.Problem03.CancellationRewrites.Algebra;NumStability.Source.Higham.Chapter01.Section07.TrigonometricCancellation.Example,1,NumStability.Source.Higham.Chapter01.Problem03.CancellationRewrites.Algebra,Source-import reachability only; this does not establish an elaborated declaration dependency.
NumStability.Analysis.VectorNorms,NumStability/Analysis/VectorNorms.lean,Analysis,false,false,0,,,,Source-import reachability only; this does not establish an elaborated declaration dependency.
NumStability.Analysis.VectorNorms.Attainment,NumStability/Analysis/VectorNorms/Attainment.lean,Analysis,true,false,0,,,,Source-import reachability only; this does not establish an elaborated declaration dependency.
NumStability.Analysis.VectorNorms.Basic,NumStability/Analysis/VectorNorms/Basic.lean,Analysis,true,false,0,,,,Source-import reachability only; this does not establish an elaborated declaration dependency.
NumStability.Analysis.VectorNorms.Duality,NumStability/Analysis/VectorNorms/Duality.lean,Analysis,true,false,0,,,,Source-import reachability only; this does not establish an elaborated declaration dependency.
NumStability.Analysis.VectorNorms.Interpolation,NumStability/Analysis/VectorNorms/Interpolation.lean,Analysis,true,false,0,,,,Source-import reachability only; this does not establish an elaborated declaration dependency.
NumStability.FloatingPoint.FusedMultiplyAdd.All,NumStability/FloatingPoint/FusedMultiplyAdd/All.lean,FloatingPoint,false,false,0,,2,NumStability.Analysis.Error.Measures.ScalarDefinitions,Source-import reachability only; this does not establish an elaborated declaration dependency.
NumStability.FloatingPoint.FusedMultiplyAdd.Core,NumStability/FloatingPoint/FusedMultiplyAdd/Core.lean,FloatingPoint,true,false,5,NumStability.Analysis.Error.Measures.ScalarDefinitions;NumStability.Analysis.FloatingPointArithmetic.Format;NumStability.Analysis.FloatingPointArithmetic.IeeeValue;NumStability.Analysis.FloatingPointArithmetic.NearestRoundingError;NumStability.Analysis.FloatingPointArithmetic.StandardModel,1,NumStability.Analysis.Error.Measures.ScalarDefinitions,Source-import reachability only; this does not establish an elaborated declaration dependency.
NumStability.FloatingPoint.FusedMultiplyAdd.DotProductCounts,NumStability/FloatingPoint/FusedMultiplyAdd/DotProductCounts.lean,FloatingPoint,true,false,2,NumStability.Analysis.FloatingPointArithmetic.Format;NumStability.Analysis.FloatingPointArithmetic.NearestRoundingError,1,NumStability.Analysis.FloatingPointArithmetic.Format,Source-import reachability only; this does not establish an elaborated declaration dependency.
NumStability.FloatingPoint.IEEE,NumStability/FloatingPoint/IEEE.lean,FloatingPoint,false,false,0,,2,NumStability.Analysis.FloatingPointArithmetic.IeeeValue,Source-import reachability only; this does not establish an elaborated declaration dependency.
NumStability.FloatingPoint.IEEE.NaiveMaximum,NumStability/FloatingPoint/IEEE/NaiveMaximum.lean,FloatingPoint,true,false,1,NumStability.Analysis.FloatingPointArithmetic.IeeeValue,1,NumStability.Analysis.FloatingPointArithmetic.IeeeValue,Source-import reachability only; this does not establish an elaborated declaration dependency.
NumStability.FloatingPoint.Model,NumStability/FloatingPoint/Model.lean,FloatingPoint,true,false,0,,,,Source-import reachability only; this does not establish an elaborated declaration dependency.
NumStability.FloatingPoint.OperationLaws,NumStability/FloatingPoint/OperationLaws.lean,FloatingPoint,true,false,3,NumStability.Analysis.FloatingPointArithmetic.Format;NumStability.Analysis.FloatingPointArithmetic.NearestRoundingError;NumStability.Analysis.FloatingPointArithmetic.RoundToEvenLocalError,1,NumStability.Analysis.FloatingPointArithmetic.Format,Source-import reachability only; this does not establish an elaborated declaration dependency.
