module,source_path,physical_layer,physical_lines,static_elaboration_command_count,direct_import_count,direct_imports,aggregate_candidate_static,compatibility_candidate_static,interpretation
NumStability,NumStability.lean,Root,9,0,1,NumStability.All,true,true,No matched declaration introducer; verify against elaborated origins before claiming zero environment declarations.
NumStability.Algorithms.AccumulatorSum,NumStability/Algorithms/AccumulatorSum.lean,Algorithms,7,0,1,NumStability.Algorithms.Summation.Accumulator,false,true,No matched declaration introducer; verify against elaborated origins before claiming zero environment declarations.
NumStability.Algorithms.AutomaticErrorAnalysis.Higham26,NumStability/Algorithms/AutomaticErrorAnalysis/Higham26.lean,Algorithms,35,0,19,NumStability.Source.Higham.Chapter26.AlternatingDirections.ExactExecution;NumStability.Source.Higham.Chapter26.CubicRoots.DepressedCubic;NumStability.Source.Higham.Chapter26.CubicRoots.MonicCubic;NumStability.Source.Higham.Chapter26.Equation01;NumStability.Source.Higham.Chapter26.Equation02;NumStability.Source.Higham.Chapter26.Equation03;NumStability.Source.Higham.Chapter26.Equation04;NumStability.Source.Higham.Chapter26.Equation05.CardanoRoots;NumStability.Source.Higham.Chapter26.Equation05.ComplexBranches;NumStability.Source.Higham.Chapter26.Equation05.RealBranches;NumStability.Source.Higham.Chapter26.Equation05.ZeroBranchDiscrepancy;NumStability.Source.Higham.Chapter26.Equation06;NumStability.Source.Higham.Chapter26.Equation07;NumStability.Source.Higham.Chapter26.Equation08;NumStability.Source.Higham.Chapter26.IntervalArithmetic.DependencyExamples;NumStability.Source.Higham.Chapter26.IntervalArithmetic.DirectedRounding;NumStability.Source.Higham.Chapter26.IntervalArithmetic.ExactOperations;NumStability.Source.Higham.Chapter26.MultidirectionalSearch.Execution;NumStability.Source.Higham.Chapter26.MultidirectionalSearch.Simplex,false,true,No matched declaration introducer; verify against elaborated origins before claiming zero environment declarations.
NumStability.Algorithms.AutomaticErrorAnalysis.Higham26SourceSearch,NumStability/Algorithms/AutomaticErrorAnalysis/Higham26SourceSearch.lean,Algorithms,15,0,1,NumStability.Source.Higham.Chapter26,true,true,No matched declaration introducer; verify against elaborated origins before claiming zero environment declarations.
NumStability.Algorithms.Ch10ActualSourceClosure,NumStability/Algorithms/Ch10ActualSourceClosure.lean,Algorithms,13,0,3,NumStability.Algorithms.HighamChapter10;NumStability.Source.Higham.Chapter10.Theorem06.RoundedCholesky.ActualClosure;NumStability.Source.Higham.Chapter10.Theorem06.RoundedCholesky.ForwardError.ActualAlgorithm,false,true,No matched declaration introducer; verify against elaborated origins before claiming zero environment declarations.
NumStability.Algorithms.Ch10Ch14Lemma66Op2Bridge,NumStability/Algorithms/Ch10Ch14Lemma66Op2Bridge.lean,Algorithms,16,0,5,NumStability.Algorithms.HighamChapter10;NumStability.Source.Higham.Chapter06.Lemma06;NumStability.Source.Higham.Chapter06.Lemma06.OperatorTwoNormBound.Bridge;NumStability.Source.Higham.Chapter10.Equation07.AbsoluteFactorNorm.Bridge;NumStability.Source.Higham.Chapter14.Section03.ResidualOperatorTwoNorm.Bridge,false,true,No matched declaration introducer; verify against elaborated origins before claiming zero environment declarations.
NumStability.Algorithms.Ch10ComplexPositiveDefiniteSourceClosure,NumStability/Algorithms/Ch10ComplexPositiveDefiniteSourceClosure.lean,Algorithms,17,0,7,Mathlib.Data.Complex.BigOperators;NumStability.Algorithms.ComplexBackwardError;NumStability.Algorithms.HighamChapter10;NumStability.Analysis.ComplexArithmetic;NumStability.Analysis.MatrixAlgebra;NumStability.Source.Higham.Chapter10.Equation30.ComplexPositiveDefinite.NoPivotLU.SourceBounds;NumStability.Source.Higham.Chapter10.Equation30.ComplexPositiveDefinite.SourceClosure,false,true,No matched declaration introducer; verify against elaborated origins before claiming zero environment declarations.
NumStability.Algorithms.Ch10KahanSharpness,NumStability/Algorithms/Ch10KahanSharpness.lean,Algorithms,13,0,2,NumStability.Algorithms.HighamChapter10;NumStability.Source.Higham.Chapter10.Lemma13.KahanSharpness.Limit,false,true,No matched declaration introducer; verify against elaborated origins before claiming zero environment declarations.
NumStability.Algorithms.Ch10KahanSharpnessSource,NumStability/Algorithms/Ch10KahanSharpnessSource.lean,Algorithms,14,0,4,NumStability.Algorithms.HighamChapter10;NumStability.Source.Higham.Chapter10.Lemma13.KahanSharpness.GramFamily;NumStability.Source.Higham.Chapter10.Lemma13.KahanSharpness.Limit;NumStability.Source.Higham.Chapter10.Lemma13.KahanSharpness.OperatorNorm.SourceBound,false,true,No matched declaration introducer; verify against elaborated origins before claiming zero environment declarations.
NumStability.Algorithms.Ch10Lemma1011Source,NumStability/Algorithms/Ch10Lemma1011Source.lean,Algorithms,13,0,2,NumStability.Algorithms.HighamChapter10;NumStability.Source.Higham.Chapter10.Lemma11.PivotSequenceStability.SourceClosure,false,true,No matched declaration introducer; verify against elaborated origins before claiming zero environment declarations.
NumStability.Algorithms.Ch10PivotedPSDSourceClosure,NumStability/Algorithms/Ch10PivotedPSDSourceClosure.lean,Algorithms,14,0,4,NumStability.Algorithms.HighamChapter10;NumStability.Source.Higham.Chapter10.Lemma11.PivotSequenceStability.SourceClosure;NumStability.Source.Higham.Chapter10.Theorem14.CompletePivotedPSD.ActualComputation.ErrorBounds;NumStability.Source.Higham.Chapter10.Theorem14.CompletePivotedPSD.ActualRun,false,true,No matched declaration introducer; verify against elaborated origins before claiming zero environment declarations.
NumStability.Algorithms.Ch10Theorem107FailureVacuity,NumStability/Algorithms/Ch10Theorem107FailureVacuity.lean,Algorithms,14,0,3,NumStability.Source.Higham.Chapter08.Equation15.FanInExecutor.FirstOrderResidual;NumStability.Source.Higham.Chapter08.Equation18.FanInExecutor.FirstOrderForwardError;NumStability.Source.Higham.Chapter10.Theorem07.FailureVacuity.Vacuity,false,true,No matched declaration introducer; verify against elaborated origins before claiming zero environment declarations.
NumStability.Algorithms.Ch10Theorem108Componentwise,NumStability/Algorithms/Ch10Theorem108Componentwise.lean,Algorithms,24,0,14,NumStability.Algorithms.Cholesky.CholeskySpec;NumStability.Algorithms.LinearSystems.Triangular.InverseBounds;NumStability.Source.Higham.Chapter09.Problems;NumStability.Source.Higham.Chapter09.Section01;NumStability.Source.Higham.Chapter09.Section02;NumStability.Source.Higham.Chapter09.Section03;NumStability.Source.Higham.Chapter09.Section04;NumStability.Source.Higham.Chapter09.Section05;NumStability.Source.Higham.Chapter09.Section06;NumStability.Source.Higham.Chapter09.Section08;NumStability.Source.Higham.Chapter09.Section10;NumStability.Source.Higham.Chapter09.Section11;NumStability.Source.Higham.Chapter10.Theorem08.ComponentwisePerturbation.NormalizedResolvent.SourceBound;NumStability.Source.Higham.Chapter10.Theorem08.ComponentwisePerturbation.Resolvent,false,true,No matched declaration introducer; verify against elaborated origins before claiming zero environment declarations.
NumStability.Algorithms.Ch10Theorem108Source,NumStability/Algorithms/Ch10Theorem108Source.lean,Algorithms,13,0,3,NumStability.Algorithms.HighamChapter10;NumStability.Source.Higham.Chapter10.Theorem08.NormwiseDiscrepancy.Counterexample.Uniqueness;NumStability.Source.Higham.Chapter10.Theorem08.NormwiseDiscrepancy.LiteralSource,false,true,No matched declaration introducer; verify against elaborated origins before claiming zero environment declarations.
NumStability.Algorithms.Ch14AsymptoticFamilies,NumStability/Algorithms/Ch14AsymptoticFamilies.lean,Algorithms,16,0,7,Mathlib.Analysis.Asymptotics.Lemmas;NumStability.Algorithms.Ch14ForwardErrorEndpoint;NumStability.Analysis.FirstOrder.MatrixFamilies.AsymptoticFamilies;NumStability.Source.Higham.Chapter14.Problem05.InverseBasedSolve.AsymptoticFamilies;NumStability.Source.Higham.Chapter14.Section01.InverseErrorAnalysis.AsymptoticFamilies;NumStability.Source.Higham.Chapter14.Section01.InverseErrorAnalysis.ComposedCoefficientFamilies.RemainderAsymptotics;NumStability.Source.Higham.Chapter14.Section02.TriangularInversion.Method1.AsymptoticFamilies,false,true,No matched declaration introducer; verify against elaborated origins before claiming zero environment declarations.
NumStability.Algorithms.Ch14BlockTriInverse,NumStability/Algorithms/Ch14BlockTriInverse.lean,Algorithms,23,0,13,Mathlib.Algebra.BigOperators.Fin;Mathlib.Algebra.BigOperators.Group.Finset.Basic;Mathlib.Algebra.BigOperators.Ring.Finset;Mathlib.Data.Real.Basic;Mathlib.Tactic.Linarith;Mathlib.Tactic.Ring;NumStability.Algorithms.DotProduct;NumStability.Algorithms.LinearSystems.Triangular.ForwardSubstitution;NumStability.Algorithms.MatrixInversion;NumStability.Analysis.MatrixAlgebra;NumStability.Analysis.Rounding;NumStability.FloatingPoint.Model;NumStability.Source.Higham.Chapter14.Section02.TriangularInversion.Method1B.BlockTriInverse,false,true,No matched declaration introducer; verify against elaborated origins before claiming zero environment declarations.
NumStability.Algorithms.Ch14Cor146UniformInverseBridge,NumStability/Algorithms/Ch14Cor146UniformInverseBridge.lean,Algorithms,14,0,5,NumStability.Algorithms.Ch14Corollary147SourceClosure;NumStability.Algorithms.Ch14GJEFinalDivisionClosure;NumStability.Source.Higham.Chapter07.Corollary06.LinearSystemsConditioning.Results;NumStability.Source.Higham.Chapter14.Corollary06.FinalizedRunRegularity.UniformInverseRegularity;NumStability.Source.Higham.Chapter14.Corollary06.SPD.UniformInverseBridge,false,true,No matched declaration introducer; verify against elaborated origins before claiming zero environment declarations.
NumStability.Algorithms.Ch14Cor147FinalDivisionFamilyClosure,NumStability/Algorithms/Ch14Cor147FinalDivisionFamilyClosure.lean,Algorithms,13,0,4,NumStability.Algorithms.Ch14Corollary147SourceClosure;NumStability.Algorithms.Ch14GJEFinalDivisionClosure;NumStability.Source.Higham.Chapter14.Corollary07.DiagonalDominance.FinalDivisionFamilyClosure;NumStability.Source.Higham.Chapter14.Corollary07.FinalizedRunFamilies.ResidualAndForwardEnvelopes,false,true,No matched declaration introducer; verify against elaborated origins before claiming zero environment declarations.
NumStability.Algorithms.Ch14Cor147SourceDomainConstructor,NumStability/Algorithms/Ch14Cor147SourceDomainConstructor.lean,Algorithms,14,0,4,NumStability.Algorithms.Ch14Cor147FinalDivisionFamilyClosure;NumStability.Algorithms.LinearSystems.Cholesky.Perturbation.Basic;NumStability.Source.Higham.Chapter09.Theorem99Closure;NumStability.Source.Higham.Chapter14.Corollary07.DiagonalDominance.SourceDomainConstructor,false,true,No matched declaration introducer; verify against elaborated origins before claiming zero environment declarations.
NumStability.Algorithms.Ch14Corollary146Closure,NumStability/Algorithms/Ch14Corollary146Closure.lean,Algorithms,14,0,4,Mathlib.Analysis.Asymptotics.Lemmas;NumStability.Algorithms.Ch14Corollary146Concrete;NumStability.Algorithms.Ch14GaussJordanQConstruction;NumStability.Source.Higham.Chapter14.Corollary06.SPD.Closure,false,true,No matched declaration introducer; verify against elaborated origins before claiming zero environment declarations.
NumStability.Algorithms.Ch14Corollary146Concrete,NumStability/Algorithms/Ch14Corollary146Concrete.lean,Algorithms,13,0,3,NumStability.Algorithms.Ch14GaussJordanQConstruction;NumStability.Algorithms.Ch14GaussJordanSPDCorollary;NumStability.Source.Higham.Chapter14.Corollary06.SPD.Concrete,false,true,No matched declaration introducer; verify against elaborated origins before claiming zero environment declarations.
NumStability.Algorithms.Ch14Corollary146SourceClosure,NumStability/Algorithms/Ch14Corollary146SourceClosure.lean,Algorithms,13,0,3,NumStability.Algorithms.Ch14Corollary146Closure;NumStability.Algorithms.Ch14GJETheorem145SourceClosure;NumStability.Source.Higham.Chapter14.Corollary06.SPD.SourceClosure,false,true,No matched declaration introducer; verify against elaborated origins before claiming zero environment declarations.
NumStability.Algorithms.Ch14Corollary147,NumStability/Algorithms/Ch14Corollary147.lean,Algorithms,22,0,12,NumStability.Source.Higham.Chapter08.Section03.TriangularSystems.InverseBoundsPrelude;NumStability.Source.Higham.Chapter09.Problems;NumStability.Source.Higham.Chapter09.Section01;NumStability.Source.Higham.Chapter09.Section02;NumStability.Source.Higham.Chapter09.Section03;NumStability.Source.Higham.Chapter09.Section04;NumStability.Source.Higham.Chapter09.Section05;NumStability.Source.Higham.Chapter09.Section06;NumStability.Source.Higham.Chapter09.Section08;NumStability.Source.Higham.Chapter09.Section10;NumStability.Source.Higham.Chapter09.Section11;NumStability.Source.Higham.Chapter14.Corollary07.DiagonalDominance.Basic,false,true,No matched declaration introducer; verify against elaborated origins before claiming zero environment declarations.
NumStability.Algorithms.Ch14Corollary147Closure,NumStability/Algorithms/Ch14Corollary147Closure.lean,Algorithms,13,0,3,NumStability.Algorithms.Ch14Corollary147;NumStability.Algorithms.Ch14GaussJordanQConstruction;NumStability.Source.Higham.Chapter14.Corollary07.DiagonalDominance.Closure,false,true,No matched declaration introducer; verify against elaborated origins before claiming zero environment declarations.
NumStability.Algorithms.Ch14Corollary147Concrete,NumStability/Algorithms/Ch14Corollary147Concrete.lean,Algorithms,14,0,4,NumStability.Algorithms.Ch14Corollary147;NumStability.Algorithms.Ch14Corollary147Closure;NumStability.Algorithms.Ch14GaussJordanQConstruction;NumStability.Source.Higham.Chapter14.Corollary07.DiagonalDominance.Concrete,false,true,No matched declaration introducer; verify against elaborated origins before claiming zero environment declarations.
NumStability.Algorithms.Ch14Corollary147SourceClosure,NumStability/Algorithms/Ch14Corollary147SourceClosure.lean,Algorithms,13,0,4,NumStability.Algorithms.Ch14Corollary147WeakFamily;NumStability.Algorithms.Ch14GJESourceAccumulationBridge;NumStability.Source.Higham.Chapter14.Corollary07.DiagonalDominance.SourceClosure;NumStability.Source.Higham.Chapter14.Corollary07.PrintedTraceFamilies.ResidualAndForwardEndpoints,false,true,No matched declaration introducer; verify against elaborated origins before claiming zero environment declarations.
NumStability.Algorithms.Ch14Corollary147WeakFamily,NumStability/Algorithms/Ch14Corollary147WeakFamily.lean,Algorithms,15,0,6,NumStability.Algorithms.Ch14AsymptoticFamilies;NumStability.Algorithms.Ch14Corollary147Closure;NumStability.Algorithms.Ch14Corollary147Concrete;NumStability.Algorithms.Ch14GJEAsymptoticFamilies;NumStability.Source.Higham.Chapter14.Corollary07.DiagonalDominance.WeakFamily;NumStability.Source.Higham.Chapter14.Corollary07.WeakDominanceFamilies.ResidualAndForwardBounds,false,true,No matched declaration introducer; verify against elaborated origins before claiming zero environment declarations.
NumStability.Algorithms.Ch14ForwardErrorEndpoint,NumStability/Algorithms/Ch14ForwardErrorEndpoint.lean,Algorithms,16,0,7,Mathlib.Analysis.Asymptotics.Lemmas;NumStability.Algorithms.MatrixInversion;NumStability.Analysis.MatrixAlgebra;NumStability.Source.Higham.Chapter14.Problem05.InverseBasedSolve.ForwardErrorEndpoint;NumStability.Source.Higham.Chapter14.Section01.InverseErrorAnalysis.ForwardErrorEndpoint;NumStability.Source.Higham.Chapter14.Section01.InverseErrorAnalysis.ScaledPerturbationEndpoints.ForwardError;NumStability.Source.Higham.Chapter14.Section02.TriangularInversion.Method1.ForwardErrorEndpoint,false,true,No matched declaration introducer; verify against elaborated origins before claiming zero environment declarations.
NumStability.Algorithms.Ch14GJEActualDoolittleAdapter,NumStability/Algorithms/Ch14GJEActualDoolittleAdapter.lean,Algorithms,13,0,3,NumStability.Algorithms.Ch14GJEFinalDivisionClosure;NumStability.Source.Higham.Chapter09.DoolittleClosure;NumStability.Source.Higham.Chapter14.Algorithm04.Execution.GJEActualDoolittleAdapter,false,true,No matched declaration introducer; verify against elaborated origins before claiming zero environment declarations.
NumStability.Algorithms.Ch14GJEAsymptoticFamilies,NumStability/Algorithms/Ch14GJEAsymptoticFamilies.lean,Algorithms,13,0,4,NumStability.Algorithms.Ch14AsymptoticFamilies;NumStability.Algorithms.Ch14GaussJordanQConstruction;NumStability.Source.Higham.Chapter14.Theorem05.EliminationFamilies.CoefficientAsymptotics;NumStability.Source.Higham.Chapter14.Theorem05.ForwardError.GJEAsymptoticFamilies,false,true,No matched declaration introducer; verify against elaborated origins before claiming zero environment declarations.
NumStability.Algorithms.Ch14GJEFinalDivisionClosure,NumStability/Algorithms/Ch14GJEFinalDivisionClosure.lean,Algorithms,15,0,6,NumStability.Algorithms.Ch14Corollary146Closure;NumStability.Algorithms.Ch14Corollary147Closure;NumStability.Algorithms.Ch14GJEOperationalBridge;NumStability.Source.Higham.Chapter14.Algorithm04.Execution.GJEFinalDivisionClosure;NumStability.Source.Higham.Chapter14.Algorithm04.FinalDivisionStage.FinalizedErrorFamilies;NumStability.Source.Higham.Chapter14.Theorem05.ForwardError.GJEFinalDivisionClosure,false,true,No matched declaration introducer; verify against elaborated origins before claiming zero environment declarations.
NumStability.Algorithms.Ch14GJEOperationalBridge,NumStability/Algorithms/Ch14GJEOperationalBridge.lean,Algorithms,12,0,2,NumStability.Algorithms.Ch14GJETheorem145SourceClosure;NumStability.Source.Higham.Chapter14.Algorithm04.Execution.GJEOperationalBridge,false,true,No matched declaration introducer; verify against elaborated origins before claiming zero environment declarations.
NumStability.Algorithms.Ch14GJEPrintedEnvelopeClosure,NumStability/Algorithms/Ch14GJEPrintedEnvelopeClosure.lean,Algorithms,12,0,3,NumStability.Algorithms.Ch14GJEAsymptoticFamilies;NumStability.Source.Higham.Chapter14.Theorem05.ForwardError.GJEPrintedEnvelopeClosure;NumStability.Source.Higham.Chapter14.Theorem05.PrintedEnvelopes.CorrectionBounds,false,true,No matched declaration introducer; verify against elaborated origins before claiming zero environment declarations.
NumStability.Algorithms.Ch14GJESourceAccumulationBridge,NumStability/Algorithms/Ch14GJESourceAccumulationBridge.lean,Algorithms,12,0,2,NumStability.Algorithms.Ch14GaussJordanSourceClosure;NumStability.Source.Higham.Chapter14.Algorithm04.Accumulation.GJESourceAccumulationBridge,false,true,No matched declaration introducer; verify against elaborated origins before claiming zero environment declarations.
NumStability.Algorithms.Ch14GJETheorem145SourceClosure,NumStability/Algorithms/Ch14GJETheorem145SourceClosure.lean,Algorithms,13,0,4,NumStability.Algorithms.Ch14GJEPrintedEnvelopeClosure;NumStability.Algorithms.Ch14GJESourceAccumulationBridge;NumStability.Source.Higham.Chapter14.Theorem05.ForwardError.GJETheorem145SourceClosure;NumStability.Source.Higham.Chapter14.Theorem05.PrintedTrace.VanishingEndpoints,false,true,No matched declaration introducer; verify against elaborated origins before claiming zero environment declarations.
NumStability.Algorithms.Ch14GaussJordanAccumulation,NumStability/Algorithms/Ch14GaussJordanAccumulation.lean,Algorithms,14,0,4,NumStability.Algorithms.Ch14GaussJordanStep;NumStability.Algorithms.GaussJordan;NumStability.Analysis.MatrixAlgebra;NumStability.Source.Higham.Chapter14.Algorithm04.Accumulation.GaussJordanAccumulation,false,true,No matched declaration introducer; verify against elaborated origins before claiming zero environment declarations.
NumStability.Algorithms.Ch14GaussJordanQConstruction,NumStability/Algorithms/Ch14GaussJordanQConstruction.lean,Algorithms,16,0,6,NumStability.Algorithms.Ch14GaussJordanAccumulation;NumStability.Algorithms.Ch14GaussJordanStep;NumStability.Algorithms.GaussJordan;NumStability.Analysis.MatrixAlgebra;NumStability.Source.Higham.Chapter14.Algorithm04.SecondStage.GaussJordanQConstruction;NumStability.Source.Higham.Chapter14.Theorem05.ForwardError.GaussJordanQConstruction,false,true,No matched declaration introducer; verify against elaborated origins before claiming zero environment declarations.
NumStability.Algorithms.Ch14GaussJordanSPDCorollary,NumStability/Algorithms/Ch14GaussJordanSPDCorollary.lean,Algorithms,15,0,5,NumStability.Algorithms.GaussJordan;NumStability.Analysis.MatrixNorms.EntrywiseAbsolute.Basic;NumStability.Source.Higham.Chapter10.Equation07.AbsoluteFactorNorm.Endpoints;NumStability.Source.Higham.Chapter14.Corollary06.SPD.GaussJordanSPDCorollary;NumStability.Source.Higham.Chapter14.Problem15,false,true,No matched declaration introducer; verify against elaborated origins before claiming zero environment declarations.
NumStability.Algorithms.Ch14GaussJordanSourceClosure,NumStability/Algorithms/Ch14GaussJordanSourceClosure.lean,Algorithms,13,0,3,NumStability.Algorithms.Ch14GaussJordanQConstruction;NumStability.Algorithms.GaussJordanPivoting;NumStability.Source.Higham.Chapter14.Algorithm04.Execution.GaussJordanSourceClosure,false,true,No matched declaration introducer; verify against elaborated origins before claiming zero environment declarations.
NumStability.Algorithms.Ch14GaussJordanStep,NumStability/Algorithms/Ch14GaussJordanStep.lean,Algorithms,13,0,3,NumStability.Algorithms.GaussJordan;NumStability.Analysis.MatrixAlgebra;NumStability.Source.Higham.Chapter14.Algorithm04.SecondStage.GaussJordanStep,false,true,No matched declaration introducer; verify against elaborated origins before claiming zero environment declarations.
NumStability.Algorithms.Ch14HymanDeterminant,NumStability/Algorithms/Ch14HymanDeterminant.lean,Algorithms,8,0,1,NumStability.Source.Higham.Chapter14.Problem14,false,true,No matched declaration introducer; verify against elaborated origins before claiming zero environment declarations.
NumStability.Algorithms.Ch14Method1BWhole,NumStability/Algorithms/Ch14Method1BWhole.lean,Algorithms,13,0,4,NumStability.Algorithms.Ch14BlockTriInverse;NumStability.Algorithms.MatMul;NumStability.Source.Higham.Chapter14.Section02.TriangularInversion.Method1B.BlockResidual.WholeMatrixBounds;NumStability.Source.Higham.Chapter14.Section02.TriangularInversion.Method1B.Method1BWhole,false,true,No matched declaration introducer; verify against elaborated origins before claiming zero environment declarations.
NumStability.Algorithms.Ch14Method2C,NumStability/Algorithms/Ch14Method2C.lean,Algorithms,22,0,13,Mathlib.Algebra.BigOperators.Fin;Mathlib.Algebra.BigOperators.Group.Finset.Basic;Mathlib.Algebra.Order.BigOperators.Group.Finset;Mathlib.Data.Real.Basic;Mathlib.Tactic.Linarith;Mathlib.Tactic.LinearCombination;Mathlib.Tactic.Ring;NumStability.Algorithms.Ch14BlockTriInverse;NumStability.Algorithms.LinearSystems.Triangular.BackSubstitution;NumStability.Algorithms.MatMul;NumStability.Algorithms.MatrixInversion;NumStability.Source.Higham.Chapter14.Section02.TriangularInversion.Method2C.BlockResidual.LeftResidualBounds;NumStability.Source.Higham.Chapter14.Section02.TriangularInversion.Method2C.Method2C,false,true,No matched declaration introducer; verify against elaborated origins before claiming zero environment declarations.
NumStability.Algorithms.Ch14Method2CWhole,NumStability/Algorithms/Ch14Method2CWhole.lean,Algorithms,13,0,4,NumStability.Algorithms.Ch14Method2C;NumStability.Algorithms.Ch14Method2Loop;NumStability.Source.Higham.Chapter14.Section02.TriangularInversion.Method2C.Method2CWhole;NumStability.Source.Higham.Chapter14.Section02.TriangularInversion.Method2C.WholeMatrixResidual.LeftResidualBounds,false,true,No matched declaration introducer; verify against elaborated origins before claiming zero environment declarations.
NumStability.Algorithms.Ch14Method2Loop,NumStability/Algorithms/Ch14Method2Loop.lean,Algorithms,16,0,6,NumStability.Algorithms.DotProduct;NumStability.Algorithms.GaussJordan;NumStability.Algorithms.MatrixInversion;NumStability.Analysis.MatrixAlgebra;NumStability.FloatingPoint.Model;NumStability.Source.Higham.Chapter14.Section02.TriangularInversion.Method2.Method2Loop,false,true,No matched declaration introducer; verify against elaborated origins before claiming zero environment declarations.
NumStability.Algorithms.Ch14MethodDLeftResidual,NumStability/Algorithms/Ch14MethodDLeftResidual.lean,Algorithms,17,0,7,NumStability.Algorithms.Ch14Method2Loop;NumStability.Algorithms.DotProduct;NumStability.Algorithms.GaussJordan;NumStability.Algorithms.MatrixInversion;NumStability.Analysis.MatrixAlgebra;NumStability.FloatingPoint.Model;NumStability.Source.Higham.Chapter14.Section03.LUFactorInversion.MethodD.MethodDLeftResidual,false,true,No matched declaration introducer; verify against elaborated origins before claiming zero environment declarations.
NumStability.Algorithms.Ch14MethodDProductDischarge,NumStability/Algorithms/Ch14MethodDProductDischarge.lean,Algorithms,12,0,2,NumStability.Algorithms.Ch14MethodDUpperCertificate;NumStability.Source.Higham.Chapter14.Section03.LUFactorInversion.MethodD.MethodDProductDischarge,false,true,No matched declaration introducer; verify against elaborated origins before claiming zero environment declarations.
NumStability.Algorithms.Ch14MethodDUpperCertificate,NumStability/Algorithms/Ch14MethodDUpperCertificate.lean,Algorithms,13,0,3,NumStability.Algorithms.Ch14Method2Loop;NumStability.Algorithms.Ch14MethodDLeftResidual;NumStability.Source.Higham.Chapter14.Section03.LUFactorInversion.MethodD.MethodDUpperCertificate,false,true,No matched declaration introducer; verify against elaborated origins before claiming zero environment declarations.
NumStability.Algorithms.Ch14MethodsBC,NumStability/Algorithms/Ch14MethodsBC.lean,Algorithms,17,0,7,NumStability.Algorithms.Ch14MethodDUpperCertificate;NumStability.Algorithms.DotProduct;NumStability.Algorithms.LinearSystems.LU.Doolittle.Assembly.Core;NumStability.Algorithms.LinearSystems.LU.Doolittle.Basic;NumStability.Algorithms.LinearSystems.Triangular.BackSubstitution;NumStability.Source.Higham.Chapter14.Section03.LUFactorInversion.MethodB.MethodsBC;NumStability.Source.Higham.Chapter14.Section03.LUFactorInversion.MethodC.MethodsBC,false,true,No matched declaration introducer; verify against elaborated origins before claiming zero environment declarations.
NumStability.Algorithms.Ch14Problem1413Boundary,NumStability/Algorithms/Ch14Problem1413Boundary.lean,Algorithms,8,0,1,NumStability.Source.Higham.Chapter14.Problem13,false,true,No matched declaration introducer; verify against elaborated origins before claiming zero environment declarations.
NumStability.Algorithms.Ch14Problem142,NumStability/Algorithms/Ch14Problem142.lean,Algorithms,16,0,7,NumStability.Algorithms.Ch14Method1BWhole;NumStability.Algorithms.Ch14Method2CWhole;NumStability.Algorithms.LinearSystems.LU.BlockLU.FirstOrderModels;NumStability.Analysis.FirstOrder.FixedPrecision;NumStability.Analysis.MatrixNorms.EntrywiseMaximum;NumStability.Source.Higham.Chapter14.Problem02.TriangularInversion.Basic;NumStability.Source.Higham.Chapter14.Problem02.TriangularInversion.TwoBlockFirstOrder.Derivations,false,true,No matched declaration introducer; verify against elaborated origins before claiming zero environment declarations.
NumStability.Algorithms.Ch14Problem142Families,NumStability/Algorithms/Ch14Problem142Families.lean,Algorithms,14,0,5,NumStability.Algorithms.Ch14AsymptoticFamilies;NumStability.Algorithms.Ch14Problem142;NumStability.Algorithms.Ch14Problem142Method2B;NumStability.Source.Higham.Chapter14.Problem02.TriangularInversion.Families;NumStability.Source.Higham.Chapter14.Problem02.TriangularInversion.TwoBlockFamilies.Derivations,false,true,No matched declaration introducer; verify against elaborated origins before claiming zero environment declarations.
NumStability.Algorithms.Ch14Problem142Method2B,NumStability/Algorithms/Ch14Problem142Method2B.lean,Algorithms,13,0,4,NumStability.Algorithms.Ch14Problem142;NumStability.Algorithms.MatrixInversionMethod2BInstance;NumStability.Source.Higham.Chapter14.Problem02.TriangularInversion.Method2B;NumStability.Source.Higham.Chapter14.Problem02.TriangularInversion.TwoBlockMethod2B.FirstOrderBound,false,true,No matched declaration introducer; verify against elaborated origins before claiming zero environment declarations.
NumStability.Algorithms.Ch14ProductErrorNotation,NumStability/Algorithms/Ch14ProductErrorNotation.lean,Algorithms,14,0,4,NumStability.Algorithms.MatMul;NumStability.Algorithms.MatrixInversion;NumStability.Analysis.Error.MatrixProducts.EvaluationTrees.ProductErrorNotation;NumStability.Source.Higham.Chapter14.Section01.ProductErrorNotation.ProductErrorNotation,false,true,No matched declaration introducer; verify against elaborated origins before claiming zero environment declarations.
NumStability.Algorithms.Ch14SchulzIteration,NumStability/Algorithms/Ch14SchulzIteration.lean,Algorithms,8,0,1,NumStability.Source.Higham.Chapter14.Section05.SquareIteration,false,true,No matched declaration introducer; verify against elaborated origins before claiming zero environment declarations.
NumStability.Algorithms.Ch14SchulzRectangular,NumStability/Algorithms/Ch14SchulzRectangular.lean,Algorithms,8,0,1,NumStability.Source.Higham.Chapter14.Section05.RectangularIteration,false,true,No matched declaration introducer; verify against elaborated origins before claiming zero environment declarations.
NumStability.Algorithms.Ch14SchulzSpectralConvergence,NumStability/Algorithms/Ch14SchulzSpectralConvergence.lean,Algorithms,8,0,1,NumStability.Source.Higham.Chapter14.Section05.SpectralConvergence,false,true,No matched declaration introducer; verify against elaborated origins before claiming zero environment declarations.
NumStability.Algorithms.Ch14SourceCorrections,NumStability/Algorithms/Ch14SourceCorrections.lean,Algorithms,9,0,1,NumStability.Source.Higham.Chapter14.Discrepancies,false,true,No matched declaration introducer; verify against elaborated origins before claiming zero environment declarations.
NumStability.Algorithms.Ch15CondEstimators,NumStability/Algorithms/Ch15CondEstimators.lean,Algorithms,29,0,19,Mathlib.Algebra.BigOperators.Fin;Mathlib.Algebra.BigOperators.Group.Finset.Basic;Mathlib.Algebra.BigOperators.Ring.Finset;Mathlib.Algebra.Order.BigOperators.Group.Finset;Mathlib.Data.Real.Basic;Mathlib.LinearAlgebra.Matrix.Block;Mathlib.LinearAlgebra.Matrix.NonsingularInverse;Mathlib.Tactic.FieldSimp;Mathlib.Tactic.Linarith;Mathlib.Tactic.Ring;NumStability.Algorithms.CondEstimation;NumStability.Algorithms.NormEstimation.OneNorm.LINPACK.Basic;NumStability.Algorithms.NormEstimation.TwoNorm.Dixon.Algebra.CondEstimators;NumStability.Algorithms.NormEstimation.TwoNorm.Dixon.PowerBounds.CondEstimators;NumStability.Analysis.ConditionEstimatorLowerBound;NumStability.Analysis.MatrixAlgebra;NumStability.Source.Higham.Chapter15.Algorithm05.LINPACKConditionEstimator.Basic;NumStability.Source.Higham.Chapter15.Algorithm05.LINPACKConditionEstimator.InverseNormBound.TriangularSolve;NumStability.Source.Higham.Chapter15.Equation07.DixonBound.Basic,false,true,No matched declaration introducer; verify against elaborated origins before claiming zero environment declarations.
NumStability.Algorithms.Ch15DixonClosure,NumStability/Algorithms/Ch15DixonClosure.lean,Algorithms,19,0,10,Mathlib.Analysis.Matrix.Order;NumStability.Algorithms.Ch15CondEstimators;NumStability.Algorithms.Ch15DixonProbability;NumStability.Algorithms.NormEstimation.TwoNorm.Dixon.Algebra.DixonCompletion;NumStability.Algorithms.NormEstimation.TwoNorm.Dixon.PowerBounds.DixonCompletion;NumStability.Algorithms.NormEstimation.TwoNorm.Dixon.Probability.DixonCompletion;NumStability.Algorithms.TestMatrices.Higham28OrthogonalCoordinates;NumStability.Analysis.MatrixNorms.EntrywiseAbsolute.Basic;NumStability.Analysis.MatrixNorms.SpectralExtrema.Basic;NumStability.Source.Higham.Chapter15.Theorem06.Dixon.Basic,false,true,No matched declaration introducer; verify against elaborated origins before claiming zero environment declarations.
NumStability.Algorithms.Ch15DixonProbability,NumStability/Algorithms/Ch15DixonProbability.lean,Algorithms,14,0,5,Mathlib.Analysis.Real.Pi.Bounds;Mathlib.MeasureTheory.Integral.MeanInequalities;NumStability.Algorithms.Ch15CondEstimators;NumStability.Algorithms.NormEstimation.TwoNorm.Dixon.Probability.DixonProbability;NumStability.Algorithms.TestMatrices.Higham28OrthogonalCoordinates,false,true,No matched declaration introducer; verify against elaborated origins before claiming zero environment declarations.
NumStability.Algorithms.Ch4KahanFiniteFamily,NumStability/Algorithms/Ch4KahanFiniteFamily.lean,Algorithms,11,0,1,NumStability.Source.Higham.Chapter04.Equation08.FiniteFamily,false,true,No matched declaration introducer; verify against elaborated origins before claiming zero environment declarations.
NumStability.Algorithms.Ch5DerivativeError,NumStability/Algorithms/Ch5DerivativeError.lean,Algorithms,20,0,3,NumStability.Algorithms.PolynomialEvaluation.DerivativeEvaluation.ErrorBounds;NumStability.Source.Higham.Chapter05.Section02.DerivativeError.Basic;NumStability.Source.Higham.Chapter05.Section02.DerivativeError.Results.Theorems,false,true,No matched declaration introducer; verify against elaborated origins before claiming zero environment declarations.
NumStability.Algorithms.Ch5LejaProducer,NumStability/Algorithms/Ch5LejaProducer.lean,Algorithms,15,0,5,Mathlib.Data.List.GetD;Mathlib.Data.List.MinMax;Mathlib.Tactic;NumStability.Algorithms.PolynomialEvaluation.DerivativeEvaluation.ErrorBounds;NumStability.Source.Higham.Chapter05.Problem04.LejaOrdering.Basic,false,true,No matched declaration introducer; verify against elaborated origins before claiming zero environment declarations.
NumStability.Algorithms.Ch5NewtonForm,NumStability/Algorithms/Ch5NewtonForm.lean,Algorithms,16,0,6,Mathlib.Data.Real.Basic;Mathlib.Tactic;NumStability.Algorithms.PolynomialEvaluation.DerivativeEvaluation.ErrorBounds;NumStability.Analysis.Rounding;NumStability.FloatingPoint.Model;NumStability.Source.Higham.Chapter05.Section03.NewtonEvaluation.Basic,false,true,No matched declaration introducer; verify against elaborated origins before claiming zero environment declarations.
NumStability.Algorithms.Ch5SourceClosure,NumStability/Algorithms/Ch5SourceClosure.lean,Algorithms,27,0,10,Mathlib.Data.List.TakeDrop;Mathlib.Tactic;NumStability.Algorithms.PolynomialEvaluation.DerivativeEvaluation.ErrorBounds;NumStability.Analysis.Rounding;NumStability.FloatingPoint.Model;NumStability.Source.Higham.Chapter05.Problem04.LejaOrdering.Basic;NumStability.Source.Higham.Chapter05.Section02.BidiagonalDerivativeAnalysis.Basic;NumStability.Source.Higham.Chapter05.Section02.BidiagonalDerivativeAnalysis.Results.Theorems;NumStability.Source.Higham.Chapter05.Section03.NewtonEvaluation.Basic;NumStability.Source.Higham.Chapter05.Section03.ResidualUnwind.Basic,false,true,No matched declaration introducer; verify against elaborated origins before claiming zero environment declarations.
NumStability.Algorithms.Chapter06Lemma66,NumStability/Algorithms/Chapter06Lemma66.lean,Algorithms,9,0,1,NumStability.Source.Higham.Chapter06.Lemma06,false,true,No matched declaration introducer; verify against elaborated origins before claiming zero environment declarations.
NumStability.Algorithms.Chapter14Problem1415Weyl,NumStability/Algorithms/Chapter14Problem1415Weyl.lean,Algorithms,10,0,1,NumStability.Source.Higham.Chapter14.Problem15,false,true,No matched declaration introducer; verify against elaborated origins before claiming zero environment declarations.
NumStability.Algorithms.Chapter15CondEst,NumStability/Algorithms/Chapter15CondEst.lean,Algorithms,20,0,10,Mathlib.Data.Real.Basic;Mathlib.LinearAlgebra.Matrix.NonsingularInverse;NumStability.Algorithms.CondEstimation;NumStability.Analysis.ConditionEstimatorLowerBound;NumStability.Analysis.MatrixAlgebra;NumStability.Source.Higham.Chapter15.Algorithm03.OneNormPowerMethod.Basic;NumStability.Source.Higham.Chapter15.Algorithm04.LAPACKNormEstimator.Basic;NumStability.Source.Higham.Chapter15.Algorithm04.LAPACKNormEstimator.ConditionEstimate.Bounds;NumStability.Source.Higham.Chapter15.Equation06.LAPACKCounterexample.Basic;NumStability.Source.Higham.Chapter15.Section01.ConditionNumbers.ConditionEstimators,false,true,No matched declaration introducer; verify against elaborated origins before claiming zero environment declarations.
NumStability.Algorithms.Cholesky.BunchTridiagonalCapstoneCh11Closure,NumStability/Algorithms/Cholesky/BunchTridiagonalCapstoneCh11Closure.lean,Algorithms,8,0,1,NumStability.Source.Higham.Chapter11.Theorem07,false,true,No matched declaration introducer; verify against elaborated origins before claiming zero environment declarations.
NumStability.Algorithms.Cholesky.CholeskyIndefinite,NumStability/Algorithms/Cholesky/CholeskyIndefinite.lean,Algorithms,28,0,17,Mathlib.Algebra.BigOperators.Group.Finset.Basic;Mathlib.Algebra.Order.BigOperators.Group.Finset;Mathlib.Analysis.SpecialFunctions.Pow.Real;Mathlib.Data.Real.Basic;Mathlib.Data.Real.Sqrt;Mathlib.Tactic.Linarith;Mathlib.Tactic.Ring;NumStability.Algorithms.LU.GaussianElimination;NumStability.Algorithms.LinearSystems.SymmetricIndefinite.ErrorAnalysis.BlockLDLT;NumStability.Algorithms.LinearSystems.SymmetricIndefinite.ErrorAnalysis.BlockLDLTStep;NumStability.Algorithms.LinearSystems.SymmetricIndefinite.ErrorAnalysis.Predicates;NumStability.Algorithms.LinearSystems.SymmetricIndefinite.ErrorAnalysis.SkewSymmetric;NumStability.Algorithms.LinearSystems.SymmetricIndefinite.Pivoting.Basic;NumStability.Algorithms.LinearSystems.SymmetricIndefinite.Pivoting.Tridiagonal;NumStability.Analysis.Rounding;NumStability.FloatingPoint.Model;NumStability.Source.Higham.Chapter11.Theorem07.TridiagonalTwoByTwoResidual.Basic,false,true,No matched declaration introducer; verify against elaborated origins before claiming zero environment declarations.
NumStability.Algorithms.Cholesky.CholeskyPSD,NumStability/Algorithms/Cholesky/CholeskyPSD.lean,Algorithms,38,0,28,Mathlib.Algebra.BigOperators.Field;Mathlib.Algebra.BigOperators.Group.Finset.Basic;Mathlib.Algebra.Order.BigOperators.Group.Finset;Mathlib.Data.Real.Basic;Mathlib.Data.Real.Sqrt;Mathlib.LinearAlgebra.Matrix.Block;Mathlib.LinearAlgebra.Matrix.NonsingularInverse;Mathlib.LinearAlgebra.Matrix.Rank;Mathlib.Tactic.FieldSimp;Mathlib.Tactic.Linarith;Mathlib.Tactic.Ring;NumStability.Algorithms.Cholesky.CholeskySpec;NumStability.Algorithms.LU.GaussianElimination;NumStability.Algorithms.LinearSystems.Cholesky.PositiveSemidefinite.Basic;NumStability.Algorithms.LinearSystems.Cholesky.PositiveSemidefinite.PivotedFactorization.Existence;NumStability.Analysis.Rounding;NumStability.FloatingPoint.Model;NumStability.Source.Higham.Chapter10.Lemma13.KahanSharpness.CompletePivotingBound;NumStability.Source.Higham.Chapter10.Problem01.PositiveSemidefiniteEntries.EntryBounds.Results;NumStability.Source.Higham.Chapter10.Section03.PositiveSemidefinite.ConstructiveFactorization.Existence;NumStability.Source.Higham.Chapter10.Section03.PositiveSemidefinite.Existence;NumStability.Source.Higham.Chapter10.Section03.PositiveSemidefinite.QuadraticFormBounds.WeightedNorm;NumStability.Source.Higham.Chapter10.Section03.PositiveSemidefinite.SchurComplement;NumStability.Source.Higham.Chapter10.Section03.PositiveSemidefinite.Termination;NumStability.Source.Higham.Chapter10.Section03.PositiveSemidefinite.TrailingTermination.Bound;NumStability.Source.Higham.Chapter10.Section03.PositiveSemidefinite.WNormBound;NumStability.Source.Higham.Chapter10.Theorem14.CompletePivotedPSD.PsdErrorAnalysis;NumStability.Source.Higham.Chapter10.Theorem14.CompletePivotedPSD.RoundedErrorAnalysis.Bounds,false,true,No matched declaration introducer; verify against elaborated origins before claiming zero environment declarations.
NumStability.Algorithms.Cholesky.CholeskyPerturbation,NumStability/Algorithms/Cholesky/CholeskyPerturbation.lean,Algorithms,22,0,11,Mathlib.Algebra.BigOperators.Group.Finset.Basic;Mathlib.Algebra.Order.BigOperators.Group.Finset;Mathlib.Data.Real.Basic;Mathlib.Tactic.Linarith;Mathlib.Tactic.Ring;NumStability.Algorithms.Cholesky.CholeskySpec;NumStability.Algorithms.LU.GaussianElimination;NumStability.Algorithms.LU.GrowthFactor;NumStability.Algorithms.LinearSystems.Cholesky.Perturbation.Basic;NumStability.Analysis.Rounding;NumStability.FloatingPoint.Model,false,true,No matched declaration introducer; verify against elaborated origins before claiming zero environment declarations.
NumStability.Algorithms.Cholesky.CholeskySolve,NumStability/Algorithms/Cholesky/CholeskySolve.lean,Algorithms,23,0,12,Mathlib.Algebra.BigOperators.Group.Finset.Basic;Mathlib.Algebra.Order.BigOperators.Group.Finset;Mathlib.Data.Real.Basic;Mathlib.Tactic.Linarith;Mathlib.Tactic.Ring;NumStability.Algorithms.Cholesky.CholeskySpec;NumStability.Algorithms.LU.LUSolve;NumStability.Algorithms.LinearSystems.Cholesky.Solve.Basic;NumStability.Algorithms.LinearSystems.Triangular.BackSubstitution;NumStability.Algorithms.LinearSystems.Triangular.ForwardSubstitution;NumStability.Analysis.Rounding;NumStability.FloatingPoint.Model,false,true,No matched declaration introducer; verify against elaborated origins before claiming zero environment declarations.
NumStability.Algorithms.Cholesky.Higham1014Equation1022,NumStability/Algorithms/Cholesky/Higham1014Equation1022.lean,Algorithms,15,0,5,NumStability.Algorithms.Cholesky.Higham1014SourceError;NumStability.Algorithms.HighamChapter10;NumStability.Analysis.FirstOrder.AsymptoticFamilies;NumStability.Source.Higham.Chapter10.Theorem14.CompletePivotedPSD.Equation22;NumStability.Source.Higham.Chapter10.Theorem14.CompletePivotedPSD.SchurPerturbation.Family,false,true,No matched declaration introducer; verify against elaborated origins before claiming zero environment declarations.
NumStability.Algorithms.Cholesky.Higham1014SourceError,NumStability/Algorithms/Cholesky/Higham1014SourceError.lean,Algorithms,15,0,5,NumStability.Source.Higham.Chapter09.DoolittleClosure;NumStability.Source.Higham.Chapter10.Theorem07;NumStability.Source.Higham.Chapter10.Theorem14.CompletePivotedPSD.RankSensitiveError.Bounds;NumStability.Source.Higham.Chapter10.Theorem14.CompletePivotedPSD.SourceError;NumStability.Source.Higham.Chapter10.Theorem14.CompletePivotedPSD.SourceSuccess,false,true,No matched declaration introducer; verify against elaborated origins before claiming zero environment declarations.
NumStability.Algorithms.Cholesky.Higham1014SourceSuccess,NumStability/Algorithms/Cholesky/Higham1014SourceSuccess.lean,Algorithms,13,0,2,NumStability.Source.Higham.Chapter10.Theorem07;NumStability.Source.Higham.Chapter10.Theorem14.CompletePivotedPSD.SourceSuccess,false,true,No matched declaration introducer; verify against elaborated origins before claiming zero environment declarations.
NumStability.Algorithms.Cholesky.Higham1029Source,NumStability/Algorithms/Cholesky/Higham1029Source.lean,Algorithms,13,0,3,NumStability.Algorithms.HighamChapter10;NumStability.Source.Higham.Chapter10.Section04.PositiveDefiniteSymmetricPart.Equation29;NumStability.Source.Higham.Chapter10.Section04.PositiveDefiniteSymmetricPart.LUGrowth.Equation29,false,true,No matched declaration introducer; verify against elaborated origins before claiming zero environment declarations.
NumStability.Algorithms.Cholesky.Higham10Problem10_3,NumStability/Algorithms/Cholesky/Higham10Problem10_3.lean,Algorithms,18,0,7,Mathlib.Data.Real.Sqrt;Mathlib.Tactic.FieldSimp;Mathlib.Tactic.Linarith;Mathlib.Tactic.Ring;NumStability.Algorithms.Summation.Tree.ArbitraryOrderError.PivotNormalized;NumStability.Source.Higham.Chapter08.Section03.TriangularSystems.ArbitraryOrder;NumStability.Source.Higham.Chapter10.Problem03.ArbitraryEvaluationOrder.Basic,false,true,No matched declaration introducer; verify against elaborated origins before claiming zero environment declarations.
NumStability.Algorithms.Cholesky.Higham10Theorem10_7Source,NumStability/Algorithms/Cholesky/Higham10Theorem10_7Source.lean,Algorithms,8,0,1,NumStability.Source.Higham.Chapter10.Theorem07,false,true,No matched declaration introducer; verify against elaborated origins before claiming zero environment declarations.
NumStability.Algorithms.Cholesky.HighamMathiasFirstBreakdown,NumStability/Algorithms/Cholesky/HighamMathiasFirstBreakdown.lean,Algorithms,14,0,3,NumStability.Algorithms.Cholesky.Higham1029Source;NumStability.Source.Higham.Chapter09.DoolittleClosure;NumStability.Source.Higham.Chapter10.Equation29.Mathias.FirstBreakdown,false,true,No matched declaration introducer; verify against elaborated origins before claiming zero environment declarations.
NumStability.Algorithms.Cholesky.HighamMathiasSource,NumStability/Algorithms/Cholesky/HighamMathiasSource.lean,Algorithms,15,0,5,NumStability.Algorithms.Cholesky.Higham1029Source;NumStability.Source.Higham.Chapter09.DoolittleClosure;NumStability.Source.Higham.Chapter10.Equation29.Mathias.FirstBreakdown;NumStability.Source.Higham.Chapter10.Equation29.Mathias.RoundedSchur.Bounds;NumStability.Source.Higham.Chapter10.Equation29.Mathias.SourceIngredients,false,true,No matched declaration introducer; verify against elaborated origins before claiming zero environment declarations.
NumStability.Algorithms.CompensatedSum,NumStability/Algorithms/CompensatedSum.lean,Algorithms,7,0,1,NumStability.Algorithms.Summation.Compensated,false,true,No matched declaration introducer; verify against elaborated origins before claiming zero environment declarations.
NumStability.Algorithms.DoublyCompensatedSum,NumStability/Algorithms/DoublyCompensatedSum.lean,Algorithms,7,0,1,NumStability.Algorithms.Summation.DoublyCompensated,false,true,No matched declaration introducer; verify against elaborated origins before claiming zero environment declarations.
NumStability.Algorithms.FastMatMul.Higham23,NumStability/Algorithms/FastMatMul/Higham23.lean,Algorithms,22,0,9,NumStability.Algorithms.FastMatMul.Internal.LegacyBounds;NumStability.Source.Higham.Chapter23.BalancedScaling;NumStability.Source.Higham.Chapter23.BilinearAlgorithm;NumStability.Source.Higham.Chapter23.BlockAlgorithms;NumStability.Source.Higham.Chapter23.ConventionalMultiplication;NumStability.Source.Higham.Chapter23.ErrorRecurrences;NumStability.Source.Higham.Chapter23.GammaAsymptotics;NumStability.Source.Higham.Chapter23.ThreeM;NumStability.Source.Higham.Chapter23.WinogradInnerProduct,false,true,No matched declaration introducer; verify against elaborated origins before claiming zero environment declarations.
NumStability.Algorithms.FastMatMul.Higham23Bini,NumStability/Algorithms/FastMatMul/Higham23Bini.lean,Algorithms,26,0,13,NumStability.Algorithms.FastMatMul.Internal.LegacyBounds;NumStability.Source.Higham.Chapter23.BalancedScaling;NumStability.Source.Higham.Chapter23.BilinearAlgorithm;NumStability.Source.Higham.Chapter23.BiniLotti;NumStability.Source.Higham.Chapter23.BlockAlgorithms;NumStability.Source.Higham.Chapter23.ConventionalMultiplication;NumStability.Source.Higham.Chapter23.Equation11;NumStability.Source.Higham.Chapter23.ErrorRecurrences;NumStability.Source.Higham.Chapter23.GammaAsymptotics;NumStability.Source.Higham.Chapter23.Theorem02;NumStability.Source.Higham.Chapter23.Theorem03;NumStability.Source.Higham.Chapter23.ThreeM;NumStability.Source.Higham.Chapter23.WinogradInnerProduct,false,true,No matched declaration introducer; verify against elaborated origins before claiming zero environment declarations.
NumStability.Algorithms.FastMatMul.Higham23Problem23_8,NumStability/Algorithms/FastMatMul/Higham23Problem23_8.lean,Algorithms,25,0,12,NumStability.Algorithms.FastMatMul.Internal.LegacyBounds;NumStability.Source.Higham.Chapter23.BalancedScaling;NumStability.Source.Higham.Chapter23.BilinearAlgorithm;NumStability.Source.Higham.Chapter23.BlockAlgorithms;NumStability.Source.Higham.Chapter23.ConventionalMultiplication;NumStability.Source.Higham.Chapter23.ErrorRecurrences;NumStability.Source.Higham.Chapter23.GammaAsymptotics;NumStability.Source.Higham.Chapter23.Problem08;NumStability.Source.Higham.Chapter23.Theorem02;NumStability.Source.Higham.Chapter23.Theorem03.Execution;NumStability.Source.Higham.Chapter23.ThreeM;NumStability.Source.Higham.Chapter23.WinogradInnerProduct,false,true,No matched declaration introducer; verify against elaborated origins before claiming zero environment declarations.
NumStability.Algorithms.FastMatMul.Higham23Recursive,NumStability/Algorithms/FastMatMul/Higham23Recursive.lean,Algorithms,24,0,11,NumStability.Algorithms.FastMatMul.Internal.LegacyBounds;NumStability.Source.Higham.Chapter23.BalancedScaling;NumStability.Source.Higham.Chapter23.BilinearAlgorithm;NumStability.Source.Higham.Chapter23.BlockAlgorithms;NumStability.Source.Higham.Chapter23.ConventionalMultiplication;NumStability.Source.Higham.Chapter23.ErrorRecurrences;NumStability.Source.Higham.Chapter23.GammaAsymptotics;NumStability.Source.Higham.Chapter23.Theorem02;NumStability.Source.Higham.Chapter23.Theorem03.Execution;NumStability.Source.Higham.Chapter23.ThreeM;NumStability.Source.Higham.Chapter23.WinogradInnerProduct,false,true,No matched declaration introducer; verify against elaborated origins before claiming zero environment declarations.
NumStability.Algorithms.FastMatMul.Higham23Remaining,NumStability/Algorithms/FastMatMul/Higham23Remaining.lean,Algorithms,25,0,12,NumStability.Algorithms.FastMatMul.Internal.LegacyBounds;NumStability.Source.Higham.Chapter23.BalancedScaling;NumStability.Source.Higham.Chapter23.BilinearAlgorithm;NumStability.Source.Higham.Chapter23.BlockAlgorithms;NumStability.Source.Higham.Chapter23.ConventionalMultiplication;NumStability.Source.Higham.Chapter23.Equation11;NumStability.Source.Higham.Chapter23.ErrorRecurrences;NumStability.Source.Higham.Chapter23.GammaAsymptotics;NumStability.Source.Higham.Chapter23.Theorem02;NumStability.Source.Higham.Chapter23.Theorem03;NumStability.Source.Higham.Chapter23.ThreeM;NumStability.Source.Higham.Chapter23.WinogradInnerProduct,false,true,No matched declaration introducer; verify against elaborated origins before claiming zero environment declarations.
NumStability.Algorithms.FastMatMul.Higham23ThreeMStrassen,NumStability/Algorithms/FastMatMul/Higham23ThreeMStrassen.lean,Algorithms,27,0,14,NumStability.Algorithms.FastMatMul.Internal.LegacyBounds;NumStability.Source.Higham.Chapter23.BalancedScaling;NumStability.Source.Higham.Chapter23.BilinearAlgorithm;NumStability.Source.Higham.Chapter23.BiniLotti;NumStability.Source.Higham.Chapter23.BlockAlgorithms;NumStability.Source.Higham.Chapter23.ConventionalMultiplication;NumStability.Source.Higham.Chapter23.Equation11;NumStability.Source.Higham.Chapter23.ErrorRecurrences;NumStability.Source.Higham.Chapter23.GammaAsymptotics;NumStability.Source.Higham.Chapter23.Theorem02;NumStability.Source.Higham.Chapter23.Theorem03;NumStability.Source.Higham.Chapter23.ThreeM;NumStability.Source.Higham.Chapter23.ThreeMStrassen;NumStability.Source.Higham.Chapter23.WinogradInnerProduct,false,true,No matched declaration introducer; verify against elaborated origins before claiming zero environment declarations.
NumStability.Algorithms.GaussJordan,NumStability/Algorithms/GaussJordan.lean,Algorithms,32,0,23,Mathlib.Algebra.BigOperators.Group.Finset.Basic;Mathlib.Algebra.BigOperators.Ring.Finset;Mathlib.Algebra.Order.BigOperators.Group.Finset;Mathlib.Data.Real.Basic;Mathlib.Tactic.FieldSimp;Mathlib.Tactic.Linarith;Mathlib.Tactic.Ring;NumStability.Algorithms.LinearSystems.GaussJordan.ErrorAnalysis.GaussJordan;NumStability.Algorithms.LU.GaussianElimination;NumStability.Analysis.ForwardError;NumStability.Analysis.Rounding;NumStability.FloatingPoint.Model;NumStability.Source.Higham.Chapter09.Problems;NumStability.Source.Higham.Chapter09.Section01;NumStability.Source.Higham.Chapter09.Section02;NumStability.Source.Higham.Chapter09.Section03;NumStability.Source.Higham.Chapter09.Section04;NumStability.Source.Higham.Chapter09.Section05;NumStability.Source.Higham.Chapter09.Section06;NumStability.Source.Higham.Chapter09.Section08;NumStability.Source.Higham.Chapter09.Section10;NumStability.Source.Higham.Chapter09.Section11;NumStability.Source.Higham.Chapter14.Corollary07.RowDominantCertificates.CumulativeProductBounds,false,true,No matched declaration introducer; verify against elaborated origins before claiming zero environment declarations.
NumStability.Algorithms.GaussJordanPivoting,NumStability/Algorithms/GaussJordanPivoting.lean,Algorithms,19,0,9,Mathlib.Algebra.Order.AbsoluteValue.Basic;Mathlib.Data.Finset.Max;Mathlib.Data.Real.Basic;Mathlib.GroupTheory.Perm.Basic;Mathlib.Logic.Equiv.Basic;Mathlib.Tactic.Linarith;NumStability.Algorithms.LU.GaussianElimination;NumStability.Analysis.MatrixAlgebra;NumStability.Source.Higham.Chapter14.Algorithm04.Pivoting.GaussJordanPivoting,false,true,No matched declaration introducer; verify against elaborated origins before claiming zero environment declarations.
NumStability.Algorithms.Higham5FastPolynomialEvaluation,NumStability/Algorithms/Higham5FastPolynomialEvaluation.lean,Algorithms,22,0,5,Mathlib.Analysis.Polynomial.Factorization;Mathlib.Tactic;NumStability.Algorithms.PolynomialEvaluation.DerivativeEvaluation.ErrorBounds;NumStability.Source.Higham.Chapter05.Section05.FastPolynomialEvaluation.Basic;NumStability.Source.Higham.Chapter05.Section05.FastPolynomialEvaluation.Results.Theorems,false,true,No matched declaration introducer; verify against elaborated origins before claiming zero environment declarations.
NumStability.Algorithms.Higham5PatersonStockmeyer,NumStability/Algorithms/Higham5PatersonStockmeyer.lean,Algorithms,22,0,5,Mathlib.Data.Nat.Sqrt;Mathlib.LinearAlgebra.Matrix.Polynomial;Mathlib.Tactic;NumStability.Source.Higham.Chapter05.Section04.PatersonStockmeyer.Basic;NumStability.Source.Higham.Chapter05.Section04.PatersonStockmeyer.Results.Theorems,false,true,No matched declaration introducer; verify against elaborated origins before claiming zero environment declarations.
NumStability.Algorithms.Higham726Rump,NumStability/Algorithms/Higham726Rump.lean,Algorithms,27,0,10,Mathlib.Algebra.Order.Field.GeomSum;Mathlib.Analysis.Polynomial.Basic;Mathlib.Data.Fintype.Pigeonhole;Mathlib.LinearAlgebra.Matrix.Charpoly.Basic;Mathlib.LinearAlgebra.Matrix.Charpoly.Coeff;Mathlib.LinearAlgebra.Matrix.ToLinearEquiv;Mathlib.Logic.Equiv.Fin.Rotate;NumStability.Source.Higham.Chapter07.Equation26.RumpCycle.Basic;NumStability.Source.Higham.Chapter07.Equation26.RumpCycle.Results.Theorems;NumStability.Source.Higham.Chapter08.Equation18.FanInExecutor.FirstOrderForwardError,false,true,No matched declaration introducer; verify against elaborated origins before claiming zero environment declarations.
NumStability.Algorithms.HighamChapter10,NumStability/Algorithms/HighamChapter10.lean,Algorithms,63,0,53,Mathlib.Data.Complex.Basic;NumStability.Algorithms.Cholesky.CholeskyDemmel;NumStability.Algorithms.Cholesky.CholeskyFl;NumStability.Algorithms.Cholesky.CholeskyNonsym;NumStability.Algorithms.Cholesky.CholeskyPSD;NumStability.Algorithms.Cholesky.CholeskySpec;NumStability.Algorithms.LinearSystems.Cholesky.ErrorAnalysis.Certificates;NumStability.Algorithms.LinearSystems.Cholesky.ErrorAnalysis.PositivePivots.Certificate;NumStability.Algorithms.LinearSystems.Cholesky.Perturbation.Basic;NumStability.Algorithms.LinearSystems.Cholesky.PositiveSemidefinite.KahanMatrix;NumStability.Algorithms.LinearSystems.Cholesky.PositiveSemidefinite.KahanTelescope.Identity;NumStability.Algorithms.LinearSystems.Cholesky.PositiveSemidefinite.ScaledStage;NumStability.Algorithms.LinearSystems.Cholesky.PositiveSemidefinite.StageEmbedding.InteriorMass;NumStability.Analysis.MatrixNorms.EntrywiseAbsolute.Basic;NumStability.Analysis.MatrixNorms.SpectralExtrema.Basic;NumStability.Analysis.MatrixNorms.SpectralExtrema.PrincipalSubmatrices.Bounds;NumStability.Analysis.MatrixSpectral;NumStability.Source.Higham.Chapter09.Problems;NumStability.Source.Higham.Chapter09.Section01;NumStability.Source.Higham.Chapter09.Section02;NumStability.Source.Higham.Chapter09.Section03;NumStability.Source.Higham.Chapter09.Section04;NumStability.Source.Higham.Chapter09.Section05;NumStability.Source.Higham.Chapter09.Section06;NumStability.Source.Higham.Chapter09.Section08;NumStability.Source.Higham.Chapter09.Section10;NumStability.Source.Higham.Chapter09.Section11;NumStability.Source.Higham.Chapter10.Equation07.AbsoluteFactorNorm.Endpoints;NumStability.Source.Higham.Chapter10.Equation29.Mathias.Endpoints;NumStability.Source.Higham.Chapter10.Equation30.ComplexPositiveDefinite.Endpoints;NumStability.Source.Higham.Chapter10.Lemma11.PivotSequenceStability.Endpoints;NumStability.Source.Higham.Chapter10.Lemma13.KahanSharpness.Endpoints;NumStability.Source.Higham.Chapter10.Lemma13.KahanSharpness.UnboundedGrowth.Construction;NumStability.Source.Higham.Chapter10.Problem01.PositiveSemidefiniteEntries.Basic;NumStability.Source.Higham.Chapter10.Problem04.UnpivotedGrowth.Basic;NumStability.Source.Higham.Chapter10.Problem04.UnpivotedGrowth.PositivePivots.Bounds;NumStability.Source.Higham.Chapter10.Problem08.LeadingMinorsCounterexample.Basic;NumStability.Source.Higham.Chapter10.Section01.Factorization.Basic;NumStability.Source.Higham.Chapter10.Section01.Factorization.ExistenceUniqueness.Results;NumStability.Source.Higham.Chapter10.Section02.ErrorAnalysis.Basic;NumStability.Source.Higham.Chapter10.Section02.ErrorAnalysis.FactorizationAndSolve.Bounds;NumStability.Source.Higham.Chapter10.Section03.PositiveSemidefinite.Endpoints;NumStability.Source.Higham.Chapter10.Section03.PositiveSemidefinite.PivotingAndScaling.Results;NumStability.Source.Higham.Chapter10.Section04.PositiveDefiniteSymmetricPart.Endpoints;NumStability.Source.Higham.Chapter10.Section04.PositiveDefiniteSymmetricPart.SchurStages.Bounds;NumStability.Source.Higham.Chapter10.Theorem06.RoundedCholesky.Endpoints;NumStability.Source.Higham.Chapter10.Theorem07.FailureVacuity.Endpoints;NumStability.Source.Higham.Chapter10.Theorem07.SuccessThreshold.Factorization;NumStability.Source.Higham.Chapter10.Theorem08.ComponentwisePerturbation.Endpoints;NumStability.Source.Higham.Chapter10.Theorem08.NormwiseDiscrepancy.Endpoints;NumStability.Source.Higham.Chapter10.Theorem14.CompletePivotedPSD.Endpoints;NumStability.Source.Higham.Chapter10.Theorem14.CompletePivotedPSD.RoundedErrorAnalysis.Bounds;NumStability.Source.Higham.Chapter10.Theorem14.CompletePivotedPSD.SuccessfulRun.StageBounds,false,true,No matched declaration introducer; verify against elaborated origins before claiming zero environment declarations.
NumStability.Algorithms.HighamChapter12,NumStability/Algorithms/HighamChapter12.lean,Algorithms,8,0,1,NumStability.Source.Higham.Chapter12.IterativeRefinement.Results.Theorems,false,true,No matched declaration introducer; verify against elaborated origins before claiming zero environment declarations.
NumStability.Algorithms.HighamChapter12Ch9GenericSolverBridge,NumStability/Algorithms/HighamChapter12Ch9GenericSolverBridge.lean,Algorithms,8,0,1,NumStability.Source.Higham.CrossChapter.LUSolverWeights.Factorization,false,true,No matched declaration introducer; verify against elaborated origins before claiming zero environment declarations.
NumStability.Algorithms.HighamChapter12Ch9SolverBridge,NumStability/Algorithms/HighamChapter12Ch9SolverBridge.lean,Algorithms,8,0,1,NumStability.Source.Higham.CrossChapter.LUSolverWeights.Doolittle,false,true,No matched declaration introducer; verify against elaborated origins before claiming zero environment declarations.
NumStability.Algorithms.HighamChapter12OmegaDiscontinuity,NumStability/Algorithms/HighamChapter12OmegaDiscontinuity.lean,Algorithms,8,0,1,NumStability.Source.Higham.Chapter12.OmegaDiscontinuity,false,true,No matched declaration introducer; verify against elaborated origins before claiming zero environment declarations.
NumStability.Algorithms.HighamChapter12Problem12_2,NumStability/Algorithms/HighamChapter12Problem12_2.lean,Algorithms,8,0,1,NumStability.Source.Higham.Chapter12.Problem02,false,true,No matched declaration introducer; verify against elaborated origins before claiming zero environment declarations.
NumStability.Algorithms.HighamChapter15BoydBridges,NumStability/Algorithms/HighamChapter15BoydBridges.lean,Algorithms,26,0,17,Mathlib.Analysis.Calculus.FDeriv.Basic;Mathlib.LinearAlgebra.Matrix.Irreducible.Defs;Mathlib.Topology.MetricSpace.Contracting;Mathlib.Topology.Order.Compact;NumStability.Algorithms.HighamChapter15ConvergenceProse;NumStability.Algorithms.NormEstimation.PNorm.Boyd.Carrier.BoydInterface;NumStability.Algorithms.NormEstimation.PNorm.Boyd.Differentiation.BoydInterface;NumStability.Algorithms.NormEstimation.PNorm.Boyd.FixedPoints.BoydInterface;NumStability.Algorithms.NormEstimation.PNorm.Boyd.LocalStability.BoydInterface;NumStability.Algorithms.NormEstimation.PNorm.Convergence.BoydInterface;NumStability.Algorithms.NormEstimation.PNorm.Duality.BoydInterface;NumStability.Algorithms.NormEstimation.PNorm.PowerMethod.BoydInterface;NumStability.Algorithms.NormEstimation.PNorm.Rectangular.BoydInterface;NumStability.Algorithms.PNormPowerMethodRect;NumStability.Source.Higham.Chapter15.Lemma02.PNormPowerMethod.BoydInterface;NumStability.Source.Higham.Chapter15.Section02.Boyd.GlobalConvergence.BoydInterface;NumStability.Source.Higham.Chapter15.Section02.Boyd.LocalConvergence.BoydInterface,false,true,No matched declaration introducer; verify against elaborated origins before claiming zero environment declarations.
NumStability.Algorithms.HighamChapter15BoydConcreteLemma3,NumStability/Algorithms/HighamChapter15BoydConcreteLemma3.lean,Algorithms,20,0,10,NumStability.Algorithms.HighamChapter15BoydSourceLocal;NumStability.Algorithms.NormEstimation.PNorm.Boyd.FixedPoints.BoydConcrete;NumStability.Algorithms.NormEstimation.PNorm.Boyd.LocalStability.BoydConcrete;NumStability.Algorithms.NormEstimation.PNorm.Boyd.SecondVariation.BoydConcrete;NumStability.Algorithms.NormEstimation.PNorm.Convergence.BoydConcrete;NumStability.Algorithms.NormEstimation.PNorm.PowerMethod.BoydConcrete;NumStability.Source.Higham.Chapter15.Section02.Boyd.Corrections.BoydConcrete;NumStability.Source.Higham.Chapter15.Section02.Boyd.LocalConvergence.BoydConcrete;NumStability.Source.Higham.Chapter15.Section02.Boyd.LocalConvergence.ConstrainedLagrangian.Differentiation;NumStability.Source.Higham.Chapter15.Section02.Boyd.SourceDomain.BoydConcrete,false,true,No matched declaration introducer; verify against elaborated origins before claiming zero environment declarations.
NumStability.Algorithms.HighamChapter15BoydLocalStability,NumStability/Algorithms/HighamChapter15BoydLocalStability.lean,Algorithms,16,0,7,Mathlib.Analysis.Calculus.FDeriv.Comp;Mathlib.Analysis.Normed.Algebra.GelfandFormula;Mathlib.Analysis.Seminorm;NumStability.Algorithms.HighamChapter15BoydBridges;NumStability.Algorithms.NormEstimation.PNorm.Boyd.LocalStability.BoydLocalStability;NumStability.Source.Higham.Chapter15.Section02.Boyd.Corrections.BoydLocalStability;NumStability.Source.Higham.Chapter15.Section02.Boyd.LocalConvergence.BoydLocalStability,false,true,No matched declaration introducer; verify against elaborated origins before claiming zero environment declarations.
NumStability.Algorithms.HighamChapter15BoydRowwiseDomain,NumStability/Algorithms/HighamChapter15BoydRowwiseDomain.lean,Algorithms,13,0,4,NumStability.Algorithms.HighamChapter15BoydSourceDomain;NumStability.Algorithms.NormEstimation.PNorm.Boyd.RowwiseDomain.Basic;NumStability.Algorithms.NormEstimation.PNorm.Boyd.Scalar.BoydRowwise;NumStability.Source.Higham.Chapter15.Section02.Boyd.SourceDomain.BoydRowwise,false,true,No matched declaration introducer; verify against elaborated origins before claiming zero environment declarations.
NumStability.Algorithms.HighamChapter15BoydScalar,NumStability/Algorithms/HighamChapter15BoydScalar.lean,Algorithms,12,0,2,NumStability.Algorithms.HighamChapter15BoydUniqueness;NumStability.Source.Higham.Chapter15.Section02.Boyd.GlobalConvergence.ScalarCase.Iteration,false,true,No matched declaration introducer; verify against elaborated origins before claiming zero environment declarations.
NumStability.Algorithms.HighamChapter15BoydSourceClosure,NumStability/Algorithms/HighamChapter15BoydSourceClosure.lean,Algorithms,14,0,4,NumStability.Algorithms.HighamChapter15BoydScalar;NumStability.Algorithms.HighamChapter15BoydSourceSecondDerivative;NumStability.Source.Higham.Chapter15.Section02.Boyd.SourceDomain.BoydCompletion;NumStability.Source.Higham.Chapter15.Section02.Boyd.SourceDomain.StrongLocalMaximum.Convergence,false,true,No matched declaration introducer; verify against elaborated origins before claiming zero environment declarations.
NumStability.Algorithms.HighamChapter15BoydSourceDomain,NumStability/Algorithms/HighamChapter15BoydSourceDomain.lean,Algorithms,14,0,5,Mathlib.Analysis.Calculus.FDeriv.Extend;NumStability.Algorithms.HighamChapter15BoydConcreteLemma3;NumStability.Algorithms.NormEstimation.PNorm.Boyd.Differentiation.BoydDomain;NumStability.Algorithms.NormEstimation.PNorm.Boyd.Scalar.BoydDomain;NumStability.Source.Higham.Chapter15.Section02.Boyd.SourceDomain.BoydDomain,false,true,No matched declaration introducer; verify against elaborated origins before claiming zero environment declarations.
NumStability.Algorithms.HighamChapter15BoydSourceLocal,NumStability/Algorithms/HighamChapter15BoydSourceLocal.lean,Algorithms,21,0,12,Mathlib.Analysis.Calculus.Deriv.Abs;Mathlib.Analysis.InnerProductSpace.Rayleigh;NumStability.Algorithms.HighamChapter15BoydLocalStability;NumStability.Algorithms.NormEstimation.PNorm.Boyd.Carrier.BoydLocal;NumStability.Algorithms.NormEstimation.PNorm.Boyd.Differentiation.BoydLocal;NumStability.Algorithms.NormEstimation.PNorm.Boyd.FixedPoints.BoydLocal;NumStability.Algorithms.NormEstimation.PNorm.Boyd.LocalStability.BoydLocal;NumStability.Algorithms.NormEstimation.PNorm.Boyd.Scalar.BoydLocal;NumStability.Algorithms.NormEstimation.PNorm.Boyd.SecondVariation.BoydLocal;NumStability.Source.Higham.Chapter15.Section02.Boyd.Corrections.BoydLocal;NumStability.Source.Higham.Chapter15.Section02.Boyd.LocalConvergence.BoydLocal;NumStability.Source.Higham.Chapter15.Section02.Boyd.SourceDomain.BoydLocal,false,true,No matched declaration introducer; verify against elaborated origins before claiming zero environment declarations.
NumStability.Algorithms.HighamChapter15BoydSourceSecondDerivative,NumStability/Algorithms/HighamChapter15BoydSourceSecondDerivative.lean,Algorithms,12,0,2,NumStability.Algorithms.HighamChapter15BoydRowwiseDomain;NumStability.Source.Higham.Chapter15.Section02.Boyd.SourceDomain.SecondDerivative.Rowwise,false,true,No matched declaration introducer; verify against elaborated origins before claiming zero environment declarations.
NumStability.Algorithms.HighamChapter15BoydUniqueness,NumStability/Algorithms/HighamChapter15BoydUniqueness.lean,Algorithms,16,0,7,Mathlib.Analysis.Convex.SpecificFunctions.Basic;Mathlib.Analysis.MeanInequalitiesPow;NumStability.Algorithms.HighamChapter15BoydBridges;NumStability.Algorithms.NormEstimation.PNorm.Boyd.Uniqueness.Basic;NumStability.Algorithms.NormEstimation.PNorm.Duality.BoydUniqueness;NumStability.Source.Higham.Chapter15.Lemma02.PNormPowerMethod.BoydUniqueness;NumStability.Source.Higham.Chapter15.Section02.Boyd.GlobalConvergence.BoydUniqueness,false,true,No matched declaration introducer; verify against elaborated origins before claiming zero environment declarations.
NumStability.Algorithms.HighamChapter15Ch7PracticalBoundBridge,NumStability/Algorithms/HighamChapter15Ch7PracticalBoundBridge.lean,Algorithms,8,0,1,NumStability.Source.Higham.CrossChapter.PracticalConditionBound,false,true,No matched declaration introducer; verify against elaborated origins before claiming zero environment declarations.
NumStability.Algorithms.HighamChapter15ConvergenceProse,NumStability/Algorithms/HighamChapter15ConvergenceProse.lean,Algorithms,22,0,13,Mathlib.Order.Fin.Basic;Mathlib.Topology.MetricSpace.ProperSpace;Mathlib.Topology.Order.MonotoneConvergence;Mathlib.Topology.Sequences;NumStability.Algorithms.NormEstimation.PNorm.Convergence.ConvergenceStatements;NumStability.Algorithms.NormEstimation.PNorm.Duality.ConvergenceStatements;NumStability.Algorithms.NormEstimation.PNorm.Endpoints.ConvergenceStatements;NumStability.Algorithms.PNormPowerMethodGeneralP;NumStability.Source.Higham.Chapter15.Algorithm01.PNormPowerMethod.ConvergenceStatements;NumStability.Source.Higham.Chapter15.Equation03.GradientQuotient.ConvergenceStatements;NumStability.Source.Higham.Chapter15.Section02.Boyd.Corrections.ConvergenceStatements;NumStability.Source.Higham.Chapter15.Section02.Boyd.EndpointTermination.ConvergenceStatements;NumStability.Source.Higham.Chapter15.Section02.Boyd.GlobalConvergence.ConvergenceStatements,false,true,No matched declaration introducer; verify against elaborated origins before claiming zero environment declarations.
NumStability.Algorithms.HighamChapter15RectTermination,NumStability/Algorithms/HighamChapter15RectTermination.lean,Algorithms,15,0,5,NumStability.Algorithms.HighamChapter15ConvergenceProse;NumStability.Algorithms.NormEstimation.PNorm.Rectangular.RectangularTermination;NumStability.Algorithms.PNormPowerMethodRect;NumStability.Source.Higham.Chapter15.Section02.Boyd.EndpointTermination.InfinityCounterexample.Trace;NumStability.Source.Higham.Chapter15.Section02.Boyd.EndpointTermination.RectangularTermination,false,true,No matched declaration introducer; verify against elaborated origins before claiming zero environment declarations.
NumStability.Algorithms.HighamChapter3NoGuardDotBridge,NumStability/Algorithms/HighamChapter3NoGuardDotBridge.lean,Algorithms,10,0,2,NumStability.Algorithms.Arithmetic.DotProduct.NoGuard;NumStability.Source.Higham.CrossChapter.NoGuardDotProduct,false,true,No matched declaration introducer; verify against elaborated origins before claiming zero environment declarations.
NumStability.Algorithms.HighamChapter4KaoWangScope,NumStability/Algorithms/HighamChapter4KaoWangScope.lean,Algorithms,8,0,1,NumStability.Source.Higham.Chapter04.Section02.KaoWangCitationDiscrepancy,false,true,No matched declaration introducer; verify against elaborated origins before claiming zero environment declarations.
NumStability.Algorithms.HighamChapter5ComplexAlgorithm51,NumStability/Algorithms/HighamChapter5ComplexAlgorithm51.lean,Algorithms,21,0,4,Mathlib.Tactic;NumStability.Analysis.ComplexArithmetic;NumStability.Source.Higham.Chapter05.Algorithm01.ComplexHorner.Basic;NumStability.Source.Higham.Chapter05.Algorithm01.ComplexHorner.ErrorBounds.Theorems,false,true,No matched declaration introducer; verify against elaborated origins before claiming zero environment declarations.
NumStability.Algorithms.HighamChapter8,NumStability/Algorithms/HighamChapter8.lean,Algorithms,71,0,47,Mathlib.Data.Finset.Max;Mathlib.Data.Matrix.Basis;Mathlib.Data.Sign.Basic;Mathlib.LinearAlgebra.Matrix.ToLinearEquiv;Mathlib.Order.Interval.Finset.Fin;NumStability.Algorithms.LU.GrowthFactor;NumStability.Algorithms.LinearSystems.Triangular;NumStability.Algorithms.MMatrix;NumStability.Algorithms.MatMul;NumStability.Algorithms.TestMatrices.UpperTriangularStress;NumStability.Source.Higham.Chapter07.LinearSystemsConditioning.ConditionNumbers;NumStability.Source.Higham.Chapter07.LinearSystemsConditioning.ForwardErrorKernels;NumStability.Source.Higham.Chapter07.LinearSystemsConditioning.Problem05;NumStability.Source.Higham.Chapter07.LinearSystemsConditioning.Problem09Exact;NumStability.Source.Higham.Chapter07.LinearSystemsConditioning.Theorem04;NumStability.Source.Higham.Chapter08.Equation02.TriangularSubstitution.RelativeInfinityNormBounds.Theorems;NumStability.Source.Higham.Chapter08.Equation14.FanInExecutor.Executor;NumStability.Source.Higham.Chapter08.Equation15.GlobalEnvelopeCounterexample.All;NumStability.Source.Higham.Chapter08.Equation15.GlobalEnvelopeCounterexample.LocalCancellationResults.Theorems;NumStability.Source.Higham.Chapter08.Lemma08.CorrectedCondition.RowDominance;NumStability.Source.Higham.Chapter08.Lemma08.Entrywise.Basic;NumStability.Source.Higham.Chapter08.Problem01.NoGuardSubstitution.Aliases;NumStability.Source.Higham.Chapter08.Problem02.ComparisonMatrixWitness.ArbitraryRatios.Theorems;NumStability.Source.Higham.Chapter08.Problem02.ComparisonMatrixWitness.RatioWitness;NumStability.Source.Higham.Chapter08.Problem03.UnitTriangularSubstitution.Bound;NumStability.Source.Higham.Chapter08.Problem04.MMatrixSubstitution.Comparison;NumStability.Source.Higham.Chapter08.Problem05.InverseNormBounds.ZInverse;NumStability.Source.Higham.Chapter08.Problem06.ComparisonInverseBounds.VectorBounds;NumStability.Source.Higham.Chapter08.Problem07.DiagonalScaling.Bounds;NumStability.Source.Higham.Chapter08.Problem07.DiagonalScaling.Results.Theorems;NumStability.Source.Higham.Chapter08.Problem08.SingleEntrySingularity.RankOne;NumStability.Source.Higham.Chapter08.Problem08.SingleEntrySingularity.Results.Theorems;NumStability.Source.Higham.Chapter08.Problem09.KahanSingularValues.KahanMatrix;NumStability.Source.Higham.Chapter08.Problem09.KahanSingularValues.Results.Theorems;NumStability.Source.Higham.Chapter08.Section01.BackwardErrorAnalysis.Core;NumStability.Source.Higham.Chapter08.Section02.ForwardErrorAnalysis.ComparisonBounds;NumStability.Source.Higham.Chapter08.Section02.ForwardErrorAnalysis.ComparisonBoundsPrelude;NumStability.Source.Higham.Chapter08.Section02.ForwardErrorAnalysis.NormBounds;NumStability.Source.Higham.Chapter08.Section03.TriangularSystems.ArbitraryOrder;NumStability.Source.Higham.Chapter08.Section03.TriangularSystems.ComparisonConditioningResults.Theorems;NumStability.Source.Higham.Chapter08.Section03.TriangularSystems.InverseBoundsLower;NumStability.Source.Higham.Chapter08.Section03.TriangularSystems.InverseBoundsPrelude;NumStability.Source.Higham.Chapter08.Section03.TriangularSystems.InverseBoundsUpper;NumStability.Source.Higham.Chapter08.Section03.TriangularSystems.InverseNormResults.Theorems;NumStability.Source.Higham.Chapter08.Section04.FanInCore.AllOrdersEnvelope;NumStability.Source.Higham.Chapter08.Section04.FanInCore.Factors;NumStability.Source.Higham.Chapter08.Section04.FanInCore.ResidualForwardBounds,false,true,No matched declaration introducer; verify against elaborated origins before claiming zero environment declarations.
NumStability.Algorithms.HighamChapter8Lemma88SourceDiscrepancy,NumStability/Algorithms/HighamChapter8Lemma88SourceDiscrepancy.lean,Algorithms,8,0,1,NumStability.Source.Higham.Chapter08.Lemma08Discrepancy,false,true,No matched declaration introducer; verify against elaborated origins before claiming zero environment declarations.
NumStability.Algorithms.HighamChapter9CompletePivotSharpClosure,NumStability/Algorithms/HighamChapter9CompletePivotSharpClosure.lean,Algorithms,7,0,1,NumStability.Source.Higham.Chapter09.CompletePivotSharpClosure,false,true,No matched declaration introducer; verify against elaborated origins before claiming zero environment declarations.
NumStability.Algorithms.HighamChapter9ComplexClosure,NumStability/Algorithms/HighamChapter9ComplexClosure.lean,Algorithms,7,0,1,NumStability.Source.Higham.Chapter09.ComplexClosure,false,true,No matched declaration introducer; verify against elaborated origins before claiming zero environment declarations.
NumStability.Algorithms.HighamChapter9ComputedCorrection,NumStability/Algorithms/HighamChapter9ComputedCorrection.lean,Algorithms,7,0,1,NumStability.Source.Higham.Chapter09.ComputedCorrection,false,true,No matched declaration introducer; verify against elaborated origins before claiming zero environment declarations.
NumStability.Algorithms.HighamChapter9DoolittleClosure,NumStability/Algorithms/HighamChapter9DoolittleClosure.lean,Algorithms,7,0,1,NumStability.Source.Higham.Chapter09.DoolittleClosure,false,true,No matched declaration introducer; verify against elaborated origins before claiming zero environment declarations.
NumStability.Algorithms.HighamChapter9Theorem914Actual,NumStability/Algorithms/HighamChapter9Theorem914Actual.lean,Algorithms,7,0,1,NumStability.Source.Higham.Chapter09.Theorem14.Actual,false,true,No matched declaration introducer; verify against elaborated origins before claiming zero environment declarations.
NumStability.Algorithms.HighamChapter9Theorem914DiagDominant,NumStability/Algorithms/HighamChapter9Theorem914DiagDominant.lean,Algorithms,7,0,1,NumStability.Source.Higham.Chapter09.Theorem14.DiagDominant,false,true,No matched declaration introducer; verify against elaborated origins before claiming zero environment declarations.
NumStability.Algorithms.HighamChapter9Theorem914Primitive,NumStability/Algorithms/HighamChapter9Theorem914Primitive.lean,Algorithms,7,0,1,NumStability.Source.Higham.Chapter09.Theorem14.Primitive,false,true,No matched declaration introducer; verify against elaborated origins before claiming zero environment declarations.
NumStability.Algorithms.HighamChapter9Theorem97Classification,NumStability/Algorithms/HighamChapter9Theorem97Classification.lean,Algorithms,7,0,1,NumStability.Source.Higham.Chapter09.Theorem97Classification,false,true,No matched declaration introducer; verify against elaborated origins before claiming zero environment declarations.
NumStability.Algorithms.HighamChapter9Theorem99Closure,NumStability/Algorithms/HighamChapter9Theorem99Closure.lean,Algorithms,7,0,1,NumStability.Source.Higham.Chapter09.Theorem99Closure,false,true,No matched declaration introducer; verify against elaborated origins before claiming zero environment declarations.
NumStability.Algorithms.HighamChapter9Theorem99ComplexClosure,NumStability/Algorithms/HighamChapter9Theorem99ComplexClosure.lean,Algorithms,7,0,1,NumStability.Source.Higham.Chapter09.Theorem99ComplexClosure,false,true,No matched declaration introducer; verify against elaborated origins before claiming zero environment declarations.
NumStability.Algorithms.HighamChapters1To9SourceClosure,NumStability/Algorithms/HighamChapters1To9SourceClosure.lean,Algorithms,33,0,16,NumStability.Algorithms.Summation.Compensated.FiniteFormat;NumStability.Analysis.FirstOrder.AsymptoticFamilies;NumStability.Source.Higham.Chapter04.Algorithm03.SourceClosure.Basic;NumStability.Source.Higham.Chapter07.Corollary06.Equilibration.Basic;NumStability.Source.Higham.Chapter07.Equation25.SourceEndpoint.Basic;NumStability.Source.Higham.Chapter07.Equation26.ComponentwiseDistance.Basic;NumStability.Source.Higham.Chapter08.Equation10.ColumnPivotedQR.Basic;NumStability.Source.Higham.Chapter08.Equation14.FanInProduct.Basic;NumStability.Source.Higham.Chapter08.Equation18.FanInExecutor.FirstOrderForwardError;NumStability.Source.Higham.Chapter08.Section03.BidiagonalComparison.Basic;NumStability.Source.Higham.Chapter08.Section04.FanInAsymptotics.Basic;NumStability.Source.Higham.Chapter08.Section04.FanInCore.ResidualForwardBounds;NumStability.Source.Higham.Chapter09.DoolittleClosure;NumStability.Source.Higham.Chapter09.Theorem15.Barrlund.Basic;NumStability.Source.Higham.Chapter09.Theorem15.Sun.Basic;NumStability.Source.Higham.Chapter19.Theorem06.ColumnPivot,false,true,No matched declaration introducer; verify against elaborated origins before claiming zero environment declarations.
NumStability.Algorithms.HighamLemma88Entrywise,NumStability/Algorithms/HighamLemma88Entrywise.lean,Algorithms,11,0,1,NumStability.Source.Higham.Chapter08.Lemma08.Entrywise.Basic,false,true,No matched declaration introducer; verify against elaborated origins before claiming zero environment declarations.
NumStability.Algorithms.Horner,NumStability/Algorithms/Horner.lean,Algorithms,42,0,25,Mathlib.Data.Real.Basic;Mathlib.Tactic;Mathlib.Tactic.Linarith;Mathlib.Tactic.Ring;NumStability.Algorithms.PolynomialEvaluation.DerivativeEvaluation.ErrorBounds;NumStability.Algorithms.PolynomialEvaluation.ElementaryErrorBounds;NumStability.Algorithms.PolynomialEvaluation.MatrixNorms;NumStability.Algorithms.PolynomialEvaluation.RootProduct;NumStability.Analysis.FloatingPointArithmetic.IeeeSpecialValueOperations.Results;NumStability.Analysis.ForwardError;NumStability.Analysis.MatrixAlgebra;NumStability.Analysis.Rounding;NumStability.FloatingPoint.Model;NumStability.Source.Higham.Chapter05.Equation14.MatrixPolynomialForms.Basic;NumStability.Source.Higham.Chapter05.Problem01.DifferentiatedHorner.Basic;NumStability.Source.Higham.Chapter05.Problem02.PowerBuilding.Basic;NumStability.Source.Higham.Chapter05.Problem03.EvenOddSplitting.Basic;NumStability.Source.Higham.Chapter05.Problem06.MatrixPolynomialHorner.Basic;NumStability.Source.Higham.Chapter05.Section01.Horner.Basic;NumStability.Source.Higham.Chapter05.Section01.RelativeError.Basic;NumStability.Source.Higham.Chapter05.Section02.DerivativeEvaluation.Bidiagonal;NumStability.Source.Higham.Chapter05.Section02.DerivativeEvaluation.SyntheticDivision;NumStability.Source.Higham.Chapter05.Section03.DividedDifferences.Basic;NumStability.Source.Higham.Chapter05.Section03.LejaOrdering.Basic;NumStability.Source.Higham.Chapter05.Section03.NewtonEvaluation.HornerBasis,false,true,No matched declaration introducer; verify against elaborated origins before claiming zero environment declarations.
NumStability.Algorithms.InsertionSum,NumStability/Algorithms/InsertionSum.lean,Algorithms,7,0,1,NumStability.Algorithms.Summation.Insertion,false,true,No matched declaration introducer; verify against elaborated origins before claiming zero environment declarations.
NumStability.Algorithms.KahanAbsolute,NumStability/Algorithms/KahanAbsolute.lean,Algorithms,22,0,5,Mathlib.Tactic;NumStability.Source.Higham.Chapter01.Section12.InstabilityWithoutCancellation.PivotingExample;NumStability.Source.Higham.Chapter02.Problem20.SquareRootIdentities.Basic;NumStability.Source.Higham.Chapter03.Problem11.KahanAbsoluteValue.Basic;NumStability.Source.Higham.Chapter03.Problem11.KahanAbsoluteValue.IeeeDoubleTrace.Results,false,true,No matched declaration introducer; verify against elaborated origins before claiming zero environment declarations.
NumStability.Algorithms.KahanCompensatedFiniteFormat,NumStability/Algorithms/KahanCompensatedFiniteFormat.lean,Algorithms,10,0,1,NumStability.Source.Higham.Chapter04.Section03.FiniteFormat,false,true,No matched declaration introducer; verify against elaborated origins before claiming zero environment declarations.
NumStability.Algorithms.LU.BlockLU,NumStability/Algorithms/LU/BlockLU.lean,Algorithms,11,0,2,NumStability.Algorithms.LinearSystems.LU.BlockLU;NumStability.Source.Higham.Chapter13.BlockLU,false,true,No matched declaration introducer; verify against elaborated origins before claiming zero environment declarations.
NumStability.Algorithms.LU.BlockLUArbitraryNormSourceClosure,NumStability/Algorithms/LU/BlockLUArbitraryNormSourceClosure.lean,Algorithms,10,0,2,NumStability.Algorithms.LinearSystems.LU.BlockLU.ArbitraryNorm;NumStability.Source.Higham.Chapter13.Section03.ArbitraryNormDominance,false,true,No matched declaration introducer; verify against elaborated origins before claiming zero environment declarations.
NumStability.Algorithms.LU.BlockLUComputationSourceClosure,NumStability/Algorithms/LU/BlockLUComputationSourceClosure.lean,Algorithms,7,0,1,NumStability.Source.Higham.Chapter13.Theorem06.Computation,false,true,No matched declaration introducer; verify against elaborated origins before claiming zero environment declarations.
NumStability.Algorithms.LU.BlockLUFirstOrderFamilies,NumStability/Algorithms/LU/BlockLUFirstOrderFamilies.lean,Algorithms,10,0,4,NumStability.Algorithms.LinearSystems.LU.BlockLU.FirstOrderFamilies;NumStability.Source.Higham.Chapter13.Section01.OperationModelFamilies;NumStability.Source.Higham.Chapter13.Table01.Families;NumStability.Source.Higham.Chapter13.Theorem05.FamilyErrorAnalysis,false,true,No matched declaration introducer; verify against elaborated origins before claiming zero environment declarations.
NumStability.Algorithms.LU.BlockLUPointRowGrowthSourceClosure,NumStability/Algorithms/LU/BlockLUPointRowGrowthSourceClosure.lean,Algorithms,9,0,1,NumStability.Source.Higham.Chapter13.Equation23.PointRowGrowth,false,true,No matched declaration introducer; verify against elaborated origins before claiming zero environment declarations.
NumStability.Algorithms.LU.BlockLURowSourceClosure,NumStability/Algorithms/LU/BlockLURowSourceClosure.lean,Algorithms,9,0,1,NumStability.Source.Higham.Chapter13.Section03.RowDominanceClosure,false,true,No matched declaration introducer; verify against elaborated origins before claiming zero environment declarations.
NumStability.Algorithms.LU.BlockLUSPDFamilies,NumStability/Algorithms/LU/BlockLUSPDFamilies.lean,Algorithms,7,0,1,NumStability.Source.Higham.Chapter13.Equation25.Families,false,true,No matched declaration introducer; verify against elaborated origins before claiming zero environment declarations.
NumStability.Algorithms.LU.BlockLUSPDSourceClosure,NumStability/Algorithms/LU/BlockLUSPDSourceClosure.lean,Algorithms,10,0,4,NumStability.Algorithms.LinearSystems.LU.BlockLU.PositiveDefinite;NumStability.Algorithms.LinearSystems.LU.BlockLU.PositiveDefiniteFactorBounds;NumStability.Source.Higham.Chapter13.Equation25.Factorization;NumStability.Source.Higham.Chapter13.Section03.SPDFactorBounds,false,true,No matched declaration introducer; verify against elaborated origins before claiming zero environment declarations.
NumStability.Algorithms.LU.BlockLUScalarGrowthBridge,NumStability/Algorithms/LU/BlockLUScalarGrowthBridge.lean,Algorithms,9,0,1,NumStability.Source.Higham.Chapter13.Problem04.ScalarGrowthBridge,false,true,No matched declaration introducer; verify against elaborated origins before claiming zero environment declarations.
NumStability.Algorithms.LU.BlockLUSourceClosure,NumStability/Algorithms/LU/BlockLUSourceClosure.lean,Algorithms,10,0,2,NumStability.Algorithms.LinearSystems.LU.BlockLU.OperatorTwo;NumStability.Source.Higham.Chapter13.Section03.ColumnDominanceClosure,false,true,No matched declaration introducer; verify against elaborated origins before claiming zero environment declarations.
NumStability.Algorithms.LU.BlockLUTable13_1Families,NumStability/Algorithms/LU/BlockLUTable13_1Families.lean,Algorithms,9,0,2,NumStability.Source.Higham.Chapter13.Equation25;NumStability.Source.Higham.Chapter13.Table01,false,true,No matched declaration introducer; verify against elaborated origins before claiming zero environment declarations.
NumStability.Algorithms.LU.BlockLUVarying,NumStability/Algorithms/LU/BlockLUVarying.lean,Algorithms,8,0,1,NumStability.Algorithms.LinearSystems.LU.BlockLU.VaryingBlocks,false,true,No matched declaration introducer; verify against elaborated origins before claiming zero environment declarations.
NumStability.Algorithms.LU.Doolittle,NumStability/Algorithms/LU/Doolittle.lean,Algorithms,35,0,18,Mathlib.Algebra.BigOperators.Fin;Mathlib.Algebra.BigOperators.Group.Finset.Basic;Mathlib.Algebra.Order.BigOperators.Group.Finset;Mathlib.Data.Real.Basic;Mathlib.Tactic.FieldSimp;Mathlib.Tactic.Linarith;Mathlib.Tactic.Ring;NumStability.Algorithms.LU.GaussianElimination;NumStability.Algorithms.LU.LUSolve;NumStability.Algorithms.LinearSystems.LU.Doolittle.Assembly.Core;NumStability.Algorithms.LinearSystems.LU.Doolittle.BackwardError;NumStability.Algorithms.LinearSystems.LU.Doolittle.Basic;NumStability.Algorithms.LinearSystems.LU.Doolittle.Budgets;NumStability.Algorithms.LinearSystems.LU.Doolittle.Certificates;NumStability.Algorithms.LinearSystems.LU.Doolittle.RoundedEntries;NumStability.Analysis.Rounding;NumStability.Analysis.SubtractionFold;NumStability.FloatingPoint.Model,false,true,No matched declaration introducer; verify against elaborated origins before claiming zero environment declarations.
NumStability.Algorithms.LU.Higham13DemmelSharpMultiplier,NumStability/Algorithms/LU/Higham13DemmelSharpMultiplier.lean,Algorithms,8,0,1,NumStability.Source.Higham.Chapter13.DemmelSharpMultiplier,false,true,No matched declaration introducer; verify against elaborated origins before claiming zero environment declarations.
NumStability.Algorithms.LU.Higham15Problem15_4,NumStability/Algorithms/LU/Higham15Problem15_4.lean,Algorithms,12,0,3,NumStability.Algorithms.LU.GaussianElimination;NumStability.Analysis.MatrixAlgebra;NumStability.Source.Higham.Chapter15.Problem04.LUConditionBounds.Basic,false,true,No matched declaration introducer; verify against elaborated origins before claiming zero environment declarations.
NumStability.Algorithms.LU.Higham15Problem15_6,NumStability/Algorithms/LU/Higham15Problem15_6.lean,Algorithms,14,0,4,Mathlib.Tactic;NumStability.Algorithms.LU.TridiagonalCondCh15IkebeClosure;NumStability.Source.Higham.Chapter15.Problem06.TridiagonalInverseNorm.Recurrences.EntryFormulas;NumStability.Source.Higham.Chapter15.Problem06.TridiagonalInverseNorm.TridiagonalInverse,false,true,No matched declaration introducer; verify against elaborated origins before claiming zero environment declarations.
NumStability.Algorithms.LU.Higham15Problem15_6Closure,NumStability/Algorithms/LU/Higham15Problem15_6Closure.lean,Algorithms,13,0,3,NumStability.Algorithms.LU.Higham15Problem15_6;NumStability.Source.Higham.Chapter15.Problem06.TridiagonalInverseNorm.Recurrences.FactorizationAndNorm;NumStability.Source.Higham.Chapter15.Problem06.TridiagonalInverseNorm.TridiagonalInverseCompletion,false,true,No matched declaration introducer; verify against elaborated origins before claiming zero environment declarations.
NumStability.Algorithms.LU.Higham15Problem15_6Operational,NumStability/Algorithms/LU/Higham15Problem15_6Operational.lean,Algorithms,15,0,5,Batteries.Data.Array.Scan;Mathlib.Data.Vector.Basic;NumStability.Algorithms.LU.Higham15Problem15_6Closure;NumStability.Source.Higham.Chapter15.Problem06.TridiagonalInverseNorm.Recurrences.ArrayExecution;NumStability.Source.Higham.Chapter15.Problem06.TridiagonalInverseNorm.TridiagonalInverseRuns,false,true,No matched declaration introducer; verify against elaborated origins before claiming zero environment declarations.
NumStability.Algorithms.LU.TridiagonalCondCh15,NumStability/Algorithms/LU/TridiagonalCondCh15.lean,Algorithms,13,0,4,NumStability.Algorithms.LU.TridiagonalCond;NumStability.Source.Higham.Chapter15.Theorem07.TridiagonalLU.Basic;NumStability.Source.Higham.Chapter15.Theorem08.TridiagonalDiagonalDominance.Basic;NumStability.Source.Higham.Chapter15.Theorem09.Ikebe.Basic,false,true,No matched declaration introducer; verify against elaborated origins before claiming zero environment declarations.
NumStability.Algorithms.LU.TridiagonalCondCh15Closure,NumStability/Algorithms/LU/TridiagonalCondCh15Closure.lean,Algorithms,12,0,2,NumStability.Algorithms.LU.TridiagonalCondCh15;NumStability.Source.Higham.Chapter15.Section06.TridiagonalLUConditionBounds.ExactBounds,false,true,No matched declaration introducer; verify against elaborated origins before claiming zero environment declarations.
NumStability.Algorithms.LU.TridiagonalCondCh15IkebeClosure,NumStability/Algorithms/LU/TridiagonalCondCh15IkebeClosure.lean,Algorithms,12,0,2,NumStability.Algorithms.LU.TridiagonalCondCh15;NumStability.Source.Higham.Chapter15.Theorem09.Ikebe.IrreducibleRightInverse.RankOneStructure,false,true,No matched declaration introducer; verify against elaborated origins before claiming zero environment declarations.
NumStability.Algorithms.LeastSquares.Higham20Algorithms,NumStability/Algorithms/LeastSquares/Higham20Algorithms.lean,Algorithms,15,0,4,NumStability.Algorithms.LeastSquares.LSQRSolve;NumStability.Algorithms.LinearSystems.LeastSquares.Refinement;NumStability.Analysis.Perturbation.LeastSquares.Basic;NumStability.Source.Higham.Chapter20.Section02.Algorithms,false,true,No matched declaration introducer; verify against elaborated origins before claiming zero environment declarations.
NumStability.Algorithms.LeastSquares.Higham20AlternativeBound,NumStability/Algorithms/LeastSquares/Higham20AlternativeBound.lean,Algorithms,15,0,4,NumStability.Algorithms.LeastSquares.LSQRSolve;NumStability.Algorithms.LinearSystems.LeastSquares.Basic;NumStability.Analysis.Perturbation.LeastSquares.AlternativeBound;NumStability.Source.Higham.Chapter20.Theorem02.AlternativeBound,false,true,No matched declaration introducer; verify against elaborated origins before claiming zero environment declarations.
NumStability.Algorithms.LeastSquares.Higham20CrossProductExample,NumStability/Algorithms/LeastSquares/Higham20CrossProductExample.lean,Algorithms,15,0,4,Mathlib.Tactic.FinCases;Mathlib.Tactic.NormNum;NumStability.Algorithms.LeastSquares.LSNormalEquations;NumStability.Source.Higham.Chapter20.Examples.CrossProduct,false,true,No matched declaration introducer; verify against elaborated origins before claiming zero environment declarations.
NumStability.Algorithms.LeastSquares.Higham20EliminationActual,NumStability/Algorithms/LeastSquares/Higham20EliminationActual.lean,Algorithms,15,0,4,NumStability.Algorithms.LeastSquares.Higham20Theorem20_7;NumStability.Algorithms.LeastSquares.LSE;NumStability.Algorithms.LinearSystems.LeastSquares.RowSorting;NumStability.Source.Higham.Chapter20.Theorem07.Elimination,false,true,No matched declaration introducer; verify against elaborated origins before claiming zero environment declarations.
NumStability.Algorithms.LeastSquares.Higham20Equations,NumStability/Algorithms/LeastSquares/Higham20Equations.lean,Algorithms,18,0,7,Mathlib.Tactic.Linarith;Mathlib.Tactic.Ring;NumStability.Algorithms.LeastSquares.LSNormalEquations;NumStability.Algorithms.LeastSquares.LSQRSolve;NumStability.Analysis.Perturbation.LeastSquares.Basic;NumStability.Source.Higham.Chapter12.IterativeRefinement.Results.Theorems;NumStability.Source.Higham.Chapter20.Equations,false,true,No matched declaration introducer; verify against elaborated origins before claiming zero environment declarations.
NumStability.Algorithms.LeastSquares.Higham20ExampleCondition,NumStability/Algorithms/LeastSquares/Higham20ExampleCondition.lean,Algorithms,14,0,3,NumStability.Algorithms.LeastSquares.Higham20Prose;NumStability.Algorithms.Underdetermined.UnderdeterminedSpec;NumStability.Source.Higham.Chapter20.Examples.Condition,false,true,No matched declaration introducer; verify against elaborated origins before claiming zero environment declarations.
NumStability.Algorithms.LeastSquares.Higham20GeneralWedin,NumStability/Algorithms/LeastSquares/Higham20GeneralWedin.lean,Algorithms,14,0,3,NumStability.Algorithms.LeastSquares.Higham20Lemma20_12;NumStability.Analysis.Perturbation.LeastSquares.Wedin;NumStability.Source.Higham.Chapter20.Examples.GeneralRank,false,true,No matched declaration introducer; verify against elaborated origins before claiming zero environment declarations.
NumStability.Algorithms.LeastSquares.Higham20Lemma20_11,NumStability/Algorithms/LeastSquares/Higham20Lemma20_11.lean,Algorithms,15,0,4,NumStability.Algorithms.LeastSquares.LSPerturbation;NumStability.Algorithms.Underdetermined.UnderdeterminedSpec;NumStability.Analysis.SingularValues.WeylMirsky;NumStability.Source.Higham.Chapter20.Lemma11,false,true,No matched declaration introducer; verify against elaborated origins before claiming zero environment declarations.
NumStability.Algorithms.LeastSquares.Higham20Lemma20_12,NumStability/Algorithms/LeastSquares/Higham20Lemma20_12.lean,Algorithms,15,0,4,NumStability.Algorithms.LeastSquares.LSPerturbation;NumStability.Algorithms.Underdetermined.UnderdeterminedSpec;NumStability.Analysis.Perturbation.LeastSquares.Projection;NumStability.Source.Higham.Chapter20.Lemma12,false,true,No matched declaration introducer; verify against elaborated origins before claiming zero environment declarations.
NumStability.Algorithms.LeastSquares.Higham20MGSStability,NumStability/Algorithms/LeastSquares/Higham20MGSStability.lean,Algorithms,16,0,5,NumStability.Algorithms.LeastSquares.LSQRSolve;NumStability.Algorithms.QR.Higham19;NumStability.Algorithms.QR.Higham19Alg12MGSRepair;NumStability.Algorithms.QR.Higham19Alg12MGSRounded;NumStability.Source.Higham.Chapter20.Problem05.MGSStability,false,true,No matched declaration introducer; verify against elaborated origins before claiming zero environment declarations.
NumStability.Algorithms.LeastSquares.Higham20MPProse,NumStability/Algorithms/LeastSquares/Higham20MPProse.lean,Algorithms,14,0,3,NumStability.Algorithms.LeastSquares.Higham20Lemma20_11;NumStability.Algorithms.LeastSquares.LSQRSolve;NumStability.Source.Higham.Chapter20.Prose.MoorePenrose,false,true,No matched declaration introducer; verify against elaborated origins before claiming zero environment declarations.
NumStability.Algorithms.LeastSquares.Higham20MinimumNormBackwardError,NumStability/Algorithms/LeastSquares/Higham20MinimumNormBackwardError.lean,Algorithms,14,0,3,NumStability.Algorithms.LeastSquares.Higham20WeightedLimit;NumStability.Analysis.Perturbation.LeastSquares.MinimumNorm;NumStability.Source.Higham.Chapter20.MinimumNormBackwardError,false,true,No matched declaration introducer; verify against elaborated origins before claiming zero environment declarations.
NumStability.Algorithms.LeastSquares.Higham20NormalEquationsNorms,NumStability/Algorithms/LeastSquares/Higham20NormalEquationsNorms.lean,Algorithms,15,0,4,NumStability.Algorithms.LeastSquares.Higham20Equations;NumStability.Algorithms.LeastSquares.Higham20Remaining;NumStability.Analysis.Perturbation.LeastSquares.NormalEquations;NumStability.Source.Higham.Chapter20.NormalEquations,false,true,No matched declaration introducer; verify against elaborated origins before claiming zero environment declarations.
NumStability.Algorithms.LeastSquares.Higham20Problem20_3,NumStability/Algorithms/LeastSquares/Higham20Problem20_3.lean,Algorithms,13,0,2,NumStability.Algorithms.LeastSquares.Higham20MPProse;NumStability.Source.Higham.Chapter20.Problem03,false,true,No matched declaration introducer; verify against elaborated origins before claiming zero environment declarations.
NumStability.Algorithms.LeastSquares.Higham20Prose,NumStability/Algorithms/LeastSquares/Higham20Prose.lean,Algorithms,15,0,4,NumStability.Algorithms.LeastSquares.LSQRSolve;NumStability.Algorithms.Underdetermined.Higham21ProjectorNorm;NumStability.Analysis.Perturbation.LeastSquares.Conditioning;NumStability.Source.Higham.Chapter20.Prose,false,true,No matched declaration introducer; verify against elaborated origins before claiming zero environment declarations.
NumStability.Algorithms.LeastSquares.Higham20QuantitativeProse,NumStability/Algorithms/LeastSquares/Higham20QuantitativeProse.lean,Algorithms,13,0,2,NumStability.Algorithms.LeastSquares.Higham20Prose;NumStability.Source.Higham.Chapter20.Prose.Quantitative,false,true,No matched declaration introducer; verify against elaborated origins before claiming zero environment declarations.
NumStability.Algorithms.LeastSquares.Higham20Refinement,NumStability/Algorithms/LeastSquares/Higham20Refinement.lean,Algorithms,17,0,6,Mathlib.Tactic.Linarith;Mathlib.Tactic.Ring;NumStability.Algorithms.LeastSquares.Higham20Equations;NumStability.Algorithms.LinearSystems.LeastSquares.Refinement;NumStability.Analysis.Perturbation.LeastSquares.Basic;NumStability.Source.Higham.Chapter20.Theorem04.Refinement,false,true,No matched declaration introducer; verify against elaborated origins before claiming zero environment declarations.
NumStability.Algorithms.LeastSquares.Higham20Remaining,NumStability/Algorithms/LeastSquares/Higham20Remaining.lean,Algorithms,17,0,6,Mathlib.Tactic.Linarith;Mathlib.Tactic.Ring;NumStability.Algorithms.HighamChapter10;NumStability.Algorithms.LeastSquares.LSE;NumStability.Algorithms.LeastSquares.LSNormalEquations;NumStability.Source.Higham.Chapter20.Remaining,false,true,No matched declaration introducer; verify against elaborated origins before claiming zero environment declarations.
NumStability.Algorithms.LeastSquares.Higham20ResidualQuality,NumStability/Algorithms/LeastSquares/Higham20ResidualQuality.lean,Algorithms,16,0,5,NumStability.Algorithms.LeastSquares.Higham20AlternativeBound;NumStability.Algorithms.LeastSquares.Higham20Theorem20_3;NumStability.Algorithms.LinearSystems.LeastSquares.Basic;NumStability.Analysis.Perturbation.LeastSquares.ResidualQuality;NumStability.Source.Higham.Chapter20.Theorem03.ResidualQuality,false,true,No matched declaration introducer; verify against elaborated origins before claiming zero environment declarations.
NumStability.Algorithms.LeastSquares.Higham20RowSorting,NumStability/Algorithms/LeastSquares/Higham20RowSorting.lean,Algorithms,14,0,3,NumStability.Algorithms.LeastSquares.Higham20EliminationActual;NumStability.Analysis.Perturbation.LeastSquares.Basic;NumStability.Source.Higham.Chapter20.Theorem07.RowPolicy,false,true,No matched declaration introducer; verify against elaborated origins before claiming zero environment declarations.
NumStability.Algorithms.LeastSquares.Higham20SourceAliases,NumStability/Algorithms/LeastSquares/Higham20SourceAliases.lean,Algorithms,10,0,3,NumStability.Source.Higham.Chapter20.Equation32;NumStability.Source.Higham.Chapter20.Lemma06;NumStability.Source.Higham.Chapter20.Theorem01,false,true,No matched declaration introducer; verify against elaborated origins before claiming zero environment declarations.
NumStability.Algorithms.LeastSquares.Higham20Theorem20_10,NumStability/Algorithms/LeastSquares/Higham20Theorem20_10.lean,Algorithms,15,0,4,NumStability.Algorithms.LeastSquares.Higham20Theorem20_3;NumStability.Algorithms.LeastSquares.LSE;NumStability.Analysis.Perturbation.LeastSquares.Equality.MixedStability;NumStability.Source.Higham.Chapter20.Theorem10,false,true,No matched declaration introducer; verify against elaborated origins before claiming zero environment declarations.
NumStability.Algorithms.LeastSquares.Higham20Theorem20_3,NumStability/Algorithms/LeastSquares/Higham20Theorem20_3.lean,Algorithms,14,0,3,NumStability.Algorithms.LeastSquares.LSQRSolve;NumStability.Algorithms.QR.Higham19;NumStability.Source.Higham.Chapter20.Theorem03,false,true,No matched declaration introducer; verify against elaborated origins before claiming zero environment declarations.
NumStability.Algorithms.LeastSquares.Higham20Theorem20_4Absorption,NumStability/Algorithms/LeastSquares/Higham20Theorem20_4Absorption.lean,Algorithms,14,0,3,NumStability.Algorithms.LeastSquares.Higham20Refinement;NumStability.Analysis.Perturbation.LeastSquares.Absorption;NumStability.Source.Higham.Chapter20.Theorem04,false,true,No matched declaration introducer; verify against elaborated origins before claiming zero environment declarations.
NumStability.Algorithms.LeastSquares.Higham20Theorem20_7,NumStability/Algorithms/LeastSquares/Higham20Theorem20_7.lean,Algorithms,19,0,8,NumStability.Algorithms.LeastSquares.LSQRSolve;NumStability.Algorithms.LinearSystems.LeastSquares.TraceKernel;NumStability.Algorithms.LinearSystems.QR.HouseholderApply;NumStability.Algorithms.LinearSystems.QR.Householder.StoredQR;NumStability.Algorithms.QR.Higham19Thm6CoxHigham;NumStability.Algorithms.QR.Higham19Thm6CoxHighamConcrete;NumStability.Analysis.Perturbation.LeastSquares.Contract;NumStability.Source.Higham.Chapter20.Theorem07,false,true,No matched declaration introducer; verify against elaborated origins before claiming zero environment declarations.
NumStability.Algorithms.LeastSquares.Higham20Theorem20_7ActualAssembly,NumStability/Algorithms/LeastSquares/Higham20Theorem20_7ActualAssembly.lean,Algorithms,13,0,2,NumStability.Algorithms.LeastSquares.Higham20Theorem20_7ActualRhs;NumStability.Source.Higham.Chapter20.Theorem07.ActualAssembly,false,true,No matched declaration introducer; verify against elaborated origins before claiming zero environment declarations.
NumStability.Algorithms.LeastSquares.Higham20Theorem20_7ActualBackSub,NumStability/Algorithms/LeastSquares/Higham20Theorem20_7ActualBackSub.lean,Algorithms,13,0,2,NumStability.Algorithms.LeastSquares.Higham20Theorem20_7ActualAssembly;NumStability.Source.Higham.Chapter20.Theorem07.ActualBackSub,false,true,No matched declaration introducer; verify against elaborated origins before claiming zero environment declarations.
NumStability.Algorithms.LeastSquares.Higham20Theorem20_7ActualClosure,NumStability/Algorithms/LeastSquares/Higham20Theorem20_7ActualClosure.lean,Algorithms,13,0,2,NumStability.Algorithms.LeastSquares.Higham20Theorem20_7ActualTrace;NumStability.Source.Higham.Chapter20.Theorem07.ActualClosure,false,true,No matched declaration introducer; verify against elaborated origins before claiming zero environment declarations.
NumStability.Algorithms.LeastSquares.Higham20Theorem20_7ActualGrowth,NumStability/Algorithms/LeastSquares/Higham20Theorem20_7ActualGrowth.lean,Algorithms,13,0,2,NumStability.Algorithms.LeastSquares.Higham20Theorem20_7ActualClosure;NumStability.Source.Higham.Chapter20.Theorem07.ActualGrowth,false,true,No matched declaration introducer; verify against elaborated origins before claiming zero environment declarations.
NumStability.Algorithms.LeastSquares.Higham20Theorem20_7ActualRhs,NumStability/Algorithms/LeastSquares/Higham20Theorem20_7ActualRhs.lean,Algorithms,13,0,2,NumStability.Algorithms.LeastSquares.Higham20Theorem20_7ActualGrowth;NumStability.Source.Higham.Chapter20.Theorem07.ActualRhs,false,true,No matched declaration introducer; verify against elaborated origins before claiming zero environment declarations.
NumStability.Algorithms.LeastSquares.Higham20Theorem20_7ActualTrace,NumStability/Algorithms/LeastSquares/Higham20Theorem20_7ActualTrace.lean,Algorithms,14,0,3,NumStability.Algorithms.LeastSquares.Higham20Theorem20_7SourceTrace;NumStability.Algorithms.LinearSystems.LeastSquares.TraceKernel;NumStability.Source.Higham.Chapter20.Theorem07.ActualTrace,false,true,No matched declaration introducer; verify against elaborated origins before claiming zero environment declarations.
NumStability.Algorithms.LeastSquares.Higham20Theorem20_7Contract,NumStability/Algorithms/LeastSquares/Higham20Theorem20_7Contract.lean,Algorithms,14,0,3,NumStability.Algorithms.LeastSquares.Higham20Theorem20_7QdR;NumStability.Algorithms.QR.Higham19Thm6RowSpecific;NumStability.Source.Higham.Chapter20.Theorem07.Contract,false,true,No matched declaration introducer; verify against elaborated origins before claiming zero environment declarations.
NumStability.Algorithms.LeastSquares.Higham20Theorem20_7QdR,NumStability/Algorithms/LeastSquares/Higham20Theorem20_7QdR.lean,Algorithms,15,0,4,NumStability.Algorithms.LeastSquares.Higham20Theorem20_7;NumStability.Algorithms.LinearSystems.LeastSquares.TraceKernel;NumStability.Analysis.Perturbation.LeastSquares.Contract;NumStability.Source.Higham.Chapter20.Theorem07.QdR,false,true,No matched declaration introducer; verify against elaborated origins before claiming zero environment declarations.
NumStability.Algorithms.LeastSquares.Higham20Theorem20_7Runtime,NumStability/Algorithms/LeastSquares/Higham20Theorem20_7Runtime.lean,Algorithms,14,0,3,NumStability.Algorithms.LeastSquares.Higham20Theorem20_7Contract;NumStability.Algorithms.LinearSystems.LeastSquares.TraceKernel;NumStability.Source.Higham.Chapter20.Theorem07.Runtime,false,true,No matched declaration introducer; verify against elaborated origins before claiming zero environment declarations.
NumStability.Algorithms.LeastSquares.Higham20Theorem20_7SourceTrace,NumStability/Algorithms/LeastSquares/Higham20Theorem20_7SourceTrace.lean,Algorithms,14,0,3,NumStability.Algorithms.LeastSquares.Higham20Theorem20_7Contract;NumStability.Algorithms.LinearSystems.LeastSquares.TraceKernel;NumStability.Source.Higham.Chapter20.Theorem07.SourceTrace,false,true,No matched declaration introducer; verify against elaborated origins before claiming zero environment declarations.
NumStability.Algorithms.LeastSquares.Higham20Theorem20_8,NumStability/Algorithms/LeastSquares/Higham20Theorem20_8.lean,Algorithms,14,0,3,NumStability.Algorithms.LeastSquares.LSE;NumStability.Analysis.Perturbation.LeastSquares.Equality.KKTInverse;NumStability.Source.Higham.Chapter20.Theorem08,false,true,No matched declaration introducer; verify against elaborated origins before claiming zero environment declarations.
NumStability.Algorithms.LeastSquares.Higham20WeightedLimit,NumStability/Algorithms/LeastSquares/Higham20WeightedLimit.lean,Algorithms,14,0,3,NumStability.Algorithms.LeastSquares.LSE;NumStability.Analysis.Perturbation.LeastSquares.WeightedLimit;NumStability.Source.Higham.Chapter20.Equations.WeightedLimit,false,true,No matched declaration introducer; verify against elaborated origins before claiming zero environment declarations.
NumStability.Algorithms.LeastSquares.Higham20ZeroDeltaB,NumStability/Algorithms/LeastSquares/Higham20ZeroDeltaB.lean,Algorithms,15,0,4,NumStability.Algorithms.LeastSquares.Higham20Theorem20_3;NumStability.Algorithms.LinearSystems.Underdetermined.MinimumNorm.Solvers.Executor.Core;NumStability.Algorithms.QR.Higham19Labels;NumStability.Source.Higham.Chapter20.Theorem03.ZeroDeltaB,false,true,No matched declaration introducer; verify against elaborated origins before claiming zero environment declarations.
NumStability.Algorithms.LeastSquares.LSE,NumStability/Algorithms/LeastSquares/LSE.lean,Algorithms,34,0,23,Mathlib.Algebra.BigOperators.Group.Finset.Basic;Mathlib.Algebra.Order.BigOperators.Group.Finset;Mathlib.Data.Fin.Tuple.Sort;Mathlib.Data.Real.Basic;Mathlib.LinearAlgebra.Dual.Lemmas;Mathlib.Tactic.Linarith;Mathlib.Tactic.Ring;NumStability.Algorithms.LeastSquares.LSQRSolve;NumStability.Algorithms.LinearSystems.LeastSquares.Equality.Basic;NumStability.Algorithms.LinearSystems.LeastSquares.Equality.GQR;NumStability.Algorithms.LinearSystems.LeastSquares.Equality.KKT;NumStability.Algorithms.LinearSystems.QR.GramSchmidtPolar;NumStability.Algorithms.QR.Higham19;NumStability.Algorithms.QR.Higham19Thm6ColPivot;NumStability.Algorithms.QR.Higham19Thm6CoxHigham;NumStability.Algorithms.QR.Higham19Thm6CoxHighamConcrete;NumStability.Algorithms.QR.Higham19Thm6ElementwisePackaged;NumStability.Algorithms.QR.Higham19Thm6RowSpecific;NumStability.Algorithms.Underdetermined.UnderdeterminedSpec;NumStability.Analysis.Perturbation.LeastSquares.Equality.MixedStability;NumStability.Analysis.Perturbation.LeastSquares.Equality.Perturbation;NumStability.Analysis.Perturbation.LeastSquares.Equality.RowwiseBackwardError;NumStability.Source.Higham.Chapter20.Theorem08.LSE,false,true,No matched declaration introducer; verify against elaborated origins before claiming zero environment declarations.
NumStability.Algorithms.LeastSquares.LSNormalEquations,NumStability/Algorithms/LeastSquares/LSNormalEquations.lean,Algorithms,27,0,16,Mathlib.Algebra.BigOperators.Group.Finset.Basic;Mathlib.Algebra.Order.BigOperators.Group.Finset;Mathlib.Data.Real.Basic;Mathlib.Tactic.FinCases;Mathlib.Tactic.Linarith;Mathlib.Tactic.NormNum;Mathlib.Tactic.Ring;NumStability.Algorithms.LinearSystems.Cholesky.Solve.Basic;NumStability.Algorithms.Cholesky.CholeskySpec;NumStability.Algorithms.LinearSystems.LeastSquares.NormalEquations;NumStability.Algorithms.MatMul;NumStability.Analysis.MatrixAlgebra;NumStability.Analysis.Perturbation.LeastSquares.NormalEquations;NumStability.Analysis.PerturbationTheory;NumStability.Analysis.Rounding;NumStability.FloatingPoint.Model,false,true,No matched declaration introducer; verify against elaborated origins before claiming zero environment declarations.
NumStability.Algorithms.LeastSquares.LSPerturbation,NumStability/Algorithms/LeastSquares/LSPerturbation.lean,Algorithms,18,0,7,Mathlib.Data.Real.Basic;NumStability.Analysis.MatrixAlgebra;NumStability.Analysis.MatrixSpectral;NumStability.Analysis.Perturbation.LeastSquares.Basic;NumStability.Analysis.Perturbation.LeastSquares.Wedin;NumStability.Analysis.SingularValues.Realification;NumStability.Source.Higham.Chapter20.Lemma11.Support,false,true,No matched declaration introducer; verify against elaborated origins before claiming zero environment declarations.
NumStability.Algorithms.LeastSquares.LSQRSolve,NumStability/Algorithms/LeastSquares/LSQRSolve.lean,Algorithms,43,0,32,Mathlib.Algebra.BigOperators.Group.Finset.Basic;Mathlib.Algebra.Order.BigOperators.Group.Finset;Mathlib.Analysis.Matrix.Spectrum;Mathlib.Data.Real.Basic;Mathlib.LinearAlgebra.Matrix.Rank;Mathlib.Tactic.FieldSimp;Mathlib.Tactic.Linarith;Mathlib.Tactic.Ring;NumStability.Algorithms.LeastSquares.LSPerturbation;NumStability.Algorithms.LinearSystems.LeastSquares.AugmentedSystem;NumStability.Algorithms.LinearSystems.LeastSquares.Basic;NumStability.Algorithms.LinearSystems.LeastSquares.GramBasis;NumStability.Algorithms.LinearSystems.LeastSquares.MGS;NumStability.Algorithms.LinearSystems.LeastSquares.NormalEquations;NumStability.Algorithms.LinearSystems.LeastSquares.QRSolve;NumStability.Algorithms.LinearSystems.LeastSquares.RankGeometry;NumStability.Algorithms.LinearSystems.LeastSquares.StoredQR;NumStability.Algorithms.LinearSystems.QR.Householder.StoredQR;NumStability.Algorithms.LinearSystems.QR.QRSolve;NumStability.Algorithms.LinearSystems.Triangular.BackSubstitution;NumStability.Algorithms.LinearSystems.Triangular.ForwardSubstitution;NumStability.Algorithms.LinearSystems.Triangular.InverseBounds;NumStability.Analysis.MatrixAlgebra;NumStability.Analysis.Perturbation.LeastSquares.AugmentedSystem;NumStability.Analysis.Perturbation.LeastSquares.BackwardError;NumStability.Analysis.Perturbation.LeastSquares.Basic;NumStability.Analysis.Perturbation.LeastSquares.GramBasis;NumStability.Analysis.Perturbation.LeastSquares.NormalEquations;NumStability.Analysis.Perturbation.LeastSquares.Normwise;NumStability.Analysis.PerturbationTheory;NumStability.Analysis.SingularValues.Realification;NumStability.Source.Higham.Chapter20.Theorem03.QRSolve,false,true,No matched declaration introducer; verify against elaborated origins before claiming zero environment declarations.
NumStability.Algorithms.LinearSystems.QR.HouseholderApplySupport,NumStability/Algorithms/LinearSystems/QR/HouseholderApplySupport.lean,Algorithms,21,0,1,NumStability.Algorithms.LinearSystems.QR.Householder.PanelApplication,true,true,No matched declaration introducer; verify against elaborated origins before claiming zero environment declarations.
NumStability.Algorithms.LinearSystems.QR.HouseholderQRSupport,NumStability/Algorithms/LinearSystems/QR/HouseholderQRSupport.lean,Algorithms,21,0,1,NumStability.Algorithms.LinearSystems.QR.Householder.StoredQR,true,true,No matched declaration introducer; verify against elaborated origins before claiming zero environment declarations.
NumStability.Algorithms.LinearSystems.QR.HouseholderSpecSupport,NumStability/Algorithms/LinearSystems/QR/HouseholderSpecSupport.lean,Algorithms,21,0,1,NumStability.Algorithms.LinearSystems.QR.Householder.TrailingPanels,true,true,No matched declaration introducer; verify against elaborated origins before claiming zero environment declarations.
NumStability.Algorithms.LinearSystems.Underdetermined.QR.Givens.StoredReplay.Closure,NumStability/Algorithms/LinearSystems/Underdetermined/QR/Givens/StoredReplay/Closure.lean,Algorithms,12,0,1,NumStability.Algorithms.LinearSystems.Underdetermined.QR.Givens.StoredReplay.EndToEnd.Core,false,true,No matched declaration introducer; verify against elaborated origins before claiming zero environment declarations.
NumStability.Algorithms.LinearSystems.Underdetermined.SeminormalEquations.ForwardError.ActualOutput,NumStability/Algorithms/LinearSystems/Underdetermined/SeminormalEquations/ForwardError/ActualOutput.lean,Algorithms,12,0,1,NumStability.Algorithms.LinearSystems.Underdetermined.SeminormalEquations.ForwardError.ComputedOutput.Core,false,true,No matched declaration introducer; verify against elaborated origins before claiming zero environment declarations.
NumStability.Algorithms.LinearSystems.Underdetermined.SeminormalEquations.HouseholderClosure.Closure,NumStability/Algorithms/LinearSystems/Underdetermined/SeminormalEquations/HouseholderClosure/Closure.lean,Algorithms,12,0,1,NumStability.Algorithms.LinearSystems.Underdetermined.SeminormalEquations.Householder.EndToEnd,false,true,No matched declaration introducer; verify against elaborated origins before claiming zero environment declarations.
NumStability.Algorithms.LinearSystems.Underdetermined.SeminormalEquations.HouseholderClosure.Uniform,NumStability/Algorithms/LinearSystems/Underdetermined/SeminormalEquations/HouseholderClosure/Uniform.lean,Algorithms,12,0,1,NumStability.Algorithms.LinearSystems.Underdetermined.SeminormalEquations.Householder.Uniform,false,true,No matched declaration introducer; verify against elaborated origins before claiming zero environment declarations.
NumStability.Algorithms.MatrixInversion,NumStability/Algorithms/MatrixInversion.lean,Algorithms,56,0,47,Mathlib.Algebra.BigOperators.Group.Finset.Basic;Mathlib.Algebra.BigOperators.Ring.Finset;Mathlib.Algebra.Order.BigOperators.Group.Finset;Mathlib.Data.Real.Basic;Mathlib.LinearAlgebra.Matrix.Orthogonal;Mathlib.Tactic.FieldSimp;Mathlib.Tactic.Linarith;Mathlib.Tactic.Ring;NumStability.Algorithms.LinearSystems.Triangular.BackSubstitution;NumStability.Algorithms.LinearSystems.Triangular.ForwardSubstitution;NumStability.Algorithms.LU.GaussianElimination;NumStability.Algorithms.LU.GrowthFactor;NumStability.Algorithms.LU.LUSolve;NumStability.Algorithms.MatMul;NumStability.Algorithms.MatrixInversion.LUFactors.ErrorAnalysis.MatrixInversion;NumStability.Algorithms.MatrixInversion.LUFactors.Methods.MatrixInversion;NumStability.Algorithms.MatrixInversion.Residuals.MatrixInversion;NumStability.Algorithms.MatrixInversion.Triangular.ErrorAnalysis.MatrixInversion;NumStability.Algorithms.MatrixInversion.Triangular.Specifications.MatrixInversion;NumStability.Algorithms.MatVec;NumStability.Algorithms.TestMatrices.UpperTriangularStress;NumStability.Analysis.Error.MatrixProducts.Contracts.MatrixInversion;NumStability.Analysis.Error.RoundingProducts.Core;NumStability.Analysis.ForwardError;NumStability.Analysis.MatrixAlgebra;NumStability.Analysis.MatrixNorms.HadamardDeterminant;NumStability.Analysis.Perturbation.LeastSquares.Wedin;NumStability.Analysis.Rounding;NumStability.FloatingPoint.Model;NumStability.Source.Higham.Chapter14.Equation34.DeterminantFromLU.MatrixInversion;NumStability.Source.Higham.Chapter14.Equation35.HymanBlockFactorization.MatrixInversion;NumStability.Source.Higham.Chapter14.Equation36.HymanDeterminant.MatrixInversion;NumStability.Source.Higham.Chapter14.Problem03.ResidualComparison.MatrixInversion;NumStability.Source.Higham.Chapter14.Problem04.ResidualCounterexample.MatrixInversion;NumStability.Source.Higham.Chapter14.Problem05.InverseBasedSolve.MatrixInversion;NumStability.Source.Higham.Chapter14.Problem07.OnesVector.MatrixInversion;NumStability.Source.Higham.Chapter14.Problem08.ComplexInverseRealBlock.MatrixInversion;NumStability.Source.Higham.Chapter14.Problem10.EntryPerturbation.MatrixInversion;NumStability.Source.Higham.Chapter14.Problem11.HadamardCondition.MatrixInversion;NumStability.Source.Higham.Chapter14.Problem12.ConditionNumberExamples.StressAndPeiMatrices;NumStability.Source.Higham.Chapter14.Problem12.HadamardExamples.MatrixInversion;NumStability.Source.Higham.Chapter14.Problem13.GEJBound.MatrixInversion;NumStability.Source.Higham.Chapter14.Problem14.HymanDeterminant.MatrixInversion;NumStability.Source.Higham.Chapter14.Problem15.DeterminantPerturbation.MatrixInversion;NumStability.Source.Higham.Chapter14.Section01.InverseErrorAnalysis.MatrixInversion;NumStability.Source.Higham.Chapter14.Section02.TriangularInversion.Method2B.MatrixInversion;NumStability.Source.Higham.Chapter14.Section03.LUFactorInversion.MethodD.MatrixInversion,false,true,No matched declaration introducer; verify against elaborated origins before claiming zero environment declarations.
NumStability.Algorithms.MatrixInversionMethod2BInstance,NumStability/Algorithms/MatrixInversionMethod2BInstance.lean,Algorithms,19,0,9,NumStability.Algorithms.Ch14Method2Loop;NumStability.Algorithms.LinearSystems.LU.BlockLU.FirstOrderModels;NumStability.Algorithms.MatMul;NumStability.Algorithms.MatrixInversion;NumStability.Analysis.FirstOrder.FixedPrecision;NumStability.Analysis.MatrixAlgebra;NumStability.Analysis.MatrixNorms.EntrywiseMaximum;NumStability.Source.Higham.Chapter13.Section01.OperationModels;NumStability.Source.Higham.Chapter14.Section02.TriangularInversion.Method2B.MatrixInversionMethod2BInstance,false,true,No matched declaration introducer; verify against elaborated origins before claiming zero environment declarations.
NumStability.Algorithms.MatrixPowers,NumStability/Algorithms/MatrixPowers.lean,Algorithms,25,0,19,Mathlib.Algebra.BigOperators.Group.Finset.Basic;Mathlib.Algebra.BigOperators.Ring.Finset;Mathlib.Algebra.Order.BigOperators.Group.Finset;Mathlib.Analysis.SpecificLimits.Basic;Mathlib.Data.Fintype.BigOperators;Mathlib.Data.Real.Basic;Mathlib.Tactic.FieldSimp;Mathlib.Tactic.Linarith;Mathlib.Tactic.Ring;NumStability.Algorithms.MatVec;NumStability.Algorithms.MatrixPowers.ComputedIteration.Model;NumStability.Algorithms.PolynomialEvaluation.MatrixNorms;NumStability.Analysis.LinearOperators.MatrixPowers.ExactNormBounds.Real;NumStability.Analysis.LinearOperators.MatrixPowers.JordanScaling.RealDiagonal;NumStability.Analysis.MatrixAlgebra;NumStability.Analysis.Rounding;NumStability.Source.Higham.Chapter18.Section01.MatrixPowerBounds.Equations04And05.RealDiagonal;NumStability.Source.Higham.Chapter18.Section02.FinitePrecisionPowers.Equations08To14.ComputedIteration;NumStability.Source.Higham.Chapter18.Section02.FinitePrecisionPowers.Theorems01And02.RealCases,false,true,No matched declaration introducer; verify against elaborated origins before claiming zero environment declarations.
NumStability.Algorithms.MatrixPowersComplex,NumStability/Algorithms/MatrixPowersComplex.lean,Algorithms,20,0,14,Mathlib.Algebra.BigOperators.Group.Finset.Basic;Mathlib.Algebra.BigOperators.Ring.Finset;Mathlib.Algebra.Order.BigOperators.Group.Finset;Mathlib.Analysis.SpecificLimits.Basic;Mathlib.Data.Fintype.BigOperators;Mathlib.Data.Real.Basic;Mathlib.Tactic.Linarith;Mathlib.Tactic.Ring;NumStability.Algorithms.MatrixPowersJordan;NumStability.Analysis.LinearOperators.MatrixPowers.ExactNormBounds.Complex;NumStability.Analysis.LinearOperators.MatrixPowers.JordanScaling.Complex;NumStability.Analysis.MatrixNorms.Basic;NumStability.Source.Higham.Chapter18.Section02.FinitePrecisionPowers.Equations08To14.ComplexSimilarity;NumStability.Source.Higham.Chapter18.Section02.FinitePrecisionPowers.Theorems01And02.ComplexJordan,false,true,No matched declaration introducer; verify against elaborated origins before claiming zero environment declarations.
NumStability.Algorithms.MatrixPowersJordan,NumStability/Algorithms/MatrixPowersJordan.lean,Algorithms,20,0,14,Mathlib.Algebra.BigOperators.Group.Finset.Basic;Mathlib.Algebra.BigOperators.Ring.Finset;Mathlib.Algebra.Order.BigOperators.Group.Finset;Mathlib.Analysis.Complex.ExponentialBounds;Mathlib.Analysis.SpecificLimits.Basic;Mathlib.Data.Fintype.BigOperators;Mathlib.Data.Real.Basic;Mathlib.Tactic.FieldSimp;Mathlib.Tactic.Linarith;Mathlib.Tactic.Ring;NumStability.Algorithms.MatrixPowers;NumStability.Analysis.LinearOperators.MatrixPowers.JordanScaling.RealJordan;NumStability.Source.Higham.Chapter18.Section01.MatrixPowerBounds.Equations04And05.RealJordan;NumStability.Source.Higham.Chapter18.Section02.FinitePrecisionPowers.Theorems01And02.RealJordan,false,true,No matched declaration introducer; verify against elaborated origins before claiming zero environment declarations.
NumStability.Algorithms.MatrixPowersLp,NumStability/Algorithms/MatrixPowersLp.lean,Algorithms,13,0,7,Mathlib.Algebra.BigOperators.Group.Finset.Basic;Mathlib.Data.Real.Basic;Mathlib.Tactic.Ring;NumStability.Algorithms.MatrixPowersComplex;NumStability.Analysis.LinearOperators.MatrixPowers.LpBounds.ComplexDiagonal;NumStability.Analysis.MatrixNorms.Lp;NumStability.Source.Higham.Chapter18.Section01.MatrixPowerBounds.Equations04And05.LpDiagonal,false,true,No matched declaration introducer; verify against elaborated origins before claiming zero environment declarations.
NumStability.Algorithms.MatrixPowersLpJordan,NumStability/Algorithms/MatrixPowersLpJordan.lean,Algorithms,14,0,8,Mathlib.Algebra.BigOperators.Group.Finset.Basic;Mathlib.Data.Real.Basic;Mathlib.Tactic.Linarith;Mathlib.Tactic.Ring;NumStability.Algorithms.MatrixPowersLp;NumStability.Analysis.LinearOperators.MatrixPowers.LpBounds.ComplexJordan;NumStability.Analysis.MatrixNorms.Lp;NumStability.Source.Higham.Chapter18.Section01.MatrixPowerBounds.Equations04And05.LpJordan,false,true,No matched declaration introducer; verify against elaborated origins before claiming zero environment declarations.
NumStability.Algorithms.MatrixPowersPseudospectral,NumStability/Algorithms/MatrixPowersPseudospectral.lean,Algorithms,10,0,4,NumStability.Algorithms.MatrixPowersComplex;NumStability.Analysis.LinearOperators.Pseudospectra.Perturbation.Definitions;NumStability.Analysis.MatrixNorms.SpectralRadius;NumStability.Source.Higham.Chapter18.Section02.FinitePrecisionPowers.Theorems01And02.PseudospectralPackaging,false,true,No matched declaration introducer; verify against elaborated origins before claiming zero environment declarations.
NumStability.Algorithms.MatrixPowersPseudospectralCriterion,NumStability/Algorithms/MatrixPowersPseudospectralCriterion.lean,Algorithms,9,0,3,NumStability.Algorithms.MatrixPowersPseudospectral;NumStability.Analysis.LinearOperators.Pseudospectra.Perturbation.ConvergenceCriterion;NumStability.Source.Higham.Chapter18.Section02.FinitePrecisionPowers.Theorems01And02.PseudospectralCriterion,false,true,No matched declaration introducer; verify against elaborated origins before claiming zero environment declarations.
NumStability.Algorithms.MatrixPowersSpectral,NumStability/Algorithms/MatrixPowersSpectral.lean,Algorithms,12,0,6,Mathlib.Analysis.Matrix.Normed;Mathlib.Analysis.Normed.Algebra.GelfandFormula;Mathlib.LinearAlgebra.Matrix.FiniteDimensional;NumStability.Algorithms.MatrixPowers;NumStability.Analysis.LinearOperators.MatrixPowers.ExactNormBounds.SpectralRadius;NumStability.Source.Higham.Chapter18.Section02.FinitePrecisionPowers.Theorems01And02.SpectralCriterion,false,true,No matched declaration introducer; verify against elaborated origins before claiming zero environment declarations.
NumStability.Algorithms.Nonlinear.Higham25,NumStability/Algorithms/Nonlinear/Higham25.lean,Algorithms,8,0,1,NumStability.Source.Higham.Chapter25.NonlinearSystems,false,true,No matched declaration introducer; verify against elaborated origins before claiming zero environment declarations.
NumStability.Algorithms.Nonlinear.Higham25EigenClosure,NumStability/Algorithms/Nonlinear/Higham25EigenClosure.lean,Algorithms,8,0,1,NumStability.Source.Higham.Chapter25.Eigenproblem,false,true,No matched declaration introducer; verify against elaborated origins before claiming zero environment declarations.
NumStability.Algorithms.Nonlinear.Higham25Problem25_1,NumStability/Algorithms/Nonlinear/Higham25Problem25_1.lean,Algorithms,8,0,1,NumStability.Source.Higham.Chapter25.Problem01,false,true,No matched declaration introducer; verify against elaborated origins before claiming zero environment declarations.
NumStability.Algorithms.NormEstimation.PNorm.Endpoints.ConvergenceStatements,NumStability/Algorithms/NormEstimation/PNorm/Endpoints/ConvergenceStatements.lean,Algorithms,35,0,25,Mathlib.Algebra.BigOperators.Group.Finset.Basic;Mathlib.Algebra.BigOperators.Ring.Finset;Mathlib.Algebra.Order.BigOperators.Group.Finset;Mathlib.Analysis.Calculus.Deriv.Add;Mathlib.Analysis.Calculus.LocalExtr.Basic;Mathlib.Analysis.InnerProductSpace.NormPow;Mathlib.Analysis.SpecialFunctions.Sqrt;Mathlib.Data.Fintype.BigOperators;Mathlib.Data.Real.Basic;Mathlib.Order.Fin.Basic;Mathlib.Tactic.FieldSimp;Mathlib.Tactic.Linarith;Mathlib.Tactic.Ring;Mathlib.Topology.MetricSpace.ProperSpace;Mathlib.Topology.Order.MonotoneConvergence;Mathlib.Topology.Sequences;NumStability.Algorithms.LU.GrowthFactor;NumStability.Algorithms.NormEstimation.OneNorm.FiniteIndex.Basic;NumStability.Algorithms.NormEstimation.OneNorm.PowerMethod.CondEstimation;NumStability.Algorithms.NormEstimation.OneNorm.PowerMethod.PNormPowerMethod;NumStability.Algorithms.NormEstimation.PNorm.OneAndInfinityNorms.Square;NumStability.Algorithms.NormEstimation.PNorm.PowerMethod.PNormPowerMethod;NumStability.Analysis.MatrixAlgebra;NumStability.Analysis.MatrixNorms.Lp;NumStability.Analysis.SingularValues.Realification,false,true,No matched declaration introducer; verify against elaborated origins before claiming zero environment declarations.
NumStability.Algorithms.NormEstimation.PNorm.Endpoints.PNormRectangular,NumStability/Algorithms/NormEstimation/PNorm/Endpoints/PNormRectangular.lean,Algorithms,30,0,20,Mathlib.Algebra.BigOperators.Group.Finset.Basic;Mathlib.Algebra.BigOperators.Ring.Finset;Mathlib.Algebra.Order.BigOperators.Group.Finset;Mathlib.Analysis.Calculus.Deriv.Add;Mathlib.Analysis.Calculus.LocalExtr.Basic;Mathlib.Analysis.InnerProductSpace.NormPow;Mathlib.Analysis.SpecialFunctions.Sqrt;Mathlib.Data.Fintype.BigOperators;Mathlib.Data.Real.Basic;Mathlib.Tactic.FieldSimp;Mathlib.Tactic.Linarith;Mathlib.Tactic.Ring;NumStability.Algorithms.LU.GrowthFactor;NumStability.Algorithms.NormEstimation.OneNorm.PowerMethod.CondEstimation;NumStability.Algorithms.NormEstimation.OneNorm.PowerMethod.PNormPowerMethod;NumStability.Algorithms.NormEstimation.PNorm.OneAndInfinityNorms.Rectangular;NumStability.Algorithms.NormEstimation.PNorm.Rectangular.PNormRectangular;NumStability.Analysis.MatrixAlgebra;NumStability.Analysis.MatrixNorms.Lp;NumStability.Analysis.SingularValues.Realification,false,true,No matched declaration introducer; verify against elaborated origins before claiming zero environment declarations.
NumStability.Algorithms.OrderingExamples,NumStability/Algorithms/OrderingExamples.lean,Algorithms,20,0,10,Batteries.Data.RBMap.Depth;Batteries.Data.RBMap.Lemmas;Mathlib.Data.Nat.Log;Mathlib.Tactic.FinCases;Mathlib.Tactic.Linarith;Mathlib.Tactic.Ring;NumStability.Algorithms.Summation.Insertion.ActiveList;NumStability.Algorithms.Summation.Recursive.Core;NumStability.Algorithms.Summation.Tree.Core;NumStability.Source.Higham.Chapter04.Equation05.OrderingExamples.Basic,false,true,No matched declaration introducer; verify against elaborated origins before claiming zero environment declarations.
NumStability.Algorithms.PNormPowerMethod,NumStability/Algorithms/PNormPowerMethod.lean,Algorithms,30,0,21,Mathlib.Algebra.BigOperators.Group.Finset.Basic;Mathlib.Algebra.BigOperators.Ring.Finset;Mathlib.Algebra.Order.BigOperators.Group.Finset;Mathlib.Analysis.Calculus.Deriv.Add;Mathlib.Analysis.Calculus.LocalExtr.Basic;Mathlib.Analysis.SpecialFunctions.Sqrt;Mathlib.Data.Fintype.BigOperators;Mathlib.Data.Real.Basic;Mathlib.Tactic.Linarith;Mathlib.Tactic.Ring;NumStability.Algorithms.CondEstimation;NumStability.Algorithms.NormEstimation.OneNorm.PowerMethod.PNormPowerMethod;NumStability.Algorithms.NormEstimation.PNorm.Duality.PNormPowerMethod;NumStability.Algorithms.NormEstimation.PNorm.PowerMethod.PNormPowerMethod;NumStability.Analysis.MatrixAlgebra;NumStability.Source.Higham.Chapter15.Algorithm01.PNormPowerMethod.PNormPowerMethod;NumStability.Source.Higham.Chapter15.Equation02.Subgradient.PNormPowerMethod;NumStability.Source.Higham.Chapter15.Equation03.GradientQuotient.PNormPowerMethod;NumStability.Source.Higham.Chapter15.Equation04.NormalizedDualDiscrepancy.Basic;NumStability.Source.Higham.Chapter15.Equation05.SubgradientInequality.Basic;NumStability.Source.Higham.Chapter15.Lemma02.PNormPowerMethod.PNormPowerMethod,false,true,No matched declaration introducer; verify against elaborated origins before claiming zero environment declarations.
NumStability.Algorithms.PNormPowerMethodGeneralP,NumStability/Algorithms/PNormPowerMethodGeneralP.lean,Algorithms,19,0,10,Mathlib.Analysis.InnerProductSpace.NormPow;NumStability.Algorithms.NormEstimation.PNorm.Boyd.Differentiation.PNormGeneral;NumStability.Algorithms.NormEstimation.PNorm.Duality.PNormGeneral;NumStability.Algorithms.NormEstimation.PNorm.PowerMethod.PNormGeneral;NumStability.Algorithms.NormEstimation.PNorm.Rectangular.PNormGeneral;NumStability.Algorithms.PNormPowerMethod;NumStability.Analysis.MatrixNorms.Lp;NumStability.Analysis.SingularValues.Realification;NumStability.Source.Higham.Chapter15.Equation02.Subgradient.PNormGeneral;NumStability.Source.Higham.Chapter15.Equation03.GradientQuotient.PNormGeneral,false,true,No matched declaration introducer; verify against elaborated origins before claiming zero environment declarations.
NumStability.Algorithms.PNormPowerMethodRect,NumStability/Algorithms/PNormPowerMethodRect.lean,Algorithms,14,0,5,NumStability.Algorithms.NormEstimation.PNorm.Endpoints.PNormRectangular;NumStability.Algorithms.NormEstimation.PNorm.Rectangular.PNormRectangular;NumStability.Algorithms.PNormPowerMethodGeneralP;NumStability.Source.Higham.Chapter15.Algorithm01.PNormPowerMethod.PNormRectangular;NumStability.Source.Higham.Chapter15.Lemma02.PNormPowerMethod.PNormRectangular,false,true,No matched declaration introducer; verify against elaborated origins before claiming zero environment declarations.
NumStability.Algorithms.PairwiseSum,NumStability/Algorithms/PairwiseSum.lean,Algorithms,7,0,1,NumStability.Algorithms.Summation.Pairwise,false,true,No matched declaration introducer; verify against elaborated origins before claiming zero environment declarations.
NumStability.Algorithms.PlusMinusSum,NumStability/Algorithms/PlusMinusSum.lean,Algorithms,7,0,1,NumStability.Algorithms.Summation.PlusMinus,false,true,No matched declaration introducer; verify against elaborated origins before claiming zero environment declarations.
NumStability.Algorithms.Problem44SixTerm,NumStability/Algorithms/Problem44SixTerm.lean,Algorithms,8,0,1,NumStability.Source.Higham.Chapter04.Problem04,false,true,No matched declaration introducer; verify against elaborated origins before claiming zero environment declarations.
NumStability.Algorithms.QR.GivensMatrixStep,NumStability/Algorithms/QR/GivensMatrixStep.lean,Algorithms,23,0,1,NumStability.Algorithms.LinearSystems.QR.GivensMatrixStep,false,true,No matched declaration introducer; verify against elaborated origins before claiming zero environment declarations.
NumStability.Algorithms.QR.GivensQR,NumStability/Algorithms/QR/GivensQR.lean,Algorithms,23,0,1,NumStability.Algorithms.LinearSystems.QR.GivensQR,false,true,No matched declaration introducer; verify against elaborated origins before claiming zero environment declarations.
NumStability.Algorithms.QR.GivensSpec,NumStability/Algorithms/QR/GivensSpec.lean,Algorithms,23,0,1,NumStability.Algorithms.LinearSystems.QR.GivensSpec,false,true,No matched declaration introducer; verify against elaborated origins before claiming zero environment declarations.
NumStability.Algorithms.QR.GramSchmidt,NumStability/Algorithms/QR/GramSchmidt.lean,Algorithms,23,0,1,NumStability.Algorithms.LinearSystems.QR.GramSchmidt,false,true,No matched declaration introducer; verify against elaborated origins before claiming zero environment declarations.
NumStability.Algorithms.QR.GramSchmidtPolar,NumStability/Algorithms/QR/GramSchmidtPolar.lean,Algorithms,23,0,1,NumStability.Algorithms.LinearSystems.QR.GramSchmidtPolar,false,true,No matched declaration introducer; verify against elaborated origins before claiming zero environment declarations.
NumStability.Algorithms.QR.Higham19,NumStability/Algorithms/QR/Higham19.lean,Algorithms,23,0,1,NumStability.Source.Higham.Chapter19.Core,false,true,No matched declaration introducer; verify against elaborated origins before claiming zero environment declarations.
NumStability.Algorithms.QR.Higham19Alg11CGSRounded,NumStability/Algorithms/QR/Higham19Alg11CGSRounded.lean,Algorithms,23,0,1,NumStability.Source.Higham.Chapter19.Algorithm11.CGSRounded,false,true,No matched declaration introducer; verify against elaborated origins before claiming zero environment declarations.
NumStability.Algorithms.QR.Higham19Alg12MGSClosure,NumStability/Algorithms/QR/Higham19Alg12MGSClosure.lean,Algorithms,23,0,1,NumStability.Source.Higham.Chapter19.Algorithm12.MGSClosure,false,true,No matched declaration introducer; verify against elaborated origins before claiming zero environment declarations.
NumStability.Algorithms.QR.Higham19Alg12MGSNonbreakdown,NumStability/Algorithms/QR/Higham19Alg12MGSNonbreakdown.lean,Algorithms,23,0,1,NumStability.Source.Higham.Chapter19.Algorithm12.MGSNonbreakdown,false,true,No matched declaration introducer; verify against elaborated origins before claiming zero environment declarations.
NumStability.Algorithms.QR.Higham19Alg12MGSPaddedClosure,NumStability/Algorithms/QR/Higham19Alg12MGSPaddedClosure.lean,Algorithms,23,0,1,NumStability.Source.Higham.Chapter19.Algorithm12.MGSPaddedClosure,false,true,No matched declaration introducer; verify against elaborated origins before claiming zero environment declarations.
NumStability.Algorithms.QR.Higham19Alg12MGSRepair,NumStability/Algorithms/QR/Higham19Alg12MGSRepair.lean,Algorithms,23,0,1,NumStability.Source.Higham.Chapter19.Algorithm12.MGSRepair,false,true,No matched declaration introducer; verify against elaborated origins before claiming zero environment declarations.
NumStability.Algorithms.QR.Higham19Alg12MGSRounded,NumStability/Algorithms/QR/Higham19Alg12MGSRounded.lean,Algorithms,23,0,1,NumStability.Source.Higham.Chapter19.Algorithm12.MGSRounded,false,true,No matched declaration introducer; verify against elaborated origins before claiming zero environment declarations.
NumStability.Algorithms.QR.Higham19Alg12MGSSourceRate,NumStability/Algorithms/QR/Higham19Alg12MGSSourceRate.lean,Algorithms,23,0,1,NumStability.Source.Higham.Chapter19.Algorithm12.MGSSourceRate,false,true,No matched declaration introducer; verify against elaborated origins before claiming zero environment declarations.
NumStability.Algorithms.QR.Higham19FormedQ,NumStability/Algorithms/QR/Higham19FormedQ.lean,Algorithms,23,0,1,NumStability.Source.Higham.Chapter19.FormedQ,false,true,No matched declaration introducer; verify against elaborated origins before claiming zero environment declarations.
NumStability.Algorithms.QR.Higham19Labels,NumStability/Algorithms/QR/Higham19Labels.lean,Algorithms,23,0,1,NumStability.Source.Higham.Chapter19.Labels,false,true,No matched declaration introducer; verify against elaborated origins before claiming zero environment declarations.
NumStability.Algorithms.QR.Higham19Lemma3ActualSequence,NumStability/Algorithms/QR/Higham19Lemma3ActualSequence.lean,Algorithms,23,0,1,NumStability.Source.Higham.Chapter19.Lemma03.ActualSequence,false,true,No matched declaration introducer; verify against elaborated origins before claiming zero environment declarations.
NumStability.Algorithms.QR.Higham19Lemma7Gamma4,NumStability/Algorithms/QR/Higham19Lemma7Gamma4.lean,Algorithms,23,0,1,NumStability.Source.Higham.Chapter19.Lemma07.Gamma4,false,true,No matched declaration introducer; verify against elaborated origins before claiming zero environment declarations.
NumStability.Algorithms.QR.Higham19Lemma9DisjointSweep,NumStability/Algorithms/QR/Higham19Lemma9DisjointSweep.lean,Algorithms,23,0,1,NumStability.Source.Higham.Chapter19.Lemma09.DisjointSweep,false,true,No matched declaration introducer; verify against elaborated origins before claiming zero environment declarations.
NumStability.Algorithms.QR.Higham19PolarNearest,NumStability/Algorithms/QR/Higham19PolarNearest.lean,Algorithms,23,0,1,NumStability.Source.Higham.Chapter19.PolarNearest,false,true,No matched declaration introducer; verify against elaborated origins before claiming zero environment declarations.
NumStability.Algorithms.QR.Higham19Problem19_10,NumStability/Algorithms/QR/Higham19Problem19_10.lean,Algorithms,23,0,1,NumStability.Source.Higham.Chapter19.Problem10,false,true,No matched declaration introducer; verify against elaborated origins before claiming zero environment declarations.
NumStability.Algorithms.QR.Higham19Problem19_9,NumStability/Algorithms/QR/Higham19Problem19_9.lean,Algorithms,23,0,1,NumStability.Source.Higham.Chapter19.Problem09,false,true,No matched declaration introducer; verify against elaborated origins before claiming zero environment declarations.
NumStability.Algorithms.QR.Higham19Problem6ActualStep,NumStability/Algorithms/QR/Higham19Problem6ActualStep.lean,Algorithms,23,0,1,NumStability.Source.Higham.Chapter19.Problem06.ActualStep,false,true,No matched declaration introducer; verify against elaborated origins before claiming zero environment declarations.
NumStability.Algorithms.QR.Higham19Sensitivity,NumStability/Algorithms/QR/Higham19Sensitivity.lean,Algorithms,23,0,1,NumStability.Source.Higham.Chapter19.Sensitivity,false,true,No matched declaration introducer; verify against elaborated origins before claiming zero environment declarations.
NumStability.Algorithms.QR.Higham19SensitivityClosure,NumStability/Algorithms/QR/Higham19SensitivityClosure.lean,Algorithms,23,0,1,NumStability.Source.Higham.Chapter19.Sensitivity.Closure,false,true,No matched declaration introducer; verify against elaborated origins before claiming zero environment declarations.
NumStability.Algorithms.QR.Higham19StoredLoop,NumStability/Algorithms/QR/Higham19StoredLoop.lean,Algorithms,23,0,1,NumStability.Source.Higham.Chapter19.StoredLoop,false,true,No matched declaration introducer; verify against elaborated origins before claiming zero environment declarations.
NumStability.Algorithms.QR.Higham19StoredLoopAllPivots,NumStability/Algorithms/QR/Higham19StoredLoopAllPivots.lean,Algorithms,23,0,1,NumStability.Source.Higham.Chapter19.StoredLoop.AllPivots,false,true,No matched declaration introducer; verify against elaborated origins before claiming zero environment declarations.
NumStability.Algorithms.QR.Higham19StoredLoopStrongModel,NumStability/Algorithms/QR/Higham19StoredLoopStrongModel.lean,Algorithms,23,0,1,NumStability.Source.Higham.Chapter19.StoredLoop.StrongModel,false,true,No matched declaration introducer; verify against elaborated origins before claiming zero environment declarations.
NumStability.Algorithms.QR.Higham19SunBischof,NumStability/Algorithms/QR/Higham19SunBischof.lean,Algorithms,23,0,1,NumStability.Source.Higham.Chapter19.SunBischof,false,true,No matched declaration introducer; verify against elaborated origins before claiming zero environment declarations.
NumStability.Algorithms.QR.Higham19Theorem10ActualMatrix,NumStability/Algorithms/QR/Higham19Theorem10ActualMatrix.lean,Algorithms,23,0,1,NumStability.Source.Higham.Chapter19.Theorem10.ActualMatrix,false,true,No matched declaration introducer; verify against elaborated origins before claiming zero environment declarations.
NumStability.Algorithms.QR.Higham19Theorem5Nonbreakdown,NumStability/Algorithms/QR/Higham19Theorem5Nonbreakdown.lean,Algorithms,23,0,1,NumStability.Source.Higham.Chapter19.Theorem05.Nonbreakdown,false,true,No matched declaration introducer; verify against elaborated origins before claiming zero environment declarations.
NumStability.Algorithms.QR.Higham19Theorem5SourceClosure,NumStability/Algorithms/QR/Higham19Theorem5SourceClosure.lean,Algorithms,23,0,1,NumStability.Source.Higham.Chapter19.Theorem05.SourceClosure,false,true,No matched declaration introducer; verify against elaborated origins before claiming zero environment declarations.
NumStability.Algorithms.QR.Higham19Theorem6ActualSource,NumStability/Algorithms/QR/Higham19Theorem6ActualSource.lean,Algorithms,23,0,1,NumStability.Source.Higham.Chapter19.Theorem06.ActualSource,false,true,No matched declaration introducer; verify against elaborated origins before claiming zero environment declarations.
NumStability.Algorithms.QR.Higham19Thm6ColPivot,NumStability/Algorithms/QR/Higham19Thm6ColPivot.lean,Algorithms,23,0,1,NumStability.Source.Higham.Chapter19.Theorem06.ColumnPivot,false,true,No matched declaration introducer; verify against elaborated origins before claiming zero environment declarations.
NumStability.Algorithms.QR.Higham19Thm6ColPivotFull,NumStability/Algorithms/QR/Higham19Thm6ColPivotFull.lean,Algorithms,23,0,1,NumStability.Source.Higham.Chapter19.Theorem06.ColumnPivotFull,false,true,No matched declaration introducer; verify against elaborated origins before claiming zero environment declarations.
NumStability.Algorithms.QR.Higham19Thm6CoxHigham,NumStability/Algorithms/QR/Higham19Thm6CoxHigham.lean,Algorithms,23,0,1,NumStability.Source.Higham.Chapter19.Theorem06.CoxHigham,false,true,No matched declaration introducer; verify against elaborated origins before claiming zero environment declarations.
NumStability.Algorithms.QR.Higham19Thm6CoxHighamAssembly,NumStability/Algorithms/QR/Higham19Thm6CoxHighamAssembly.lean,Algorithms,23,0,1,NumStability.Source.Higham.Chapter19.Theorem06.CoxHighamAssembly,false,true,No matched declaration introducer; verify against elaborated origins before claiming zero environment declarations.
NumStability.Algorithms.QR.Higham19Thm6CoxHighamConcrete,NumStability/Algorithms/QR/Higham19Thm6CoxHighamConcrete.lean,Algorithms,23,0,1,NumStability.Source.Higham.Chapter19.Theorem06.CoxHighamConcrete,false,true,No matched declaration introducer; verify against elaborated origins before claiming zero environment declarations.
NumStability.Algorithms.QR.Higham19Thm6CoxHighamFull,NumStability/Algorithms/QR/Higham19Thm6CoxHighamFull.lean,Algorithms,23,0,1,NumStability.Source.Higham.Chapter19.Theorem06.CoxHighamFull,false,true,No matched declaration introducer; verify against elaborated origins before claiming zero environment declarations.
NumStability.Algorithms.QR.Higham19Thm6Elementwise,NumStability/Algorithms/QR/Higham19Thm6Elementwise.lean,Algorithms,23,0,1,NumStability.Source.Higham.Chapter19.Theorem06.Elementwise,false,true,No matched declaration introducer; verify against elaborated origins before claiming zero environment declarations.
NumStability.Algorithms.QR.Higham19Thm6ElementwiseEntry,NumStability/Algorithms/QR/Higham19Thm6ElementwiseEntry.lean,Algorithms,23,0,1,NumStability.Source.Higham.Chapter19.Theorem06.ElementwiseEntry,false,true,No matched declaration introducer; verify against elaborated origins before claiming zero environment declarations.
NumStability.Algorithms.QR.Higham19Thm6ElementwisePackaged,NumStability/Algorithms/QR/Higham19Thm6ElementwisePackaged.lean,Algorithms,23,0,1,NumStability.Source.Higham.Chapter19.Theorem06.ElementwisePackaged,false,true,No matched declaration introducer; verify against elaborated origins before claiming zero environment declarations.
NumStability.Algorithms.QR.Higham19Thm6Final,NumStability/Algorithms/QR/Higham19Thm6Final.lean,Algorithms,23,0,1,NumStability.Source.Higham.Chapter19.Theorem06.Final,false,true,No matched declaration introducer; verify against elaborated origins before claiming zero environment declarations.
NumStability.Algorithms.QR.Higham19Thm6Pivoted,NumStability/Algorithms/QR/Higham19Thm6Pivoted.lean,Algorithms,23,0,1,NumStability.Source.Higham.Chapter19.Theorem06.Pivoted,false,true,No matched declaration introducer; verify against elaborated origins before claiming zero environment declarations.
NumStability.Algorithms.QR.Higham19Thm6RowSpecific,NumStability/Algorithms/QR/Higham19Thm6RowSpecific.lean,Algorithms,23,0,1,NumStability.Source.Higham.Chapter19.Theorem06.RowSpecific,false,true,No matched declaration introducer; verify against elaborated origins before claiming zero environment declarations.
NumStability.Algorithms.QR.Higham19Thm6StrongModel,NumStability/Algorithms/QR/Higham19Thm6StrongModel.lean,Algorithms,23,0,1,NumStability.Source.Higham.Chapter19.Theorem06.StrongModel,false,true,No matched declaration introducer; verify against elaborated origins before claiming zero environment declarations.
NumStability.Algorithms.QR.Higham19TurnbullAitken,NumStability/Algorithms/QR/Higham19TurnbullAitken.lean,Algorithms,23,0,1,NumStability.Source.Higham.Chapter19.TurnbullAitken,false,true,No matched declaration introducer; verify against elaborated origins before claiming zero environment declarations.
NumStability.Algorithms.QR.Higham19WYApplicationClosure,NumStability/Algorithms/QR/Higham19WYApplicationClosure.lean,Algorithms,23,0,1,NumStability.Source.Higham.Chapter19.WYApplicationClosure,false,true,No matched declaration introducer; verify against elaborated origins before claiming zero environment declarations.
NumStability.Algorithms.QR.HouseholderApply,NumStability/Algorithms/QR/HouseholderApply.lean,Algorithms,23,0,1,NumStability.Algorithms.LinearSystems.QR.HouseholderApply,false,true,No matched declaration introducer; verify against elaborated origins before claiming zero environment declarations.
NumStability.Algorithms.QR.HouseholderApplySupport,NumStability/Algorithms/QR/HouseholderApplySupport.lean,Algorithms,26,0,1,NumStability.Algorithms.LinearSystems.QR.Householder.PanelApplication,false,true,No matched declaration introducer; verify against elaborated origins before claiming zero environment declarations.
NumStability.Algorithms.QR.HouseholderConstruction2,NumStability/Algorithms/QR/HouseholderConstruction2.lean,Algorithms,25,0,2,NumStability.Algorithms.LinearSystems.QR.HouseholderConstruction2;NumStability.Source.Higham.Chapter19.Lemma01.Construction2,false,true,No matched declaration introducer; verify against elaborated origins before claiming zero environment declarations.
NumStability.Algorithms.QR.HouseholderMatrixStep,NumStability/Algorithms/QR/HouseholderMatrixStep.lean,Algorithms,23,0,1,NumStability.Algorithms.LinearSystems.QR.HouseholderMatrixStep,false,true,No matched declaration introducer; verify against elaborated origins before claiming zero environment declarations.
NumStability.Algorithms.QR.HouseholderOneStep,NumStability/Algorithms/QR/HouseholderOneStep.lean,Algorithms,23,0,1,NumStability.Algorithms.LinearSystems.QR.HouseholderOneStep,false,true,No matched declaration introducer; verify against elaborated origins before claiming zero environment declarations.
NumStability.Algorithms.QR.HouseholderQApply,NumStability/Algorithms/QR/HouseholderQApply.lean,Algorithms,23,0,1,NumStability.Algorithms.LinearSystems.QR.HouseholderQApply,false,true,No matched declaration introducer; verify against elaborated origins before claiming zero environment declarations.
NumStability.Algorithms.QR.HouseholderQR,NumStability/Algorithms/QR/HouseholderQR.lean,Algorithms,23,0,1,NumStability.Algorithms.LinearSystems.QR.HouseholderQR,false,true,No matched declaration introducer; verify against elaborated origins before claiming zero environment declarations.
NumStability.Algorithms.QR.HouseholderQRSupport,NumStability/Algorithms/QR/HouseholderQRSupport.lean,Algorithms,26,0,1,NumStability.Algorithms.LinearSystems.QR.Householder.StoredQR,false,true,No matched declaration introducer; verify against elaborated origins before claiming zero environment declarations.
NumStability.Algorithms.QR.HouseholderReflector,NumStability/Algorithms/QR/HouseholderReflector.lean,Algorithms,23,0,1,NumStability.Algorithms.LinearSystems.QR.HouseholderReflector,false,true,No matched declaration introducer; verify against elaborated origins before claiming zero environment declarations.
NumStability.Algorithms.QR.HouseholderSpec,NumStability/Algorithms/QR/HouseholderSpec.lean,Algorithms,23,0,1,NumStability.Algorithms.LinearSystems.QR.HouseholderSpec,false,true,No matched declaration introducer; verify against elaborated origins before claiming zero environment declarations.
NumStability.Algorithms.QR.HouseholderSpecSupport,NumStability/Algorithms/QR/HouseholderSpecSupport.lean,Algorithms,26,0,1,NumStability.Algorithms.LinearSystems.QR.Householder.TrailingPanels,false,true,No matched declaration introducer; verify against elaborated origins before claiming zero environment declarations.
NumStability.Algorithms.QR.QRSolve,NumStability/Algorithms/QR/QRSolve.lean,Algorithms,23,0,1,NumStability.Algorithms.LinearSystems.QR.QRSolve,false,true,No matched declaration introducer; verify against elaborated origins before claiming zero environment declarations.
NumStability.Algorithms.RecursiveSum,NumStability/Algorithms/RecursiveSum.lean,Algorithms,7,0,1,NumStability.Algorithms.Summation.Recursive,false,true,No matched declaration introducer; verify against elaborated origins before claiming zero environment declarations.
NumStability.Algorithms.SoftwareIssues.Higham27,NumStability/Algorithms/SoftwareIssues/Higham27.lean,Algorithms,15,0,1,NumStability.Source.Higham.Chapter27.SoftwareEnvironment,false,true,No matched declaration introducer; verify against elaborated origins before claiming zero environment declarations.
NumStability.Algorithms.SoftwareIssues.Higham27Pythag,NumStability/Algorithms/SoftwareIssues/Higham27Pythag.lean,Algorithms,15,0,1,NumStability.Source.Higham.Chapter27.Problem06,false,true,No matched declaration introducer; verify against elaborated origins before claiming zero environment declarations.
NumStability.Algorithms.StationaryIteration,NumStability/Algorithms/StationaryIteration.lean,Algorithms,11,0,4,NumStability.Algorithms.LinearSystems.Iterative.Stationary.Semiconvergence.Projectors.FixedRange;NumStability.Source.Higham.Chapter17.Results.Equation20.DiagonalizableBounds;NumStability.Source.Higham.Chapter17.Results.Equation27.SingularErrorSplit;NumStability.Source.Higham.Chapter17.Results.Equation29.SingularBounds,false,true,No matched declaration introducer; verify against elaborated origins before claiming zero environment declarations.
NumStability.Algorithms.StationaryIterationDrazin,NumStability/Algorithms/StationaryIterationDrazin.lean,Algorithms,8,0,1,NumStability.Source.Higham.Chapter17.Results.Section04.DrazinConsequences,false,true,No matched declaration introducer; verify against elaborated origins before claiming zero environment declarations.
NumStability.Algorithms.StationaryIterationRounded,NumStability/Algorithms/StationaryIterationRounded.lean,Algorithms,9,0,2,NumStability.Algorithms.LinearSystems.Iterative.Stationary.Semiconvergence.Execution.RoundedCertificates;NumStability.Source.Higham.Chapter17.Results.Section01.RoundedExecution,false,true,No matched declaration introducer; verify against elaborated origins before claiming zero environment declarations.
NumStability.Algorithms.StationaryIterationSemiconvergent,NumStability/Algorithms/StationaryIterationSemiconvergent.lean,Algorithms,9,0,2,NumStability.Algorithms.LinearSystems.Iterative.Stationary.Semiconvergence.BlockForm.ProjectorLimit;NumStability.Source.Higham.Chapter17.Results.Equation27.SingularErrorSplit,false,true,No matched declaration introducer; verify against elaborated origins before claiming zero environment declarations.
NumStability.Algorithms.StationaryIterationSemiconvergentExistence,NumStability/Algorithms/StationaryIterationSemiconvergentExistence.lean,Algorithms,10,0,2,NumStability.Algorithms.LinearSystems.Iterative.Stationary.Semiconvergence.BlockForm.Existence;NumStability.Source.Higham.Chapter17.Results.Equation27.SingularErrorSplit,false,true,No matched declaration introducer; verify against elaborated origins before claiming zero environment declarations.
NumStability.Algorithms.StationaryIterationSeries,NumStability/Algorithms/StationaryIterationSeries.lean,Algorithms,11,0,2,NumStability.Source.Higham.Chapter17.Problem01;NumStability.Source.Higham.Chapter17.Results.Series,false,true,No matched declaration introducer; verify against elaborated origins before claiming zero environment declarations.
NumStability.Algorithms.SumTree,NumStability/Algorithms/SumTree.lean,Algorithms,7,0,1,NumStability.Algorithms.Summation.Tree,false,true,No matched declaration introducer; verify against elaborated origins before claiming zero environment declarations.
NumStability.Algorithms.Summation.Tree.RecursiveBridge,NumStability/Algorithms/Summation/Tree/RecursiveBridge.lean,Algorithms,8,0,1,NumStability.Algorithms.Summation.Tree.Chain,false,true,No matched declaration introducer; verify against elaborated origins before claiming zero environment declarations.
NumStability.Algorithms.Sylvester.Higham16,NumStability/Algorithms/Sylvester/Higham16.lean,Algorithms,12,0,1,NumStability.Source.Higham.Chapter16.Foundations.Core,false,true,No matched declaration introducer; verify against elaborated origins before claiming zero environment declarations.
NumStability.Algorithms.Sylvester.Higham16AutoCondition,NumStability/Algorithms/Sylvester/Higham16AutoCondition.lean,Algorithms,12,0,1,NumStability.Source.Higham.Chapter16.Section03.PerturbationAndConditioning.AutomaticBounds.Results.Core,false,true,No matched declaration introducer; verify against elaborated origins before claiming zero environment declarations.
NumStability.Algorithms.Sylvester.Higham16Eq9Assembly,NumStability/Algorithms/Sylvester/Higham16Eq9Assembly.lean,Algorithms,11,0,5,NumStability.Algorithms.MatrixEquations.Sylvester.Solvers.TriangularBartelsStewart.ResidualAssembly;NumStability.Algorithms.Sylvester.Higham16;NumStability.Analysis.Rounding;NumStability.Source.Higham.Chapter16.Section02.BartelsStewart.Equation09.Assembly;NumStability.Source.Higham.Chapter19.Core,false,true,No matched declaration introducer; verify against elaborated origins before claiming zero environment declarations.
NumStability.Algorithms.Sylvester.Higham16Eq9EndToEnd,NumStability/Algorithms/Sylvester/Higham16Eq9EndToEnd.lean,Algorithms,10,0,4,NumStability.Algorithms.MatrixEquations.Sylvester.Solvers.TriangularBartelsStewart.EndToEnd;NumStability.Algorithms.Sylvester.Higham16Eq9Assembly;NumStability.Algorithms.Sylvester.Higham16RoundedTriangular;NumStability.Source.Higham.Chapter16.Section02.BartelsStewart.Equation09.EndToEnd,false,true,No matched declaration introducer; verify against elaborated origins before claiming zero environment declarations.
NumStability.Algorithms.Sylvester.Higham16HessenbergRounded,NumStability/Algorithms/Sylvester/Higham16HessenbergRounded.lean,Algorithms,12,0,1,NumStability.Source.Higham.Chapter16.HessenbergSchur.Rounded,false,true,No matched declaration introducer; verify against elaborated origins before claiming zero environment declarations.
NumStability.Algorithms.Sylvester.Higham16HessenbergSchur,NumStability/Algorithms/Sylvester/Higham16HessenbergSchur.lean,Algorithms,12,0,1,NumStability.Source.Higham.Chapter16.HessenbergSchur.Results,false,true,No matched declaration introducer; verify against elaborated origins before claiming zero environment declarations.
NumStability.Algorithms.Sylvester.Higham16LyapunovSigmaMin,NumStability/Algorithms/Sylvester/Higham16LyapunovSigmaMin.lean,Algorithms,9,0,3,NumStability.Algorithms.MatrixEquations.Sylvester.Conditioning.SigmaMinBounds.Lyapunov;NumStability.Algorithms.MatrixEquations.Sylvester.Conditioning.SingularValue;NumStability.Source.Higham.Chapter16.Section03.PerturbationAndConditioning.SigmaMinCorollaries.Lyapunov,false,true,No matched declaration introducer; verify against elaborated origins before claiming zero environment declarations.
NumStability.Algorithms.Sylvester.Higham16Minimizers,NumStability/Algorithms/Sylvester/Higham16Minimizers.lean,Algorithms,12,0,1,NumStability.Source.Higham.Chapter16.Minimizers.Results,false,true,No matched declaration introducer; verify against elaborated origins before claiming zero environment declarations.
NumStability.Algorithms.Sylvester.Higham16NormEstimator,NumStability/Algorithms/Sylvester/Higham16NormEstimator.lean,Algorithms,11,0,5,NumStability.Algorithms.CondEstimation;NumStability.Algorithms.MatrixEquations.Sylvester.Conditioning.PracticalErrorBounds;NumStability.Algorithms.MatrixEquations.Sylvester.Conditioning.PracticalEstimator.OneNorm;NumStability.Algorithms.NormEstimation.OneNorm.GeneralIndex;NumStability.Source.Higham.Chapter16.Section04.PracticalErrorBounds.NormEstimator.Equation29,false,true,No matched declaration introducer; verify against elaborated origins before claiming zero environment declarations.
NumStability.Algorithms.Sylvester.Higham16PerturbationSigmaMin,NumStability/Algorithms/Sylvester/Higham16PerturbationSigmaMin.lean,Algorithms,10,0,4,NumStability.Algorithms.MatrixEquations.Sylvester.Conditioning.SigmaMinBounds.SylvesterPerturbation;NumStability.Algorithms.MatrixEquations.Sylvester.Conditioning.SingularValue;NumStability.Algorithms.Sylvester.Higham16;NumStability.Source.Higham.Chapter16.Section03.PerturbationAndConditioning.SigmaMinCorollaries.SylvesterPerturbation,false,true,No matched declaration introducer; verify against elaborated origins before claiming zero environment declarations.
NumStability.Algorithms.Sylvester.Higham16PivotedSmallBlocks,NumStability/Algorithms/Sylvester/Higham16PivotedSmallBlocks.lean,Algorithms,10,0,4,NumStability.Algorithms.LU.GaussianElimination;NumStability.Algorithms.MatrixEquations.Sylvester.Solvers.PivotedSmallBlocks.CompletePivot;NumStability.Algorithms.Sylvester.Higham16QuasiQuasiSylvester;NumStability.Source.Higham.Chapter16.Section02.BartelsStewart.Equations04To08.PivotedSmallBlocks,false,true,No matched declaration introducer; verify against elaborated origins before claiming zero environment declarations.
NumStability.Algorithms.Sylvester.Higham16Problem16_2,NumStability/Algorithms/Sylvester/Higham16Problem16_2.lean,Algorithms,12,0,1,NumStability.Source.Higham.Chapter16.Problem02.Results.Core,false,true,No matched declaration introducer; verify against elaborated origins before claiming zero environment declarations.
NumStability.Algorithms.Sylvester.Higham16PsiSigmaMin,NumStability/Algorithms/Sylvester/Higham16PsiSigmaMin.lean,Algorithms,9,0,3,NumStability.Algorithms.MatrixEquations.Sylvester.Conditioning.SigmaMinBounds.StructuredSylvester;NumStability.Algorithms.MatrixEquations.Sylvester.Conditioning.SingularValue;NumStability.Source.Higham.Chapter16.Section03.PerturbationAndConditioning.SigmaMinCorollaries.StructuredSylvester,false,true,No matched declaration introducer; verify against elaborated origins before claiming zero environment declarations.
NumStability.Algorithms.Sylvester.Higham16QuasiQuasiRounded,NumStability/Algorithms/Sylvester/Higham16QuasiQuasiRounded.lean,Algorithms,8,0,2,NumStability.Algorithms.MatrixEquations.Sylvester.Solvers.QuasiTriangularBartelsStewart.SmallSystemRounding;NumStability.Algorithms.Sylvester.Higham16QuasiRoundedSylvester,false,true,No matched declaration introducer; verify against elaborated origins before claiming zero environment declarations.
NumStability.Algorithms.Sylvester.Higham16QuasiQuasiSylvester,NumStability/Algorithms/Sylvester/Higham16QuasiQuasiSylvester.lean,Algorithms,9,0,3,NumStability.Algorithms.MatrixEquations.Sylvester.Solvers.QuasiTriangularBartelsStewart.QuasiQuasiSolve;NumStability.Algorithms.Sylvester.Higham16QuasiQuasiRounded;NumStability.Source.Higham.Chapter16.Section02.BartelsStewart.Equations04To08.QuasiQuasiSylvester,false,true,No matched declaration introducer; verify against elaborated origins before claiming zero environment declarations.
NumStability.Algorithms.Sylvester.Higham16QuasiRoundedSolve,NumStability/Algorithms/Sylvester/Higham16QuasiRoundedSolve.lean,Algorithms,12,0,1,NumStability.Source.Higham.Chapter16.QuasiRounded.Solve,false,true,No matched declaration introducer; verify against elaborated origins before claiming zero environment declarations.
NumStability.Algorithms.Sylvester.Higham16QuasiRoundedSylvester,NumStability/Algorithms/Sylvester/Higham16QuasiRoundedSylvester.lean,Algorithms,12,0,1,NumStability.Source.Higham.Chapter16.QuasiRounded.Sylvester,false,true,No matched declaration introducer; verify against elaborated origins before claiming zero environment declarations.
NumStability.Algorithms.Sylvester.Higham16RoundedExecutor,NumStability/Algorithms/Sylvester/Higham16RoundedExecutor.lean,Algorithms,11,0,5,NumStability.Algorithms.MatMul;NumStability.Algorithms.MatrixEquations.Sylvester.Solvers.QuasiTriangularBartelsStewart.Executor;NumStability.Algorithms.Sylvester.Higham16Eq9EndToEnd;NumStability.Algorithms.Sylvester.Higham16QuasiQuasiSylvester;NumStability.Source.Higham.Chapter16.Section02.BartelsStewart.Equations04To08.RoundedExecutor,false,true,No matched declaration introducer; verify against elaborated origins before claiming zero environment declarations.
NumStability.Algorithms.Sylvester.Higham16RoundedTriangular,NumStability/Algorithms/Sylvester/Higham16RoundedTriangular.lean,Algorithms,13,0,7,Mathlib.Data.Fin.Rev;Mathlib.LinearAlgebra.Matrix.Block;Mathlib.Logic.Equiv.Fin.Basic;NumStability.Algorithms.LinearSystems.Triangular.BackSubstitution;NumStability.Algorithms.MatrixEquations.Sylvester.Solvers.TriangularBartelsStewart.RoundedSolve;NumStability.Algorithms.Sylvester.Higham16Spectrum;NumStability.Source.Higham.Chapter16.Section02.BartelsStewart.Equations04To08.RoundedTriangular,false,true,No matched declaration introducer; verify against elaborated origins before claiming zero environment declarations.
NumStability.Algorithms.Sylvester.Higham16Spectrum,NumStability/Algorithms/Sylvester/Higham16Spectrum.lean,Algorithms,12,0,1,NumStability.Source.Higham.Chapter16.Spectrum.Results,false,true,No matched declaration introducer; verify against elaborated origins before claiming zero environment declarations.
NumStability.Algorithms.Sylvester.Higham16SpectrumMinimizers,NumStability/Algorithms/Sylvester/Higham16SpectrumMinimizers.lean,Algorithms,12,0,1,NumStability.Source.Higham.Chapter16.Spectrum.Minimizers,false,true,No matched declaration introducer; verify against elaborated origins before claiming zero environment declarations.
NumStability.Algorithms.Sylvester.Higham16VecNorm,NumStability/Algorithms/Sylvester/Higham16VecNorm.lean,Algorithms,12,0,1,NumStability.Source.Higham.Chapter16.VecNorm.Results,false,true,No matched declaration introducer; verify against elaborated origins before claiming zero environment declarations.
NumStability.Algorithms.Sylvester.Higham16VecPermutationNotes,NumStability/Algorithms/Sylvester/Higham16VecPermutationNotes.lean,Algorithms,12,0,1,NumStability.Source.Higham.Chapter16.VecPermutation.Notes,false,true,No matched declaration introducer; verify against elaborated origins before claiming zero environment declarations.
NumStability.Algorithms.TestMatrices.Higham28,NumStability/Algorithms/TestMatrices/Higham28.lean,Algorithms,22,0,18,Mathlib.Algebra.BigOperators.Intervals;Mathlib.Analysis.SpecialFunctions.Pow.Real;Mathlib.Data.Nat.Choose.Cast;Mathlib.Data.Nat.Choose.Sum;Mathlib.Data.Nat.Choose.Vandermonde;Mathlib.LinearAlgebra.Matrix.Block;NumStability.Analysis.MatrixAlgebra;NumStability.Analysis.TestMatrices.Cauchy.Basic;NumStability.Analysis.TestMatrices.Companion.Basic;NumStability.Analysis.TestMatrices.Hilbert.Basic;NumStability.Analysis.TestMatrices.Orthogonal.Basic;NumStability.Analysis.TestMatrices.Pascal.Basic;NumStability.Analysis.TestMatrices.RandomSVD.Basic;NumStability.Analysis.TestMatrices.Toeplitz.Basic;NumStability.Source.Higham.Chapter28.Equation01.HilbertInverse.Basic;NumStability.Source.Higham.Chapter28.Equation02.ExactHilbertDeterminant.Basic;NumStability.Source.Higham.Chapter28.Equation03.HilbertCholeskyFactor.Basic;NumStability.Source.Higham.Chapter28.Equation04.HilbertCholeskyInverse.Basic,false,true,No matched declaration introducer; verify against elaborated origins before claiming zero environment declarations.
NumStability.Algorithms.TestMatrices.Higham28Asymptotics,NumStability/Algorithms/TestMatrices/Higham28Asymptotics.lean,Algorithms,14,0,4,Mathlib.Analysis.SpecialFunctions.Stirling;NumStability.Algorithms.TestMatrices.Higham28Exact;NumStability.Analysis.TestMatrices.Hilbert.Asymptotics;NumStability.Source.Higham.Chapter28.Section02.RealGinibre.Asymptotics.Asymptotics,false,true,No matched declaration introducer; verify against elaborated origins before claiming zero environment declarations.
NumStability.Algorithms.TestMatrices.Higham28Cauchy,NumStability/Algorithms/TestMatrices/Higham28Cauchy.lean,Algorithms,17,0,7,Mathlib.Algebra.Polynomial.BigOperators;Mathlib.LinearAlgebra.Lagrange;Mathlib.LinearAlgebra.Matrix.SchurComplement;NumStability.Algorithms.TestMatrices.Higham28Contracts;NumStability.Analysis.TestMatrices.Cauchy.Cauchy;NumStability.Source.Higham.Chapter28.Section01.Cauchy.Cauchy;NumStability.Source.Higham.Chapter28.Section01.HilbertConditioning.Cauchy,false,true,No matched declaration introducer; verify against elaborated origins before claiming zero environment declarations.
NumStability.Algorithms.TestMatrices.Higham28Companion,NumStability/Algorithms/TestMatrices/Higham28Companion.lean,Algorithms,10,0,6,Mathlib.LinearAlgebra.Matrix.Charpoly.Minpoly;NumStability.Algorithms.TestMatrices.Higham28Contracts;NumStability.Analysis.LinearOperators.Jordan.NormalForm.PrimaryDecomposition;NumStability.Analysis.TestMatrices.Companion.Companion;NumStability.Source.Higham.Chapter28.Section06.Companion.CharacteristicPolynomial;NumStability.Source.Higham.Chapter28.Section06.Companion.Companion,false,true,No matched declaration introducer; verify against elaborated origins before claiming zero environment declarations.
NumStability.Algorithms.TestMatrices.Higham28CompanionSpectral,NumStability/Algorithms/TestMatrices/Higham28CompanionSpectral.lean,Algorithms,9,0,5,NumStability.Algorithms.TestMatrices.Higham28Companion;NumStability.Analysis.TestMatrices.Companion.CompanionSpectral;NumStability.Source.Higham.Chapter28.Section06.Companion.CompanionSpectral;NumStability.Source.Higham.Chapter28.Section06.Companion.Normality;NumStability.Source.Higham.Chapter28.Section06.Companion.SingularValues,false,true,No matched declaration introducer; verify against elaborated origins before claiming zero environment declarations.
NumStability.Algorithms.TestMatrices.Higham28Contracts,NumStability/Algorithms/TestMatrices/Higham28Contracts.lean,Algorithms,27,0,23,Mathlib.LinearAlgebra.Matrix.Block;Mathlib.LinearAlgebra.Matrix.Charpoly.Coeff;Mathlib.LinearAlgebra.Matrix.Rank;NumStability.Algorithms.TestMatrices.Higham28Asymptotics;NumStability.Algorithms.TestMatrices.Higham28Pascal;NumStability.Algorithms.TestMatrices.Higham28Probability;NumStability.Algorithms.TestMatrices.Higham28RandsvdNorm;NumStability.Analysis.TestMatrices.Cauchy.Contracts;NumStability.Analysis.TestMatrices.Companion.Contracts;NumStability.Analysis.TestMatrices.Pascal.Contracts;NumStability.Analysis.TestMatrices.Toeplitz.Contracts;NumStability.Source.Higham.Chapter09.Problems;NumStability.Source.Higham.Chapter09.Section01;NumStability.Source.Higham.Chapter09.Section02;NumStability.Source.Higham.Chapter09.Section03;NumStability.Source.Higham.Chapter09.Section04;NumStability.Source.Higham.Chapter09.Section05;NumStability.Source.Higham.Chapter09.Section06;NumStability.Source.Higham.Chapter09.Section08;NumStability.Source.Higham.Chapter09.Section10;NumStability.Source.Higham.Chapter09.Section11;NumStability.Source.Higham.Chapter28.Section05.TridiagonalToeplitz.SineEigenvectors;NumStability.Source.Higham.Chapter28.Section06.Companion.Nonderogatory,false,true,No matched declaration introducer; verify against elaborated origins before claiming zero environment declarations.
NumStability.Algorithms.TestMatrices.Higham28Exact,NumStability/Algorithms/TestMatrices/Higham28Exact.lean,Algorithms,16,0,6,NumStability.Algorithms.TestMatrices.Higham28;NumStability.Analysis.TestMatrices.Hilbert.Exact;NumStability.Analysis.TestMatrices.Pascal.Exact;NumStability.Source.Higham.Chapter28.Equation01.HilbertInverse.Exact;NumStability.Source.Higham.Chapter28.Equation02.ExactHilbertDeterminant.Exact;NumStability.Source.Higham.Chapter28.Equation03.HilbertCholeskyFactor.Exact,false,true,No matched declaration introducer; verify against elaborated origins before claiming zero environment declarations.
NumStability.Algorithms.TestMatrices.Higham28GaussianAbsoluteMoment,NumStability/Algorithms/TestMatrices/Higham28GaussianAbsoluteMoment.lean,Algorithms,8,0,1,NumStability.Analysis.Probability.Gaussian.AbsoluteMoment,false,true,No matched declaration introducer; verify against elaborated origins before claiming zero environment declarations.
NumStability.Algorithms.TestMatrices.Higham28GaussianDirection,NumStability/Algorithms/TestMatrices/Higham28GaussianDirection.lean,Algorithms,6,0,2,NumStability.Algorithms.TestMatrices.Higham28OrthogonalSphere;NumStability.Analysis.TestMatrices.Gaussian.GaussianDirection,false,true,No matched declaration introducer; verify against elaborated origins before claiming zero environment declarations.
NumStability.Algorithms.TestMatrices.Higham28GaussianOrthogonal,NumStability/Algorithms/TestMatrices/Higham28GaussianOrthogonal.lean,Algorithms,12,0,8,Mathlib.Analysis.InnerProductSpace.Adjoint;Mathlib.Analysis.InnerProductSpace.PiL2;Mathlib.LinearAlgebra.UnitaryGroup;Mathlib.MeasureTheory.Constructions.Pi;Mathlib.Probability.Distributions.Gaussian.CharFun;Mathlib.Probability.Distributions.Gaussian.HasGaussianLaw.Independence;Mathlib.Probability.Distributions.Gaussian.Real;NumStability.Analysis.TestMatrices.Gaussian.GaussianOrthogonal,false,true,No matched declaration introducer; verify against elaborated origins before claiming zero environment declarations.
NumStability.Algorithms.TestMatrices.Higham28GaussianQRHaar,NumStability/Algorithms/TestMatrices/Higham28GaussianQRHaar.lean,Algorithms,10,0,6,Mathlib.MeasureTheory.Measure.Lebesgue.EqHaar;NumStability.Algorithms.LinearSystems.QR.GramSchmidt;NumStability.Algorithms.TestMatrices.Higham28GinibreMeasure;NumStability.Algorithms.TestMatrices.Higham28OrthogonalHaar;NumStability.Source.Higham.Chapter28.Section03.Theorem01.StewartHaar.GaussianQRHaar;NumStability.Source.Higham.Chapter28.Section03.Theorem01.StewartHaar.QRFactorHaar,false,true,No matched declaration introducer; verify against elaborated origins before claiming zero environment declarations.
NumStability.Algorithms.TestMatrices.Higham28Ginibre,NumStability/Algorithms/TestMatrices/Higham28Ginibre.lean,Algorithms,11,0,7,Mathlib.Analysis.SpecialFunctions.Gaussian.GaussianIntegral;Mathlib.Analysis.SpecialFunctions.OrdinaryHypergeometric;NumStability.Algorithms.TestMatrices.Higham28Asymptotics;NumStability.Algorithms.TestMatrices.Higham28Probability;NumStability.Source.Higham.Chapter28.Section02.RealGinibre.FiniteExpectation.ClosedFormAsymptotics;NumStability.Source.Higham.Chapter28.Section02.RealGinibre.FiniteExpectation.Ginibre;NumStability.Source.Higham.Chapter28.Section02.RealGinibre.RootMeasurability.EigenvalueCounts,false,true,No matched declaration introducer; verify against elaborated origins before claiming zero environment declarations.
NumStability.Algorithms.TestMatrices.Higham28GinibreAbsoluteDetRecurrence,NumStability/Algorithms/TestMatrices/Higham28GinibreAbsoluteDetRecurrence.lean,Algorithms,9,0,5,NumStability.Algorithms.TestMatrices.Higham28GinibreDeterminantMoment;NumStability.Algorithms.TestMatrices.Higham28GinibreDimensionTwo;NumStability.Algorithms.TestMatrices.Higham28GinibreTraceDensity;NumStability.Source.Higham.Chapter28.Section02.RealGinibre.FiniteExpectation.GinibreAbsoluteDetRecurrence;NumStability.Source.Higham.Chapter28.Section02.RealGinibre.InvariantPlanes.DimensionTwoExact,false,true,No matched declaration introducer; verify against elaborated origins before claiming zero environment declarations.
NumStability.Algorithms.TestMatrices.Higham28GinibreAtlas,NumStability/Algorithms/TestMatrices/Higham28GinibreAtlas.lean,Algorithms,6,0,2,NumStability.Algorithms.TestMatrices.Higham28GinibreIncidence;NumStability.Source.Higham.Chapter28.Section02.RealGinibre.InvariantPlanes.GinibreAtlas,false,true,No matched declaration introducer; verify against elaborated origins before claiming zero environment declarations.
NumStability.Algorithms.TestMatrices.Higham28GinibreCharacteristicProduct,NumStability/Algorithms/TestMatrices/Higham28GinibreCharacteristicProduct.lean,Algorithms,11,0,7,Mathlib.Algebra.BigOperators.Ring.Finset;Mathlib.Data.Nat.Choose.Sum;Mathlib.MeasureTheory.Function.L2Space;Mathlib.MeasureTheory.Integral.Pi;NumStability.Algorithms.TestMatrices.Higham28GinibreMeasure;NumStability.Source.Higham.Chapter28.Section02.RealGinibre.FiniteExpectation.CharacteristicProductMoments;NumStability.Source.Higham.Chapter28.Section02.RealGinibre.FiniteExpectation.GinibreCharacteristicProduct,false,true,No matched declaration introducer; verify against elaborated origins before claiming zero environment declarations.
NumStability.Algorithms.TestMatrices.Higham28GinibreComplexPairs,NumStability/Algorithms/TestMatrices/Higham28GinibreComplexPairs.lean,Algorithms,7,0,3,NumStability.Algorithms.TestMatrices.Higham28GinibreRoots;NumStability.Source.Higham.Chapter28.Section02.RealGinibre.InvariantPlanes.GinibreComplexPairs;NumStability.Source.Higham.Chapter28.Section02.RealGinibre.RootMeasurability.EigenvalueCounts,false,true,No matched declaration introducer; verify against elaborated origins before claiming zero environment declarations.
NumStability.Algorithms.TestMatrices.Higham28GinibreCorollary31Factor,NumStability/Algorithms/TestMatrices/Higham28GinibreCorollary31Factor.lean,Algorithms,8,0,4,NumStability.Algorithms.TestMatrices.Higham28GinibreDeterminantMoment;NumStability.Algorithms.TestMatrices.Higham28GinibreProjectiveIntegral;NumStability.Source.Higham.Chapter28.Section02.RealGinibre.FiniteExpectation.GinibreCorollary31Factor;NumStability.Source.Higham.Chapter28.Section02.RealGinibre.SignedIncidence.OneRootMomentReduction,false,true,No matched declaration introducer; verify against elaborated origins before claiming zero environment declarations.
NumStability.Algorithms.TestMatrices.Higham28GinibreDeterminantIntegral,NumStability/Algorithms/TestMatrices/Higham28GinibreDeterminantIntegral.lean,Algorithms,6,0,2,NumStability.Algorithms.TestMatrices.Higham28GinibreIntegral;NumStability.Source.Higham.Chapter28.Section02.RealGinibre.Incidence.ExpectedCountTransfer,false,true,No matched declaration introducer; verify against elaborated origins before claiming zero environment declarations.
NumStability.Algorithms.TestMatrices.Higham28GinibreDeterminantMoment,NumStability/Algorithms/TestMatrices/Higham28GinibreDeterminantMoment.lean,Algorithms,9,0,5,Mathlib.MeasureTheory.Measure.Prod;NumStability.Algorithms.TestMatrices.Higham28Probability;NumStability.Analysis.Probability.Gaussian.AbsoluteMoment;NumStability.Source.Higham.Chapter28.Section02.RealGinibre.FiniteExpectation.GinibreDeterminantMoment;NumStability.Source.Higham.Chapter28.Section02.RealGinibre.ProbabilityLaw.LebesgueMomentDensities,false,true,No matched declaration introducer; verify against elaborated origins before claiming zero environment declarations.
NumStability.Algorithms.TestMatrices.Higham28GinibreDimensionTwo,NumStability/Algorithms/TestMatrices/Higham28GinibreDimensionTwo.lean,Algorithms,12,0,8,Mathlib.Algebra.QuadraticDiscriminant;Mathlib.Analysis.SpecialFunctions.PolarCoord;Mathlib.LinearAlgebra.Matrix.Charpoly.Coeff;NumStability.Algorithms.TestMatrices.Higham28GaussianOrthogonal;NumStability.Algorithms.TestMatrices.Higham28GinibreMeasure;NumStability.Algorithms.TestMatrices.Higham28GinibreParity;NumStability.Source.Higham.Chapter28.Section02.RealGinibre.InvariantPlanes.DimensionTwoExact;NumStability.Source.Higham.Chapter28.Section02.RealGinibre.InvariantPlanes.GinibreDimensionTwo,false,true,No matched declaration introducer; verify against elaborated origins before claiming zero environment declarations.
NumStability.Algorithms.TestMatrices.Higham28GinibreExpectationGlue,NumStability/Algorithms/TestMatrices/Higham28GinibreExpectationGlue.lean,Algorithms,9,0,5,Mathlib.Analysis.SpecialFunctions.Gamma.Beta;NumStability.Algorithms.TestMatrices.Higham28GinibreDeterminantMoment;NumStability.Algorithms.TestMatrices.Higham28GinibreRecurrence;NumStability.Source.Higham.Chapter28.Section02.RealGinibre.FiniteExpectation.ClosedFormAsymptotics;NumStability.Source.Higham.Chapter28.Section02.RealGinibre.FiniteExpectation.GinibreExpectationGlue,false,true,No matched declaration introducer; verify against elaborated origins before claiming zero environment declarations.
NumStability.Algorithms.TestMatrices.Higham28GinibreFiniteFormula,NumStability/Algorithms/TestMatrices/Higham28GinibreFiniteFormula.lean,Algorithms,9,0,5,NumStability.Algorithms.TestMatrices.Higham28GinibreSignedConclusion;NumStability.Algorithms.TestMatrices.Higham28GinibreSignedIncidence;NumStability.Algorithms.TestMatrices.Higham28GinibreSignedKernel;NumStability.Source.Higham.Chapter28.Section02.RealGinibre.FiniteExpectation.ExpectedCountFormula;NumStability.Source.Higham.Chapter28.Section02.RealGinibre.FiniteExpectation.GinibreFiniteFormula,false,true,No matched declaration introducer; verify against elaborated origins before claiming zero environment declarations.
NumStability.Algorithms.TestMatrices.Higham28GinibreGaussianBridge,NumStability/Algorithms/TestMatrices/Higham28GinibreGaussianBridge.lean,Algorithms,9,0,5,Mathlib.MeasureTheory.Integral.Prod;Mathlib.MeasureTheory.Measure.Lebesgue.EqHaar;NumStability.Algorithms.TestMatrices.Higham28GinibreDeterminantIntegral;NumStability.Source.Higham.Chapter28.Section02.RealGinibre.FiniteExpectation.GinibreGaussianBridge;NumStability.Source.Higham.Chapter28.Section02.RealGinibre.Incidence.ExpectedCountTransfer,false,true,No matched declaration introducer; verify against elaborated origins before claiming zero environment declarations.
NumStability.Algorithms.TestMatrices.Higham28GinibreIncidence,NumStability/Algorithms/TestMatrices/Higham28GinibreIncidence.lean,Algorithms,9,0,5,Mathlib.LinearAlgebra.Matrix.Block;Mathlib.MeasureTheory.Function.Jacobian;NumStability.Algorithms.TestMatrices.Higham28GinibreRoots;NumStability.Source.Higham.Chapter28.Section02.RealGinibre.Incidence.ExpectedCountTransfer;NumStability.Source.Higham.Chapter28.Section02.RealGinibre.Incidence.GinibreIncidence,false,true,No matched declaration introducer; verify against elaborated origins before claiming zero environment declarations.
NumStability.Algorithms.TestMatrices.Higham28GinibreIntegral,NumStability/Algorithms/TestMatrices/Higham28GinibreIntegral.lean,Algorithms,6,0,2,NumStability.Algorithms.TestMatrices.Higham28GinibreMultiplicity;NumStability.Source.Higham.Chapter28.Section02.RealGinibre.Incidence.ExpectedCountTransfer,false,true,No matched declaration introducer; verify against elaborated origins before claiming zero environment declarations.
NumStability.Algorithms.TestMatrices.Higham28GinibreJointDensity,NumStability/Algorithms/TestMatrices/Higham28GinibreJointDensity.lean,Algorithms,7,0,3,NumStability.Algorithms.TestMatrices.Higham28GinibreMeasure;NumStability.Source.Higham.Chapter28.Section02.RealGinibre.ProbabilityLaw.GinibreJointDensity;NumStability.Source.Higham.Chapter28.Section02.RealGinibre.ProbabilityLaw.LebesgueMomentDensities,false,true,No matched declaration introducer; verify against elaborated origins before claiming zero environment declarations.
NumStability.Algorithms.TestMatrices.Higham28GinibreMeasure,NumStability/Algorithms/TestMatrices/Higham28GinibreMeasure.lean,Algorithms,8,0,4,Mathlib.MeasureTheory.Integral.Pi;NumStability.Algorithms.TestMatrices.Higham28Ginibre;NumStability.Source.Higham.Chapter28.Section02.RealGinibre.ProbabilityLaw.GinibreMeasure;NumStability.Source.Higham.Chapter28.Section02.RealGinibre.ProbabilityLaw.LebesgueMomentDensities,false,true,No matched declaration introducer; verify against elaborated origins before claiming zero environment declarations.
NumStability.Algorithms.TestMatrices.Higham28GinibreMultiplicity,NumStability/Algorithms/TestMatrices/Higham28GinibreMultiplicity.lean,Algorithms,7,0,3,NumStability.Algorithms.TestMatrices.Higham28GinibreAtlas;NumStability.Source.Higham.Chapter28.Section02.RealGinibre.Incidence.ExpectedCountTransfer;NumStability.Source.Higham.Chapter28.Section02.RealGinibre.RootMeasurability.GinibreMultiplicity,false,true,No matched declaration introducer; verify against elaborated origins before claiming zero environment declarations.
NumStability.Algorithms.TestMatrices.Higham28GinibreOrthogonalFiber,NumStability/Algorithms/TestMatrices/Higham28GinibreOrthogonalFiber.lean,Algorithms,11,0,7,Mathlib.LinearAlgebra.Matrix.Adjugate;NumStability.Algorithms.TestMatrices.Higham28GaussianDirection;NumStability.Algorithms.TestMatrices.Higham28GinibreCorollary31Factor;NumStability.Algorithms.TestMatrices.Higham28GinibreGaussianBridge;NumStability.Algorithms.TestMatrices.Higham28GinibreTraceDensity;NumStability.Source.Higham.Chapter28.Section02.RealGinibre.InvariantPlanes.GinibreOrthogonalFiber;NumStability.Source.Higham.Chapter28.Section02.RealGinibre.SignedIncidence.OneRootMomentReduction,false,true,No matched declaration introducer; verify against elaborated origins before claiming zero environment declarations.
NumStability.Algorithms.TestMatrices.Higham28GinibreParity,NumStability/Algorithms/TestMatrices/Higham28GinibreParity.lean,Algorithms,7,0,3,NumStability.Algorithms.TestMatrices.Higham28GinibreRecurrence;NumStability.Source.Higham.Chapter28.Section02.RealGinibre.FiniteExpectation.ClosedFormAsymptotics;NumStability.Source.Higham.Chapter28.Section02.RealGinibre.SignedIncidence.GinibreParity,false,true,No matched declaration introducer; verify against elaborated origins before claiming zero environment declarations.
NumStability.Algorithms.TestMatrices.Higham28GinibrePlaneChart,NumStability/Algorithms/TestMatrices/Higham28GinibrePlaneChart.lean,Algorithms,7,0,3,NumStability.Algorithms.TestMatrices.Higham28GinibrePlaneIncidence;NumStability.Source.Higham.Chapter28.Section02.RealGinibre.InvariantPlanes.GinibrePlaneChart;NumStability.Source.Higham.Chapter28.Section02.RealGinibre.InvariantPlanes.PlaneSylvesterJacobian,false,true,No matched declaration introducer; verify against elaborated origins before claiming zero environment declarations.
NumStability.Algorithms.TestMatrices.Higham28GinibrePlaneIncidence,NumStability/Algorithms/TestMatrices/Higham28GinibrePlaneIncidence.lean,Algorithms,6,0,2,NumStability.Algorithms.TestMatrices.Higham28GinibreIncidence;NumStability.Source.Higham.Chapter28.Section02.RealGinibre.Incidence.GinibrePlaneIncidence,false,true,No matched declaration introducer; verify against elaborated origins before claiming zero environment declarations.
NumStability.Algorithms.TestMatrices.Higham28GinibrePlaneSylvester,NumStability/Algorithms/TestMatrices/Higham28GinibrePlaneSylvester.lean,Algorithms,9,0,5,Mathlib.RingTheory.Norm.Transitivity;NumStability.Algorithms.TestMatrices.Higham28GinibreCharacteristicProduct;NumStability.Algorithms.TestMatrices.Higham28GinibrePlaneChart;NumStability.Source.Higham.Chapter28.Section02.RealGinibre.InvariantPlanes.GinibrePlaneSylvester;NumStability.Source.Higham.Chapter28.Section02.RealGinibre.InvariantPlanes.PlaneSylvesterJacobian,false,true,No matched declaration introducer; verify against elaborated origins before claiming zero environment declarations.
NumStability.Algorithms.TestMatrices.Higham28GinibreProjectiveIntegral,NumStability/Algorithms/TestMatrices/Higham28GinibreProjectiveIntegral.lean,Algorithms,10,0,6,Mathlib.MeasureTheory.Constructions.HaarToSphere;Mathlib.MeasureTheory.Function.JacobianOneDim;Mathlib.MeasureTheory.Integral.IntegralEqImproper;Mathlib.MeasureTheory.Measure.Lebesgue.VolumeOfBalls;Mathlib.Probability.Distributions.Beta;NumStability.Analysis.TestMatrices.RealGinibre.ProjectiveWeightIntegral,false,true,No matched declaration introducer; verify against elaborated origins before claiming zero environment declarations.
NumStability.Algorithms.TestMatrices.Higham28GinibreRecurrence,NumStability/Algorithms/TestMatrices/Higham28GinibreRecurrence.lean,Algorithms,8,0,4,Mathlib.Analysis.Analytic.Binomial;NumStability.Algorithms.TestMatrices.Higham28GinibreIntegral;NumStability.Source.Higham.Chapter28.Section02.RealGinibre.FiniteExpectation.ClosedFormAsymptotics;NumStability.Source.Higham.Chapter28.Section02.RealGinibre.FiniteExpectation.GinibreRecurrence,false,true,No matched declaration introducer; verify against elaborated origins before claiming zero environment declarations.
NumStability.Algorithms.TestMatrices.Higham28GinibreRoots,NumStability/Algorithms/TestMatrices/Higham28GinibreRoots.lean,Algorithms,13,0,9,Mathlib.Data.Sym.Basic;Mathlib.FieldTheory.IsAlgClosed.Basic;Mathlib.MeasureTheory.Constructions.Polish.Basic;Mathlib.Topology.Instances.Matrix;NumStability.Algorithms.TestMatrices.Higham28GinibreMeasure;NumStability.Analysis.Polynomials.RealRootCounting;NumStability.Analysis.TestMatrices.RealGinibre.GinibreRoots;NumStability.Source.Higham.Chapter28.Section02.RealGinibre.RootMeasurability.EigenvalueCounts;NumStability.Source.Higham.Chapter28.Section02.RealGinibre.RootMeasurability.GinibreRoots,false,true,No matched declaration introducer; verify against elaborated origins before claiming zero environment declarations.
NumStability.Algorithms.TestMatrices.Higham28GinibreSignedConclusion,NumStability/Algorithms/TestMatrices/Higham28GinibreSignedConclusion.lean,Algorithms,13,0,9,Mathlib.Analysis.SpecialFunctions.Gamma.Beta;NumStability.Algorithms.TestMatrices.Higham28GinibreDeterminantMoment;NumStability.Algorithms.TestMatrices.Higham28GinibreDimensionTwo;NumStability.Algorithms.TestMatrices.Higham28GinibreRecurrence;NumStability.Algorithms.TestMatrices.Higham28GinibreSignedExpectation;NumStability.Algorithms.TestMatrices.Higham28GinibreSignedGaussian;NumStability.Algorithms.TestMatrices.Higham28GinibreSignedKernel;NumStability.Source.Higham.Chapter28.Section02.RealGinibre.FiniteExpectation.ExpectedCountFormula;NumStability.Source.Higham.Chapter28.Section02.RealGinibre.SignedIncidence.GinibreSignedConclusion,false,true,No matched declaration introducer; verify against elaborated origins before claiming zero environment declarations.
NumStability.Algorithms.TestMatrices.Higham28GinibreSignedExpectation,NumStability/Algorithms/TestMatrices/Higham28GinibreSignedExpectation.lean,Algorithms,8,0,4,NumStability.Algorithms.TestMatrices.Higham28GinibreComplexPairs;NumStability.Algorithms.TestMatrices.Higham28GinibreSignedRank;NumStability.Source.Higham.Chapter28.Section02.RealGinibre.FiniteExpectation.GinibreSignedExpectation;NumStability.Source.Higham.Chapter28.Section02.RealGinibre.SignedIncidence.AlternatingRankSheets,false,true,No matched declaration introducer; verify against elaborated origins before claiming zero environment declarations.
NumStability.Algorithms.TestMatrices.Higham28GinibreSignedGaussian,NumStability/Algorithms/TestMatrices/Higham28GinibreSignedGaussian.lean,Algorithms,7,0,3,NumStability.Algorithms.TestMatrices.Higham28GaussianOrthogonal;NumStability.Algorithms.TestMatrices.Higham28GinibreSignedScalar;NumStability.Source.Higham.Chapter28.Section02.RealGinibre.SignedIncidence.GinibreSignedGaussian,false,true,No matched declaration introducer; verify against elaborated origins before claiming zero environment declarations.
NumStability.Algorithms.TestMatrices.Higham28GinibreSignedIncidence,NumStability/Algorithms/TestMatrices/Higham28GinibreSignedIncidence.lean,Algorithms,13,0,9,NumStability.Algorithms.TestMatrices.Higham28GinibreJointDensity;NumStability.Algorithms.TestMatrices.Higham28GinibreOrthogonalFiber;NumStability.Algorithms.TestMatrices.Higham28GinibreSignedExpectation;NumStability.Algorithms.TestMatrices.Higham28GinibreSignedIncidenceAlgebra;NumStability.Algorithms.TestMatrices.Higham28GinibreSignedKernel;NumStability.Algorithms.TestMatrices.Higham28GinibreSignedRankTransfer;NumStability.Algorithms.TestMatrices.Higham28GinibreTruncatedIncidence;NumStability.Source.Higham.Chapter28.Section02.RealGinibre.SignedIncidence.GinibreSignedIncidence;NumStability.Source.Higham.Chapter28.Section02.RealGinibre.SignedIncidence.OneRootMomentReduction,false,true,No matched declaration introducer; verify against elaborated origins before claiming zero environment declarations.
NumStability.Algorithms.TestMatrices.Higham28GinibreSignedIncidenceAlgebra,NumStability/Algorithms/TestMatrices/Higham28GinibreSignedIncidenceAlgebra.lean,Algorithms,6,0,2,NumStability.Algorithms.TestMatrices.Higham28GinibreOrthogonalFiber;NumStability.Source.Higham.Chapter28.Section02.RealGinibre.Incidence.GinibreSignedIncidenceAlgebra,false,true,No matched declaration introducer; verify against elaborated origins before claiming zero environment declarations.
NumStability.Algorithms.TestMatrices.Higham28GinibreSignedKernel,NumStability/Algorithms/TestMatrices/Higham28GinibreSignedKernel.lean,Algorithms,6,0,2,NumStability.Algorithms.TestMatrices.Higham28GinibreSignedGaussian;NumStability.Source.Higham.Chapter28.Section02.RealGinibre.SignedIncidence.GinibreSignedKernel,false,true,No matched declaration introducer; verify against elaborated origins before claiming zero environment declarations.
NumStability.Algorithms.TestMatrices.Higham28GinibreSignedRank,NumStability/Algorithms/TestMatrices/Higham28GinibreSignedRank.lean,Algorithms,10,0,6,Mathlib.Analysis.Polynomial.Basic;Mathlib.FieldTheory.IsRealClosed.Basic;NumStability.Algorithms.TestMatrices.Higham28GinibreMultiplicity;NumStability.Analysis.Polynomials.RealRootCounting;NumStability.Source.Higham.Chapter28.Section02.RealGinibre.SignedIncidence.AlternatingRankSheets;NumStability.Source.Higham.Chapter28.Section02.RealGinibre.SignedIncidence.GinibreSignedRank,false,true,No matched declaration introducer; verify against elaborated origins before claiming zero environment declarations.
NumStability.Algorithms.TestMatrices.Higham28GinibreSignedRankTransfer,NumStability/Algorithms/TestMatrices/Higham28GinibreSignedRankTransfer.lean,Algorithms,7,0,3,NumStability.Algorithms.TestMatrices.Higham28GinibreSignedRank;NumStability.Source.Higham.Chapter28.Section02.RealGinibre.SignedIncidence.AlternatingRankSheets;NumStability.Source.Higham.Chapter28.Section02.RealGinibre.SignedIncidence.GinibreSignedRankTransfer,false,true,No matched declaration introducer; verify against elaborated origins before claiming zero environment declarations.
NumStability.Algorithms.TestMatrices.Higham28GinibreSignedScalar,NumStability/Algorithms/TestMatrices/Higham28GinibreSignedScalar.lean,Algorithms,9,0,5,Mathlib.Analysis.SpecialFunctions.Gaussian.PoissonSummation;Mathlib.MeasureTheory.Integral.Gamma;NumStability.Algorithms.TestMatrices.Higham28GinibreCharacteristicProduct;NumStability.Source.Higham.Chapter28.Section02.RealGinibre.FiniteExpectation.CharacteristicProductMoments;NumStability.Source.Higham.Chapter28.Section02.RealGinibre.SignedIncidence.GinibreSignedScalar,false,true,No matched declaration introducer; verify against elaborated origins before claiming zero environment declarations.
NumStability.Algorithms.TestMatrices.Higham28GinibreTraceDensity,NumStability/Algorithms/TestMatrices/Higham28GinibreTraceDensity.lean,Algorithms,11,0,7,Mathlib.Analysis.SpecialFunctions.Gaussian.GaussianIntegral;Mathlib.LinearAlgebra.Matrix.AbsoluteValue;Mathlib.MeasureTheory.Group.Prod;NumStability.Algorithms.TestMatrices.Higham28GinibreDeterminantMoment;NumStability.Algorithms.TestMatrices.Higham28GinibreMeasure;NumStability.Source.Higham.Chapter28.Section02.RealGinibre.ProbabilityLaw.GinibreTraceDensity;NumStability.Source.Higham.Chapter28.Section02.RealGinibre.ProbabilityLaw.LebesgueMomentDensities,false,true,No matched declaration introducer; verify against elaborated origins before claiming zero environment declarations.
NumStability.Algorithms.TestMatrices.Higham28GinibreTruncatedIncidence,NumStability/Algorithms/TestMatrices/Higham28GinibreTruncatedIncidence.lean,Algorithms,7,0,3,NumStability.Algorithms.TestMatrices.Higham28GinibreSignedRankTransfer;NumStability.Source.Higham.Chapter28.Section02.RealGinibre.Incidence.GinibreTruncatedIncidence;NumStability.Source.Higham.Chapter28.Section02.RealGinibre.SignedIncidence.AlternatingRankSheets,false,true,No matched declaration introducer; verify against elaborated origins before claiming zero environment declarations.
NumStability.Algorithms.TestMatrices.Higham28HaarFibers,NumStability/Algorithms/TestMatrices/Higham28HaarFibers.lean,Algorithms,8,0,1,NumStability.Analysis.Probability.Haar.HomogeneousSpaceUniqueness,false,true,No matched declaration introducer; verify against elaborated origins before claiming zero environment declarations.
NumStability.Algorithms.TestMatrices.Higham28HilbertAsymptotic,NumStability/Algorithms/TestMatrices/Higham28HilbertAsymptotic.lean,Algorithms,9,0,5,Mathlib.Analysis.Asymptotics.SpecificAsymptotics;Mathlib.Data.Nat.Choose.Bounds;NumStability.Algorithms.TestMatrices.Higham28Asymptotics;NumStability.Analysis.TestMatrices.Hilbert.HilbertAsymptotic;NumStability.Source.Higham.Chapter28.Equation02.DeterminantAsymptotics,false,true,No matched declaration introducer; verify against elaborated origins before claiming zero environment declarations.
NumStability.Algorithms.TestMatrices.Higham28HilbertCondition,NumStability/Algorithms/TestMatrices/Higham28HilbertCondition.lean,Algorithms,9,0,5,Mathlib.Algebra.Order.Chebyshev;Mathlib.Data.Nat.Choose.Vandermonde;NumStability.Algorithms.TestMatrices.Higham28PascalCondition;NumStability.Source.Higham.Chapter28.Section01.HilbertConditioning.ConditionLogRate;NumStability.Source.Higham.Chapter28.Section01.HilbertConditioning.HilbertCondition,false,true,No matched declaration introducer; verify against elaborated origins before claiming zero environment declarations.
NumStability.Algorithms.TestMatrices.Higham28HilbertRatioDiscrepancy,NumStability/Algorithms/TestMatrices/Higham28HilbertRatioDiscrepancy.lean,Algorithms,8,0,1,NumStability.Source.Higham.Chapter28.Equation02.RatioDiscrepancy,false,true,No matched declaration introducer; verify against elaborated origins before claiming zero environment declarations.
NumStability.Algorithms.TestMatrices.Higham28Moments,NumStability/Algorithms/TestMatrices/Higham28Moments.lean,Algorithms,10,0,6,Mathlib.Analysis.SpecialFunctions.Integrals.Basic;Mathlib.MeasureTheory.Integral.CircleAverage;NumStability.Algorithms.TestMatrices.Higham28;NumStability.Analysis.MatrixNorms.Basic;NumStability.Source.Higham.Chapter28.Section02.RealGinibre.FiniteExpectation.Moments;NumStability.Source.Higham.Chapter28.Section04.Pascal.MomentMatrix,false,true,No matched declaration introducer; verify against elaborated origins before claiming zero environment declarations.
NumStability.Algorithms.TestMatrices.Higham28OrthogonalCoordinates,NumStability/Algorithms/TestMatrices/Higham28OrthogonalCoordinates.lean,Algorithms,7,0,3,NumStability.Algorithms.TestMatrices.Higham28GaussianDirection;NumStability.Algorithms.TestMatrices.Higham28OrthogonalHaar;NumStability.Analysis.TestMatrices.Orthogonal.OrthogonalCoordinates,false,true,No matched declaration introducer; verify against elaborated origins before claiming zero environment declarations.
NumStability.Algorithms.TestMatrices.Higham28OrthogonalFibers,NumStability/Algorithms/TestMatrices/Higham28OrthogonalFibers.lean,Algorithms,8,0,4,NumStability.Algorithms.TestMatrices.Higham28OrthogonalCoordinates;NumStability.Algorithms.TestMatrices.Higham28Stewart;NumStability.Analysis.TestMatrices.Orthogonal.HaarFiberMeasure;NumStability.Analysis.TestMatrices.Orthogonal.OrthogonalFibers,false,true,No matched declaration introducer; verify against elaborated origins before claiming zero environment declarations.
NumStability.Algorithms.TestMatrices.Higham28OrthogonalHaar,NumStability/Algorithms/TestMatrices/Higham28OrthogonalHaar.lean,Algorithms,10,0,6,Mathlib.MeasureTheory.Measure.Haar.Basic;Mathlib.MeasureTheory.Measure.Haar.Unique;Mathlib.Topology.Bases;Mathlib.Topology.Instances.Matrix;NumStability.Algorithms.TestMatrices.Higham28OrthogonalSphere;NumStability.Analysis.TestMatrices.Orthogonal.OrthogonalHaar,false,true,No matched declaration introducer; verify against elaborated origins before claiming zero environment declarations.
NumStability.Algorithms.TestMatrices.Higham28OrthogonalSphere,NumStability/Algorithms/TestMatrices/Higham28OrthogonalSphere.lean,Algorithms,8,0,4,Mathlib.Analysis.InnerProductSpace.Projection.Reflection;NumStability.Algorithms.TestMatrices.Higham28GaussianOrthogonal;NumStability.Analysis.Probability.Haar.HomogeneousSpaceUniqueness;NumStability.Analysis.TestMatrices.Orthogonal.OrthogonalSphere,false,true,No matched declaration introducer; verify against elaborated origins before claiming zero environment declarations.
NumStability.Algorithms.TestMatrices.Higham28Pascal,NumStability/Algorithms/TestMatrices/Higham28Pascal.lean,Algorithms,7,0,3,NumStability.Algorithms.TestMatrices.Higham28;NumStability.Source.Higham.Chapter28.Section04.Pascal.IdentityCubeRoot;NumStability.Source.Higham.Chapter28.Section04.Pascal.Pascal,false,true,No matched declaration introducer; verify against elaborated origins before claiming zero environment declarations.
NumStability.Algorithms.TestMatrices.Higham28PascalCondition,NumStability/Algorithms/TestMatrices/Higham28PascalCondition.lean,Algorithms,9,0,5,Mathlib.Data.Nat.Choose.Bounds;NumStability.Algorithms.TestMatrices.Higham28HilbertAsymptotic;NumStability.Algorithms.TestMatrices.Higham28PascalSpectral;NumStability.Source.Higham.Chapter28.Section04.Pascal.OptimalPerturbationRate;NumStability.Source.Higham.Chapter28.Section04.Pascal.PascalCondition,false,true,No matched declaration introducer; verify against elaborated origins before claiming zero environment declarations.
NumStability.Algorithms.TestMatrices.Higham28PascalDualFlag,NumStability/Algorithms/TestMatrices/Higham28PascalDualFlag.lean,Algorithms,8,0,4,Mathlib.Data.Fintype.Sort;Mathlib.Order.Interval.Finset.Fin;NumStability.Algorithms.TestMatrices.Higham28PascalOscillation;NumStability.Analysis.TestMatrices.Pascal.PascalDualFlag,false,true,No matched declaration introducer; verify against elaborated origins before claiming zero environment declarations.
NumStability.Algorithms.TestMatrices.Higham28PascalOscillation,NumStability/Algorithms/TestMatrices/Higham28PascalOscillation.lean,Algorithms,9,0,5,NumStability.Algorithms.TestMatrices.Higham28PascalSpectral;NumStability.Algorithms.TestMatrices.Higham28PascalTotalPositivity;NumStability.Analysis.TestMatrices.Pascal.PascalOscillation;NumStability.Source.Higham.Chapter28.Section04.Pascal.OscillationEigenbasis;NumStability.Source.Higham.Chapter28.Section04.Pascal.PascalOscillation,false,true,No matched declaration introducer; verify against elaborated origins before claiming zero environment declarations.
NumStability.Algorithms.TestMatrices.Higham28PascalOscillationCore,NumStability/Algorithms/TestMatrices/Higham28PascalOscillationCore.lean,Algorithms,7,0,3,NumStability.Algorithms.TestMatrices.Higham28PascalOscillation;NumStability.Analysis.TestMatrices.Pascal.PascalOscillationCore;NumStability.Source.Higham.Chapter28.Section04.Pascal.OscillationSpectrum,false,true,No matched declaration introducer; verify against elaborated origins before claiming zero environment declarations.
NumStability.Algorithms.TestMatrices.Higham28PascalOscillationExact,NumStability/Algorithms/TestMatrices/Higham28PascalOscillationExact.lean,Algorithms,7,0,3,NumStability.Algorithms.TestMatrices.Higham28PascalDualFlag;NumStability.Algorithms.TestMatrices.Higham28PascalOscillationCore;NumStability.Source.Higham.Chapter28.Section04.Pascal.SignChangeCount,false,true,No matched declaration introducer; verify against elaborated origins before claiming zero environment declarations.
NumStability.Algorithms.TestMatrices.Higham28PascalSpectral,NumStability/Algorithms/TestMatrices/Higham28PascalSpectral.lean,Algorithms,10,0,6,NumStability.Algorithms.TestMatrices.Higham28Contracts;NumStability.Analysis.MatrixSpectral;NumStability.Analysis.PerturbationTheory;NumStability.Analysis.TestMatrices.Pascal.PascalSpectral;NumStability.Source.Higham.Chapter28.Section04.Pascal.PascalSpectral;NumStability.Source.Higham.Chapter28.Section04.Pascal.SingularizingPerturbation,false,true,No matched declaration introducer; verify against elaborated origins before claiming zero environment declarations.
NumStability.Algorithms.TestMatrices.Higham28PascalTotalPositivity,NumStability/Algorithms/TestMatrices/Higham28PascalTotalPositivity.lean,Algorithms,9,0,5,Mathlib.LinearAlgebra.ExteriorPower.Basis;Mathlib.LinearAlgebra.Vandermonde;NumStability.Algorithms.TestMatrices.Higham28Contracts;NumStability.Analysis.TestMatrices.Pascal.PascalTotalPositivity;NumStability.Source.Higham.Chapter28.Section04.Pascal.TotalPositivity,false,true,No matched declaration introducer; verify against elaborated origins before claiming zero environment declarations.
NumStability.Algorithms.TestMatrices.Higham28Probability,NumStability/Algorithms/TestMatrices/Higham28Probability.lean,Algorithms,15,0,11,Mathlib.Algebra.Polynomial.Roots;Mathlib.MeasureTheory.Constructions.Pi;Mathlib.MeasureTheory.Integral.Bochner.Basic;Mathlib.Probability.Distributions.Gaussian.Real;NumStability.Algorithms.TestMatrices.Higham28Exact;NumStability.Algorithms.TestMatrices.Higham28Stewart;NumStability.Analysis.Conditioning.LinearSystems.PerronFrobenius;NumStability.Analysis.Probability.Haar.NormalizedOrthogonalMatrixLaw;NumStability.Source.Higham.Chapter28.Section02.RealGinibre.ProbabilityLaw.Probability;NumStability.Source.Higham.Chapter28.Section02.RealGinibre.ProbabilityLaw.ProductLaw;NumStability.Source.Higham.Chapter28.Section02.UniformPositive.PerronAlmostSure,false,true,No matched declaration introducer; verify against elaborated origins before claiming zero environment declarations.
NumStability.Algorithms.TestMatrices.Higham28RandsvdNorm,NumStability/Algorithms/TestMatrices/Higham28RandsvdNorm.lean,Algorithms,12,0,2,NumStability.Algorithms.TestMatrices.Higham28Stewart;NumStability.Source.Higham.Chapter28.Section03.RandomSVD.RandsvdNorm,false,true,No matched declaration introducer; verify against elaborated origins before claiming zero environment declarations.
NumStability.Algorithms.TestMatrices.Higham28ReciprocalSPD,NumStability/Algorithms/TestMatrices/Higham28ReciprocalSPD.lean,Algorithms,7,0,3,NumStability.Algorithms.TestMatrices.Higham28Contracts;NumStability.Source.Higham.Chapter28.Section04.ReciprocalSpectrumSPD.ReciprocalSPD;NumStability.Source.Higham.Chapter28.Section04.ReciprocalSpectrumSPD.TriangularInvolution,false,true,No matched declaration introducer; verify against elaborated origins before claiming zero environment declarations.
NumStability.Algorithms.TestMatrices.Higham28ShiftedHilbert,NumStability/Algorithms/TestMatrices/Higham28ShiftedHilbert.lean,Algorithms,8,0,4,Mathlib.Analysis.SpecialFunctions.ImproperIntegrals;Mathlib.Analysis.SumIntegralComparisons;NumStability.Algorithms.TestMatrices.Higham28Asymptotics;NumStability.Analysis.TestMatrices.Hilbert.ShiftedHilbert,false,true,No matched declaration introducer; verify against elaborated origins before claiming zero environment declarations.
NumStability.Algorithms.TestMatrices.Higham28Stewart,NumStability/Algorithms/TestMatrices/Higham28Stewart.lean,Algorithms,16,0,12,Mathlib.LinearAlgebra.UnitaryGroup;Mathlib.MeasureTheory.Constructions.Pi;Mathlib.MeasureTheory.Measure.Haar.Basic;Mathlib.Probability.Distributions.Gaussian.Real;NumStability.Algorithms.LinearSystems.QR.Householder.TrailingPanels;NumStability.Algorithms.LinearSystems.QR.HouseholderReflector;NumStability.Algorithms.TestMatrices.Higham28;NumStability.Analysis.TestMatrices.RandomSVD.Stewart;NumStability.Analysis.TestMatrices.RandomSVD.StewartMeasurability;NumStability.Source.Higham.Chapter28.Section03.RandomSVD.SingleHouseholderRankTwo;NumStability.Source.Higham.Chapter28.Section03.Theorem01.StewartHaar.HaarConclusion;NumStability.Source.Higham.Chapter28.Section03.Theorem01.StewartHaar.Stewart,false,true,No matched declaration introducer; verify against elaborated origins before claiming zero environment declarations.
NumStability.Algorithms.TestMatrices.Higham28StewartHaar,NumStability/Algorithms/TestMatrices/Higham28StewartHaar.lean,Algorithms,6,0,2,NumStability.Algorithms.TestMatrices.Higham28OrthogonalFibers;NumStability.Analysis.TestMatrices.RandomSVD.StewartHaar,false,true,No matched declaration introducer; verify against elaborated origins before claiming zero environment declarations.
NumStability.Algorithms.TestMatrices.Higham28StewartRawFiber,NumStability/Algorithms/TestMatrices/Higham28StewartRawFiber.lean,Algorithms,7,0,3,NumStability.Algorithms.TestMatrices.Higham28StewartRecursion;NumStability.Source.Higham.Chapter28.Section03.Theorem01.StewartHaar.RawFiberConclusion;NumStability.Source.Higham.Chapter28.Section03.Theorem01.StewartHaar.StewartRawFiber,false,true,No matched declaration introducer; verify against elaborated origins before claiming zero environment declarations.
NumStability.Algorithms.TestMatrices.Higham28StewartRecursion,NumStability/Algorithms/TestMatrices/Higham28StewartRecursion.lean,Algorithms,7,0,3,NumStability.Algorithms.TestMatrices.Higham28StewartHaar;NumStability.Analysis.TestMatrices.RandomSVD.GroupLawRecursion;NumStability.Analysis.TestMatrices.RandomSVD.StewartRecursion,false,true,No matched declaration introducer; verify against elaborated origins before claiming zero environment declarations.
NumStability.Algorithms.TestMatrices.Higham28ToeplitzCondition,NumStability/Algorithms/TestMatrices/Higham28ToeplitzCondition.lean,Algorithms,7,0,3,NumStability.Algorithms.TestMatrices.Higham28ToeplitzGeneral;NumStability.Source.Higham.Chapter28.Section05.TridiagonalToeplitz.SecondDifferenceCondition;NumStability.Source.Higham.Chapter28.Section05.TridiagonalToeplitz.ToeplitzCondition,false,true,No matched declaration introducer; verify against elaborated origins before claiming zero environment declarations.
NumStability.Algorithms.TestMatrices.Higham28ToeplitzGeneral,NumStability/Algorithms/TestMatrices/Higham28ToeplitzGeneral.lean,Algorithms,7,0,3,NumStability.Algorithms.TestMatrices.Higham28Contracts;NumStability.Source.Higham.Chapter28.Section05.TridiagonalToeplitz.SineEigenpairs;NumStability.Source.Higham.Chapter28.Section05.TridiagonalToeplitz.ToeplitzGeneral,false,true,No matched declaration introducer; verify against elaborated origins before claiming zero environment declarations.
NumStability.Algorithms.TestMatrices.Higham28ToeplitzSpectrum,NumStability/Algorithms/TestMatrices/Higham28ToeplitzSpectrum.lean,Algorithms,6,0,2,NumStability.Algorithms.TestMatrices.Higham28ToeplitzGeneral;NumStability.Source.Higham.Chapter28.Section05.TridiagonalToeplitz.CharacteristicPolynomial,false,true,No matched declaration introducer; verify against elaborated origins before claiming zero environment declarations.
NumStability.Algorithms.TriangularSolveCombined,NumStability/Algorithms/TriangularSolveCombined.lean,Algorithms,8,0,1,NumStability.Algorithms.LinearSystems.Triangular.Combined,false,true,No matched declaration introducer; verify against elaborated origins before claiming zero environment declarations.
NumStability.Algorithms.Underdetermined.Higham21Attainability,NumStability/Algorithms/Underdetermined/Higham21Attainability.lean,Algorithms,12,0,1,NumStability.Source.Higham.Chapter21.Attainability.Results,false,true,No matched declaration introducer; verify against elaborated origins before claiming zero environment declarations.
NumStability.Algorithms.Underdetermined.Higham21Condition,NumStability/Algorithms/Underdetermined/Higham21Condition.lean,Algorithms,8,0,1,NumStability.Source.Higham.Chapter21.RowScalingInvariance,false,true,No matched declaration introducer; verify against elaborated origins before claiming zero environment declarations.
NumStability.Algorithms.Underdetermined.Higham21Eq21_11Uniform,NumStability/Algorithms/Underdetermined/Higham21Eq21_11Uniform.lean,Algorithms,12,0,1,NumStability.Source.Higham.Chapter21.Equation11.UniformEnvelope.Core,false,true,No matched declaration introducer; verify against elaborated origins before claiming zero environment declarations.
NumStability.Algorithms.Underdetermined.Higham21Eq21_8,NumStability/Algorithms/Underdetermined/Higham21Eq21_8.lean,Algorithms,12,0,1,NumStability.Source.Higham.Chapter21.Equation08.Results.Core,false,true,No matched declaration introducer; verify against elaborated origins before claiming zero environment declarations.
NumStability.Algorithms.Underdetermined.Higham21Eq21_9,NumStability/Algorithms/Underdetermined/Higham21Eq21_9.lean,Algorithms,12,0,1,NumStability.Source.Higham.Chapter21.Equation09.Results.Core,false,true,No matched declaration introducer; verify against elaborated origins before claiming zero environment declarations.
NumStability.Algorithms.Underdetermined.Higham21Equation21_11,NumStability/Algorithms/Underdetermined/Higham21Equation21_11.lean,Algorithms,12,0,1,NumStability.Source.Higham.Chapter21.Equation11.Results.Core,false,true,No matched declaration introducer; verify against elaborated origins before claiming zero environment declarations.
NumStability.Algorithms.Underdetermined.Higham21Equation21_11Scalar,NumStability/Algorithms/Underdetermined/Higham21Equation21_11Scalar.lean,Algorithms,12,0,1,NumStability.Source.Higham.Chapter21.Equation11.ScalarCase.Core,false,true,No matched declaration introducer; verify against elaborated origins before claiming zero environment declarations.
NumStability.Algorithms.Underdetermined.Higham21GivensClosure,NumStability/Algorithms/Underdetermined/Higham21GivensClosure.lean,Algorithms,12,0,1,NumStability.Algorithms.LinearSystems.Underdetermined.QR.Givens.EndToEnd.Core,false,true,No matched declaration introducer; verify against elaborated origins before claiming zero environment declarations.
NumStability.Algorithms.Underdetermined.Higham21GivensRounded,NumStability/Algorithms/Underdetermined/Higham21GivensRounded.lean,Algorithms,12,0,1,NumStability.Algorithms.LinearSystems.Underdetermined.QR.Givens.Rounded.Core,false,true,No matched declaration introducer; verify against elaborated origins before claiming zero environment declarations.
NumStability.Algorithms.Underdetermined.Higham21MGSRounded,NumStability/Algorithms/Underdetermined/Higham21MGSRounded.lean,Algorithms,12,0,1,NumStability.Algorithms.LinearSystems.Underdetermined.QR.ModifiedGramSchmidt.Rounded.Core,false,true,No matched declaration introducer; verify against elaborated origins before claiming zero environment declarations.
NumStability.Algorithms.Underdetermined.Higham21Perturbation,NumStability/Algorithms/Underdetermined/Higham21Perturbation.lean,Algorithms,12,0,1,NumStability.Algorithms.LinearSystems.Underdetermined.Perturbation.Bounds.Core,false,true,No matched declaration introducer; verify against elaborated origins before claiming zero environment declarations.
NumStability.Algorithms.Underdetermined.Higham21PerturbationRadius,NumStability/Algorithms/Underdetermined/Higham21PerturbationRadius.lean,Algorithms,12,0,1,NumStability.Algorithms.LinearSystems.Underdetermined.Perturbation.Radius.Core,false,true,No matched declaration introducer; verify against elaborated origins before claiming zero environment declarations.
NumStability.Algorithms.Underdetermined.Higham21RowwiseMeasure,NumStability/Algorithms/Underdetermined/Higham21RowwiseMeasure.lean,Algorithms,8,0,1,NumStability.Source.Higham.Chapter21.Theorem04.RowwiseBackwardError,false,true,No matched declaration introducer; verify against elaborated origins before claiming zero environment declarations.
NumStability.Algorithms.Underdetermined.Higham21SNEClosure,NumStability/Algorithms/Underdetermined/Higham21SNEClosure.lean,Algorithms,12,0,1,NumStability.Algorithms.LinearSystems.Underdetermined.SeminormalEquations.EndToEnd.Core,false,true,No matched declaration introducer; verify against elaborated origins before claiming zero environment declarations.
NumStability.Algorithms.Underdetermined.Higham21SNEConditionTransfer,NumStability/Algorithms/Underdetermined/Higham21SNEConditionTransfer.lean,Algorithms,12,0,1,NumStability.Algorithms.LinearSystems.Underdetermined.SeminormalEquations.ConditionTransfer.Core,false,true,No matched declaration introducer; verify against elaborated origins before claiming zero environment declarations.
NumStability.Algorithms.Underdetermined.Higham21SNEUniform,NumStability/Algorithms/Underdetermined/Higham21SNEUniform.lean,Algorithms,12,0,1,NumStability.Algorithms.LinearSystems.Underdetermined.SeminormalEquations.Uniform.Core,false,true,No matched declaration introducer; verify against elaborated origins before claiming zero environment declarations.
NumStability.Algorithms.Underdetermined.Higham21Theorem214SourceClosure,NumStability/Algorithms/Underdetermined/Higham21Theorem214SourceClosure.lean,Algorithms,12,0,1,NumStability.Source.Higham.Chapter21.Theorem04.SourceClosure.Supplement.Core,false,true,No matched declaration introducer; verify against elaborated origins before claiming zero environment declarations.
NumStability.Algorithms.Underdetermined.Higham21Theorem21_3Attainment,NumStability/Algorithms/Underdetermined/Higham21Theorem21_3Attainment.lean,Algorithms,8,0,1,NumStability.Source.Higham.Chapter21.Theorem03.Attainment,false,true,No matched declaration introducer; verify against elaborated origins before claiming zero environment declarations.
NumStability.Algorithms.Underdetermined.UnderdeterminedSolve,NumStability/Algorithms/Underdetermined/UnderdeterminedSolve.lean,Algorithms,12,0,1,NumStability.Algorithms.LinearSystems.Underdetermined.MinimumNorm.Solvers.Executor.Core,false,true,No matched declaration introducer; verify against elaborated origins before claiming zero environment declarations.
NumStability.Algorithms.Vandermonde.Higham22,NumStability/Algorithms/Vandermonde/Higham22.lean,Algorithms,8,0,1,NumStability.Source.Higham.Chapter22.VandermondeSystems,false,true,No matched declaration introducer; verify against elaborated origins before claiming zero environment declarations.
NumStability.Algorithms.Vandermonde.Higham22Ch12RefinementBridge,NumStability/Algorithms/Vandermonde/Higham22Ch12RefinementBridge.lean,Algorithms,8,0,1,NumStability.Source.Higham.Chapter22.Section03.RealRefinement,false,true,No matched declaration introducer; verify against elaborated origins before claiming zero environment declarations.
NumStability.Algorithms.Vandermonde.Higham22ComplexConfluentRefinementBridge,NumStability/Algorithms/Vandermonde/Higham22ComplexConfluentRefinementBridge.lean,Algorithms,8,0,1,NumStability.Source.Higham.Chapter22.Section03.ComplexConfluentRefinement,false,true,No matched declaration introducer; verify against elaborated origins before claiming zero environment declarations.
NumStability.Algorithms.Vandermonde.Higham22MonomialClosure,NumStability/Algorithms/Vandermonde/Higham22MonomialClosure.lean,Algorithms,8,0,1,NumStability.Source.Higham.Chapter22.MonomialResidual,false,true,No matched declaration introducer; verify against elaborated origins before claiming zero environment declarations.
NumStability.Algorithms.Vandermonde.Higham22Problem22_7,NumStability/Algorithms/Vandermonde/Higham22Problem22_7.lean,Algorithms,8,0,1,NumStability.Source.Higham.Chapter22.Problem07,false,true,No matched declaration introducer; verify against elaborated origins before claiming zero environment declarations.
NumStability.Algorithms.WilkinsonAttainability,NumStability/Algorithms/WilkinsonAttainability.lean,Algorithms,22,0,5,Mathlib.Tactic;NumStability.Algorithms.Summation.Recursive.Core;NumStability.Source.Higham.Chapter02.Problem10.DivisionRoundTrip.ExhaustiveBinary64.Results;NumStability.Source.Higham.Chapter04.Problem02.WilkinsonAttainability.Basic;NumStability.Source.Higham.Chapter04.Problem02.WilkinsonAttainability.IeeeDoubleTrace.Results,false,true,No matched declaration introducer; verify against elaborated origins before claiming zero environment declarations.
NumStability.Analysis.Accumulation,NumStability/Analysis/Accumulation.lean,Analysis,23,0,13,Mathlib.Analysis.Asymptotics.Lemmas;Mathlib.Analysis.SpecialFunctions.Complex.LogBounds;Mathlib.Analysis.SpecialFunctions.Exp;Mathlib.Analysis.SpecialFunctions.Log.Basic;Mathlib.Tactic.FieldSimp;Mathlib.Tactic.Linarith;Mathlib.Tactic.Ring;Mathlib.Topology.Basic;NumStability.Analysis.FloatingPointArithmetic.Format;NumStability.Analysis.FloatingPointArithmetic.NearestRoundingError;NumStability.Analysis.Rounding;NumStability.Source.Higham.Chapter01.Problem05.CompensatedLogarithm.Basic;NumStability.Source.Higham.Chapter01.Section11.Accumulation.Basic,false,true,No matched declaration introducer; verify against elaborated origins before claiming zero environment declarations.
NumStability.Analysis.AccuracyTests,NumStability/Analysis/AccuracyTests.lean,Analysis,36,0,18,Mathlib.Analysis.Real.Pi.Bounds;Mathlib.Analysis.SpecialFunctions.Log.Basic;Mathlib.Analysis.SpecialFunctions.Pow.Real;Mathlib.Analysis.SpecialFunctions.Trigonometric.Basic;Mathlib.Analysis.SpecialFunctions.Trigonometric.Bounds;Mathlib.Analysis.SpecialFunctions.Trigonometric.Series;Mathlib.Analysis.SpecificLimits.Normed;Mathlib.Tactic.FieldSimp;Mathlib.Tactic.NormNum;Mathlib.Tactic.Ring;NumStability.Analysis.Approximation.SineTaylor.OddDegreeFiveError.Theorems;NumStability.Analysis.FloatingPointArithmetic.Format;NumStability.Analysis.FloatingPointArithmetic.NearestRoundingError;NumStability.Analysis.Rounding;NumStability.Source.Higham.Chapter01.Problem05.CompensatedLogarithm.Basic;NumStability.Source.Higham.Chapter01.Section11.Accumulation.Basic;NumStability.Source.Higham.Chapter02.Section11.AccuracyTests.Basic;NumStability.Source.Higham.Chapter02.Section11.AccuracyTests.CodySineResults.Theorems,false,true,No matched declaration introducer; verify against elaborated origins before claiming zero environment declarations.
NumStability.Analysis.BergerGeneral,NumStability/Analysis/BergerGeneral.lean,Analysis,18,0,12,Mathlib.Algebra.BigOperators.Intervals;Mathlib.Algebra.Field.GeomSum;Mathlib.Analysis.CStarAlgebra.Matrix;Mathlib.Analysis.Complex.Polynomial.Basic;Mathlib.Analysis.InnerProductSpace.LinearMap;Mathlib.Analysis.InnerProductSpace.Rayleigh;Mathlib.Analysis.SpecialFunctions.Complex.Circle;Mathlib.FieldTheory.IsAlgClosed.Basic;Mathlib.RingTheory.RootsOfUnity.Complex;NumStability.Analysis.BergerResolvent;NumStability.Analysis.NumericalRadius;NumStability.Analysis.LinearOperators.NumericalRadius.Berger.GeneralPowerInequality.Powers,false,true,No matched declaration introducer; verify against elaborated origins before claiming zero environment declarations.
NumStability.Analysis.BergerInequality,NumStability/Analysis/BergerInequality.lean,Analysis,11,0,5,Mathlib.Analysis.InnerProductSpace.Rayleigh;Mathlib.Analysis.InnerProductSpace.Symmetric;Mathlib.LinearAlgebra.Matrix.Hermitian;NumStability.Analysis.LinearOperators.NumericalRadius.Berger.Hermitian;NumStability.Analysis.NumericalRadius,true,true,No matched declaration introducer; verify against elaborated origins before claiming zero environment declarations.
NumStability.Analysis.BergerResolvent,NumStability/Analysis/BergerResolvent.lean,Analysis,15,0,9,Mathlib.Analysis.CStarAlgebra.Matrix;Mathlib.Analysis.Complex.Polynomial.Basic;Mathlib.Analysis.InnerProductSpace.LinearMap;Mathlib.Analysis.InnerProductSpace.Rayleigh;Mathlib.Data.Real.Pointwise;Mathlib.FieldTheory.IsAlgClosed.Basic;NumStability.Analysis.LinearOperators.NumericalRadius.Berger.PowerTwo;NumStability.Analysis.NumericalRadius;NumStability.Analysis.LinearOperators.NumericalRadius.Berger.GeneralPowerInequality.PowersOfTwo,false,true,No matched declaration introducer; verify against elaborated origins before claiming zero environment declarations.
NumStability.Analysis.CStarMatrices.Basic.RealMatrixBridge,NumStability/Analysis/CStarMatrices/Basic/RealMatrixBridge.lean,Analysis,26,0,20,Mathlib.Analysis.CStarAlgebra.CStarMatrix;Mathlib.Analysis.CStarAlgebra.ContinuousFunctionalCalculus.Order;Mathlib.Analysis.Matrix.Order;Mathlib.Data.Matrix.Block;NumStability.Analysis.MatrixAlgebra;NumStability.Analysis.CStarMatrices.FiniteMatrixAlgebra.BlockDiagonal;NumStability.Analysis.CStarMatrices.FiniteMatrixAlgebra.BlockDiagonalCompression;NumStability.Analysis.CStarMatrices.FiniteMatrixAlgebra.ColumnPair;NumStability.Analysis.CStarMatrices.FiniteMatrixAlgebra.ColumnPairPinching;NumStability.Analysis.CStarMatrices.FiniteMatrixAlgebra.ColumnPairRangeProjection;NumStability.Analysis.CStarMatrices.FiniteMatrixAlgebra.ColumnPairRangeReflection;NumStability.Analysis.CStarMatrices.FiniteMatrixAlgebra.FiniteDimensional;NumStability.Analysis.CStarMatrices.FiniteMatrixAlgebra.FiniteMatrixOrder;NumStability.Analysis.CStarMatrices.FiniteMatrixAlgebra.FiniteRealEmbedding;NumStability.Analysis.CStarMatrices.FiniteMatrixAlgebra.FiniteRealOrder;NumStability.Analysis.CStarMatrices.FiniteMatrixAlgebra.ProjectionReflection;NumStability.Analysis.CStarMatrices.FiniteMatrixAlgebra.RectangularCompression;NumStability.Analysis.CStarMatrices.FiniteMatrixAlgebra.RectangularMultiplication;NumStability.Analysis.CStarMatrices.FiniteMatrixAlgebra.ReflectionAverage;NumStability.Analysis.CStarMatrices.FiniteMatrixAlgebra.StrictPositivity,false,true,No matched declaration introducer; verify against elaborated origins before claiming zero environment declarations.
NumStability.Analysis.CStarMatrixBridge,NumStability/Analysis/CStarMatrixBridge.lean,Analysis,12,0,6,Mathlib.Analysis.CStarAlgebra.CStarMatrix;Mathlib.Analysis.CStarAlgebra.ContinuousFunctionalCalculus.Order;Mathlib.Analysis.Matrix.Order;Mathlib.Data.Matrix.Block;NumStability.Analysis.CStarMatrices.Basic.RealMatrixBridge;NumStability.Analysis.MatrixAlgebra,false,true,No matched declaration introducer; verify against elaborated origins before claiming zero environment declarations.
NumStability.Analysis.CalculatorWords,NumStability/Analysis/CalculatorWords.lean,Analysis,13,0,3,Mathlib.Analysis.SpecialFunctions.Sqrt;Mathlib.Tactic.NormNum;NumStability.Source.Higham.Chapter01.Problem06.CalculatorWords.Basic,false,true,No matched declaration introducer; verify against elaborated origins before claiming zero environment declarations.
NumStability.Analysis.CancellationOfRoundingErrors,NumStability/Analysis/CancellationOfRoundingErrors.lean,Analysis,34,0,17,Mathlib.Analysis.Calculus.Deriv.Slope;Mathlib.Analysis.SpecialFunctions.Complex.LogBounds;Mathlib.Analysis.SpecialFunctions.Exp;Mathlib.Analysis.SpecialFunctions.Log.Basic;Mathlib.Analysis.SpecialFunctions.Log.Deriv;Mathlib.Tactic.FieldSimp;Mathlib.Tactic.Linarith;Mathlib.Tactic.NormNum;Mathlib.Tactic.Positivity;NumStability.Analysis.Error.Measures.ScalarDefinitions;NumStability.Analysis.FloatingPointArithmetic.Format;NumStability.Analysis.FloatingPointArithmetic.NearestRoundingError;NumStability.Analysis.Rounding;NumStability.Source.Higham.Chapter01.FloatingPointArithmetic.CancellationOfRoundingErrors;NumStability.Source.Higham.Chapter01.Problem05.CompensatedLogarithm.Basic;NumStability.Source.Higham.Chapter01.Section11.Accumulation.Basic;NumStability.Source.Higham.Chapter01.Section14.CancellationOfRoundingErrors.Algorithm02RoundedCore,false,true,No matched declaration introducer; verify against elaborated origins before claiming zero environment declarations.
NumStability.Analysis.Ch17SemiconvergentBlockFormSourceClosure,NumStability/Analysis/Ch17SemiconvergentBlockFormSourceClosure.lean,Analysis,9,0,1,NumStability.Source.Higham.Chapter17.Equation22,false,true,No matched declaration introducer; verify against elaborated origins before claiming zero environment declarations.
NumStability.Analysis.Counting,NumStability/Analysis/Counting.lean,Analysis,13,0,3,Mathlib.Tactic.NormNum;NumStability.Analysis.FloatingPointArithmetic.IeeeSpecialValueOperations.Results;NumStability.Source.Higham.Chapter02.Problem01.FloatingPointCounts.Basic,false,true,No matched declaration introducer; verify against elaborated origins before claiming zero environment declarations.
NumStability.Analysis.DoubleRounding,NumStability/Analysis/DoubleRounding.lean,Analysis,23,0,6,NumStability.Analysis.FloatingPointArithmetic.DoubleRounding.FiniteNormalRange;NumStability.Analysis.FloatingPointArithmetic.DoubleRounding.ToyBinary;NumStability.Analysis.FloatingPointArithmetic.IeeeSpecialValueOperations.Results;NumStability.Source.Higham.Chapter02.Problem09.DoubleRounding.Counterexample;NumStability.Source.Higham.Chapter02.Problem09.DoubleRounding.Counterexample.Results;NumStability.Source.Higham.Chapter02.Section03.DoubleRounding.Counterexample,false,true,No matched declaration introducer; verify against elaborated origins before claiming zero environment declarations.
NumStability.Analysis.DunfordResidue,NumStability/Analysis/DunfordResidue.lean,Analysis,9,0,3,Mathlib.MeasureTheory.Integral.CircleIntegral;NumStability.Analysis.FunctionalCalculus.Resolvent.DunfordResidue;NumStability.Analysis.ResolventFunctionalCalculus,false,true,No matched declaration introducer; verify against elaborated origins before claiming zero environment declarations.
NumStability.Analysis.FloatingPointArithmetic,NumStability/Analysis/FloatingPointArithmetic.lean,Analysis,46,0,29,Mathlib.Data.Nat.Digits.Lemmas;Mathlib.Data.Real.Basic;Mathlib.Tactic.FieldSimp;Mathlib.Tactic.Ring;NumStability.Analysis.Error.Measures.All;NumStability.Analysis.FloatingPointArithmetic.DoubleRounding.All;NumStability.Analysis.FloatingPointArithmetic.DoubleRounding.FiniteNormalRange;NumStability.Analysis.FloatingPointArithmetic.DoubleRounding.ToyBinary;NumStability.Analysis.FloatingPointArithmetic.ErrorModels.All;NumStability.Analysis.FloatingPointArithmetic.ExactSubtraction;NumStability.Analysis.FloatingPointArithmetic.Format;NumStability.Analysis.FloatingPointArithmetic.IeeeExceptions;NumStability.Analysis.FloatingPointArithmetic.IeeeOperations;NumStability.Analysis.FloatingPointArithmetic.IeeeSpecialValueOperations.Results;NumStability.Analysis.FloatingPointArithmetic.IeeeValue;NumStability.Analysis.FloatingPointArithmetic.MidpointRounding.All;NumStability.Analysis.FloatingPointArithmetic.MidpointRounding.DecimalTieExamples;NumStability.Analysis.FloatingPointArithmetic.NearestRoundingError;NumStability.Analysis.FloatingPointArithmetic.Rounding;NumStability.Analysis.FloatingPointArithmetic.RoundToEvenLocalError;NumStability.Analysis.FloatingPointArithmetic.StandardModel;NumStability.Analysis.FloatingPointArithmetic.TrigonometricCancellation.All;NumStability.Analysis.FloatingPointArithmetic.TrigonometricCancellation.Core;NumStability.Source.Higham.Chapter01.Problem01.RelativeError.All;NumStability.Source.Higham.Chapter01.Section03.ErrorSources.All;NumStability.Source.Higham.Chapter01.Section07.Cancellation.All;NumStability.Source.Higham.Chapter02.FloatingPointArithmetic.AdditiveUnderflowModel;NumStability.Source.Higham.Chapter02.FloatingPointArithmetic.Environment;NumStability.Source.Higham.Chapter02.Section04.NoGuardModel.All,false,true,No matched declaration introducer; verify against elaborated origins before claiming zero environment declarations.
NumStability.Analysis.HenriciExtremal,NumStability/Analysis/HenriciExtremal.lean,Analysis,11,0,5,Mathlib.Algebra.Order.BigOperators.Ring.Finset;Mathlib.Data.Complex.BigOperators;Mathlib.Data.Real.Sqrt;NumStability.Analysis.LinearOperators.MatrixPowers.Henrici.Extremal;NumStability.Analysis.MatrixPowersHenrici,false,true,No matched declaration introducer; verify against elaborated origins before claiming zero environment declarations.
NumStability.Analysis.HenriciSharpConstant,NumStability/Analysis/HenriciSharpConstant.lean,Analysis,10,0,4,Mathlib.Algebra.Order.BigOperators.Ring.Finset;Mathlib.Data.Real.Sqrt;NumStability.Analysis.HenriciExtremal;NumStability.Analysis.LinearOperators.MatrixPowers.Henrici.ImprovedConstant,false,true,No matched declaration introducer; verify against elaborated origins before claiming zero environment declarations.
NumStability.Analysis.HenriciSharpConstantExact,NumStability/Analysis/HenriciSharpConstantExact.lean,Analysis,10,0,4,Mathlib.Algebra.Order.BigOperators.Ring.Finset;Mathlib.Data.Real.Sqrt;NumStability.Analysis.HenriciSharpConstant;NumStability.Analysis.LinearOperators.MatrixPowers.Henrici.SharpConstant,false,true,No matched declaration introducer; verify against elaborated origins before claiming zero environment declarations.
NumStability.Analysis.Higham6Asides,NumStability/Analysis/Higham6Asides.lean,Analysis,9,0,1,NumStability.Source.Higham.Chapter06.Asides,false,true,No matched declaration introducer; verify against elaborated origins before claiming zero environment declarations.
NumStability.Analysis.Higham6BlockAntidiag,NumStability/Analysis/Higham6BlockAntidiag.lean,Analysis,9,0,1,NumStability.Source.Higham.Chapter06.BlockAntidiagonalNorm.InducedLp,false,true,No matched declaration introducer; verify against elaborated origins before claiming zero environment declarations.
NumStability.Analysis.HighamChapter2ElementaryFunctions,NumStability/Analysis/HighamChapter2ElementaryFunctions.lean,Analysis,22,0,5,Mathlib.Analysis.Real.Pi.Bounds;Mathlib.Analysis.SpecialFunctions.Integrals.Basic;NumStability.Analysis.FloatingPointArithmetic.IeeeSpecialValueOperations.Results;NumStability.Source.Higham.Chapter02.Section10.ArctangentRange.Basic;NumStability.Source.Higham.Chapter02.Section10.ArctangentRange.Counterexample.Results,false,true,No matched declaration introducer; verify against elaborated origins before claiming zero environment declarations.
NumStability.Analysis.HighamChapter2FmaDiscriminant,NumStability/Analysis/HighamChapter2FmaDiscriminant.lean,Analysis,19,0,2,NumStability.Source.Higham.Chapter02.Section06.Discriminant.FusedMultiplyAdd.Basic;NumStability.Source.Higham.Chapter02.Section06.Discriminant.FusedMultiplyAdd.Counterexample.Results,false,true,No matched declaration introducer; verify against elaborated origins before claiming zero environment declarations.
NumStability.Analysis.HighamChapter2GradualUnderflowExact,NumStability/Analysis/HighamChapter2GradualUnderflowExact.lean,Analysis,12,0,2,NumStability.Analysis.FloatingPointArithmetic.IeeeSpecialValueOperations.Results;NumStability.Source.Higham.Chapter02.Problem19.GradualUnderflowExactness.Basic,false,true,No matched declaration introducer; verify against elaborated origins before claiming zero environment declarations.
NumStability.Analysis.HighamChapter2Lindemann,NumStability/Analysis/HighamChapter2Lindemann.lean,Analysis,22,0,5,NumStability.Analysis.FloatingPointArithmetic.IeeeSpecialValueOperations.Results;NumStability.Source.Higham.Chapter02.Section10.Tablemaker.FiniteSeparation.Basic;NumStability.Source.Higham.Chapter02.Section10.Tablemaker.FiniteSeparation.Results.Theorems;NumStability.Source.Higham.Chapter02.Section10.Tablemaker.HermiteLindemann.Basic;NumStability.Upstream.Lindemann.Basic,false,true,No matched declaration introducer; verify against elaborated origins before claiming zero environment declarations.
NumStability.Analysis.HighamChapter2PowerLeadingDigits,NumStability/Analysis/HighamChapter2PowerLeadingDigits.lean,Analysis,14,0,2,NumStability.Source.Higham.Chapter02.Problem11;NumStability.Source.Higham.Chapter02.Section07.PowerLeadingDigits,false,true,No matched declaration introducer; verify against elaborated origins before claiming zero environment declarations.
NumStability.Analysis.HighamChapter2Tablemaker,NumStability/Analysis/HighamChapter2Tablemaker.lean,Analysis,14,0,4,Mathlib.Analysis.SpecialFunctions.Exp;Mathlib.RingTheory.Algebraic.Basic;NumStability.Analysis.FloatingPointArithmetic.IeeeSpecialValueOperations.Results;NumStability.Source.Higham.Chapter02.Section10.Tablemaker.FiniteSeparation.Basic,false,true,No matched declaration introducer; verify against elaborated origins before claiming zero environment declarations.
NumStability.Analysis.HighamChapter6Duality,NumStability/Analysis/HighamChapter6Duality.lean,Analysis,9,0,1,NumStability.Source.Higham.Chapter06.Equation02,false,true,No matched declaration introducer; verify against elaborated origins before claiming zero environment declarations.
NumStability.Analysis.HighamChapter7,NumStability/Analysis/HighamChapter7.lean,Analysis,75,0,57,Mathlib.Algebra.Order.GroupWithZero.Finset;Mathlib.LinearAlgebra.Basis.VectorSpace;Mathlib.LinearAlgebra.Charpoly.ToMatrix;Mathlib.LinearAlgebra.Eigenspace.Charpoly;Mathlib.LinearAlgebra.Finsupp.Pi;Mathlib.LinearAlgebra.Matrix.FiniteDimensional;Mathlib.LinearAlgebra.Matrix.Irreducible.Defs;NumStability.Algorithms.CondEstimation;NumStability.Analysis.Asymptotics.Bounds;NumStability.Analysis.Conditioning.DistanceToSingularity;NumStability.Analysis.Conditioning.LinearSystems.InversePerturbation;NumStability.Analysis.Conditioning.LinearSystems.PerronFrobenius;NumStability.Analysis.Conditioning.LinearSystems.SubordinatePerturbation;NumStability.Analysis.MatrixNorms.SpectralRadius;NumStability.Analysis.PerturbationTheory;NumStability.Analysis.Summation.Signs;NumStability.Source.Higham.Chapter06.Problem05;NumStability.Source.Higham.Chapter07.Corollary06.LinearSystemsConditioning.Basic;NumStability.Source.Higham.Chapter07.Corollary06.LinearSystemsConditioning.Results;NumStability.Source.Higham.Chapter07.Equation17.KahanConditioningExample;NumStability.Source.Higham.Chapter07.Equation25.InverseConditioning.ExactPerturbation;NumStability.Source.Higham.Chapter07.Equation26.DistanceToSingularity.Results;NumStability.Source.Higham.Chapter07.LinearSystemsConditioning.ComputedResidual;NumStability.Source.Higham.Chapter07.LinearSystemsConditioning.ConditionNumbers;NumStability.Source.Higham.Chapter07.LinearSystemsConditioning.Equation05;NumStability.Source.Higham.Chapter07.LinearSystemsConditioning.Equation32;NumStability.Source.Higham.Chapter07.LinearSystemsConditioning.Equation33;NumStability.Source.Higham.Chapter07.LinearSystemsConditioning.ForwardErrorKernels;NumStability.Source.Higham.Chapter07.LinearSystemsConditioning.Lemma09;NumStability.Source.Higham.Chapter07.LinearSystemsConditioning.Problem01;NumStability.Source.Higham.Chapter07.LinearSystemsConditioning.Problem02;NumStability.Source.Higham.Chapter07.LinearSystemsConditioning.Problem04;NumStability.Source.Higham.Chapter07.LinearSystemsConditioning.Problem05;NumStability.Source.Higham.Chapter07.LinearSystemsConditioning.Problem06Columnwise;NumStability.Source.Higham.Chapter07.LinearSystemsConditioning.Problem06Rowwise;NumStability.Source.Higham.Chapter07.LinearSystemsConditioning.Problem07;NumStability.Source.Higham.Chapter07.LinearSystemsConditioning.Problem08RectangularBackwardError;NumStability.Source.Higham.Chapter07.LinearSystemsConditioning.Problem09Exact;NumStability.Source.Higham.Chapter07.LinearSystemsConditioning.Problem09Linearized;NumStability.Source.Higham.Chapter07.LinearSystemsConditioning.Problem10Bauer.Part01;NumStability.Source.Higham.Chapter07.LinearSystemsConditioning.Problem10Bauer.Part02;NumStability.Source.Higham.Chapter07.LinearSystemsConditioning.Problem10Bauer.Part03;NumStability.Source.Higham.Chapter07.LinearSystemsConditioning.Problem10OneNorm;NumStability.Source.Higham.Chapter07.LinearSystemsConditioning.Problem13SparseResidual;NumStability.Source.Higham.Chapter07.LinearSystemsConditioning.Problem15Hadamard;NumStability.Source.Higham.Chapter07.LinearSystemsConditioning.RowScaling;NumStability.Source.Higham.Chapter07.LinearSystemsConditioning.Theorem02;NumStability.Source.Higham.Chapter07.LinearSystemsConditioning.Theorem04;NumStability.Source.Higham.Chapter07.LinearSystemsConditioning.Theorem05.Part01;NumStability.Source.Higham.Chapter07.LinearSystemsConditioning.Theorem05.Part02;NumStability.Source.Higham.Chapter07.LinearSystemsConditioning.Theorem05.Part03;NumStability.Source.Higham.Chapter07.LinearSystemsConditioning.Theorem05.Part04;NumStability.Source.Higham.Chapter07.LinearSystemsConditioning.Theorem05.Part05;NumStability.Source.Higham.Chapter07.LinearSystemsConditioning.Theorem05.Part06;NumStability.Source.Higham.Chapter07.LinearSystemsConditioning.Theorem05.RowInfinityScaleCounterexample.Theorems;NumStability.Source.Higham.Chapter07.LinearSystemsConditioning.Theorem07FrobeniusScaling;NumStability.Source.Higham.Chapter07.LinearSystemsConditioning.Theorem08Aliases,false,true,No matched declaration introducer; verify against elaborated origins before claiming zero environment declarations.
NumStability.Analysis.HighamChapter7Rectangular,NumStability/Analysis/HighamChapter7Rectangular.lean,Analysis,20,0,3,NumStability.Analysis.PerturbationTheory;NumStability.Source.Higham.Chapter07.LinearSystemsConditioning.RectangularTheorems;NumStability.Source.Higham.Chapter07.LinearSystemsConditioning.Theorem03.RectangularResults,false,true,No matched declaration introducer; verify against elaborated origins before claiming zero environment declarations.
NumStability.Analysis.IncreasingPrecision,NumStability/Analysis/IncreasingPrecision.lean,Analysis,25,0,8,Mathlib.Analysis.SpecialFunctions.Exp;Mathlib.Analysis.SpecialFunctions.Trigonometric.Bounds;Mathlib.Tactic.Linarith;Mathlib.Tactic.NormNum;NumStability.Analysis.BeneficialRounding;NumStability.Analysis.Error.Measures.ScalarDefinitions;NumStability.Source.Higham.Chapter01.FloatingPointArithmetic.IncreasingPrecision;NumStability.Source.Higham.Chapter01.Section13.IncreasingPrecision.BinaryStorageExamples,false,true,No matched declaration introducer; verify against elaborated origins before claiming zero environment declarations.
NumStability.Analysis.InstabilityWithoutCancellation,NumStability/Analysis/InstabilityWithoutCancellation.lean,Analysis,27,0,10,Mathlib.Data.Real.Sqrt;Mathlib.Tactic.FieldSimp;Mathlib.Tactic.FinCases;Mathlib.Tactic.Linarith;Mathlib.Tactic.NormNum;Mathlib.Tactic.Ring;NumStability.Algorithms.LU.GaussianElimination;NumStability.Analysis.MatrixAlgebra;NumStability.Source.Higham.Chapter01.FloatingPointArithmetic.InstabilityWithoutCancellation;NumStability.Source.Higham.Chapter01.Section12.InstabilityWithoutCancellation.PivotingExample,false,true,No matched declaration introducer; verify against elaborated origins before claiming zero environment declarations.
NumStability.Analysis.JordanNormalForm,NumStability/Analysis/JordanNormalForm.lean,Analysis,16,0,10,Mathlib.Algebra.DirectSum.Module;Mathlib.Analysis.Complex.Polynomial.Basic;Mathlib.Data.Complex.Basic;Mathlib.Data.Matrix.Block;Mathlib.FieldTheory.IsAlgClosed.Basic;Mathlib.LinearAlgebra.Eigenspace.Basic;Mathlib.LinearAlgebra.Eigenspace.Triangularizable;Mathlib.LinearAlgebra.Matrix.Basis;Mathlib.LinearAlgebra.Matrix.ToLin;NumStability.Analysis.LinearOperators.Jordan.NormalForm.PrimaryDecomposition,false,true,No matched declaration introducer; verify against elaborated origins before claiming zero environment declarations.
NumStability.Analysis.LeadingDigitDistribution,NumStability/Analysis/LeadingDigitDistribution.lean,Analysis,8,0,1,NumStability.Analysis.LeadingDigits.LogarithmicDistribution,false,true,No matched declaration introducer; verify against elaborated origins before claiming zero environment declarations.
NumStability.Analysis.LinearOperators.MatrixPowers.Spijker.KreissBridge,NumStability/Analysis/LinearOperators/MatrixPowers/Spijker/KreissBridge.lean,Analysis,15,0,9,Mathlib.MeasureTheory.Integral.IntervalIntegral.IntegrationByParts;NumStability.Analysis.CStarMatrices.Basic.RealMatrixBridge;NumStability.Analysis.FunctionalCalculus.Resolvent.Analyticity;NumStability.Analysis.LinearOperators.MatrixPowers.BaiDemmelGu.DistanceToInstability;NumStability.Analysis.LinearOperators.MatrixPowers.Kreiss.ResolventBound;NumStability.Analysis.MatrixNorms.Basic;NumStability.Analysis.SingularValues.Basic;NumStability.Analysis.LinearOperators.MatrixPowers.Spijker.ArcLengthPowerBounds.FiniteDimension;NumStability.Analysis.LinearOperators.MatrixPowers.Spijker.ResolventCoefficients.Analytic,false,true,No matched declaration introducer; verify against elaborated origins before claiming zero environment declarations.
NumStability.Analysis.MatrixPowersBaiDemmelGu,NumStability/Analysis/MatrixPowersBaiDemmelGu.lean,Analysis,12,0,6,Mathlib.Analysis.CStarAlgebra.CStarMatrix;Mathlib.Analysis.Complex.ExponentialBounds;Mathlib.Analysis.SpecialFunctions.Log.Basic;NumStability.Analysis.LinearOperators.MatrixPowers.BaiDemmelGu.StabilityRadius;NumStability.Analysis.PseudospectralPowerBound;NumStability.Source.Higham.Chapter18.Section01.MatrixPowerBounds.NamedBounds.BaiDemmelGu,false,true,No matched declaration introducer; verify against elaborated origins before claiming zero environment declarations.
NumStability.Analysis.MatrixPowersBaiDemmelGuDistance,NumStability/Analysis/MatrixPowersBaiDemmelGuDistance.lean,Analysis,9,0,3,NumStability.Analysis.Conditioning.DistanceToSingularity;NumStability.Analysis.LinearOperators.MatrixPowers.BaiDemmelGu.DistanceToInstability;NumStability.Analysis.MatrixPowersBaiDemmelGu,false,true,No matched declaration introducer; verify against elaborated origins before claiming zero environment declarations.
NumStability.Analysis.MatrixPowersBinomialBound,NumStability/Analysis/MatrixPowersBinomialBound.lean,Analysis,10,0,4,Mathlib.Analysis.CStarAlgebra.Matrix;NumStability.Analysis.LinearOperators.MatrixPowers.Henrici.BinomialPowerBound;NumStability.Analysis.MatrixPowersSchur;NumStability.Analysis.LinearOperators.MatrixPowers.Henrici.SchurBinomialBounds.Estimates,false,true,No matched declaration introducer; verify against elaborated origins before claiming zero environment declarations.
NumStability.Analysis.MatrixPowersGautschi,NumStability/Analysis/MatrixPowersGautschi.lean,Analysis,11,0,5,NumStability.Algorithms.MatrixPowersComplex;NumStability.Algorithms.MatrixPowersLpJordan;NumStability.Analysis.LinearOperators.MatrixPowers.Gautschi.Bounds;NumStability.Analysis.MatrixNorms.Comparisons;NumStability.Source.Higham.Chapter18.Section01.MatrixPowerBounds.NamedBounds.Gautschi,false,true,No matched declaration introducer; verify against elaborated origins before claiming zero environment declarations.
NumStability.Analysis.MatrixPowersHenrici,NumStability/Analysis/MatrixPowersHenrici.lean,Analysis,10,0,4,Mathlib.Data.Complex.Basic;Mathlib.LinearAlgebra.Matrix.Charpoly.Basic;Mathlib.LinearAlgebra.Matrix.Trace;NumStability.Analysis.LinearOperators.MatrixPowers.Henrici.DepartureFromNormality,false,true,No matched declaration introducer; verify against elaborated origins before claiming zero environment declarations.
NumStability.Analysis.MatrixPowersHenriciNormal,NumStability/Analysis/MatrixPowersHenriciNormal.lean,Analysis,10,0,4,NumStability.Analysis.LinearOperators.MatrixPowers.Henrici.NormalMatrices;NumStability.Analysis.MatrixPowersHenrici;NumStability.Analysis.MatrixPowersSchur;NumStability.Analysis.LinearOperators.MatrixPowers.Henrici.NormalCharacterization.Schur,false,true,No matched declaration introducer; verify against elaborated origins before claiming zero environment declarations.
NumStability.Analysis.MatrixPowersKreiss,NumStability/Analysis/MatrixPowersKreiss.lean,Analysis,10,0,4,Mathlib.Analysis.Complex.Exponential;NumStability.Analysis.LinearOperators.MatrixPowers.Kreiss.ResolventBound;NumStability.Analysis.PseudospectralPowerBound;NumStability.Source.Higham.Chapter18.Section01.MatrixPowerBounds.NamedBounds.Kreiss,false,true,No matched declaration introducer; verify against elaborated origins before claiming zero environment declarations.
NumStability.Analysis.MatrixPowersKreissSpijker,NumStability/Analysis/MatrixPowersKreissSpijker.lean,Analysis,11,0,5,Mathlib.MeasureTheory.Integral.IntervalIntegral.IntegrationByParts;NumStability.Analysis.LinearOperators.MatrixPowers.Spijker.KreissBridge;NumStability.Analysis.MatrixPowersBaiDemmelGuDistance;NumStability.Analysis.MatrixPowersKreiss;NumStability.Source.Higham.Chapter18.Section01.MatrixPowerBounds.NamedBounds.SpijkerKreiss,false,true,No matched declaration introducer; verify against elaborated origins before claiming zero environment declarations.
NumStability.Analysis.MatrixPowersLaszlo,NumStability/Analysis/MatrixPowersLaszlo.lean,Analysis,10,0,4,NumStability.Analysis.HenriciExtremal;NumStability.Analysis.LinearOperators.MatrixPowers.Laszlo.NearestNormal;NumStability.Analysis.MatrixPowersHenriciNormal;NumStability.Source.Higham.Chapter18.Section01.MatrixPowerBounds.NamedBounds.Laszlo,false,true,No matched declaration introducer; verify against elaborated origins before claiming zero environment declarations.
NumStability.Analysis.MatrixPowersLp185Primary,NumStability/Analysis/MatrixPowersLp185Primary.lean,Analysis,14,0,8,Mathlib.Data.Real.Basic;Mathlib.Tactic.Linarith;Mathlib.Tactic.Ring;NumStability.Algorithms.MatrixPowersJordan;NumStability.Algorithms.MatrixPowersLp;NumStability.Algorithms.MatrixPowersLpJordan;NumStability.Analysis.MatrixNorms.Lp;NumStability.Source.Higham.Chapter18.Section01.MatrixPowerBounds.Equations04And05.Equation05Primary,false,true,No matched declaration introducer; verify against elaborated origins before claiming zero environment declarations.
NumStability.Analysis.MatrixPowersSchur,NumStability/Analysis/MatrixPowersSchur.lean,Analysis,12,0,6,Mathlib.Analysis.CStarAlgebra.Matrix;NumStability.Analysis.LinearOperators.MatrixPowers.ExactNormBounds.Schur;NumStability.Analysis.LinearOperators.Schur.Complex.Triangulation;NumStability.Analysis.LinearOperators.MatrixPowers.ExactNormBounds.NormalMatrices.Powers;NumStability.Analysis.LinearOperators.MatrixPowers.Henrici.NormalCharacterization.Schur;NumStability.Analysis.LinearOperators.Schur.Complex.NormalTriangular.Diagonal,false,true,No matched declaration introducer; verify against elaborated origins before claiming zero environment declarations.
NumStability.Analysis.MatrixPowersSpijkerClosure,NumStability/Analysis/MatrixPowersSpijkerClosure.lean,Analysis,9,0,3,NumStability.Analysis.MatrixPowersSpijkerPlanarAnalysis;NumStability.Analysis.LinearOperators.MatrixPowers.Spijker.FiniteDimensionalPowerBounds.Kreiss;NumStability.Source.Higham.Chapter18.Section01.MatrixPowerBounds.NamedBounds.SpijkerKreissUnconditional.Bounds,false,true,No matched declaration introducer; verify against elaborated origins before claiming zero environment declarations.
NumStability.Analysis.MatrixPowersSpijkerPlanar,NumStability/Analysis/MatrixPowersSpijkerPlanar.lean,Analysis,11,0,5,Mathlib.Algebra.Polynomial.Reverse;Mathlib.Algebra.Polynomial.Roots;NumStability.Analysis.LinearOperators.MatrixPowers.Spijker.PlanarAlgebra;NumStability.Analysis.MatrixPowersSpijkerRational;NumStability.Analysis.LinearOperators.MatrixPowers.Spijker.PlanarCrossingBounds.Polynomial,false,true,No matched declaration introducer; verify against elaborated origins before claiming zero environment declarations.
NumStability.Analysis.MatrixPowersSpijkerPlanarAnalysis,NumStability/Analysis/MatrixPowersSpijkerPlanarAnalysis.lean,Analysis,12,0,6,Mathlib.MeasureTheory.Integral.IntervalIntegral.DerivIntegrable;Mathlib.MeasureTheory.Integral.Prod;NumStability.Analysis.LinearOperators.MatrixPowers.Spijker.PlanarAnalysis;NumStability.Analysis.MatrixPowersSpijkerPlanar;NumStability.Analysis.SpijkerProjectionIntegral;NumStability.Analysis.LinearOperators.MatrixPowers.Spijker.PlanarArcLength.Variation,false,true,No matched declaration introducer; verify against elaborated origins before claiming zero environment declarations.
NumStability.Analysis.MatrixPowersSpijkerRational,NumStability/Analysis/MatrixPowersSpijkerRational.lean,Analysis,9,0,3,Mathlib.LinearAlgebra.Matrix.Charpoly.Basic;NumStability.Analysis.LinearOperators.MatrixPowers.Spijker.Rational;NumStability.Analysis.MatrixPowersKreissSpijker,false,true,No matched declaration introducer; verify against elaborated origins before claiming zero environment declarations.
NumStability.Analysis.MullerRecurrence,NumStability/Analysis/MullerRecurrence.lean,Analysis,17,0,7,Mathlib.Analysis.SpecificLimits.Basic;Mathlib.Data.Real.Basic;Mathlib.Tactic.FieldSimp;Mathlib.Tactic.Linarith;Mathlib.Tactic.NormNum;Mathlib.Tactic.Ring;NumStability.Source.Higham.Chapter01.Problem08.MullerRecurrence.Basic,false,true,No matched declaration introducer; verify against elaborated origins before claiming zero environment declarations.
NumStability.Analysis.NearInteger,NumStability/Analysis/NearInteger.lean,Analysis,13,0,3,Mathlib.Data.Real.Basic;Mathlib.Tactic.NormNum;NumStability.Source.Higham.Chapter01.Problem02.NearIntegerTable.Basic,false,true,No matched declaration introducer; verify against elaborated origins before claiming zero environment declarations.
NumStability.Analysis.NilpotentJordanChain,NumStability/Analysis/NilpotentJordanChain.lean,Analysis,14,0,8,Mathlib.Algebra.DirectSum.Module;Mathlib.Algebra.Module.PID;Mathlib.Algebra.Polynomial.Module.AEval;Mathlib.Data.Fin.Rev;Mathlib.LinearAlgebra.StdBasis;Mathlib.RingTheory.AdjoinRoot;NumStability.Analysis.JordanNormalForm;NumStability.Analysis.LinearOperators.Jordan.NormalForm.NilpotentChains,false,true,No matched declaration introducer; verify against elaborated origins before claiming zero environment declarations.
NumStability.Analysis.NonrandomRounding,NumStability/Analysis/NonrandomRounding.lean,Analysis,9,0,1,NumStability.Source.Higham.Chapter01.Section17,true,true,No matched declaration introducer; verify against elaborated origins before claiming zero environment declarations.
NumStability.Analysis.NonrandomRounding.Conclusions,NumStability/Analysis/NonrandomRounding/Conclusions.lean,Analysis,9,0,1,NumStability.Source.Higham.Chapter01.Section17.ErrorSpread,false,true,No matched declaration introducer; verify against elaborated origins before claiming zero environment declarations.
NumStability.Analysis.NonrandomRounding.Core,NumStability/Analysis/NonrandomRounding/Core.lean,Analysis,9,0,1,NumStability.Source.Higham.Chapter01.Section17.HornerEvaluation,false,true,No matched declaration introducer; verify against elaborated origins before claiming zero environment declarations.
NumStability.Analysis.NonrandomRounding.GridVariation,NumStability/Analysis/NonrandomRounding/GridVariation.lean,Analysis,8,0,1,NumStability.Source.Higham.Chapter01.Section17.GridVariation,false,true,No matched declaration introducer; verify against elaborated origins before claiming zero environment declarations.
NumStability.Analysis.NonrandomRounding.SourceInterval,NumStability/Analysis/NonrandomRounding/SourceInterval.lean,Analysis,8,0,1,NumStability.Source.Higham.Chapter01.Section17.SourceInterval,false,true,No matched declaration introducer; verify against elaborated origins before claiming zero environment declarations.
NumStability.Analysis.NonrandomRounding.StoredGrid,NumStability/Analysis/NonrandomRounding/StoredGrid.lean,Analysis,8,0,1,NumStability.Source.Higham.Chapter01.Section17.StoredGrid,false,true,No matched declaration introducer; verify against elaborated origins before claiming zero environment declarations.
NumStability.Analysis.NumericalRadius,NumStability/Analysis/NumericalRadius.lean,Analysis,10,0,4,Mathlib.Analysis.CStarAlgebra.Matrix;Mathlib.Analysis.InnerProductSpace.LinearMap;Mathlib.Analysis.InnerProductSpace.Rayleigh;NumStability.Analysis.LinearOperators.NumericalRadius.Core.Basic,true,true,No matched declaration introducer; verify against elaborated origins before claiming zero environment declarations.
NumStability.Analysis.Problem2_10,NumStability/Analysis/Problem2_10.lean,Analysis,20,0,3,NumStability.Source.Higham.Chapter02.Problem09.DoubleRounding.Counterexample.Results;NumStability.Source.Higham.Chapter02.Problem10.DivisionRoundTrip.Basic;NumStability.Source.Higham.Chapter02.Problem10.DivisionRoundTrip.ExhaustiveBinary64.Results,false,true,No matched declaration introducer; verify against elaborated origins before claiming zero environment declarations.
NumStability.Analysis.Problem2_11,NumStability/Analysis/Problem2_11.lean,Analysis,8,0,1,NumStability.Source.Higham.Chapter02.Problem11,false,true,No matched declaration introducer; verify against elaborated origins before claiming zero environment declarations.
NumStability.Analysis.Problem2_12,NumStability/Analysis/Problem2_12.lean,Analysis,20,0,3,NumStability.Source.Higham.Chapter02.Problem10.DivisionRoundTrip.ExhaustiveBinary64.Results;NumStability.Source.Higham.Chapter02.Problem12.ReciprocalProduct.Basic;NumStability.Source.Higham.Chapter02.Problem12.ReciprocalProduct.Results.Theorems,false,true,No matched declaration introducer; verify against elaborated origins before claiming zero environment declarations.
NumStability.Analysis.Problem2_13,NumStability/Analysis/Problem2_13.lean,Analysis,21,0,4,Mathlib.Data.Nat.Factorization.Basic;NumStability.Source.Higham.Chapter02.Problem12.ReciprocalProduct.Results.Theorems;NumStability.Source.Higham.Chapter02.Problem13.ReciprocalProductThreshold.Basic;NumStability.Source.Higham.Chapter02.Problem13.ReciprocalProductThreshold.Results.Theorems,false,true,No matched declaration introducer; verify against elaborated origins before claiming zero environment declarations.
NumStability.Analysis.Problem2_14,NumStability/Analysis/Problem2_14.lean,Analysis,20,0,3,NumStability.Source.Higham.Chapter02.Problem13.ReciprocalProductThreshold.Results.Theorems;NumStability.Source.Higham.Chapter02.Problem14.UnitRoundoffProbe.Basic;NumStability.Source.Higham.Chapter02.Problem14.UnitRoundoffProbe.IeeeExamples.Results,false,true,No matched declaration introducer; verify against elaborated origins before claiming zero environment declarations.
NumStability.Analysis.Problem2_15_16,NumStability/Analysis/Problem2_15_16.lean,Analysis,12,0,2,NumStability.Analysis.FloatingPointArithmetic.IeeeSpecialValueOperations.Results;NumStability.Source.Higham.Chapter02.Problems15And16.SpecialValueProbes.Basic,false,true,No matched declaration introducer; verify against elaborated origins before claiming zero environment declarations.
NumStability.Analysis.Problem2_17,NumStability/Analysis/Problem2_17.lean,Analysis,23,0,6,Mathlib.Tactic.NormNum;Mathlib.Tactic.Ring;NumStability.Analysis.Nonassociativity;NumStability.FloatingPoint.Model;NumStability.Source.Higham.Chapter02.Section06.Discriminant.StandardModel.Basic;NumStability.Source.Higham.Chapter02.Section06.Discriminant.StandardModel.Counterexample.Results,false,true,No matched declaration introducer; verify against elaborated origins before claiming zero environment declarations.
NumStability.Analysis.Problem2_18,NumStability/Analysis/Problem2_18.lean,Analysis,11,0,1,NumStability.Source.Higham.Chapter02.Problem18.ExactSubtractionCounterexample.Basic,false,true,No matched declaration introducer; verify against elaborated origins before claiming zero environment declarations.
NumStability.Analysis.Problem2_19,NumStability/Analysis/Problem2_19.lean,Analysis,11,0,1,NumStability.Source.Higham.Chapter02.Problem20.SquareRootIdentities.Basic,false,true,No matched declaration introducer; verify against elaborated origins before claiming zero environment declarations.
NumStability.Analysis.Problem2_2,NumStability/Analysis/Problem2_2.lean,Analysis,8,0,1,NumStability.Source.Higham.Chapter02.Problem02,false,true,No matched declaration introducer; verify against elaborated origins before claiming zero environment declarations.
NumStability.Analysis.Problem2_20,NumStability/Analysis/Problem2_20.lean,Analysis,23,0,6,Mathlib.Tactic.NormNum;Mathlib.Tactic.Ring;NumStability.FloatingPoint.Model;NumStability.Source.Higham.Chapter02.Problem20.SquareRootIdentities.Basic;NumStability.Source.Higham.Chapter02.Problem21.HypotenuseNormalization.Basic;NumStability.Source.Higham.Chapter02.Problem21.HypotenuseNormalization.StandardModelCounterexample.Results,false,true,No matched declaration introducer; verify against elaborated origins before claiming zero environment declarations.
NumStability.Analysis.Problem2_21,NumStability/Analysis/Problem2_21.lean,Analysis,9,0,1,NumStability.Source.Higham.Chapter02.Problem22,false,true,No matched declaration introducer; verify against elaborated origins before claiming zero environment declarations.
NumStability.Analysis.Problem2_22,NumStability/Analysis/Problem2_22.lean,Analysis,9,0,1,NumStability.Source.Higham.Chapter02.Problem23,false,true,No matched declaration introducer; verify against elaborated origins before claiming zero environment declarations.
NumStability.Analysis.Problem2_23,NumStability/Analysis/Problem2_23.lean,Analysis,13,0,3,Mathlib.Algebra.Group.Nat.Even;NumStability.Analysis.FloatingPointArithmetic.IeeeSpecialValueOperations.Results;NumStability.Source.Higham.Chapter02.Problem24.GuardDigitCancellation.Basic,false,true,No matched declaration introducer; verify against elaborated origins before claiming zero environment declarations.
NumStability.Analysis.Problem2_24,NumStability/Analysis/Problem2_24.lean,Analysis,22,0,5,Mathlib.Tactic.NormNum;Mathlib.Tactic.Ring;NumStability.Source.Higham.Chapter02.Problem10.DivisionRoundTrip.ExhaustiveBinary64.Results;NumStability.Source.Higham.Chapter02.Problem25.NonzeroEvaluation.Basic;NumStability.Source.Higham.Chapter02.Problem25.NonzeroEvaluation.IeeeFiniteSystems.Results,false,true,No matched declaration introducer; verify against elaborated origins before claiming zero environment declarations.
NumStability.Analysis.Problem2_25,NumStability/Analysis/Problem2_25.lean,Analysis,11,0,1,NumStability.Source.Higham.Chapter02.Problem27.KahanDeterminant.Basic,false,true,No matched declaration introducer; verify against elaborated origins before claiming zero environment declarations.
NumStability.Analysis.Problem2_26,NumStability/Analysis/Problem2_26.lean,Analysis,12,0,2,NumStability.Source.Higham.Chapter02.Problem14.UnitRoundoffProbe.IeeeExamples.Results;NumStability.Source.Higham.Chapter02.Section06.ReciprocalIteration.Basic,false,true,No matched declaration introducer; verify against elaborated origins before claiming zero environment declarations.
NumStability.Analysis.Problem2_27,NumStability/Analysis/Problem2_27.lean,Analysis,24,0,7,Mathlib.Tactic.FieldSimp;Mathlib.Tactic.Linarith;Mathlib.Tactic.Ring;NumStability.Source.Higham.Chapter02.Problem14.UnitRoundoffProbe.IeeeExamples.Results;NumStability.Source.Higham.Chapter02.Problem28.IterativeDivisionTermination.Basic;NumStability.Source.Higham.Chapter02.Problem28.IterativeDivisionTermination.UnderflowAwareConvergence.Results;NumStability.Source.Higham.Chapter02.Section06.ReciprocalIteration.Basic,false,true,No matched declaration introducer; verify against elaborated origins before claiming zero environment declarations.
NumStability.Analysis.Problem2_3,NumStability/Analysis/Problem2_3.lean,Analysis,23,0,6,Mathlib.Data.Nat.Log;Mathlib.Order.Interval.Finset.Nat;Mathlib.Tactic.NormNum;NumStability.Analysis.FloatingPointArithmetic.IeeeSpecialValueOperations.Results;NumStability.Source.Higham.Chapter02.Problem03.AdjacentPrecisionValues.Basic;NumStability.Source.Higham.Chapter02.Problem03.AdjacentPrecisionValues.Results.Theorems,false,true,No matched declaration introducer; verify against elaborated origins before claiming zero environment declarations.
NumStability.Analysis.Problem2_4,NumStability/Analysis/Problem2_4.lean,Analysis,7,0,1,NumStability.Source.Higham.Chapter02.Problem04,false,true,No matched declaration introducer; verify against elaborated origins before claiming zero environment declarations.
NumStability.Analysis.Problem2_5,NumStability/Analysis/Problem2_5.lean,Analysis,14,0,4,Mathlib.Analysis.SpecialFunctions.Pow.Real;Mathlib.Topology.Algebra.InfiniteSum.Real;NumStability.Analysis.FloatingPointArithmetic.IeeeSpecialValueOperations.Results;NumStability.Source.Higham.Chapter02.Problem05.BinaryOneTenth.Basic,false,true,No matched declaration introducer; verify against elaborated origins before claiming zero environment declarations.
NumStability.Analysis.Problem2_6,NumStability/Analysis/Problem2_6.lean,Analysis,13,0,3,Mathlib.Tactic.NormNum;NumStability.Analysis.FloatingPointArithmetic.IeeeSpecialValueOperations.Results;NumStability.Source.Higham.Chapter02.Problem06.IntegerRepresentability.Basic,false,true,No matched declaration introducer; verify against elaborated origins before claiming zero environment declarations.
NumStability.Analysis.Problem2_7,NumStability/Analysis/Problem2_7.lean,Analysis,9,0,2,NumStability.FloatingPoint.OperationLaws;NumStability.Source.Higham.Chapter02.Problem07,false,true,No matched declaration introducer; verify against elaborated origins before claiming zero environment declarations.
NumStability.Analysis.PseudospectralLowerBound,NumStability/Analysis/PseudospectralLowerBound.lean,Analysis,9,0,3,NumStability.Algorithms.MatrixPowersPseudospectralCriterion;NumStability.Analysis.LinearOperators.Pseudospectra.Perturbation.LowerBounds;NumStability.Analysis.SingularValues.Basic,false,true,No matched declaration introducer; verify against elaborated origins before claiming zero environment declarations.
NumStability.Analysis.PseudospectralPowerBound,NumStability/Analysis/PseudospectralPowerBound.lean,Analysis,9,0,3,NumStability.Analysis.DunfordResidue;NumStability.Analysis.LinearOperators.Pseudospectra.PowerBounds.Contour;NumStability.Source.Higham.Chapter18.Section02.FinitePrecisionPowers.Equations08To14.PowerBound,false,true,No matched declaration introducer; verify against elaborated origins before claiming zero environment declarations.
NumStability.Analysis.PseudospectralResolvent,NumStability/Analysis/PseudospectralResolvent.lean,Analysis,10,0,4,Mathlib.Analysis.Normed.Algebra.Spectrum;Mathlib.Analysis.SpecificLimits.Normed;NumStability.Algorithms.MatrixPowersPseudospectralCriterion;NumStability.Analysis.LinearOperators.Pseudospectra.Resolvent.LowerBounds,true,true,No matched declaration introducer; verify against elaborated origins before claiming zero environment declarations.
NumStability.Analysis.RealSchurTriangulation,NumStability/Analysis/RealSchurTriangulation.lean,Analysis,15,0,9,Mathlib.Analysis.Complex.Polynomial.Basic;Mathlib.Analysis.InnerProductSpace.PiL2;Mathlib.Analysis.Matrix.Spectrum;Mathlib.LinearAlgebra.Charpoly.ToMatrix;Mathlib.LinearAlgebra.Eigenspace.Charpoly;Mathlib.LinearAlgebra.Eigenspace.Matrix;Mathlib.LinearAlgebra.Matrix.Charpoly.Basic;Mathlib.LinearAlgebra.Matrix.Charpoly.Eigs;NumStability.Analysis.LinearOperators.Schur.Real.Triangularization.SplitCharpoly,false,true,No matched declaration introducer; verify against elaborated origins before claiming zero environment declarations.
NumStability.Analysis.ResolventFunctionalCalculus,NumStability/Analysis/ResolventFunctionalCalculus.lean,Analysis,11,0,5,Mathlib.Analysis.Calculus.FDeriv.Mul;Mathlib.Analysis.Complex.CauchyIntegral;Mathlib.Analysis.Normed.Algebra.GelfandFormula;NumStability.Analysis.FunctionalCalculus.Resolvent.Analyticity;NumStability.Analysis.PseudospectralResolvent,false,true,No matched declaration introducer; verify against elaborated origins before claiming zero environment declarations.
NumStability.Analysis.SampleVariance,NumStability/Analysis/SampleVariance.lean,Analysis,42,0,23,Mathlib.Algebra.BigOperators.Fin;Mathlib.Algebra.BigOperators.Group.Finset.Basic;Mathlib.Algebra.Order.BigOperators.Group.Finset;Mathlib.Analysis.Asymptotics.Defs;Mathlib.Data.Real.Basic;Mathlib.Tactic.FieldSimp;Mathlib.Tactic.Linarith;Mathlib.Tactic.NormNum;Mathlib.Tactic.Ring;Mathlib.Topology.Basic;NumStability.Analysis.Error.Measures.ScalarDefinitions;NumStability.Analysis.FloatingPointArithmetic.IeeeSpecialValueOperations.Results;NumStability.Analysis.MatrixAlgebra;NumStability.Analysis.Statistics.SampleVariance.Core;NumStability.Analysis.Statistics.SampleVariance.RoundingErrorBounds.Theorems;NumStability.Analysis.Statistics.SampleVariance.TwoPass;NumStability.Analysis.Statistics.SampleVariance.Updating;NumStability.Analysis.Summation.ErrorBounds;NumStability.Source.Higham.Chapter01.Problem07.SampleVarianceConditioning.ConditionNumbers;NumStability.Source.Higham.Chapter01.Problem10.TwoPassSampleVariance.Bounds;NumStability.Source.Higham.Chapter01.Problem10.TwoPassSampleVariance.RemainderBound.Theorem;NumStability.Source.Higham.Chapter01.Section09.SampleVariance.Examples;NumStability.Source.Higham.Chapter01.Section09.SampleVariance.IeeeSingleOnePassCounterexample.Results,false,true,No matched declaration introducer; verify against elaborated origins before claiming zero environment declarations.
NumStability.Analysis.SemiconvergentBlockFormExists,NumStability/Analysis/SemiconvergentBlockFormExists.lean,Analysis,8,0,1,NumStability.Analysis.LinearOperators.MatrixPowers.Semiconvergence.TriangularBlockForm,false,true,No matched declaration introducer; verify against elaborated origins before claiming zero environment declarations.
NumStability.Analysis.SemiconvergentExistenceComplete,NumStability/Analysis/SemiconvergentExistenceComplete.lean,Analysis,8,0,1,NumStability.Analysis.LinearOperators.MatrixPowers.Semiconvergence.PrimarySplitting,false,true,No matched declaration introducer; verify against elaborated origins before claiming zero environment declarations.
NumStability.Analysis.SemiconvergentExistenceFull,NumStability/Analysis/SemiconvergentExistenceFull.lean,Analysis,9,0,1,NumStability.Analysis.LinearOperators.MatrixPowers.Semiconvergence.QuasiTriangularBlockForm,false,true,No matched declaration introducer; verify against elaborated origins before claiming zero environment declarations.
NumStability.Analysis.SemiconvergentLimitGeneral,NumStability/Analysis/SemiconvergentLimitGeneral.lean,Analysis,8,0,1,NumStability.Analysis.LinearOperators.MatrixPowers.Semiconvergence.Limits.General,false,true,No matched declaration introducer; verify against elaborated origins before claiming zero environment declarations.
NumStability.Analysis.SemiconvergentRealSpectrumComplete,NumStability/Analysis/SemiconvergentRealSpectrumComplete.lean,Analysis,8,0,1,NumStability.Analysis.LinearOperators.MatrixPowers.Semiconvergence.Limits.RealSpectrum,false,true,No matched declaration introducer; verify against elaborated origins before claiming zero environment declarations.
NumStability.Analysis.SpijkerProjectionIntegral,NumStability/Analysis/SpijkerProjectionIntegral.lean,Analysis,10,0,4,Mathlib.Analysis.SpecialFunctions.Complex.Arg;Mathlib.Analysis.SpecialFunctions.Integrals.Basic;Mathlib.MeasureTheory.Integral.IntervalIntegral.Periodic;NumStability.Analysis.LinearOperators.MatrixPowers.Spijker.ProjectionIntegral,false,true,No matched declaration introducer; verify against elaborated origins before claiming zero environment declarations.
NumStability.Analysis.SylvesterSchurExistence,NumStability/Analysis/SylvesterSchurExistence.lean,Analysis,12,0,1,NumStability.Analysis.MatrixEquations.SylvesterExistence,false,true,No matched declaration introducer; verify against elaborated origins before claiming zero environment declarations.
NumStability.Higham,NumStability/Higham.lean,Root,8,0,1,NumStability.Source.Higham,true,true,No matched declaration introducer; verify against elaborated origins before claiming zero environment declarations.
NumStability.Higham.Chapter02.Problem04,NumStability/Higham/Chapter02/Problem04.lean,Other,8,0,1,NumStability.Source.Higham.Chapter02.Problem04,false,true,No matched declaration introducer; verify against elaborated origins before claiming zero environment declarations.
NumStability.Higham.Chapter02.Problem07,NumStability/Higham/Chapter02/Problem07.lean,Other,8,0,1,NumStability.Source.Higham.Chapter02.Problem07,false,true,No matched declaration introducer; verify against elaborated origins before claiming zero environment declarations.
NumStability.Higham.Chapter02.Problem22,NumStability/Higham/Chapter02/Problem22.lean,Other,9,0,1,NumStability.Source.Higham.Chapter02.Problem23,false,true,No matched declaration introducer; verify against elaborated origins before claiming zero environment declarations.
NumStability.Higham.Chapter08.Lemma8_8Discrepancy,NumStability/Higham/Chapter08/Lemma8_8Discrepancy.lean,Other,8,0,1,NumStability.Source.Higham.Chapter08.Lemma08Discrepancy,false,true,No matched declaration introducer; verify against elaborated origins before claiming zero environment declarations.
NumStability.Higham.Chapter10.Theorem10_7,NumStability/Higham/Chapter10/Theorem10_7.lean,Other,8,0,1,NumStability.Source.Higham.Chapter10.Theorem07,false,true,No matched declaration introducer; verify against elaborated origins before claiming zero environment declarations.
NumStability.Higham.Chapter11.Theorem11_7Capstone,NumStability/Higham/Chapter11/Theorem11_7Capstone.lean,Other,8,0,1,NumStability.Source.Higham.Chapter11.Theorem07,false,true,No matched declaration introducer; verify against elaborated origins before claiming zero environment declarations.
NumStability.Higham.Chapter13.Table13_1,NumStability/Higham/Chapter13/Table13_1.lean,Other,9,0,2,NumStability.Source.Higham.Chapter13.Equation25;NumStability.Source.Higham.Chapter13.Table01,false,true,No matched declaration introducer; verify against elaborated origins before claiming zero environment declarations.
NumStability.Higham.Chapter14.Discrepancies,NumStability/Higham/Chapter14/Discrepancies.lean,Other,8,0,1,NumStability.Source.Higham.Chapter14.Discrepancies,false,true,No matched declaration introducer; verify against elaborated origins before claiming zero environment declarations.
NumStability.Higham.Chapter20.SourceAliases,NumStability/Higham/Chapter20/SourceAliases.lean,Other,10,0,3,NumStability.Source.Higham.Chapter20.Equation32;NumStability.Source.Higham.Chapter20.Lemma06;NumStability.Source.Higham.Chapter20.Theorem01,false,true,No matched declaration introducer; verify against elaborated origins before claiming zero environment declarations.
NumStability.Higham.CrossChapter.Chapter02To03NoGuardDot,NumStability/Higham/CrossChapter/Chapter02To03NoGuardDot.lean,Other,9,0,2,NumStability.Algorithms.Arithmetic.DotProduct.NoGuard;NumStability.Source.Higham.CrossChapter.NoGuardDotProduct,false,true,No matched declaration introducer; verify against elaborated origins before claiming zero environment declarations.
NumStability.Higham.CrossChapter.Chapter07To15PracticalBound,NumStability/Higham/CrossChapter/Chapter07To15PracticalBound.lean,Other,8,0,1,NumStability.Source.Higham.CrossChapter.PracticalConditionBound,false,true,No matched declaration introducer; verify against elaborated origins before claiming zero environment declarations.
NumStability.Higham.CrossChapter.Chapter09To12GenericSolver,NumStability/Higham/CrossChapter/Chapter09To12GenericSolver.lean,Other,8,0,1,NumStability.Source.Higham.CrossChapter.LUSolverWeights.Factorization,false,true,No matched declaration introducer; verify against elaborated origins before claiming zero environment declarations.
NumStability.Higham.CrossChapter.Chapter09To12Solver,NumStability/Higham/CrossChapter/Chapter09To12Solver.lean,Other,8,0,1,NumStability.Source.Higham.CrossChapter.LUSolverWeights.Doolittle,false,true,No matched declaration introducer; verify against elaborated origins before claiming zero environment declarations.
NumStability.Source.Higham.Chapter06.Theorem05.DistanceToSingularity.Chapter07Equation26,NumStability/Source/Higham/Chapter06/Theorem05/DistanceToSingularity/Chapter07Equation26.lean,Source,34,0,17,Mathlib.Algebra.Order.GroupWithZero.Finset;Mathlib.LinearAlgebra.Basis.VectorSpace;Mathlib.LinearAlgebra.Charpoly.ToMatrix;Mathlib.LinearAlgebra.Eigenspace.Charpoly;Mathlib.LinearAlgebra.Finsupp.Pi;Mathlib.LinearAlgebra.Matrix.FiniteDimensional;Mathlib.LinearAlgebra.Matrix.Irreducible.Defs;NumStability.Algorithms.CondEstimation;NumStability.Analysis.Asymptotics.Bounds;NumStability.Analysis.Conditioning.DistanceToSingularity;NumStability.Analysis.MatrixNorms.Basic;NumStability.Analysis.MatrixNorms.SpectralRadius;NumStability.Analysis.PerturbationTheory;NumStability.Analysis.Summation.Signs;NumStability.Analysis.VectorNorms.Basic;NumStability.Source.Higham.Chapter06.Problem05;NumStability.Source.Higham.Chapter07.Equation26.DistanceToSingularity.Results,false,true,No matched declaration introducer; verify against elaborated origins before claiming zero environment declarations.
NumStability.Source.Higham.Chapter09.Theorem914Actual,NumStability/Source/Higham/Chapter09/Theorem914Actual.lean,Source,12,0,1,NumStability.Source.Higham.Chapter09.Theorem14.Actual,false,true,No matched declaration introducer; verify against elaborated origins before claiming zero environment declarations.
NumStability.Source.Higham.Chapter09.Theorem914DiagDominant,NumStability/Source/Higham/Chapter09/Theorem914DiagDominant.lean,Source,12,0,1,NumStability.Source.Higham.Chapter09.Theorem14.DiagDominant,false,true,No matched declaration introducer; verify against elaborated origins before claiming zero environment declarations.
NumStability.Source.Higham.Chapter09.Theorem914Primitive,NumStability/Source/Higham/Chapter09/Theorem914Primitive.lean,Source,12,0,1,NumStability.Source.Higham.Chapter09.Theorem14.Primitive,false,true,No matched declaration introducer; verify against elaborated origins before claiming zero environment declarations.
NumStability.Source.Higham.Chapter11.Higham11BunchActualSharpGrowthClosure,NumStability/Source/Higham/Chapter11/Higham11BunchActualSharpGrowthClosure.lean,Source,12,0,1,NumStability.Source.Higham.Chapter11.Bunch.ActualSharpGrowthClosure,false,true,No matched declaration introducer; verify against elaborated origins before claiming zero environment declarations.
NumStability.Source.Higham.Chapter11.Higham11BunchExactTrace,NumStability/Source/Higham/Chapter11/Higham11BunchExactTrace.lean,Source,12,0,1,NumStability.Source.Higham.Chapter11.Bunch.ExactTrace,false,true,No matched declaration introducer; verify against elaborated origins before claiming zero environment declarations.
NumStability.Source.Higham.Chapter11.Higham11BunchKaufmanActualSelector,NumStability/Source/Higham/Chapter11/Higham11BunchKaufmanActualSelector.lean,Source,12,0,1,NumStability.Source.Higham.Chapter11.BunchKaufman.ActualSelector,false,true,No matched declaration introducer; verify against elaborated origins before claiming zero environment declarations.
NumStability.Source.Higham.Chapter11.Higham11BunchKaufmanExactGrowth,NumStability/Source/Higham/Chapter11/Higham11BunchKaufmanExactGrowth.lean,Source,12,0,1,NumStability.Source.Higham.Chapter11.BunchKaufman.Exact.Growth,false,true,No matched declaration introducer; verify against elaborated origins before claiming zero environment declarations.
NumStability.Source.Higham.Chapter11.Higham11BunchKaufmanExactGrowthArithmetic,NumStability/Source/Higham/Chapter11/Higham11BunchKaufmanExactGrowthArithmetic.lean,Source,12,0,1,NumStability.Source.Higham.Chapter11.BunchKaufman.Exact.GrowthArithmetic,false,true,No matched declaration introducer; verify against elaborated origins before claiming zero environment declarations.
NumStability.Source.Higham.Chapter11.Higham11BunchKaufmanExactTrace,NumStability/Source/Higham/Chapter11/Higham11BunchKaufmanExactTrace.lean,Source,12,0,1,NumStability.Source.Higham.Chapter11.BunchKaufman.Exact.Trace,false,true,No matched declaration introducer; verify against elaborated origins before claiming zero environment declarations.
NumStability.Source.Higham.Chapter11.Higham11BunchKaufmanExplicitInverseSolve,NumStability/Source/Higham/Chapter11/Higham11BunchKaufmanExplicitInverseSolve.lean,Source,12,0,1,NumStability.Source.Higham.Chapter11.BunchKaufman.ExplicitInverse.Solve,false,true,No matched declaration introducer; verify against elaborated origins before claiming zero environment declarations.
NumStability.Source.Higham.Chapter11.Higham11BunchKaufmanExplicitInverseTerminalClosedForm,NumStability/Source/Higham/Chapter11/Higham11BunchKaufmanExplicitInverseTerminalClosedForm.lean,Source,12,0,1,NumStability.Source.Higham.Chapter11.BunchKaufman.ExplicitInverse.TerminalClosedForm,false,true,No matched declaration introducer; verify against elaborated origins before claiming zero environment declarations.
NumStability.Source.Higham.Chapter11.Higham11BunchKaufmanRoundedAccumulated,NumStability/Source/Higham/Chapter11/Higham11BunchKaufmanRoundedAccumulated.lean,Source,12,0,1,NumStability.Source.Higham.Chapter11.BunchKaufman.Rounded.Accumulated,false,true,No matched declaration introducer; verify against elaborated origins before claiming zero environment declarations.
NumStability.Source.Higham.Chapter11.Higham11BunchKaufmanRoundedBridge,NumStability/Source/Higham/Chapter11/Higham11BunchKaufmanRoundedBridge.lean,Source,12,0,1,NumStability.Source.Higham.Chapter11.BunchKaufman.Rounded.Bridge,false,true,No matched declaration introducer; verify against elaborated origins before claiming zero environment declarations.
NumStability.Source.Higham.Chapter11.Higham11BunchKaufmanRoundedClosure,NumStability/Source/Higham/Chapter11/Higham11BunchKaufmanRoundedClosure.lean,Source,12,0,1,NumStability.Source.Higham.Chapter11.BunchKaufman.Rounded.Closure,false,true,No matched declaration introducer; verify against elaborated origins before claiming zero environment declarations.
NumStability.Source.Higham.Chapter11.Higham11BunchKaufmanRoundedExecution,NumStability/Source/Higham/Chapter11/Higham11BunchKaufmanRoundedExecution.lean,Source,12,0,1,NumStability.Source.Higham.Chapter11.BunchKaufman.Rounded.Execution,false,true,No matched declaration introducer; verify against elaborated origins before claiming zero environment declarations.
NumStability.Source.Higham.Chapter11.Higham11BunchKaufmanRoundedFactors,NumStability/Source/Higham/Chapter11/Higham11BunchKaufmanRoundedFactors.lean,Source,12,0,1,NumStability.Source.Higham.Chapter11.BunchKaufman.Rounded.Factors,false,true,No matched declaration introducer; verify against elaborated origins before claiming zero environment declarations.
NumStability.Source.Higham.Chapter11.Higham11BunchKaufmanRoundedGlobal,NumStability/Source/Higham/Chapter11/Higham11BunchKaufmanRoundedGlobal.lean,Source,12,0,1,NumStability.Source.Higham.Chapter11.BunchKaufman.Rounded.Global,false,true,No matched declaration introducer; verify against elaborated origins before claiming zero environment declarations.
NumStability.Source.Higham.Chapter11.Higham11BunchKaufmanRoundedGrowth,NumStability/Source/Higham/Chapter11/Higham11BunchKaufmanRoundedGrowth.lean,Source,12,0,1,NumStability.Source.Higham.Chapter11.BunchKaufman.Rounded.Growth,false,true,No matched declaration introducer; verify against elaborated origins before claiming zero environment declarations.
NumStability.Source.Higham.Chapter11.Higham11BunchKaufmanRoundedGrowthSolve,NumStability/Source/Higham/Chapter11/Higham11BunchKaufmanRoundedGrowthSolve.lean,Source,12,0,1,NumStability.Source.Higham.Chapter11.BunchKaufman.Rounded.GrowthSolve,false,true,No matched declaration introducer; verify against elaborated origins before claiming zero environment declarations.
NumStability.Source.Higham.Chapter11.Higham11BunchKaufmanRoundedMiddleSolve,NumStability/Source/Higham/Chapter11/Higham11BunchKaufmanRoundedMiddleSolve.lean,Source,12,0,1,NumStability.Source.Higham.Chapter11.BunchKaufman.Rounded.MiddleSolve,false,true,No matched declaration introducer; verify against elaborated origins before claiming zero environment declarations.
NumStability.Source.Higham.Chapter11.Higham11BunchKaufmanRoundedSolve,NumStability/Source/Higham/Chapter11/Higham11BunchKaufmanRoundedSolve.lean,Source,12,0,1,NumStability.Source.Higham.Chapter11.BunchKaufman.Rounded.Solve,false,true,No matched declaration introducer; verify against elaborated origins before claiming zero environment declarations.
NumStability.Source.Higham.Chapter11.Higham11BunchKaufmanRoundedTerminal,NumStability/Source/Higham/Chapter11/Higham11BunchKaufmanRoundedTerminal.lean,Source,12,0,1,NumStability.Source.Higham.Chapter11.BunchKaufman.Rounded.Terminal,false,true,No matched declaration introducer; verify against elaborated origins before claiming zero environment declarations.
NumStability.Source.Higham.Chapter11.Higham11BunchKaufmanRoundedTerminalClosedForm,NumStability/Source/Higham/Chapter11/Higham11BunchKaufmanRoundedTerminalClosedForm.lean,Source,12,0,1,NumStability.Source.Higham.Chapter11.BunchKaufman.Rounded.TerminalClosedForm,false,true,No matched declaration introducer; verify against elaborated origins before claiming zero environment declarations.
NumStability.Source.Higham.Chapter11.Higham11BunchKaufmanSourceCorrection,NumStability/Source/Higham/Chapter11/Higham11BunchKaufmanSourceCorrection.lean,Source,12,0,1,NumStability.Source.Higham.Chapter11.BunchKaufman.SourceCorrection,false,true,No matched declaration introducer; verify against elaborated origins before claiming zero environment declarations.
NumStability.Source.Higham.Chapter11.Higham11BunchSharpGrowthBridge,NumStability/Source/Higham/Chapter11/Higham11BunchSharpGrowthBridge.lean,Source,12,0,1,NumStability.Source.Higham.Chapter11.Bunch.SharpGrowthBridge,false,true,No matched declaration introducer; verify against elaborated origins before claiming zero environment declarations.
NumStability.Source.Higham.Chapter11.Higham11BunchTraceHadamard,NumStability/Source/Higham/Chapter11/Higham11BunchTraceHadamard.lean,Source,12,0,1,NumStability.Source.Higham.Chapter11.Bunch.TraceHadamard,false,true,No matched declaration introducer; verify against elaborated origins before claiming zero environment declarations.
NumStability.Source.Higham.Chapter11.Higham11Chapter9ActualExecutorBridge,NumStability/Source/Higham/Chapter11/Higham11Chapter9ActualExecutorBridge.lean,Source,12,0,1,NumStability.Source.Higham.CrossChapter.SymmetricIndefiniteLU.ActualExecutorBridge,false,true,No matched declaration introducer; verify against elaborated origins before claiming zero environment declarations.
NumStability.Source.Higham.Chapter11.Higham11Chapter9BridgeClosure,NumStability/Source/Higham/Chapter11/Higham11Chapter9BridgeClosure.lean,Source,12,0,1,NumStability.Source.Higham.CrossChapter.SymmetricIndefiniteLU.BridgeClosure,false,true,No matched declaration introducer; verify against elaborated origins before claiming zero environment declarations.
NumStability.Source.Higham.Chapter11.Higham11RookExactTrace,NumStability/Source/Higham/Chapter11/Higham11RookExactTrace.lean,Source,12,0,1,NumStability.Source.Higham.Chapter11.Rook.ExactTrace,false,true,No matched declaration introducer; verify against elaborated origins before claiming zero environment declarations.
NumStability.Source.Higham.Chapter11.Higham11RookExecutorAdapter,NumStability/Source/Higham/Chapter11/Higham11RookExecutorAdapter.lean,Source,12,0,1,NumStability.Source.Higham.Chapter11.Rook.ExecutorAdapter,false,true,No matched declaration introducer; verify against elaborated origins before claiming zero environment declarations.
NumStability.Source.Higham.Chapter11.Higham11RookRoundedGap,NumStability/Source/Higham/Chapter11/Higham11RookRoundedGap.lean,Source,12,0,1,NumStability.Source.Higham.Chapter11.Rook.RoundedGap,false,true,No matched declaration introducer; verify against elaborated origins before claiming zero environment declarations.
NumStability.Source.Higham.Chapter11.Higham11RookSourceClosure,NumStability/Source/Higham/Chapter11/Higham11RookSourceClosure.lean,Source,12,0,1,NumStability.Source.Higham.Chapter11.Rook.SourceClosure,false,true,No matched declaration introducer; verify against elaborated origins before claiming zero environment declarations.
NumStability.Source.Higham.Chapter11.Higham11SkewActualSelector,NumStability/Source/Higham/Chapter11/Higham11SkewActualSelector.lean,Source,12,0,1,NumStability.Source.Higham.Chapter11.Skew.ActualSelector,false,true,No matched declaration introducer; verify against elaborated origins before claiming zero environment declarations.
NumStability.Source.Higham.Chapter11.Higham11SkewExactTrace,NumStability/Source/Higham/Chapter11/Higham11SkewExactTrace.lean,Source,12,0,1,NumStability.Source.Higham.Chapter11.Skew.ExactTrace,false,true,No matched declaration introducer; verify against elaborated origins before claiming zero environment declarations.
NumStability.Source.Higham.Chapter11.Higham11SkewSourceCorrection,NumStability/Source/Higham/Chapter11/Higham11SkewSourceCorrection.lean,Source,12,0,1,NumStability.Source.Higham.Chapter11.Skew.SourceCorrection,false,true,No matched declaration introducer; verify against elaborated origins before claiming zero environment declarations.
NumStability.Source.Higham.Chapter12.IterativeRefinement,NumStability/Source/Higham/Chapter12/IterativeRefinement.lean,Source,20,0,3,Mathlib.Tactic;NumStability.Source.Higham.Chapter12.IterativeRefinement.All;NumStability.Source.Higham.Chapter12.IterativeRefinement.Results.Theorems,false,true,No matched declaration introducer; verify against elaborated origins before claiming zero environment declarations.
NumStability.Source.Higham.Chapter12.IterativeRefinement.Chapter12Bounds,NumStability/Source/Higham/Chapter12/IterativeRefinement/Chapter12Bounds.lean,Source,32,0,15,Mathlib.Algebra.BigOperators.Group.Finset.Basic;Mathlib.Algebra.Order.BigOperators.Group.Finset;Mathlib.Data.Real.Basic;Mathlib.Tactic.FieldSimp;Mathlib.Tactic.Linarith;Mathlib.Tactic.Ring;NumStability.Algorithms.DotProduct;NumStability.Algorithms.LinearSystems.IterativeRefinement.Core;NumStability.Algorithms.LU.GaussianElimination;NumStability.Algorithms.MatVec;NumStability.Analysis.ForwardError;NumStability.Analysis.MatrixAlgebra;NumStability.Analysis.Rounding;NumStability.FloatingPoint.Model;NumStability.Source.Higham.Chapter12.IterativeRefinement.ForwardErrorBounds.Results,false,true,No matched declaration introducer; verify against elaborated origins before claiming zero environment declarations.
NumStability.Source.Higham.Chapter17.Equation08,NumStability/Source/Higham/Chapter17/Equation08.lean,Source,9,0,1,NumStability.Source.Higham.Chapter17.Results.Equation08.GeometricSummability,false,true,No matched declaration introducer; verify against elaborated origins before claiming zero environment declarations.
NumStability.Source.Higham.Chapter17.Equation12,NumStability/Source/Higham/Chapter17/Equation12.lean,Source,9,0,1,NumStability.Source.Higham.Chapter17.Results.Equation12.AttainedPartialSumBound,false,true,No matched declaration introducer; verify against elaborated origins before claiming zero environment declarations.
NumStability.Source.Higham.Chapter17.Equation15,NumStability/Source/Higham/Chapter17/Equation15.lean,Source,9,0,1,NumStability.Source.Higham.Chapter17.Results.Equation15.UniformForwardBound,false,true,No matched declaration introducer; verify against elaborated origins before claiming zero environment declarations.
NumStability.Source.Higham.Chapter17.Equation16,NumStability/Source/Higham/Chapter17/Equation16.lean,Source,9,0,1,NumStability.Source.Higham.Chapter17.Results.Equation16.JacobiForwardBound,false,true,No matched declaration introducer; verify against elaborated origins before claiming zero environment declarations.
NumStability.Source.Higham.Chapter17.Equation17,NumStability/Source/Higham/Chapter17/Equation17.lean,Source,9,0,1,NumStability.Source.Higham.Chapter17.Results.Equation17.SORForwardBound,false,true,No matched declaration introducer; verify against elaborated origins before claiming zero environment declarations.
NumStability.Source.Higham.Chapter17.Equation20,NumStability/Source/Higham/Chapter17/Equation20.lean,Source,9,0,1,NumStability.Source.Higham.Chapter17.Results.Equation20.ResidualSigmaEnvelope,false,true,No matched declaration introducer; verify against elaborated origins before claiming zero environment declarations.
NumStability.Source.Higham.Chapter19.Sensitivity,NumStability/Source/Higham/Chapter19/Sensitivity.lean,Source,18,0,2,NumStability.Source.Higham.Chapter19.Sensitivity.Bounds.Results;NumStability.Source.Higham.Chapter19.Sensitivity.Closure,true,true,No matched declaration introducer; verify against elaborated origins before claiming zero environment declarations.
NumStability.Source.Higham.Chapter19.StoredLoop,NumStability/Source/Higham/Chapter19/StoredLoop.lean,Source,19,0,3,NumStability.Source.Higham.Chapter19.StoredLoop.AllPivots;NumStability.Source.Higham.Chapter19.StoredLoop.Perturbation.Bridge;NumStability.Source.Higham.Chapter19.StoredLoop.StrongModel,true,true,No matched declaration introducer; verify against elaborated origins before claiming zero environment declarations.
NumStability.Source.Higham.Chapter21.Corrections.Problem19_12.RoundedReplay,NumStability/Source/Higham/Chapter21/Corrections/Problem19_12/RoundedReplay.lean,Source,12,0,1,NumStability.Source.Higham.Chapter21.Corrections.CorrectedMGS.RoundedReplay,false,true,No matched declaration introducer; verify against elaborated origins before claiming zero environment declarations.
