module,source_path,physical_layer,static_declaration_starter_count,declaration_free_static,aggregate_candidate_static,compatibility_candidate_static,interpretation
NumStability,NumStability.lean,Root,0,true,true,true,Not in NumStability.All source-import closure; absence does not imply that declarations are missing unless the module is declaration-bearing.
NumStability.Algorithms.AccumulatorSum,NumStability/Algorithms/AccumulatorSum.lean,Algorithms,0,true,false,true,Not in NumStability.All source-import closure; absence does not imply that declarations are missing unless the module is declaration-bearing.
NumStability.Algorithms.AutomaticErrorAnalysis.Higham26,NumStability/Algorithms/AutomaticErrorAnalysis/Higham26.lean,Algorithms,0,true,false,true,Not in NumStability.All source-import closure; absence does not imply that declarations are missing unless the module is declaration-bearing.
NumStability.Algorithms.AutomaticErrorAnalysis.Higham26SourceSearch,NumStability/Algorithms/AutomaticErrorAnalysis/Higham26SourceSearch.lean,Algorithms,0,true,true,true,Not in NumStability.All source-import closure; absence does not imply that declarations are missing unless the module is declaration-bearing.
NumStability.Algorithms.Ch10ActualSourceClosure,NumStability/Algorithms/Ch10ActualSourceClosure.lean,Algorithms,0,true,false,true,Not in NumStability.All source-import closure; absence does not imply that declarations are missing unless the module is declaration-bearing.
NumStability.Algorithms.Ch10Ch14Lemma66Op2Bridge,NumStability/Algorithms/Ch10Ch14Lemma66Op2Bridge.lean,Algorithms,0,true,false,true,Not in NumStability.All source-import closure; absence does not imply that declarations are missing unless the module is declaration-bearing.
NumStability.Algorithms.Ch10ComplexPositiveDefiniteSourceClosure,NumStability/Algorithms/Ch10ComplexPositiveDefiniteSourceClosure.lean,Algorithms,0,true,false,true,Not in NumStability.All source-import closure; absence does not imply that declarations are missing unless the module is declaration-bearing.
NumStability.Algorithms.Ch10KahanSharpness,NumStability/Algorithms/Ch10KahanSharpness.lean,Algorithms,0,true,false,true,Not in NumStability.All source-import closure; absence does not imply that declarations are missing unless the module is declaration-bearing.
NumStability.Algorithms.Ch10KahanSharpnessSource,NumStability/Algorithms/Ch10KahanSharpnessSource.lean,Algorithms,0,true,false,true,Not in NumStability.All source-import closure; absence does not imply that declarations are missing unless the module is declaration-bearing.
NumStability.Algorithms.Ch10Lemma1011Source,NumStability/Algorithms/Ch10Lemma1011Source.lean,Algorithms,0,true,false,true,Not in NumStability.All source-import closure; absence does not imply that declarations are missing unless the module is declaration-bearing.
NumStability.Algorithms.Ch10PivotedPSDSourceClosure,NumStability/Algorithms/Ch10PivotedPSDSourceClosure.lean,Algorithms,0,true,false,true,Not in NumStability.All source-import closure; absence does not imply that declarations are missing unless the module is declaration-bearing.
NumStability.Algorithms.Ch10Theorem107FailureVacuity,NumStability/Algorithms/Ch10Theorem107FailureVacuity.lean,Algorithms,0,true,false,true,Not in NumStability.All source-import closure; absence does not imply that declarations are missing unless the module is declaration-bearing.
NumStability.Algorithms.Ch10Theorem108Componentwise,NumStability/Algorithms/Ch10Theorem108Componentwise.lean,Algorithms,0,true,false,true,Not in NumStability.All source-import closure; absence does not imply that declarations are missing unless the module is declaration-bearing.
NumStability.Algorithms.Ch10Theorem108Source,NumStability/Algorithms/Ch10Theorem108Source.lean,Algorithms,0,true,false,true,Not in NumStability.All source-import closure; absence does not imply that declarations are missing unless the module is declaration-bearing.
NumStability.Algorithms.Ch14AsymptoticFamilies,NumStability/Algorithms/Ch14AsymptoticFamilies.lean,Algorithms,0,true,false,true,Not in NumStability.All source-import closure; absence does not imply that declarations are missing unless the module is declaration-bearing.
NumStability.Algorithms.Ch14BlockTriInverse,NumStability/Algorithms/Ch14BlockTriInverse.lean,Algorithms,0,true,false,true,Not in NumStability.All source-import closure; absence does not imply that declarations are missing unless the module is declaration-bearing.
NumStability.Algorithms.Ch14Cor146UniformInverseBridge,NumStability/Algorithms/Ch14Cor146UniformInverseBridge.lean,Algorithms,0,true,false,true,Not in NumStability.All source-import closure; absence does not imply that declarations are missing unless the module is declaration-bearing.
NumStability.Algorithms.Ch14Cor147FinalDivisionFamilyClosure,NumStability/Algorithms/Ch14Cor147FinalDivisionFamilyClosure.lean,Algorithms,0,true,false,true,Not in NumStability.All source-import closure; absence does not imply that declarations are missing unless the module is declaration-bearing.
NumStability.Algorithms.Ch14Cor147SourceDomainConstructor,NumStability/Algorithms/Ch14Cor147SourceDomainConstructor.lean,Algorithms,0,true,false,true,Not in NumStability.All source-import closure; absence does not imply that declarations are missing unless the module is declaration-bearing.
NumStability.Algorithms.Ch14Corollary146Closure,NumStability/Algorithms/Ch14Corollary146Closure.lean,Algorithms,0,true,false,true,Not in NumStability.All source-import closure; absence does not imply that declarations are missing unless the module is declaration-bearing.
NumStability.Algorithms.Ch14Corollary146Concrete,NumStability/Algorithms/Ch14Corollary146Concrete.lean,Algorithms,0,true,false,true,Not in NumStability.All source-import closure; absence does not imply that declarations are missing unless the module is declaration-bearing.
NumStability.Algorithms.Ch14Corollary146SourceClosure,NumStability/Algorithms/Ch14Corollary146SourceClosure.lean,Algorithms,0,true,false,true,Not in NumStability.All source-import closure; absence does not imply that declarations are missing unless the module is declaration-bearing.
NumStability.Algorithms.Ch14Corollary147,NumStability/Algorithms/Ch14Corollary147.lean,Algorithms,0,true,false,true,Not in NumStability.All source-import closure; absence does not imply that declarations are missing unless the module is declaration-bearing.
NumStability.Algorithms.Ch14Corollary147Closure,NumStability/Algorithms/Ch14Corollary147Closure.lean,Algorithms,0,true,false,true,Not in NumStability.All source-import closure; absence does not imply that declarations are missing unless the module is declaration-bearing.
NumStability.Algorithms.Ch14Corollary147Concrete,NumStability/Algorithms/Ch14Corollary147Concrete.lean,Algorithms,0,true,false,true,Not in NumStability.All source-import closure; absence does not imply that declarations are missing unless the module is declaration-bearing.
NumStability.Algorithms.Ch14Corollary147SourceClosure,NumStability/Algorithms/Ch14Corollary147SourceClosure.lean,Algorithms,0,true,false,true,Not in NumStability.All source-import closure; absence does not imply that declarations are missing unless the module is declaration-bearing.
NumStability.Algorithms.Ch14Corollary147WeakFamily,NumStability/Algorithms/Ch14Corollary147WeakFamily.lean,Algorithms,0,true,false,true,Not in NumStability.All source-import closure; absence does not imply that declarations are missing unless the module is declaration-bearing.
NumStability.Algorithms.Ch14ForwardErrorEndpoint,NumStability/Algorithms/Ch14ForwardErrorEndpoint.lean,Algorithms,0,true,false,true,Not in NumStability.All source-import closure; absence does not imply that declarations are missing unless the module is declaration-bearing.
NumStability.Algorithms.Ch14GJEActualDoolittleAdapter,NumStability/Algorithms/Ch14GJEActualDoolittleAdapter.lean,Algorithms,0,true,false,true,Not in NumStability.All source-import closure; absence does not imply that declarations are missing unless the module is declaration-bearing.
NumStability.Algorithms.Ch14GJEAsymptoticFamilies,NumStability/Algorithms/Ch14GJEAsymptoticFamilies.lean,Algorithms,0,true,false,true,Not in NumStability.All source-import closure; absence does not imply that declarations are missing unless the module is declaration-bearing.
NumStability.Algorithms.Ch14GJEFinalDivisionClosure,NumStability/Algorithms/Ch14GJEFinalDivisionClosure.lean,Algorithms,0,true,false,true,Not in NumStability.All source-import closure; absence does not imply that declarations are missing unless the module is declaration-bearing.
NumStability.Algorithms.Ch14GJEOperationalBridge,NumStability/Algorithms/Ch14GJEOperationalBridge.lean,Algorithms,0,true,false,true,Not in NumStability.All source-import closure; absence does not imply that declarations are missing unless the module is declaration-bearing.
NumStability.Algorithms.Ch14GJEPrintedEnvelopeClosure,NumStability/Algorithms/Ch14GJEPrintedEnvelopeClosure.lean,Algorithms,0,true,false,true,Not in NumStability.All source-import closure; absence does not imply that declarations are missing unless the module is declaration-bearing.
NumStability.Algorithms.Ch14GJESourceAccumulationBridge,NumStability/Algorithms/Ch14GJESourceAccumulationBridge.lean,Algorithms,0,true,false,true,Not in NumStability.All source-import closure; absence does not imply that declarations are missing unless the module is declaration-bearing.
NumStability.Algorithms.Ch14GJETheorem145SourceClosure,NumStability/Algorithms/Ch14GJETheorem145SourceClosure.lean,Algorithms,0,true,false,true,Not in NumStability.All source-import closure; absence does not imply that declarations are missing unless the module is declaration-bearing.
NumStability.Algorithms.Ch14GaussJordanAccumulation,NumStability/Algorithms/Ch14GaussJordanAccumulation.lean,Algorithms,0,true,false,true,Not in NumStability.All source-import closure; absence does not imply that declarations are missing unless the module is declaration-bearing.
NumStability.Algorithms.Ch14GaussJordanQConstruction,NumStability/Algorithms/Ch14GaussJordanQConstruction.lean,Algorithms,0,true,false,true,Not in NumStability.All source-import closure; absence does not imply that declarations are missing unless the module is declaration-bearing.
NumStability.Algorithms.Ch14GaussJordanSPDCorollary,NumStability/Algorithms/Ch14GaussJordanSPDCorollary.lean,Algorithms,0,true,false,true,Not in NumStability.All source-import closure; absence does not imply that declarations are missing unless the module is declaration-bearing.
NumStability.Algorithms.Ch14GaussJordanSourceClosure,NumStability/Algorithms/Ch14GaussJordanSourceClosure.lean,Algorithms,0,true,false,true,Not in NumStability.All source-import closure; absence does not imply that declarations are missing unless the module is declaration-bearing.
NumStability.Algorithms.Ch14GaussJordanStep,NumStability/Algorithms/Ch14GaussJordanStep.lean,Algorithms,0,true,false,true,Not in NumStability.All source-import closure; absence does not imply that declarations are missing unless the module is declaration-bearing.
NumStability.Algorithms.Ch14HymanDeterminant,NumStability/Algorithms/Ch14HymanDeterminant.lean,Algorithms,0,true,false,true,Not in NumStability.All source-import closure; absence does not imply that declarations are missing unless the module is declaration-bearing.
NumStability.Algorithms.Ch14Method1BWhole,NumStability/Algorithms/Ch14Method1BWhole.lean,Algorithms,0,true,false,true,Not in NumStability.All source-import closure; absence does not imply that declarations are missing unless the module is declaration-bearing.
NumStability.Algorithms.Ch14Method2C,NumStability/Algorithms/Ch14Method2C.lean,Algorithms,0,true,false,true,Not in NumStability.All source-import closure; absence does not imply that declarations are missing unless the module is declaration-bearing.
NumStability.Algorithms.Ch14Method2CWhole,NumStability/Algorithms/Ch14Method2CWhole.lean,Algorithms,0,true,false,true,Not in NumStability.All source-import closure; absence does not imply that declarations are missing unless the module is declaration-bearing.
NumStability.Algorithms.Ch14Method2Loop,NumStability/Algorithms/Ch14Method2Loop.lean,Algorithms,0,true,false,true,Not in NumStability.All source-import closure; absence does not imply that declarations are missing unless the module is declaration-bearing.
NumStability.Algorithms.Ch14MethodDLeftResidual,NumStability/Algorithms/Ch14MethodDLeftResidual.lean,Algorithms,0,true,false,true,Not in NumStability.All source-import closure; absence does not imply that declarations are missing unless the module is declaration-bearing.
NumStability.Algorithms.Ch14MethodDProductDischarge,NumStability/Algorithms/Ch14MethodDProductDischarge.lean,Algorithms,0,true,false,true,Not in NumStability.All source-import closure; absence does not imply that declarations are missing unless the module is declaration-bearing.
NumStability.Algorithms.Ch14MethodDUpperCertificate,NumStability/Algorithms/Ch14MethodDUpperCertificate.lean,Algorithms,0,true,false,true,Not in NumStability.All source-import closure; absence does not imply that declarations are missing unless the module is declaration-bearing.
NumStability.Algorithms.Ch14MethodsBC,NumStability/Algorithms/Ch14MethodsBC.lean,Algorithms,0,true,false,true,Not in NumStability.All source-import closure; absence does not imply that declarations are missing unless the module is declaration-bearing.
NumStability.Algorithms.Ch14Problem1413Boundary,NumStability/Algorithms/Ch14Problem1413Boundary.lean,Algorithms,0,true,false,true,Not in NumStability.All source-import closure; absence does not imply that declarations are missing unless the module is declaration-bearing.
NumStability.Algorithms.Ch14Problem142,NumStability/Algorithms/Ch14Problem142.lean,Algorithms,0,true,false,true,Not in NumStability.All source-import closure; absence does not imply that declarations are missing unless the module is declaration-bearing.
NumStability.Algorithms.Ch14Problem142Families,NumStability/Algorithms/Ch14Problem142Families.lean,Algorithms,0,true,false,true,Not in NumStability.All source-import closure; absence does not imply that declarations are missing unless the module is declaration-bearing.
NumStability.Algorithms.Ch14Problem142Method2B,NumStability/Algorithms/Ch14Problem142Method2B.lean,Algorithms,0,true,false,true,Not in NumStability.All source-import closure; absence does not imply that declarations are missing unless the module is declaration-bearing.
NumStability.Algorithms.Ch14ProductErrorNotation,NumStability/Algorithms/Ch14ProductErrorNotation.lean,Algorithms,0,true,false,true,Not in NumStability.All source-import closure; absence does not imply that declarations are missing unless the module is declaration-bearing.
NumStability.Algorithms.Ch14SchulzIteration,NumStability/Algorithms/Ch14SchulzIteration.lean,Algorithms,0,true,false,true,Not in NumStability.All source-import closure; absence does not imply that declarations are missing unless the module is declaration-bearing.
NumStability.Algorithms.Ch14SchulzRectangular,NumStability/Algorithms/Ch14SchulzRectangular.lean,Algorithms,0,true,false,true,Not in NumStability.All source-import closure; absence does not imply that declarations are missing unless the module is declaration-bearing.
NumStability.Algorithms.Ch14SchulzSpectralConvergence,NumStability/Algorithms/Ch14SchulzSpectralConvergence.lean,Algorithms,0,true,false,true,Not in NumStability.All source-import closure; absence does not imply that declarations are missing unless the module is declaration-bearing.
NumStability.Algorithms.Ch14SourceCorrections,NumStability/Algorithms/Ch14SourceCorrections.lean,Algorithms,0,true,false,true,Not in NumStability.All source-import closure; absence does not imply that declarations are missing unless the module is declaration-bearing.
NumStability.Algorithms.Ch15CondEstimators,NumStability/Algorithms/Ch15CondEstimators.lean,Algorithms,0,true,false,true,Not in NumStability.All source-import closure; absence does not imply that declarations are missing unless the module is declaration-bearing.
NumStability.Algorithms.Ch15DixonClosure,NumStability/Algorithms/Ch15DixonClosure.lean,Algorithms,0,true,false,true,Not in NumStability.All source-import closure; absence does not imply that declarations are missing unless the module is declaration-bearing.
NumStability.Algorithms.Ch15DixonProbability,NumStability/Algorithms/Ch15DixonProbability.lean,Algorithms,0,true,false,true,Not in NumStability.All source-import closure; absence does not imply that declarations are missing unless the module is declaration-bearing.
NumStability.Algorithms.Ch4KahanFiniteFamily,NumStability/Algorithms/Ch4KahanFiniteFamily.lean,Algorithms,0,true,false,true,Not in NumStability.All source-import closure; absence does not imply that declarations are missing unless the module is declaration-bearing.
NumStability.Algorithms.Ch5DerivativeError,NumStability/Algorithms/Ch5DerivativeError.lean,Algorithms,0,true,false,true,Not in NumStability.All source-import closure; absence does not imply that declarations are missing unless the module is declaration-bearing.
NumStability.Algorithms.Ch5LejaProducer,NumStability/Algorithms/Ch5LejaProducer.lean,Algorithms,0,true,false,true,Not in NumStability.All source-import closure; absence does not imply that declarations are missing unless the module is declaration-bearing.
NumStability.Algorithms.Ch5NewtonForm,NumStability/Algorithms/Ch5NewtonForm.lean,Algorithms,0,true,false,true,Not in NumStability.All source-import closure; absence does not imply that declarations are missing unless the module is declaration-bearing.
NumStability.Algorithms.Ch5SourceClosure,NumStability/Algorithms/Ch5SourceClosure.lean,Algorithms,0,true,false,true,Not in NumStability.All source-import closure; absence does not imply that declarations are missing unless the module is declaration-bearing.
NumStability.Algorithms.Chapter06Lemma66,NumStability/Algorithms/Chapter06Lemma66.lean,Algorithms,0,true,false,true,Not in NumStability.All source-import closure; absence does not imply that declarations are missing unless the module is declaration-bearing.
NumStability.Algorithms.Chapter14Problem1415Weyl,NumStability/Algorithms/Chapter14Problem1415Weyl.lean,Algorithms,0,true,false,true,Not in NumStability.All source-import closure; absence does not imply that declarations are missing unless the module is declaration-bearing.
NumStability.Algorithms.Chapter15CondEst,NumStability/Algorithms/Chapter15CondEst.lean,Algorithms,0,true,false,true,Not in NumStability.All source-import closure; absence does not imply that declarations are missing unless the module is declaration-bearing.
NumStability.Algorithms.Cholesky.Aasen118ReducedCh11Closure,NumStability/Algorithms/Cholesky/Aasen118ReducedCh11Closure.lean,Algorithms,0,true,false,false,Not in NumStability.All source-import closure; absence does not imply that declarations are missing unless the module is declaration-bearing.
NumStability.Algorithms.Cholesky.AasenAdjacentPivotOperationalMiddleCh11,NumStability/Algorithms/Cholesky/AasenAdjacentPivotOperationalMiddleCh11.lean,Algorithms,0,true,false,false,Not in NumStability.All source-import closure; absence does not imply that declarations are missing unless the module is declaration-bearing.
NumStability.Algorithms.Cholesky.AasenAdjacentPivotResidualDomainCh11Discrepancy,NumStability/Algorithms/Cholesky/AasenAdjacentPivotResidualDomainCh11Discrepancy.lean,Algorithms,0,true,false,false,Not in NumStability.All source-import closure; absence does not imply that declarations are missing unless the module is declaration-bearing.
NumStability.Algorithms.Cholesky.AasenAdjacentPivotSourceResidualCh11Closure,NumStability/Algorithms/Cholesky/AasenAdjacentPivotSourceResidualCh11Closure.lean,Algorithms,0,true,false,false,Not in NumStability.All source-import closure; absence does not imply that declarations are missing unless the module is declaration-bearing.
NumStability.Algorithms.Cholesky.AasenAdjacentPivotTridiagExecutorCh11Closure,NumStability/Algorithms/Cholesky/AasenAdjacentPivotTridiagExecutorCh11Closure.lean,Algorithms,0,true,false,false,Not in NumStability.All source-import closure; absence does not imply that declarations are missing unless the module is declaration-bearing.
NumStability.Algorithms.Cholesky.AasenAdjacentPivotTridiagForwardCounterexampleCh11,NumStability/Algorithms/Cholesky/AasenAdjacentPivotTridiagForwardCounterexampleCh11.lean,Algorithms,0,true,false,false,Not in NumStability.All source-import closure; absence does not imply that declarations are missing unless the module is declaration-bearing.
NumStability.Algorithms.Cholesky.AasenCoupledFpCh11Closure,NumStability/Algorithms/Cholesky/AasenCoupledFpCh11Closure.lean,Algorithms,0,true,false,false,Not in NumStability.All source-import closure; absence does not imply that declarations are missing unless the module is declaration-bearing.
NumStability.Algorithms.Cholesky.AasenDirect118Ch11Closure,NumStability/Algorithms/Cholesky/AasenDirect118Ch11Closure.lean,Algorithms,0,true,false,false,Not in NumStability.All source-import closure; absence does not imply that declarations are missing unless the module is declaration-bearing.
NumStability.Algorithms.Cholesky.AasenDirectTridiagGEPPSolveCh11Closure,NumStability/Algorithms/Cholesky/AasenDirectTridiagGEPPSolveCh11Closure.lean,Algorithms,0,true,false,false,Not in NumStability.All source-import closure; absence does not imply that declarations are missing unless the module is declaration-bearing.
NumStability.Algorithms.Cholesky.AasenFactorNormCh11Closure,NumStability/Algorithms/Cholesky/AasenFactorNormCh11Closure.lean,Algorithms,0,true,false,false,Not in NumStability.All source-import closure; absence does not imply that declarations are missing unless the module is declaration-bearing.
NumStability.Algorithms.Cholesky.AasenFactorResidualCh11Closure,NumStability/Algorithms/Cholesky/AasenFactorResidualCh11Closure.lean,Algorithms,0,true,false,false,Not in NumStability.All source-import closure; absence does not imply that declarations are missing unless the module is declaration-bearing.
NumStability.Algorithms.Cholesky.AasenGrowthCh11Closure,NumStability/Algorithms/Cholesky/AasenGrowthCh11Closure.lean,Algorithms,0,true,false,false,Not in NumStability.All source-import closure; absence does not imply that declarations are missing unless the module is declaration-bearing.
NumStability.Algorithms.Cholesky.AasenMiddleGEPPCh11Counterexample,NumStability/Algorithms/Cholesky/AasenMiddleGEPPCh11Counterexample.lean,Algorithms,0,true,false,false,Not in NumStability.All source-import closure; absence does not imply that declarations are missing unless the module is declaration-bearing.
NumStability.Algorithms.Cholesky.AasenOriginalCoordinateCorrectionCh11,NumStability/Algorithms/Cholesky/AasenOriginalCoordinateCorrectionCh11.lean,Algorithms,0,true,false,false,Not in NumStability.All source-import closure; absence does not imply that declarations are missing unless the module is declaration-bearing.
NumStability.Algorithms.Cholesky.AasenPermutationSourceCorrectionCh11,NumStability/Algorithms/Cholesky/AasenPermutationSourceCorrectionCh11.lean,Algorithms,0,true,false,false,Not in NumStability.All source-import closure; absence does not imply that declarations are missing unless the module is declaration-bearing.
NumStability.Algorithms.Cholesky.AasenPrintedCoefficientAlgebraCh11Closure,NumStability/Algorithms/Cholesky/AasenPrintedCoefficientAlgebraCh11Closure.lean,Algorithms,0,true,false,false,Not in NumStability.All source-import closure; absence does not imply that declarations are missing unless the module is declaration-bearing.
NumStability.Algorithms.Cholesky.AasenSourceSharpFactorResidualCh11Closure,NumStability/Algorithms/Cholesky/AasenSourceSharpFactorResidualCh11Closure.lean,Algorithms,0,true,false,false,Not in NumStability.All source-import closure; absence does not imply that declarations are missing unless the module is declaration-bearing.
NumStability.Algorithms.Cholesky.AasenTheorem118ScalarEdgeCh11Discrepancy,NumStability/Algorithms/Cholesky/AasenTheorem118ScalarEdgeCh11Discrepancy.lean,Algorithms,0,true,false,false,Not in NumStability.All source-import closure; absence does not imply that declarations are missing unless the module is declaration-bearing.
NumStability.Algorithms.Cholesky.AasenTridiagGEPPCh11Closure,NumStability/Algorithms/Cholesky/AasenTridiagGEPPCh11Closure.lean,Algorithms,0,true,false,false,Not in NumStability.All source-import closure; absence does not imply that declarations are missing unless the module is declaration-bearing.
NumStability.Algorithms.Cholesky.AasenUnitOuterSolveCh11Closure,NumStability/Algorithms/Cholesky/AasenUnitOuterSolveCh11Closure.lean,Algorithms,0,true,false,false,Not in NumStability.All source-import closure; absence does not imply that declarations are missing unless the module is declaration-bearing.
NumStability.Algorithms.Cholesky.BlockLDLTAllOneByOnePrintedCh11Closure,NumStability/Algorithms/Cholesky/BlockLDLTAllOneByOnePrintedCh11Closure.lean,Algorithms,0,true,false,false,Not in NumStability.All source-import closure; absence does not imply that declarations are missing unless the module is declaration-bearing.
NumStability.Algorithms.Cholesky.BlockLDLTBunchTridiagonalCh11Closure,NumStability/Algorithms/Cholesky/BlockLDLTBunchTridiagonalCh11Closure.lean,Algorithms,0,true,false,false,Not in NumStability.All source-import closure; absence does not imply that declarations are missing unless the module is declaration-bearing.
NumStability.Algorithms.Cholesky.BlockLDLTMixedPivotCh11Closure,NumStability/Algorithms/Cholesky/BlockLDLTMixedPivotCh11Closure.lean,Algorithms,0,true,false,false,Not in NumStability.All source-import closure; absence does not imply that declarations are missing unless the module is declaration-bearing.
NumStability.Algorithms.Cholesky.BlockLDLTSolveBackwardCh11Closure,NumStability/Algorithms/Cholesky/BlockLDLTSolveBackwardCh11Closure.lean,Algorithms,0,true,false,false,Not in NumStability.All source-import closure; absence does not imply that declarations are missing unless the module is declaration-bearing.
NumStability.Algorithms.Cholesky.BunchKaufmanSolveCh11Closure,NumStability/Algorithms/Cholesky/BunchKaufmanSolveCh11Closure.lean,Algorithms,0,true,false,false,Not in NumStability.All source-import closure; absence does not imply that declarations are missing unless the module is declaration-bearing.
NumStability.Algorithms.Cholesky.BunchTridiagonalActualSolveCh11Closure,NumStability/Algorithms/Cholesky/BunchTridiagonalActualSolveCh11Closure.lean,Algorithms,0,true,false,false,Not in NumStability.All source-import closure; absence does not imply that declarations are missing unless the module is declaration-bearing.
NumStability.Algorithms.Cholesky.BunchTridiagonalCapstoneCh11Closure,NumStability/Algorithms/Cholesky/BunchTridiagonalCapstoneCh11Closure.lean,Algorithms,0,true,false,true,Not in NumStability.All source-import closure; absence does not imply that declarations are missing unless the module is declaration-bearing.
NumStability.Algorithms.Cholesky.BunchTridiagonalFactorBoundCh11Closure,NumStability/Algorithms/Cholesky/BunchTridiagonalFactorBoundCh11Closure.lean,Algorithms,0,true,false,false,Not in NumStability.All source-import closure; absence does not imply that declarations are missing unless the module is declaration-bearing.
NumStability.Algorithms.Cholesky.BunchTridiagonalGrowthCh11Closure,NumStability/Algorithms/Cholesky/BunchTridiagonalGrowthCh11Closure.lean,Algorithms,0,true,false,false,Not in NumStability.All source-import closure; absence does not imply that declarations are missing unless the module is declaration-bearing.
NumStability.Algorithms.Cholesky.BunchTridiagonalGrowthInvariantCh11Closure,NumStability/Algorithms/Cholesky/BunchTridiagonalGrowthInvariantCh11Closure.lean,Algorithms,0,true,false,false,Not in NumStability.All source-import closure; absence does not imply that declarations are missing unless the module is declaration-bearing.
NumStability.Algorithms.Cholesky.BunchTridiagonalHFactorCh11Closure,NumStability/Algorithms/Cholesky/BunchTridiagonalHFactorCh11Closure.lean,Algorithms,0,true,false,false,Not in NumStability.All source-import closure; absence does not imply that declarations are missing unless the module is declaration-bearing.
NumStability.Algorithms.Cholesky.BunchTridiagonalSparseFactorCh11Closure,NumStability/Algorithms/Cholesky/BunchTridiagonalSparseFactorCh11Closure.lean,Algorithms,0,true,false,false,Not in NumStability.All source-import closure; absence does not imply that declarations are missing unless the module is declaration-bearing.
NumStability.Algorithms.Cholesky.BunchTridiagonalSparseSolveCh11Closure,NumStability/Algorithms/Cholesky/BunchTridiagonalSparseSolveCh11Closure.lean,Algorithms,0,true,false,false,Not in NumStability.All source-import closure; absence does not imply that declarations are missing unless the module is declaration-bearing.
NumStability.Algorithms.Cholesky.CholeskyIndefinite,NumStability/Algorithms/Cholesky/CholeskyIndefinite.lean,Algorithms,0,true,false,true,Not in NumStability.All source-import closure; absence does not imply that declarations are missing unless the module is declaration-bearing.
NumStability.Algorithms.Cholesky.CholeskyPSD,NumStability/Algorithms/Cholesky/CholeskyPSD.lean,Algorithms,0,true,false,true,Not in NumStability.All source-import closure; absence does not imply that declarations are missing unless the module is declaration-bearing.
NumStability.Algorithms.Cholesky.CholeskyPerturbation,NumStability/Algorithms/Cholesky/CholeskyPerturbation.lean,Algorithms,0,true,false,true,Not in NumStability.All source-import closure; absence does not imply that declarations are missing unless the module is declaration-bearing.
NumStability.Algorithms.Cholesky.CholeskySolve,NumStability/Algorithms/Cholesky/CholeskySolve.lean,Algorithms,0,true,false,true,Not in NumStability.All source-import closure; absence does not imply that declarations are missing unless the module is declaration-bearing.
NumStability.Algorithms.Cholesky.Higham1014Equation1022,NumStability/Algorithms/Cholesky/Higham1014Equation1022.lean,Algorithms,0,true,false,true,Not in NumStability.All source-import closure; absence does not imply that declarations are missing unless the module is declaration-bearing.
NumStability.Algorithms.Cholesky.Higham1014SourceError,NumStability/Algorithms/Cholesky/Higham1014SourceError.lean,Algorithms,0,true,false,true,Not in NumStability.All source-import closure; absence does not imply that declarations are missing unless the module is declaration-bearing.
NumStability.Algorithms.Cholesky.Higham1014SourceSuccess,NumStability/Algorithms/Cholesky/Higham1014SourceSuccess.lean,Algorithms,0,true,false,true,Not in NumStability.All source-import closure; absence does not imply that declarations are missing unless the module is declaration-bearing.
NumStability.Algorithms.Cholesky.Higham1029Source,NumStability/Algorithms/Cholesky/Higham1029Source.lean,Algorithms,0,true,false,true,Not in NumStability.All source-import closure; absence does not imply that declarations are missing unless the module is declaration-bearing.
NumStability.Algorithms.Cholesky.Higham10Problem10_3,NumStability/Algorithms/Cholesky/Higham10Problem10_3.lean,Algorithms,0,true,false,true,Not in NumStability.All source-import closure; absence does not imply that declarations are missing unless the module is declaration-bearing.
NumStability.Algorithms.Cholesky.Higham10Theorem10_7Source,NumStability/Algorithms/Cholesky/Higham10Theorem10_7Source.lean,Algorithms,0,true,false,true,Not in NumStability.All source-import closure; absence does not imply that declarations are missing unless the module is declaration-bearing.
NumStability.Algorithms.Cholesky.Higham11BunchActualSharpGrowthClosure,NumStability/Algorithms/Cholesky/Higham11BunchActualSharpGrowthClosure.lean,Algorithms,0,true,false,false,Not in NumStability.All source-import closure; absence does not imply that declarations are missing unless the module is declaration-bearing.
NumStability.Algorithms.Cholesky.Higham11BunchExactTrace,NumStability/Algorithms/Cholesky/Higham11BunchExactTrace.lean,Algorithms,0,true,false,false,Not in NumStability.All source-import closure; absence does not imply that declarations are missing unless the module is declaration-bearing.
NumStability.Algorithms.Cholesky.Higham11BunchKaufmanActualSelector,NumStability/Algorithms/Cholesky/Higham11BunchKaufmanActualSelector.lean,Algorithms,0,true,false,false,Not in NumStability.All source-import closure; absence does not imply that declarations are missing unless the module is declaration-bearing.
NumStability.Algorithms.Cholesky.Higham11BunchKaufmanExactGrowth,NumStability/Algorithms/Cholesky/Higham11BunchKaufmanExactGrowth.lean,Algorithms,0,true,false,false,Not in NumStability.All source-import closure; absence does not imply that declarations are missing unless the module is declaration-bearing.
NumStability.Algorithms.Cholesky.Higham11BunchKaufmanExactGrowthArithmetic,NumStability/Algorithms/Cholesky/Higham11BunchKaufmanExactGrowthArithmetic.lean,Algorithms,0,true,false,false,Not in NumStability.All source-import closure; absence does not imply that declarations are missing unless the module is declaration-bearing.
NumStability.Algorithms.Cholesky.Higham11BunchKaufmanExactTrace,NumStability/Algorithms/Cholesky/Higham11BunchKaufmanExactTrace.lean,Algorithms,0,true,false,false,Not in NumStability.All source-import closure; absence does not imply that declarations are missing unless the module is declaration-bearing.
NumStability.Algorithms.Cholesky.Higham11BunchKaufmanExplicitInverseSolve,NumStability/Algorithms/Cholesky/Higham11BunchKaufmanExplicitInverseSolve.lean,Algorithms,0,true,false,false,Not in NumStability.All source-import closure; absence does not imply that declarations are missing unless the module is declaration-bearing.
NumStability.Algorithms.Cholesky.Higham11BunchKaufmanExplicitInverseTerminalClosedForm,NumStability/Algorithms/Cholesky/Higham11BunchKaufmanExplicitInverseTerminalClosedForm.lean,Algorithms,0,true,false,false,Not in NumStability.All source-import closure; absence does not imply that declarations are missing unless the module is declaration-bearing.
NumStability.Algorithms.Cholesky.Higham11BunchKaufmanRoundedAccumulated,NumStability/Algorithms/Cholesky/Higham11BunchKaufmanRoundedAccumulated.lean,Algorithms,0,true,false,false,Not in NumStability.All source-import closure; absence does not imply that declarations are missing unless the module is declaration-bearing.
NumStability.Algorithms.Cholesky.Higham11BunchKaufmanRoundedBridge,NumStability/Algorithms/Cholesky/Higham11BunchKaufmanRoundedBridge.lean,Algorithms,0,true,false,false,Not in NumStability.All source-import closure; absence does not imply that declarations are missing unless the module is declaration-bearing.
NumStability.Algorithms.Cholesky.Higham11BunchKaufmanRoundedClosure,NumStability/Algorithms/Cholesky/Higham11BunchKaufmanRoundedClosure.lean,Algorithms,0,true,false,false,Not in NumStability.All source-import closure; absence does not imply that declarations are missing unless the module is declaration-bearing.
NumStability.Algorithms.Cholesky.Higham11BunchKaufmanRoundedExecution,NumStability/Algorithms/Cholesky/Higham11BunchKaufmanRoundedExecution.lean,Algorithms,0,true,false,false,Not in NumStability.All source-import closure; absence does not imply that declarations are missing unless the module is declaration-bearing.
NumStability.Algorithms.Cholesky.Higham11BunchKaufmanRoundedFactors,NumStability/Algorithms/Cholesky/Higham11BunchKaufmanRoundedFactors.lean,Algorithms,0,true,false,false,Not in NumStability.All source-import closure; absence does not imply that declarations are missing unless the module is declaration-bearing.
NumStability.Algorithms.Cholesky.Higham11BunchKaufmanRoundedGlobal,NumStability/Algorithms/Cholesky/Higham11BunchKaufmanRoundedGlobal.lean,Algorithms,0,true,false,false,Not in NumStability.All source-import closure; absence does not imply that declarations are missing unless the module is declaration-bearing.
NumStability.Algorithms.Cholesky.Higham11BunchKaufmanRoundedGrowth,NumStability/Algorithms/Cholesky/Higham11BunchKaufmanRoundedGrowth.lean,Algorithms,0,true,false,false,Not in NumStability.All source-import closure; absence does not imply that declarations are missing unless the module is declaration-bearing.
NumStability.Algorithms.Cholesky.Higham11BunchKaufmanRoundedGrowthSolve,NumStability/Algorithms/Cholesky/Higham11BunchKaufmanRoundedGrowthSolve.lean,Algorithms,0,true,false,false,Not in NumStability.All source-import closure; absence does not imply that declarations are missing unless the module is declaration-bearing.
NumStability.Algorithms.Cholesky.Higham11BunchKaufmanRoundedMiddleSolve,NumStability/Algorithms/Cholesky/Higham11BunchKaufmanRoundedMiddleSolve.lean,Algorithms,0,true,false,false,Not in NumStability.All source-import closure; absence does not imply that declarations are missing unless the module is declaration-bearing.
NumStability.Algorithms.Cholesky.Higham11BunchKaufmanRoundedSolve,NumStability/Algorithms/Cholesky/Higham11BunchKaufmanRoundedSolve.lean,Algorithms,0,true,false,false,Not in NumStability.All source-import closure; absence does not imply that declarations are missing unless the module is declaration-bearing.
NumStability.Algorithms.Cholesky.Higham11BunchKaufmanRoundedTerminal,NumStability/Algorithms/Cholesky/Higham11BunchKaufmanRoundedTerminal.lean,Algorithms,0,true,false,false,Not in NumStability.All source-import closure; absence does not imply that declarations are missing unless the module is declaration-bearing.
NumStability.Algorithms.Cholesky.Higham11BunchKaufmanRoundedTerminalClosedForm,NumStability/Algorithms/Cholesky/Higham11BunchKaufmanRoundedTerminalClosedForm.lean,Algorithms,0,true,false,false,Not in NumStability.All source-import closure; absence does not imply that declarations are missing unless the module is declaration-bearing.
NumStability.Algorithms.Cholesky.Higham11BunchKaufmanSourceCorrection,NumStability/Algorithms/Cholesky/Higham11BunchKaufmanSourceCorrection.lean,Algorithms,0,true,false,false,Not in NumStability.All source-import closure; absence does not imply that declarations are missing unless the module is declaration-bearing.
NumStability.Algorithms.Cholesky.Higham11BunchSharpGrowthBridge,NumStability/Algorithms/Cholesky/Higham11BunchSharpGrowthBridge.lean,Algorithms,0,true,false,false,Not in NumStability.All source-import closure; absence does not imply that declarations are missing unless the module is declaration-bearing.
NumStability.Algorithms.Cholesky.Higham11BunchTraceHadamard,NumStability/Algorithms/Cholesky/Higham11BunchTraceHadamard.lean,Algorithms,0,true,false,false,Not in NumStability.All source-import closure; absence does not imply that declarations are missing unless the module is declaration-bearing.
NumStability.Algorithms.Cholesky.Higham11Chapter9ActualExecutorBridge,NumStability/Algorithms/Cholesky/Higham11Chapter9ActualExecutorBridge.lean,Algorithms,0,true,false,false,Not in NumStability.All source-import closure; absence does not imply that declarations are missing unless the module is declaration-bearing.
NumStability.Algorithms.Cholesky.Higham11Chapter9BridgeClosure,NumStability/Algorithms/Cholesky/Higham11Chapter9BridgeClosure.lean,Algorithms,0,true,false,false,Not in NumStability.All source-import closure; absence does not imply that declarations are missing unless the module is declaration-bearing.
NumStability.Algorithms.Cholesky.Higham11RookExactTrace,NumStability/Algorithms/Cholesky/Higham11RookExactTrace.lean,Algorithms,0,true,false,false,Not in NumStability.All source-import closure; absence does not imply that declarations are missing unless the module is declaration-bearing.
NumStability.Algorithms.Cholesky.Higham11RookExecutorAdapter,NumStability/Algorithms/Cholesky/Higham11RookExecutorAdapter.lean,Algorithms,0,true,false,false,Not in NumStability.All source-import closure; absence does not imply that declarations are missing unless the module is declaration-bearing.
NumStability.Algorithms.Cholesky.Higham11RookRoundedGap,NumStability/Algorithms/Cholesky/Higham11RookRoundedGap.lean,Algorithms,0,true,false,false,Not in NumStability.All source-import closure; absence does not imply that declarations are missing unless the module is declaration-bearing.
NumStability.Algorithms.Cholesky.Higham11RookSourceClosure,NumStability/Algorithms/Cholesky/Higham11RookSourceClosure.lean,Algorithms,0,true,false,false,Not in NumStability.All source-import closure; absence does not imply that declarations are missing unless the module is declaration-bearing.
NumStability.Algorithms.Cholesky.Higham11SkewActualSelector,NumStability/Algorithms/Cholesky/Higham11SkewActualSelector.lean,Algorithms,0,true,false,false,Not in NumStability.All source-import closure; absence does not imply that declarations are missing unless the module is declaration-bearing.
NumStability.Algorithms.Cholesky.Higham11SkewExactTrace,NumStability/Algorithms/Cholesky/Higham11SkewExactTrace.lean,Algorithms,0,true,false,false,Not in NumStability.All source-import closure; absence does not imply that declarations are missing unless the module is declaration-bearing.
NumStability.Algorithms.Cholesky.Higham11SkewSourceCorrection,NumStability/Algorithms/Cholesky/Higham11SkewSourceCorrection.lean,Algorithms,0,true,false,false,Not in NumStability.All source-import closure; absence does not imply that declarations are missing unless the module is declaration-bearing.
NumStability.Algorithms.Cholesky.HighamMathiasFirstBreakdown,NumStability/Algorithms/Cholesky/HighamMathiasFirstBreakdown.lean,Algorithms,0,true,false,true,Not in NumStability.All source-import closure; absence does not imply that declarations are missing unless the module is declaration-bearing.
NumStability.Algorithms.Cholesky.HighamMathiasSource,NumStability/Algorithms/Cholesky/HighamMathiasSource.lean,Algorithms,0,true,false,true,Not in NumStability.All source-import closure; absence does not imply that declarations are missing unless the module is declaration-bearing.
NumStability.Algorithms.Cholesky.TwoByTwoSchurStepCh11Closure,NumStability/Algorithms/Cholesky/TwoByTwoSchurStepCh11Closure.lean,Algorithms,0,true,false,false,Not in NumStability.All source-import closure; absence does not imply that declarations are missing unless the module is declaration-bearing.
NumStability.Algorithms.Circulant.Higham24,NumStability/Algorithms/Circulant/Higham24.lean,Algorithms,0,true,false,false,Not in NumStability.All source-import closure; absence does not imply that declarations are missing unless the module is declaration-bearing.
NumStability.Algorithms.Circulant.Higham24BackwardStability,NumStability/Algorithms/Circulant/Higham24BackwardStability.lean,Algorithms,0,true,false,false,Not in NumStability.All source-import closure; absence does not imply that declarations are missing unless the module is declaration-bearing.
NumStability.Algorithms.Circulant.Higham24ForwardError,NumStability/Algorithms/Circulant/Higham24ForwardError.lean,Algorithms,0,true,false,false,Not in NumStability.All source-import closure; absence does not imply that declarations are missing unless the module is declaration-bearing.
NumStability.Algorithms.Circulant.Higham24ForwardPerturbation,NumStability/Algorithms/Circulant/Higham24ForwardPerturbation.lean,Algorithms,0,true,false,false,Not in NumStability.All source-import closure; absence does not imply that declarations are missing unless the module is declaration-bearing.
NumStability.Algorithms.Circulant.Higham24InverseFFT,NumStability/Algorithms/Circulant/Higham24InverseFFT.lean,Algorithms,0,true,false,false,Not in NumStability.All source-import closure; absence does not imply that declarations are missing unless the module is declaration-bearing.
NumStability.Algorithms.Circulant.Higham24LiteralSolver,NumStability/Algorithms/Circulant/Higham24LiteralSolver.lean,Algorithms,0,true,false,false,Not in NumStability.All source-import closure; absence does not imply that declarations are missing unless the module is declaration-bearing.
NumStability.Algorithms.Circulant.Higham24Rounded,NumStability/Algorithms/Circulant/Higham24Rounded.lean,Algorithms,0,true,false,false,Not in NumStability.All source-import closure; absence does not imply that declarations are missing unless the module is declaration-bearing.
NumStability.Algorithms.Circulant.Higham24Structured,NumStability/Algorithms/Circulant/Higham24Structured.lean,Algorithms,0,true,false,false,Not in NumStability.All source-import closure; absence does not imply that declarations are missing unless the module is declaration-bearing.
NumStability.Algorithms.CompensatedSum,NumStability/Algorithms/CompensatedSum.lean,Algorithms,0,true,false,true,Not in NumStability.All source-import closure; absence does not imply that declarations are missing unless the module is declaration-bearing.
NumStability.Algorithms.DoublyCompensatedSum,NumStability/Algorithms/DoublyCompensatedSum.lean,Algorithms,0,true,false,true,Not in NumStability.All source-import closure; absence does not imply that declarations are missing unless the module is declaration-bearing.
NumStability.Algorithms.FFT.Higham24,NumStability/Algorithms/FFT/Higham24.lean,Algorithms,0,true,false,false,Not in NumStability.All source-import closure; absence does not imply that declarations are missing unless the module is declaration-bearing.
NumStability.Algorithms.FFT.Higham24Radix2,NumStability/Algorithms/FFT/Higham24Radix2.lean,Algorithms,0,true,false,false,Not in NumStability.All source-import closure; absence does not imply that declarations are missing unless the module is declaration-bearing.
NumStability.Algorithms.FastMatMul.Higham23,NumStability/Algorithms/FastMatMul/Higham23.lean,Algorithms,0,true,false,true,Not in NumStability.All source-import closure; absence does not imply that declarations are missing unless the module is declaration-bearing.
NumStability.Algorithms.FastMatMul.Higham23Bini,NumStability/Algorithms/FastMatMul/Higham23Bini.lean,Algorithms,0,true,false,true,Not in NumStability.All source-import closure; absence does not imply that declarations are missing unless the module is declaration-bearing.
NumStability.Algorithms.FastMatMul.Higham23Problem23_8,NumStability/Algorithms/FastMatMul/Higham23Problem23_8.lean,Algorithms,0,true,false,true,Not in NumStability.All source-import closure; absence does not imply that declarations are missing unless the module is declaration-bearing.
NumStability.Algorithms.FastMatMul.Higham23Recursive,NumStability/Algorithms/FastMatMul/Higham23Recursive.lean,Algorithms,0,true,false,true,Not in NumStability.All source-import closure; absence does not imply that declarations are missing unless the module is declaration-bearing.
NumStability.Algorithms.FastMatMul.Higham23Remaining,NumStability/Algorithms/FastMatMul/Higham23Remaining.lean,Algorithms,0,true,false,true,Not in NumStability.All source-import closure; absence does not imply that declarations are missing unless the module is declaration-bearing.
NumStability.Algorithms.FastMatMul.Higham23ThreeMStrassen,NumStability/Algorithms/FastMatMul/Higham23ThreeMStrassen.lean,Algorithms,0,true,false,true,Not in NumStability.All source-import closure; absence does not imply that declarations are missing unless the module is declaration-bearing.
NumStability.Algorithms.ForwardSub,NumStability/Algorithms/ForwardSub.lean,Algorithms,0,true,false,false,Not in NumStability.All source-import closure; absence does not imply that declarations are missing unless the module is declaration-bearing.
NumStability.Algorithms.GaussJordan,NumStability/Algorithms/GaussJordan.lean,Algorithms,0,true,false,true,Not in NumStability.All source-import closure; absence does not imply that declarations are missing unless the module is declaration-bearing.
NumStability.Algorithms.GaussJordanPivoting,NumStability/Algorithms/GaussJordanPivoting.lean,Algorithms,0,true,false,true,Not in NumStability.All source-import closure; absence does not imply that declarations are missing unless the module is declaration-bearing.
NumStability.Algorithms.Higham5FastPolynomialEvaluation,NumStability/Algorithms/Higham5FastPolynomialEvaluation.lean,Algorithms,0,true,false,true,Not in NumStability.All source-import closure; absence does not imply that declarations are missing unless the module is declaration-bearing.
NumStability.Algorithms.Higham5PatersonStockmeyer,NumStability/Algorithms/Higham5PatersonStockmeyer.lean,Algorithms,0,true,false,true,Not in NumStability.All source-import closure; absence does not imply that declarations are missing unless the module is declaration-bearing.
NumStability.Algorithms.Higham726Rump,NumStability/Algorithms/Higham726Rump.lean,Algorithms,0,true,false,true,Not in NumStability.All source-import closure; absence does not imply that declarations are missing unless the module is declaration-bearing.
NumStability.Algorithms.HighamChapter10,NumStability/Algorithms/HighamChapter10.lean,Algorithms,0,true,false,true,Not in NumStability.All source-import closure; absence does not imply that declarations are missing unless the module is declaration-bearing.
NumStability.Algorithms.HighamChapter11,NumStability/Algorithms/HighamChapter11.lean,Algorithms,0,true,false,false,Not in NumStability.All source-import closure; absence does not imply that declarations are missing unless the module is declaration-bearing.
NumStability.Algorithms.HighamChapter12,NumStability/Algorithms/HighamChapter12.lean,Algorithms,0,true,false,true,Not in NumStability.All source-import closure; absence does not imply that declarations are missing unless the module is declaration-bearing.
NumStability.Algorithms.HighamChapter12Ch9GenericSolverBridge,NumStability/Algorithms/HighamChapter12Ch9GenericSolverBridge.lean,Algorithms,0,true,false,true,Not in NumStability.All source-import closure; absence does not imply that declarations are missing unless the module is declaration-bearing.
NumStability.Algorithms.HighamChapter12Ch9SolverBridge,NumStability/Algorithms/HighamChapter12Ch9SolverBridge.lean,Algorithms,0,true,false,true,Not in NumStability.All source-import closure; absence does not imply that declarations are missing unless the module is declaration-bearing.
NumStability.Algorithms.HighamChapter12OmegaDiscontinuity,NumStability/Algorithms/HighamChapter12OmegaDiscontinuity.lean,Algorithms,0,true,false,true,Not in NumStability.All source-import closure; absence does not imply that declarations are missing unless the module is declaration-bearing.
NumStability.Algorithms.HighamChapter12Problem12_2,NumStability/Algorithms/HighamChapter12Problem12_2.lean,Algorithms,0,true,false,true,Not in NumStability.All source-import closure; absence does not imply that declarations are missing unless the module is declaration-bearing.
NumStability.Algorithms.HighamChapter15BoydBridges,NumStability/Algorithms/HighamChapter15BoydBridges.lean,Algorithms,0,true,false,true,Not in NumStability.All source-import closure; absence does not imply that declarations are missing unless the module is declaration-bearing.
NumStability.Algorithms.HighamChapter15BoydConcreteLemma3,NumStability/Algorithms/HighamChapter15BoydConcreteLemma3.lean,Algorithms,0,true,false,true,Not in NumStability.All source-import closure; absence does not imply that declarations are missing unless the module is declaration-bearing.
NumStability.Algorithms.HighamChapter15BoydLocalStability,NumStability/Algorithms/HighamChapter15BoydLocalStability.lean,Algorithms,0,true,false,true,Not in NumStability.All source-import closure; absence does not imply that declarations are missing unless the module is declaration-bearing.
NumStability.Algorithms.HighamChapter15BoydRowwiseDomain,NumStability/Algorithms/HighamChapter15BoydRowwiseDomain.lean,Algorithms,0,true,false,true,Not in NumStability.All source-import closure; absence does not imply that declarations are missing unless the module is declaration-bearing.
NumStability.Algorithms.HighamChapter15BoydScalar,NumStability/Algorithms/HighamChapter15BoydScalar.lean,Algorithms,0,true,false,true,Not in NumStability.All source-import closure; absence does not imply that declarations are missing unless the module is declaration-bearing.
NumStability.Algorithms.HighamChapter15BoydSourceClosure,NumStability/Algorithms/HighamChapter15BoydSourceClosure.lean,Algorithms,0,true,false,true,Not in NumStability.All source-import closure; absence does not imply that declarations are missing unless the module is declaration-bearing.
NumStability.Algorithms.HighamChapter15BoydSourceDomain,NumStability/Algorithms/HighamChapter15BoydSourceDomain.lean,Algorithms,0,true,false,true,Not in NumStability.All source-import closure; absence does not imply that declarations are missing unless the module is declaration-bearing.
NumStability.Algorithms.HighamChapter15BoydSourceLocal,NumStability/Algorithms/HighamChapter15BoydSourceLocal.lean,Algorithms,0,true,false,true,Not in NumStability.All source-import closure; absence does not imply that declarations are missing unless the module is declaration-bearing.
NumStability.Algorithms.HighamChapter15BoydSourceSecondDerivative,NumStability/Algorithms/HighamChapter15BoydSourceSecondDerivative.lean,Algorithms,0,true,false,true,Not in NumStability.All source-import closure; absence does not imply that declarations are missing unless the module is declaration-bearing.
NumStability.Algorithms.HighamChapter15BoydUniqueness,NumStability/Algorithms/HighamChapter15BoydUniqueness.lean,Algorithms,0,true,false,true,Not in NumStability.All source-import closure; absence does not imply that declarations are missing unless the module is declaration-bearing.
NumStability.Algorithms.HighamChapter15Ch7PracticalBoundBridge,NumStability/Algorithms/HighamChapter15Ch7PracticalBoundBridge.lean,Algorithms,0,true,false,true,Not in NumStability.All source-import closure; absence does not imply that declarations are missing unless the module is declaration-bearing.
NumStability.Algorithms.HighamChapter15ConvergenceProse,NumStability/Algorithms/HighamChapter15ConvergenceProse.lean,Algorithms,0,true,false,true,Not in NumStability.All source-import closure; absence does not imply that declarations are missing unless the module is declaration-bearing.
NumStability.Algorithms.HighamChapter15RectTermination,NumStability/Algorithms/HighamChapter15RectTermination.lean,Algorithms,0,true,false,true,Not in NumStability.All source-import closure; absence does not imply that declarations are missing unless the module is declaration-bearing.
NumStability.Algorithms.HighamChapter3NoGuardDotBridge,NumStability/Algorithms/HighamChapter3NoGuardDotBridge.lean,Algorithms,0,true,false,true,Not in NumStability.All source-import closure; absence does not imply that declarations are missing unless the module is declaration-bearing.
NumStability.Algorithms.HighamChapter4KaoWangScope,NumStability/Algorithms/HighamChapter4KaoWangScope.lean,Algorithms,0,true,false,true,Not in NumStability.All source-import closure; absence does not imply that declarations are missing unless the module is declaration-bearing.
NumStability.Algorithms.HighamChapter5ComplexAlgorithm51,NumStability/Algorithms/HighamChapter5ComplexAlgorithm51.lean,Algorithms,0,true,false,true,Not in NumStability.All source-import closure; absence does not imply that declarations are missing unless the module is declaration-bearing.
NumStability.Algorithms.HighamChapter8,NumStability/Algorithms/HighamChapter8.lean,Algorithms,0,true,false,true,Not in NumStability.All source-import closure; absence does not imply that declarations are missing unless the module is declaration-bearing.
NumStability.Algorithms.HighamChapter8FanInClosure,NumStability/Algorithms/HighamChapter8FanInClosure.lean,Algorithms,0,true,true,false,Not in NumStability.All source-import closure; absence does not imply that declarations are missing unless the module is declaration-bearing.
NumStability.Algorithms.HighamChapter8Lemma88SourceDiscrepancy,NumStability/Algorithms/HighamChapter8Lemma88SourceDiscrepancy.lean,Algorithms,0,true,false,true,Not in NumStability.All source-import closure; absence does not imply that declarations are missing unless the module is declaration-bearing.
NumStability.Algorithms.HighamChapter9,NumStability/Algorithms/HighamChapter9.lean,Algorithms,0,true,false,false,Not in NumStability.All source-import closure; absence does not imply that declarations are missing unless the module is declaration-bearing.
NumStability.Algorithms.HighamChapter9CompletePivotSharpClosure,NumStability/Algorithms/HighamChapter9CompletePivotSharpClosure.lean,Algorithms,0,true,false,true,Not in NumStability.All source-import closure; absence does not imply that declarations are missing unless the module is declaration-bearing.
NumStability.Algorithms.HighamChapter9ComplexClosure,NumStability/Algorithms/HighamChapter9ComplexClosure.lean,Algorithms,0,true,false,true,Not in NumStability.All source-import closure; absence does not imply that declarations are missing unless the module is declaration-bearing.
NumStability.Algorithms.HighamChapter9ComputedCorrection,NumStability/Algorithms/HighamChapter9ComputedCorrection.lean,Algorithms,0,true,false,true,Not in NumStability.All source-import closure; absence does not imply that declarations are missing unless the module is declaration-bearing.
NumStability.Algorithms.HighamChapter9DoolittleClosure,NumStability/Algorithms/HighamChapter9DoolittleClosure.lean,Algorithms,0,true,false,true,Not in NumStability.All source-import closure; absence does not imply that declarations are missing unless the module is declaration-bearing.
NumStability.Algorithms.HighamChapter9Theorem914Actual,NumStability/Algorithms/HighamChapter9Theorem914Actual.lean,Algorithms,0,true,false,true,Not in NumStability.All source-import closure; absence does not imply that declarations are missing unless the module is declaration-bearing.
NumStability.Algorithms.HighamChapter9Theorem914DiagDominant,NumStability/Algorithms/HighamChapter9Theorem914DiagDominant.lean,Algorithms,0,true,false,true,Not in NumStability.All source-import closure; absence does not imply that declarations are missing unless the module is declaration-bearing.
NumStability.Algorithms.HighamChapter9Theorem914Primitive,NumStability/Algorithms/HighamChapter9Theorem914Primitive.lean,Algorithms,0,true,false,true,Not in NumStability.All source-import closure; absence does not imply that declarations are missing unless the module is declaration-bearing.
NumStability.Algorithms.HighamChapter9Theorem97Classification,NumStability/Algorithms/HighamChapter9Theorem97Classification.lean,Algorithms,0,true,false,true,Not in NumStability.All source-import closure; absence does not imply that declarations are missing unless the module is declaration-bearing.
NumStability.Algorithms.HighamChapter9Theorem99Closure,NumStability/Algorithms/HighamChapter9Theorem99Closure.lean,Algorithms,0,true,false,true,Not in NumStability.All source-import closure; absence does not imply that declarations are missing unless the module is declaration-bearing.
NumStability.Algorithms.HighamChapter9Theorem99ComplexClosure,NumStability/Algorithms/HighamChapter9Theorem99ComplexClosure.lean,Algorithms,0,true,false,true,Not in NumStability.All source-import closure; absence does not imply that declarations are missing unless the module is declaration-bearing.
NumStability.Algorithms.HighamChapters1To9SourceClosure,NumStability/Algorithms/HighamChapters1To9SourceClosure.lean,Algorithms,0,true,false,true,Not in NumStability.All source-import closure; absence does not imply that declarations are missing unless the module is declaration-bearing.
NumStability.Algorithms.HighamLemma88Entrywise,NumStability/Algorithms/HighamLemma88Entrywise.lean,Algorithms,0,true,false,true,Not in NumStability.All source-import closure; absence does not imply that declarations are missing unless the module is declaration-bearing.
NumStability.Algorithms.Horner,NumStability/Algorithms/Horner.lean,Algorithms,0,true,false,true,Not in NumStability.All source-import closure; absence does not imply that declarations are missing unless the module is declaration-bearing.
NumStability.Algorithms.InsertionSum,NumStability/Algorithms/InsertionSum.lean,Algorithms,0,true,false,true,Not in NumStability.All source-import closure; absence does not imply that declarations are missing unless the module is declaration-bearing.
NumStability.Algorithms.InverseBounds,NumStability/Algorithms/InverseBounds.lean,Algorithms,0,true,false,false,Not in NumStability.All source-import closure; absence does not imply that declarations are missing unless the module is declaration-bearing.
NumStability.Algorithms.IterativeRefinement,NumStability/Algorithms/IterativeRefinement.lean,Algorithms,0,true,true,false,Not in NumStability.All source-import closure; absence does not imply that declarations are missing unless the module is declaration-bearing.
NumStability.Algorithms.KahanAbsolute,NumStability/Algorithms/KahanAbsolute.lean,Algorithms,0,true,false,true,Not in NumStability.All source-import closure; absence does not imply that declarations are missing unless the module is declaration-bearing.
NumStability.Algorithms.KahanCompensatedFiniteFormat,NumStability/Algorithms/KahanCompensatedFiniteFormat.lean,Algorithms,0,true,false,true,Not in NumStability.All source-import closure; absence does not imply that declarations are missing unless the module is declaration-bearing.
NumStability.Algorithms.LU.BlockLU,NumStability/Algorithms/LU/BlockLU.lean,Algorithms,0,true,false,true,Not in NumStability.All source-import closure; absence does not imply that declarations are missing unless the module is declaration-bearing.
NumStability.Algorithms.LU.BlockLUArbitraryNormSourceClosure,NumStability/Algorithms/LU/BlockLUArbitraryNormSourceClosure.lean,Algorithms,0,true,false,true,Not in NumStability.All source-import closure; absence does not imply that declarations are missing unless the module is declaration-bearing.
NumStability.Algorithms.LU.BlockLUComputationSourceClosure,NumStability/Algorithms/LU/BlockLUComputationSourceClosure.lean,Algorithms,0,true,false,true,Not in NumStability.All source-import closure; absence does not imply that declarations are missing unless the module is declaration-bearing.
NumStability.Algorithms.LU.BlockLUFirstOrderFamilies,NumStability/Algorithms/LU/BlockLUFirstOrderFamilies.lean,Algorithms,0,true,false,true,Not in NumStability.All source-import closure; absence does not imply that declarations are missing unless the module is declaration-bearing.
NumStability.Algorithms.LU.BlockLUPointRowGrowthSourceClosure,NumStability/Algorithms/LU/BlockLUPointRowGrowthSourceClosure.lean,Algorithms,0,true,false,true,Not in NumStability.All source-import closure; absence does not imply that declarations are missing unless the module is declaration-bearing.
NumStability.Algorithms.LU.BlockLURowSourceClosure,NumStability/Algorithms/LU/BlockLURowSourceClosure.lean,Algorithms,0,true,false,true,Not in NumStability.All source-import closure; absence does not imply that declarations are missing unless the module is declaration-bearing.
NumStability.Algorithms.LU.BlockLUSPDFamilies,NumStability/Algorithms/LU/BlockLUSPDFamilies.lean,Algorithms,0,true,false,true,Not in NumStability.All source-import closure; absence does not imply that declarations are missing unless the module is declaration-bearing.
NumStability.Algorithms.LU.BlockLUSPDSourceClosure,NumStability/Algorithms/LU/BlockLUSPDSourceClosure.lean,Algorithms,0,true,false,true,Not in NumStability.All source-import closure; absence does not imply that declarations are missing unless the module is declaration-bearing.
NumStability.Algorithms.LU.BlockLUScalarGrowthBridge,NumStability/Algorithms/LU/BlockLUScalarGrowthBridge.lean,Algorithms,0,true,false,true,Not in NumStability.All source-import closure; absence does not imply that declarations are missing unless the module is declaration-bearing.
NumStability.Algorithms.LU.BlockLUSourceClosure,NumStability/Algorithms/LU/BlockLUSourceClosure.lean,Algorithms,0,true,false,true,Not in NumStability.All source-import closure; absence does not imply that declarations are missing unless the module is declaration-bearing.
NumStability.Algorithms.LU.BlockLUTable13_1Families,NumStability/Algorithms/LU/BlockLUTable13_1Families.lean,Algorithms,0,true,false,true,Not in NumStability.All source-import closure; absence does not imply that declarations are missing unless the module is declaration-bearing.
NumStability.Algorithms.LU.BlockLUVarying,NumStability/Algorithms/LU/BlockLUVarying.lean,Algorithms,0,true,false,true,Not in NumStability.All source-import closure; absence does not imply that declarations are missing unless the module is declaration-bearing.
NumStability.Algorithms.LU.Doolittle,NumStability/Algorithms/LU/Doolittle.lean,Algorithms,0,true,false,true,Not in NumStability.All source-import closure; absence does not imply that declarations are missing unless the module is declaration-bearing.
NumStability.Algorithms.LU.Higham13DemmelSharpMultiplier,NumStability/Algorithms/LU/Higham13DemmelSharpMultiplier.lean,Algorithms,0,true,false,true,Not in NumStability.All source-import closure; absence does not imply that declarations are missing unless the module is declaration-bearing.
NumStability.Algorithms.LU.Higham15Problem15_4,NumStability/Algorithms/LU/Higham15Problem15_4.lean,Algorithms,0,true,false,true,Not in NumStability.All source-import closure; absence does not imply that declarations are missing unless the module is declaration-bearing.
NumStability.Algorithms.LU.Higham15Problem15_6,NumStability/Algorithms/LU/Higham15Problem15_6.lean,Algorithms,0,true,false,true,Not in NumStability.All source-import closure; absence does not imply that declarations are missing unless the module is declaration-bearing.
NumStability.Algorithms.LU.Higham15Problem15_6Closure,NumStability/Algorithms/LU/Higham15Problem15_6Closure.lean,Algorithms,0,true,false,true,Not in NumStability.All source-import closure; absence does not imply that declarations are missing unless the module is declaration-bearing.
NumStability.Algorithms.LU.Higham15Problem15_6Operational,NumStability/Algorithms/LU/Higham15Problem15_6Operational.lean,Algorithms,0,true,false,true,Not in NumStability.All source-import closure; absence does not imply that declarations are missing unless the module is declaration-bearing.
NumStability.Algorithms.LU.TridiagonalCondCh15,NumStability/Algorithms/LU/TridiagonalCondCh15.lean,Algorithms,0,true,false,true,Not in NumStability.All source-import closure; absence does not imply that declarations are missing unless the module is declaration-bearing.
NumStability.Algorithms.LU.TridiagonalCondCh15Closure,NumStability/Algorithms/LU/TridiagonalCondCh15Closure.lean,Algorithms,0,true,false,true,Not in NumStability.All source-import closure; absence does not imply that declarations are missing unless the module is declaration-bearing.
NumStability.Algorithms.LU.TridiagonalCondCh15IkebeClosure,NumStability/Algorithms/LU/TridiagonalCondCh15IkebeClosure.lean,Algorithms,0,true,false,true,Not in NumStability.All source-import closure; absence does not imply that declarations are missing unless the module is declaration-bearing.
NumStability.Algorithms.LeastSquares.Higham20Algorithms,NumStability/Algorithms/LeastSquares/Higham20Algorithms.lean,Algorithms,0,true,false,true,Not in NumStability.All source-import closure; absence does not imply that declarations are missing unless the module is declaration-bearing.
NumStability.Algorithms.LeastSquares.Higham20AlternativeBound,NumStability/Algorithms/LeastSquares/Higham20AlternativeBound.lean,Algorithms,0,true,false,true,Not in NumStability.All source-import closure; absence does not imply that declarations are missing unless the module is declaration-bearing.
NumStability.Algorithms.LeastSquares.Higham20CrossProductExample,NumStability/Algorithms/LeastSquares/Higham20CrossProductExample.lean,Algorithms,0,true,false,true,Not in NumStability.All source-import closure; absence does not imply that declarations are missing unless the module is declaration-bearing.
NumStability.Algorithms.LeastSquares.Higham20EliminationActual,NumStability/Algorithms/LeastSquares/Higham20EliminationActual.lean,Algorithms,0,true,false,true,Not in NumStability.All source-import closure; absence does not imply that declarations are missing unless the module is declaration-bearing.
NumStability.Algorithms.LeastSquares.Higham20Equations,NumStability/Algorithms/LeastSquares/Higham20Equations.lean,Algorithms,0,true,false,true,Not in NumStability.All source-import closure; absence does not imply that declarations are missing unless the module is declaration-bearing.
NumStability.Algorithms.LeastSquares.Higham20ExampleCondition,NumStability/Algorithms/LeastSquares/Higham20ExampleCondition.lean,Algorithms,0,true,false,true,Not in NumStability.All source-import closure; absence does not imply that declarations are missing unless the module is declaration-bearing.
NumStability.Algorithms.LeastSquares.Higham20GeneralWedin,NumStability/Algorithms/LeastSquares/Higham20GeneralWedin.lean,Algorithms,0,true,false,true,Not in NumStability.All source-import closure; absence does not imply that declarations are missing unless the module is declaration-bearing.
NumStability.Algorithms.LeastSquares.Higham20Lemma20_11,NumStability/Algorithms/LeastSquares/Higham20Lemma20_11.lean,Algorithms,0,true,false,true,Not in NumStability.All source-import closure; absence does not imply that declarations are missing unless the module is declaration-bearing.
NumStability.Algorithms.LeastSquares.Higham20Lemma20_12,NumStability/Algorithms/LeastSquares/Higham20Lemma20_12.lean,Algorithms,0,true,false,true,Not in NumStability.All source-import closure; absence does not imply that declarations are missing unless the module is declaration-bearing.
NumStability.Algorithms.LeastSquares.Higham20MGSStability,NumStability/Algorithms/LeastSquares/Higham20MGSStability.lean,Algorithms,0,true,false,true,Not in NumStability.All source-import closure; absence does not imply that declarations are missing unless the module is declaration-bearing.
NumStability.Algorithms.LeastSquares.Higham20MPProse,NumStability/Algorithms/LeastSquares/Higham20MPProse.lean,Algorithms,0,true,false,true,Not in NumStability.All source-import closure; absence does not imply that declarations are missing unless the module is declaration-bearing.
NumStability.Algorithms.LeastSquares.Higham20MinimumNormBackwardError,NumStability/Algorithms/LeastSquares/Higham20MinimumNormBackwardError.lean,Algorithms,0,true,false,true,Not in NumStability.All source-import closure; absence does not imply that declarations are missing unless the module is declaration-bearing.
NumStability.Algorithms.LeastSquares.Higham20NormalEquationsNorms,NumStability/Algorithms/LeastSquares/Higham20NormalEquationsNorms.lean,Algorithms,0,true,false,true,Not in NumStability.All source-import closure; absence does not imply that declarations are missing unless the module is declaration-bearing.
NumStability.Algorithms.LeastSquares.Higham20Problem20_3,NumStability/Algorithms/LeastSquares/Higham20Problem20_3.lean,Algorithms,0,true,false,true,Not in NumStability.All source-import closure; absence does not imply that declarations are missing unless the module is declaration-bearing.
NumStability.Algorithms.LeastSquares.Higham20Prose,NumStability/Algorithms/LeastSquares/Higham20Prose.lean,Algorithms,0,true,false,true,Not in NumStability.All source-import closure; absence does not imply that declarations are missing unless the module is declaration-bearing.
NumStability.Algorithms.LeastSquares.Higham20QuantitativeProse,NumStability/Algorithms/LeastSquares/Higham20QuantitativeProse.lean,Algorithms,0,true,false,true,Not in NumStability.All source-import closure; absence does not imply that declarations are missing unless the module is declaration-bearing.
NumStability.Algorithms.LeastSquares.Higham20Refinement,NumStability/Algorithms/LeastSquares/Higham20Refinement.lean,Algorithms,0,true,false,true,Not in NumStability.All source-import closure; absence does not imply that declarations are missing unless the module is declaration-bearing.
NumStability.Algorithms.LeastSquares.Higham20Remaining,NumStability/Algorithms/LeastSquares/Higham20Remaining.lean,Algorithms,0,true,false,true,Not in NumStability.All source-import closure; absence does not imply that declarations are missing unless the module is declaration-bearing.
NumStability.Algorithms.LeastSquares.Higham20ResidualQuality,NumStability/Algorithms/LeastSquares/Higham20ResidualQuality.lean,Algorithms,0,true,false,true,Not in NumStability.All source-import closure; absence does not imply that declarations are missing unless the module is declaration-bearing.
NumStability.Algorithms.LeastSquares.Higham20RowSorting,NumStability/Algorithms/LeastSquares/Higham20RowSorting.lean,Algorithms,0,true,false,true,Not in NumStability.All source-import closure; absence does not imply that declarations are missing unless the module is declaration-bearing.
NumStability.Algorithms.LeastSquares.Higham20SourceAliases,NumStability/Algorithms/LeastSquares/Higham20SourceAliases.lean,Algorithms,0,true,false,true,Not in NumStability.All source-import closure; absence does not imply that declarations are missing unless the module is declaration-bearing.
NumStability.Algorithms.LeastSquares.Higham20Theorem20_10,NumStability/Algorithms/LeastSquares/Higham20Theorem20_10.lean,Algorithms,0,true,false,true,Not in NumStability.All source-import closure; absence does not imply that declarations are missing unless the module is declaration-bearing.
NumStability.Algorithms.LeastSquares.Higham20Theorem20_3,NumStability/Algorithms/LeastSquares/Higham20Theorem20_3.lean,Algorithms,0,true,false,true,Not in NumStability.All source-import closure; absence does not imply that declarations are missing unless the module is declaration-bearing.
NumStability.Algorithms.LeastSquares.Higham20Theorem20_4Absorption,NumStability/Algorithms/LeastSquares/Higham20Theorem20_4Absorption.lean,Algorithms,0,true,false,true,Not in NumStability.All source-import closure; absence does not imply that declarations are missing unless the module is declaration-bearing.
NumStability.Algorithms.LeastSquares.Higham20Theorem20_7,NumStability/Algorithms/LeastSquares/Higham20Theorem20_7.lean,Algorithms,0,true,false,true,Not in NumStability.All source-import closure; absence does not imply that declarations are missing unless the module is declaration-bearing.
NumStability.Algorithms.LeastSquares.Higham20Theorem20_7ActualAssembly,NumStability/Algorithms/LeastSquares/Higham20Theorem20_7ActualAssembly.lean,Algorithms,0,true,false,true,Not in NumStability.All source-import closure; absence does not imply that declarations are missing unless the module is declaration-bearing.
NumStability.Algorithms.LeastSquares.Higham20Theorem20_7ActualBackSub,NumStability/Algorithms/LeastSquares/Higham20Theorem20_7ActualBackSub.lean,Algorithms,0,true,false,true,Not in NumStability.All source-import closure; absence does not imply that declarations are missing unless the module is declaration-bearing.
NumStability.Algorithms.LeastSquares.Higham20Theorem20_7ActualClosure,NumStability/Algorithms/LeastSquares/Higham20Theorem20_7ActualClosure.lean,Algorithms,0,true,false,true,Not in NumStability.All source-import closure; absence does not imply that declarations are missing unless the module is declaration-bearing.
NumStability.Algorithms.LeastSquares.Higham20Theorem20_7ActualGrowth,NumStability/Algorithms/LeastSquares/Higham20Theorem20_7ActualGrowth.lean,Algorithms,0,true,false,true,Not in NumStability.All source-import closure; absence does not imply that declarations are missing unless the module is declaration-bearing.
NumStability.Algorithms.LeastSquares.Higham20Theorem20_7ActualRhs,NumStability/Algorithms/LeastSquares/Higham20Theorem20_7ActualRhs.lean,Algorithms,0,true,false,true,Not in NumStability.All source-import closure; absence does not imply that declarations are missing unless the module is declaration-bearing.
NumStability.Algorithms.LeastSquares.Higham20Theorem20_7ActualTrace,NumStability/Algorithms/LeastSquares/Higham20Theorem20_7ActualTrace.lean,Algorithms,0,true,false,true,Not in NumStability.All source-import closure; absence does not imply that declarations are missing unless the module is declaration-bearing.
NumStability.Algorithms.LeastSquares.Higham20Theorem20_7Contract,NumStability/Algorithms/LeastSquares/Higham20Theorem20_7Contract.lean,Algorithms,0,true,false,true,Not in NumStability.All source-import closure; absence does not imply that declarations are missing unless the module is declaration-bearing.
NumStability.Algorithms.LeastSquares.Higham20Theorem20_7QdR,NumStability/Algorithms/LeastSquares/Higham20Theorem20_7QdR.lean,Algorithms,0,true,false,true,Not in NumStability.All source-import closure; absence does not imply that declarations are missing unless the module is declaration-bearing.
NumStability.Algorithms.LeastSquares.Higham20Theorem20_7Runtime,NumStability/Algorithms/LeastSquares/Higham20Theorem20_7Runtime.lean,Algorithms,0,true,false,true,Not in NumStability.All source-import closure; absence does not imply that declarations are missing unless the module is declaration-bearing.
NumStability.Algorithms.LeastSquares.Higham20Theorem20_7SourceTrace,NumStability/Algorithms/LeastSquares/Higham20Theorem20_7SourceTrace.lean,Algorithms,0,true,false,true,Not in NumStability.All source-import closure; absence does not imply that declarations are missing unless the module is declaration-bearing.
NumStability.Algorithms.LeastSquares.Higham20Theorem20_8,NumStability/Algorithms/LeastSquares/Higham20Theorem20_8.lean,Algorithms,0,true,false,true,Not in NumStability.All source-import closure; absence does not imply that declarations are missing unless the module is declaration-bearing.
NumStability.Algorithms.LeastSquares.Higham20WeightedLimit,NumStability/Algorithms/LeastSquares/Higham20WeightedLimit.lean,Algorithms,0,true,false,true,Not in NumStability.All source-import closure; absence does not imply that declarations are missing unless the module is declaration-bearing.
NumStability.Algorithms.LeastSquares.Higham20ZeroDeltaB,NumStability/Algorithms/LeastSquares/Higham20ZeroDeltaB.lean,Algorithms,0,true,false,true,Not in NumStability.All source-import closure; absence does not imply that declarations are missing unless the module is declaration-bearing.
NumStability.Algorithms.LeastSquares.LSE,NumStability/Algorithms/LeastSquares/LSE.lean,Algorithms,0,true,false,true,Not in NumStability.All source-import closure; absence does not imply that declarations are missing unless the module is declaration-bearing.
NumStability.Algorithms.LeastSquares.LSNormalEquations,NumStability/Algorithms/LeastSquares/LSNormalEquations.lean,Algorithms,0,true,false,true,Not in NumStability.All source-import closure; absence does not imply that declarations are missing unless the module is declaration-bearing.
NumStability.Algorithms.LeastSquares.LSPerturbation,NumStability/Algorithms/LeastSquares/LSPerturbation.lean,Algorithms,0,true,false,true,Not in NumStability.All source-import closure; absence does not imply that declarations are missing unless the module is declaration-bearing.
NumStability.Algorithms.LeastSquares.LSQRSolve,NumStability/Algorithms/LeastSquares/LSQRSolve.lean,Algorithms,0,true,false,true,Not in NumStability.All source-import closure; absence does not imply that declarations are missing unless the module is declaration-bearing.
NumStability.Algorithms.LinearSystems.QR.HouseholderApplySupport,NumStability/Algorithms/LinearSystems/QR/HouseholderApplySupport.lean,Algorithms,0,true,true,true,Not in NumStability.All source-import closure; absence does not imply that declarations are missing unless the module is declaration-bearing.
NumStability.Algorithms.LinearSystems.Underdetermined.QR.Givens.StoredReplay.Closure,NumStability/Algorithms/LinearSystems/Underdetermined/QR/Givens/StoredReplay/Closure.lean,Algorithms,0,true,false,true,Not in NumStability.All source-import closure; absence does not imply that declarations are missing unless the module is declaration-bearing.
NumStability.Algorithms.LinearSystems.Underdetermined.SeminormalEquations.ForwardError.ActualOutput,NumStability/Algorithms/LinearSystems/Underdetermined/SeminormalEquations/ForwardError/ActualOutput.lean,Algorithms,0,true,false,true,Not in NumStability.All source-import closure; absence does not imply that declarations are missing unless the module is declaration-bearing.
NumStability.Algorithms.LinearSystems.Underdetermined.SeminormalEquations.HouseholderClosure.Closure,NumStability/Algorithms/LinearSystems/Underdetermined/SeminormalEquations/HouseholderClosure/Closure.lean,Algorithms,0,true,false,true,Not in NumStability.All source-import closure; absence does not imply that declarations are missing unless the module is declaration-bearing.
NumStability.Algorithms.LinearSystems.Underdetermined.SeminormalEquations.HouseholderClosure.Uniform,NumStability/Algorithms/LinearSystems/Underdetermined/SeminormalEquations/HouseholderClosure/Uniform.lean,Algorithms,0,true,false,true,Not in NumStability.All source-import closure; absence does not imply that declarations are missing unless the module is declaration-bearing.
NumStability.Algorithms.MatrixInversion,NumStability/Algorithms/MatrixInversion.lean,Algorithms,0,true,false,true,Not in NumStability.All source-import closure; absence does not imply that declarations are missing unless the module is declaration-bearing.
NumStability.Algorithms.MatrixInversionMethod2BInstance,NumStability/Algorithms/MatrixInversionMethod2BInstance.lean,Algorithms,0,true,false,true,Not in NumStability.All source-import closure; absence does not imply that declarations are missing unless the module is declaration-bearing.
NumStability.Algorithms.MatrixPowers,NumStability/Algorithms/MatrixPowers.lean,Algorithms,0,true,false,true,Not in NumStability.All source-import closure; absence does not imply that declarations are missing unless the module is declaration-bearing.
NumStability.Algorithms.MatrixPowers.ComputedIteration,NumStability/Algorithms/MatrixPowers/ComputedIteration.lean,Algorithms,0,true,true,false,Not in NumStability.All source-import closure; absence does not imply that declarations are missing unless the module is declaration-bearing.
NumStability.Algorithms.MatrixPowers.ComputedIteration.All,NumStability/Algorithms/MatrixPowers/ComputedIteration/All.lean,Algorithms,0,true,true,false,Not in NumStability.All source-import closure; absence does not imply that declarations are missing unless the module is declaration-bearing.
NumStability.Algorithms.MatrixPowersComplex,NumStability/Algorithms/MatrixPowersComplex.lean,Algorithms,0,true,false,true,Not in NumStability.All source-import closure; absence does not imply that declarations are missing unless the module is declaration-bearing.
NumStability.Algorithms.MatrixPowersJordan,NumStability/Algorithms/MatrixPowersJordan.lean,Algorithms,0,true,false,true,Not in NumStability.All source-import closure; absence does not imply that declarations are missing unless the module is declaration-bearing.
NumStability.Algorithms.MatrixPowersLp,NumStability/Algorithms/MatrixPowersLp.lean,Algorithms,0,true,false,true,Not in NumStability.All source-import closure; absence does not imply that declarations are missing unless the module is declaration-bearing.
NumStability.Algorithms.MatrixPowersLpJordan,NumStability/Algorithms/MatrixPowersLpJordan.lean,Algorithms,0,true,false,true,Not in NumStability.All source-import closure; absence does not imply that declarations are missing unless the module is declaration-bearing.
NumStability.Algorithms.MatrixPowersPseudospectral,NumStability/Algorithms/MatrixPowersPseudospectral.lean,Algorithms,0,true,false,true,Not in NumStability.All source-import closure; absence does not imply that declarations are missing unless the module is declaration-bearing.
NumStability.Algorithms.MatrixPowersPseudospectralCriterion,NumStability/Algorithms/MatrixPowersPseudospectralCriterion.lean,Algorithms,0,true,false,true,Not in NumStability.All source-import closure; absence does not imply that declarations are missing unless the module is declaration-bearing.
NumStability.Algorithms.MatrixPowersSpectral,NumStability/Algorithms/MatrixPowersSpectral.lean,Algorithms,0,true,false,true,Not in NumStability.All source-import closure; absence does not imply that declarations are missing unless the module is declaration-bearing.
NumStability.Algorithms.Nonlinear.Higham25,NumStability/Algorithms/Nonlinear/Higham25.lean,Algorithms,0,true,false,true,Not in NumStability.All source-import closure; absence does not imply that declarations are missing unless the module is declaration-bearing.
NumStability.Algorithms.Nonlinear.Higham25EigenClosure,NumStability/Algorithms/Nonlinear/Higham25EigenClosure.lean,Algorithms,0,true,false,true,Not in NumStability.All source-import closure; absence does not imply that declarations are missing unless the module is declaration-bearing.
NumStability.Algorithms.Nonlinear.Higham25Problem25_1,NumStability/Algorithms/Nonlinear/Higham25Problem25_1.lean,Algorithms,0,true,false,true,Not in NumStability.All source-import closure; absence does not imply that declarations are missing unless the module is declaration-bearing.
NumStability.Algorithms.NormEstimation.PNorm.Endpoints.ConvergenceStatements,NumStability/Algorithms/NormEstimation/PNorm/Endpoints/ConvergenceStatements.lean,Algorithms,0,true,false,true,Not in NumStability.All source-import closure; absence does not imply that declarations are missing unless the module is declaration-bearing.
NumStability.Algorithms.NormEstimation.PNorm.Endpoints.PNormRectangular,NumStability/Algorithms/NormEstimation/PNorm/Endpoints/PNormRectangular.lean,Algorithms,0,true,false,true,Not in NumStability.All source-import closure; absence does not imply that declarations are missing unless the module is declaration-bearing.
NumStability.Algorithms.OrderingExamples,NumStability/Algorithms/OrderingExamples.lean,Algorithms,0,true,false,true,Not in NumStability.All source-import closure; absence does not imply that declarations are missing unless the module is declaration-bearing.
NumStability.Algorithms.PNormPowerMethod,NumStability/Algorithms/PNormPowerMethod.lean,Algorithms,0,true,false,true,Not in NumStability.All source-import closure; absence does not imply that declarations are missing unless the module is declaration-bearing.
NumStability.Algorithms.PNormPowerMethodGeneralP,NumStability/Algorithms/PNormPowerMethodGeneralP.lean,Algorithms,0,true,false,true,Not in NumStability.All source-import closure; absence does not imply that declarations are missing unless the module is declaration-bearing.
NumStability.Algorithms.PNormPowerMethodRect,NumStability/Algorithms/PNormPowerMethodRect.lean,Algorithms,0,true,false,true,Not in NumStability.All source-import closure; absence does not imply that declarations are missing unless the module is declaration-bearing.
NumStability.Algorithms.PairwiseSum,NumStability/Algorithms/PairwiseSum.lean,Algorithms,0,true,false,true,Not in NumStability.All source-import closure; absence does not imply that declarations are missing unless the module is declaration-bearing.
NumStability.Algorithms.PlusMinusSum,NumStability/Algorithms/PlusMinusSum.lean,Algorithms,0,true,false,true,Not in NumStability.All source-import closure; absence does not imply that declarations are missing unless the module is declaration-bearing.
NumStability.Algorithms.PriestFiniteFormat,NumStability/Algorithms/PriestFiniteFormat.lean,Algorithms,0,true,true,false,Not in NumStability.All source-import closure; absence does not imply that declarations are missing unless the module is declaration-bearing.
NumStability.Algorithms.Problem44SixTerm,NumStability/Algorithms/Problem44SixTerm.lean,Algorithms,0,true,false,true,Not in NumStability.All source-import closure; absence does not imply that declarations are missing unless the module is declaration-bearing.
NumStability.Algorithms.QR.GivensMatrixStep,NumStability/Algorithms/QR/GivensMatrixStep.lean,Algorithms,0,true,false,true,Not in NumStability.All source-import closure; absence does not imply that declarations are missing unless the module is declaration-bearing.
NumStability.Algorithms.QR.GivensQR,NumStability/Algorithms/QR/GivensQR.lean,Algorithms,0,true,false,true,Not in NumStability.All source-import closure; absence does not imply that declarations are missing unless the module is declaration-bearing.
NumStability.Algorithms.QR.GivensSpec,NumStability/Algorithms/QR/GivensSpec.lean,Algorithms,0,true,false,true,Not in NumStability.All source-import closure; absence does not imply that declarations are missing unless the module is declaration-bearing.
NumStability.Algorithms.QR.GramSchmidt,NumStability/Algorithms/QR/GramSchmidt.lean,Algorithms,0,true,false,true,Not in NumStability.All source-import closure; absence does not imply that declarations are missing unless the module is declaration-bearing.
NumStability.Algorithms.QR.GramSchmidtPolar,NumStability/Algorithms/QR/GramSchmidtPolar.lean,Algorithms,0,true,false,true,Not in NumStability.All source-import closure; absence does not imply that declarations are missing unless the module is declaration-bearing.
NumStability.Algorithms.QR.Higham19,NumStability/Algorithms/QR/Higham19.lean,Algorithms,0,true,false,true,Not in NumStability.All source-import closure; absence does not imply that declarations are missing unless the module is declaration-bearing.
NumStability.Algorithms.QR.Higham19Alg11CGSRounded,NumStability/Algorithms/QR/Higham19Alg11CGSRounded.lean,Algorithms,0,true,false,true,Not in NumStability.All source-import closure; absence does not imply that declarations are missing unless the module is declaration-bearing.
NumStability.Algorithms.QR.Higham19Alg12MGSClosure,NumStability/Algorithms/QR/Higham19Alg12MGSClosure.lean,Algorithms,0,true,false,true,Not in NumStability.All source-import closure; absence does not imply that declarations are missing unless the module is declaration-bearing.
NumStability.Algorithms.QR.Higham19Alg12MGSNonbreakdown,NumStability/Algorithms/QR/Higham19Alg12MGSNonbreakdown.lean,Algorithms,0,true,false,true,Not in NumStability.All source-import closure; absence does not imply that declarations are missing unless the module is declaration-bearing.
NumStability.Algorithms.QR.Higham19Alg12MGSPaddedClosure,NumStability/Algorithms/QR/Higham19Alg12MGSPaddedClosure.lean,Algorithms,0,true,false,true,Not in NumStability.All source-import closure; absence does not imply that declarations are missing unless the module is declaration-bearing.
NumStability.Algorithms.QR.Higham19Alg12MGSRepair,NumStability/Algorithms/QR/Higham19Alg12MGSRepair.lean,Algorithms,0,true,false,true,Not in NumStability.All source-import closure; absence does not imply that declarations are missing unless the module is declaration-bearing.
NumStability.Algorithms.QR.Higham19Alg12MGSRounded,NumStability/Algorithms/QR/Higham19Alg12MGSRounded.lean,Algorithms,0,true,false,true,Not in NumStability.All source-import closure; absence does not imply that declarations are missing unless the module is declaration-bearing.
NumStability.Algorithms.QR.Higham19Alg12MGSSourceRate,NumStability/Algorithms/QR/Higham19Alg12MGSSourceRate.lean,Algorithms,0,true,false,true,Not in NumStability.All source-import closure; absence does not imply that declarations are missing unless the module is declaration-bearing.
NumStability.Algorithms.QR.Higham19FormedQ,NumStability/Algorithms/QR/Higham19FormedQ.lean,Algorithms,0,true,false,true,Not in NumStability.All source-import closure; absence does not imply that declarations are missing unless the module is declaration-bearing.
NumStability.Algorithms.QR.Higham19Labels,NumStability/Algorithms/QR/Higham19Labels.lean,Algorithms,0,true,false,true,Not in NumStability.All source-import closure; absence does not imply that declarations are missing unless the module is declaration-bearing.
NumStability.Algorithms.QR.Higham19Lemma3ActualSequence,NumStability/Algorithms/QR/Higham19Lemma3ActualSequence.lean,Algorithms,0,true,false,true,Not in NumStability.All source-import closure; absence does not imply that declarations are missing unless the module is declaration-bearing.
NumStability.Algorithms.QR.Higham19Lemma7Gamma4,NumStability/Algorithms/QR/Higham19Lemma7Gamma4.lean,Algorithms,0,true,false,true,Not in NumStability.All source-import closure; absence does not imply that declarations are missing unless the module is declaration-bearing.
NumStability.Algorithms.QR.Higham19Lemma9DisjointSweep,NumStability/Algorithms/QR/Higham19Lemma9DisjointSweep.lean,Algorithms,0,true,false,true,Not in NumStability.All source-import closure; absence does not imply that declarations are missing unless the module is declaration-bearing.
NumStability.Algorithms.QR.Higham19PolarNearest,NumStability/Algorithms/QR/Higham19PolarNearest.lean,Algorithms,0,true,false,true,Not in NumStability.All source-import closure; absence does not imply that declarations are missing unless the module is declaration-bearing.
NumStability.Algorithms.QR.Higham19Problem19_10,NumStability/Algorithms/QR/Higham19Problem19_10.lean,Algorithms,0,true,false,true,Not in NumStability.All source-import closure; absence does not imply that declarations are missing unless the module is declaration-bearing.
NumStability.Algorithms.QR.Higham19Problem19_9,NumStability/Algorithms/QR/Higham19Problem19_9.lean,Algorithms,0,true,false,true,Not in NumStability.All source-import closure; absence does not imply that declarations are missing unless the module is declaration-bearing.
NumStability.Algorithms.QR.Higham19Problem6ActualStep,NumStability/Algorithms/QR/Higham19Problem6ActualStep.lean,Algorithms,0,true,false,true,Not in NumStability.All source-import closure; absence does not imply that declarations are missing unless the module is declaration-bearing.
NumStability.Algorithms.QR.Higham19Sensitivity,NumStability/Algorithms/QR/Higham19Sensitivity.lean,Algorithms,0,true,false,true,Not in NumStability.All source-import closure; absence does not imply that declarations are missing unless the module is declaration-bearing.
NumStability.Algorithms.QR.Higham19SensitivityClosure,NumStability/Algorithms/QR/Higham19SensitivityClosure.lean,Algorithms,0,true,false,true,Not in NumStability.All source-import closure; absence does not imply that declarations are missing unless the module is declaration-bearing.
NumStability.Algorithms.QR.Higham19StoredLoop,NumStability/Algorithms/QR/Higham19StoredLoop.lean,Algorithms,0,true,false,true,Not in NumStability.All source-import closure; absence does not imply that declarations are missing unless the module is declaration-bearing.
NumStability.Algorithms.QR.Higham19StoredLoopAllPivots,NumStability/Algorithms/QR/Higham19StoredLoopAllPivots.lean,Algorithms,0,true,false,true,Not in NumStability.All source-import closure; absence does not imply that declarations are missing unless the module is declaration-bearing.
NumStability.Algorithms.QR.Higham19StoredLoopStrongModel,NumStability/Algorithms/QR/Higham19StoredLoopStrongModel.lean,Algorithms,0,true,false,true,Not in NumStability.All source-import closure; absence does not imply that declarations are missing unless the module is declaration-bearing.
NumStability.Algorithms.QR.Higham19SunBischof,NumStability/Algorithms/QR/Higham19SunBischof.lean,Algorithms,0,true,false,true,Not in NumStability.All source-import closure; absence does not imply that declarations are missing unless the module is declaration-bearing.
NumStability.Algorithms.QR.Higham19Theorem10ActualMatrix,NumStability/Algorithms/QR/Higham19Theorem10ActualMatrix.lean,Algorithms,0,true,false,true,Not in NumStability.All source-import closure; absence does not imply that declarations are missing unless the module is declaration-bearing.
NumStability.Algorithms.QR.Higham19Theorem5Nonbreakdown,NumStability/Algorithms/QR/Higham19Theorem5Nonbreakdown.lean,Algorithms,0,true,false,true,Not in NumStability.All source-import closure; absence does not imply that declarations are missing unless the module is declaration-bearing.
NumStability.Algorithms.QR.Higham19Theorem5SourceClosure,NumStability/Algorithms/QR/Higham19Theorem5SourceClosure.lean,Algorithms,0,true,false,true,Not in NumStability.All source-import closure; absence does not imply that declarations are missing unless the module is declaration-bearing.
NumStability.Algorithms.QR.Higham19Theorem6ActualSource,NumStability/Algorithms/QR/Higham19Theorem6ActualSource.lean,Algorithms,0,true,false,true,Not in NumStability.All source-import closure; absence does not imply that declarations are missing unless the module is declaration-bearing.
NumStability.Algorithms.QR.Higham19Thm6ColPivot,NumStability/Algorithms/QR/Higham19Thm6ColPivot.lean,Algorithms,0,true,false,true,Not in NumStability.All source-import closure; absence does not imply that declarations are missing unless the module is declaration-bearing.
NumStability.Algorithms.QR.Higham19Thm6ColPivotFull,NumStability/Algorithms/QR/Higham19Thm6ColPivotFull.lean,Algorithms,0,true,false,true,Not in NumStability.All source-import closure; absence does not imply that declarations are missing unless the module is declaration-bearing.
NumStability.Algorithms.QR.Higham19Thm6CoxHigham,NumStability/Algorithms/QR/Higham19Thm6CoxHigham.lean,Algorithms,0,true,false,true,Not in NumStability.All source-import closure; absence does not imply that declarations are missing unless the module is declaration-bearing.
NumStability.Algorithms.QR.Higham19Thm6CoxHighamAssembly,NumStability/Algorithms/QR/Higham19Thm6CoxHighamAssembly.lean,Algorithms,0,true,false,true,Not in NumStability.All source-import closure; absence does not imply that declarations are missing unless the module is declaration-bearing.
NumStability.Algorithms.QR.Higham19Thm6CoxHighamConcrete,NumStability/Algorithms/QR/Higham19Thm6CoxHighamConcrete.lean,Algorithms,0,true,false,true,Not in NumStability.All source-import closure; absence does not imply that declarations are missing unless the module is declaration-bearing.
NumStability.Algorithms.QR.Higham19Thm6CoxHighamFull,NumStability/Algorithms/QR/Higham19Thm6CoxHighamFull.lean,Algorithms,0,true,false,true,Not in NumStability.All source-import closure; absence does not imply that declarations are missing unless the module is declaration-bearing.
NumStability.Algorithms.QR.Higham19Thm6Elementwise,NumStability/Algorithms/QR/Higham19Thm6Elementwise.lean,Algorithms,0,true,false,true,Not in NumStability.All source-import closure; absence does not imply that declarations are missing unless the module is declaration-bearing.
NumStability.Algorithms.QR.Higham19Thm6ElementwiseEntry,NumStability/Algorithms/QR/Higham19Thm6ElementwiseEntry.lean,Algorithms,0,true,false,true,Not in NumStability.All source-import closure; absence does not imply that declarations are missing unless the module is declaration-bearing.
NumStability.Algorithms.QR.Higham19Thm6ElementwisePackaged,NumStability/Algorithms/QR/Higham19Thm6ElementwisePackaged.lean,Algorithms,0,true,false,true,Not in NumStability.All source-import closure; absence does not imply that declarations are missing unless the module is declaration-bearing.
NumStability.Algorithms.QR.Higham19Thm6Final,NumStability/Algorithms/QR/Higham19Thm6Final.lean,Algorithms,0,true,false,true,Not in NumStability.All source-import closure; absence does not imply that declarations are missing unless the module is declaration-bearing.
NumStability.Algorithms.QR.Higham19Thm6Pivoted,NumStability/Algorithms/QR/Higham19Thm6Pivoted.lean,Algorithms,0,true,false,true,Not in NumStability.All source-import closure; absence does not imply that declarations are missing unless the module is declaration-bearing.
NumStability.Algorithms.QR.Higham19Thm6RowSpecific,NumStability/Algorithms/QR/Higham19Thm6RowSpecific.lean,Algorithms,0,true,false,true,Not in NumStability.All source-import closure; absence does not imply that declarations are missing unless the module is declaration-bearing.
NumStability.Algorithms.QR.Higham19Thm6StrongModel,NumStability/Algorithms/QR/Higham19Thm6StrongModel.lean,Algorithms,0,true,false,true,Not in NumStability.All source-import closure; absence does not imply that declarations are missing unless the module is declaration-bearing.
NumStability.Algorithms.QR.Higham19TurnbullAitken,NumStability/Algorithms/QR/Higham19TurnbullAitken.lean,Algorithms,0,true,false,true,Not in NumStability.All source-import closure; absence does not imply that declarations are missing unless the module is declaration-bearing.
NumStability.Algorithms.QR.Higham19WYApplicationClosure,NumStability/Algorithms/QR/Higham19WYApplicationClosure.lean,Algorithms,0,true,false,true,Not in NumStability.All source-import closure; absence does not imply that declarations are missing unless the module is declaration-bearing.
NumStability.Algorithms.QR.HouseholderApply,NumStability/Algorithms/QR/HouseholderApply.lean,Algorithms,0,true,false,true,Not in NumStability.All source-import closure; absence does not imply that declarations are missing unless the module is declaration-bearing.
NumStability.Algorithms.QR.HouseholderApplySupport,NumStability/Algorithms/QR/HouseholderApplySupport.lean,Algorithms,0,true,false,true,Not in NumStability.All source-import closure; absence does not imply that declarations are missing unless the module is declaration-bearing.
NumStability.Algorithms.QR.HouseholderConstruction2,NumStability/Algorithms/QR/HouseholderConstruction2.lean,Algorithms,0,true,false,true,Not in NumStability.All source-import closure; absence does not imply that declarations are missing unless the module is declaration-bearing.
NumStability.Algorithms.QR.HouseholderMatrixStep,NumStability/Algorithms/QR/HouseholderMatrixStep.lean,Algorithms,0,true,false,true,Not in NumStability.All source-import closure; absence does not imply that declarations are missing unless the module is declaration-bearing.
NumStability.Algorithms.QR.HouseholderOneStep,NumStability/Algorithms/QR/HouseholderOneStep.lean,Algorithms,0,true,false,true,Not in NumStability.All source-import closure; absence does not imply that declarations are missing unless the module is declaration-bearing.
NumStability.Algorithms.QR.HouseholderQApply,NumStability/Algorithms/QR/HouseholderQApply.lean,Algorithms,0,true,false,true,Not in NumStability.All source-import closure; absence does not imply that declarations are missing unless the module is declaration-bearing.
NumStability.Algorithms.QR.HouseholderQR,NumStability/Algorithms/QR/HouseholderQR.lean,Algorithms,0,true,false,true,Not in NumStability.All source-import closure; absence does not imply that declarations are missing unless the module is declaration-bearing.
NumStability.Algorithms.QR.HouseholderQRSupport,NumStability/Algorithms/QR/HouseholderQRSupport.lean,Algorithms,0,true,false,true,Not in NumStability.All source-import closure; absence does not imply that declarations are missing unless the module is declaration-bearing.
NumStability.Algorithms.QR.HouseholderReflector,NumStability/Algorithms/QR/HouseholderReflector.lean,Algorithms,0,true,false,true,Not in NumStability.All source-import closure; absence does not imply that declarations are missing unless the module is declaration-bearing.
NumStability.Algorithms.QR.HouseholderSpec,NumStability/Algorithms/QR/HouseholderSpec.lean,Algorithms,0,true,false,true,Not in NumStability.All source-import closure; absence does not imply that declarations are missing unless the module is declaration-bearing.
NumStability.Algorithms.QR.HouseholderSpecSupport,NumStability/Algorithms/QR/HouseholderSpecSupport.lean,Algorithms,0,true,false,true,Not in NumStability.All source-import closure; absence does not imply that declarations are missing unless the module is declaration-bearing.
NumStability.Algorithms.QR.QRSolve,NumStability/Algorithms/QR/QRSolve.lean,Algorithms,0,true,false,true,Not in NumStability.All source-import closure; absence does not imply that declarations are missing unless the module is declaration-bearing.
NumStability.Algorithms.RecursiveSum,NumStability/Algorithms/RecursiveSum.lean,Algorithms,0,true,false,true,Not in NumStability.All source-import closure; absence does not imply that declarations are missing unless the module is declaration-bearing.
NumStability.Algorithms.SoftwareIssues.Higham27,NumStability/Algorithms/SoftwareIssues/Higham27.lean,Algorithms,0,true,false,true,Not in NumStability.All source-import closure; absence does not imply that declarations are missing unless the module is declaration-bearing.
NumStability.Algorithms.SoftwareIssues.Higham27Pythag,NumStability/Algorithms/SoftwareIssues/Higham27Pythag.lean,Algorithms,0,true,false,true,Not in NumStability.All source-import closure; absence does not imply that declarations are missing unless the module is declaration-bearing.
NumStability.Algorithms.StationaryIteration,NumStability/Algorithms/StationaryIteration.lean,Algorithms,0,true,false,true,Not in NumStability.All source-import closure; absence does not imply that declarations are missing unless the module is declaration-bearing.
NumStability.Algorithms.StationaryIterationDrazin,NumStability/Algorithms/StationaryIterationDrazin.lean,Algorithms,0,true,false,true,Not in NumStability.All source-import closure; absence does not imply that declarations are missing unless the module is declaration-bearing.
NumStability.Algorithms.StationaryIterationRounded,NumStability/Algorithms/StationaryIterationRounded.lean,Algorithms,0,true,false,true,Not in NumStability.All source-import closure; absence does not imply that declarations are missing unless the module is declaration-bearing.
NumStability.Algorithms.StationaryIterationSemiconvergent,NumStability/Algorithms/StationaryIterationSemiconvergent.lean,Algorithms,0,true,false,true,Not in NumStability.All source-import closure; absence does not imply that declarations are missing unless the module is declaration-bearing.
NumStability.Algorithms.StationaryIterationSemiconvergentExistence,NumStability/Algorithms/StationaryIterationSemiconvergentExistence.lean,Algorithms,0,true,false,true,Not in NumStability.All source-import closure; absence does not imply that declarations are missing unless the module is declaration-bearing.
NumStability.Algorithms.StationaryIterationSeries,NumStability/Algorithms/StationaryIterationSeries.lean,Algorithms,0,true,false,true,Not in NumStability.All source-import closure; absence does not imply that declarations are missing unless the module is declaration-bearing.
NumStability.Algorithms.SumTree,NumStability/Algorithms/SumTree.lean,Algorithms,0,true,false,true,Not in NumStability.All source-import closure; absence does not imply that declarations are missing unless the module is declaration-bearing.
NumStability.Algorithms.Summation.Tree.RecursiveBridge,NumStability/Algorithms/Summation/Tree/RecursiveBridge.lean,Algorithms,0,true,false,true,Not in NumStability.All source-import closure; absence does not imply that declarations are missing unless the module is declaration-bearing.
NumStability.Algorithms.Sylvester.Higham16,NumStability/Algorithms/Sylvester/Higham16.lean,Algorithms,0,true,false,true,Not in NumStability.All source-import closure; absence does not imply that declarations are missing unless the module is declaration-bearing.
NumStability.Algorithms.Sylvester.Higham16AutoCondition,NumStability/Algorithms/Sylvester/Higham16AutoCondition.lean,Algorithms,0,true,false,true,Not in NumStability.All source-import closure; absence does not imply that declarations are missing unless the module is declaration-bearing.
NumStability.Algorithms.Sylvester.Higham16Eq9Assembly,NumStability/Algorithms/Sylvester/Higham16Eq9Assembly.lean,Algorithms,0,true,false,true,Not in NumStability.All source-import closure; absence does not imply that declarations are missing unless the module is declaration-bearing.
NumStability.Algorithms.Sylvester.Higham16Eq9EndToEnd,NumStability/Algorithms/Sylvester/Higham16Eq9EndToEnd.lean,Algorithms,0,true,false,true,Not in NumStability.All source-import closure; absence does not imply that declarations are missing unless the module is declaration-bearing.
NumStability.Algorithms.Sylvester.Higham16HessenbergRounded,NumStability/Algorithms/Sylvester/Higham16HessenbergRounded.lean,Algorithms,0,true,false,true,Not in NumStability.All source-import closure; absence does not imply that declarations are missing unless the module is declaration-bearing.
NumStability.Algorithms.Sylvester.Higham16HessenbergSchur,NumStability/Algorithms/Sylvester/Higham16HessenbergSchur.lean,Algorithms,0,true,false,true,Not in NumStability.All source-import closure; absence does not imply that declarations are missing unless the module is declaration-bearing.
NumStability.Algorithms.Sylvester.Higham16Lyapunov,NumStability/Algorithms/Sylvester/Higham16Lyapunov.lean,Algorithms,0,true,false,false,Not in NumStability.All source-import closure; absence does not imply that declarations are missing unless the module is declaration-bearing.
NumStability.Algorithms.Sylvester.Higham16LyapunovSigmaMin,NumStability/Algorithms/Sylvester/Higham16LyapunovSigmaMin.lean,Algorithms,0,true,false,true,Not in NumStability.All source-import closure; absence does not imply that declarations are missing unless the module is declaration-bearing.
NumStability.Algorithms.Sylvester.Higham16Minimizers,NumStability/Algorithms/Sylvester/Higham16Minimizers.lean,Algorithms,0,true,false,true,Not in NumStability.All source-import closure; absence does not imply that declarations are missing unless the module is declaration-bearing.
NumStability.Algorithms.Sylvester.Higham16NormEstimator,NumStability/Algorithms/Sylvester/Higham16NormEstimator.lean,Algorithms,0,true,false,true,Not in NumStability.All source-import closure; absence does not imply that declarations are missing unless the module is declaration-bearing.
NumStability.Algorithms.Sylvester.Higham16PerturbationSigmaMin,NumStability/Algorithms/Sylvester/Higham16PerturbationSigmaMin.lean,Algorithms,0,true,false,true,Not in NumStability.All source-import closure; absence does not imply that declarations are missing unless the module is declaration-bearing.
NumStability.Algorithms.Sylvester.Higham16PivotedSmallBlocks,NumStability/Algorithms/Sylvester/Higham16PivotedSmallBlocks.lean,Algorithms,0,true,false,true,Not in NumStability.All source-import closure; absence does not imply that declarations are missing unless the module is declaration-bearing.
NumStability.Algorithms.Sylvester.Higham16Problem16_2,NumStability/Algorithms/Sylvester/Higham16Problem16_2.lean,Algorithms,0,true,false,true,Not in NumStability.All source-import closure; absence does not imply that declarations are missing unless the module is declaration-bearing.
NumStability.Algorithms.Sylvester.Higham16Psi,NumStability/Algorithms/Sylvester/Higham16Psi.lean,Algorithms,0,true,false,false,Not in NumStability.All source-import closure; absence does not imply that declarations are missing unless the module is declaration-bearing.
NumStability.Algorithms.Sylvester.Higham16PsiSigmaMin,NumStability/Algorithms/Sylvester/Higham16PsiSigmaMin.lean,Algorithms,0,true,false,true,Not in NumStability.All source-import closure; absence does not imply that declarations are missing unless the module is declaration-bearing.
NumStability.Algorithms.Sylvester.Higham16QuasiQuasiRounded,NumStability/Algorithms/Sylvester/Higham16QuasiQuasiRounded.lean,Algorithms,0,true,false,true,Not in NumStability.All source-import closure; absence does not imply that declarations are missing unless the module is declaration-bearing.
NumStability.Algorithms.Sylvester.Higham16QuasiQuasiSylvester,NumStability/Algorithms/Sylvester/Higham16QuasiQuasiSylvester.lean,Algorithms,0,true,false,true,Not in NumStability.All source-import closure; absence does not imply that declarations are missing unless the module is declaration-bearing.
NumStability.Algorithms.Sylvester.Higham16QuasiRoundedSolve,NumStability/Algorithms/Sylvester/Higham16QuasiRoundedSolve.lean,Algorithms,0,true,false,true,Not in NumStability.All source-import closure; absence does not imply that declarations are missing unless the module is declaration-bearing.
NumStability.Algorithms.Sylvester.Higham16QuasiRoundedSylvester,NumStability/Algorithms/Sylvester/Higham16QuasiRoundedSylvester.lean,Algorithms,0,true,false,true,Not in NumStability.All source-import closure; absence does not imply that declarations are missing unless the module is declaration-bearing.
NumStability.Algorithms.Sylvester.Higham16RoundedExecutor,NumStability/Algorithms/Sylvester/Higham16RoundedExecutor.lean,Algorithms,0,true,false,true,Not in NumStability.All source-import closure; absence does not imply that declarations are missing unless the module is declaration-bearing.
NumStability.Algorithms.Sylvester.Higham16RoundedTriangular,NumStability/Algorithms/Sylvester/Higham16RoundedTriangular.lean,Algorithms,0,true,false,true,Not in NumStability.All source-import closure; absence does not imply that declarations are missing unless the module is declaration-bearing.
NumStability.Algorithms.Sylvester.Higham16Spectrum,NumStability/Algorithms/Sylvester/Higham16Spectrum.lean,Algorithms,0,true,false,true,Not in NumStability.All source-import closure; absence does not imply that declarations are missing unless the module is declaration-bearing.
NumStability.Algorithms.Sylvester.Higham16SpectrumMinimizers,NumStability/Algorithms/Sylvester/Higham16SpectrumMinimizers.lean,Algorithms,0,true,false,true,Not in NumStability.All source-import closure; absence does not imply that declarations are missing unless the module is declaration-bearing.
NumStability.Algorithms.Sylvester.Higham16VecNorm,NumStability/Algorithms/Sylvester/Higham16VecNorm.lean,Algorithms,0,true,false,true,Not in NumStability.All source-import closure; absence does not imply that declarations are missing unless the module is declaration-bearing.
NumStability.Algorithms.Sylvester.Higham16VecPermutationNotes,NumStability/Algorithms/Sylvester/Higham16VecPermutationNotes.lean,Algorithms,0,true,false,true,Not in NumStability.All source-import closure; absence does not imply that declarations are missing unless the module is declaration-bearing.
NumStability.Algorithms.Sylvester.SylvesterBackward,NumStability/Algorithms/Sylvester/SylvesterBackward.lean,Algorithms,0,true,false,false,Not in NumStability.All source-import closure; absence does not imply that declarations are missing unless the module is declaration-bearing.
NumStability.Algorithms.Sylvester.SylvesterPerturbation,NumStability/Algorithms/Sylvester/SylvesterPerturbation.lean,Algorithms,0,true,false,false,Not in NumStability.All source-import closure; absence does not imply that declarations are missing unless the module is declaration-bearing.
NumStability.Algorithms.Sylvester.SylvesterSpec,NumStability/Algorithms/Sylvester/SylvesterSpec.lean,Algorithms,0,true,false,false,Not in NumStability.All source-import closure; absence does not imply that declarations are missing unless the module is declaration-bearing.
NumStability.Algorithms.TestMatrices.Higham28,NumStability/Algorithms/TestMatrices/Higham28.lean,Algorithms,0,true,false,true,Not in NumStability.All source-import closure; absence does not imply that declarations are missing unless the module is declaration-bearing.
NumStability.Algorithms.TestMatrices.Higham28Asymptotics,NumStability/Algorithms/TestMatrices/Higham28Asymptotics.lean,Algorithms,0,true,false,true,Not in NumStability.All source-import closure; absence does not imply that declarations are missing unless the module is declaration-bearing.
NumStability.Algorithms.TestMatrices.Higham28Cauchy,NumStability/Algorithms/TestMatrices/Higham28Cauchy.lean,Algorithms,0,true,false,true,Not in NumStability.All source-import closure; absence does not imply that declarations are missing unless the module is declaration-bearing.
NumStability.Algorithms.TestMatrices.Higham28Companion,NumStability/Algorithms/TestMatrices/Higham28Companion.lean,Algorithms,0,true,false,true,Not in NumStability.All source-import closure; absence does not imply that declarations are missing unless the module is declaration-bearing.
NumStability.Algorithms.TestMatrices.Higham28CompanionSpectral,NumStability/Algorithms/TestMatrices/Higham28CompanionSpectral.lean,Algorithms,0,true,false,true,Not in NumStability.All source-import closure; absence does not imply that declarations are missing unless the module is declaration-bearing.
NumStability.Algorithms.TestMatrices.Higham28Contracts,NumStability/Algorithms/TestMatrices/Higham28Contracts.lean,Algorithms,0,true,false,true,Not in NumStability.All source-import closure; absence does not imply that declarations are missing unless the module is declaration-bearing.
NumStability.Algorithms.TestMatrices.Higham28Exact,NumStability/Algorithms/TestMatrices/Higham28Exact.lean,Algorithms,0,true,false,true,Not in NumStability.All source-import closure; absence does not imply that declarations are missing unless the module is declaration-bearing.
NumStability.Algorithms.TestMatrices.Higham28GaussianAbsoluteMoment,NumStability/Algorithms/TestMatrices/Higham28GaussianAbsoluteMoment.lean,Algorithms,0,true,false,true,Not in NumStability.All source-import closure; absence does not imply that declarations are missing unless the module is declaration-bearing.
NumStability.Algorithms.TestMatrices.Higham28GaussianDirection,NumStability/Algorithms/TestMatrices/Higham28GaussianDirection.lean,Algorithms,0,true,false,true,Not in NumStability.All source-import closure; absence does not imply that declarations are missing unless the module is declaration-bearing.
NumStability.Algorithms.TestMatrices.Higham28GaussianOrthogonal,NumStability/Algorithms/TestMatrices/Higham28GaussianOrthogonal.lean,Algorithms,0,true,false,true,Not in NumStability.All source-import closure; absence does not imply that declarations are missing unless the module is declaration-bearing.
NumStability.Algorithms.TestMatrices.Higham28GaussianQRHaar,NumStability/Algorithms/TestMatrices/Higham28GaussianQRHaar.lean,Algorithms,0,true,false,true,Not in NumStability.All source-import closure; absence does not imply that declarations are missing unless the module is declaration-bearing.
NumStability.Algorithms.TestMatrices.Higham28Ginibre,NumStability/Algorithms/TestMatrices/Higham28Ginibre.lean,Algorithms,0,true,false,true,Not in NumStability.All source-import closure; absence does not imply that declarations are missing unless the module is declaration-bearing.
NumStability.Algorithms.TestMatrices.Higham28GinibreAbsoluteDetRecurrence,NumStability/Algorithms/TestMatrices/Higham28GinibreAbsoluteDetRecurrence.lean,Algorithms,0,true,false,true,Not in NumStability.All source-import closure; absence does not imply that declarations are missing unless the module is declaration-bearing.
NumStability.Algorithms.TestMatrices.Higham28GinibreAtlas,NumStability/Algorithms/TestMatrices/Higham28GinibreAtlas.lean,Algorithms,0,true,false,true,Not in NumStability.All source-import closure; absence does not imply that declarations are missing unless the module is declaration-bearing.
NumStability.Algorithms.TestMatrices.Higham28GinibreCharacteristicProduct,NumStability/Algorithms/TestMatrices/Higham28GinibreCharacteristicProduct.lean,Algorithms,0,true,false,true,Not in NumStability.All source-import closure; absence does not imply that declarations are missing unless the module is declaration-bearing.
NumStability.Algorithms.TestMatrices.Higham28GinibreComplexPairs,NumStability/Algorithms/TestMatrices/Higham28GinibreComplexPairs.lean,Algorithms,0,true,false,true,Not in NumStability.All source-import closure; absence does not imply that declarations are missing unless the module is declaration-bearing.
NumStability.Algorithms.TestMatrices.Higham28GinibreCorollary31Factor,NumStability/Algorithms/TestMatrices/Higham28GinibreCorollary31Factor.lean,Algorithms,0,true,false,true,Not in NumStability.All source-import closure; absence does not imply that declarations are missing unless the module is declaration-bearing.
NumStability.Algorithms.TestMatrices.Higham28GinibreDeterminantIntegral,NumStability/Algorithms/TestMatrices/Higham28GinibreDeterminantIntegral.lean,Algorithms,0,true,false,true,Not in NumStability.All source-import closure; absence does not imply that declarations are missing unless the module is declaration-bearing.
NumStability.Algorithms.TestMatrices.Higham28GinibreDeterminantMoment,NumStability/Algorithms/TestMatrices/Higham28GinibreDeterminantMoment.lean,Algorithms,0,true,false,true,Not in NumStability.All source-import closure; absence does not imply that declarations are missing unless the module is declaration-bearing.
NumStability.Algorithms.TestMatrices.Higham28GinibreDimensionTwo,NumStability/Algorithms/TestMatrices/Higham28GinibreDimensionTwo.lean,Algorithms,0,true,false,true,Not in NumStability.All source-import closure; absence does not imply that declarations are missing unless the module is declaration-bearing.
NumStability.Algorithms.TestMatrices.Higham28GinibreExpectationGlue,NumStability/Algorithms/TestMatrices/Higham28GinibreExpectationGlue.lean,Algorithms,0,true,false,true,Not in NumStability.All source-import closure; absence does not imply that declarations are missing unless the module is declaration-bearing.
NumStability.Algorithms.TestMatrices.Higham28GinibreFiniteFormula,NumStability/Algorithms/TestMatrices/Higham28GinibreFiniteFormula.lean,Algorithms,0,true,false,true,Not in NumStability.All source-import closure; absence does not imply that declarations are missing unless the module is declaration-bearing.
NumStability.Algorithms.TestMatrices.Higham28GinibreGaussianBridge,NumStability/Algorithms/TestMatrices/Higham28GinibreGaussianBridge.lean,Algorithms,0,true,false,true,Not in NumStability.All source-import closure; absence does not imply that declarations are missing unless the module is declaration-bearing.
NumStability.Algorithms.TestMatrices.Higham28GinibreIncidence,NumStability/Algorithms/TestMatrices/Higham28GinibreIncidence.lean,Algorithms,0,true,false,true,Not in NumStability.All source-import closure; absence does not imply that declarations are missing unless the module is declaration-bearing.
NumStability.Algorithms.TestMatrices.Higham28GinibreIntegral,NumStability/Algorithms/TestMatrices/Higham28GinibreIntegral.lean,Algorithms,0,true,false,true,Not in NumStability.All source-import closure; absence does not imply that declarations are missing unless the module is declaration-bearing.
NumStability.Algorithms.TestMatrices.Higham28GinibreJointDensity,NumStability/Algorithms/TestMatrices/Higham28GinibreJointDensity.lean,Algorithms,0,true,false,true,Not in NumStability.All source-import closure; absence does not imply that declarations are missing unless the module is declaration-bearing.
NumStability.Algorithms.TestMatrices.Higham28GinibreMeasure,NumStability/Algorithms/TestMatrices/Higham28GinibreMeasure.lean,Algorithms,0,true,false,true,Not in NumStability.All source-import closure; absence does not imply that declarations are missing unless the module is declaration-bearing.
NumStability.Algorithms.TestMatrices.Higham28GinibreMultiplicity,NumStability/Algorithms/TestMatrices/Higham28GinibreMultiplicity.lean,Algorithms,0,true,false,true,Not in NumStability.All source-import closure; absence does not imply that declarations are missing unless the module is declaration-bearing.
NumStability.Algorithms.TestMatrices.Higham28GinibreOrthogonalFiber,NumStability/Algorithms/TestMatrices/Higham28GinibreOrthogonalFiber.lean,Algorithms,0,true,false,true,Not in NumStability.All source-import closure; absence does not imply that declarations are missing unless the module is declaration-bearing.
NumStability.Algorithms.TestMatrices.Higham28GinibreParity,NumStability/Algorithms/TestMatrices/Higham28GinibreParity.lean,Algorithms,0,true,false,true,Not in NumStability.All source-import closure; absence does not imply that declarations are missing unless the module is declaration-bearing.
NumStability.Algorithms.TestMatrices.Higham28GinibrePlaneChart,NumStability/Algorithms/TestMatrices/Higham28GinibrePlaneChart.lean,Algorithms,0,true,false,true,Not in NumStability.All source-import closure; absence does not imply that declarations are missing unless the module is declaration-bearing.
NumStability.Algorithms.TestMatrices.Higham28GinibrePlaneIncidence,NumStability/Algorithms/TestMatrices/Higham28GinibrePlaneIncidence.lean,Algorithms,0,true,false,true,Not in NumStability.All source-import closure; absence does not imply that declarations are missing unless the module is declaration-bearing.
NumStability.Algorithms.TestMatrices.Higham28GinibrePlaneSylvester,NumStability/Algorithms/TestMatrices/Higham28GinibrePlaneSylvester.lean,Algorithms,0,true,false,true,Not in NumStability.All source-import closure; absence does not imply that declarations are missing unless the module is declaration-bearing.
NumStability.Algorithms.TestMatrices.Higham28GinibreProjectiveIntegral,NumStability/Algorithms/TestMatrices/Higham28GinibreProjectiveIntegral.lean,Algorithms,0,true,false,true,Not in NumStability.All source-import closure; absence does not imply that declarations are missing unless the module is declaration-bearing.
NumStability.Algorithms.TestMatrices.Higham28GinibreRecurrence,NumStability/Algorithms/TestMatrices/Higham28GinibreRecurrence.lean,Algorithms,0,true,false,true,Not in NumStability.All source-import closure; absence does not imply that declarations are missing unless the module is declaration-bearing.
NumStability.Algorithms.TestMatrices.Higham28GinibreRoots,NumStability/Algorithms/TestMatrices/Higham28GinibreRoots.lean,Algorithms,0,true,false,true,Not in NumStability.All source-import closure; absence does not imply that declarations are missing unless the module is declaration-bearing.
NumStability.Algorithms.TestMatrices.Higham28GinibreSignedConclusion,NumStability/Algorithms/TestMatrices/Higham28GinibreSignedConclusion.lean,Algorithms,0,true,false,true,Not in NumStability.All source-import closure; absence does not imply that declarations are missing unless the module is declaration-bearing.
NumStability.Algorithms.TestMatrices.Higham28GinibreSignedExpectation,NumStability/Algorithms/TestMatrices/Higham28GinibreSignedExpectation.lean,Algorithms,0,true,false,true,Not in NumStability.All source-import closure; absence does not imply that declarations are missing unless the module is declaration-bearing.
NumStability.Algorithms.TestMatrices.Higham28GinibreSignedGaussian,NumStability/Algorithms/TestMatrices/Higham28GinibreSignedGaussian.lean,Algorithms,0,true,false,true,Not in NumStability.All source-import closure; absence does not imply that declarations are missing unless the module is declaration-bearing.
NumStability.Algorithms.TestMatrices.Higham28GinibreSignedIncidence,NumStability/Algorithms/TestMatrices/Higham28GinibreSignedIncidence.lean,Algorithms,0,true,false,true,Not in NumStability.All source-import closure; absence does not imply that declarations are missing unless the module is declaration-bearing.
NumStability.Algorithms.TestMatrices.Higham28GinibreSignedIncidenceAlgebra,NumStability/Algorithms/TestMatrices/Higham28GinibreSignedIncidenceAlgebra.lean,Algorithms,0,true,false,true,Not in NumStability.All source-import closure; absence does not imply that declarations are missing unless the module is declaration-bearing.
NumStability.Algorithms.TestMatrices.Higham28GinibreSignedKernel,NumStability/Algorithms/TestMatrices/Higham28GinibreSignedKernel.lean,Algorithms,0,true,false,true,Not in NumStability.All source-import closure; absence does not imply that declarations are missing unless the module is declaration-bearing.
NumStability.Algorithms.TestMatrices.Higham28GinibreSignedRank,NumStability/Algorithms/TestMatrices/Higham28GinibreSignedRank.lean,Algorithms,0,true,false,true,Not in NumStability.All source-import closure; absence does not imply that declarations are missing unless the module is declaration-bearing.
NumStability.Algorithms.TestMatrices.Higham28GinibreSignedRankTransfer,NumStability/Algorithms/TestMatrices/Higham28GinibreSignedRankTransfer.lean,Algorithms,0,true,false,true,Not in NumStability.All source-import closure; absence does not imply that declarations are missing unless the module is declaration-bearing.
NumStability.Algorithms.TestMatrices.Higham28GinibreSignedScalar,NumStability/Algorithms/TestMatrices/Higham28GinibreSignedScalar.lean,Algorithms,0,true,false,true,Not in NumStability.All source-import closure; absence does not imply that declarations are missing unless the module is declaration-bearing.
NumStability.Algorithms.TestMatrices.Higham28GinibreTraceDensity,NumStability/Algorithms/TestMatrices/Higham28GinibreTraceDensity.lean,Algorithms,0,true,false,true,Not in NumStability.All source-import closure; absence does not imply that declarations are missing unless the module is declaration-bearing.
NumStability.Algorithms.TestMatrices.Higham28GinibreTruncatedIncidence,NumStability/Algorithms/TestMatrices/Higham28GinibreTruncatedIncidence.lean,Algorithms,0,true,false,true,Not in NumStability.All source-import closure; absence does not imply that declarations are missing unless the module is declaration-bearing.
NumStability.Algorithms.TestMatrices.Higham28HaarFibers,NumStability/Algorithms/TestMatrices/Higham28HaarFibers.lean,Algorithms,0,true,false,true,Not in NumStability.All source-import closure; absence does not imply that declarations are missing unless the module is declaration-bearing.
NumStability.Algorithms.TestMatrices.Higham28HilbertAsymptotic,NumStability/Algorithms/TestMatrices/Higham28HilbertAsymptotic.lean,Algorithms,0,true,false,true,Not in NumStability.All source-import closure; absence does not imply that declarations are missing unless the module is declaration-bearing.
NumStability.Algorithms.TestMatrices.Higham28HilbertCondition,NumStability/Algorithms/TestMatrices/Higham28HilbertCondition.lean,Algorithms,0,true,false,true,Not in NumStability.All source-import closure; absence does not imply that declarations are missing unless the module is declaration-bearing.
NumStability.Algorithms.TestMatrices.Higham28HilbertRatioDiscrepancy,NumStability/Algorithms/TestMatrices/Higham28HilbertRatioDiscrepancy.lean,Algorithms,0,true,false,true,Not in NumStability.All source-import closure; absence does not imply that declarations are missing unless the module is declaration-bearing.
NumStability.Algorithms.TestMatrices.Higham28Moments,NumStability/Algorithms/TestMatrices/Higham28Moments.lean,Algorithms,0,true,false,true,Not in NumStability.All source-import closure; absence does not imply that declarations are missing unless the module is declaration-bearing.
NumStability.Algorithms.TestMatrices.Higham28OrthogonalCoordinates,NumStability/Algorithms/TestMatrices/Higham28OrthogonalCoordinates.lean,Algorithms,0,true,false,true,Not in NumStability.All source-import closure; absence does not imply that declarations are missing unless the module is declaration-bearing.
NumStability.Algorithms.TestMatrices.Higham28OrthogonalFibers,NumStability/Algorithms/TestMatrices/Higham28OrthogonalFibers.lean,Algorithms,0,true,false,true,Not in NumStability.All source-import closure; absence does not imply that declarations are missing unless the module is declaration-bearing.
NumStability.Algorithms.TestMatrices.Higham28OrthogonalHaar,NumStability/Algorithms/TestMatrices/Higham28OrthogonalHaar.lean,Algorithms,0,true,false,true,Not in NumStability.All source-import closure; absence does not imply that declarations are missing unless the module is declaration-bearing.
NumStability.Algorithms.TestMatrices.Higham28OrthogonalSphere,NumStability/Algorithms/TestMatrices/Higham28OrthogonalSphere.lean,Algorithms,0,true,false,true,Not in NumStability.All source-import closure; absence does not imply that declarations are missing unless the module is declaration-bearing.
NumStability.Algorithms.TestMatrices.Higham28Pascal,NumStability/Algorithms/TestMatrices/Higham28Pascal.lean,Algorithms,0,true,false,true,Not in NumStability.All source-import closure; absence does not imply that declarations are missing unless the module is declaration-bearing.
NumStability.Algorithms.TestMatrices.Higham28PascalCondition,NumStability/Algorithms/TestMatrices/Higham28PascalCondition.lean,Algorithms,0,true,false,true,Not in NumStability.All source-import closure; absence does not imply that declarations are missing unless the module is declaration-bearing.
NumStability.Algorithms.TestMatrices.Higham28PascalDualFlag,NumStability/Algorithms/TestMatrices/Higham28PascalDualFlag.lean,Algorithms,0,true,false,true,Not in NumStability.All source-import closure; absence does not imply that declarations are missing unless the module is declaration-bearing.
NumStability.Algorithms.TestMatrices.Higham28PascalOscillation,NumStability/Algorithms/TestMatrices/Higham28PascalOscillation.lean,Algorithms,0,true,false,true,Not in NumStability.All source-import closure; absence does not imply that declarations are missing unless the module is declaration-bearing.
NumStability.Algorithms.TestMatrices.Higham28PascalOscillationCore,NumStability/Algorithms/TestMatrices/Higham28PascalOscillationCore.lean,Algorithms,0,true,false,true,Not in NumStability.All source-import closure; absence does not imply that declarations are missing unless the module is declaration-bearing.
NumStability.Algorithms.TestMatrices.Higham28PascalOscillationExact,NumStability/Algorithms/TestMatrices/Higham28PascalOscillationExact.lean,Algorithms,0,true,false,true,Not in NumStability.All source-import closure; absence does not imply that declarations are missing unless the module is declaration-bearing.
NumStability.Algorithms.TestMatrices.Higham28PascalSpectral,NumStability/Algorithms/TestMatrices/Higham28PascalSpectral.lean,Algorithms,0,true,false,true,Not in NumStability.All source-import closure; absence does not imply that declarations are missing unless the module is declaration-bearing.
NumStability.Algorithms.TestMatrices.Higham28PascalTotalPositivity,NumStability/Algorithms/TestMatrices/Higham28PascalTotalPositivity.lean,Algorithms,0,true,false,true,Not in NumStability.All source-import closure; absence does not imply that declarations are missing unless the module is declaration-bearing.
NumStability.Algorithms.TestMatrices.Higham28Probability,NumStability/Algorithms/TestMatrices/Higham28Probability.lean,Algorithms,0,true,false,true,Not in NumStability.All source-import closure; absence does not imply that declarations are missing unless the module is declaration-bearing.
NumStability.Algorithms.TestMatrices.Higham28RandsvdNorm,NumStability/Algorithms/TestMatrices/Higham28RandsvdNorm.lean,Algorithms,0,true,false,true,Not in NumStability.All source-import closure; absence does not imply that declarations are missing unless the module is declaration-bearing.
NumStability.Algorithms.TestMatrices.Higham28ReciprocalSPD,NumStability/Algorithms/TestMatrices/Higham28ReciprocalSPD.lean,Algorithms,0,true,false,true,Not in NumStability.All source-import closure; absence does not imply that declarations are missing unless the module is declaration-bearing.
NumStability.Algorithms.TestMatrices.Higham28ShiftedHilbert,NumStability/Algorithms/TestMatrices/Higham28ShiftedHilbert.lean,Algorithms,0,true,false,true,Not in NumStability.All source-import closure; absence does not imply that declarations are missing unless the module is declaration-bearing.
NumStability.Algorithms.TestMatrices.Higham28Stewart,NumStability/Algorithms/TestMatrices/Higham28Stewart.lean,Algorithms,0,true,false,true,Not in NumStability.All source-import closure; absence does not imply that declarations are missing unless the module is declaration-bearing.
NumStability.Algorithms.TestMatrices.Higham28StewartHaar,NumStability/Algorithms/TestMatrices/Higham28StewartHaar.lean,Algorithms,0,true,false,true,Not in NumStability.All source-import closure; absence does not imply that declarations are missing unless the module is declaration-bearing.
NumStability.Algorithms.TestMatrices.Higham28StewartRawFiber,NumStability/Algorithms/TestMatrices/Higham28StewartRawFiber.lean,Algorithms,0,true,false,true,Not in NumStability.All source-import closure; absence does not imply that declarations are missing unless the module is declaration-bearing.
NumStability.Algorithms.TestMatrices.Higham28StewartRecursion,NumStability/Algorithms/TestMatrices/Higham28StewartRecursion.lean,Algorithms,0,true,false,true,Not in NumStability.All source-import closure; absence does not imply that declarations are missing unless the module is declaration-bearing.
NumStability.Algorithms.TestMatrices.Higham28ToeplitzCondition,NumStability/Algorithms/TestMatrices/Higham28ToeplitzCondition.lean,Algorithms,0,true,false,true,Not in NumStability.All source-import closure; absence does not imply that declarations are missing unless the module is declaration-bearing.
NumStability.Algorithms.TestMatrices.Higham28ToeplitzGeneral,NumStability/Algorithms/TestMatrices/Higham28ToeplitzGeneral.lean,Algorithms,0,true,false,true,Not in NumStability.All source-import closure; absence does not imply that declarations are missing unless the module is declaration-bearing.
NumStability.Algorithms.TestMatrices.Higham28ToeplitzSpectrum,NumStability/Algorithms/TestMatrices/Higham28ToeplitzSpectrum.lean,Algorithms,0,true,false,true,Not in NumStability.All source-import closure; absence does not imply that declarations are missing unless the module is declaration-bearing.
NumStability.Algorithms.TriangularArbitraryOrder,NumStability/Algorithms/TriangularArbitraryOrder.lean,Algorithms,0,true,true,false,Not in NumStability.All source-import closure; absence does not imply that declarations are missing unless the module is declaration-bearing.
NumStability.Algorithms.TriangularForwardBound,NumStability/Algorithms/TriangularForwardBound.lean,Algorithms,0,true,false,false,Not in NumStability.All source-import closure; absence does not imply that declarations are missing unless the module is declaration-bearing.
NumStability.Algorithms.TriangularForwardComparison,NumStability/Algorithms/TriangularForwardComparison.lean,Algorithms,0,true,false,false,Not in NumStability.All source-import closure; absence does not imply that declarations are missing unless the module is declaration-bearing.
NumStability.Algorithms.TriangularNoGuard,NumStability/Algorithms/TriangularNoGuard.lean,Algorithms,0,true,true,false,Not in NumStability.All source-import closure; absence does not imply that declarations are missing unless the module is declaration-bearing.
NumStability.Algorithms.TriangularSolve,NumStability/Algorithms/TriangularSolve.lean,Algorithms,0,true,false,false,Not in NumStability.All source-import closure; absence does not imply that declarations are missing unless the module is declaration-bearing.
NumStability.Algorithms.TriangularSolveCombined,NumStability/Algorithms/TriangularSolveCombined.lean,Algorithms,0,true,false,true,Not in NumStability.All source-import closure; absence does not imply that declarations are missing unless the module is declaration-bearing.
NumStability.Algorithms.Underdetermined.Higham21,NumStability/Algorithms/Underdetermined/Higham21.lean,Algorithms,0,true,false,false,Not in NumStability.All source-import closure; absence does not imply that declarations are missing unless the module is declaration-bearing.
NumStability.Algorithms.Underdetermined.Higham21Attainability,NumStability/Algorithms/Underdetermined/Higham21Attainability.lean,Algorithms,0,true,false,true,Not in NumStability.All source-import closure; absence does not imply that declarations are missing unless the module is declaration-bearing.
NumStability.Algorithms.Underdetermined.Higham21Condition,NumStability/Algorithms/Underdetermined/Higham21Condition.lean,Algorithms,0,true,false,true,Not in NumStability.All source-import closure; absence does not imply that declarations are missing unless the module is declaration-bearing.
NumStability.Algorithms.Underdetermined.Higham21Eq21_11Uniform,NumStability/Algorithms/Underdetermined/Higham21Eq21_11Uniform.lean,Algorithms,0,true,false,true,Not in NumStability.All source-import closure; absence does not imply that declarations are missing unless the module is declaration-bearing.
NumStability.Algorithms.Underdetermined.Higham21Eq21_8,NumStability/Algorithms/Underdetermined/Higham21Eq21_8.lean,Algorithms,0,true,false,true,Not in NumStability.All source-import closure; absence does not imply that declarations are missing unless the module is declaration-bearing.
NumStability.Algorithms.Underdetermined.Higham21Eq21_9,NumStability/Algorithms/Underdetermined/Higham21Eq21_9.lean,Algorithms,0,true,false,true,Not in NumStability.All source-import closure; absence does not imply that declarations are missing unless the module is declaration-bearing.
NumStability.Algorithms.Underdetermined.Higham21Equation21_11,NumStability/Algorithms/Underdetermined/Higham21Equation21_11.lean,Algorithms,0,true,false,true,Not in NumStability.All source-import closure; absence does not imply that declarations are missing unless the module is declaration-bearing.
NumStability.Algorithms.Underdetermined.Higham21Equation21_11Scalar,NumStability/Algorithms/Underdetermined/Higham21Equation21_11Scalar.lean,Algorithms,0,true,false,true,Not in NumStability.All source-import closure; absence does not imply that declarations are missing unless the module is declaration-bearing.
NumStability.Algorithms.Underdetermined.Higham21Givens,NumStability/Algorithms/Underdetermined/Higham21Givens.lean,Algorithms,0,true,false,false,Not in NumStability.All source-import closure; absence does not imply that declarations are missing unless the module is declaration-bearing.
NumStability.Algorithms.Underdetermined.Higham21GivensClosure,NumStability/Algorithms/Underdetermined/Higham21GivensClosure.lean,Algorithms,0,true,false,true,Not in NumStability.All source-import closure; absence does not imply that declarations are missing unless the module is declaration-bearing.
NumStability.Algorithms.Underdetermined.Higham21GivensRounded,NumStability/Algorithms/Underdetermined/Higham21GivensRounded.lean,Algorithms,0,true,false,true,Not in NumStability.All source-import closure; absence does not imply that declarations are missing unless the module is declaration-bearing.
NumStability.Algorithms.Underdetermined.Higham21MGS,NumStability/Algorithms/Underdetermined/Higham21MGS.lean,Algorithms,0,true,false,false,Not in NumStability.All source-import closure; absence does not imply that declarations are missing unless the module is declaration-bearing.
NumStability.Algorithms.Underdetermined.Higham21MGSRounded,NumStability/Algorithms/Underdetermined/Higham21MGSRounded.lean,Algorithms,0,true,false,true,Not in NumStability.All source-import closure; absence does not imply that declarations are missing unless the module is declaration-bearing.
NumStability.Algorithms.Underdetermined.Higham21Perturbation,NumStability/Algorithms/Underdetermined/Higham21Perturbation.lean,Algorithms,0,true,false,true,Not in NumStability.All source-import closure; absence does not imply that declarations are missing unless the module is declaration-bearing.
NumStability.Algorithms.Underdetermined.Higham21PerturbationRadius,NumStability/Algorithms/Underdetermined/Higham21PerturbationRadius.lean,Algorithms,0,true,false,true,Not in NumStability.All source-import closure; absence does not imply that declarations are missing unless the module is declaration-bearing.
NumStability.Algorithms.Underdetermined.Higham21ProjectorNorm,NumStability/Algorithms/Underdetermined/Higham21ProjectorNorm.lean,Algorithms,0,true,false,false,Not in NumStability.All source-import closure; absence does not imply that declarations are missing unless the module is declaration-bearing.
NumStability.Algorithms.Underdetermined.Higham21QRFoundations,NumStability/Algorithms/Underdetermined/Higham21QRFoundations.lean,Algorithms,0,true,false,false,Not in NumStability.All source-import closure; absence does not imply that declarations are missing unless the module is declaration-bearing.
NumStability.Algorithms.Underdetermined.Higham21RankStability,NumStability/Algorithms/Underdetermined/Higham21RankStability.lean,Algorithms,0,true,false,false,Not in NumStability.All source-import closure; absence does not imply that declarations are missing unless the module is declaration-bearing.
NumStability.Algorithms.Underdetermined.Higham21RowwiseMeasure,NumStability/Algorithms/Underdetermined/Higham21RowwiseMeasure.lean,Algorithms,0,true,false,true,Not in NumStability.All source-import closure; absence does not imply that declarations are missing unless the module is declaration-bearing.
NumStability.Algorithms.Underdetermined.Higham21SNEActualOutput,NumStability/Algorithms/Underdetermined/Higham21SNEActualOutput.lean,Algorithms,0,true,false,false,Not in NumStability.All source-import closure; absence does not imply that declarations are missing unless the module is declaration-bearing.
NumStability.Algorithms.Underdetermined.Higham21SNEClosure,NumStability/Algorithms/Underdetermined/Higham21SNEClosure.lean,Algorithms,0,true,false,true,Not in NumStability.All source-import closure; absence does not imply that declarations are missing unless the module is declaration-bearing.
NumStability.Algorithms.Underdetermined.Higham21SNEConditionTransfer,NumStability/Algorithms/Underdetermined/Higham21SNEConditionTransfer.lean,Algorithms,0,true,false,true,Not in NumStability.All source-import closure; absence does not imply that declarations are missing unless the module is declaration-bearing.
NumStability.Algorithms.Underdetermined.Higham21SNEEnvelopeTransfer,NumStability/Algorithms/Underdetermined/Higham21SNEEnvelopeTransfer.lean,Algorithms,0,true,false,false,Not in NumStability.All source-import closure; absence does not imply that declarations are missing unless the module is declaration-bearing.
NumStability.Algorithms.Underdetermined.Higham21SNEForward,NumStability/Algorithms/Underdetermined/Higham21SNEForward.lean,Algorithms,0,true,false,false,Not in NumStability.All source-import closure; absence does not imply that declarations are missing unless the module is declaration-bearing.
NumStability.Algorithms.Underdetermined.Higham21SNEQRMajorant,NumStability/Algorithms/Underdetermined/Higham21SNEQRMajorant.lean,Algorithms,0,true,false,false,Not in NumStability.All source-import closure; absence does not imply that declarations are missing unless the module is declaration-bearing.
NumStability.Algorithms.Underdetermined.Higham21SNERemainderBounds,NumStability/Algorithms/Underdetermined/Higham21SNERemainderBounds.lean,Algorithms,0,true,false,false,Not in NumStability.All source-import closure; absence does not imply that declarations are missing unless the module is declaration-bearing.
NumStability.Algorithms.Underdetermined.Higham21SNESigned,NumStability/Algorithms/Underdetermined/Higham21SNESigned.lean,Algorithms,0,true,false,false,Not in NumStability.All source-import closure; absence does not imply that declarations are missing unless the module is declaration-bearing.
NumStability.Algorithms.Underdetermined.Higham21SNEUniform,NumStability/Algorithms/Underdetermined/Higham21SNEUniform.lean,Algorithms,0,true,false,true,Not in NumStability.All source-import closure; absence does not imply that declarations are missing unless the module is declaration-bearing.
NumStability.Algorithms.Underdetermined.Higham21Theorem214SourceClosure,NumStability/Algorithms/Underdetermined/Higham21Theorem214SourceClosure.lean,Algorithms,0,true,false,true,Not in NumStability.All source-import closure; absence does not imply that declarations are missing unless the module is declaration-bearing.
NumStability.Algorithms.Underdetermined.Higham21Theorem21_3Attainment,NumStability/Algorithms/Underdetermined/Higham21Theorem21_3Attainment.lean,Algorithms,0,true,false,true,Not in NumStability.All source-import closure; absence does not imply that declarations are missing unless the module is declaration-bearing.
NumStability.Algorithms.Underdetermined.UnderdeterminedSolve,NumStability/Algorithms/Underdetermined/UnderdeterminedSolve.lean,Algorithms,0,true,false,true,Not in NumStability.All source-import closure; absence does not imply that declarations are missing unless the module is declaration-bearing.
NumStability.Algorithms.Underdetermined.UnderdeterminedSpec,NumStability/Algorithms/Underdetermined/UnderdeterminedSpec.lean,Algorithms,0,true,false,false,Not in NumStability.All source-import closure; absence does not imply that declarations are missing unless the module is declaration-bearing.
NumStability.Algorithms.Vandermonde.Higham22,NumStability/Algorithms/Vandermonde/Higham22.lean,Algorithms,0,true,false,true,Not in NumStability.All source-import closure; absence does not imply that declarations are missing unless the module is declaration-bearing.
NumStability.Algorithms.Vandermonde.Higham22Ch12RefinementBridge,NumStability/Algorithms/Vandermonde/Higham22Ch12RefinementBridge.lean,Algorithms,0,true,false,true,Not in NumStability.All source-import closure; absence does not imply that declarations are missing unless the module is declaration-bearing.
NumStability.Algorithms.Vandermonde.Higham22ComplexConfluentRefinementBridge,NumStability/Algorithms/Vandermonde/Higham22ComplexConfluentRefinementBridge.lean,Algorithms,0,true,false,true,Not in NumStability.All source-import closure; absence does not imply that declarations are missing unless the module is declaration-bearing.
NumStability.Algorithms.Vandermonde.Higham22MonomialClosure,NumStability/Algorithms/Vandermonde/Higham22MonomialClosure.lean,Algorithms,0,true,false,true,Not in NumStability.All source-import closure; absence does not imply that declarations are missing unless the module is declaration-bearing.
NumStability.Algorithms.Vandermonde.Higham22Problem22_7,NumStability/Algorithms/Vandermonde/Higham22Problem22_7.lean,Algorithms,0,true,false,true,Not in NumStability.All source-import closure; absence does not imply that declarations are missing unless the module is declaration-bearing.
NumStability.Algorithms.WilkinsonAttainability,NumStability/Algorithms/WilkinsonAttainability.lean,Algorithms,0,true,false,true,Not in NumStability.All source-import closure; absence does not imply that declarations are missing unless the module is declaration-bearing.
NumStability.Analysis.Accumulation,NumStability/Analysis/Accumulation.lean,Analysis,0,true,false,true,Not in NumStability.All source-import closure; absence does not imply that declarations are missing unless the module is declaration-bearing.
NumStability.Analysis.AccuracyTests,NumStability/Analysis/AccuracyTests.lean,Analysis,0,true,false,true,Not in NumStability.All source-import closure; absence does not imply that declarations are missing unless the module is declaration-bearing.
NumStability.Analysis.BergerGeneral,NumStability/Analysis/BergerGeneral.lean,Analysis,0,true,false,true,Not in NumStability.All source-import closure; absence does not imply that declarations are missing unless the module is declaration-bearing.
NumStability.Analysis.BergerInequality,NumStability/Analysis/BergerInequality.lean,Analysis,0,true,true,true,Not in NumStability.All source-import closure; absence does not imply that declarations are missing unless the module is declaration-bearing.
NumStability.Analysis.BergerResolvent,NumStability/Analysis/BergerResolvent.lean,Analysis,0,true,false,true,Not in NumStability.All source-import closure; absence does not imply that declarations are missing unless the module is declaration-bearing.
NumStability.Analysis.CStarMatrices.Basic.RealMatrixBridge,NumStability/Analysis/CStarMatrices/Basic/RealMatrixBridge.lean,Analysis,0,true,false,true,Not in NumStability.All source-import closure; absence does not imply that declarations are missing unless the module is declaration-bearing.
NumStability.Analysis.CStarMatrixBridge,NumStability/Analysis/CStarMatrixBridge.lean,Analysis,0,true,false,true,Not in NumStability.All source-import closure; absence does not imply that declarations are missing unless the module is declaration-bearing.
NumStability.Analysis.CalculatorWords,NumStability/Analysis/CalculatorWords.lean,Analysis,0,true,false,true,Not in NumStability.All source-import closure; absence does not imply that declarations are missing unless the module is declaration-bearing.
NumStability.Analysis.CancellationOfRoundingErrors,NumStability/Analysis/CancellationOfRoundingErrors.lean,Analysis,0,true,false,true,Not in NumStability.All source-import closure; absence does not imply that declarations are missing unless the module is declaration-bearing.
NumStability.Analysis.Ch17SemiconvergentBlockFormSourceClosure,NumStability/Analysis/Ch17SemiconvergentBlockFormSourceClosure.lean,Analysis,0,true,false,true,Not in NumStability.All source-import closure; absence does not imply that declarations are missing unless the module is declaration-bearing.
NumStability.Analysis.Counting,NumStability/Analysis/Counting.lean,Analysis,0,true,false,true,Not in NumStability.All source-import closure; absence does not imply that declarations are missing unless the module is declaration-bearing.
NumStability.Analysis.CramersRule,NumStability/Analysis/CramersRule.lean,Analysis,0,true,true,false,Not in NumStability.All source-import closure; absence does not imply that declarations are missing unless the module is declaration-bearing.
NumStability.Analysis.DoubleRounding,NumStability/Analysis/DoubleRounding.lean,Analysis,0,true,false,true,Not in NumStability.All source-import closure; absence does not imply that declarations are missing unless the module is declaration-bearing.
NumStability.Analysis.DunfordResidue,NumStability/Analysis/DunfordResidue.lean,Analysis,0,true,false,true,Not in NumStability.All source-import closure; absence does not imply that declarations are missing unless the module is declaration-bearing.
NumStability.Analysis.Error,NumStability/Analysis/Error.lean,Analysis,0,true,true,false,Not in NumStability.All source-import closure; absence does not imply that declarations are missing unless the module is declaration-bearing.
NumStability.Analysis.FloatingPointArithmetic,NumStability/Analysis/FloatingPointArithmetic.lean,Analysis,0,true,false,true,Not in NumStability.All source-import closure; absence does not imply that declarations are missing unless the module is declaration-bearing.
NumStability.Analysis.FusedMultiplyAdd,NumStability/Analysis/FusedMultiplyAdd.lean,Analysis,0,true,true,false,Not in NumStability.All source-import closure; absence does not imply that declarations are missing unless the module is declaration-bearing.
NumStability.Analysis.HenriciExtremal,NumStability/Analysis/HenriciExtremal.lean,Analysis,0,true,false,true,Not in NumStability.All source-import closure; absence does not imply that declarations are missing unless the module is declaration-bearing.
NumStability.Analysis.HenriciSharpConstant,NumStability/Analysis/HenriciSharpConstant.lean,Analysis,0,true,false,true,Not in NumStability.All source-import closure; absence does not imply that declarations are missing unless the module is declaration-bearing.
NumStability.Analysis.HenriciSharpConstantExact,NumStability/Analysis/HenriciSharpConstantExact.lean,Analysis,0,true,false,true,Not in NumStability.All source-import closure; absence does not imply that declarations are missing unless the module is declaration-bearing.
NumStability.Analysis.Higham6Asides,NumStability/Analysis/Higham6Asides.lean,Analysis,0,true,false,true,Not in NumStability.All source-import closure; absence does not imply that declarations are missing unless the module is declaration-bearing.
NumStability.Analysis.Higham6BlockAntidiag,NumStability/Analysis/Higham6BlockAntidiag.lean,Analysis,0,true,false,true,Not in NumStability.All source-import closure; absence does not imply that declarations are missing unless the module is declaration-bearing.
NumStability.Analysis.HighamChapter2ElementaryFunctions,NumStability/Analysis/HighamChapter2ElementaryFunctions.lean,Analysis,0,true,false,true,Not in NumStability.All source-import closure; absence does not imply that declarations are missing unless the module is declaration-bearing.
NumStability.Analysis.HighamChapter2FmaDiscriminant,NumStability/Analysis/HighamChapter2FmaDiscriminant.lean,Analysis,0,true,false,true,Not in NumStability.All source-import closure; absence does not imply that declarations are missing unless the module is declaration-bearing.
NumStability.Analysis.HighamChapter2GradualUnderflowExact,NumStability/Analysis/HighamChapter2GradualUnderflowExact.lean,Analysis,0,true,false,true,Not in NumStability.All source-import closure; absence does not imply that declarations are missing unless the module is declaration-bearing.
NumStability.Analysis.HighamChapter2Lindemann,NumStability/Analysis/HighamChapter2Lindemann.lean,Analysis,0,true,false,true,Not in NumStability.All source-import closure; absence does not imply that declarations are missing unless the module is declaration-bearing.
NumStability.Analysis.HighamChapter2PowerLeadingDigits,NumStability/Analysis/HighamChapter2PowerLeadingDigits.lean,Analysis,0,true,false,true,Not in NumStability.All source-import closure; absence does not imply that declarations are missing unless the module is declaration-bearing.
NumStability.Analysis.HighamChapter2Tablemaker,NumStability/Analysis/HighamChapter2Tablemaker.lean,Analysis,0,true,false,true,Not in NumStability.All source-import closure; absence does not imply that declarations are missing unless the module is declaration-bearing.
NumStability.Analysis.HighamChapter6Duality,NumStability/Analysis/HighamChapter6Duality.lean,Analysis,0,true,false,true,Not in NumStability.All source-import closure; absence does not imply that declarations are missing unless the module is declaration-bearing.
NumStability.Analysis.HighamChapter7,NumStability/Analysis/HighamChapter7.lean,Analysis,0,true,false,true,Not in NumStability.All source-import closure; absence does not imply that declarations are missing unless the module is declaration-bearing.
NumStability.Analysis.HighamChapter7Rectangular,NumStability/Analysis/HighamChapter7Rectangular.lean,Analysis,0,true,false,true,Not in NumStability.All source-import closure; absence does not imply that declarations are missing unless the module is declaration-bearing.
NumStability.Analysis.IncreasingPrecision,NumStability/Analysis/IncreasingPrecision.lean,Analysis,0,true,false,true,Not in NumStability.All source-import closure; absence does not imply that declarations are missing unless the module is declaration-bearing.
NumStability.Analysis.InstabilityWithoutCancellation,NumStability/Analysis/InstabilityWithoutCancellation.lean,Analysis,0,true,false,true,Not in NumStability.All source-import closure; absence does not imply that declarations are missing unless the module is declaration-bearing.
NumStability.Analysis.InverseOpNorm2,NumStability/Analysis/InverseOpNorm2.lean,Analysis,0,true,false,false,Not in NumStability.All source-import closure; absence does not imply that declarations are missing unless the module is declaration-bearing.
NumStability.Analysis.JordanNormalForm,NumStability/Analysis/JordanNormalForm.lean,Analysis,0,true,false,true,Not in NumStability.All source-import closure; absence does not imply that declarations are missing unless the module is declaration-bearing.
NumStability.Analysis.LeadingDigitDistribution,NumStability/Analysis/LeadingDigitDistribution.lean,Analysis,0,true,false,true,Not in NumStability.All source-import closure; absence does not imply that declarations are missing unless the module is declaration-bearing.
NumStability.Analysis.LinearOperators.MatrixPowers.Spijker.KreissBridge,NumStability/Analysis/LinearOperators/MatrixPowers/Spijker/KreissBridge.lean,Analysis,0,true,false,true,Not in NumStability.All source-import closure; absence does not imply that declarations are missing unless the module is declaration-bearing.
NumStability.Analysis.LinearOperators.NumericalRadius.Berger.Internal.HermitianEuclideanSpaceNotation,NumStability/Analysis/LinearOperators/NumericalRadius/Berger/Internal/HermitianEuclideanSpaceNotation.lean,Analysis,0,true,true,false,Not in NumStability.All source-import closure; absence does not imply that declarations are missing unless the module is declaration-bearing.
NumStability.Analysis.LinearOperators.NumericalRadius.Core.Internal.EuclideanSpaceNotation,NumStability/Analysis/LinearOperators/NumericalRadius/Core/Internal/EuclideanSpaceNotation.lean,Analysis,0,true,true,false,Not in NumStability.All source-import closure; absence does not imply that declarations are missing unless the module is declaration-bearing.
NumStability.Analysis.LinearOperators.Pseudospectra.Resolvent.Internal.ScalarNotation,NumStability/Analysis/LinearOperators/Pseudospectra/Resolvent/Internal/ScalarNotation.lean,Analysis,0,true,true,false,Not in NumStability.All source-import closure; absence does not imply that declarations are missing unless the module is declaration-bearing.
NumStability.Analysis.MatrixPowersBaiDemmelGu,NumStability/Analysis/MatrixPowersBaiDemmelGu.lean,Analysis,0,true,false,true,Not in NumStability.All source-import closure; absence does not imply that declarations are missing unless the module is declaration-bearing.
NumStability.Analysis.MatrixPowersBaiDemmelGuDistance,NumStability/Analysis/MatrixPowersBaiDemmelGuDistance.lean,Analysis,0,true,false,true,Not in NumStability.All source-import closure; absence does not imply that declarations are missing unless the module is declaration-bearing.
NumStability.Analysis.MatrixPowersBinomialBound,NumStability/Analysis/MatrixPowersBinomialBound.lean,Analysis,0,true,false,true,Not in NumStability.All source-import closure; absence does not imply that declarations are missing unless the module is declaration-bearing.
NumStability.Analysis.MatrixPowersGautschi,NumStability/Analysis/MatrixPowersGautschi.lean,Analysis,0,true,false,true,Not in NumStability.All source-import closure; absence does not imply that declarations are missing unless the module is declaration-bearing.
NumStability.Analysis.MatrixPowersHenrici,NumStability/Analysis/MatrixPowersHenrici.lean,Analysis,0,true,false,true,Not in NumStability.All source-import closure; absence does not imply that declarations are missing unless the module is declaration-bearing.
NumStability.Analysis.MatrixPowersHenriciNormal,NumStability/Analysis/MatrixPowersHenriciNormal.lean,Analysis,0,true,false,true,Not in NumStability.All source-import closure; absence does not imply that declarations are missing unless the module is declaration-bearing.
NumStability.Analysis.MatrixPowersKreiss,NumStability/Analysis/MatrixPowersKreiss.lean,Analysis,0,true,false,true,Not in NumStability.All source-import closure; absence does not imply that declarations are missing unless the module is declaration-bearing.
NumStability.Analysis.MatrixPowersKreissSpijker,NumStability/Analysis/MatrixPowersKreissSpijker.lean,Analysis,0,true,false,true,Not in NumStability.All source-import closure; absence does not imply that declarations are missing unless the module is declaration-bearing.
NumStability.Analysis.MatrixPowersLaszlo,NumStability/Analysis/MatrixPowersLaszlo.lean,Analysis,0,true,false,true,Not in NumStability.All source-import closure; absence does not imply that declarations are missing unless the module is declaration-bearing.
NumStability.Analysis.MatrixPowersLp185Primary,NumStability/Analysis/MatrixPowersLp185Primary.lean,Analysis,0,true,false,true,Not in NumStability.All source-import closure; absence does not imply that declarations are missing unless the module is declaration-bearing.
NumStability.Analysis.MatrixPowersSchur,NumStability/Analysis/MatrixPowersSchur.lean,Analysis,0,true,false,true,Not in NumStability.All source-import closure; absence does not imply that declarations are missing unless the module is declaration-bearing.
NumStability.Analysis.MatrixPowersSpijkerClosure,NumStability/Analysis/MatrixPowersSpijkerClosure.lean,Analysis,0,true,false,true,Not in NumStability.All source-import closure; absence does not imply that declarations are missing unless the module is declaration-bearing.
NumStability.Analysis.MatrixPowersSpijkerPlanar,NumStability/Analysis/MatrixPowersSpijkerPlanar.lean,Analysis,0,true,false,true,Not in NumStability.All source-import closure; absence does not imply that declarations are missing unless the module is declaration-bearing.
NumStability.Analysis.MatrixPowersSpijkerPlanarAnalysis,NumStability/Analysis/MatrixPowersSpijkerPlanarAnalysis.lean,Analysis,0,true,false,true,Not in NumStability.All source-import closure; absence does not imply that declarations are missing unless the module is declaration-bearing.
NumStability.Analysis.MatrixPowersSpijkerRational,NumStability/Analysis/MatrixPowersSpijkerRational.lean,Analysis,0,true,false,true,Not in NumStability.All source-import closure; absence does not imply that declarations are missing unless the module is declaration-bearing.
NumStability.Analysis.Midpoint,NumStability/Analysis/Midpoint.lean,Analysis,0,true,true,false,Not in NumStability.All source-import closure; absence does not imply that declarations are missing unless the module is declaration-bearing.
NumStability.Analysis.MullerRecurrence,NumStability/Analysis/MullerRecurrence.lean,Analysis,0,true,false,true,Not in NumStability.All source-import closure; absence does not imply that declarations are missing unless the module is declaration-bearing.
NumStability.Analysis.NearInteger,NumStability/Analysis/NearInteger.lean,Analysis,0,true,false,true,Not in NumStability.All source-import closure; absence does not imply that declarations are missing unless the module is declaration-bearing.
NumStability.Analysis.NilpotentJordanChain,NumStability/Analysis/NilpotentJordanChain.lean,Analysis,0,true,false,true,Not in NumStability.All source-import closure; absence does not imply that declarations are missing unless the module is declaration-bearing.
NumStability.Analysis.NonrandomRounding,NumStability/Analysis/NonrandomRounding.lean,Analysis,0,true,true,true,Not in NumStability.All source-import closure; absence does not imply that declarations are missing unless the module is declaration-bearing.
NumStability.Analysis.NonrandomRounding.Conclusions,NumStability/Analysis/NonrandomRounding/Conclusions.lean,Analysis,0,true,false,true,Not in NumStability.All source-import closure; absence does not imply that declarations are missing unless the module is declaration-bearing.
NumStability.Analysis.NonrandomRounding.Core,NumStability/Analysis/NonrandomRounding/Core.lean,Analysis,0,true,false,true,Not in NumStability.All source-import closure; absence does not imply that declarations are missing unless the module is declaration-bearing.
NumStability.Analysis.NonrandomRounding.GridVariation,NumStability/Analysis/NonrandomRounding/GridVariation.lean,Analysis,0,true,false,true,Not in NumStability.All source-import closure; absence does not imply that declarations are missing unless the module is declaration-bearing.
NumStability.Analysis.NonrandomRounding.SourceInterval,NumStability/Analysis/NonrandomRounding/SourceInterval.lean,Analysis,0,true,false,true,Not in NumStability.All source-import closure; absence does not imply that declarations are missing unless the module is declaration-bearing.
NumStability.Analysis.NonrandomRounding.StoredGrid,NumStability/Analysis/NonrandomRounding/StoredGrid.lean,Analysis,0,true,false,true,Not in NumStability.All source-import closure; absence does not imply that declarations are missing unless the module is declaration-bearing.
NumStability.Analysis.Norms,NumStability/Analysis/Norms.lean,Analysis,0,true,false,false,Not in NumStability.All source-import closure; absence does not imply that declarations are missing unless the module is declaration-bearing.
NumStability.Analysis.Norms.Core,NumStability/Analysis/Norms/Core.lean,Analysis,0,true,true,false,Not in NumStability.All source-import closure; absence does not imply that declarations are missing unless the module is declaration-bearing.
NumStability.Analysis.NumericalRadius,NumStability/Analysis/NumericalRadius.lean,Analysis,0,true,true,true,Not in NumStability.All source-import closure; absence does not imply that declarations are missing unless the module is declaration-bearing.
NumStability.Analysis.Problem2_10,NumStability/Analysis/Problem2_10.lean,Analysis,0,true,false,true,Not in NumStability.All source-import closure; absence does not imply that declarations are missing unless the module is declaration-bearing.
NumStability.Analysis.Problem2_11,NumStability/Analysis/Problem2_11.lean,Analysis,0,true,false,true,Not in NumStability.All source-import closure; absence does not imply that declarations are missing unless the module is declaration-bearing.
NumStability.Analysis.Problem2_12,NumStability/Analysis/Problem2_12.lean,Analysis,0,true,false,true,Not in NumStability.All source-import closure; absence does not imply that declarations are missing unless the module is declaration-bearing.
NumStability.Analysis.Problem2_13,NumStability/Analysis/Problem2_13.lean,Analysis,0,true,false,true,Not in NumStability.All source-import closure; absence does not imply that declarations are missing unless the module is declaration-bearing.
NumStability.Analysis.Problem2_14,NumStability/Analysis/Problem2_14.lean,Analysis,0,true,false,true,Not in NumStability.All source-import closure; absence does not imply that declarations are missing unless the module is declaration-bearing.
NumStability.Analysis.Problem2_15_16,NumStability/Analysis/Problem2_15_16.lean,Analysis,0,true,false,true,Not in NumStability.All source-import closure; absence does not imply that declarations are missing unless the module is declaration-bearing.
NumStability.Analysis.Problem2_17,NumStability/Analysis/Problem2_17.lean,Analysis,0,true,false,true,Not in NumStability.All source-import closure; absence does not imply that declarations are missing unless the module is declaration-bearing.
NumStability.Analysis.Problem2_18,NumStability/Analysis/Problem2_18.lean,Analysis,0,true,false,true,Not in NumStability.All source-import closure; absence does not imply that declarations are missing unless the module is declaration-bearing.
NumStability.Analysis.Problem2_19,NumStability/Analysis/Problem2_19.lean,Analysis,0,true,false,true,Not in NumStability.All source-import closure; absence does not imply that declarations are missing unless the module is declaration-bearing.
NumStability.Analysis.Problem2_2,NumStability/Analysis/Problem2_2.lean,Analysis,0,true,false,true,Not in NumStability.All source-import closure; absence does not imply that declarations are missing unless the module is declaration-bearing.
NumStability.Analysis.Problem2_20,NumStability/Analysis/Problem2_20.lean,Analysis,0,true,false,true,Not in NumStability.All source-import closure; absence does not imply that declarations are missing unless the module is declaration-bearing.
NumStability.Analysis.Problem2_21,NumStability/Analysis/Problem2_21.lean,Analysis,0,true,false,true,Not in NumStability.All source-import closure; absence does not imply that declarations are missing unless the module is declaration-bearing.
NumStability.Analysis.Problem2_22,NumStability/Analysis/Problem2_22.lean,Analysis,0,true,false,true,Not in NumStability.All source-import closure; absence does not imply that declarations are missing unless the module is declaration-bearing.
NumStability.Analysis.Problem2_23,NumStability/Analysis/Problem2_23.lean,Analysis,0,true,false,true,Not in NumStability.All source-import closure; absence does not imply that declarations are missing unless the module is declaration-bearing.
NumStability.Analysis.Problem2_24,NumStability/Analysis/Problem2_24.lean,Analysis,0,true,false,true,Not in NumStability.All source-import closure; absence does not imply that declarations are missing unless the module is declaration-bearing.
NumStability.Analysis.Problem2_25,NumStability/Analysis/Problem2_25.lean,Analysis,0,true,false,true,Not in NumStability.All source-import closure; absence does not imply that declarations are missing unless the module is declaration-bearing.
NumStability.Analysis.Problem2_26,NumStability/Analysis/Problem2_26.lean,Analysis,0,true,false,true,Not in NumStability.All source-import closure; absence does not imply that declarations are missing unless the module is declaration-bearing.
NumStability.Analysis.Problem2_27,NumStability/Analysis/Problem2_27.lean,Analysis,0,true,false,true,Not in NumStability.All source-import closure; absence does not imply that declarations are missing unless the module is declaration-bearing.
NumStability.Analysis.Problem2_3,NumStability/Analysis/Problem2_3.lean,Analysis,0,true,false,true,Not in NumStability.All source-import closure; absence does not imply that declarations are missing unless the module is declaration-bearing.
NumStability.Analysis.Problem2_4,NumStability/Analysis/Problem2_4.lean,Analysis,0,true,false,true,Not in NumStability.All source-import closure; absence does not imply that declarations are missing unless the module is declaration-bearing.
NumStability.Analysis.Problem2_5,NumStability/Analysis/Problem2_5.lean,Analysis,0,true,false,true,Not in NumStability.All source-import closure; absence does not imply that declarations are missing unless the module is declaration-bearing.
NumStability.Analysis.Problem2_6,NumStability/Analysis/Problem2_6.lean,Analysis,0,true,false,true,Not in NumStability.All source-import closure; absence does not imply that declarations are missing unless the module is declaration-bearing.
NumStability.Analysis.Problem2_7,NumStability/Analysis/Problem2_7.lean,Analysis,0,true,false,true,Not in NumStability.All source-import closure; absence does not imply that declarations are missing unless the module is declaration-bearing.
NumStability.Analysis.ProblemDependentStability,NumStability/Analysis/ProblemDependentStability.lean,Analysis,0,true,true,false,Not in NumStability.All source-import closure; absence does not imply that declarations are missing unless the module is declaration-bearing.
NumStability.Analysis.PseudospectralLowerBound,NumStability/Analysis/PseudospectralLowerBound.lean,Analysis,0,true,false,true,Not in NumStability.All source-import closure; absence does not imply that declarations are missing unless the module is declaration-bearing.
NumStability.Analysis.PseudospectralPowerBound,NumStability/Analysis/PseudospectralPowerBound.lean,Analysis,0,true,false,true,Not in NumStability.All source-import closure; absence does not imply that declarations are missing unless the module is declaration-bearing.
NumStability.Analysis.PseudospectralResolvent,NumStability/Analysis/PseudospectralResolvent.lean,Analysis,0,true,true,true,Not in NumStability.All source-import closure; absence does not imply that declarations are missing unless the module is declaration-bearing.
NumStability.Analysis.RealInvariantSubspace,NumStability/Analysis/RealInvariantSubspace.lean,Analysis,0,true,false,false,Not in NumStability.All source-import closure; absence does not imply that declarations are missing unless the module is declaration-bearing.
NumStability.Analysis.RealQuasiSchur,NumStability/Analysis/RealQuasiSchur.lean,Analysis,0,true,false,false,Not in NumStability.All source-import closure; absence does not imply that declarations are missing unless the module is declaration-bearing.
NumStability.Analysis.RealSchurTriangulation,NumStability/Analysis/RealSchurTriangulation.lean,Analysis,0,true,false,true,Not in NumStability.All source-import closure; absence does not imply that declarations are missing unless the module is declaration-bearing.
NumStability.Analysis.ResolventFunctionalCalculus,NumStability/Analysis/ResolventFunctionalCalculus.lean,Analysis,0,true,false,true,Not in NumStability.All source-import closure; absence does not imply that declarations are missing unless the module is declaration-bearing.
NumStability.Analysis.RoundingProductBounds,NumStability/Analysis/RoundingProductBounds.lean,Analysis,0,true,true,false,Not in NumStability.All source-import closure; absence does not imply that declarations are missing unless the module is declaration-bearing.
NumStability.Analysis.SampleVariance,NumStability/Analysis/SampleVariance.lean,Analysis,0,true,false,true,Not in NumStability.All source-import closure; absence does not imply that declarations are missing unless the module is declaration-bearing.
NumStability.Analysis.SchurTriangulation,NumStability/Analysis/SchurTriangulation.lean,Analysis,0,true,false,false,Not in NumStability.All source-import closure; absence does not imply that declarations are missing unless the module is declaration-bearing.
NumStability.Analysis.SemiconvergentBlockFormExists,NumStability/Analysis/SemiconvergentBlockFormExists.lean,Analysis,0,true,false,true,Not in NumStability.All source-import closure; absence does not imply that declarations are missing unless the module is declaration-bearing.
NumStability.Analysis.SemiconvergentExistenceComplete,NumStability/Analysis/SemiconvergentExistenceComplete.lean,Analysis,0,true,false,true,Not in NumStability.All source-import closure; absence does not imply that declarations are missing unless the module is declaration-bearing.
NumStability.Analysis.SemiconvergentExistenceFull,NumStability/Analysis/SemiconvergentExistenceFull.lean,Analysis,0,true,false,true,Not in NumStability.All source-import closure; absence does not imply that declarations are missing unless the module is declaration-bearing.
NumStability.Analysis.SemiconvergentLimitGeneral,NumStability/Analysis/SemiconvergentLimitGeneral.lean,Analysis,0,true,false,true,Not in NumStability.All source-import closure; absence does not imply that declarations are missing unless the module is declaration-bearing.
NumStability.Analysis.SemiconvergentRealSpectrumComplete,NumStability/Analysis/SemiconvergentRealSpectrumComplete.lean,Analysis,0,true,false,true,Not in NumStability.All source-import closure; absence does not imply that declarations are missing unless the module is declaration-bearing.
NumStability.Analysis.SpijkerProjectionIntegral,NumStability/Analysis/SpijkerProjectionIntegral.lean,Analysis,0,true,false,true,Not in NumStability.All source-import closure; absence does not imply that declarations are missing unless the module is declaration-bearing.
NumStability.Analysis.SylvesterSchurExistence,NumStability/Analysis/SylvesterSchurExistence.lean,Analysis,0,true,false,true,Not in NumStability.All source-import closure; absence does not imply that declarations are missing unless the module is declaration-bearing.
NumStability.Analysis.TrigCancellation,NumStability/Analysis/TrigCancellation.lean,Analysis,0,true,true,false,Not in NumStability.All source-import closure; absence does not imply that declarations are missing unless the module is declaration-bearing.
NumStability.Core,NumStability/Core.lean,Root,0,true,true,false,Not in NumStability.All source-import closure; absence does not imply that declarations are missing unless the module is declaration-bearing.
NumStability.Higham,NumStability/Higham.lean,Root,0,true,true,true,Not in NumStability.All source-import closure; absence does not imply that declarations are missing unless the module is declaration-bearing.
NumStability.Higham.Chapter02.Problem04,NumStability/Higham/Chapter02/Problem04.lean,Other,0,true,false,true,Not in NumStability.All source-import closure; absence does not imply that declarations are missing unless the module is declaration-bearing.
NumStability.Higham.Chapter02.Problem07,NumStability/Higham/Chapter02/Problem07.lean,Other,0,true,false,true,Not in NumStability.All source-import closure; absence does not imply that declarations are missing unless the module is declaration-bearing.
NumStability.Higham.Chapter02.Problem22,NumStability/Higham/Chapter02/Problem22.lean,Other,0,true,false,true,Not in NumStability.All source-import closure; absence does not imply that declarations are missing unless the module is declaration-bearing.
NumStability.Higham.Chapter08.Lemma8_8Discrepancy,NumStability/Higham/Chapter08/Lemma8_8Discrepancy.lean,Other,0,true,false,true,Not in NumStability.All source-import closure; absence does not imply that declarations are missing unless the module is declaration-bearing.
NumStability.Higham.Chapter10.Theorem10_7,NumStability/Higham/Chapter10/Theorem10_7.lean,Other,0,true,false,true,Not in NumStability.All source-import closure; absence does not imply that declarations are missing unless the module is declaration-bearing.
NumStability.Higham.Chapter11.Theorem11_7Capstone,NumStability/Higham/Chapter11/Theorem11_7Capstone.lean,Other,0,true,false,true,Not in NumStability.All source-import closure; absence does not imply that declarations are missing unless the module is declaration-bearing.
NumStability.Higham.Chapter13.Table13_1,NumStability/Higham/Chapter13/Table13_1.lean,Other,0,true,false,true,Not in NumStability.All source-import closure; absence does not imply that declarations are missing unless the module is declaration-bearing.
NumStability.Higham.Chapter14.Discrepancies,NumStability/Higham/Chapter14/Discrepancies.lean,Other,0,true,false,true,Not in NumStability.All source-import closure; absence does not imply that declarations are missing unless the module is declaration-bearing.
NumStability.Higham.Chapter20.SourceAliases,NumStability/Higham/Chapter20/SourceAliases.lean,Other,0,true,false,true,Not in NumStability.All source-import closure; absence does not imply that declarations are missing unless the module is declaration-bearing.
NumStability.Higham.CrossChapter.Chapter02To03NoGuardDot,NumStability/Higham/CrossChapter/Chapter02To03NoGuardDot.lean,Other,0,true,false,true,Not in NumStability.All source-import closure; absence does not imply that declarations are missing unless the module is declaration-bearing.
NumStability.Higham.CrossChapter.Chapter07To15PracticalBound,NumStability/Higham/CrossChapter/Chapter07To15PracticalBound.lean,Other,0,true,false,true,Not in NumStability.All source-import closure; absence does not imply that declarations are missing unless the module is declaration-bearing.
NumStability.Higham.CrossChapter.Chapter09To12GenericSolver,NumStability/Higham/CrossChapter/Chapter09To12GenericSolver.lean,Other,0,true,false,true,Not in NumStability.All source-import closure; absence does not imply that declarations are missing unless the module is declaration-bearing.
NumStability.Higham.CrossChapter.Chapter09To12Solver,NumStability/Higham/CrossChapter/Chapter09To12Solver.lean,Other,0,true,false,true,Not in NumStability.All source-import closure; absence does not imply that declarations are missing unless the module is declaration-bearing.
NumStability.Source.Higham.Chapter06.Theorem05.DistanceToSingularity.Chapter07Equation26,NumStability/Source/Higham/Chapter06/Theorem05/DistanceToSingularity/Chapter07Equation26.lean,Source,0,true,false,true,Not in NumStability.All source-import closure; absence does not imply that declarations are missing unless the module is declaration-bearing.
NumStability.Source.Higham.Chapter09.Theorem914Actual,NumStability/Source/Higham/Chapter09/Theorem914Actual.lean,Source,0,true,false,true,Not in NumStability.All source-import closure; absence does not imply that declarations are missing unless the module is declaration-bearing.
NumStability.Source.Higham.Chapter09.Theorem914DiagDominant,NumStability/Source/Higham/Chapter09/Theorem914DiagDominant.lean,Source,0,true,false,true,Not in NumStability.All source-import closure; absence does not imply that declarations are missing unless the module is declaration-bearing.
NumStability.Source.Higham.Chapter09.Theorem914Primitive,NumStability/Source/Higham/Chapter09/Theorem914Primitive.lean,Source,0,true,false,true,Not in NumStability.All source-import closure; absence does not imply that declarations are missing unless the module is declaration-bearing.
NumStability.Source.Higham.Chapter11.Higham11BunchActualSharpGrowthClosure,NumStability/Source/Higham/Chapter11/Higham11BunchActualSharpGrowthClosure.lean,Source,0,true,false,true,Not in NumStability.All source-import closure; absence does not imply that declarations are missing unless the module is declaration-bearing.
NumStability.Source.Higham.Chapter11.Higham11BunchExactTrace,NumStability/Source/Higham/Chapter11/Higham11BunchExactTrace.lean,Source,0,true,false,true,Not in NumStability.All source-import closure; absence does not imply that declarations are missing unless the module is declaration-bearing.
NumStability.Source.Higham.Chapter11.Higham11BunchKaufmanActualSelector,NumStability/Source/Higham/Chapter11/Higham11BunchKaufmanActualSelector.lean,Source,0,true,false,true,Not in NumStability.All source-import closure; absence does not imply that declarations are missing unless the module is declaration-bearing.
NumStability.Source.Higham.Chapter11.Higham11BunchKaufmanExactGrowth,NumStability/Source/Higham/Chapter11/Higham11BunchKaufmanExactGrowth.lean,Source,0,true,false,true,Not in NumStability.All source-import closure; absence does not imply that declarations are missing unless the module is declaration-bearing.
NumStability.Source.Higham.Chapter11.Higham11BunchKaufmanExactGrowthArithmetic,NumStability/Source/Higham/Chapter11/Higham11BunchKaufmanExactGrowthArithmetic.lean,Source,0,true,false,true,Not in NumStability.All source-import closure; absence does not imply that declarations are missing unless the module is declaration-bearing.
NumStability.Source.Higham.Chapter11.Higham11BunchKaufmanExactTrace,NumStability/Source/Higham/Chapter11/Higham11BunchKaufmanExactTrace.lean,Source,0,true,false,true,Not in NumStability.All source-import closure; absence does not imply that declarations are missing unless the module is declaration-bearing.
NumStability.Source.Higham.Chapter11.Higham11BunchKaufmanExplicitInverseSolve,NumStability/Source/Higham/Chapter11/Higham11BunchKaufmanExplicitInverseSolve.lean,Source,0,true,false,true,Not in NumStability.All source-import closure; absence does not imply that declarations are missing unless the module is declaration-bearing.
NumStability.Source.Higham.Chapter11.Higham11BunchKaufmanExplicitInverseTerminalClosedForm,NumStability/Source/Higham/Chapter11/Higham11BunchKaufmanExplicitInverseTerminalClosedForm.lean,Source,0,true,false,true,Not in NumStability.All source-import closure; absence does not imply that declarations are missing unless the module is declaration-bearing.
NumStability.Source.Higham.Chapter11.Higham11BunchKaufmanRoundedAccumulated,NumStability/Source/Higham/Chapter11/Higham11BunchKaufmanRoundedAccumulated.lean,Source,0,true,false,true,Not in NumStability.All source-import closure; absence does not imply that declarations are missing unless the module is declaration-bearing.
NumStability.Source.Higham.Chapter11.Higham11BunchKaufmanRoundedBridge,NumStability/Source/Higham/Chapter11/Higham11BunchKaufmanRoundedBridge.lean,Source,0,true,false,true,Not in NumStability.All source-import closure; absence does not imply that declarations are missing unless the module is declaration-bearing.
NumStability.Source.Higham.Chapter11.Higham11BunchKaufmanRoundedClosure,NumStability/Source/Higham/Chapter11/Higham11BunchKaufmanRoundedClosure.lean,Source,0,true,false,true,Not in NumStability.All source-import closure; absence does not imply that declarations are missing unless the module is declaration-bearing.
NumStability.Source.Higham.Chapter11.Higham11BunchKaufmanRoundedExecution,NumStability/Source/Higham/Chapter11/Higham11BunchKaufmanRoundedExecution.lean,Source,0,true,false,true,Not in NumStability.All source-import closure; absence does not imply that declarations are missing unless the module is declaration-bearing.
NumStability.Source.Higham.Chapter11.Higham11BunchKaufmanRoundedFactors,NumStability/Source/Higham/Chapter11/Higham11BunchKaufmanRoundedFactors.lean,Source,0,true,false,true,Not in NumStability.All source-import closure; absence does not imply that declarations are missing unless the module is declaration-bearing.
NumStability.Source.Higham.Chapter11.Higham11BunchKaufmanRoundedGlobal,NumStability/Source/Higham/Chapter11/Higham11BunchKaufmanRoundedGlobal.lean,Source,0,true,false,true,Not in NumStability.All source-import closure; absence does not imply that declarations are missing unless the module is declaration-bearing.
NumStability.Source.Higham.Chapter11.Higham11BunchKaufmanRoundedGrowth,NumStability/Source/Higham/Chapter11/Higham11BunchKaufmanRoundedGrowth.lean,Source,0,true,false,true,Not in NumStability.All source-import closure; absence does not imply that declarations are missing unless the module is declaration-bearing.
NumStability.Source.Higham.Chapter11.Higham11BunchKaufmanRoundedGrowthSolve,NumStability/Source/Higham/Chapter11/Higham11BunchKaufmanRoundedGrowthSolve.lean,Source,0,true,false,true,Not in NumStability.All source-import closure; absence does not imply that declarations are missing unless the module is declaration-bearing.
NumStability.Source.Higham.Chapter11.Higham11BunchKaufmanRoundedMiddleSolve,NumStability/Source/Higham/Chapter11/Higham11BunchKaufmanRoundedMiddleSolve.lean,Source,0,true,false,true,Not in NumStability.All source-import closure; absence does not imply that declarations are missing unless the module is declaration-bearing.
NumStability.Source.Higham.Chapter11.Higham11BunchKaufmanRoundedSolve,NumStability/Source/Higham/Chapter11/Higham11BunchKaufmanRoundedSolve.lean,Source,0,true,false,true,Not in NumStability.All source-import closure; absence does not imply that declarations are missing unless the module is declaration-bearing.
NumStability.Source.Higham.Chapter11.Higham11BunchKaufmanRoundedTerminal,NumStability/Source/Higham/Chapter11/Higham11BunchKaufmanRoundedTerminal.lean,Source,0,true,false,true,Not in NumStability.All source-import closure; absence does not imply that declarations are missing unless the module is declaration-bearing.
NumStability.Source.Higham.Chapter11.Higham11BunchKaufmanRoundedTerminalClosedForm,NumStability/Source/Higham/Chapter11/Higham11BunchKaufmanRoundedTerminalClosedForm.lean,Source,0,true,false,true,Not in NumStability.All source-import closure; absence does not imply that declarations are missing unless the module is declaration-bearing.
NumStability.Source.Higham.Chapter11.Higham11BunchKaufmanSourceCorrection,NumStability/Source/Higham/Chapter11/Higham11BunchKaufmanSourceCorrection.lean,Source,0,true,false,true,Not in NumStability.All source-import closure; absence does not imply that declarations are missing unless the module is declaration-bearing.
NumStability.Source.Higham.Chapter11.Higham11BunchSharpGrowthBridge,NumStability/Source/Higham/Chapter11/Higham11BunchSharpGrowthBridge.lean,Source,0,true,false,true,Not in NumStability.All source-import closure; absence does not imply that declarations are missing unless the module is declaration-bearing.
NumStability.Source.Higham.Chapter11.Higham11BunchTraceHadamard,NumStability/Source/Higham/Chapter11/Higham11BunchTraceHadamard.lean,Source,0,true,false,true,Not in NumStability.All source-import closure; absence does not imply that declarations are missing unless the module is declaration-bearing.
NumStability.Source.Higham.Chapter11.Higham11Chapter9ActualExecutorBridge,NumStability/Source/Higham/Chapter11/Higham11Chapter9ActualExecutorBridge.lean,Source,0,true,false,true,Not in NumStability.All source-import closure; absence does not imply that declarations are missing unless the module is declaration-bearing.
NumStability.Source.Higham.Chapter11.Higham11Chapter9BridgeClosure,NumStability/Source/Higham/Chapter11/Higham11Chapter9BridgeClosure.lean,Source,0,true,false,true,Not in NumStability.All source-import closure; absence does not imply that declarations are missing unless the module is declaration-bearing.
NumStability.Source.Higham.Chapter11.Higham11RookExactTrace,NumStability/Source/Higham/Chapter11/Higham11RookExactTrace.lean,Source,0,true,false,true,Not in NumStability.All source-import closure; absence does not imply that declarations are missing unless the module is declaration-bearing.
NumStability.Source.Higham.Chapter11.Higham11RookExecutorAdapter,NumStability/Source/Higham/Chapter11/Higham11RookExecutorAdapter.lean,Source,0,true,false,true,Not in NumStability.All source-import closure; absence does not imply that declarations are missing unless the module is declaration-bearing.
NumStability.Source.Higham.Chapter11.Higham11RookRoundedGap,NumStability/Source/Higham/Chapter11/Higham11RookRoundedGap.lean,Source,0,true,false,true,Not in NumStability.All source-import closure; absence does not imply that declarations are missing unless the module is declaration-bearing.
NumStability.Source.Higham.Chapter11.Higham11RookSourceClosure,NumStability/Source/Higham/Chapter11/Higham11RookSourceClosure.lean,Source,0,true,false,true,Not in NumStability.All source-import closure; absence does not imply that declarations are missing unless the module is declaration-bearing.
NumStability.Source.Higham.Chapter11.Higham11SkewActualSelector,NumStability/Source/Higham/Chapter11/Higham11SkewActualSelector.lean,Source,0,true,false,true,Not in NumStability.All source-import closure; absence does not imply that declarations are missing unless the module is declaration-bearing.
NumStability.Source.Higham.Chapter11.Higham11SkewExactTrace,NumStability/Source/Higham/Chapter11/Higham11SkewExactTrace.lean,Source,0,true,false,true,Not in NumStability.All source-import closure; absence does not imply that declarations are missing unless the module is declaration-bearing.
NumStability.Source.Higham.Chapter11.Higham11SkewSourceCorrection,NumStability/Source/Higham/Chapter11/Higham11SkewSourceCorrection.lean,Source,0,true,false,true,Not in NumStability.All source-import closure; absence does not imply that declarations are missing unless the module is declaration-bearing.
NumStability.Source.Higham.Chapter12.IterativeRefinement,NumStability/Source/Higham/Chapter12/IterativeRefinement.lean,Source,0,true,false,true,Not in NumStability.All source-import closure; absence does not imply that declarations are missing unless the module is declaration-bearing.
NumStability.Source.Higham.Chapter12.IterativeRefinement.Chapter12Bounds,NumStability/Source/Higham/Chapter12/IterativeRefinement/Chapter12Bounds.lean,Source,0,true,false,true,Not in NumStability.All source-import closure; absence does not imply that declarations are missing unless the module is declaration-bearing.
NumStability.Source.Higham.Chapter13.Lemma10,NumStability/Source/Higham/Chapter13/Lemma10.lean,Source,0,true,true,false,Not in NumStability.All source-import closure; absence does not imply that declarations are missing unless the module is declaration-bearing.
NumStability.Source.Higham.Chapter13.Problem04,NumStability/Source/Higham/Chapter13/Problem04.lean,Source,0,true,true,false,Not in NumStability.All source-import closure; absence does not imply that declarations are missing unless the module is declaration-bearing.
NumStability.Source.Higham.Chapter13.Problem04.FactorizationProducts,NumStability/Source/Higham/Chapter13/Problem04/FactorizationProducts.lean,Source,0,true,true,false,Not in NumStability.All source-import closure; absence does not imply that declarations are missing unless the module is declaration-bearing.
NumStability.Source.Higham.Chapter13.Problem04.GlobalTableauProducts,NumStability/Source/Higham/Chapter13/Problem04/GlobalTableauProducts.lean,Source,0,true,true,false,Not in NumStability.All source-import closure; absence does not imply that declarations are missing unless the module is declaration-bearing.
NumStability.Source.Higham.Chapter13.Section01,NumStability/Source/Higham/Chapter13/Section01.lean,Source,0,true,true,false,Not in NumStability.All source-import closure; absence does not imply that declarations are missing unless the module is declaration-bearing.
NumStability.Source.Higham.Chapter13.Section03,NumStability/Source/Higham/Chapter13/Section03.lean,Source,0,true,true,false,Not in NumStability.All source-import closure; absence does not imply that declarations are missing unless the module is declaration-bearing.
NumStability.Source.Higham.Chapter13.Theorem02,NumStability/Source/Higham/Chapter13/Theorem02.lean,Source,0,true,true,false,Not in NumStability.All source-import closure; absence does not imply that declarations are missing unless the module is declaration-bearing.
NumStability.Source.Higham.Chapter13.Theorem05,NumStability/Source/Higham/Chapter13/Theorem05.lean,Source,0,true,true,false,Not in NumStability.All source-import closure; absence does not imply that declarations are missing unless the module is declaration-bearing.
NumStability.Source.Higham.Chapter13.Theorem06,NumStability/Source/Higham/Chapter13/Theorem06.lean,Source,0,true,true,false,Not in NumStability.All source-import closure; absence does not imply that declarations are missing unless the module is declaration-bearing.
NumStability.Source.Higham.Chapter13.Theorem07,NumStability/Source/Higham/Chapter13/Theorem07.lean,Source,0,true,true,false,Not in NumStability.All source-import closure; absence does not imply that declarations are missing unless the module is declaration-bearing.
NumStability.Source.Higham.Chapter13.Theorem08,NumStability/Source/Higham/Chapter13/Theorem08.lean,Source,0,true,true,false,Not in NumStability.All source-import closure; absence does not imply that declarations are missing unless the module is declaration-bearing.
NumStability.Source.Higham.Chapter14.Problem13.GEJBound,NumStability/Source/Higham/Chapter14/Problem13/GEJBound.lean,Source,0,true,true,false,Not in NumStability.All source-import closure; absence does not imply that declarations are missing unless the module is declaration-bearing.
NumStability.Source.Higham.Chapter14.Problem14.HymanDeterminant,NumStability/Source/Higham/Chapter14/Problem14/HymanDeterminant.lean,Source,0,true,true,false,Not in NumStability.All source-import closure; absence does not imply that declarations are missing unless the module is declaration-bearing.
NumStability.Source.Higham.Chapter14.Problem15.DeterminantPerturbation,NumStability/Source/Higham/Chapter14/Problem15/DeterminantPerturbation.lean,Source,0,true,true,false,Not in NumStability.All source-import closure; absence does not imply that declarations are missing unless the module is declaration-bearing.
NumStability.Source.Higham.Chapter17.Equation08,NumStability/Source/Higham/Chapter17/Equation08.lean,Source,0,true,false,true,Not in NumStability.All source-import closure; absence does not imply that declarations are missing unless the module is declaration-bearing.
NumStability.Source.Higham.Chapter17.Equation12,NumStability/Source/Higham/Chapter17/Equation12.lean,Source,0,true,false,true,Not in NumStability.All source-import closure; absence does not imply that declarations are missing unless the module is declaration-bearing.
NumStability.Source.Higham.Chapter17.Equation15,NumStability/Source/Higham/Chapter17/Equation15.lean,Source,0,true,false,true,Not in NumStability.All source-import closure; absence does not imply that declarations are missing unless the module is declaration-bearing.
NumStability.Source.Higham.Chapter17.Equation16,NumStability/Source/Higham/Chapter17/Equation16.lean,Source,0,true,false,true,Not in NumStability.All source-import closure; absence does not imply that declarations are missing unless the module is declaration-bearing.
NumStability.Source.Higham.Chapter17.Equation17,NumStability/Source/Higham/Chapter17/Equation17.lean,Source,0,true,false,true,Not in NumStability.All source-import closure; absence does not imply that declarations are missing unless the module is declaration-bearing.
NumStability.Source.Higham.Chapter17.Equation20,NumStability/Source/Higham/Chapter17/Equation20.lean,Source,0,true,false,true,Not in NumStability.All source-import closure; absence does not imply that declarations are missing unless the module is declaration-bearing.
NumStability.Source.Higham.Chapter21.Corrections.Problem19_12.RoundedReplay,NumStability/Source/Higham/Chapter21/Corrections/Problem19_12/RoundedReplay.lean,Source,0,true,false,true,Not in NumStability.All source-import closure; absence does not imply that declarations are missing unless the module is declaration-bearing.
