component_id,component_size,is_cycle,module,edge_semantics
1,1,false,NumStability,SCC of source imports among project modules.
2,1,false,NumStability.Algorithms,SCC of source imports among project modules.
3,1,false,NumStability.Algorithms.AccumulatorSum,SCC of source imports among project modules.
4,1,false,NumStability.Algorithms.AitkenDenominator,SCC of source imports among project modules.
5,1,false,NumStability.Algorithms.Arithmetic.DotProduct.NoGuard,SCC of source imports among project modules.
6,1,false,NumStability.Algorithms.Arithmetic.DotProduct.NoGuard.Core,SCC of source imports among project modules.
7,1,false,NumStability.Algorithms.Arithmetic.DotProduct.NoGuard.Tree,SCC of source imports among project modules.
8,1,false,NumStability.Algorithms.AutomaticErrorAnalysis.Higham26,SCC of source imports among project modules.
9,1,false,NumStability.Algorithms.AutomaticErrorAnalysis.Higham26SourceSearch,SCC of source imports among project modules.
10,1,false,NumStability.Algorithms.BlockDotProduct,SCC of source imports among project modules.
11,1,false,NumStability.Algorithms.Ch10ActualSourceClosure,SCC of source imports among project modules.
12,1,false,NumStability.Algorithms.Ch10Ch14Lemma66Op2Bridge,SCC of source imports among project modules.
13,1,false,NumStability.Algorithms.Ch10ComplexPositiveDefiniteSourceClosure,SCC of source imports among project modules.
14,1,false,NumStability.Algorithms.Ch10KahanSharpness,SCC of source imports among project modules.
15,1,false,NumStability.Algorithms.Ch10KahanSharpnessSource,SCC of source imports among project modules.
16,1,false,NumStability.Algorithms.Ch10Lemma1011Source,SCC of source imports among project modules.
17,1,false,NumStability.Algorithms.Ch10PivotedPSDSourceClosure,SCC of source imports among project modules.
18,1,false,NumStability.Algorithms.Ch10Theorem107FailureVacuity,SCC of source imports among project modules.
19,1,false,NumStability.Algorithms.Ch10Theorem108Componentwise,SCC of source imports among project modules.
20,1,false,NumStability.Algorithms.Ch10Theorem108Source,SCC of source imports among project modules.
21,1,false,NumStability.Algorithms.Ch14AsymptoticFamilies,SCC of source imports among project modules.
22,1,false,NumStability.Algorithms.Ch14BlockTriInverse,SCC of source imports among project modules.
23,1,false,NumStability.Algorithms.Ch14Cor146UniformInverseBridge,SCC of source imports among project modules.
24,1,false,NumStability.Algorithms.Ch14Cor147FinalDivisionFamilyClosure,SCC of source imports among project modules.
25,1,false,NumStability.Algorithms.Ch14Cor147SourceDomainConstructor,SCC of source imports among project modules.
26,1,false,NumStability.Algorithms.Ch14Corollary146Closure,SCC of source imports among project modules.
27,1,false,NumStability.Algorithms.Ch14Corollary146Concrete,SCC of source imports among project modules.
28,1,false,NumStability.Algorithms.Ch14Corollary146SourceClosure,SCC of source imports among project modules.
29,1,false,NumStability.Algorithms.Ch14Corollary147,SCC of source imports among project modules.
30,1,false,NumStability.Algorithms.Ch14Corollary147Closure,SCC of source imports among project modules.
31,1,false,NumStability.Algorithms.Ch14Corollary147Concrete,SCC of source imports among project modules.
32,1,false,NumStability.Algorithms.Ch14Corollary147SourceClosure,SCC of source imports among project modules.
33,1,false,NumStability.Algorithms.Ch14Corollary147WeakFamily,SCC of source imports among project modules.
34,1,false,NumStability.Algorithms.Ch14ForwardErrorEndpoint,SCC of source imports among project modules.
35,1,false,NumStability.Algorithms.Ch14GJEActualDoolittleAdapter,SCC of source imports among project modules.
36,1,false,NumStability.Algorithms.Ch14GJEAsymptoticFamilies,SCC of source imports among project modules.
37,1,false,NumStability.Algorithms.Ch14GJEFinalDivisionClosure,SCC of source imports among project modules.
38,1,false,NumStability.Algorithms.Ch14GJEOperationalBridge,SCC of source imports among project modules.
39,1,false,NumStability.Algorithms.Ch14GJEPrintedEnvelopeClosure,SCC of source imports among project modules.
40,1,false,NumStability.Algorithms.Ch14GJESourceAccumulationBridge,SCC of source imports among project modules.
41,1,false,NumStability.Algorithms.Ch14GJETheorem145SourceClosure,SCC of source imports among project modules.
42,1,false,NumStability.Algorithms.Ch14GaussJordanAccumulation,SCC of source imports among project modules.
43,1,false,NumStability.Algorithms.Ch14GaussJordanQConstruction,SCC of source imports among project modules.
44,1,false,NumStability.Algorithms.Ch14GaussJordanSPDCorollary,SCC of source imports among project modules.
45,1,false,NumStability.Algorithms.Ch14GaussJordanSourceClosure,SCC of source imports among project modules.
46,1,false,NumStability.Algorithms.Ch14GaussJordanStep,SCC of source imports among project modules.
47,1,false,NumStability.Algorithms.Ch14HymanDeterminant,SCC of source imports among project modules.
48,1,false,NumStability.Algorithms.Ch14Method1BWhole,SCC of source imports among project modules.
49,1,false,NumStability.Algorithms.Ch14Method2C,SCC of source imports among project modules.
50,1,false,NumStability.Algorithms.Ch14Method2CWhole,SCC of source imports among project modules.
51,1,false,NumStability.Algorithms.Ch14Method2Loop,SCC of source imports among project modules.
52,1,false,NumStability.Algorithms.Ch14MethodDLeftResidual,SCC of source imports among project modules.
53,1,false,NumStability.Algorithms.Ch14MethodDProductDischarge,SCC of source imports among project modules.
54,1,false,NumStability.Algorithms.Ch14MethodDUpperCertificate,SCC of source imports among project modules.
55,1,false,NumStability.Algorithms.Ch14MethodsBC,SCC of source imports among project modules.
56,1,false,NumStability.Algorithms.Ch14Problem1413Boundary,SCC of source imports among project modules.
57,1,false,NumStability.Algorithms.Ch14Problem142,SCC of source imports among project modules.
58,1,false,NumStability.Algorithms.Ch14Problem142Families,SCC of source imports among project modules.
59,1,false,NumStability.Algorithms.Ch14Problem142Method2B,SCC of source imports among project modules.
60,1,false,NumStability.Algorithms.Ch14ProductErrorNotation,SCC of source imports among project modules.
61,1,false,NumStability.Algorithms.Ch14SchulzIteration,SCC of source imports among project modules.
62,1,false,NumStability.Algorithms.Ch14SchulzRectangular,SCC of source imports among project modules.
63,1,false,NumStability.Algorithms.Ch14SchulzSpectralConvergence,SCC of source imports among project modules.
64,1,false,NumStability.Algorithms.Ch14SourceCorrections,SCC of source imports among project modules.
65,1,false,NumStability.Algorithms.Ch15CondEstimators,SCC of source imports among project modules.
66,1,false,NumStability.Algorithms.Ch15DixonClosure,SCC of source imports among project modules.
67,1,false,NumStability.Algorithms.Ch15DixonProbability,SCC of source imports among project modules.
68,1,false,NumStability.Algorithms.Ch4KahanFiniteFamily,SCC of source imports among project modules.
69,1,false,NumStability.Algorithms.Ch5DerivativeError,SCC of source imports among project modules.
70,1,false,NumStability.Algorithms.Ch5LejaProducer,SCC of source imports among project modules.
71,1,false,NumStability.Algorithms.Ch5NewtonForm,SCC of source imports among project modules.
72,1,false,NumStability.Algorithms.Ch5SourceClosure,SCC of source imports among project modules.
73,1,false,NumStability.Algorithms.Chapter06Lemma66,SCC of source imports among project modules.
74,1,false,NumStability.Algorithms.Chapter14Problem1415Weyl,SCC of source imports among project modules.
75,1,false,NumStability.Algorithms.Chapter15CondEst,SCC of source imports among project modules.
76,1,false,NumStability.Algorithms.Cholesky.Aasen118ReducedCh11Closure,SCC of source imports among project modules.
77,1,false,NumStability.Algorithms.Cholesky.AasenAdjacentPivotOperationalMiddleCh11,SCC of source imports among project modules.
78,1,false,NumStability.Algorithms.Cholesky.AasenAdjacentPivotResidualDomainCh11Discrepancy,SCC of source imports among project modules.
79,1,false,NumStability.Algorithms.Cholesky.AasenAdjacentPivotSourceResidualCh11Closure,SCC of source imports among project modules.
80,1,false,NumStability.Algorithms.Cholesky.AasenAdjacentPivotTridiagExecutorCh11Closure,SCC of source imports among project modules.
81,1,false,NumStability.Algorithms.Cholesky.AasenAdjacentPivotTridiagForwardCounterexampleCh11,SCC of source imports among project modules.
82,1,false,NumStability.Algorithms.Cholesky.AasenCoupledFpCh11Closure,SCC of source imports among project modules.
83,1,false,NumStability.Algorithms.Cholesky.AasenDirect118Ch11Closure,SCC of source imports among project modules.
84,1,false,NumStability.Algorithms.Cholesky.AasenDirectTridiagGEPPSolveCh11Closure,SCC of source imports among project modules.
85,1,false,NumStability.Algorithms.Cholesky.AasenFactorNormCh11Closure,SCC of source imports among project modules.
86,1,false,NumStability.Algorithms.Cholesky.AasenFactorResidualCh11Closure,SCC of source imports among project modules.
87,1,false,NumStability.Algorithms.Cholesky.AasenGrowthCh11Closure,SCC of source imports among project modules.
88,1,false,NumStability.Algorithms.Cholesky.AasenMiddleGEPPCh11Counterexample,SCC of source imports among project modules.
89,1,false,NumStability.Algorithms.Cholesky.AasenOriginalCoordinateCorrectionCh11,SCC of source imports among project modules.
90,1,false,NumStability.Algorithms.Cholesky.AasenPermutationSourceCorrectionCh11,SCC of source imports among project modules.
91,1,false,NumStability.Algorithms.Cholesky.AasenPrintedCoefficientAlgebraCh11Closure,SCC of source imports among project modules.
92,1,false,NumStability.Algorithms.Cholesky.AasenSourceSharpFactorResidualCh11Closure,SCC of source imports among project modules.
93,1,false,NumStability.Algorithms.Cholesky.AasenTheorem118ScalarEdgeCh11Discrepancy,SCC of source imports among project modules.
94,1,false,NumStability.Algorithms.Cholesky.AasenTridiagGEPPCh11Closure,SCC of source imports among project modules.
95,1,false,NumStability.Algorithms.Cholesky.AasenUnitOuterSolveCh11Closure,SCC of source imports among project modules.
96,1,false,NumStability.Algorithms.Cholesky.BlockLDLTAllOneByOnePrintedCh11Closure,SCC of source imports among project modules.
97,1,false,NumStability.Algorithms.Cholesky.BlockLDLTBunchTridiagonalCh11Closure,SCC of source imports among project modules.
98,1,false,NumStability.Algorithms.Cholesky.BlockLDLTMixedPivotCh11Closure,SCC of source imports among project modules.
99,1,false,NumStability.Algorithms.Cholesky.BlockLDLTSolveBackwardCh11Closure,SCC of source imports among project modules.
100,1,false,NumStability.Algorithms.Cholesky.BunchKaufmanSolveCh11Closure,SCC of source imports among project modules.
101,1,false,NumStability.Algorithms.Cholesky.BunchTridiagonalActualSolveCh11Closure,SCC of source imports among project modules.
102,1,false,NumStability.Algorithms.Cholesky.BunchTridiagonalCapstoneCh11Closure,SCC of source imports among project modules.
103,1,false,NumStability.Algorithms.Cholesky.BunchTridiagonalFactorBoundCh11Closure,SCC of source imports among project modules.
104,1,false,NumStability.Algorithms.Cholesky.BunchTridiagonalGrowthCh11Closure,SCC of source imports among project modules.
105,1,false,NumStability.Algorithms.Cholesky.BunchTridiagonalGrowthInvariantCh11Closure,SCC of source imports among project modules.
106,1,false,NumStability.Algorithms.Cholesky.BunchTridiagonalHFactorCh11Closure,SCC of source imports among project modules.
107,1,false,NumStability.Algorithms.Cholesky.BunchTridiagonalSparseFactorCh11Closure,SCC of source imports among project modules.
108,1,false,NumStability.Algorithms.Cholesky.BunchTridiagonalSparseSolveCh11Closure,SCC of source imports among project modules.
109,1,false,NumStability.Algorithms.Cholesky.CholeskyDemmel,SCC of source imports among project modules.
110,1,false,NumStability.Algorithms.Cholesky.CholeskyFl,SCC of source imports among project modules.
111,1,false,NumStability.Algorithms.Cholesky.CholeskyIndefinite,SCC of source imports among project modules.
112,1,false,NumStability.Algorithms.Cholesky.CholeskyNonsym,SCC of source imports among project modules.
113,1,false,NumStability.Algorithms.Cholesky.CholeskyPSD,SCC of source imports among project modules.
114,1,false,NumStability.Algorithms.Cholesky.CholeskyPerturbation,SCC of source imports among project modules.
115,1,false,NumStability.Algorithms.Cholesky.CholeskySolve,SCC of source imports among project modules.
116,1,false,NumStability.Algorithms.Cholesky.CholeskySpec,SCC of source imports among project modules.
117,1,false,NumStability.Algorithms.Cholesky.Higham1014Equation1022,SCC of source imports among project modules.
118,1,false,NumStability.Algorithms.Cholesky.Higham1014SourceError,SCC of source imports among project modules.
119,1,false,NumStability.Algorithms.Cholesky.Higham1014SourceSuccess,SCC of source imports among project modules.
120,1,false,NumStability.Algorithms.Cholesky.Higham1029Source,SCC of source imports among project modules.
121,1,false,NumStability.Algorithms.Cholesky.Higham10Problem10_3,SCC of source imports among project modules.
122,1,false,NumStability.Algorithms.Cholesky.Higham10Theorem10_7Source,SCC of source imports among project modules.
123,1,false,NumStability.Algorithms.Cholesky.Higham11BunchActualSharpGrowthClosure,SCC of source imports among project modules.
124,1,false,NumStability.Algorithms.Cholesky.Higham11BunchExactTrace,SCC of source imports among project modules.
125,1,false,NumStability.Algorithms.Cholesky.Higham11BunchKaufmanActualSelector,SCC of source imports among project modules.
126,1,false,NumStability.Algorithms.Cholesky.Higham11BunchKaufmanExactGrowth,SCC of source imports among project modules.
127,1,false,NumStability.Algorithms.Cholesky.Higham11BunchKaufmanExactGrowthArithmetic,SCC of source imports among project modules.
128,1,false,NumStability.Algorithms.Cholesky.Higham11BunchKaufmanExactTrace,SCC of source imports among project modules.
129,1,false,NumStability.Algorithms.Cholesky.Higham11BunchKaufmanExplicitInverseSolve,SCC of source imports among project modules.
130,1,false,NumStability.Algorithms.Cholesky.Higham11BunchKaufmanExplicitInverseTerminalClosedForm,SCC of source imports among project modules.
131,1,false,NumStability.Algorithms.Cholesky.Higham11BunchKaufmanRoundedAccumulated,SCC of source imports among project modules.
132,1,false,NumStability.Algorithms.Cholesky.Higham11BunchKaufmanRoundedBridge,SCC of source imports among project modules.
133,1,false,NumStability.Algorithms.Cholesky.Higham11BunchKaufmanRoundedClosure,SCC of source imports among project modules.
134,1,false,NumStability.Algorithms.Cholesky.Higham11BunchKaufmanRoundedExecution,SCC of source imports among project modules.
135,1,false,NumStability.Algorithms.Cholesky.Higham11BunchKaufmanRoundedFactors,SCC of source imports among project modules.
136,1,false,NumStability.Algorithms.Cholesky.Higham11BunchKaufmanRoundedGlobal,SCC of source imports among project modules.
137,1,false,NumStability.Algorithms.Cholesky.Higham11BunchKaufmanRoundedGrowth,SCC of source imports among project modules.
138,1,false,NumStability.Algorithms.Cholesky.Higham11BunchKaufmanRoundedGrowthSolve,SCC of source imports among project modules.
139,1,false,NumStability.Algorithms.Cholesky.Higham11BunchKaufmanRoundedMiddleSolve,SCC of source imports among project modules.
140,1,false,NumStability.Algorithms.Cholesky.Higham11BunchKaufmanRoundedSolve,SCC of source imports among project modules.
141,1,false,NumStability.Algorithms.Cholesky.Higham11BunchKaufmanRoundedTerminal,SCC of source imports among project modules.
142,1,false,NumStability.Algorithms.Cholesky.Higham11BunchKaufmanRoundedTerminalClosedForm,SCC of source imports among project modules.
143,1,false,NumStability.Algorithms.Cholesky.Higham11BunchKaufmanSourceCorrection,SCC of source imports among project modules.
144,1,false,NumStability.Algorithms.Cholesky.Higham11BunchSharpGrowthBridge,SCC of source imports among project modules.
145,1,false,NumStability.Algorithms.Cholesky.Higham11BunchTraceHadamard,SCC of source imports among project modules.
146,1,false,NumStability.Algorithms.Cholesky.Higham11Chapter9ActualExecutorBridge,SCC of source imports among project modules.
147,1,false,NumStability.Algorithms.Cholesky.Higham11Chapter9BridgeClosure,SCC of source imports among project modules.
148,1,false,NumStability.Algorithms.Cholesky.Higham11RookExactTrace,SCC of source imports among project modules.
149,1,false,NumStability.Algorithms.Cholesky.Higham11RookExecutorAdapter,SCC of source imports among project modules.
150,1,false,NumStability.Algorithms.Cholesky.Higham11RookRoundedGap,SCC of source imports among project modules.
151,1,false,NumStability.Algorithms.Cholesky.Higham11RookSourceClosure,SCC of source imports among project modules.
152,1,false,NumStability.Algorithms.Cholesky.Higham11SkewActualSelector,SCC of source imports among project modules.
153,1,false,NumStability.Algorithms.Cholesky.Higham11SkewExactTrace,SCC of source imports among project modules.
154,1,false,NumStability.Algorithms.Cholesky.Higham11SkewSourceCorrection,SCC of source imports among project modules.
155,1,false,NumStability.Algorithms.Cholesky.HighamMathiasFirstBreakdown,SCC of source imports among project modules.
156,1,false,NumStability.Algorithms.Cholesky.HighamMathiasSource,SCC of source imports among project modules.
157,1,false,NumStability.Algorithms.Cholesky.TwoByTwoSchurStepCh11Closure,SCC of source imports among project modules.
158,1,false,NumStability.Algorithms.Circulant.Higham24,SCC of source imports among project modules.
159,1,false,NumStability.Algorithms.Circulant.Higham24BackwardStability,SCC of source imports among project modules.
160,1,false,NumStability.Algorithms.Circulant.Higham24ForwardError,SCC of source imports among project modules.
161,1,false,NumStability.Algorithms.Circulant.Higham24ForwardPerturbation,SCC of source imports among project modules.
162,1,false,NumStability.Algorithms.Circulant.Higham24InverseFFT,SCC of source imports among project modules.
163,1,false,NumStability.Algorithms.Circulant.Higham24LiteralSolver,SCC of source imports among project modules.
164,1,false,NumStability.Algorithms.Circulant.Higham24Rounded,SCC of source imports among project modules.
165,1,false,NumStability.Algorithms.Circulant.Higham24Structured,SCC of source imports among project modules.
166,1,false,NumStability.Algorithms.CompensatedSum,SCC of source imports among project modules.
167,1,false,NumStability.Algorithms.ComplexBackwardError,SCC of source imports among project modules.
168,1,false,NumStability.Algorithms.CondEstimation,SCC of source imports among project modules.
169,1,false,NumStability.Algorithms.ContinuedFraction,SCC of source imports among project modules.
170,1,false,NumStability.Algorithms.DotProduct,SCC of source imports among project modules.
171,1,false,NumStability.Algorithms.DoublyCompensatedSum,SCC of source imports among project modules.
172,1,false,NumStability.Algorithms.ExtendedPrecisionDotProduct,SCC of source imports among project modules.
173,1,false,NumStability.Algorithms.FFT.Higham24,SCC of source imports among project modules.
174,1,false,NumStability.Algorithms.FFT.Higham24Radix2,SCC of source imports among project modules.
175,1,false,NumStability.Algorithms.FastMatMul,SCC of source imports among project modules.
176,1,false,NumStability.Algorithms.FastMatMul.Higham23,SCC of source imports among project modules.
177,1,false,NumStability.Algorithms.FastMatMul.Higham23Bini,SCC of source imports among project modules.
178,1,false,NumStability.Algorithms.FastMatMul.Higham23Problem23_8,SCC of source imports among project modules.
179,1,false,NumStability.Algorithms.FastMatMul.Higham23Recursive,SCC of source imports among project modules.
180,1,false,NumStability.Algorithms.FastMatMul.Higham23Remaining,SCC of source imports among project modules.
181,1,false,NumStability.Algorithms.FastMatMul.Higham23ThreeMStrassen,SCC of source imports among project modules.
182,1,false,NumStability.Algorithms.FastMatMul.Internal.LegacyBounds,SCC of source imports among project modules.
183,1,false,NumStability.Algorithms.FastMatMul.Recurrences,SCC of source imports among project modules.
184,1,false,NumStability.Algorithms.ForwardSub,SCC of source imports among project modules.
185,1,false,NumStability.Algorithms.GaussJordan,SCC of source imports among project modules.
186,1,false,NumStability.Algorithms.GaussJordanPivoting,SCC of source imports among project modules.
187,1,false,NumStability.Algorithms.GridPoints,SCC of source imports among project modules.
188,1,false,NumStability.Algorithms.Higham5FastPolynomialEvaluation,SCC of source imports among project modules.
189,1,false,NumStability.Algorithms.Higham5PatersonStockmeyer,SCC of source imports among project modules.
190,1,false,NumStability.Algorithms.Higham726Rump,SCC of source imports among project modules.
191,1,false,NumStability.Algorithms.HighamChapter10,SCC of source imports among project modules.
192,1,false,NumStability.Algorithms.HighamChapter11,SCC of source imports among project modules.
193,1,false,NumStability.Algorithms.HighamChapter12,SCC of source imports among project modules.
194,1,false,NumStability.Algorithms.HighamChapter12Ch9GenericSolverBridge,SCC of source imports among project modules.
195,1,false,NumStability.Algorithms.HighamChapter12Ch9SolverBridge,SCC of source imports among project modules.
196,1,false,NumStability.Algorithms.HighamChapter12OmegaDiscontinuity,SCC of source imports among project modules.
197,1,false,NumStability.Algorithms.HighamChapter12Problem12_2,SCC of source imports among project modules.
198,1,false,NumStability.Algorithms.HighamChapter15BoydBridges,SCC of source imports among project modules.
199,1,false,NumStability.Algorithms.HighamChapter15BoydConcreteLemma3,SCC of source imports among project modules.
200,1,false,NumStability.Algorithms.HighamChapter15BoydLocalStability,SCC of source imports among project modules.
201,1,false,NumStability.Algorithms.HighamChapter15BoydRowwiseDomain,SCC of source imports among project modules.
202,1,false,NumStability.Algorithms.HighamChapter15BoydScalar,SCC of source imports among project modules.
203,1,false,NumStability.Algorithms.HighamChapter15BoydSourceClosure,SCC of source imports among project modules.
204,1,false,NumStability.Algorithms.HighamChapter15BoydSourceDomain,SCC of source imports among project modules.
205,1,false,NumStability.Algorithms.HighamChapter15BoydSourceLocal,SCC of source imports among project modules.
206,1,false,NumStability.Algorithms.HighamChapter15BoydSourceSecondDerivative,SCC of source imports among project modules.
207,1,false,NumStability.Algorithms.HighamChapter15BoydUniqueness,SCC of source imports among project modules.
208,1,false,NumStability.Algorithms.HighamChapter15Ch7PracticalBoundBridge,SCC of source imports among project modules.
209,1,false,NumStability.Algorithms.HighamChapter15ConvergenceProse,SCC of source imports among project modules.
210,1,false,NumStability.Algorithms.HighamChapter15RectTermination,SCC of source imports among project modules.
211,1,false,NumStability.Algorithms.HighamChapter3NoGuardDotBridge,SCC of source imports among project modules.
212,1,false,NumStability.Algorithms.HighamChapter4KaoWangScope,SCC of source imports among project modules.
213,1,false,NumStability.Algorithms.HighamChapter5ComplexAlgorithm51,SCC of source imports among project modules.
214,1,false,NumStability.Algorithms.HighamChapter8,SCC of source imports among project modules.
215,1,false,NumStability.Algorithms.HighamChapter8FanInClosure,SCC of source imports among project modules.
216,1,false,NumStability.Algorithms.HighamChapter8Lemma88SourceDiscrepancy,SCC of source imports among project modules.
217,1,false,NumStability.Algorithms.HighamChapter9,SCC of source imports among project modules.
218,1,false,NumStability.Algorithms.HighamChapter9CompletePivotSharpClosure,SCC of source imports among project modules.
219,1,false,NumStability.Algorithms.HighamChapter9ComplexClosure,SCC of source imports among project modules.
220,1,false,NumStability.Algorithms.HighamChapter9ComputedCorrection,SCC of source imports among project modules.
221,1,false,NumStability.Algorithms.HighamChapter9DoolittleClosure,SCC of source imports among project modules.
222,1,false,NumStability.Algorithms.HighamChapter9Theorem914Actual,SCC of source imports among project modules.
223,1,false,NumStability.Algorithms.HighamChapter9Theorem914DiagDominant,SCC of source imports among project modules.
224,1,false,NumStability.Algorithms.HighamChapter9Theorem914Primitive,SCC of source imports among project modules.
225,1,false,NumStability.Algorithms.HighamChapter9Theorem97Classification,SCC of source imports among project modules.
226,1,false,NumStability.Algorithms.HighamChapter9Theorem99Closure,SCC of source imports among project modules.
227,1,false,NumStability.Algorithms.HighamChapter9Theorem99ComplexClosure,SCC of source imports among project modules.
228,1,false,NumStability.Algorithms.HighamChapters1To9SourceClosure,SCC of source imports among project modules.
229,1,false,NumStability.Algorithms.HighamLemma88Entrywise,SCC of source imports among project modules.
230,1,false,NumStability.Algorithms.Horner,SCC of source imports among project modules.
231,1,false,NumStability.Algorithms.InsertionSum,SCC of source imports among project modules.
232,1,false,NumStability.Algorithms.InverseBounds,SCC of source imports among project modules.
233,1,false,NumStability.Algorithms.IterativeRefinement,SCC of source imports among project modules.
234,1,false,NumStability.Algorithms.KahanAbsolute,SCC of source imports among project modules.
235,1,false,NumStability.Algorithms.KahanCompensatedFiniteFormat,SCC of source imports among project modules.
236,1,false,NumStability.Algorithms.LU.BlockLU,SCC of source imports among project modules.
237,1,false,NumStability.Algorithms.LU.BlockLUArbitraryNormSourceClosure,SCC of source imports among project modules.
238,1,false,NumStability.Algorithms.LU.BlockLUComputationSourceClosure,SCC of source imports among project modules.
239,1,false,NumStability.Algorithms.LU.BlockLUFirstOrderFamilies,SCC of source imports among project modules.
240,1,false,NumStability.Algorithms.LU.BlockLUPointRowGrowthSourceClosure,SCC of source imports among project modules.
241,1,false,NumStability.Algorithms.LU.BlockLURowSourceClosure,SCC of source imports among project modules.
242,1,false,NumStability.Algorithms.LU.BlockLUSPDFamilies,SCC of source imports among project modules.
243,1,false,NumStability.Algorithms.LU.BlockLUSPDSourceClosure,SCC of source imports among project modules.
244,1,false,NumStability.Algorithms.LU.BlockLUScalarGrowthBridge,SCC of source imports among project modules.
245,1,false,NumStability.Algorithms.LU.BlockLUSourceClosure,SCC of source imports among project modules.
246,1,false,NumStability.Algorithms.LU.BlockLUTable13_1Families,SCC of source imports among project modules.
247,1,false,NumStability.Algorithms.LU.BlockLUVarying,SCC of source imports among project modules.
248,1,false,NumStability.Algorithms.LU.Doolittle,SCC of source imports among project modules.
249,1,false,NumStability.Algorithms.LU.GaussianElimination,SCC of source imports among project modules.
250,1,false,NumStability.Algorithms.LU.GrowthFactor,SCC of source imports among project modules.
251,1,false,NumStability.Algorithms.LU.Higham13DemmelSharpMultiplier,SCC of source imports among project modules.
252,1,false,NumStability.Algorithms.LU.Higham15Problem15_4,SCC of source imports among project modules.
253,1,false,NumStability.Algorithms.LU.Higham15Problem15_6,SCC of source imports among project modules.
254,1,false,NumStability.Algorithms.LU.Higham15Problem15_6Closure,SCC of source imports among project modules.
255,1,false,NumStability.Algorithms.LU.Higham15Problem15_6Operational,SCC of source imports among project modules.
256,1,false,NumStability.Algorithms.LU.LUSolve,SCC of source imports among project modules.
257,1,false,NumStability.Algorithms.LU.SpecialMatrices,SCC of source imports among project modules.
258,1,false,NumStability.Algorithms.LU.Tridiagonal,SCC of source imports among project modules.
259,1,false,NumStability.Algorithms.LU.TridiagonalCond,SCC of source imports among project modules.
260,1,false,NumStability.Algorithms.LU.TridiagonalCondCh15,SCC of source imports among project modules.
261,1,false,NumStability.Algorithms.LU.TridiagonalCondCh15Closure,SCC of source imports among project modules.
262,1,false,NumStability.Algorithms.LU.TridiagonalCondCh15IkebeClosure,SCC of source imports among project modules.
263,1,false,NumStability.Algorithms.LU.TridiagonalRecurrence,SCC of source imports among project modules.
264,1,false,NumStability.Algorithms.LeastSquares.Higham20Algorithms,SCC of source imports among project modules.
265,1,false,NumStability.Algorithms.LeastSquares.Higham20AlternativeBound,SCC of source imports among project modules.
266,1,false,NumStability.Algorithms.LeastSquares.Higham20CrossProductExample,SCC of source imports among project modules.
267,1,false,NumStability.Algorithms.LeastSquares.Higham20EliminationActual,SCC of source imports among project modules.
268,1,false,NumStability.Algorithms.LeastSquares.Higham20Equations,SCC of source imports among project modules.
269,1,false,NumStability.Algorithms.LeastSquares.Higham20ExampleCondition,SCC of source imports among project modules.
270,1,false,NumStability.Algorithms.LeastSquares.Higham20GeneralWedin,SCC of source imports among project modules.
271,1,false,NumStability.Algorithms.LeastSquares.Higham20Lemma20_11,SCC of source imports among project modules.
272,1,false,NumStability.Algorithms.LeastSquares.Higham20Lemma20_12,SCC of source imports among project modules.
273,1,false,NumStability.Algorithms.LeastSquares.Higham20MGSStability,SCC of source imports among project modules.
274,1,false,NumStability.Algorithms.LeastSquares.Higham20MPProse,SCC of source imports among project modules.
275,1,false,NumStability.Algorithms.LeastSquares.Higham20MinimumNormBackwardError,SCC of source imports among project modules.
276,1,false,NumStability.Algorithms.LeastSquares.Higham20NormalEquationsNorms,SCC of source imports among project modules.
277,1,false,NumStability.Algorithms.LeastSquares.Higham20Problem20_3,SCC of source imports among project modules.
278,1,false,NumStability.Algorithms.LeastSquares.Higham20Prose,SCC of source imports among project modules.
279,1,false,NumStability.Algorithms.LeastSquares.Higham20QuantitativeProse,SCC of source imports among project modules.
280,1,false,NumStability.Algorithms.LeastSquares.Higham20Refinement,SCC of source imports among project modules.
281,1,false,NumStability.Algorithms.LeastSquares.Higham20Remaining,SCC of source imports among project modules.
282,1,false,NumStability.Algorithms.LeastSquares.Higham20ResidualQuality,SCC of source imports among project modules.
283,1,false,NumStability.Algorithms.LeastSquares.Higham20RowSorting,SCC of source imports among project modules.
284,1,false,NumStability.Algorithms.LeastSquares.Higham20SourceAliases,SCC of source imports among project modules.
285,1,false,NumStability.Algorithms.LeastSquares.Higham20Theorem20_10,SCC of source imports among project modules.
286,1,false,NumStability.Algorithms.LeastSquares.Higham20Theorem20_3,SCC of source imports among project modules.
287,1,false,NumStability.Algorithms.LeastSquares.Higham20Theorem20_4Absorption,SCC of source imports among project modules.
288,1,false,NumStability.Algorithms.LeastSquares.Higham20Theorem20_7,SCC of source imports among project modules.
289,1,false,NumStability.Algorithms.LeastSquares.Higham20Theorem20_7ActualAssembly,SCC of source imports among project modules.
290,1,false,NumStability.Algorithms.LeastSquares.Higham20Theorem20_7ActualBackSub,SCC of source imports among project modules.
291,1,false,NumStability.Algorithms.LeastSquares.Higham20Theorem20_7ActualClosure,SCC of source imports among project modules.
292,1,false,NumStability.Algorithms.LeastSquares.Higham20Theorem20_7ActualGrowth,SCC of source imports among project modules.
293,1,false,NumStability.Algorithms.LeastSquares.Higham20Theorem20_7ActualRhs,SCC of source imports among project modules.
294,1,false,NumStability.Algorithms.LeastSquares.Higham20Theorem20_7ActualTrace,SCC of source imports among project modules.
295,1,false,NumStability.Algorithms.LeastSquares.Higham20Theorem20_7Contract,SCC of source imports among project modules.
296,1,false,NumStability.Algorithms.LeastSquares.Higham20Theorem20_7QdR,SCC of source imports among project modules.
297,1,false,NumStability.Algorithms.LeastSquares.Higham20Theorem20_7Runtime,SCC of source imports among project modules.
298,1,false,NumStability.Algorithms.LeastSquares.Higham20Theorem20_7SourceTrace,SCC of source imports among project modules.
299,1,false,NumStability.Algorithms.LeastSquares.Higham20Theorem20_8,SCC of source imports among project modules.
300,1,false,NumStability.Algorithms.LeastSquares.Higham20WeightedLimit,SCC of source imports among project modules.
301,1,false,NumStability.Algorithms.LeastSquares.Higham20ZeroDeltaB,SCC of source imports among project modules.
302,1,false,NumStability.Algorithms.LeastSquares.LSE,SCC of source imports among project modules.
303,1,false,NumStability.Algorithms.LeastSquares.LSNormalEquations,SCC of source imports among project modules.
304,1,false,NumStability.Algorithms.LeastSquares.LSPerturbation,SCC of source imports among project modules.
305,1,false,NumStability.Algorithms.LeastSquares.LSQRSolve,SCC of source imports among project modules.
306,1,false,NumStability.Algorithms.LinearSystems,SCC of source imports among project modules.
307,1,false,NumStability.Algorithms.LinearSystems.Cholesky,SCC of source imports among project modules.
308,1,false,NumStability.Algorithms.LinearSystems.Cholesky.ErrorAnalysis,SCC of source imports among project modules.
309,1,false,NumStability.Algorithms.LinearSystems.Cholesky.ErrorAnalysis.Certificates,SCC of source imports among project modules.
310,1,false,NumStability.Algorithms.LinearSystems.Cholesky.ErrorAnalysis.Demmel,SCC of source imports among project modules.
311,1,false,NumStability.Algorithms.LinearSystems.Cholesky.ErrorAnalysis.PositivePivots.Certificate,SCC of source imports among project modules.
312,1,false,NumStability.Algorithms.LinearSystems.Cholesky.Factorization,SCC of source imports among project modules.
313,1,false,NumStability.Algorithms.LinearSystems.Cholesky.Factorization.Spec,SCC of source imports among project modules.
314,1,false,NumStability.Algorithms.LinearSystems.Cholesky.Perturbation,SCC of source imports among project modules.
315,1,false,NumStability.Algorithms.LinearSystems.Cholesky.Perturbation.Basic,SCC of source imports among project modules.
316,1,false,NumStability.Algorithms.LinearSystems.Cholesky.PositiveSemidefinite,SCC of source imports among project modules.
317,1,false,NumStability.Algorithms.LinearSystems.Cholesky.PositiveSemidefinite.Basic,SCC of source imports among project modules.
318,1,false,NumStability.Algorithms.LinearSystems.Cholesky.PositiveSemidefinite.KahanMatrix,SCC of source imports among project modules.
319,1,false,NumStability.Algorithms.LinearSystems.Cholesky.PositiveSemidefinite.KahanTelescope.Identity,SCC of source imports among project modules.
320,1,false,NumStability.Algorithms.LinearSystems.Cholesky.PositiveSemidefinite.PivotedFactorization.Existence,SCC of source imports among project modules.
321,1,false,NumStability.Algorithms.LinearSystems.Cholesky.PositiveSemidefinite.ScaledStage,SCC of source imports among project modules.
322,1,false,NumStability.Algorithms.LinearSystems.Cholesky.PositiveSemidefinite.StageEmbedding.InteriorMass,SCC of source imports among project modules.
323,1,false,NumStability.Algorithms.LinearSystems.Cholesky.RoundedFactorization,SCC of source imports among project modules.
324,1,false,NumStability.Algorithms.LinearSystems.Cholesky.RoundedFactorization.Basic,SCC of source imports among project modules.
325,1,false,NumStability.Algorithms.LinearSystems.Cholesky.Solve,SCC of source imports among project modules.
326,1,false,NumStability.Algorithms.LinearSystems.Cholesky.Solve.Basic,SCC of source imports among project modules.
327,1,false,NumStability.Algorithms.LinearSystems.CramersRule.All,SCC of source imports among project modules.
328,1,false,NumStability.Algorithms.LinearSystems.CramersRule.Core,SCC of source imports among project modules.
329,1,false,NumStability.Algorithms.LinearSystems.GaussJordan,SCC of source imports among project modules.
330,1,false,NumStability.Algorithms.LinearSystems.GaussJordan.ErrorAnalysis,SCC of source imports among project modules.
331,1,false,NumStability.Algorithms.LinearSystems.GaussJordan.ErrorAnalysis.GaussJordan,SCC of source imports among project modules.
332,1,false,NumStability.Algorithms.LinearSystems.Iterative.Stationary.Convergence.Singular.FixedSubspaces,SCC of source imports among project modules.
333,1,false,NumStability.Algorithms.LinearSystems.Iterative.Stationary.ErrorAnalysis.Forward.ComplementDecomposition,SCC of source imports among project modules.
334,1,false,NumStability.Algorithms.LinearSystems.Iterative.Stationary.ErrorAnalysis.Local.OneStep,SCC of source imports among project modules.
335,1,false,NumStability.Algorithms.LinearSystems.Iterative.Stationary.ErrorAnalysis.Residual.Identities,SCC of source imports among project modules.
336,1,false,NumStability.Algorithms.LinearSystems.Iterative.Stationary.Execution.Computed.Model,SCC of source imports among project modules.
337,1,false,NumStability.Algorithms.LinearSystems.Iterative.Stationary.Projectors.Drazin.Algebra,SCC of source imports among project modules.
338,1,false,NumStability.Algorithms.LinearSystems.Iterative.Stationary.Recurrences.Affine.Unrolling,SCC of source imports among project modules.
339,1,false,NumStability.Algorithms.LinearSystems.Iterative.Stationary.Semiconvergence.All,SCC of source imports among project modules.
340,1,false,NumStability.Algorithms.LinearSystems.Iterative.Stationary.Semiconvergence.BlockForm.Existence,SCC of source imports among project modules.
341,1,false,NumStability.Algorithms.LinearSystems.Iterative.Stationary.Semiconvergence.BlockForm.ProjectorLimit,SCC of source imports among project modules.
342,1,false,NumStability.Algorithms.LinearSystems.Iterative.Stationary.Semiconvergence.Execution.RoundedCertificates,SCC of source imports among project modules.
343,1,false,NumStability.Algorithms.LinearSystems.Iterative.Stationary.Semiconvergence.Projectors.FixedRange,SCC of source imports among project modules.
344,1,false,NumStability.Algorithms.LinearSystems.Iterative.Stationary.Splittings.Core.Definitions,SCC of source imports among project modules.
345,1,false,NumStability.Algorithms.LinearSystems.Iterative.Stationary.Splittings.Scaling.Diagonal,SCC of source imports among project modules.
346,1,false,NumStability.Algorithms.LinearSystems.IterativeRefinement.All,SCC of source imports among project modules.
347,1,false,NumStability.Algorithms.LinearSystems.IterativeRefinement.Core,SCC of source imports among project modules.
348,1,false,NumStability.Algorithms.LinearSystems.LU,SCC of source imports among project modules.
349,1,false,NumStability.Algorithms.LinearSystems.LU.BlockLU,SCC of source imports among project modules.
350,1,false,NumStability.Algorithms.LinearSystems.LU.BlockLU.ArbitraryNorm,SCC of source imports among project modules.
351,1,false,NumStability.Algorithms.LinearSystems.LU.BlockLU.BlockMatrices,SCC of source imports among project modules.
352,1,false,NumStability.Algorithms.LinearSystems.LU.BlockLU.DiagonalDominance,SCC of source imports among project modules.
353,1,false,NumStability.Algorithms.LinearSystems.LU.BlockLU.Factorization,SCC of source imports among project modules.
354,1,false,NumStability.Algorithms.LinearSystems.LU.BlockLU.FactorizationError,SCC of source imports among project modules.
355,1,false,NumStability.Algorithms.LinearSystems.LU.BlockLU.FirstOrderFamilies,SCC of source imports among project modules.
356,1,false,NumStability.Algorithms.LinearSystems.LU.BlockLU.FirstOrderModels,SCC of source imports among project modules.
357,1,false,NumStability.Algorithms.LinearSystems.LU.BlockLU.GrowthBounds,SCC of source imports among project modules.
358,1,false,NumStability.Algorithms.LinearSystems.LU.BlockLU.OperatorTwo,SCC of source imports among project modules.
359,1,false,NumStability.Algorithms.LinearSystems.LU.BlockLU.PositiveDefinite,SCC of source imports among project modules.
360,1,false,NumStability.Algorithms.LinearSystems.LU.BlockLU.PositiveDefiniteFactorBounds,SCC of source imports among project modules.
361,1,false,NumStability.Algorithms.LinearSystems.LU.BlockLU.RecursiveFactorization,SCC of source imports among project modules.
362,1,false,NumStability.Algorithms.LinearSystems.LU.BlockLU.ResidualLifting,SCC of source imports among project modules.
363,1,false,NumStability.Algorithms.LinearSystems.LU.BlockLU.SchurComplement,SCC of source imports among project modules.
364,1,false,NumStability.Algorithms.LinearSystems.LU.BlockLU.SolveError,SCC of source imports among project modules.
365,1,false,NumStability.Algorithms.LinearSystems.LU.BlockLU.VaryingBlocks,SCC of source imports among project modules.
366,1,false,NumStability.Algorithms.LinearSystems.LU.BlockLU.VaryingBlocks.Algebra,SCC of source imports among project modules.
367,1,false,NumStability.Algorithms.LinearSystems.LU.BlockLU.VaryingBlocks.Basic,SCC of source imports among project modules.
368,1,false,NumStability.Algorithms.LinearSystems.LU.BlockLU.VaryingBlocks.RecursiveFactorization,SCC of source imports among project modules.
369,1,false,NumStability.Algorithms.LinearSystems.LU.BlockLU.VaryingBlocks.SchurComplement,SCC of source imports among project modules.
370,1,false,NumStability.Algorithms.LinearSystems.LU.BlockLU.VaryingBlocks.Uniqueness,SCC of source imports among project modules.
371,1,false,NumStability.Algorithms.LinearSystems.LU.Doolittle.All,SCC of source imports among project modules.
372,1,false,NumStability.Algorithms.LinearSystems.LU.Doolittle.Assembly.Core,SCC of source imports among project modules.
373,1,false,NumStability.Algorithms.LinearSystems.LU.Doolittle.BackwardError,SCC of source imports among project modules.
374,1,false,NumStability.Algorithms.LinearSystems.LU.Doolittle.Basic,SCC of source imports among project modules.
375,1,false,NumStability.Algorithms.LinearSystems.LU.Doolittle.Budgets,SCC of source imports among project modules.
376,1,false,NumStability.Algorithms.LinearSystems.LU.Doolittle.Certificates,SCC of source imports among project modules.
377,1,false,NumStability.Algorithms.LinearSystems.LU.Doolittle.RoundedEntries,SCC of source imports among project modules.
378,1,false,NumStability.Algorithms.LinearSystems.LU.NonsymmetricPositiveDefinite,SCC of source imports among project modules.
379,1,false,NumStability.Algorithms.LinearSystems.LU.NonsymmetricPositiveDefinite.Basic,SCC of source imports among project modules.
380,1,false,NumStability.Algorithms.LinearSystems.LeastSquares,SCC of source imports among project modules.
381,1,false,NumStability.Algorithms.LinearSystems.LeastSquares.AugmentedSystem,SCC of source imports among project modules.
382,1,false,NumStability.Algorithms.LinearSystems.LeastSquares.Basic,SCC of source imports among project modules.
383,1,false,NumStability.Algorithms.LinearSystems.LeastSquares.Equality.Basic,SCC of source imports among project modules.
384,1,false,NumStability.Algorithms.LinearSystems.LeastSquares.Equality.GQR,SCC of source imports among project modules.
385,1,false,NumStability.Algorithms.LinearSystems.LeastSquares.Equality.KKT,SCC of source imports among project modules.
386,1,false,NumStability.Algorithms.LinearSystems.LeastSquares.GramBasis,SCC of source imports among project modules.
387,1,false,NumStability.Algorithms.LinearSystems.LeastSquares.MGS,SCC of source imports among project modules.
388,1,false,NumStability.Algorithms.LinearSystems.LeastSquares.NormalEquations,SCC of source imports among project modules.
389,1,false,NumStability.Algorithms.LinearSystems.LeastSquares.QRSolve,SCC of source imports among project modules.
390,1,false,NumStability.Algorithms.LinearSystems.LeastSquares.RankGeometry,SCC of source imports among project modules.
391,1,false,NumStability.Algorithms.LinearSystems.LeastSquares.Refinement,SCC of source imports among project modules.
392,1,false,NumStability.Algorithms.LinearSystems.LeastSquares.RowSorting,SCC of source imports among project modules.
393,1,false,NumStability.Algorithms.LinearSystems.LeastSquares.StoredQR,SCC of source imports among project modules.
394,1,false,NumStability.Algorithms.LinearSystems.LeastSquares.TraceKernel,SCC of source imports among project modules.
395,1,false,NumStability.Algorithms.LinearSystems.QR,SCC of source imports among project modules.
396,1,false,NumStability.Algorithms.LinearSystems.QR.GivensMatrixStep,SCC of source imports among project modules.
397,1,false,NumStability.Algorithms.LinearSystems.QR.GivensQR,SCC of source imports among project modules.
398,1,false,NumStability.Algorithms.LinearSystems.QR.GivensSpec,SCC of source imports among project modules.
399,1,false,NumStability.Algorithms.LinearSystems.QR.GramSchmidt,SCC of source imports among project modules.
400,1,false,NumStability.Algorithms.LinearSystems.QR.GramSchmidtPolar,SCC of source imports among project modules.
401,1,false,NumStability.Algorithms.LinearSystems.QR.Householder.PanelApplication,SCC of source imports among project modules.
402,1,false,NumStability.Algorithms.LinearSystems.QR.Householder.StoredQR,SCC of source imports among project modules.
403,1,false,NumStability.Algorithms.LinearSystems.QR.Householder.TrailingPanels,SCC of source imports among project modules.
404,1,false,NumStability.Algorithms.LinearSystems.QR.HouseholderApply,SCC of source imports among project modules.
405,1,false,NumStability.Algorithms.LinearSystems.QR.HouseholderApplySupport,SCC of source imports among project modules.
406,1,false,NumStability.Algorithms.LinearSystems.QR.HouseholderConstruction2,SCC of source imports among project modules.
407,1,false,NumStability.Algorithms.LinearSystems.QR.HouseholderMatrixStep,SCC of source imports among project modules.
408,1,false,NumStability.Algorithms.LinearSystems.QR.HouseholderOneStep,SCC of source imports among project modules.
409,1,false,NumStability.Algorithms.LinearSystems.QR.HouseholderQApply,SCC of source imports among project modules.
410,1,false,NumStability.Algorithms.LinearSystems.QR.HouseholderQR,SCC of source imports among project modules.
411,1,false,NumStability.Algorithms.LinearSystems.QR.HouseholderQRSupport,SCC of source imports among project modules.
412,1,false,NumStability.Algorithms.LinearSystems.QR.HouseholderReflector,SCC of source imports among project modules.
413,1,false,NumStability.Algorithms.LinearSystems.QR.HouseholderSpec,SCC of source imports among project modules.
414,1,false,NumStability.Algorithms.LinearSystems.QR.HouseholderSpecSupport,SCC of source imports among project modules.
415,1,false,NumStability.Algorithms.LinearSystems.QR.QRSolve,SCC of source imports among project modules.
416,1,false,NumStability.Algorithms.LinearSystems.SymmetricIndefinite,SCC of source imports among project modules.
417,1,false,NumStability.Algorithms.LinearSystems.SymmetricIndefinite.Aasen,SCC of source imports among project modules.
418,1,false,NumStability.Algorithms.LinearSystems.SymmetricIndefinite.Aasen.AasenCoupledFp,SCC of source imports among project modules.
419,1,false,NumStability.Algorithms.LinearSystems.SymmetricIndefinite.Aasen.AasenFactorResidual,SCC of source imports among project modules.
420,1,false,NumStability.Algorithms.LinearSystems.SymmetricIndefinite.BlockLDLT,SCC of source imports among project modules.
421,1,false,NumStability.Algorithms.LinearSystems.SymmetricIndefinite.BlockLDLT.BunchTridiagonalFactorBound,SCC of source imports among project modules.
422,1,false,NumStability.Algorithms.LinearSystems.SymmetricIndefinite.BlockLDLT.BunchTridiagonalGrowth,SCC of source imports among project modules.
423,1,false,NumStability.Algorithms.LinearSystems.SymmetricIndefinite.BlockLDLT.BunchTridiagonalGrowthInvariant,SCC of source imports among project modules.
424,1,false,NumStability.Algorithms.LinearSystems.SymmetricIndefinite.BlockLDLT.BunchTridiagonalSparseFactor,SCC of source imports among project modules.
425,1,false,NumStability.Algorithms.LinearSystems.SymmetricIndefinite.BlockLDLT.BunchTridiagonalSparseSolve,SCC of source imports among project modules.
426,1,false,NumStability.Algorithms.LinearSystems.SymmetricIndefinite.ErrorAnalysis,SCC of source imports among project modules.
427,1,false,NumStability.Algorithms.LinearSystems.SymmetricIndefinite.ErrorAnalysis.BlockLDLT,SCC of source imports among project modules.
428,1,false,NumStability.Algorithms.LinearSystems.SymmetricIndefinite.ErrorAnalysis.BlockLDLTStep,SCC of source imports among project modules.
429,1,false,NumStability.Algorithms.LinearSystems.SymmetricIndefinite.ErrorAnalysis.Predicates,SCC of source imports among project modules.
430,1,false,NumStability.Algorithms.LinearSystems.SymmetricIndefinite.ErrorAnalysis.SkewSymmetric,SCC of source imports among project modules.
431,1,false,NumStability.Algorithms.LinearSystems.SymmetricIndefinite.Pivoting,SCC of source imports among project modules.
432,1,false,NumStability.Algorithms.LinearSystems.SymmetricIndefinite.Pivoting.Basic,SCC of source imports among project modules.
433,1,false,NumStability.Algorithms.LinearSystems.SymmetricIndefinite.Pivoting.Tridiagonal,SCC of source imports among project modules.
434,1,false,NumStability.Algorithms.LinearSystems.Triangular,SCC of source imports among project modules.
435,1,false,NumStability.Algorithms.LinearSystems.Triangular.BackSubstitution,SCC of source imports among project modules.
436,1,false,NumStability.Algorithms.LinearSystems.Triangular.Combined,SCC of source imports among project modules.
437,1,false,NumStability.Algorithms.LinearSystems.Triangular.ComparisonBounds,SCC of source imports among project modules.
438,1,false,NumStability.Algorithms.LinearSystems.Triangular.DiagonalDominance,SCC of source imports among project modules.
439,1,false,NumStability.Algorithms.LinearSystems.Triangular.ErrorAnalysis.All,SCC of source imports among project modules.
440,1,false,NumStability.Algorithms.LinearSystems.Triangular.ErrorAnalysis.NoGuardBackward,SCC of source imports among project modules.
441,1,false,NumStability.Algorithms.LinearSystems.Triangular.ErrorAnalysis.NoGuardForward,SCC of source imports among project modules.
442,1,false,NumStability.Algorithms.LinearSystems.Triangular.ForwardSubstitution,SCC of source imports among project modules.
443,1,false,NumStability.Algorithms.LinearSystems.Triangular.InverseBounds,SCC of source imports among project modules.
444,1,false,NumStability.Algorithms.LinearSystems.Underdetermined.BackwardError.Normwise.UnderdeterminedSolve,SCC of source imports among project modules.
445,1,false,NumStability.Algorithms.LinearSystems.Underdetermined.BackwardError.Rowwise.UnderdeterminedSolve,SCC of source imports among project modules.
446,1,false,NumStability.Algorithms.LinearSystems.Underdetermined.Conditioning.Componentwise.Radius,SCC of source imports among project modules.
447,1,false,NumStability.Algorithms.LinearSystems.Underdetermined.Conditioning.Componentwise.UnderdeterminedSolve,SCC of source imports among project modules.
448,1,false,NumStability.Algorithms.LinearSystems.Underdetermined.MinimumNorm.Pseudoinverse.UnderdeterminedSpec,SCC of source imports among project modules.
449,1,false,NumStability.Algorithms.LinearSystems.Underdetermined.MinimumNorm.Solvers.Executor.Core,SCC of source imports among project modules.
450,1,false,NumStability.Algorithms.LinearSystems.Underdetermined.MinimumNorm.Solvers.UnderdeterminedSolve,SCC of source imports among project modules.
451,1,false,NumStability.Algorithms.LinearSystems.Underdetermined.MinimumNorm.Solvers.UnderdeterminedSpec,SCC of source imports among project modules.
452,1,false,NumStability.Algorithms.LinearSystems.Underdetermined.MinimumNorm.Specifications.UnderdeterminedSolve,SCC of source imports among project modules.
453,1,false,NumStability.Algorithms.LinearSystems.Underdetermined.MinimumNorm.Specifications.UnderdeterminedSpec,SCC of source imports among project modules.
454,1,false,NumStability.Algorithms.LinearSystems.Underdetermined.Perturbation.Bounds.Core,SCC of source imports among project modules.
455,1,false,NumStability.Algorithms.LinearSystems.Underdetermined.Perturbation.Componentwise.Radius,SCC of source imports among project modules.
456,1,false,NumStability.Algorithms.LinearSystems.Underdetermined.Perturbation.Componentwise.UnderdeterminedSolve,SCC of source imports among project modules.
457,1,false,NumStability.Algorithms.LinearSystems.Underdetermined.Perturbation.FixedRadius.Radius,SCC of source imports among project modules.
458,1,false,NumStability.Algorithms.LinearSystems.Underdetermined.Perturbation.Radius.Core,SCC of source imports among project modules.
459,1,false,NumStability.Algorithms.LinearSystems.Underdetermined.Projectors.ComplementNorm.ProjectorNorm,SCC of source imports among project modules.
460,1,false,NumStability.Algorithms.LinearSystems.Underdetermined.QR.Foundations.UnderdeterminedSolve,SCC of source imports among project modules.
461,1,false,NumStability.Algorithms.LinearSystems.Underdetermined.QR.Givens.BackwardError.Core,SCC of source imports among project modules.
462,1,false,NumStability.Algorithms.LinearSystems.Underdetermined.QR.Givens.EndToEnd.Core,SCC of source imports among project modules.
463,1,false,NumStability.Algorithms.LinearSystems.Underdetermined.QR.Givens.Rounded.Core,SCC of source imports among project modules.
464,1,false,NumStability.Algorithms.LinearSystems.Underdetermined.QR.Givens.StoredReplay.Closure,SCC of source imports among project modules.
465,1,false,NumStability.Algorithms.LinearSystems.Underdetermined.QR.Givens.StoredReplay.EndToEnd.Core,SCC of source imports among project modules.
466,1,false,NumStability.Algorithms.LinearSystems.Underdetermined.QR.Givens.StoredReplay.RoundedReplay,SCC of source imports among project modules.
467,1,false,NumStability.Algorithms.LinearSystems.Underdetermined.QR.ModifiedGramSchmidt.CorrectedRecurrence.Core,SCC of source imports among project modules.
468,1,false,NumStability.Algorithms.LinearSystems.Underdetermined.QR.ModifiedGramSchmidt.Rounded.Core,SCC of source imports among project modules.
469,1,false,NumStability.Algorithms.LinearSystems.Underdetermined.QR.ModifiedGramSchmidt.RoundedReplay.RoundedReplay,SCC of source imports among project modules.
470,1,false,NumStability.Algorithms.LinearSystems.Underdetermined.RankStability.FullRowRank.UnderdeterminedSolve,SCC of source imports among project modules.
471,1,false,NumStability.Algorithms.LinearSystems.Underdetermined.SeminormalEquations.ConditionTransfer.Core,SCC of source imports among project modules.
472,1,false,NumStability.Algorithms.LinearSystems.Underdetermined.SeminormalEquations.EndToEnd.Core,SCC of source imports among project modules.
473,1,false,NumStability.Algorithms.LinearSystems.Underdetermined.SeminormalEquations.ForwardError.ActualOutput,SCC of source imports among project modules.
474,1,false,NumStability.Algorithms.LinearSystems.Underdetermined.SeminormalEquations.ForwardError.ComputedOutput.Core,SCC of source imports among project modules.
475,1,false,NumStability.Algorithms.LinearSystems.Underdetermined.SeminormalEquations.ForwardError.Forward,SCC of source imports among project modules.
476,1,false,NumStability.Algorithms.LinearSystems.Underdetermined.SeminormalEquations.ForwardError.RemainderBounds,SCC of source imports among project modules.
477,1,false,NumStability.Algorithms.LinearSystems.Underdetermined.SeminormalEquations.ForwardError.UnderdeterminedSolve,SCC of source imports among project modules.
478,1,false,NumStability.Algorithms.LinearSystems.Underdetermined.SeminormalEquations.Householder.EndToEnd,SCC of source imports among project modules.
479,1,false,NumStability.Algorithms.LinearSystems.Underdetermined.SeminormalEquations.Householder.Uniform,SCC of source imports among project modules.
480,1,false,NumStability.Algorithms.LinearSystems.Underdetermined.SeminormalEquations.HouseholderClosure.Closure,SCC of source imports among project modules.
481,1,false,NumStability.Algorithms.LinearSystems.Underdetermined.SeminormalEquations.HouseholderClosure.Uniform,SCC of source imports among project modules.
482,1,false,NumStability.Algorithms.LinearSystems.Underdetermined.SeminormalEquations.QRTransfer.EnvelopeTransfer,SCC of source imports among project modules.
483,1,false,NumStability.Algorithms.LinearSystems.Underdetermined.SeminormalEquations.QRTransfer.QRMajorant,SCC of source imports among project modules.
484,1,false,NumStability.Algorithms.LinearSystems.Underdetermined.SeminormalEquations.QRTransfer.Signed,SCC of source imports among project modules.
485,1,false,NumStability.Algorithms.LinearSystems.Underdetermined.SeminormalEquations.TriangularSolves.EnvelopeTransfer,SCC of source imports among project modules.
486,1,false,NumStability.Algorithms.LinearSystems.Underdetermined.SeminormalEquations.TriangularSolves.UnderdeterminedSolve,SCC of source imports among project modules.
487,1,false,NumStability.Algorithms.LinearSystems.Underdetermined.SeminormalEquations.Uniform.Core,SCC of source imports among project modules.
488,1,false,NumStability.Algorithms.LogExpProduct,SCC of source imports among project modules.
489,1,false,NumStability.Algorithms.MMatrix,SCC of source imports among project modules.
490,1,false,NumStability.Algorithms.MatMul,SCC of source imports among project modules.
491,1,false,NumStability.Algorithms.MatMulBackwardError,SCC of source imports among project modules.
492,1,false,NumStability.Algorithms.MatSeqProduct,SCC of source imports among project modules.
493,1,false,NumStability.Algorithms.MatVec,SCC of source imports among project modules.
494,1,false,NumStability.Algorithms.MatrixEquations,SCC of source imports among project modules.
495,1,false,NumStability.Algorithms.MatrixEquations.Sylvester,SCC of source imports among project modules.
496,1,false,NumStability.Algorithms.MatrixEquations.Sylvester.BackwardError,SCC of source imports among project modules.
497,1,false,NumStability.Algorithms.MatrixEquations.Sylvester.BackwardError.All,SCC of source imports among project modules.
498,1,false,NumStability.Algorithms.MatrixEquations.Sylvester.BackwardError.LyapunovSpectral,SCC of source imports among project modules.
499,1,false,NumStability.Algorithms.MatrixEquations.Sylvester.BackwardError.Specification,SCC of source imports among project modules.
500,1,false,NumStability.Algorithms.MatrixEquations.Sylvester.BackwardError.SylvesterSVD,SCC of source imports among project modules.
501,1,false,NumStability.Algorithms.MatrixEquations.Sylvester.Conditioning,SCC of source imports among project modules.
502,1,false,NumStability.Algorithms.MatrixEquations.Sylvester.Conditioning.All,SCC of source imports among project modules.
503,1,false,NumStability.Algorithms.MatrixEquations.Sylvester.Conditioning.AttainedMinima,SCC of source imports among project modules.
504,1,false,NumStability.Algorithms.MatrixEquations.Sylvester.Conditioning.AttainedMinima.All,SCC of source imports among project modules.
505,1,false,NumStability.Algorithms.MatrixEquations.Sylvester.Conditioning.AttainedMinima.BackwardError,SCC of source imports among project modules.
506,1,false,NumStability.Algorithms.MatrixEquations.Sylvester.Conditioning.AttainedMinima.Separation,SCC of source imports among project modules.
507,1,false,NumStability.Algorithms.MatrixEquations.Sylvester.Conditioning.AutomaticBounds,SCC of source imports among project modules.
508,1,false,NumStability.Algorithms.MatrixEquations.Sylvester.Conditioning.AutomaticBounds.All,SCC of source imports among project modules.
509,1,false,NumStability.Algorithms.MatrixEquations.Sylvester.Conditioning.AutomaticBounds.GramPositivity,SCC of source imports among project modules.
510,1,false,NumStability.Algorithms.MatrixEquations.Sylvester.Conditioning.FirstOrder,SCC of source imports among project modules.
511,1,false,NumStability.Algorithms.MatrixEquations.Sylvester.Conditioning.PracticalErrorBounds,SCC of source imports among project modules.
512,1,false,NumStability.Algorithms.MatrixEquations.Sylvester.Conditioning.PracticalEstimator,SCC of source imports among project modules.
513,1,false,NumStability.Algorithms.MatrixEquations.Sylvester.Conditioning.PracticalEstimator.All,SCC of source imports among project modules.
514,1,false,NumStability.Algorithms.MatrixEquations.Sylvester.Conditioning.PracticalEstimator.OneNorm,SCC of source imports among project modules.
515,1,false,NumStability.Algorithms.MatrixEquations.Sylvester.Conditioning.Separation,SCC of source imports among project modules.
516,1,false,NumStability.Algorithms.MatrixEquations.Sylvester.Conditioning.SigmaMinBounds,SCC of source imports among project modules.
517,1,false,NumStability.Algorithms.MatrixEquations.Sylvester.Conditioning.SigmaMinBounds.All,SCC of source imports among project modules.
518,1,false,NumStability.Algorithms.MatrixEquations.Sylvester.Conditioning.SigmaMinBounds.Lyapunov,SCC of source imports among project modules.
519,1,false,NumStability.Algorithms.MatrixEquations.Sylvester.Conditioning.SigmaMinBounds.StructuredSylvester,SCC of source imports among project modules.
520,1,false,NumStability.Algorithms.MatrixEquations.Sylvester.Conditioning.SigmaMinBounds.SylvesterPerturbation,SCC of source imports among project modules.
521,1,false,NumStability.Algorithms.MatrixEquations.Sylvester.Conditioning.SigmaMinBounds.Vectorized,SCC of source imports among project modules.
522,1,false,NumStability.Algorithms.MatrixEquations.Sylvester.Conditioning.SingularValue,SCC of source imports among project modules.
523,1,false,NumStability.Algorithms.MatrixEquations.Sylvester.Conditioning.StructuredLyapunov,SCC of source imports among project modules.
524,1,false,NumStability.Algorithms.MatrixEquations.Sylvester.Conditioning.StructuredSylvester,SCC of source imports among project modules.
525,1,false,NumStability.Algorithms.MatrixEquations.Sylvester.Equation,SCC of source imports among project modules.
526,1,false,NumStability.Algorithms.MatrixEquations.Sylvester.Equation.All,SCC of source imports among project modules.
527,1,false,NumStability.Algorithms.MatrixEquations.Sylvester.Equation.Basic,SCC of source imports among project modules.
528,1,false,NumStability.Algorithms.MatrixEquations.Sylvester.Equation.Diagonal,SCC of source imports among project modules.
529,1,false,NumStability.Algorithms.MatrixEquations.Sylvester.Equation.Lyapunov,SCC of source imports among project modules.
530,1,false,NumStability.Algorithms.MatrixEquations.Sylvester.Equation.Rectangular,SCC of source imports among project modules.
531,1,false,NumStability.Algorithms.MatrixEquations.Sylvester.Equation.SchurCoordinates,SCC of source imports among project modules.
532,1,false,NumStability.Algorithms.MatrixEquations.Sylvester.Equation.Vectorization,SCC of source imports among project modules.
533,1,false,NumStability.Algorithms.MatrixEquations.Sylvester.Equation.VectorizationIdentities,SCC of source imports among project modules.
534,1,false,NumStability.Algorithms.MatrixEquations.Sylvester.Equation.VectorizationIdentities.All,SCC of source imports among project modules.
535,1,false,NumStability.Algorithms.MatrixEquations.Sylvester.Equation.VectorizationIdentities.KroneckerPermutation,SCC of source imports among project modules.
536,1,false,NumStability.Algorithms.MatrixEquations.Sylvester.GeneralizedEquations,SCC of source imports among project modules.
537,1,false,NumStability.Algorithms.MatrixEquations.Sylvester.GeneralizedEquations.All,SCC of source imports among project modules.
538,1,false,NumStability.Algorithms.MatrixEquations.Sylvester.GeneralizedEquations.Basic,SCC of source imports among project modules.
539,1,false,NumStability.Algorithms.MatrixEquations.Sylvester.Perturbation,SCC of source imports among project modules.
540,1,false,NumStability.Algorithms.MatrixEquations.Sylvester.Perturbation.All,SCC of source imports among project modules.
541,1,false,NumStability.Algorithms.MatrixEquations.Sylvester.Perturbation.Basic,SCC of source imports among project modules.
542,1,false,NumStability.Algorithms.MatrixEquations.Sylvester.Perturbation.SeparationBounds,SCC of source imports among project modules.
543,1,false,NumStability.Algorithms.MatrixEquations.Sylvester.Perturbation.Vectorization,SCC of source imports among project modules.
544,1,false,NumStability.Algorithms.MatrixEquations.Sylvester.Solvers,SCC of source imports among project modules.
545,1,false,NumStability.Algorithms.MatrixEquations.Sylvester.Solvers.ComplexSchur,SCC of source imports among project modules.
546,1,false,NumStability.Algorithms.MatrixEquations.Sylvester.Solvers.ComplexSchur.All,SCC of source imports among project modules.
547,1,false,NumStability.Algorithms.MatrixEquations.Sylvester.Solvers.ComplexSchur.Existence,SCC of source imports among project modules.
548,1,false,NumStability.Algorithms.MatrixEquations.Sylvester.Solvers.ComplexSchur.SpectralSolvability,SCC of source imports among project modules.
549,1,false,NumStability.Algorithms.MatrixEquations.Sylvester.Solvers.ComplexSchur.VectorizedSolvability,SCC of source imports among project modules.
550,1,false,NumStability.Algorithms.MatrixEquations.Sylvester.Solvers.HessenbergSchur,SCC of source imports among project modules.
551,1,false,NumStability.Algorithms.MatrixEquations.Sylvester.Solvers.HessenbergSchur.All,SCC of source imports among project modules.
552,1,false,NumStability.Algorithms.MatrixEquations.Sylvester.Solvers.PivotedSmallBlocks,SCC of source imports among project modules.
553,1,false,NumStability.Algorithms.MatrixEquations.Sylvester.Solvers.PivotedSmallBlocks.All,SCC of source imports among project modules.
554,1,false,NumStability.Algorithms.MatrixEquations.Sylvester.Solvers.PivotedSmallBlocks.CompletePivot,SCC of source imports among project modules.
555,1,false,NumStability.Algorithms.MatrixEquations.Sylvester.Solvers.QuasiTriangularBartelsStewart,SCC of source imports among project modules.
556,1,false,NumStability.Algorithms.MatrixEquations.Sylvester.Solvers.QuasiTriangularBartelsStewart.All,SCC of source imports among project modules.
557,1,false,NumStability.Algorithms.MatrixEquations.Sylvester.Solvers.QuasiTriangularBartelsStewart.BlockTraversal,SCC of source imports among project modules.
558,1,false,NumStability.Algorithms.MatrixEquations.Sylvester.Solvers.QuasiTriangularBartelsStewart.Executor,SCC of source imports among project modules.
559,1,false,NumStability.Algorithms.MatrixEquations.Sylvester.Solvers.QuasiTriangularBartelsStewart.QuasiQuasiSolve,SCC of source imports among project modules.
560,1,false,NumStability.Algorithms.MatrixEquations.Sylvester.Solvers.QuasiTriangularBartelsStewart.QuasiTriangularSolve,SCC of source imports among project modules.
561,1,false,NumStability.Algorithms.MatrixEquations.Sylvester.Solvers.QuasiTriangularBartelsStewart.QuasiTriangularSylvester,SCC of source imports among project modules.
562,1,false,NumStability.Algorithms.MatrixEquations.Sylvester.Solvers.QuasiTriangularBartelsStewart.SmallSystemRounding,SCC of source imports among project modules.
563,1,false,NumStability.Algorithms.MatrixEquations.Sylvester.Solvers.TriangularBartelsStewart,SCC of source imports among project modules.
564,1,false,NumStability.Algorithms.MatrixEquations.Sylvester.Solvers.TriangularBartelsStewart.All,SCC of source imports among project modules.
565,1,false,NumStability.Algorithms.MatrixEquations.Sylvester.Solvers.TriangularBartelsStewart.EndToEnd,SCC of source imports among project modules.
566,1,false,NumStability.Algorithms.MatrixEquations.Sylvester.Solvers.TriangularBartelsStewart.ResidualAssembly,SCC of source imports among project modules.
567,1,false,NumStability.Algorithms.MatrixEquations.Sylvester.Solvers.TriangularBartelsStewart.RoundedSolve,SCC of source imports among project modules.
568,1,false,NumStability.Algorithms.MatrixInversion,SCC of source imports among project modules.
569,1,false,NumStability.Algorithms.MatrixInversion.LUFactors,SCC of source imports among project modules.
570,1,false,NumStability.Algorithms.MatrixInversion.LUFactors.ErrorAnalysis,SCC of source imports among project modules.
571,1,false,NumStability.Algorithms.MatrixInversion.LUFactors.ErrorAnalysis.MatrixInversion,SCC of source imports among project modules.
572,1,false,NumStability.Algorithms.MatrixInversion.LUFactors.Methods,SCC of source imports among project modules.
573,1,false,NumStability.Algorithms.MatrixInversion.LUFactors.Methods.MatrixInversion,SCC of source imports among project modules.
574,1,false,NumStability.Algorithms.MatrixInversion.Residuals,SCC of source imports among project modules.
575,1,false,NumStability.Algorithms.MatrixInversion.Residuals.MatrixInversion,SCC of source imports among project modules.
576,1,false,NumStability.Algorithms.MatrixInversion.Triangular,SCC of source imports among project modules.
577,1,false,NumStability.Algorithms.MatrixInversion.Triangular.ErrorAnalysis,SCC of source imports among project modules.
578,1,false,NumStability.Algorithms.MatrixInversion.Triangular.ErrorAnalysis.MatrixInversion,SCC of source imports among project modules.
579,1,false,NumStability.Algorithms.MatrixInversion.Triangular.Specifications,SCC of source imports among project modules.
580,1,false,NumStability.Algorithms.MatrixInversion.Triangular.Specifications.MatrixInversion,SCC of source imports among project modules.
581,1,false,NumStability.Algorithms.MatrixInversionMethod2BInstance,SCC of source imports among project modules.
582,1,false,NumStability.Algorithms.MatrixPowers,SCC of source imports among project modules.
583,1,false,NumStability.Algorithms.MatrixPowers.ComputedIteration,SCC of source imports among project modules.
584,1,false,NumStability.Algorithms.MatrixPowers.ComputedIteration.All,SCC of source imports among project modules.
585,1,false,NumStability.Algorithms.MatrixPowers.ComputedIteration.Model,SCC of source imports among project modules.
586,1,false,NumStability.Algorithms.MatrixPowersComplex,SCC of source imports among project modules.
587,1,false,NumStability.Algorithms.MatrixPowersJordan,SCC of source imports among project modules.
588,1,false,NumStability.Algorithms.MatrixPowersLp,SCC of source imports among project modules.
589,1,false,NumStability.Algorithms.MatrixPowersLpJordan,SCC of source imports among project modules.
590,1,false,NumStability.Algorithms.MatrixPowersPseudospectral,SCC of source imports among project modules.
591,1,false,NumStability.Algorithms.MatrixPowersPseudospectralCriterion,SCC of source imports among project modules.
592,1,false,NumStability.Algorithms.MatrixPowersSpectral,SCC of source imports among project modules.
593,1,false,NumStability.Algorithms.NeumaierCompensatedFiniteFormat,SCC of source imports among project modules.
594,1,false,NumStability.Algorithms.Nonlinear.Higham25,SCC of source imports among project modules.
595,1,false,NumStability.Algorithms.Nonlinear.Higham25EigenClosure,SCC of source imports among project modules.
596,1,false,NumStability.Algorithms.Nonlinear.Higham25Problem25_1,SCC of source imports among project modules.
597,1,false,NumStability.Algorithms.Norm2,SCC of source imports among project modules.
598,1,false,NumStability.Algorithms.NormEstimation,SCC of source imports among project modules.
599,1,false,NumStability.Algorithms.NormEstimation.OneNorm,SCC of source imports among project modules.
600,1,false,NumStability.Algorithms.NormEstimation.OneNorm.All,SCC of source imports among project modules.
601,1,false,NumStability.Algorithms.NormEstimation.OneNorm.FiniteIndex.Basic,SCC of source imports among project modules.
602,1,false,NumStability.Algorithms.NormEstimation.OneNorm.GeneralIndex,SCC of source imports among project modules.
603,1,false,NumStability.Algorithms.NormEstimation.OneNorm.LAPACK.Basic,SCC of source imports among project modules.
604,1,false,NumStability.Algorithms.NormEstimation.OneNorm.LINPACK.Basic,SCC of source imports among project modules.
605,1,false,NumStability.Algorithms.NormEstimation.OneNorm.PowerMethod.CondEstimation,SCC of source imports among project modules.
606,1,false,NumStability.Algorithms.NormEstimation.OneNorm.PowerMethod.PNormPowerMethod,SCC of source imports among project modules.
607,1,false,NumStability.Algorithms.NormEstimation.PNorm,SCC of source imports among project modules.
608,1,false,NumStability.Algorithms.NormEstimation.PNorm.All,SCC of source imports among project modules.
609,1,false,NumStability.Algorithms.NormEstimation.PNorm.Boyd,SCC of source imports among project modules.
610,1,false,NumStability.Algorithms.NormEstimation.PNorm.Boyd.Carrier.BoydInterface,SCC of source imports among project modules.
611,1,false,NumStability.Algorithms.NormEstimation.PNorm.Boyd.Carrier.BoydLocal,SCC of source imports among project modules.
612,1,false,NumStability.Algorithms.NormEstimation.PNorm.Boyd.Differentiation.BoydDomain,SCC of source imports among project modules.
613,1,false,NumStability.Algorithms.NormEstimation.PNorm.Boyd.Differentiation.BoydInterface,SCC of source imports among project modules.
614,1,false,NumStability.Algorithms.NormEstimation.PNorm.Boyd.Differentiation.BoydLocal,SCC of source imports among project modules.
615,1,false,NumStability.Algorithms.NormEstimation.PNorm.Boyd.Differentiation.PNormGeneral,SCC of source imports among project modules.
616,1,false,NumStability.Algorithms.NormEstimation.PNorm.Boyd.FixedPoints.BoydConcrete,SCC of source imports among project modules.
617,1,false,NumStability.Algorithms.NormEstimation.PNorm.Boyd.FixedPoints.BoydInterface,SCC of source imports among project modules.
618,1,false,NumStability.Algorithms.NormEstimation.PNorm.Boyd.FixedPoints.BoydLocal,SCC of source imports among project modules.
619,1,false,NumStability.Algorithms.NormEstimation.PNorm.Boyd.LocalStability.BoydConcrete,SCC of source imports among project modules.
620,1,false,NumStability.Algorithms.NormEstimation.PNorm.Boyd.LocalStability.BoydInterface,SCC of source imports among project modules.
621,1,false,NumStability.Algorithms.NormEstimation.PNorm.Boyd.LocalStability.BoydLocal,SCC of source imports among project modules.
622,1,false,NumStability.Algorithms.NormEstimation.PNorm.Boyd.LocalStability.BoydLocalStability,SCC of source imports among project modules.
623,1,false,NumStability.Algorithms.NormEstimation.PNorm.Boyd.RowwiseDomain.Basic,SCC of source imports among project modules.
624,1,false,NumStability.Algorithms.NormEstimation.PNorm.Boyd.Scalar.BoydDomain,SCC of source imports among project modules.
625,1,false,NumStability.Algorithms.NormEstimation.PNorm.Boyd.Scalar.BoydLocal,SCC of source imports among project modules.
626,1,false,NumStability.Algorithms.NormEstimation.PNorm.Boyd.Scalar.BoydRowwise,SCC of source imports among project modules.
627,1,false,NumStability.Algorithms.NormEstimation.PNorm.Boyd.SecondVariation.BoydConcrete,SCC of source imports among project modules.
628,1,false,NumStability.Algorithms.NormEstimation.PNorm.Boyd.SecondVariation.BoydLocal,SCC of source imports among project modules.
629,1,false,NumStability.Algorithms.NormEstimation.PNorm.Boyd.Uniqueness.Basic,SCC of source imports among project modules.
630,1,false,NumStability.Algorithms.NormEstimation.PNorm.Convergence.BoydConcrete,SCC of source imports among project modules.
631,1,false,NumStability.Algorithms.NormEstimation.PNorm.Convergence.BoydInterface,SCC of source imports among project modules.
632,1,false,NumStability.Algorithms.NormEstimation.PNorm.Convergence.ConvergenceStatements,SCC of source imports among project modules.
633,1,false,NumStability.Algorithms.NormEstimation.PNorm.Duality.BoydInterface,SCC of source imports among project modules.
634,1,false,NumStability.Algorithms.NormEstimation.PNorm.Duality.BoydUniqueness,SCC of source imports among project modules.
635,1,false,NumStability.Algorithms.NormEstimation.PNorm.Duality.ConvergenceStatements,SCC of source imports among project modules.
636,1,false,NumStability.Algorithms.NormEstimation.PNorm.Duality.PNormGeneral,SCC of source imports among project modules.
637,1,false,NumStability.Algorithms.NormEstimation.PNorm.Duality.PNormPowerMethod,SCC of source imports among project modules.
638,1,false,NumStability.Algorithms.NormEstimation.PNorm.Endpoints.ConvergenceStatements,SCC of source imports among project modules.
639,1,false,NumStability.Algorithms.NormEstimation.PNorm.Endpoints.PNormRectangular,SCC of source imports among project modules.
640,1,false,NumStability.Algorithms.NormEstimation.PNorm.OneAndInfinityNorms.Rectangular,SCC of source imports among project modules.
641,1,false,NumStability.Algorithms.NormEstimation.PNorm.OneAndInfinityNorms.Square,SCC of source imports among project modules.
642,1,false,NumStability.Algorithms.NormEstimation.PNorm.PowerMethod.BoydConcrete,SCC of source imports among project modules.
643,1,false,NumStability.Algorithms.NormEstimation.PNorm.PowerMethod.BoydInterface,SCC of source imports among project modules.
644,1,false,NumStability.Algorithms.NormEstimation.PNorm.PowerMethod.PNormGeneral,SCC of source imports among project modules.
645,1,false,NumStability.Algorithms.NormEstimation.PNorm.PowerMethod.PNormPowerMethod,SCC of source imports among project modules.
646,1,false,NumStability.Algorithms.NormEstimation.PNorm.Rectangular.BoydInterface,SCC of source imports among project modules.
647,1,false,NumStability.Algorithms.NormEstimation.PNorm.Rectangular.PNormGeneral,SCC of source imports among project modules.
648,1,false,NumStability.Algorithms.NormEstimation.PNorm.Rectangular.PNormRectangular,SCC of source imports among project modules.
649,1,false,NumStability.Algorithms.NormEstimation.PNorm.Rectangular.RectangularTermination,SCC of source imports among project modules.
650,1,false,NumStability.Algorithms.NormEstimation.TwoNorm,SCC of source imports among project modules.
651,1,false,NumStability.Algorithms.NormEstimation.TwoNorm.All,SCC of source imports among project modules.
652,1,false,NumStability.Algorithms.NormEstimation.TwoNorm.Dixon,SCC of source imports among project modules.
653,1,false,NumStability.Algorithms.NormEstimation.TwoNorm.Dixon.Algebra.CondEstimators,SCC of source imports among project modules.
654,1,false,NumStability.Algorithms.NormEstimation.TwoNorm.Dixon.Algebra.DixonCompletion,SCC of source imports among project modules.
655,1,false,NumStability.Algorithms.NormEstimation.TwoNorm.Dixon.PowerBounds.CondEstimators,SCC of source imports among project modules.
656,1,false,NumStability.Algorithms.NormEstimation.TwoNorm.Dixon.PowerBounds.DixonCompletion,SCC of source imports among project modules.
657,1,false,NumStability.Algorithms.NormEstimation.TwoNorm.Dixon.Probability.DixonCompletion,SCC of source imports among project modules.
658,1,false,NumStability.Algorithms.NormEstimation.TwoNorm.Dixon.Probability.DixonProbability,SCC of source imports among project modules.
659,1,false,NumStability.Algorithms.OrderingExamples,SCC of source imports among project modules.
660,1,false,NumStability.Algorithms.OuterProduct,SCC of source imports among project modules.
661,1,false,NumStability.Algorithms.PNormPowerMethod,SCC of source imports among project modules.
662,1,false,NumStability.Algorithms.PNormPowerMethodGeneralP,SCC of source imports among project modules.
663,1,false,NumStability.Algorithms.PNormPowerMethodRect,SCC of source imports among project modules.
664,1,false,NumStability.Algorithms.PairwiseSum,SCC of source imports among project modules.
665,1,false,NumStability.Algorithms.PlusMinusSum,SCC of source imports among project modules.
666,1,false,NumStability.Algorithms.PolynomialEvaluation.DerivativeEvaluation.ErrorBounds,SCC of source imports among project modules.
667,1,false,NumStability.Algorithms.PolynomialEvaluation.ElementaryErrorBounds,SCC of source imports among project modules.
668,1,false,NumStability.Algorithms.PolynomialEvaluation.MatrixNorms,SCC of source imports among project modules.
669,1,false,NumStability.Algorithms.PolynomialEvaluation.RootProduct,SCC of source imports among project modules.
670,1,false,NumStability.Algorithms.PriestAccuracy,SCC of source imports among project modules.
671,1,false,NumStability.Algorithms.PriestDefectBounded,SCC of source imports among project modules.
672,1,false,NumStability.Algorithms.PriestFiniteFormat,SCC of source imports among project modules.
673,1,false,NumStability.Algorithms.Problem44SixTerm,SCC of source imports among project modules.
674,1,false,NumStability.Algorithms.QR.GivensMatrixStep,SCC of source imports among project modules.
675,1,false,NumStability.Algorithms.QR.GivensQR,SCC of source imports among project modules.
676,1,false,NumStability.Algorithms.QR.GivensSpec,SCC of source imports among project modules.
677,1,false,NumStability.Algorithms.QR.GramSchmidt,SCC of source imports among project modules.
678,1,false,NumStability.Algorithms.QR.GramSchmidtPolar,SCC of source imports among project modules.
679,1,false,NumStability.Algorithms.QR.Higham19,SCC of source imports among project modules.
680,1,false,NumStability.Algorithms.QR.Higham19Alg11CGSRounded,SCC of source imports among project modules.
681,1,false,NumStability.Algorithms.QR.Higham19Alg12MGSClosure,SCC of source imports among project modules.
682,1,false,NumStability.Algorithms.QR.Higham19Alg12MGSNonbreakdown,SCC of source imports among project modules.
683,1,false,NumStability.Algorithms.QR.Higham19Alg12MGSPaddedClosure,SCC of source imports among project modules.
684,1,false,NumStability.Algorithms.QR.Higham19Alg12MGSRepair,SCC of source imports among project modules.
685,1,false,NumStability.Algorithms.QR.Higham19Alg12MGSRounded,SCC of source imports among project modules.
686,1,false,NumStability.Algorithms.QR.Higham19Alg12MGSSourceRate,SCC of source imports among project modules.
687,1,false,NumStability.Algorithms.QR.Higham19FormedQ,SCC of source imports among project modules.
688,1,false,NumStability.Algorithms.QR.Higham19Labels,SCC of source imports among project modules.
689,1,false,NumStability.Algorithms.QR.Higham19Lemma3ActualSequence,SCC of source imports among project modules.
690,1,false,NumStability.Algorithms.QR.Higham19Lemma7Gamma4,SCC of source imports among project modules.
691,1,false,NumStability.Algorithms.QR.Higham19Lemma9DisjointSweep,SCC of source imports among project modules.
692,1,false,NumStability.Algorithms.QR.Higham19PolarNearest,SCC of source imports among project modules.
693,1,false,NumStability.Algorithms.QR.Higham19Problem19_10,SCC of source imports among project modules.
694,1,false,NumStability.Algorithms.QR.Higham19Problem19_9,SCC of source imports among project modules.
695,1,false,NumStability.Algorithms.QR.Higham19Problem6ActualStep,SCC of source imports among project modules.
696,1,false,NumStability.Algorithms.QR.Higham19Sensitivity,SCC of source imports among project modules.
697,1,false,NumStability.Algorithms.QR.Higham19SensitivityClosure,SCC of source imports among project modules.
698,1,false,NumStability.Algorithms.QR.Higham19StoredLoop,SCC of source imports among project modules.
699,1,false,NumStability.Algorithms.QR.Higham19StoredLoopAllPivots,SCC of source imports among project modules.
700,1,false,NumStability.Algorithms.QR.Higham19StoredLoopStrongModel,SCC of source imports among project modules.
701,1,false,NumStability.Algorithms.QR.Higham19SunBischof,SCC of source imports among project modules.
702,1,false,NumStability.Algorithms.QR.Higham19Theorem10ActualMatrix,SCC of source imports among project modules.
703,1,false,NumStability.Algorithms.QR.Higham19Theorem5Nonbreakdown,SCC of source imports among project modules.
704,1,false,NumStability.Algorithms.QR.Higham19Theorem5SourceClosure,SCC of source imports among project modules.
705,1,false,NumStability.Algorithms.QR.Higham19Theorem6ActualSource,SCC of source imports among project modules.
706,1,false,NumStability.Algorithms.QR.Higham19Thm6ColPivot,SCC of source imports among project modules.
707,1,false,NumStability.Algorithms.QR.Higham19Thm6ColPivotFull,SCC of source imports among project modules.
708,1,false,NumStability.Algorithms.QR.Higham19Thm6CoxHigham,SCC of source imports among project modules.
709,1,false,NumStability.Algorithms.QR.Higham19Thm6CoxHighamAssembly,SCC of source imports among project modules.
710,1,false,NumStability.Algorithms.QR.Higham19Thm6CoxHighamConcrete,SCC of source imports among project modules.
711,1,false,NumStability.Algorithms.QR.Higham19Thm6CoxHighamFull,SCC of source imports among project modules.
712,1,false,NumStability.Algorithms.QR.Higham19Thm6Elementwise,SCC of source imports among project modules.
713,1,false,NumStability.Algorithms.QR.Higham19Thm6ElementwiseEntry,SCC of source imports among project modules.
714,1,false,NumStability.Algorithms.QR.Higham19Thm6ElementwisePackaged,SCC of source imports among project modules.
715,1,false,NumStability.Algorithms.QR.Higham19Thm6Final,SCC of source imports among project modules.
716,1,false,NumStability.Algorithms.QR.Higham19Thm6Pivoted,SCC of source imports among project modules.
717,1,false,NumStability.Algorithms.QR.Higham19Thm6RowSpecific,SCC of source imports among project modules.
718,1,false,NumStability.Algorithms.QR.Higham19Thm6StrongModel,SCC of source imports among project modules.
719,1,false,NumStability.Algorithms.QR.Higham19TurnbullAitken,SCC of source imports among project modules.
720,1,false,NumStability.Algorithms.QR.Higham19WYApplicationClosure,SCC of source imports among project modules.
721,1,false,NumStability.Algorithms.QR.HouseholderApply,SCC of source imports among project modules.
722,1,false,NumStability.Algorithms.QR.HouseholderApplySupport,SCC of source imports among project modules.
723,1,false,NumStability.Algorithms.QR.HouseholderConstruction2,SCC of source imports among project modules.
724,1,false,NumStability.Algorithms.QR.HouseholderMatrixStep,SCC of source imports among project modules.
725,1,false,NumStability.Algorithms.QR.HouseholderOneStep,SCC of source imports among project modules.
726,1,false,NumStability.Algorithms.QR.HouseholderQApply,SCC of source imports among project modules.
727,1,false,NumStability.Algorithms.QR.HouseholderQR,SCC of source imports among project modules.
728,1,false,NumStability.Algorithms.QR.HouseholderQRSupport,SCC of source imports among project modules.
729,1,false,NumStability.Algorithms.QR.HouseholderReflector,SCC of source imports among project modules.
730,1,false,NumStability.Algorithms.QR.HouseholderSpec,SCC of source imports among project modules.
731,1,false,NumStability.Algorithms.QR.HouseholderSpecSupport,SCC of source imports among project modules.
732,1,false,NumStability.Algorithms.QR.QRSolve,SCC of source imports among project modules.
733,1,false,NumStability.Algorithms.Quadrature,SCC of source imports among project modules.
734,1,false,NumStability.Algorithms.RankOneUpdate,SCC of source imports among project modules.
735,1,false,NumStability.Algorithms.RecursiveSum,SCC of source imports among project modules.
736,1,false,NumStability.Algorithms.SoftwareIssues.Higham27,SCC of source imports among project modules.
737,1,false,NumStability.Algorithms.SoftwareIssues.Higham27Pythag,SCC of source imports among project modules.
738,1,false,NumStability.Algorithms.SquareDifference,SCC of source imports among project modules.
739,1,false,NumStability.Algorithms.StationaryIteration,SCC of source imports among project modules.
740,1,false,NumStability.Algorithms.StationaryIterationDrazin,SCC of source imports among project modules.
741,1,false,NumStability.Algorithms.StationaryIterationRounded,SCC of source imports among project modules.
742,1,false,NumStability.Algorithms.StationaryIterationSemiconvergent,SCC of source imports among project modules.
743,1,false,NumStability.Algorithms.StationaryIterationSemiconvergentExistence,SCC of source imports among project modules.
744,1,false,NumStability.Algorithms.StationaryIterationSeries,SCC of source imports among project modules.
745,1,false,NumStability.Algorithms.SumTree,SCC of source imports among project modules.
746,1,false,NumStability.Algorithms.Summation,SCC of source imports among project modules.
747,1,false,NumStability.Algorithms.Summation.Accumulator,SCC of source imports among project modules.
748,1,false,NumStability.Algorithms.Summation.Compensated,SCC of source imports among project modules.
749,1,false,NumStability.Algorithms.Summation.Compensated.Alternative,SCC of source imports among project modules.
750,1,false,NumStability.Algorithms.Summation.Compensated.Alternative.Core,SCC of source imports among project modules.
751,1,false,NumStability.Algorithms.Summation.Compensated.Alternative.ErrorBounds,SCC of source imports among project modules.
752,1,false,NumStability.Algorithms.Summation.Compensated.CorrectionFormula,SCC of source imports among project modules.
753,1,false,NumStability.Algorithms.Summation.Compensated.FastTwoSum,SCC of source imports among project modules.
754,1,false,NumStability.Algorithms.Summation.Compensated.FiniteFormat,SCC of source imports among project modules.
755,1,false,NumStability.Algorithms.Summation.Compensated.Kahan,SCC of source imports among project modules.
756,1,false,NumStability.Algorithms.Summation.Compensated.Kahan.Coefficients,SCC of source imports among project modules.
757,1,false,NumStability.Algorithms.Summation.Compensated.Kahan.Coefficients.Affine,SCC of source imports among project modules.
758,1,false,NumStability.Algorithms.Summation.Compensated.Kahan.Coefficients.Coupled,SCC of source imports among project modules.
759,1,false,NumStability.Algorithms.Summation.Compensated.Kahan.Core,SCC of source imports among project modules.
760,1,false,NumStability.Algorithms.Summation.Compensated.Kahan.ErrorBounds,SCC of source imports among project modules.
761,1,false,NumStability.Algorithms.Summation.Compensated.Kahan.Exactness,SCC of source imports among project modules.
762,1,false,NumStability.Algorithms.Summation.Compensated.Kahan.Finite,SCC of source imports among project modules.
763,1,false,NumStability.Algorithms.Summation.Compensated.Kahan.FiniteErrorBounds,SCC of source imports among project modules.
764,1,false,NumStability.Algorithms.Summation.Compensated.Kahan.FiniteFormat,SCC of source imports among project modules.
765,1,false,NumStability.Algorithms.Summation.Compensated.Kahan.Internal.FinFold,SCC of source imports among project modules.
766,1,false,NumStability.Algorithms.Summation.Compensated.Kahan.LocalCoefficients,SCC of source imports among project modules.
767,1,false,NumStability.Algorithms.Summation.Compensated.Kahan.Majorants,SCC of source imports among project modules.
768,1,false,NumStability.Algorithms.Summation.Compensated.Neumaier.AdaptiveFiniteFormat,SCC of source imports among project modules.
769,1,false,NumStability.Algorithms.Summation.Compensated.Neumaier.All,SCC of source imports among project modules.
770,1,false,NumStability.Algorithms.Summation.Compensated.Neumaier.ExactResidual,SCC of source imports among project modules.
771,1,false,NumStability.Algorithms.Summation.Compensated.Neumaier.FiniteExecutor,SCC of source imports among project modules.
772,1,false,NumStability.Algorithms.Summation.Compensated.NoGuard,SCC of source imports among project modules.
773,1,false,NumStability.Algorithms.Summation.Compensated.NoGuard.CorrectionFormula,SCC of source imports among project modules.
774,1,false,NumStability.Algorithms.Summation.Compensated.NoGuard.Modified,SCC of source imports among project modules.
775,1,false,NumStability.Algorithms.Summation.Compensated.NoGuard.Ordinary,SCC of source imports among project modules.
776,1,false,NumStability.Algorithms.Summation.Compensated.Priest.All,SCC of source imports among project modules.
777,1,false,NumStability.Algorithms.Summation.Compensated.Priest.FiniteFormat,SCC of source imports among project modules.
778,1,false,NumStability.Algorithms.Summation.DoublyCompensated,SCC of source imports among project modules.
779,1,false,NumStability.Algorithms.Summation.Insertion,SCC of source imports among project modules.
780,1,false,NumStability.Algorithms.Summation.Insertion.ActiveList,SCC of source imports among project modules.
781,1,false,NumStability.Algorithms.Summation.Insertion.Executor,SCC of source imports among project modules.
782,1,false,NumStability.Algorithms.Summation.Insertion.RunningError,SCC of source imports among project modules.
783,1,false,NumStability.Algorithms.Summation.Insertion.Schedule,SCC of source imports among project modules.
784,1,false,NumStability.Algorithms.Summation.Insertion.ScheduleExecution,SCC of source imports among project modules.
785,1,false,NumStability.Algorithms.Summation.Pairwise,SCC of source imports among project modules.
786,1,false,NumStability.Algorithms.Summation.Pairwise.Core,SCC of source imports among project modules.
787,1,false,NumStability.Algorithms.Summation.PlusMinus,SCC of source imports among project modules.
788,1,false,NumStability.Algorithms.Summation.Recursive,SCC of source imports among project modules.
789,1,false,NumStability.Algorithms.Summation.Recursive.Core,SCC of source imports among project modules.
790,1,false,NumStability.Algorithms.Summation.Tree,SCC of source imports among project modules.
791,1,false,NumStability.Algorithms.Summation.Tree.ArbitraryOrderError.All,SCC of source imports among project modules.
792,1,false,NumStability.Algorithms.Summation.Tree.ArbitraryOrderError.PivotNormalized,SCC of source imports among project modules.
793,1,false,NumStability.Algorithms.Summation.Tree.Balanced,SCC of source imports among project modules.
794,1,false,NumStability.Algorithms.Summation.Tree.Chain,SCC of source imports among project modules.
795,1,false,NumStability.Algorithms.Summation.Tree.Core,SCC of source imports among project modules.
796,1,false,NumStability.Algorithms.Summation.Tree.RecursiveBridge,SCC of source imports among project modules.
797,1,false,NumStability.Algorithms.Sylvester,SCC of source imports among project modules.
798,1,false,NumStability.Algorithms.Sylvester.Higham16,SCC of source imports among project modules.
799,1,false,NumStability.Algorithms.Sylvester.Higham16AutoCondition,SCC of source imports among project modules.
800,1,false,NumStability.Algorithms.Sylvester.Higham16Eq9Assembly,SCC of source imports among project modules.
801,1,false,NumStability.Algorithms.Sylvester.Higham16Eq9EndToEnd,SCC of source imports among project modules.
802,1,false,NumStability.Algorithms.Sylvester.Higham16HessenbergRounded,SCC of source imports among project modules.
803,1,false,NumStability.Algorithms.Sylvester.Higham16HessenbergSchur,SCC of source imports among project modules.
804,1,false,NumStability.Algorithms.Sylvester.Higham16Lyapunov,SCC of source imports among project modules.
805,1,false,NumStability.Algorithms.Sylvester.Higham16LyapunovSigmaMin,SCC of source imports among project modules.
806,1,false,NumStability.Algorithms.Sylvester.Higham16Minimizers,SCC of source imports among project modules.
807,1,false,NumStability.Algorithms.Sylvester.Higham16NormEstimator,SCC of source imports among project modules.
808,1,false,NumStability.Algorithms.Sylvester.Higham16PerturbationSigmaMin,SCC of source imports among project modules.
809,1,false,NumStability.Algorithms.Sylvester.Higham16PivotedSmallBlocks,SCC of source imports among project modules.
810,1,false,NumStability.Algorithms.Sylvester.Higham16Problem16_2,SCC of source imports among project modules.
811,1,false,NumStability.Algorithms.Sylvester.Higham16Psi,SCC of source imports among project modules.
812,1,false,NumStability.Algorithms.Sylvester.Higham16PsiSigmaMin,SCC of source imports among project modules.
813,1,false,NumStability.Algorithms.Sylvester.Higham16QuasiQuasiRounded,SCC of source imports among project modules.
814,1,false,NumStability.Algorithms.Sylvester.Higham16QuasiQuasiSylvester,SCC of source imports among project modules.
815,1,false,NumStability.Algorithms.Sylvester.Higham16QuasiRoundedSolve,SCC of source imports among project modules.
816,1,false,NumStability.Algorithms.Sylvester.Higham16QuasiRoundedSylvester,SCC of source imports among project modules.
817,1,false,NumStability.Algorithms.Sylvester.Higham16RoundedExecutor,SCC of source imports among project modules.
818,1,false,NumStability.Algorithms.Sylvester.Higham16RoundedTriangular,SCC of source imports among project modules.
819,1,false,NumStability.Algorithms.Sylvester.Higham16Spectrum,SCC of source imports among project modules.
820,1,false,NumStability.Algorithms.Sylvester.Higham16SpectrumMinimizers,SCC of source imports among project modules.
821,1,false,NumStability.Algorithms.Sylvester.Higham16VecNorm,SCC of source imports among project modules.
822,1,false,NumStability.Algorithms.Sylvester.Higham16VecPermutationNotes,SCC of source imports among project modules.
823,1,false,NumStability.Algorithms.Sylvester.SylvesterBackward,SCC of source imports among project modules.
824,1,false,NumStability.Algorithms.Sylvester.SylvesterPerturbation,SCC of source imports among project modules.
825,1,false,NumStability.Algorithms.Sylvester.SylvesterSpec,SCC of source imports among project modules.
826,1,false,NumStability.Algorithms.TestMatrices.Higham28,SCC of source imports among project modules.
827,1,false,NumStability.Algorithms.TestMatrices.Higham28Asymptotics,SCC of source imports among project modules.
828,1,false,NumStability.Algorithms.TestMatrices.Higham28Cauchy,SCC of source imports among project modules.
829,1,false,NumStability.Algorithms.TestMatrices.Higham28Companion,SCC of source imports among project modules.
830,1,false,NumStability.Algorithms.TestMatrices.Higham28CompanionSpectral,SCC of source imports among project modules.
831,1,false,NumStability.Algorithms.TestMatrices.Higham28Contracts,SCC of source imports among project modules.
832,1,false,NumStability.Algorithms.TestMatrices.Higham28Exact,SCC of source imports among project modules.
833,1,false,NumStability.Algorithms.TestMatrices.Higham28GaussianAbsoluteMoment,SCC of source imports among project modules.
834,1,false,NumStability.Algorithms.TestMatrices.Higham28GaussianDirection,SCC of source imports among project modules.
835,1,false,NumStability.Algorithms.TestMatrices.Higham28GaussianOrthogonal,SCC of source imports among project modules.
836,1,false,NumStability.Algorithms.TestMatrices.Higham28GaussianQRHaar,SCC of source imports among project modules.
837,1,false,NumStability.Algorithms.TestMatrices.Higham28Ginibre,SCC of source imports among project modules.
838,1,false,NumStability.Algorithms.TestMatrices.Higham28GinibreAbsoluteDetRecurrence,SCC of source imports among project modules.
839,1,false,NumStability.Algorithms.TestMatrices.Higham28GinibreAtlas,SCC of source imports among project modules.
840,1,false,NumStability.Algorithms.TestMatrices.Higham28GinibreCharacteristicProduct,SCC of source imports among project modules.
841,1,false,NumStability.Algorithms.TestMatrices.Higham28GinibreComplexPairs,SCC of source imports among project modules.
842,1,false,NumStability.Algorithms.TestMatrices.Higham28GinibreCorollary31Factor,SCC of source imports among project modules.
843,1,false,NumStability.Algorithms.TestMatrices.Higham28GinibreDeterminantIntegral,SCC of source imports among project modules.
844,1,false,NumStability.Algorithms.TestMatrices.Higham28GinibreDeterminantMoment,SCC of source imports among project modules.
845,1,false,NumStability.Algorithms.TestMatrices.Higham28GinibreDimensionTwo,SCC of source imports among project modules.
846,1,false,NumStability.Algorithms.TestMatrices.Higham28GinibreExpectationGlue,SCC of source imports among project modules.
847,1,false,NumStability.Algorithms.TestMatrices.Higham28GinibreFiniteFormula,SCC of source imports among project modules.
848,1,false,NumStability.Algorithms.TestMatrices.Higham28GinibreGaussianBridge,SCC of source imports among project modules.
849,1,false,NumStability.Algorithms.TestMatrices.Higham28GinibreIncidence,SCC of source imports among project modules.
850,1,false,NumStability.Algorithms.TestMatrices.Higham28GinibreIntegral,SCC of source imports among project modules.
851,1,false,NumStability.Algorithms.TestMatrices.Higham28GinibreJointDensity,SCC of source imports among project modules.
852,1,false,NumStability.Algorithms.TestMatrices.Higham28GinibreMeasure,SCC of source imports among project modules.
853,1,false,NumStability.Algorithms.TestMatrices.Higham28GinibreMultiplicity,SCC of source imports among project modules.
854,1,false,NumStability.Algorithms.TestMatrices.Higham28GinibreOrthogonalFiber,SCC of source imports among project modules.
855,1,false,NumStability.Algorithms.TestMatrices.Higham28GinibreParity,SCC of source imports among project modules.
856,1,false,NumStability.Algorithms.TestMatrices.Higham28GinibrePlaneChart,SCC of source imports among project modules.
857,1,false,NumStability.Algorithms.TestMatrices.Higham28GinibrePlaneIncidence,SCC of source imports among project modules.
858,1,false,NumStability.Algorithms.TestMatrices.Higham28GinibrePlaneSylvester,SCC of source imports among project modules.
859,1,false,NumStability.Algorithms.TestMatrices.Higham28GinibreProjectiveIntegral,SCC of source imports among project modules.
860,1,false,NumStability.Algorithms.TestMatrices.Higham28GinibreRecurrence,SCC of source imports among project modules.
861,1,false,NumStability.Algorithms.TestMatrices.Higham28GinibreRoots,SCC of source imports among project modules.
862,1,false,NumStability.Algorithms.TestMatrices.Higham28GinibreSignedConclusion,SCC of source imports among project modules.
863,1,false,NumStability.Algorithms.TestMatrices.Higham28GinibreSignedExpectation,SCC of source imports among project modules.
864,1,false,NumStability.Algorithms.TestMatrices.Higham28GinibreSignedGaussian,SCC of source imports among project modules.
865,1,false,NumStability.Algorithms.TestMatrices.Higham28GinibreSignedIncidence,SCC of source imports among project modules.
866,1,false,NumStability.Algorithms.TestMatrices.Higham28GinibreSignedIncidenceAlgebra,SCC of source imports among project modules.
867,1,false,NumStability.Algorithms.TestMatrices.Higham28GinibreSignedKernel,SCC of source imports among project modules.
868,1,false,NumStability.Algorithms.TestMatrices.Higham28GinibreSignedRank,SCC of source imports among project modules.
869,1,false,NumStability.Algorithms.TestMatrices.Higham28GinibreSignedRankTransfer,SCC of source imports among project modules.
870,1,false,NumStability.Algorithms.TestMatrices.Higham28GinibreSignedScalar,SCC of source imports among project modules.
871,1,false,NumStability.Algorithms.TestMatrices.Higham28GinibreTraceDensity,SCC of source imports among project modules.
872,1,false,NumStability.Algorithms.TestMatrices.Higham28GinibreTruncatedIncidence,SCC of source imports among project modules.
873,1,false,NumStability.Algorithms.TestMatrices.Higham28HaarFibers,SCC of source imports among project modules.
874,1,false,NumStability.Algorithms.TestMatrices.Higham28HilbertAsymptotic,SCC of source imports among project modules.
875,1,false,NumStability.Algorithms.TestMatrices.Higham28HilbertCondition,SCC of source imports among project modules.
876,1,false,NumStability.Algorithms.TestMatrices.Higham28HilbertRatioDiscrepancy,SCC of source imports among project modules.
877,1,false,NumStability.Algorithms.TestMatrices.Higham28Moments,SCC of source imports among project modules.
878,1,false,NumStability.Algorithms.TestMatrices.Higham28OrthogonalCoordinates,SCC of source imports among project modules.
879,1,false,NumStability.Algorithms.TestMatrices.Higham28OrthogonalFibers,SCC of source imports among project modules.
880,1,false,NumStability.Algorithms.TestMatrices.Higham28OrthogonalHaar,SCC of source imports among project modules.
881,1,false,NumStability.Algorithms.TestMatrices.Higham28OrthogonalSphere,SCC of source imports among project modules.
882,1,false,NumStability.Algorithms.TestMatrices.Higham28Pascal,SCC of source imports among project modules.
883,1,false,NumStability.Algorithms.TestMatrices.Higham28PascalCondition,SCC of source imports among project modules.
884,1,false,NumStability.Algorithms.TestMatrices.Higham28PascalDualFlag,SCC of source imports among project modules.
885,1,false,NumStability.Algorithms.TestMatrices.Higham28PascalOscillation,SCC of source imports among project modules.
886,1,false,NumStability.Algorithms.TestMatrices.Higham28PascalOscillationCore,SCC of source imports among project modules.
887,1,false,NumStability.Algorithms.TestMatrices.Higham28PascalOscillationExact,SCC of source imports among project modules.
888,1,false,NumStability.Algorithms.TestMatrices.Higham28PascalSpectral,SCC of source imports among project modules.
889,1,false,NumStability.Algorithms.TestMatrices.Higham28PascalTotalPositivity,SCC of source imports among project modules.
890,1,false,NumStability.Algorithms.TestMatrices.Higham28Probability,SCC of source imports among project modules.
891,1,false,NumStability.Algorithms.TestMatrices.Higham28RandsvdNorm,SCC of source imports among project modules.
892,1,false,NumStability.Algorithms.TestMatrices.Higham28ReciprocalSPD,SCC of source imports among project modules.
893,1,false,NumStability.Algorithms.TestMatrices.Higham28ShiftedHilbert,SCC of source imports among project modules.
894,1,false,NumStability.Algorithms.TestMatrices.Higham28Stewart,SCC of source imports among project modules.
895,1,false,NumStability.Algorithms.TestMatrices.Higham28StewartHaar,SCC of source imports among project modules.
896,1,false,NumStability.Algorithms.TestMatrices.Higham28StewartRawFiber,SCC of source imports among project modules.
897,1,false,NumStability.Algorithms.TestMatrices.Higham28StewartRecursion,SCC of source imports among project modules.
898,1,false,NumStability.Algorithms.TestMatrices.Higham28ToeplitzCondition,SCC of source imports among project modules.
899,1,false,NumStability.Algorithms.TestMatrices.Higham28ToeplitzGeneral,SCC of source imports among project modules.
900,1,false,NumStability.Algorithms.TestMatrices.Higham28ToeplitzSpectrum,SCC of source imports among project modules.
901,1,false,NumStability.Algorithms.TestMatrices.UpperTriangularStress,SCC of source imports among project modules.
902,1,false,NumStability.Algorithms.TreeDotProduct,SCC of source imports among project modules.
903,1,false,NumStability.Algorithms.TriangularArbitraryOrder,SCC of source imports among project modules.
904,1,false,NumStability.Algorithms.TriangularForwardBound,SCC of source imports among project modules.
905,1,false,NumStability.Algorithms.TriangularForwardComparison,SCC of source imports among project modules.
906,1,false,NumStability.Algorithms.TriangularNoGuard,SCC of source imports among project modules.
907,1,false,NumStability.Algorithms.TriangularSolve,SCC of source imports among project modules.
908,1,false,NumStability.Algorithms.TriangularSolveCombined,SCC of source imports among project modules.
909,1,false,NumStability.Algorithms.Underdetermined.Higham21,SCC of source imports among project modules.
910,1,false,NumStability.Algorithms.Underdetermined.Higham21Attainability,SCC of source imports among project modules.
911,1,false,NumStability.Algorithms.Underdetermined.Higham21Condition,SCC of source imports among project modules.
912,1,false,NumStability.Algorithms.Underdetermined.Higham21Eq21_11Uniform,SCC of source imports among project modules.
913,1,false,NumStability.Algorithms.Underdetermined.Higham21Eq21_8,SCC of source imports among project modules.
914,1,false,NumStability.Algorithms.Underdetermined.Higham21Eq21_9,SCC of source imports among project modules.
915,1,false,NumStability.Algorithms.Underdetermined.Higham21Equation21_11,SCC of source imports among project modules.
916,1,false,NumStability.Algorithms.Underdetermined.Higham21Equation21_11Scalar,SCC of source imports among project modules.
917,1,false,NumStability.Algorithms.Underdetermined.Higham21Givens,SCC of source imports among project modules.
918,1,false,NumStability.Algorithms.Underdetermined.Higham21GivensClosure,SCC of source imports among project modules.
919,1,false,NumStability.Algorithms.Underdetermined.Higham21GivensRounded,SCC of source imports among project modules.
920,1,false,NumStability.Algorithms.Underdetermined.Higham21MGS,SCC of source imports among project modules.
921,1,false,NumStability.Algorithms.Underdetermined.Higham21MGSRounded,SCC of source imports among project modules.
922,1,false,NumStability.Algorithms.Underdetermined.Higham21Perturbation,SCC of source imports among project modules.
923,1,false,NumStability.Algorithms.Underdetermined.Higham21PerturbationRadius,SCC of source imports among project modules.
924,1,false,NumStability.Algorithms.Underdetermined.Higham21ProjectorNorm,SCC of source imports among project modules.
925,1,false,NumStability.Algorithms.Underdetermined.Higham21QRFoundations,SCC of source imports among project modules.
926,1,false,NumStability.Algorithms.Underdetermined.Higham21RankStability,SCC of source imports among project modules.
927,1,false,NumStability.Algorithms.Underdetermined.Higham21RowwiseMeasure,SCC of source imports among project modules.
928,1,false,NumStability.Algorithms.Underdetermined.Higham21SNEActualOutput,SCC of source imports among project modules.
929,1,false,NumStability.Algorithms.Underdetermined.Higham21SNEClosure,SCC of source imports among project modules.
930,1,false,NumStability.Algorithms.Underdetermined.Higham21SNEConditionTransfer,SCC of source imports among project modules.
931,1,false,NumStability.Algorithms.Underdetermined.Higham21SNEEnvelopeTransfer,SCC of source imports among project modules.
932,1,false,NumStability.Algorithms.Underdetermined.Higham21SNEForward,SCC of source imports among project modules.
933,1,false,NumStability.Algorithms.Underdetermined.Higham21SNEQRMajorant,SCC of source imports among project modules.
934,1,false,NumStability.Algorithms.Underdetermined.Higham21SNERemainderBounds,SCC of source imports among project modules.
935,1,false,NumStability.Algorithms.Underdetermined.Higham21SNESigned,SCC of source imports among project modules.
936,1,false,NumStability.Algorithms.Underdetermined.Higham21SNEUniform,SCC of source imports among project modules.
937,1,false,NumStability.Algorithms.Underdetermined.Higham21Theorem214SourceClosure,SCC of source imports among project modules.
938,1,false,NumStability.Algorithms.Underdetermined.Higham21Theorem21_3Attainment,SCC of source imports among project modules.
939,1,false,NumStability.Algorithms.Underdetermined.UnderdeterminedSolve,SCC of source imports among project modules.
940,1,false,NumStability.Algorithms.Underdetermined.UnderdeterminedSpec,SCC of source imports among project modules.
941,1,false,NumStability.Algorithms.Vandermonde.Higham22,SCC of source imports among project modules.
942,1,false,NumStability.Algorithms.Vandermonde.Higham22Ch12RefinementBridge,SCC of source imports among project modules.
943,1,false,NumStability.Algorithms.Vandermonde.Higham22ComplexConfluentRefinementBridge,SCC of source imports among project modules.
944,1,false,NumStability.Algorithms.Vandermonde.Higham22MonomialClosure,SCC of source imports among project modules.
945,1,false,NumStability.Algorithms.Vandermonde.Higham22Problem22_7,SCC of source imports among project modules.
946,1,false,NumStability.Algorithms.WilkinsonAttainability,SCC of source imports among project modules.
947,1,false,NumStability.All,SCC of source imports among project modules.
948,1,false,NumStability.Analysis,SCC of source imports among project modules.
949,1,false,NumStability.Analysis.Accumulation,SCC of source imports among project modules.
950,1,false,NumStability.Analysis.AccuracyTests,SCC of source imports among project modules.
951,1,false,NumStability.Analysis.AlternativeNumberSystems,SCC of source imports among project modules.
952,1,false,NumStability.Analysis.Approximation.SineTaylor.OddDegreeFiveError.Theorems,SCC of source imports among project modules.
953,1,false,NumStability.Analysis.Asymptotics,SCC of source imports among project modules.
954,1,false,NumStability.Analysis.Asymptotics.Bounds,SCC of source imports among project modules.
955,1,false,NumStability.Analysis.Asymptotics.ExponentialBounds,SCC of source imports among project modules.
956,1,false,NumStability.Analysis.BeneficialRounding,SCC of source imports among project modules.
957,1,false,NumStability.Analysis.BergerGeneral,SCC of source imports among project modules.
958,1,false,NumStability.Analysis.BergerInequality,SCC of source imports among project modules.
959,1,false,NumStability.Analysis.BergerResolvent,SCC of source imports among project modules.
960,1,false,NumStability.Analysis.BrentBaseOptimality,SCC of source imports among project modules.
961,1,false,NumStability.Analysis.CStarMatrices,SCC of source imports among project modules.
962,1,false,NumStability.Analysis.CStarMatrices.Basic,SCC of source imports among project modules.
963,1,false,NumStability.Analysis.CStarMatrices.Basic.All,SCC of source imports among project modules.
964,1,false,NumStability.Analysis.CStarMatrices.Basic.RealMatrixBridge,SCC of source imports among project modules.
965,1,false,NumStability.Analysis.CStarMatrices.FiniteMatrixAlgebra,SCC of source imports among project modules.
966,1,false,NumStability.Analysis.CStarMatrices.FiniteMatrixAlgebra.BlockDiagonal,SCC of source imports among project modules.
967,1,false,NumStability.Analysis.CStarMatrices.FiniteMatrixAlgebra.BlockDiagonalCompression,SCC of source imports among project modules.
968,1,false,NumStability.Analysis.CStarMatrices.FiniteMatrixAlgebra.ColumnPair,SCC of source imports among project modules.
969,1,false,NumStability.Analysis.CStarMatrices.FiniteMatrixAlgebra.ColumnPairPinching,SCC of source imports among project modules.
970,1,false,NumStability.Analysis.CStarMatrices.FiniteMatrixAlgebra.ColumnPairRangeProjection,SCC of source imports among project modules.
971,1,false,NumStability.Analysis.CStarMatrices.FiniteMatrixAlgebra.ColumnPairRangeReflection,SCC of source imports among project modules.
972,1,false,NumStability.Analysis.CStarMatrices.FiniteMatrixAlgebra.FiniteDimensional,SCC of source imports among project modules.
973,1,false,NumStability.Analysis.CStarMatrices.FiniteMatrixAlgebra.FiniteMatrixOrder,SCC of source imports among project modules.
974,1,false,NumStability.Analysis.CStarMatrices.FiniteMatrixAlgebra.FiniteRealEmbedding,SCC of source imports among project modules.
975,1,false,NumStability.Analysis.CStarMatrices.FiniteMatrixAlgebra.FiniteRealOrder,SCC of source imports among project modules.
976,1,false,NumStability.Analysis.CStarMatrices.FiniteMatrixAlgebra.ProjectionReflection,SCC of source imports among project modules.
977,1,false,NumStability.Analysis.CStarMatrices.FiniteMatrixAlgebra.RectangularCompression,SCC of source imports among project modules.
978,1,false,NumStability.Analysis.CStarMatrices.FiniteMatrixAlgebra.RectangularMultiplication,SCC of source imports among project modules.
979,1,false,NumStability.Analysis.CStarMatrices.FiniteMatrixAlgebra.ReflectionAverage,SCC of source imports among project modules.
980,1,false,NumStability.Analysis.CStarMatrices.FiniteMatrixAlgebra.StrictPositivity,SCC of source imports among project modules.
981,1,false,NumStability.Analysis.CStarMatrixBridge,SCC of source imports among project modules.
982,1,false,NumStability.Analysis.CalculatorWords,SCC of source imports among project modules.
983,1,false,NumStability.Analysis.CancellationOfRoundingErrors,SCC of source imports among project modules.
984,1,false,NumStability.Analysis.Ch17SemiconvergentBlockFormSourceClosure,SCC of source imports among project modules.
985,1,false,NumStability.Analysis.Chopping,SCC of source imports among project modules.
986,1,false,NumStability.Analysis.ComplexArithmetic,SCC of source imports among project modules.
987,1,false,NumStability.Analysis.ComplexSqrt,SCC of source imports among project modules.
988,1,false,NumStability.Analysis.ConditionEstimatorLowerBound,SCC of source imports among project modules.
989,1,false,NumStability.Analysis.Conditioning,SCC of source imports among project modules.
990,1,false,NumStability.Analysis.Conditioning.DistanceToSingularity,SCC of source imports among project modules.
991,1,false,NumStability.Analysis.Conditioning.InversePerturbation,SCC of source imports among project modules.
992,1,false,NumStability.Analysis.Conditioning.LinearSystems.All,SCC of source imports among project modules.
993,1,false,NumStability.Analysis.Conditioning.LinearSystems.InversePerturbation,SCC of source imports among project modules.
994,1,false,NumStability.Analysis.Conditioning.LinearSystems.PerronFrobenius,SCC of source imports among project modules.
995,1,false,NumStability.Analysis.Conditioning.LinearSystems.SubordinatePerturbation,SCC of source imports among project modules.
996,1,false,NumStability.Analysis.Counting,SCC of source imports among project modules.
997,1,false,NumStability.Analysis.CramersRule,SCC of source imports among project modules.
998,1,false,NumStability.Analysis.DoubleRounding,SCC of source imports among project modules.
999,1,false,NumStability.Analysis.DunfordResidue,SCC of source imports among project modules.
1000,1,false,NumStability.Analysis.Equidistribution,SCC of source imports among project modules.
1001,1,false,NumStability.Analysis.Equidistribution.AddCircle,SCC of source imports among project modules.
1002,1,false,NumStability.Analysis.Error,SCC of source imports among project modules.
1003,1,false,NumStability.Analysis.Error.MatrixProducts,SCC of source imports among project modules.
1004,1,false,NumStability.Analysis.Error.MatrixProducts.Contracts,SCC of source imports among project modules.
1005,1,false,NumStability.Analysis.Error.MatrixProducts.Contracts.MatrixInversion,SCC of source imports among project modules.
1006,1,false,NumStability.Analysis.Error.MatrixProducts.EvaluationTrees,SCC of source imports among project modules.
1007,1,false,NumStability.Analysis.Error.MatrixProducts.EvaluationTrees.ProductErrorNotation,SCC of source imports among project modules.
1008,1,false,NumStability.Analysis.Error.Measures.AccuracyPrecision,SCC of source imports among project modules.
1009,1,false,NumStability.Analysis.Error.Measures.All,SCC of source imports among project modules.
1010,1,false,NumStability.Analysis.Error.Measures.Componentwise,SCC of source imports among project modules.
1011,1,false,NumStability.Analysis.Error.Measures.ScalarDefinitions,SCC of source imports among project modules.
1012,1,false,NumStability.Analysis.Error.Measures.ScalarProperties,SCC of source imports among project modules.
1013,1,false,NumStability.Analysis.Error.Measures.ScalarWitnesses,SCC of source imports among project modules.
1014,1,false,NumStability.Analysis.Error.RoundingProducts.All,SCC of source imports among project modules.
1015,1,false,NumStability.Analysis.Error.RoundingProducts.Core,SCC of source imports among project modules.
1016,1,false,NumStability.Analysis.FiniteProbability,SCC of source imports among project modules.
1017,1,false,NumStability.Analysis.FirstOrder,SCC of source imports among project modules.
1018,1,false,NumStability.Analysis.FirstOrder.AsymptoticFamilies,SCC of source imports among project modules.
1019,1,false,NumStability.Analysis.FirstOrder.FixedPrecision,SCC of source imports among project modules.
1020,1,false,NumStability.Analysis.FirstOrder.MatrixFamilies,SCC of source imports among project modules.
1021,1,false,NumStability.Analysis.FirstOrder.MatrixFamilies.AsymptoticFamilies,SCC of source imports among project modules.
1022,1,false,NumStability.Analysis.FirstOrderFramework,SCC of source imports among project modules.
1023,1,false,NumStability.Analysis.FloatingPointArithmetic,SCC of source imports among project modules.
1024,1,false,NumStability.Analysis.FloatingPointArithmetic.DoubleRounding.All,SCC of source imports among project modules.
1025,1,false,NumStability.Analysis.FloatingPointArithmetic.DoubleRounding.FiniteNormalRange,SCC of source imports among project modules.
1026,1,false,NumStability.Analysis.FloatingPointArithmetic.DoubleRounding.ToyBinary,SCC of source imports among project modules.
1027,1,false,NumStability.Analysis.FloatingPointArithmetic.ErrorModels.Additive,SCC of source imports among project modules.
1028,1,false,NumStability.Analysis.FloatingPointArithmetic.ErrorModels.AdditiveProperties,SCC of source imports among project modules.
1029,1,false,NumStability.Analysis.FloatingPointArithmetic.ErrorModels.All,SCC of source imports among project modules.
1030,1,false,NumStability.Analysis.FloatingPointArithmetic.ErrorModels.NoGuardBasic,SCC of source imports among project modules.
1031,1,false,NumStability.Analysis.FloatingPointArithmetic.ErrorModels.NoGuardModel,SCC of source imports among project modules.
1032,1,false,NumStability.Analysis.FloatingPointArithmetic.ExactSubtraction,SCC of source imports among project modules.
1033,1,false,NumStability.Analysis.FloatingPointArithmetic.Format,SCC of source imports among project modules.
1034,1,false,NumStability.Analysis.FloatingPointArithmetic.IeeeExceptions,SCC of source imports among project modules.
1035,1,false,NumStability.Analysis.FloatingPointArithmetic.IeeeOperations,SCC of source imports among project modules.
1036,1,false,NumStability.Analysis.FloatingPointArithmetic.IeeeSpecialValueOperations.Results,SCC of source imports among project modules.
1037,1,false,NumStability.Analysis.FloatingPointArithmetic.IeeeValue,SCC of source imports among project modules.
1038,1,false,NumStability.Analysis.FloatingPointArithmetic.MidpointRounding.All,SCC of source imports among project modules.
1039,1,false,NumStability.Analysis.FloatingPointArithmetic.MidpointRounding.DecimalTieExamples,SCC of source imports among project modules.
1040,1,false,NumStability.Analysis.FloatingPointArithmetic.NearestRoundingError,SCC of source imports among project modules.
1041,1,false,NumStability.Analysis.FloatingPointArithmetic.RoundToEvenLocalError,SCC of source imports among project modules.
1042,1,false,NumStability.Analysis.FloatingPointArithmetic.Rounding,SCC of source imports among project modules.
1043,1,false,NumStability.Analysis.FloatingPointArithmetic.StandardModel,SCC of source imports among project modules.
1044,1,false,NumStability.Analysis.FloatingPointArithmetic.TrigonometricCancellation.All,SCC of source imports among project modules.
1045,1,false,NumStability.Analysis.FloatingPointArithmetic.TrigonometricCancellation.Core,SCC of source imports among project modules.
1046,1,false,NumStability.Analysis.ForwardError,SCC of source imports among project modules.
1047,1,false,NumStability.Analysis.FunctionalCalculus,SCC of source imports among project modules.
1048,1,false,NumStability.Analysis.FunctionalCalculus.Resolvent,SCC of source imports among project modules.
1049,1,false,NumStability.Analysis.FunctionalCalculus.Resolvent.All,SCC of source imports among project modules.
1050,1,false,NumStability.Analysis.FunctionalCalculus.Resolvent.Analyticity,SCC of source imports among project modules.
1051,1,false,NumStability.Analysis.FunctionalCalculus.Resolvent.DunfordResidue,SCC of source imports among project modules.
1052,1,false,NumStability.Analysis.FusedMultiplyAdd,SCC of source imports among project modules.
1053,1,false,NumStability.Analysis.HenriciExtremal,SCC of source imports among project modules.
1054,1,false,NumStability.Analysis.HenriciSharpConstant,SCC of source imports among project modules.
1055,1,false,NumStability.Analysis.HenriciSharpConstantExact,SCC of source imports among project modules.
1056,1,false,NumStability.Analysis.Heron,SCC of source imports among project modules.
1057,1,false,NumStability.Analysis.Higham6Asides,SCC of source imports among project modules.
1058,1,false,NumStability.Analysis.Higham6BlockAntidiag,SCC of source imports among project modules.
1059,1,false,NumStability.Analysis.HighamChapter2ElementaryFunctions,SCC of source imports among project modules.
1060,1,false,NumStability.Analysis.HighamChapter2FmaDiscriminant,SCC of source imports among project modules.
1061,1,false,NumStability.Analysis.HighamChapter2GradualUnderflowExact,SCC of source imports among project modules.
1062,1,false,NumStability.Analysis.HighamChapter2Lindemann,SCC of source imports among project modules.
1063,1,false,NumStability.Analysis.HighamChapter2PowerLeadingDigits,SCC of source imports among project modules.
1064,1,false,NumStability.Analysis.HighamChapter2Tablemaker,SCC of source imports among project modules.
1065,1,false,NumStability.Analysis.HighamChapter6Duality,SCC of source imports among project modules.
1066,1,false,NumStability.Analysis.HighamChapter7,SCC of source imports among project modules.
1067,1,false,NumStability.Analysis.HighamChapter7Rectangular,SCC of source imports among project modules.
1068,1,false,NumStability.Analysis.IncreasingPrecision,SCC of source imports among project modules.
1069,1,false,NumStability.Analysis.InstabilityWithoutCancellation,SCC of source imports among project modules.
1070,1,false,NumStability.Analysis.InverseOpNorm2,SCC of source imports among project modules.
1071,1,false,NumStability.Analysis.JordanNormalForm,SCC of source imports among project modules.
1072,1,false,NumStability.Analysis.LeadingDigitDistribution,SCC of source imports among project modules.
1073,1,false,NumStability.Analysis.LeadingDigits,SCC of source imports among project modules.
1074,1,false,NumStability.Analysis.LeadingDigits.Decimal,SCC of source imports among project modules.
1075,1,false,NumStability.Analysis.LeadingDigits.DecimalPowers,SCC of source imports among project modules.
1076,1,false,NumStability.Analysis.LeadingDigits.Empirical,SCC of source imports among project modules.
1077,1,false,NumStability.Analysis.LeadingDigits.LogarithmicDistribution,SCC of source imports among project modules.
1078,1,false,NumStability.Analysis.LinearOperators,SCC of source imports among project modules.
1079,1,false,NumStability.Analysis.LinearOperators.Basic,SCC of source imports among project modules.
1080,1,false,NumStability.Analysis.LinearOperators.Jordan,SCC of source imports among project modules.
1081,1,false,NumStability.Analysis.LinearOperators.Jordan.NormalForm,SCC of source imports among project modules.
1082,1,false,NumStability.Analysis.LinearOperators.Jordan.NormalForm.All,SCC of source imports among project modules.
1083,1,false,NumStability.Analysis.LinearOperators.Jordan.NormalForm.NilpotentChains,SCC of source imports among project modules.
1084,1,false,NumStability.Analysis.LinearOperators.Jordan.NormalForm.PrimaryDecomposition,SCC of source imports among project modules.
1085,1,false,NumStability.Analysis.LinearOperators.MatrixPowers,SCC of source imports among project modules.
1086,1,false,NumStability.Analysis.LinearOperators.MatrixPowers.BaiDemmelGu,SCC of source imports among project modules.
1087,1,false,NumStability.Analysis.LinearOperators.MatrixPowers.BaiDemmelGu.All,SCC of source imports among project modules.
1088,1,false,NumStability.Analysis.LinearOperators.MatrixPowers.BaiDemmelGu.DistanceToInstability,SCC of source imports among project modules.
1089,1,false,NumStability.Analysis.LinearOperators.MatrixPowers.BaiDemmelGu.StabilityRadius,SCC of source imports among project modules.
1090,1,false,NumStability.Analysis.LinearOperators.MatrixPowers.ExactNormBounds,SCC of source imports among project modules.
1091,1,false,NumStability.Analysis.LinearOperators.MatrixPowers.ExactNormBounds.All,SCC of source imports among project modules.
1092,1,false,NumStability.Analysis.LinearOperators.MatrixPowers.ExactNormBounds.Complex,SCC of source imports among project modules.
1093,1,false,NumStability.Analysis.LinearOperators.MatrixPowers.ExactNormBounds.NormalMatrices,SCC of source imports among project modules.
1094,1,false,NumStability.Analysis.LinearOperators.MatrixPowers.ExactNormBounds.NormalMatrices.Powers,SCC of source imports among project modules.
1095,1,false,NumStability.Analysis.LinearOperators.MatrixPowers.ExactNormBounds.Real,SCC of source imports among project modules.
1096,1,false,NumStability.Analysis.LinearOperators.MatrixPowers.ExactNormBounds.Schur,SCC of source imports among project modules.
1097,1,false,NumStability.Analysis.LinearOperators.MatrixPowers.ExactNormBounds.SpectralRadius,SCC of source imports among project modules.
1098,1,false,NumStability.Analysis.LinearOperators.MatrixPowers.Gautschi,SCC of source imports among project modules.
1099,1,false,NumStability.Analysis.LinearOperators.MatrixPowers.Gautschi.All,SCC of source imports among project modules.
1100,1,false,NumStability.Analysis.LinearOperators.MatrixPowers.Gautschi.Bounds,SCC of source imports among project modules.
1101,1,false,NumStability.Analysis.LinearOperators.MatrixPowers.Henrici,SCC of source imports among project modules.
1102,1,false,NumStability.Analysis.LinearOperators.MatrixPowers.Henrici.All,SCC of source imports among project modules.
1103,1,false,NumStability.Analysis.LinearOperators.MatrixPowers.Henrici.BinomialPowerBound,SCC of source imports among project modules.
1104,1,false,NumStability.Analysis.LinearOperators.MatrixPowers.Henrici.DepartureFromNormality,SCC of source imports among project modules.
1105,1,false,NumStability.Analysis.LinearOperators.MatrixPowers.Henrici.Extremal,SCC of source imports among project modules.
1106,1,false,NumStability.Analysis.LinearOperators.MatrixPowers.Henrici.ImprovedConstant,SCC of source imports among project modules.
1107,1,false,NumStability.Analysis.LinearOperators.MatrixPowers.Henrici.NormalCharacterization,SCC of source imports among project modules.
1108,1,false,NumStability.Analysis.LinearOperators.MatrixPowers.Henrici.NormalCharacterization.Schur,SCC of source imports among project modules.
1109,1,false,NumStability.Analysis.LinearOperators.MatrixPowers.Henrici.NormalMatrices,SCC of source imports among project modules.
1110,1,false,NumStability.Analysis.LinearOperators.MatrixPowers.Henrici.SchurBinomialBounds,SCC of source imports among project modules.
1111,1,false,NumStability.Analysis.LinearOperators.MatrixPowers.Henrici.SchurBinomialBounds.Estimates,SCC of source imports among project modules.
1112,1,false,NumStability.Analysis.LinearOperators.MatrixPowers.Henrici.SharpConstant,SCC of source imports among project modules.
1113,1,false,NumStability.Analysis.LinearOperators.MatrixPowers.JordanScaling,SCC of source imports among project modules.
1114,1,false,NumStability.Analysis.LinearOperators.MatrixPowers.JordanScaling.All,SCC of source imports among project modules.
1115,1,false,NumStability.Analysis.LinearOperators.MatrixPowers.JordanScaling.Complex,SCC of source imports among project modules.
1116,1,false,NumStability.Analysis.LinearOperators.MatrixPowers.JordanScaling.RealDiagonal,SCC of source imports among project modules.
1117,1,false,NumStability.Analysis.LinearOperators.MatrixPowers.JordanScaling.RealJordan,SCC of source imports among project modules.
1118,1,false,NumStability.Analysis.LinearOperators.MatrixPowers.Kreiss,SCC of source imports among project modules.
1119,1,false,NumStability.Analysis.LinearOperators.MatrixPowers.Kreiss.All,SCC of source imports among project modules.
1120,1,false,NumStability.Analysis.LinearOperators.MatrixPowers.Kreiss.ResolventBound,SCC of source imports among project modules.
1121,1,false,NumStability.Analysis.LinearOperators.MatrixPowers.Laszlo,SCC of source imports among project modules.
1122,1,false,NumStability.Analysis.LinearOperators.MatrixPowers.Laszlo.All,SCC of source imports among project modules.
1123,1,false,NumStability.Analysis.LinearOperators.MatrixPowers.Laszlo.NearestNormal,SCC of source imports among project modules.
1124,1,false,NumStability.Analysis.LinearOperators.MatrixPowers.LpBounds,SCC of source imports among project modules.
1125,1,false,NumStability.Analysis.LinearOperators.MatrixPowers.LpBounds.All,SCC of source imports among project modules.
1126,1,false,NumStability.Analysis.LinearOperators.MatrixPowers.LpBounds.ComplexDiagonal,SCC of source imports among project modules.
1127,1,false,NumStability.Analysis.LinearOperators.MatrixPowers.LpBounds.ComplexJordan,SCC of source imports among project modules.
1128,1,false,NumStability.Analysis.LinearOperators.MatrixPowers.Semiconvergence.All,SCC of source imports among project modules.
1129,1,false,NumStability.Analysis.LinearOperators.MatrixPowers.Semiconvergence.Limits.General,SCC of source imports among project modules.
1130,1,false,NumStability.Analysis.LinearOperators.MatrixPowers.Semiconvergence.Limits.RealSpectrum,SCC of source imports among project modules.
1131,1,false,NumStability.Analysis.LinearOperators.MatrixPowers.Semiconvergence.PrimarySplitting,SCC of source imports among project modules.
1132,1,false,NumStability.Analysis.LinearOperators.MatrixPowers.Semiconvergence.QuasiTriangularBlockForm,SCC of source imports among project modules.
1133,1,false,NumStability.Analysis.LinearOperators.MatrixPowers.Semiconvergence.TriangularBlockForm,SCC of source imports among project modules.
1134,1,false,NumStability.Analysis.LinearOperators.MatrixPowers.Spijker,SCC of source imports among project modules.
1135,1,false,NumStability.Analysis.LinearOperators.MatrixPowers.Spijker.All,SCC of source imports among project modules.
1136,1,false,NumStability.Analysis.LinearOperators.MatrixPowers.Spijker.ArcLengthPowerBounds,SCC of source imports among project modules.
1137,1,false,NumStability.Analysis.LinearOperators.MatrixPowers.Spijker.ArcLengthPowerBounds.FiniteDimension,SCC of source imports among project modules.
1138,1,false,NumStability.Analysis.LinearOperators.MatrixPowers.Spijker.FiniteDimensionalPowerBounds,SCC of source imports among project modules.
1139,1,false,NumStability.Analysis.LinearOperators.MatrixPowers.Spijker.FiniteDimensionalPowerBounds.Kreiss,SCC of source imports among project modules.
1140,1,false,NumStability.Analysis.LinearOperators.MatrixPowers.Spijker.KreissBridge,SCC of source imports among project modules.
1141,1,false,NumStability.Analysis.LinearOperators.MatrixPowers.Spijker.PlanarAlgebra,SCC of source imports among project modules.
1142,1,false,NumStability.Analysis.LinearOperators.MatrixPowers.Spijker.PlanarAnalysis,SCC of source imports among project modules.
1143,1,false,NumStability.Analysis.LinearOperators.MatrixPowers.Spijker.PlanarArcLength,SCC of source imports among project modules.
1144,1,false,NumStability.Analysis.LinearOperators.MatrixPowers.Spijker.PlanarArcLength.Variation,SCC of source imports among project modules.
1145,1,false,NumStability.Analysis.LinearOperators.MatrixPowers.Spijker.PlanarCrossingBounds,SCC of source imports among project modules.
1146,1,false,NumStability.Analysis.LinearOperators.MatrixPowers.Spijker.PlanarCrossingBounds.Polynomial,SCC of source imports among project modules.
1147,1,false,NumStability.Analysis.LinearOperators.MatrixPowers.Spijker.ProjectionIntegral,SCC of source imports among project modules.
1148,1,false,NumStability.Analysis.LinearOperators.MatrixPowers.Spijker.Rational,SCC of source imports among project modules.
1149,1,false,NumStability.Analysis.LinearOperators.MatrixPowers.Spijker.ResolventCoefficients,SCC of source imports among project modules.
1150,1,false,NumStability.Analysis.LinearOperators.MatrixPowers.Spijker.ResolventCoefficients.Analytic,SCC of source imports among project modules.
1151,1,false,NumStability.Analysis.LinearOperators.NumericalRadius,SCC of source imports among project modules.
1152,1,false,NumStability.Analysis.LinearOperators.NumericalRadius.Berger,SCC of source imports among project modules.
1153,1,false,NumStability.Analysis.LinearOperators.NumericalRadius.Berger.All,SCC of source imports among project modules.
1154,1,false,NumStability.Analysis.LinearOperators.NumericalRadius.Berger.GeneralPowerInequality,SCC of source imports among project modules.
1155,1,false,NumStability.Analysis.LinearOperators.NumericalRadius.Berger.GeneralPowerInequality.Powers,SCC of source imports among project modules.
1156,1,false,NumStability.Analysis.LinearOperators.NumericalRadius.Berger.GeneralPowerInequality.PowersOfTwo,SCC of source imports among project modules.
1157,1,false,NumStability.Analysis.LinearOperators.NumericalRadius.Berger.Hermitian,SCC of source imports among project modules.
1158,1,false,NumStability.Analysis.LinearOperators.NumericalRadius.Berger.Internal.HermitianEuclideanSpaceNotation,SCC of source imports among project modules.
1159,1,false,NumStability.Analysis.LinearOperators.NumericalRadius.Berger.PowerTwo,SCC of source imports among project modules.
1160,1,false,NumStability.Analysis.LinearOperators.NumericalRadius.Core,SCC of source imports among project modules.
1161,1,false,NumStability.Analysis.LinearOperators.NumericalRadius.Core.All,SCC of source imports among project modules.
1162,1,false,NumStability.Analysis.LinearOperators.NumericalRadius.Core.Basic,SCC of source imports among project modules.
1163,1,false,NumStability.Analysis.LinearOperators.NumericalRadius.Core.Internal.EuclideanSpaceNotation,SCC of source imports among project modules.
1164,1,false,NumStability.Analysis.LinearOperators.Pseudospectra,SCC of source imports among project modules.
1165,1,false,NumStability.Analysis.LinearOperators.Pseudospectra.Perturbation,SCC of source imports among project modules.
1166,1,false,NumStability.Analysis.LinearOperators.Pseudospectra.Perturbation.All,SCC of source imports among project modules.
1167,1,false,NumStability.Analysis.LinearOperators.Pseudospectra.Perturbation.ConvergenceCriterion,SCC of source imports among project modules.
1168,1,false,NumStability.Analysis.LinearOperators.Pseudospectra.Perturbation.Definitions,SCC of source imports among project modules.
1169,1,false,NumStability.Analysis.LinearOperators.Pseudospectra.Perturbation.LowerBounds,SCC of source imports among project modules.
1170,1,false,NumStability.Analysis.LinearOperators.Pseudospectra.PowerBounds,SCC of source imports among project modules.
1171,1,false,NumStability.Analysis.LinearOperators.Pseudospectra.PowerBounds.All,SCC of source imports among project modules.
1172,1,false,NumStability.Analysis.LinearOperators.Pseudospectra.PowerBounds.Contour,SCC of source imports among project modules.
1173,1,false,NumStability.Analysis.LinearOperators.Pseudospectra.Resolvent,SCC of source imports among project modules.
1174,1,false,NumStability.Analysis.LinearOperators.Pseudospectra.Resolvent.All,SCC of source imports among project modules.
1175,1,false,NumStability.Analysis.LinearOperators.Pseudospectra.Resolvent.Internal.ScalarNotation,SCC of source imports among project modules.
1176,1,false,NumStability.Analysis.LinearOperators.Pseudospectra.Resolvent.LowerBounds,SCC of source imports among project modules.
1177,1,false,NumStability.Analysis.LinearOperators.Schur,SCC of source imports among project modules.
1178,1,false,NumStability.Analysis.LinearOperators.Schur.All,SCC of source imports among project modules.
1179,1,false,NumStability.Analysis.LinearOperators.Schur.Complex.BlockEmbedding,SCC of source imports among project modules.
1180,1,false,NumStability.Analysis.LinearOperators.Schur.Complex.Deflation,SCC of source imports among project modules.
1181,1,false,NumStability.Analysis.LinearOperators.Schur.Complex.NormalTriangular,SCC of source imports among project modules.
1182,1,false,NumStability.Analysis.LinearOperators.Schur.Complex.NormalTriangular.Diagonal,SCC of source imports among project modules.
1183,1,false,NumStability.Analysis.LinearOperators.Schur.Complex.Triangulation,SCC of source imports among project modules.
1184,1,false,NumStability.Analysis.LinearOperators.Schur.Real,SCC of source imports among project modules.
1185,1,false,NumStability.Analysis.LinearOperators.Schur.Real.InvariantSubspace.Complexification,SCC of source imports among project modules.
1186,1,false,NumStability.Analysis.LinearOperators.Schur.Real.InvariantSubspace.Existence,SCC of source imports among project modules.
1187,1,false,NumStability.Analysis.LinearOperators.Schur.Real.InvariantSubspace.TwoByTwo,SCC of source imports among project modules.
1188,1,false,NumStability.Analysis.LinearOperators.Schur.Real.QuasiTriangular.API,SCC of source imports among project modules.
1189,1,false,NumStability.Analysis.LinearOperators.Schur.Real.QuasiTriangular.Basic,SCC of source imports among project modules.
1190,1,false,NumStability.Analysis.LinearOperators.Schur.Real.QuasiTriangular.BlockEmbedding,SCC of source imports among project modules.
1191,1,false,NumStability.Analysis.LinearOperators.Schur.Real.QuasiTriangular.Deflation,SCC of source imports among project modules.
1192,1,false,NumStability.Analysis.LinearOperators.Schur.Real.QuasiTriangular.Existence,SCC of source imports among project modules.
1193,1,false,NumStability.Analysis.LinearOperators.Schur.Real.QuasiTriangular.OrthogonalFrame,SCC of source imports among project modules.
1194,1,false,NumStability.Analysis.LinearOperators.Schur.Real.QuasiTriangular.Reindex,SCC of source imports among project modules.
1195,1,false,NumStability.Analysis.LinearOperators.Schur.Real.QuasiTriangular.TrailingConjugation,SCC of source imports among project modules.
1196,1,false,NumStability.Analysis.LinearOperators.Schur.Real.Triangularization,SCC of source imports among project modules.
1197,1,false,NumStability.Analysis.LinearOperators.Schur.Real.Triangularization.All,SCC of source imports among project modules.
1198,1,false,NumStability.Analysis.LinearOperators.Schur.Real.Triangularization.SplitCharpoly,SCC of source imports among project modules.
1199,1,false,NumStability.Analysis.LinearOperators.Triangularization,SCC of source imports among project modules.
1200,1,false,NumStability.Analysis.MatrixAlgebra,SCC of source imports among project modules.
1201,1,false,NumStability.Analysis.MatrixEquations.SylvesterExistence,SCC of source imports among project modules.
1202,1,false,NumStability.Analysis.MatrixNorms,SCC of source imports among project modules.
1203,1,false,NumStability.Analysis.MatrixNorms.Attainment,SCC of source imports among project modules.
1204,1,false,NumStability.Analysis.MatrixNorms.Basic,SCC of source imports among project modules.
1205,1,false,NumStability.Analysis.MatrixNorms.Comparisons,SCC of source imports among project modules.
1206,1,false,NumStability.Analysis.MatrixNorms.EntrywiseAbsolute,SCC of source imports among project modules.
1207,1,false,NumStability.Analysis.MatrixNorms.EntrywiseAbsolute.Basic,SCC of source imports among project modules.
1208,1,false,NumStability.Analysis.MatrixNorms.EntrywiseMaximum,SCC of source imports among project modules.
1209,1,false,NumStability.Analysis.MatrixNorms.Hadamard,SCC of source imports among project modules.
1210,1,false,NumStability.Analysis.MatrixNorms.HadamardDeterminant,SCC of source imports among project modules.
1211,1,false,NumStability.Analysis.MatrixNorms.Lp,SCC of source imports among project modules.
1212,1,false,NumStability.Analysis.MatrixNorms.SpectralExtrema,SCC of source imports among project modules.
1213,1,false,NumStability.Analysis.MatrixNorms.SpectralExtrema.Basic,SCC of source imports among project modules.
1214,1,false,NumStability.Analysis.MatrixNorms.SpectralExtrema.PrincipalSubmatrices.Bounds,SCC of source imports among project modules.
1215,1,false,NumStability.Analysis.MatrixNorms.SpectralRadius,SCC of source imports among project modules.
1216,1,false,NumStability.Analysis.MatrixNorms.UnitarilyInvariant,SCC of source imports among project modules.
1217,1,false,NumStability.Analysis.MatrixPowersBaiDemmelGu,SCC of source imports among project modules.
1218,1,false,NumStability.Analysis.MatrixPowersBaiDemmelGuDistance,SCC of source imports among project modules.
1219,1,false,NumStability.Analysis.MatrixPowersBinomialBound,SCC of source imports among project modules.
1220,1,false,NumStability.Analysis.MatrixPowersGautschi,SCC of source imports among project modules.
1221,1,false,NumStability.Analysis.MatrixPowersHenrici,SCC of source imports among project modules.
1222,1,false,NumStability.Analysis.MatrixPowersHenriciNormal,SCC of source imports among project modules.
1223,1,false,NumStability.Analysis.MatrixPowersKreiss,SCC of source imports among project modules.
1224,1,false,NumStability.Analysis.MatrixPowersKreissSpijker,SCC of source imports among project modules.
1225,1,false,NumStability.Analysis.MatrixPowersLaszlo,SCC of source imports among project modules.
1226,1,false,NumStability.Analysis.MatrixPowersLp185Primary,SCC of source imports among project modules.
1227,1,false,NumStability.Analysis.MatrixPowersSchur,SCC of source imports among project modules.
1228,1,false,NumStability.Analysis.MatrixPowersSpijkerClosure,SCC of source imports among project modules.
1229,1,false,NumStability.Analysis.MatrixPowersSpijkerPlanar,SCC of source imports among project modules.
1230,1,false,NumStability.Analysis.MatrixPowersSpijkerPlanarAnalysis,SCC of source imports among project modules.
1231,1,false,NumStability.Analysis.MatrixPowersSpijkerRational,SCC of source imports among project modules.
1232,1,false,NumStability.Analysis.MatrixSpectral,SCC of source imports among project modules.
1233,1,false,NumStability.Analysis.Midpoint,SCC of source imports among project modules.
1234,1,false,NumStability.Analysis.Monotonicity,SCC of source imports among project modules.
1235,1,false,NumStability.Analysis.MullerRecurrence,SCC of source imports among project modules.
1236,1,false,NumStability.Analysis.NearInteger,SCC of source imports among project modules.
1237,1,false,NumStability.Analysis.NilpotentJordanChain,SCC of source imports among project modules.
1238,1,false,NumStability.Analysis.Nonassociativity,SCC of source imports among project modules.
1239,1,false,NumStability.Analysis.NonrandomRounding,SCC of source imports among project modules.
1240,1,false,NumStability.Analysis.NonrandomRounding.Conclusions,SCC of source imports among project modules.
1241,1,false,NumStability.Analysis.NonrandomRounding.Core,SCC of source imports among project modules.
1242,1,false,NumStability.Analysis.NonrandomRounding.GridVariation,SCC of source imports among project modules.
1243,1,false,NumStability.Analysis.NonrandomRounding.SourceInterval,SCC of source imports among project modules.
1244,1,false,NumStability.Analysis.NonrandomRounding.StoredGrid,SCC of source imports among project modules.
1245,1,false,NumStability.Analysis.Norms,SCC of source imports among project modules.
1246,1,false,NumStability.Analysis.Norms.Core,SCC of source imports among project modules.
1247,1,false,NumStability.Analysis.NumericalRadius,SCC of source imports among project modules.
1248,1,false,NumStability.Analysis.OperatorNorms,SCC of source imports among project modules.
1249,1,false,NumStability.Analysis.OperatorNorms.Attainment,SCC of source imports among project modules.
1250,1,false,NumStability.Analysis.OperatorNorms.Basic,SCC of source imports among project modules.
1251,1,false,NumStability.Analysis.Perturbation,SCC of source imports among project modules.
1252,1,false,NumStability.Analysis.Perturbation.LeastSquares,SCC of source imports among project modules.
1253,1,false,NumStability.Analysis.Perturbation.LeastSquares.Absorption,SCC of source imports among project modules.
1254,1,false,NumStability.Analysis.Perturbation.LeastSquares.AlternativeBound,SCC of source imports among project modules.
1255,1,false,NumStability.Analysis.Perturbation.LeastSquares.AugmentedSystem,SCC of source imports among project modules.
1256,1,false,NumStability.Analysis.Perturbation.LeastSquares.BackwardError,SCC of source imports among project modules.
1257,1,false,NumStability.Analysis.Perturbation.LeastSquares.Basic,SCC of source imports among project modules.
1258,1,false,NumStability.Analysis.Perturbation.LeastSquares.Conditioning,SCC of source imports among project modules.
1259,1,false,NumStability.Analysis.Perturbation.LeastSquares.Contract,SCC of source imports among project modules.
1260,1,false,NumStability.Analysis.Perturbation.LeastSquares.Equality.KKTInverse,SCC of source imports among project modules.
1261,1,false,NumStability.Analysis.Perturbation.LeastSquares.Equality.MixedStability,SCC of source imports among project modules.
1262,1,false,NumStability.Analysis.Perturbation.LeastSquares.Equality.Perturbation,SCC of source imports among project modules.
1263,1,false,NumStability.Analysis.Perturbation.LeastSquares.Equality.RowwiseBackwardError,SCC of source imports among project modules.
1264,1,false,NumStability.Analysis.Perturbation.LeastSquares.GramBasis,SCC of source imports among project modules.
1265,1,false,NumStability.Analysis.Perturbation.LeastSquares.MinimumNorm,SCC of source imports among project modules.
1266,1,false,NumStability.Analysis.Perturbation.LeastSquares.NormalEquations,SCC of source imports among project modules.
1267,1,false,NumStability.Analysis.Perturbation.LeastSquares.Normwise,SCC of source imports among project modules.
1268,1,false,NumStability.Analysis.Perturbation.LeastSquares.Projection,SCC of source imports among project modules.
1269,1,false,NumStability.Analysis.Perturbation.LeastSquares.ResidualQuality,SCC of source imports among project modules.
1270,1,false,NumStability.Analysis.Perturbation.LeastSquares.Wedin,SCC of source imports among project modules.
1271,1,false,NumStability.Analysis.Perturbation.LeastSquares.WeightedLimit,SCC of source imports among project modules.
1272,1,false,NumStability.Analysis.PerturbationTheory,SCC of source imports among project modules.
1273,1,false,NumStability.Analysis.Polynomials,SCC of source imports among project modules.
1274,1,false,NumStability.Analysis.Polynomials.RealRootCounting,SCC of source imports among project modules.
1275,1,false,NumStability.Analysis.Probability,SCC of source imports among project modules.
1276,1,false,NumStability.Analysis.Probability.Gaussian,SCC of source imports among project modules.
1277,1,false,NumStability.Analysis.Probability.Gaussian.AbsoluteMoment,SCC of source imports among project modules.
1278,1,false,NumStability.Analysis.Probability.Haar,SCC of source imports among project modules.
1279,1,false,NumStability.Analysis.Probability.Haar.HomogeneousSpaceUniqueness,SCC of source imports among project modules.
1280,1,false,NumStability.Analysis.Probability.Haar.NormalizedOrthogonalMatrixLaw,SCC of source imports among project modules.
1281,1,false,NumStability.Analysis.Problem2_10,SCC of source imports among project modules.
1282,1,false,NumStability.Analysis.Problem2_11,SCC of source imports among project modules.
1283,1,false,NumStability.Analysis.Problem2_12,SCC of source imports among project modules.
1284,1,false,NumStability.Analysis.Problem2_13,SCC of source imports among project modules.
1285,1,false,NumStability.Analysis.Problem2_14,SCC of source imports among project modules.
1286,1,false,NumStability.Analysis.Problem2_15_16,SCC of source imports among project modules.
1287,1,false,NumStability.Analysis.Problem2_17,SCC of source imports among project modules.
1288,1,false,NumStability.Analysis.Problem2_18,SCC of source imports among project modules.
1289,1,false,NumStability.Analysis.Problem2_19,SCC of source imports among project modules.
1290,1,false,NumStability.Analysis.Problem2_2,SCC of source imports among project modules.
1291,1,false,NumStability.Analysis.Problem2_20,SCC of source imports among project modules.
1292,1,false,NumStability.Analysis.Problem2_21,SCC of source imports among project modules.
1293,1,false,NumStability.Analysis.Problem2_22,SCC of source imports among project modules.
1294,1,false,NumStability.Analysis.Problem2_23,SCC of source imports among project modules.
1295,1,false,NumStability.Analysis.Problem2_24,SCC of source imports among project modules.
1296,1,false,NumStability.Analysis.Problem2_25,SCC of source imports among project modules.
1297,1,false,NumStability.Analysis.Problem2_26,SCC of source imports among project modules.
1298,1,false,NumStability.Analysis.Problem2_27,SCC of source imports among project modules.
1299,1,false,NumStability.Analysis.Problem2_3,SCC of source imports among project modules.
1300,1,false,NumStability.Analysis.Problem2_4,SCC of source imports among project modules.
1301,1,false,NumStability.Analysis.Problem2_5,SCC of source imports among project modules.
1302,1,false,NumStability.Analysis.Problem2_6,SCC of source imports among project modules.
1303,1,false,NumStability.Analysis.Problem2_7,SCC of source imports among project modules.
1304,1,false,NumStability.Analysis.ProblemDependentStability,SCC of source imports among project modules.
1305,1,false,NumStability.Analysis.ProblemDependentStability.All,SCC of source imports among project modules.
1306,1,false,NumStability.Analysis.ProblemDependentStability.HessenbergDeterminant,SCC of source imports among project modules.
1307,1,false,NumStability.Analysis.PseudospectralLowerBound,SCC of source imports among project modules.
1308,1,false,NumStability.Analysis.PseudospectralPowerBound,SCC of source imports among project modules.
1309,1,false,NumStability.Analysis.PseudospectralResolvent,SCC of source imports among project modules.
1310,1,false,NumStability.Analysis.Quadratic,SCC of source imports among project modules.
1311,1,false,NumStability.Analysis.RealInvariantSubspace,SCC of source imports among project modules.
1312,1,false,NumStability.Analysis.RealQuasiSchur,SCC of source imports among project modules.
1313,1,false,NumStability.Analysis.RealSchurTriangulation,SCC of source imports among project modules.
1314,1,false,NumStability.Analysis.RelativePrecision,SCC of source imports among project modules.
1315,1,false,NumStability.Analysis.ResolventFunctionalCalculus,SCC of source imports among project modules.
1316,1,false,NumStability.Analysis.Rounding,SCC of source imports among project modules.
1317,1,false,NumStability.Analysis.RoundingProductBounds,SCC of source imports among project modules.
1318,1,false,NumStability.Analysis.SampleVariance,SCC of source imports among project modules.
1319,1,false,NumStability.Analysis.SchurTriangulation,SCC of source imports among project modules.
1320,1,false,NumStability.Analysis.SemiconvergentBlockFormExists,SCC of source imports among project modules.
1321,1,false,NumStability.Analysis.SemiconvergentExistenceComplete,SCC of source imports among project modules.
1322,1,false,NumStability.Analysis.SemiconvergentExistenceFull,SCC of source imports among project modules.
1323,1,false,NumStability.Analysis.SemiconvergentExistenceGaps,SCC of source imports among project modules.
1324,1,false,NumStability.Analysis.SemiconvergentLimitGeneral,SCC of source imports among project modules.
1325,1,false,NumStability.Analysis.SemiconvergentRealSpectrumComplete,SCC of source imports among project modules.
1326,1,false,NumStability.Analysis.SemiconvergentSpectral,SCC of source imports among project modules.
1327,1,false,NumStability.Analysis.SingularValues,SCC of source imports among project modules.
1328,1,false,NumStability.Analysis.SingularValues.Basic,SCC of source imports among project modules.
1329,1,false,NumStability.Analysis.SingularValues.InverseBounds,SCC of source imports among project modules.
1330,1,false,NumStability.Analysis.SingularValues.InverseBounds.All,SCC of source imports among project modules.
1331,1,false,NumStability.Analysis.SingularValues.InverseBounds.Gram,SCC of source imports among project modules.
1332,1,false,NumStability.Analysis.SingularValues.InverseBounds.OperatorTwo,SCC of source imports among project modules.
1333,1,false,NumStability.Analysis.SingularValues.InverseBounds.Rayleigh,SCC of source imports among project modules.
1334,1,false,NumStability.Analysis.SingularValues.Realification,SCC of source imports among project modules.
1335,1,false,NumStability.Analysis.SingularValues.RectangularGram,SCC of source imports among project modules.
1336,1,false,NumStability.Analysis.SingularValues.RectangularRankFactorization,SCC of source imports among project modules.
1337,1,false,NumStability.Analysis.SingularValues.WeylMirsky,SCC of source imports among project modules.
1338,1,false,NumStability.Analysis.SpijkerProjectionIntegral,SCC of source imports among project modules.
1339,1,false,NumStability.Analysis.Stability,SCC of source imports among project modules.
1340,1,false,NumStability.Analysis.StatisticalRounding,SCC of source imports among project modules.
1341,1,false,NumStability.Analysis.Statistics.SampleVariance.All,SCC of source imports among project modules.
1342,1,false,NumStability.Analysis.Statistics.SampleVariance.Core,SCC of source imports among project modules.
1343,1,false,NumStability.Analysis.Statistics.SampleVariance.RoundingErrorBounds.Theorems,SCC of source imports among project modules.
1344,1,false,NumStability.Analysis.Statistics.SampleVariance.TwoPass,SCC of source imports among project modules.
1345,1,false,NumStability.Analysis.Statistics.SampleVariance.Updating,SCC of source imports among project modules.
1346,1,false,NumStability.Analysis.SubtractionFold,SCC of source imports among project modules.
1347,1,false,NumStability.Analysis.Summation,SCC of source imports among project modules.
1348,1,false,NumStability.Analysis.Summation.ErrorBounds,SCC of source imports among project modules.
1349,1,false,NumStability.Analysis.Summation.Signs,SCC of source imports among project modules.
1350,1,false,NumStability.Analysis.SylvesterSchurExistence,SCC of source imports among project modules.
1351,1,false,NumStability.Analysis.TestMatrices,SCC of source imports among project modules.
1352,1,false,NumStability.Analysis.TestMatrices.Cauchy.Basic,SCC of source imports among project modules.
1353,1,false,NumStability.Analysis.TestMatrices.Cauchy.Cauchy,SCC of source imports among project modules.
1354,1,false,NumStability.Analysis.TestMatrices.Cauchy.Contracts,SCC of source imports among project modules.
1355,1,false,NumStability.Analysis.TestMatrices.Companion.Basic,SCC of source imports among project modules.
1356,1,false,NumStability.Analysis.TestMatrices.Companion.Companion,SCC of source imports among project modules.
1357,1,false,NumStability.Analysis.TestMatrices.Companion.CompanionSpectral,SCC of source imports among project modules.
1358,1,false,NumStability.Analysis.TestMatrices.Companion.Contracts,SCC of source imports among project modules.
1359,1,false,NumStability.Analysis.TestMatrices.Gaussian.GaussianDirection,SCC of source imports among project modules.
1360,1,false,NumStability.Analysis.TestMatrices.Gaussian.GaussianOrthogonal,SCC of source imports among project modules.
1361,1,false,NumStability.Analysis.TestMatrices.Hilbert.Asymptotics,SCC of source imports among project modules.
1362,1,false,NumStability.Analysis.TestMatrices.Hilbert.Basic,SCC of source imports among project modules.
1363,1,false,NumStability.Analysis.TestMatrices.Hilbert.Exact,SCC of source imports among project modules.
1364,1,false,NumStability.Analysis.TestMatrices.Hilbert.HilbertAsymptotic,SCC of source imports among project modules.
1365,1,false,NumStability.Analysis.TestMatrices.Hilbert.ShiftedHilbert,SCC of source imports among project modules.
1366,1,false,NumStability.Analysis.TestMatrices.Orthogonal.Basic,SCC of source imports among project modules.
1367,1,false,NumStability.Analysis.TestMatrices.Orthogonal.HaarFiberMeasure,SCC of source imports among project modules.
1368,1,false,NumStability.Analysis.TestMatrices.Orthogonal.OrthogonalCoordinates,SCC of source imports among project modules.
1369,1,false,NumStability.Analysis.TestMatrices.Orthogonal.OrthogonalFibers,SCC of source imports among project modules.
1370,1,false,NumStability.Analysis.TestMatrices.Orthogonal.OrthogonalHaar,SCC of source imports among project modules.
1371,1,false,NumStability.Analysis.TestMatrices.Orthogonal.OrthogonalSphere,SCC of source imports among project modules.
1372,1,false,NumStability.Analysis.TestMatrices.Pascal.Basic,SCC of source imports among project modules.
1373,1,false,NumStability.Analysis.TestMatrices.Pascal.Contracts,SCC of source imports among project modules.
1374,1,false,NumStability.Analysis.TestMatrices.Pascal.Exact,SCC of source imports among project modules.
1375,1,false,NumStability.Analysis.TestMatrices.Pascal.PascalDualFlag,SCC of source imports among project modules.
1376,1,false,NumStability.Analysis.TestMatrices.Pascal.PascalOscillation,SCC of source imports among project modules.
1377,1,false,NumStability.Analysis.TestMatrices.Pascal.PascalOscillationCore,SCC of source imports among project modules.
1378,1,false,NumStability.Analysis.TestMatrices.Pascal.PascalSpectral,SCC of source imports among project modules.
1379,1,false,NumStability.Analysis.TestMatrices.Pascal.PascalTotalPositivity,SCC of source imports among project modules.
1380,1,false,NumStability.Analysis.TestMatrices.RandomSVD.Basic,SCC of source imports among project modules.
1381,1,false,NumStability.Analysis.TestMatrices.RandomSVD.GroupLawRecursion,SCC of source imports among project modules.
1382,1,false,NumStability.Analysis.TestMatrices.RandomSVD.Stewart,SCC of source imports among project modules.
1383,1,false,NumStability.Analysis.TestMatrices.RandomSVD.StewartHaar,SCC of source imports among project modules.
1384,1,false,NumStability.Analysis.TestMatrices.RandomSVD.StewartMeasurability,SCC of source imports among project modules.
1385,1,false,NumStability.Analysis.TestMatrices.RandomSVD.StewartRecursion,SCC of source imports among project modules.
1386,1,false,NumStability.Analysis.TestMatrices.RealGinibre.GinibreRoots,SCC of source imports among project modules.
1387,1,false,NumStability.Analysis.TestMatrices.RealGinibre.ProjectiveWeightIntegral,SCC of source imports among project modules.
1388,1,false,NumStability.Analysis.TestMatrices.Toeplitz.Basic,SCC of source imports among project modules.
1389,1,false,NumStability.Analysis.TestMatrices.Toeplitz.Contracts,SCC of source imports among project modules.
1390,1,false,NumStability.Analysis.TieRules,SCC of source imports among project modules.
1391,1,false,NumStability.Analysis.TrigCancellation,SCC of source imports among project modules.
1392,1,false,NumStability.Analysis.VectorNorms,SCC of source imports among project modules.
1393,1,false,NumStability.Analysis.VectorNorms.Attainment,SCC of source imports among project modules.
1394,1,false,NumStability.Analysis.VectorNorms.Basic,SCC of source imports among project modules.
1395,1,false,NumStability.Analysis.VectorNorms.Duality,SCC of source imports among project modules.
1396,1,false,NumStability.Analysis.VectorNorms.Interpolation,SCC of source imports among project modules.
1397,1,false,NumStability.Core,SCC of source imports among project modules.
1398,1,false,NumStability.FloatingPoint,SCC of source imports among project modules.
1399,1,false,NumStability.FloatingPoint.FusedMultiplyAdd.All,SCC of source imports among project modules.
1400,1,false,NumStability.FloatingPoint.FusedMultiplyAdd.Core,SCC of source imports among project modules.
1401,1,false,NumStability.FloatingPoint.FusedMultiplyAdd.DotProductCounts,SCC of source imports among project modules.
1402,1,false,NumStability.FloatingPoint.IEEE,SCC of source imports among project modules.
1403,1,false,NumStability.FloatingPoint.IEEE.NaiveMaximum,SCC of source imports among project modules.
1404,1,false,NumStability.FloatingPoint.Model,SCC of source imports among project modules.
1405,1,false,NumStability.FloatingPoint.OperationLaws,SCC of source imports among project modules.
1406,1,false,NumStability.Higham,SCC of source imports among project modules.
1407,1,false,NumStability.Higham.Chapter02.Problem04,SCC of source imports among project modules.
1408,1,false,NumStability.Higham.Chapter02.Problem07,SCC of source imports among project modules.
1409,1,false,NumStability.Higham.Chapter02.Problem22,SCC of source imports among project modules.
1410,1,false,NumStability.Higham.Chapter08.Lemma8_8Discrepancy,SCC of source imports among project modules.
1411,1,false,NumStability.Higham.Chapter10.Theorem10_7,SCC of source imports among project modules.
1412,1,false,NumStability.Higham.Chapter11.Theorem11_7Capstone,SCC of source imports among project modules.
1413,1,false,NumStability.Higham.Chapter13.Table13_1,SCC of source imports among project modules.
1414,1,false,NumStability.Higham.Chapter14.Discrepancies,SCC of source imports among project modules.
1415,1,false,NumStability.Higham.Chapter20.SourceAliases,SCC of source imports among project modules.
1416,1,false,NumStability.Higham.CrossChapter.Chapter02To03NoGuardDot,SCC of source imports among project modules.
1417,1,false,NumStability.Higham.CrossChapter.Chapter07To15PracticalBound,SCC of source imports among project modules.
1418,1,false,NumStability.Higham.CrossChapter.Chapter09To12GenericSolver,SCC of source imports among project modules.
1419,1,false,NumStability.Higham.CrossChapter.Chapter09To12Solver,SCC of source imports among project modules.
1420,1,false,NumStability.Source,SCC of source imports among project modules.
1421,1,false,NumStability.Source.Higham,SCC of source imports among project modules.
1422,1,false,NumStability.Source.Higham.Chapter01,SCC of source imports among project modules.
1423,1,false,NumStability.Source.Higham.Chapter01.FloatingPointArithmetic.CancellationOfRoundingErrors,SCC of source imports among project modules.
1424,1,false,NumStability.Source.Higham.Chapter01.FloatingPointArithmetic.IncreasingPrecision,SCC of source imports among project modules.
1425,1,false,NumStability.Source.Higham.Chapter01.FloatingPointArithmetic.InstabilityWithoutCancellation,SCC of source imports among project modules.
1426,1,false,NumStability.Source.Higham.Chapter01.Problem01.RelativeError.All,SCC of source imports among project modules.
1427,1,false,NumStability.Source.Higham.Chapter01.Problem01.RelativeError.Bounds,SCC of source imports among project modules.
1428,1,false,NumStability.Source.Higham.Chapter01.Problem02.NearIntegerTable.Basic,SCC of source imports among project modules.
1429,1,false,NumStability.Source.Higham.Chapter01.Problem03.CancellationRewrites.Algebra,SCC of source imports among project modules.
1430,1,false,NumStability.Source.Higham.Chapter01.Problem03.CancellationRewrites.All,SCC of source imports among project modules.
1431,1,false,NumStability.Source.Higham.Chapter01.Problem05.CompensatedLogarithm.Basic,SCC of source imports among project modules.
1432,1,false,NumStability.Source.Higham.Chapter01.Problem06.CalculatorWords.Basic,SCC of source imports among project modules.
1433,1,false,NumStability.Source.Higham.Chapter01.Problem07.SampleVarianceConditioning.All,SCC of source imports among project modules.
1434,1,false,NumStability.Source.Higham.Chapter01.Problem07.SampleVarianceConditioning.ConditionNumbers,SCC of source imports among project modules.
1435,1,false,NumStability.Source.Higham.Chapter01.Problem08.MullerRecurrence.Basic,SCC of source imports among project modules.
1436,1,false,NumStability.Source.Higham.Chapter01.Problem09.CramersRule.All,SCC of source imports among project modules.
1437,1,false,NumStability.Source.Higham.Chapter01.Problem09.CramersRule.ForwardError,SCC of source imports among project modules.
1438,1,false,NumStability.Source.Higham.Chapter01.Problem10.TwoPassSampleVariance.All,SCC of source imports among project modules.
1439,1,false,NumStability.Source.Higham.Chapter01.Problem10.TwoPassSampleVariance.Bounds,SCC of source imports among project modules.
1440,1,false,NumStability.Source.Higham.Chapter01.Problem10.TwoPassSampleVariance.RemainderBound.Theorem,SCC of source imports among project modules.
1441,1,false,NumStability.Source.Higham.Chapter01.Section02.ErrorMeasures.All,SCC of source imports among project modules.
1442,1,false,NumStability.Source.Higham.Chapter01.Section03.ErrorSources.All,SCC of source imports among project modules.
1443,1,false,NumStability.Source.Higham.Chapter01.Section03.ErrorSources.Core,SCC of source imports among project modules.
1444,1,false,NumStability.Source.Higham.Chapter01.Section04.AccuracyAndPrecision.All,SCC of source imports among project modules.
1445,1,false,NumStability.Source.Higham.Chapter01.Section07.Cancellation.All,SCC of source imports among project modules.
1446,1,false,NumStability.Source.Higham.Chapter01.Section07.Cancellation.Basic,SCC of source imports among project modules.
1447,1,false,NumStability.Source.Higham.Chapter01.Section07.TrigonometricCancellation.All,SCC of source imports among project modules.
1448,1,false,NumStability.Source.Higham.Chapter01.Section07.TrigonometricCancellation.Example,SCC of source imports among project modules.
1449,1,false,NumStability.Source.Higham.Chapter01.Section09.SampleVariance.All,SCC of source imports among project modules.
1450,1,false,NumStability.Source.Higham.Chapter01.Section09.SampleVariance.Examples,SCC of source imports among project modules.
1451,1,false,NumStability.Source.Higham.Chapter01.Section09.SampleVariance.IeeeSingleOnePassCounterexample.Results,SCC of source imports among project modules.
1452,1,false,NumStability.Source.Higham.Chapter01.Section10.CramersRule.All,SCC of source imports among project modules.
1453,1,false,NumStability.Source.Higham.Chapter01.Section10.CramersRule.PrintedComparison,SCC of source imports among project modules.
1454,1,false,NumStability.Source.Higham.Chapter01.Section11.Accumulation.Basic,SCC of source imports among project modules.
1455,1,false,NumStability.Source.Higham.Chapter01.Section12.InstabilityWithoutCancellation.PivotingExample,SCC of source imports among project modules.
1456,1,false,NumStability.Source.Higham.Chapter01.Section13.IncreasingPrecision.BinaryStorageExamples,SCC of source imports among project modules.
1457,1,false,NumStability.Source.Higham.Chapter01.Section14.CancellationOfRoundingErrors.Algorithm02RoundedCore,SCC of source imports among project modules.
1458,1,false,NumStability.Source.Higham.Chapter01.Section16.ProblemDependentStability.All,SCC of source imports among project modules.
1459,1,false,NumStability.Source.Higham.Chapter01.Section16.ProblemDependentStability.ExactExample,SCC of source imports among project modules.
1460,1,false,NumStability.Source.Higham.Chapter01.Section16.ProblemDependentStability.Table13IeeeSingle,SCC of source imports among project modules.
1461,1,false,NumStability.Source.Higham.Chapter01.Section17,SCC of source imports among project modules.
1462,1,false,NumStability.Source.Higham.Chapter01.Section17.ErrorSpread,SCC of source imports among project modules.
1463,1,false,NumStability.Source.Higham.Chapter01.Section17.GridVariation,SCC of source imports among project modules.
1464,1,false,NumStability.Source.Higham.Chapter01.Section17.HornerEvaluation,SCC of source imports among project modules.
1465,1,false,NumStability.Source.Higham.Chapter01.Section17.SourceInterval,SCC of source imports among project modules.
1466,1,false,NumStability.Source.Higham.Chapter01.Section17.StoredGrid,SCC of source imports among project modules.
1467,1,false,NumStability.Source.Higham.Chapter02,SCC of source imports among project modules.
1468,1,false,NumStability.Source.Higham.Chapter02.Equation06.NoGuardModel.All,SCC of source imports among project modules.
1469,1,false,NumStability.Source.Higham.Chapter02.Equation08.AdditiveError.All,SCC of source imports among project modules.
1470,1,false,NumStability.Source.Higham.Chapter02.FloatingPointArithmetic.AdditiveUnderflowModel,SCC of source imports among project modules.
1471,1,false,NumStability.Source.Higham.Chapter02.FloatingPointArithmetic.Environment,SCC of source imports among project modules.
1472,1,false,NumStability.Source.Higham.Chapter02.FloatingPointArithmetic.ExactSubtraction,SCC of source imports among project modules.
1473,1,false,NumStability.Source.Higham.Chapter02.FloatingPointArithmetic.StandardModel,SCC of source imports among project modules.
1474,1,false,NumStability.Source.Higham.Chapter02.Problem01.FloatingPointCounts.Basic,SCC of source imports among project modules.
1475,1,false,NumStability.Source.Higham.Chapter02.Problem02,SCC of source imports among project modules.
1476,1,false,NumStability.Source.Higham.Chapter02.Problem03.AdjacentPrecisionValues.Basic,SCC of source imports among project modules.
1477,1,false,NumStability.Source.Higham.Chapter02.Problem03.AdjacentPrecisionValues.Results.Theorems,SCC of source imports among project modules.
1478,1,false,NumStability.Source.Higham.Chapter02.Problem04,SCC of source imports among project modules.
1479,1,false,NumStability.Source.Higham.Chapter02.Problem05.BinaryOneTenth.Basic,SCC of source imports among project modules.
1480,1,false,NumStability.Source.Higham.Chapter02.Problem06.IntegerRepresentability.Basic,SCC of source imports among project modules.
1481,1,false,NumStability.Source.Higham.Chapter02.Problem07,SCC of source imports among project modules.
1482,1,false,NumStability.Source.Higham.Chapter02.Problem08.MidpointRounding.All,SCC of source imports among project modules.
1483,1,false,NumStability.Source.Higham.Chapter02.Problem08.MidpointRounding.Counterexample,SCC of source imports among project modules.
1484,1,false,NumStability.Source.Higham.Chapter02.Problem09.DoubleRounding.All,SCC of source imports among project modules.
1485,1,false,NumStability.Source.Higham.Chapter02.Problem09.DoubleRounding.Counterexample,SCC of source imports among project modules.
1486,1,false,NumStability.Source.Higham.Chapter02.Problem09.DoubleRounding.Counterexample.Results,SCC of source imports among project modules.
1487,1,false,NumStability.Source.Higham.Chapter02.Problem10.DivisionRoundTrip.Basic,SCC of source imports among project modules.
1488,1,false,NumStability.Source.Higham.Chapter02.Problem10.DivisionRoundTrip.ExhaustiveBinary64.Results,SCC of source imports among project modules.
1489,1,false,NumStability.Source.Higham.Chapter02.Problem11,SCC of source imports among project modules.
1490,1,false,NumStability.Source.Higham.Chapter02.Problem12.ReciprocalProduct.Basic,SCC of source imports among project modules.
1491,1,false,NumStability.Source.Higham.Chapter02.Problem12.ReciprocalProduct.Results.Theorems,SCC of source imports among project modules.
1492,1,false,NumStability.Source.Higham.Chapter02.Problem13.ReciprocalProductThreshold.Basic,SCC of source imports among project modules.
1493,1,false,NumStability.Source.Higham.Chapter02.Problem13.ReciprocalProductThreshold.Results.Theorems,SCC of source imports among project modules.
1494,1,false,NumStability.Source.Higham.Chapter02.Problem14.UnitRoundoffProbe.Basic,SCC of source imports among project modules.
1495,1,false,NumStability.Source.Higham.Chapter02.Problem14.UnitRoundoffProbe.IeeeExamples.Results,SCC of source imports among project modules.
1496,1,false,NumStability.Source.Higham.Chapter02.Problem18.ExactSubtractionCounterexample.Basic,SCC of source imports among project modules.
1497,1,false,NumStability.Source.Higham.Chapter02.Problem19.GradualUnderflowExactness.Basic,SCC of source imports among project modules.
1498,1,false,NumStability.Source.Higham.Chapter02.Problem20.SquareRootIdentities.Basic,SCC of source imports among project modules.
1499,1,false,NumStability.Source.Higham.Chapter02.Problem21.HypotenuseNormalization.Basic,SCC of source imports among project modules.
1500,1,false,NumStability.Source.Higham.Chapter02.Problem21.HypotenuseNormalization.StandardModelCounterexample.Results,SCC of source imports among project modules.
1501,1,false,NumStability.Source.Higham.Chapter02.Problem22,SCC of source imports among project modules.
1502,1,false,NumStability.Source.Higham.Chapter02.Problem23,SCC of source imports among project modules.
1503,1,false,NumStability.Source.Higham.Chapter02.Problem24.GuardDigitCancellation.Basic,SCC of source imports among project modules.
1504,1,false,NumStability.Source.Higham.Chapter02.Problem25.NonzeroEvaluation.Basic,SCC of source imports among project modules.
1505,1,false,NumStability.Source.Higham.Chapter02.Problem25.NonzeroEvaluation.IeeeFiniteSystems.Results,SCC of source imports among project modules.
1506,1,false,NumStability.Source.Higham.Chapter02.Problem26.ExactProduct.All,SCC of source imports among project modules.
1507,1,false,NumStability.Source.Higham.Chapter02.Problem26.ExactProduct.Discrepancy,SCC of source imports among project modules.
1508,1,false,NumStability.Source.Higham.Chapter02.Problem27.KahanDeterminant.Basic,SCC of source imports among project modules.
1509,1,false,NumStability.Source.Higham.Chapter02.Problem28.IterativeDivisionTermination.Basic,SCC of source imports among project modules.
1510,1,false,NumStability.Source.Higham.Chapter02.Problem28.IterativeDivisionTermination.UnderflowAwareConvergence.Results,SCC of source imports among project modules.
1511,1,false,NumStability.Source.Higham.Chapter02.Problems15And16.SpecialValueProbes.Basic,SCC of source imports among project modules.
1512,1,false,NumStability.Source.Higham.Chapter02.Section03.DoubleRounding.All,SCC of source imports among project modules.
1513,1,false,NumStability.Source.Higham.Chapter02.Section03.DoubleRounding.Counterexample,SCC of source imports among project modules.
1514,1,false,NumStability.Source.Higham.Chapter02.Section04.NoGuardModel.All,SCC of source imports among project modules.
1515,1,false,NumStability.Source.Higham.Chapter02.Section04.NoGuardModel.BinaryT3Example,SCC of source imports among project modules.
1516,1,false,NumStability.Source.Higham.Chapter02.Section06.Discriminant.FusedMultiplyAdd.Basic,SCC of source imports among project modules.
1517,1,false,NumStability.Source.Higham.Chapter02.Section06.Discriminant.FusedMultiplyAdd.Counterexample.Results,SCC of source imports among project modules.
1518,1,false,NumStability.Source.Higham.Chapter02.Section06.Discriminant.StandardModel.Basic,SCC of source imports among project modules.
1519,1,false,NumStability.Source.Higham.Chapter02.Section06.Discriminant.StandardModel.Counterexample.Results,SCC of source imports among project modules.
1520,1,false,NumStability.Source.Higham.Chapter02.Section06.FusedMultiplyAdd.All,SCC of source imports among project modules.
1521,1,false,NumStability.Source.Higham.Chapter02.Section06.FusedMultiplyAdd.DotProductCount,SCC of source imports among project modules.
1522,1,false,NumStability.Source.Higham.Chapter02.Section06.ReciprocalIteration.Basic,SCC of source imports among project modules.
1523,1,false,NumStability.Source.Higham.Chapter02.Section07,SCC of source imports among project modules.
1524,1,false,NumStability.Source.Higham.Chapter02.Section07.PowerLeadingDigits,SCC of source imports among project modules.
1525,1,false,NumStability.Source.Higham.Chapter02.Section10.ArctangentRange.Basic,SCC of source imports among project modules.
1526,1,false,NumStability.Source.Higham.Chapter02.Section10.ArctangentRange.Counterexample.Results,SCC of source imports among project modules.
1527,1,false,NumStability.Source.Higham.Chapter02.Section10.Tablemaker.FiniteSeparation.Basic,SCC of source imports among project modules.
1528,1,false,NumStability.Source.Higham.Chapter02.Section10.Tablemaker.FiniteSeparation.Results.Theorems,SCC of source imports among project modules.
1529,1,false,NumStability.Source.Higham.Chapter02.Section10.Tablemaker.HermiteLindemann.Basic,SCC of source imports among project modules.
1530,1,false,NumStability.Source.Higham.Chapter02.Section11.AccuracyTests.Basic,SCC of source imports among project modules.
1531,1,false,NumStability.Source.Higham.Chapter02.Section11.AccuracyTests.CodySineResults.Theorems,SCC of source imports among project modules.
1532,1,false,NumStability.Source.Higham.Chapter03,SCC of source imports among project modules.
1533,1,false,NumStability.Source.Higham.Chapter03.Lemma01.RoundingProducts.All,SCC of source imports among project modules.
1534,1,false,NumStability.Source.Higham.Chapter03.Lemma04.SmallUnitProductBounds.All,SCC of source imports among project modules.
1535,1,false,NumStability.Source.Higham.Chapter03.Problem02.ProductBounds.All,SCC of source imports among project modules.
1536,1,false,NumStability.Source.Higham.Chapter03.Problem02.ProductBounds.PositiveFactors,SCC of source imports among project modules.
1537,1,false,NumStability.Source.Higham.Chapter03.Problem11.KahanAbsoluteValue.Basic,SCC of source imports among project modules.
1538,1,false,NumStability.Source.Higham.Chapter03.Problem11.KahanAbsoluteValue.IeeeDoubleTrace.Results,SCC of source imports among project modules.
1539,1,false,NumStability.Source.Higham.Chapter03.Section10.WilkinsonProductBound.All,SCC of source imports among project modules.
1540,1,false,NumStability.Source.Higham.Chapter04,SCC of source imports among project modules.
1541,1,false,NumStability.Source.Higham.Chapter04.Algorithm02,SCC of source imports among project modules.
1542,1,false,NumStability.Source.Higham.Chapter04.Algorithm02.InitializationModelLimitations,SCC of source imports among project modules.
1543,1,false,NumStability.Source.Higham.Chapter04.Algorithm03.Priest.All,SCC of source imports among project modules.
1544,1,false,NumStability.Source.Higham.Chapter04.Algorithm03.Priest.SourceAssumptions,SCC of source imports among project modules.
1545,1,false,NumStability.Source.Higham.Chapter04.Algorithm03.SourceClosure.Basic,SCC of source imports among project modules.
1546,1,false,NumStability.Source.Higham.Chapter04.Equation05.OrderingExamples.Basic,SCC of source imports among project modules.
1547,1,false,NumStability.Source.Higham.Chapter04.Equation07,SCC of source imports among project modules.
1548,1,false,NumStability.Source.Higham.Chapter04.Equation07.AbstractModelCounterexample,SCC of source imports among project modules.
1549,1,false,NumStability.Source.Higham.Chapter04.Equation07.NoGuardCounterexample,SCC of source imports among project modules.
1550,1,false,NumStability.Source.Higham.Chapter04.Equation07.SterbenzCounterexamples,SCC of source imports among project modules.
1551,1,false,NumStability.Source.Higham.Chapter04.Equation08,SCC of source imports among project modules.
1552,1,false,NumStability.Source.Higham.Chapter04.Equation08.FiniteFamily,SCC of source imports among project modules.
1553,1,false,NumStability.Source.Higham.Chapter04.Equation08.FiniteFormat,SCC of source imports among project modules.
1554,1,false,NumStability.Source.Higham.Chapter04.Equation08.FiniteRouteLimitations,SCC of source imports among project modules.
1555,1,false,NumStability.Source.Higham.Chapter04.Equation08.ModelStrength,SCC of source imports among project modules.
1556,1,false,NumStability.Source.Higham.Chapter04.Equation08.ReturnedSum,SCC of source imports among project modules.
1557,1,false,NumStability.Source.Higham.Chapter04.Equation09,SCC of source imports among project modules.
1558,1,false,NumStability.Source.Higham.Chapter04.Equation09.Correction,SCC of source imports among project modules.
1559,1,false,NumStability.Source.Higham.Chapter04.Equation09.FiniteFormat,SCC of source imports among project modules.
1560,1,false,NumStability.Source.Higham.Chapter04.Equation09.ModelStrength,SCC of source imports among project modules.
1561,1,false,NumStability.Source.Higham.Chapter04.Equation10,SCC of source imports among project modules.
1562,1,false,NumStability.Source.Higham.Chapter04.Equation10.AbstractModel,SCC of source imports among project modules.
1563,1,false,NumStability.Source.Higham.Chapter04.Equation10.FiniteFormat,SCC of source imports among project modules.
1564,1,false,NumStability.Source.Higham.Chapter04.Equation10.Neumaier.AdaptiveBound,SCC of source imports among project modules.
1565,1,false,NumStability.Source.Higham.Chapter04.Equation10.Neumaier.All,SCC of source imports among project modules.
1566,1,false,NumStability.Source.Higham.Chapter04.Equation10.Neumaier.FiniteBound,SCC of source imports among project modules.
1567,1,false,NumStability.Source.Higham.Chapter04.Equation10.Neumaier.ResidualBound,SCC of source imports among project modules.
1568,1,false,NumStability.Source.Higham.Chapter04.Problem02.WilkinsonAttainability.Basic,SCC of source imports among project modules.
1569,1,false,NumStability.Source.Higham.Chapter04.Problem02.WilkinsonAttainability.IeeeDoubleTrace.Results,SCC of source imports among project modules.
1570,1,false,NumStability.Source.Higham.Chapter04.Problem03,SCC of source imports among project modules.
1571,1,false,NumStability.Source.Higham.Chapter04.Problem04,SCC of source imports among project modules.
1572,1,false,NumStability.Source.Higham.Chapter04.Problem10,SCC of source imports among project modules.
1573,1,false,NumStability.Source.Higham.Chapter04.Section01,SCC of source imports among project modules.
1574,1,false,NumStability.Source.Higham.Chapter04.Section01.InsertionExamples,SCC of source imports among project modules.
1575,1,false,NumStability.Source.Higham.Chapter04.Section01.PairwiseSixTerm,SCC of source imports among project modules.
1576,1,false,NumStability.Source.Higham.Chapter04.Section02,SCC of source imports among project modules.
1577,1,false,NumStability.Source.Higham.Chapter04.Section02.KaoWangCitationDiscrepancy,SCC of source imports among project modules.
1578,1,false,NumStability.Source.Higham.Chapter04.Section03,SCC of source imports among project modules.
1579,1,false,NumStability.Source.Higham.Chapter04.Section03.FiniteFormat,SCC of source imports among project modules.
1580,1,false,NumStability.Source.Higham.Chapter04.Section03.NoGuardKahanCounterexample,SCC of source imports among project modules.
1581,1,false,NumStability.Source.Higham.Chapter05,SCC of source imports among project modules.
1582,1,false,NumStability.Source.Higham.Chapter05.Algorithm01.ComplexHorner.Basic,SCC of source imports among project modules.
1583,1,false,NumStability.Source.Higham.Chapter05.Algorithm01.ComplexHorner.ErrorBounds.Theorems,SCC of source imports among project modules.
1584,1,false,NumStability.Source.Higham.Chapter05.Equation14.MatrixPolynomialForms.Basic,SCC of source imports among project modules.
1585,1,false,NumStability.Source.Higham.Chapter05.Problem01.DifferentiatedHorner.Basic,SCC of source imports among project modules.
1586,1,false,NumStability.Source.Higham.Chapter05.Problem02.PowerBuilding.Basic,SCC of source imports among project modules.
1587,1,false,NumStability.Source.Higham.Chapter05.Problem03.EvenOddSplitting.Basic,SCC of source imports among project modules.
1588,1,false,NumStability.Source.Higham.Chapter05.Problem04.LejaOrdering.Basic,SCC of source imports among project modules.
1589,1,false,NumStability.Source.Higham.Chapter05.Problem06.MatrixPolynomialHorner.Basic,SCC of source imports among project modules.
1590,1,false,NumStability.Source.Higham.Chapter05.Section01.Horner.Basic,SCC of source imports among project modules.
1591,1,false,NumStability.Source.Higham.Chapter05.Section01.RelativeError.Basic,SCC of source imports among project modules.
1592,1,false,NumStability.Source.Higham.Chapter05.Section02.BidiagonalDerivativeAnalysis.Basic,SCC of source imports among project modules.
1593,1,false,NumStability.Source.Higham.Chapter05.Section02.BidiagonalDerivativeAnalysis.Results.Theorems,SCC of source imports among project modules.
1594,1,false,NumStability.Source.Higham.Chapter05.Section02.DerivativeError.Basic,SCC of source imports among project modules.
1595,1,false,NumStability.Source.Higham.Chapter05.Section02.DerivativeError.Results.Theorems,SCC of source imports among project modules.
1596,1,false,NumStability.Source.Higham.Chapter05.Section02.DerivativeEvaluation.Bidiagonal,SCC of source imports among project modules.
1597,1,false,NumStability.Source.Higham.Chapter05.Section02.DerivativeEvaluation.SyntheticDivision,SCC of source imports among project modules.
1598,1,false,NumStability.Source.Higham.Chapter05.Section03.DividedDifferences.Basic,SCC of source imports among project modules.
1599,1,false,NumStability.Source.Higham.Chapter05.Section03.LejaOrdering.Basic,SCC of source imports among project modules.
1600,1,false,NumStability.Source.Higham.Chapter05.Section03.NewtonEvaluation.Basic,SCC of source imports among project modules.
1601,1,false,NumStability.Source.Higham.Chapter05.Section03.NewtonEvaluation.HornerBasis,SCC of source imports among project modules.
1602,1,false,NumStability.Source.Higham.Chapter05.Section03.ResidualUnwind.Basic,SCC of source imports among project modules.
1603,1,false,NumStability.Source.Higham.Chapter05.Section04.PatersonStockmeyer.Basic,SCC of source imports among project modules.
1604,1,false,NumStability.Source.Higham.Chapter05.Section04.PatersonStockmeyer.Results.Theorems,SCC of source imports among project modules.
1605,1,false,NumStability.Source.Higham.Chapter05.Section05.FastPolynomialEvaluation.Basic,SCC of source imports among project modules.
1606,1,false,NumStability.Source.Higham.Chapter05.Section05.FastPolynomialEvaluation.Results.Theorems,SCC of source imports among project modules.
1607,1,false,NumStability.Source.Higham.Chapter06,SCC of source imports among project modules.
1608,1,false,NumStability.Source.Higham.Chapter06.Asides,SCC of source imports among project modules.
1609,1,false,NumStability.Source.Higham.Chapter06.Asides.ConditionNumberBounds,SCC of source imports among project modules.
1610,1,false,NumStability.Source.Higham.Chapter06.Asides.EuclideanNormDifferentiability,SCC of source imports among project modules.
1611,1,false,NumStability.Source.Higham.Chapter06.Asides.MaxNormInconsistency,SCC of source imports among project modules.
1612,1,false,NumStability.Source.Higham.Chapter06.Asides.UnitaryInvariance,SCC of source imports among project modules.
1613,1,false,NumStability.Source.Higham.Chapter06.BlockAntidiagonalNorm,SCC of source imports among project modules.
1614,1,false,NumStability.Source.Higham.Chapter06.BlockAntidiagonalNorm.InducedLp,SCC of source imports among project modules.
1615,1,false,NumStability.Source.Higham.Chapter06.BlockAntidiagonalNorm.OperatorTwo,SCC of source imports among project modules.
1616,1,false,NumStability.Source.Higham.Chapter06.Equation01,SCC of source imports among project modules.
1617,1,false,NumStability.Source.Higham.Chapter06.Equation02,SCC of source imports among project modules.
1618,1,false,NumStability.Source.Higham.Chapter06.Lemma06,SCC of source imports among project modules.
1619,1,false,NumStability.Source.Higham.Chapter06.Lemma06.Core.Results,SCC of source imports among project modules.
1620,1,false,NumStability.Source.Higham.Chapter06.Lemma06.OperatorTwoNormBound,SCC of source imports among project modules.
1621,1,false,NumStability.Source.Higham.Chapter06.Lemma06.OperatorTwoNormBound.Bridge,SCC of source imports among project modules.
1622,1,false,NumStability.Source.Higham.Chapter06.Norms,SCC of source imports among project modules.
1623,1,false,NumStability.Source.Higham.Chapter06.Problem01,SCC of source imports among project modules.
1624,1,false,NumStability.Source.Higham.Chapter06.Problem05,SCC of source imports among project modules.
1625,1,false,NumStability.Source.Higham.Chapter06.Problem09,SCC of source imports among project modules.
1626,1,false,NumStability.Source.Higham.Chapter06.Problem10,SCC of source imports among project modules.
1627,1,false,NumStability.Source.Higham.Chapter06.Theorem04,SCC of source imports among project modules.
1628,1,false,NumStability.Source.Higham.Chapter06.Theorem05.DistanceToSingularity.All,SCC of source imports among project modules.
1629,1,false,NumStability.Source.Higham.Chapter06.Theorem05.DistanceToSingularity.Chapter07Equation26,SCC of source imports among project modules.
1630,1,false,NumStability.Source.Higham.Chapter07,SCC of source imports among project modules.
1631,1,false,NumStability.Source.Higham.Chapter07.Corollary06.Equilibration.Basic,SCC of source imports among project modules.
1632,1,false,NumStability.Source.Higham.Chapter07.Corollary06.LinearSystemsConditioning.All,SCC of source imports among project modules.
1633,1,false,NumStability.Source.Higham.Chapter07.Corollary06.LinearSystemsConditioning.Basic,SCC of source imports among project modules.
1634,1,false,NumStability.Source.Higham.Chapter07.Corollary06.LinearSystemsConditioning.Results,SCC of source imports among project modules.
1635,1,false,NumStability.Source.Higham.Chapter07.Equation17.KahanConditioningExample,SCC of source imports among project modules.
1636,1,false,NumStability.Source.Higham.Chapter07.Equation25.InverseConditioning.All,SCC of source imports among project modules.
1637,1,false,NumStability.Source.Higham.Chapter07.Equation25.InverseConditioning.ExactPerturbation,SCC of source imports among project modules.
1638,1,false,NumStability.Source.Higham.Chapter07.Equation25.SourceEndpoint.Basic,SCC of source imports among project modules.
1639,1,false,NumStability.Source.Higham.Chapter07.Equation26.ComponentwiseDistance.Basic,SCC of source imports among project modules.
1640,1,false,NumStability.Source.Higham.Chapter07.Equation26.DistanceToSingularity.Results,SCC of source imports among project modules.
1641,1,false,NumStability.Source.Higham.Chapter07.Equation26.RumpCycle.Basic,SCC of source imports among project modules.
1642,1,false,NumStability.Source.Higham.Chapter07.Equation26.RumpCycle.Results.Theorems,SCC of source imports among project modules.
1643,1,false,NumStability.Source.Higham.Chapter07.LinearSystemsConditioning.All,SCC of source imports among project modules.
1644,1,false,NumStability.Source.Higham.Chapter07.LinearSystemsConditioning.ComputedResidual,SCC of source imports among project modules.
1645,1,false,NumStability.Source.Higham.Chapter07.LinearSystemsConditioning.ConditionNumbers,SCC of source imports among project modules.
1646,1,false,NumStability.Source.Higham.Chapter07.LinearSystemsConditioning.Equation05,SCC of source imports among project modules.
1647,1,false,NumStability.Source.Higham.Chapter07.LinearSystemsConditioning.Equation32,SCC of source imports among project modules.
1648,1,false,NumStability.Source.Higham.Chapter07.LinearSystemsConditioning.Equation33,SCC of source imports among project modules.
1649,1,false,NumStability.Source.Higham.Chapter07.LinearSystemsConditioning.ForwardErrorKernels,SCC of source imports among project modules.
1650,1,false,NumStability.Source.Higham.Chapter07.LinearSystemsConditioning.Lemma09,SCC of source imports among project modules.
1651,1,false,NumStability.Source.Higham.Chapter07.LinearSystemsConditioning.Problem01,SCC of source imports among project modules.
1652,1,false,NumStability.Source.Higham.Chapter07.LinearSystemsConditioning.Problem02,SCC of source imports among project modules.
1653,1,false,NumStability.Source.Higham.Chapter07.LinearSystemsConditioning.Problem04,SCC of source imports among project modules.
1654,1,false,NumStability.Source.Higham.Chapter07.LinearSystemsConditioning.Problem05,SCC of source imports among project modules.
1655,1,false,NumStability.Source.Higham.Chapter07.LinearSystemsConditioning.Problem06Columnwise,SCC of source imports among project modules.
1656,1,false,NumStability.Source.Higham.Chapter07.LinearSystemsConditioning.Problem06Rowwise,SCC of source imports among project modules.
1657,1,false,NumStability.Source.Higham.Chapter07.LinearSystemsConditioning.Problem07,SCC of source imports among project modules.
1658,1,false,NumStability.Source.Higham.Chapter07.LinearSystemsConditioning.Problem08RectangularBackwardError,SCC of source imports among project modules.
1659,1,false,NumStability.Source.Higham.Chapter07.LinearSystemsConditioning.Problem09Exact,SCC of source imports among project modules.
1660,1,false,NumStability.Source.Higham.Chapter07.LinearSystemsConditioning.Problem09Linearized,SCC of source imports among project modules.
1661,1,false,NumStability.Source.Higham.Chapter07.LinearSystemsConditioning.Problem10Bauer.Part01,SCC of source imports among project modules.
1662,1,false,NumStability.Source.Higham.Chapter07.LinearSystemsConditioning.Problem10Bauer.Part02,SCC of source imports among project modules.
1663,1,false,NumStability.Source.Higham.Chapter07.LinearSystemsConditioning.Problem10Bauer.Part03,SCC of source imports among project modules.
1664,1,false,NumStability.Source.Higham.Chapter07.LinearSystemsConditioning.Problem10OneNorm,SCC of source imports among project modules.
1665,1,false,NumStability.Source.Higham.Chapter07.LinearSystemsConditioning.Problem13SparseResidual,SCC of source imports among project modules.
1666,1,false,NumStability.Source.Higham.Chapter07.LinearSystemsConditioning.Problem15Hadamard,SCC of source imports among project modules.
1667,1,false,NumStability.Source.Higham.Chapter07.LinearSystemsConditioning.RectangularTheorems,SCC of source imports among project modules.
1668,1,false,NumStability.Source.Higham.Chapter07.LinearSystemsConditioning.RowScaling,SCC of source imports among project modules.
1669,1,false,NumStability.Source.Higham.Chapter07.LinearSystemsConditioning.Theorem02,SCC of source imports among project modules.
1670,1,false,NumStability.Source.Higham.Chapter07.LinearSystemsConditioning.Theorem03.RectangularResults,SCC of source imports among project modules.
1671,1,false,NumStability.Source.Higham.Chapter07.LinearSystemsConditioning.Theorem04,SCC of source imports among project modules.
1672,1,false,NumStability.Source.Higham.Chapter07.LinearSystemsConditioning.Theorem05.Part01,SCC of source imports among project modules.
1673,1,false,NumStability.Source.Higham.Chapter07.LinearSystemsConditioning.Theorem05.Part02,SCC of source imports among project modules.
1674,1,false,NumStability.Source.Higham.Chapter07.LinearSystemsConditioning.Theorem05.Part03,SCC of source imports among project modules.
1675,1,false,NumStability.Source.Higham.Chapter07.LinearSystemsConditioning.Theorem05.Part04,SCC of source imports among project modules.
1676,1,false,NumStability.Source.Higham.Chapter07.LinearSystemsConditioning.Theorem05.Part05,SCC of source imports among project modules.
1677,1,false,NumStability.Source.Higham.Chapter07.LinearSystemsConditioning.Theorem05.Part06,SCC of source imports among project modules.
1678,1,false,NumStability.Source.Higham.Chapter07.LinearSystemsConditioning.Theorem05.RowInfinityScaleCounterexample.Theorems,SCC of source imports among project modules.
1679,1,false,NumStability.Source.Higham.Chapter07.LinearSystemsConditioning.Theorem07FrobeniusScaling,SCC of source imports among project modules.
1680,1,false,NumStability.Source.Higham.Chapter07.LinearSystemsConditioning.Theorem08Aliases,SCC of source imports among project modules.
1681,1,false,NumStability.Source.Higham.Chapter08,SCC of source imports among project modules.
1682,1,false,NumStability.Source.Higham.Chapter08.Equation02.TriangularSubstitution.RelativeInfinityNormBounds.Theorems,SCC of source imports among project modules.
1683,1,false,NumStability.Source.Higham.Chapter08.Equation10.ColumnPivotedQR.Basic,SCC of source imports among project modules.
1684,1,false,NumStability.Source.Higham.Chapter08.Equation14.FanInExecutor.All,SCC of source imports among project modules.
1685,1,false,NumStability.Source.Higham.Chapter08.Equation14.FanInExecutor.Executor,SCC of source imports among project modules.
1686,1,false,NumStability.Source.Higham.Chapter08.Equation14.FanInProduct.Basic,SCC of source imports among project modules.
1687,1,false,NumStability.Source.Higham.Chapter08.Equation15.FanInExecutor.FirstOrderResidual,SCC of source imports among project modules.
1688,1,false,NumStability.Source.Higham.Chapter08.Equation15.GlobalEnvelopeCounterexample.All,SCC of source imports among project modules.
1689,1,false,NumStability.Source.Higham.Chapter08.Equation15.GlobalEnvelopeCounterexample.LocalCancellation,SCC of source imports among project modules.
1690,1,false,NumStability.Source.Higham.Chapter08.Equation15.GlobalEnvelopeCounterexample.LocalCancellationResults.Theorems,SCC of source imports among project modules.
1691,1,false,NumStability.Source.Higham.Chapter08.Equation15.GlobalEnvelopeCounterexample.RawCube,SCC of source imports among project modules.
1692,1,false,NumStability.Source.Higham.Chapter08.Equation18.FanInExecutor.FirstOrderForwardError,SCC of source imports among project modules.
1693,1,false,NumStability.Source.Higham.Chapter08.Lemma08.CorrectedCondition.All,SCC of source imports among project modules.
1694,1,false,NumStability.Source.Higham.Chapter08.Lemma08.CorrectedCondition.RowDominance,SCC of source imports among project modules.
1695,1,false,NumStability.Source.Higham.Chapter08.Lemma08.Entrywise.Basic,SCC of source imports among project modules.
1696,1,false,NumStability.Source.Higham.Chapter08.Lemma08Discrepancy,SCC of source imports among project modules.
1697,1,false,NumStability.Source.Higham.Chapter08.Problem01.NoGuardSubstitution.Aliases,SCC of source imports among project modules.
1698,1,false,NumStability.Source.Higham.Chapter08.Problem01.NoGuardSubstitution.All,SCC of source imports among project modules.
1699,1,false,NumStability.Source.Higham.Chapter08.Problem01.NoGuardSubstitution.BackwardSubstitution,SCC of source imports among project modules.
1700,1,false,NumStability.Source.Higham.Chapter08.Problem01.NoGuardSubstitution.ForwardSubstitution,SCC of source imports among project modules.
1701,1,false,NumStability.Source.Higham.Chapter08.Problem02.ComparisonMatrixWitness.All,SCC of source imports among project modules.
1702,1,false,NumStability.Source.Higham.Chapter08.Problem02.ComparisonMatrixWitness.ArbitraryRatios.Theorems,SCC of source imports among project modules.
1703,1,false,NumStability.Source.Higham.Chapter08.Problem02.ComparisonMatrixWitness.RatioWitness,SCC of source imports among project modules.
1704,1,false,NumStability.Source.Higham.Chapter08.Problem03.UnitTriangularSubstitution.All,SCC of source imports among project modules.
1705,1,false,NumStability.Source.Higham.Chapter08.Problem03.UnitTriangularSubstitution.Bound,SCC of source imports among project modules.
1706,1,false,NumStability.Source.Higham.Chapter08.Problem04.MMatrixSubstitution.All,SCC of source imports among project modules.
1707,1,false,NumStability.Source.Higham.Chapter08.Problem04.MMatrixSubstitution.Comparison,SCC of source imports among project modules.
1708,1,false,NumStability.Source.Higham.Chapter08.Problem05.InverseNormBounds.All,SCC of source imports among project modules.
1709,1,false,NumStability.Source.Higham.Chapter08.Problem05.InverseNormBounds.ZInverse,SCC of source imports among project modules.
1710,1,false,NumStability.Source.Higham.Chapter08.Problem06.ComparisonInverseBounds.All,SCC of source imports among project modules.
1711,1,false,NumStability.Source.Higham.Chapter08.Problem06.ComparisonInverseBounds.VectorBounds,SCC of source imports among project modules.
1712,1,false,NumStability.Source.Higham.Chapter08.Problem07.DiagonalScaling.All,SCC of source imports among project modules.
1713,1,false,NumStability.Source.Higham.Chapter08.Problem07.DiagonalScaling.Bounds,SCC of source imports among project modules.
1714,1,false,NumStability.Source.Higham.Chapter08.Problem07.DiagonalScaling.Results.Theorems,SCC of source imports among project modules.
1715,1,false,NumStability.Source.Higham.Chapter08.Problem08.SingleEntrySingularity.All,SCC of source imports among project modules.
1716,1,false,NumStability.Source.Higham.Chapter08.Problem08.SingleEntrySingularity.RankOne,SCC of source imports among project modules.
1717,1,false,NumStability.Source.Higham.Chapter08.Problem08.SingleEntrySingularity.Results.Theorems,SCC of source imports among project modules.
1718,1,false,NumStability.Source.Higham.Chapter08.Problem09.KahanSingularValues.All,SCC of source imports among project modules.
1719,1,false,NumStability.Source.Higham.Chapter08.Problem09.KahanSingularValues.KahanMatrix,SCC of source imports among project modules.
1720,1,false,NumStability.Source.Higham.Chapter08.Problem09.KahanSingularValues.Results.Theorems,SCC of source imports among project modules.
1721,1,false,NumStability.Source.Higham.Chapter08.Section01.BackwardErrorAnalysis.All,SCC of source imports among project modules.
1722,1,false,NumStability.Source.Higham.Chapter08.Section01.BackwardErrorAnalysis.Core,SCC of source imports among project modules.
1723,1,false,NumStability.Source.Higham.Chapter08.Section02.ForwardErrorAnalysis.All,SCC of source imports among project modules.
1724,1,false,NumStability.Source.Higham.Chapter08.Section02.ForwardErrorAnalysis.ComparisonBounds,SCC of source imports among project modules.
1725,1,false,NumStability.Source.Higham.Chapter08.Section02.ForwardErrorAnalysis.ComparisonBoundsPrelude,SCC of source imports among project modules.
1726,1,false,NumStability.Source.Higham.Chapter08.Section02.ForwardErrorAnalysis.NormBounds,SCC of source imports among project modules.
1727,1,false,NumStability.Source.Higham.Chapter08.Section03.BidiagonalComparison.Basic,SCC of source imports among project modules.
1728,1,false,NumStability.Source.Higham.Chapter08.Section03.TriangularSystems.All,SCC of source imports among project modules.
1729,1,false,NumStability.Source.Higham.Chapter08.Section03.TriangularSystems.ArbitraryOrder,SCC of source imports among project modules.
1730,1,false,NumStability.Source.Higham.Chapter08.Section03.TriangularSystems.ComparisonConditioningResults.Theorems,SCC of source imports among project modules.
1731,1,false,NumStability.Source.Higham.Chapter08.Section03.TriangularSystems.InverseBoundsLower,SCC of source imports among project modules.
1732,1,false,NumStability.Source.Higham.Chapter08.Section03.TriangularSystems.InverseBoundsPrelude,SCC of source imports among project modules.
1733,1,false,NumStability.Source.Higham.Chapter08.Section03.TriangularSystems.InverseBoundsUpper,SCC of source imports among project modules.
1734,1,false,NumStability.Source.Higham.Chapter08.Section03.TriangularSystems.InverseNormResults.Theorems,SCC of source imports among project modules.
1735,1,false,NumStability.Source.Higham.Chapter08.Section04.FanInAsymptotics.Basic,SCC of source imports among project modules.
1736,1,false,NumStability.Source.Higham.Chapter08.Section04.FanInCore.All,SCC of source imports among project modules.
1737,1,false,NumStability.Source.Higham.Chapter08.Section04.FanInCore.AllOrdersEnvelope,SCC of source imports among project modules.
1738,1,false,NumStability.Source.Higham.Chapter08.Section04.FanInCore.Factors,SCC of source imports among project modules.
1739,1,false,NumStability.Source.Higham.Chapter08.Section04.FanInCore.ResidualForwardBounds,SCC of source imports among project modules.
1740,1,false,NumStability.Source.Higham.Chapter09,SCC of source imports among project modules.
1741,1,false,NumStability.Source.Higham.Chapter09.CompletePivotSharpClosure,SCC of source imports among project modules.
1742,1,false,NumStability.Source.Higham.Chapter09.ComplexClosure,SCC of source imports among project modules.
1743,1,false,NumStability.Source.Higham.Chapter09.ComputedCorrection,SCC of source imports among project modules.
1744,1,false,NumStability.Source.Higham.Chapter09.DoolittleClosure,SCC of source imports among project modules.
1745,1,false,NumStability.Source.Higham.Chapter09.Problems,SCC of source imports among project modules.
1746,1,false,NumStability.Source.Higham.Chapter09.Section01,SCC of source imports among project modules.
1747,1,false,NumStability.Source.Higham.Chapter09.Section02,SCC of source imports among project modules.
1748,1,false,NumStability.Source.Higham.Chapter09.Section03,SCC of source imports among project modules.
1749,1,false,NumStability.Source.Higham.Chapter09.Section04,SCC of source imports among project modules.
1750,1,false,NumStability.Source.Higham.Chapter09.Section05,SCC of source imports among project modules.
1751,1,false,NumStability.Source.Higham.Chapter09.Section06,SCC of source imports among project modules.
1752,1,false,NumStability.Source.Higham.Chapter09.Section08,SCC of source imports among project modules.
1753,1,false,NumStability.Source.Higham.Chapter09.Section10,SCC of source imports among project modules.
1754,1,false,NumStability.Source.Higham.Chapter09.Section11,SCC of source imports among project modules.
1755,1,false,NumStability.Source.Higham.Chapter09.Theorem14.Actual,SCC of source imports among project modules.
1756,1,false,NumStability.Source.Higham.Chapter09.Theorem14.DiagDominant,SCC of source imports among project modules.
1757,1,false,NumStability.Source.Higham.Chapter09.Theorem14.Primitive,SCC of source imports among project modules.
1758,1,false,NumStability.Source.Higham.Chapter09.Theorem15.Barrlund.Basic,SCC of source imports among project modules.
1759,1,false,NumStability.Source.Higham.Chapter09.Theorem15.Sun.Basic,SCC of source imports among project modules.
1760,1,false,NumStability.Source.Higham.Chapter09.Theorem914Actual,SCC of source imports among project modules.
1761,1,false,NumStability.Source.Higham.Chapter09.Theorem914DiagDominant,SCC of source imports among project modules.
1762,1,false,NumStability.Source.Higham.Chapter09.Theorem914Primitive,SCC of source imports among project modules.
1763,1,false,NumStability.Source.Higham.Chapter09.Theorem97Classification,SCC of source imports among project modules.
1764,1,false,NumStability.Source.Higham.Chapter09.Theorem99Closure,SCC of source imports among project modules.
1765,1,false,NumStability.Source.Higham.Chapter09.Theorem99ComplexClosure,SCC of source imports among project modules.
1766,1,false,NumStability.Source.Higham.Chapter10,SCC of source imports among project modules.
1767,1,false,NumStability.Source.Higham.Chapter10.Equation07.AbsoluteFactorNorm,SCC of source imports among project modules.
1768,1,false,NumStability.Source.Higham.Chapter10.Equation07.AbsoluteFactorNorm.Bridge,SCC of source imports among project modules.
1769,1,false,NumStability.Source.Higham.Chapter10.Equation07.AbsoluteFactorNorm.Endpoints,SCC of source imports among project modules.
1770,1,false,NumStability.Source.Higham.Chapter10.Equation29.Mathias,SCC of source imports among project modules.
1771,1,false,NumStability.Source.Higham.Chapter10.Equation29.Mathias.Endpoints,SCC of source imports among project modules.
1772,1,false,NumStability.Source.Higham.Chapter10.Equation29.Mathias.FirstBreakdown,SCC of source imports among project modules.
1773,1,false,NumStability.Source.Higham.Chapter10.Equation29.Mathias.RoundedSchur.Bounds,SCC of source imports among project modules.
1774,1,false,NumStability.Source.Higham.Chapter10.Equation29.Mathias.SourceIngredients,SCC of source imports among project modules.
1775,1,false,NumStability.Source.Higham.Chapter10.Equation30.ComplexPositiveDefinite,SCC of source imports among project modules.
1776,1,false,NumStability.Source.Higham.Chapter10.Equation30.ComplexPositiveDefinite.Endpoints,SCC of source imports among project modules.
1777,1,false,NumStability.Source.Higham.Chapter10.Equation30.ComplexPositiveDefinite.NoPivotLU.SourceBounds,SCC of source imports among project modules.
1778,1,false,NumStability.Source.Higham.Chapter10.Equation30.ComplexPositiveDefinite.SourceClosure,SCC of source imports among project modules.
1779,1,false,NumStability.Source.Higham.Chapter10.Lemma11.PivotSequenceStability,SCC of source imports among project modules.
1780,1,false,NumStability.Source.Higham.Chapter10.Lemma11.PivotSequenceStability.Endpoints,SCC of source imports among project modules.
1781,1,false,NumStability.Source.Higham.Chapter10.Lemma11.PivotSequenceStability.SourceClosure,SCC of source imports among project modules.
1782,1,false,NumStability.Source.Higham.Chapter10.Lemma13.KahanSharpness,SCC of source imports among project modules.
1783,1,false,NumStability.Source.Higham.Chapter10.Lemma13.KahanSharpness.CompletePivotingBound,SCC of source imports among project modules.
1784,1,false,NumStability.Source.Higham.Chapter10.Lemma13.KahanSharpness.Endpoints,SCC of source imports among project modules.
1785,1,false,NumStability.Source.Higham.Chapter10.Lemma13.KahanSharpness.GramFamily,SCC of source imports among project modules.
1786,1,false,NumStability.Source.Higham.Chapter10.Lemma13.KahanSharpness.Limit,SCC of source imports among project modules.
1787,1,false,NumStability.Source.Higham.Chapter10.Lemma13.KahanSharpness.OperatorNorm.SourceBound,SCC of source imports among project modules.
1788,1,false,NumStability.Source.Higham.Chapter10.Lemma13.KahanSharpness.UnboundedGrowth.Construction,SCC of source imports among project modules.
1789,1,false,NumStability.Source.Higham.Chapter10.Problem01.PositiveSemidefiniteEntries,SCC of source imports among project modules.
1790,1,false,NumStability.Source.Higham.Chapter10.Problem01.PositiveSemidefiniteEntries.Basic,SCC of source imports among project modules.
1791,1,false,NumStability.Source.Higham.Chapter10.Problem01.PositiveSemidefiniteEntries.EntryBounds.Results,SCC of source imports among project modules.
1792,1,false,NumStability.Source.Higham.Chapter10.Problem03.ArbitraryEvaluationOrder,SCC of source imports among project modules.
1793,1,false,NumStability.Source.Higham.Chapter10.Problem03.ArbitraryEvaluationOrder.Basic,SCC of source imports among project modules.
1794,1,false,NumStability.Source.Higham.Chapter10.Problem04.UnpivotedGrowth,SCC of source imports among project modules.
1795,1,false,NumStability.Source.Higham.Chapter10.Problem04.UnpivotedGrowth.Basic,SCC of source imports among project modules.
1796,1,false,NumStability.Source.Higham.Chapter10.Problem04.UnpivotedGrowth.PositivePivots.Bounds,SCC of source imports among project modules.
1797,1,false,NumStability.Source.Higham.Chapter10.Problem08.LeadingMinorsCounterexample,SCC of source imports among project modules.
1798,1,false,NumStability.Source.Higham.Chapter10.Problem08.LeadingMinorsCounterexample.Basic,SCC of source imports among project modules.
1799,1,false,NumStability.Source.Higham.Chapter10.Section01.Factorization,SCC of source imports among project modules.
1800,1,false,NumStability.Source.Higham.Chapter10.Section01.Factorization.Basic,SCC of source imports among project modules.
1801,1,false,NumStability.Source.Higham.Chapter10.Section01.Factorization.ExistenceUniqueness.Results,SCC of source imports among project modules.
1802,1,false,NumStability.Source.Higham.Chapter10.Section02.ErrorAnalysis,SCC of source imports among project modules.
1803,1,false,NumStability.Source.Higham.Chapter10.Section02.ErrorAnalysis.Basic,SCC of source imports among project modules.
1804,1,false,NumStability.Source.Higham.Chapter10.Section02.ErrorAnalysis.FactorizationAndSolve.Bounds,SCC of source imports among project modules.
1805,1,false,NumStability.Source.Higham.Chapter10.Section03.PositiveSemidefinite,SCC of source imports among project modules.
1806,1,false,NumStability.Source.Higham.Chapter10.Section03.PositiveSemidefinite.ConstructiveFactorization.Existence,SCC of source imports among project modules.
1807,1,false,NumStability.Source.Higham.Chapter10.Section03.PositiveSemidefinite.Endpoints,SCC of source imports among project modules.
1808,1,false,NumStability.Source.Higham.Chapter10.Section03.PositiveSemidefinite.Existence,SCC of source imports among project modules.
1809,1,false,NumStability.Source.Higham.Chapter10.Section03.PositiveSemidefinite.PivotingAndScaling.Results,SCC of source imports among project modules.
1810,1,false,NumStability.Source.Higham.Chapter10.Section03.PositiveSemidefinite.QuadraticFormBounds.WeightedNorm,SCC of source imports among project modules.
1811,1,false,NumStability.Source.Higham.Chapter10.Section03.PositiveSemidefinite.SchurComplement,SCC of source imports among project modules.
1812,1,false,NumStability.Source.Higham.Chapter10.Section03.PositiveSemidefinite.Termination,SCC of source imports among project modules.
1813,1,false,NumStability.Source.Higham.Chapter10.Section03.PositiveSemidefinite.TrailingTermination.Bound,SCC of source imports among project modules.
1814,1,false,NumStability.Source.Higham.Chapter10.Section03.PositiveSemidefinite.WNormBound,SCC of source imports among project modules.
1815,1,false,NumStability.Source.Higham.Chapter10.Section04.PositiveDefiniteSymmetricPart,SCC of source imports among project modules.
1816,1,false,NumStability.Source.Higham.Chapter10.Section04.PositiveDefiniteSymmetricPart.Endpoints,SCC of source imports among project modules.
1817,1,false,NumStability.Source.Higham.Chapter10.Section04.PositiveDefiniteSymmetricPart.Equation29,SCC of source imports among project modules.
1818,1,false,NumStability.Source.Higham.Chapter10.Section04.PositiveDefiniteSymmetricPart.LUGrowth.Equation29,SCC of source imports among project modules.
1819,1,false,NumStability.Source.Higham.Chapter10.Section04.PositiveDefiniteSymmetricPart.SchurStages.Bounds,SCC of source imports among project modules.
1820,1,false,NumStability.Source.Higham.Chapter10.Theorem06.RoundedCholesky,SCC of source imports among project modules.
1821,1,false,NumStability.Source.Higham.Chapter10.Theorem06.RoundedCholesky.ActualClosure,SCC of source imports among project modules.
1822,1,false,NumStability.Source.Higham.Chapter10.Theorem06.RoundedCholesky.Endpoints,SCC of source imports among project modules.
1823,1,false,NumStability.Source.Higham.Chapter10.Theorem06.RoundedCholesky.ForwardError.ActualAlgorithm,SCC of source imports among project modules.
1824,1,false,NumStability.Source.Higham.Chapter10.Theorem07,SCC of source imports among project modules.
1825,1,false,NumStability.Source.Higham.Chapter10.Theorem07.Core.Results,SCC of source imports among project modules.
1826,1,false,NumStability.Source.Higham.Chapter10.Theorem07.FailureVacuity,SCC of source imports among project modules.
1827,1,false,NumStability.Source.Higham.Chapter10.Theorem07.FailureVacuity.Endpoints,SCC of source imports among project modules.
1828,1,false,NumStability.Source.Higham.Chapter10.Theorem07.FailureVacuity.Vacuity,SCC of source imports among project modules.
1829,1,false,NumStability.Source.Higham.Chapter10.Theorem07.SuccessThreshold.Factorization,SCC of source imports among project modules.
1830,1,false,NumStability.Source.Higham.Chapter10.Theorem08.ComponentwisePerturbation,SCC of source imports among project modules.
1831,1,false,NumStability.Source.Higham.Chapter10.Theorem08.ComponentwisePerturbation.Endpoints,SCC of source imports among project modules.
1832,1,false,NumStability.Source.Higham.Chapter10.Theorem08.ComponentwisePerturbation.NormalizedResolvent.SourceBound,SCC of source imports among project modules.
1833,1,false,NumStability.Source.Higham.Chapter10.Theorem08.ComponentwisePerturbation.Resolvent,SCC of source imports among project modules.
1834,1,false,NumStability.Source.Higham.Chapter10.Theorem08.NormwiseDiscrepancy,SCC of source imports among project modules.
1835,1,false,NumStability.Source.Higham.Chapter10.Theorem08.NormwiseDiscrepancy.Counterexample.Uniqueness,SCC of source imports among project modules.
1836,1,false,NumStability.Source.Higham.Chapter10.Theorem08.NormwiseDiscrepancy.Endpoints,SCC of source imports among project modules.
1837,1,false,NumStability.Source.Higham.Chapter10.Theorem08.NormwiseDiscrepancy.LiteralSource,SCC of source imports among project modules.
1838,1,false,NumStability.Source.Higham.Chapter10.Theorem14.CompletePivotedPSD,SCC of source imports among project modules.
1839,1,false,NumStability.Source.Higham.Chapter10.Theorem14.CompletePivotedPSD.ActualComputation.ErrorBounds,SCC of source imports among project modules.
1840,1,false,NumStability.Source.Higham.Chapter10.Theorem14.CompletePivotedPSD.ActualRun,SCC of source imports among project modules.
1841,1,false,NumStability.Source.Higham.Chapter10.Theorem14.CompletePivotedPSD.Endpoints,SCC of source imports among project modules.
1842,1,false,NumStability.Source.Higham.Chapter10.Theorem14.CompletePivotedPSD.Equation22,SCC of source imports among project modules.
1843,1,false,NumStability.Source.Higham.Chapter10.Theorem14.CompletePivotedPSD.PsdErrorAnalysis,SCC of source imports among project modules.
1844,1,false,NumStability.Source.Higham.Chapter10.Theorem14.CompletePivotedPSD.RankSensitiveError.Bounds,SCC of source imports among project modules.
1845,1,false,NumStability.Source.Higham.Chapter10.Theorem14.CompletePivotedPSD.RoundedErrorAnalysis.Bounds,SCC of source imports among project modules.
1846,1,false,NumStability.Source.Higham.Chapter10.Theorem14.CompletePivotedPSD.SchurPerturbation.Family,SCC of source imports among project modules.
1847,1,false,NumStability.Source.Higham.Chapter10.Theorem14.CompletePivotedPSD.SourceError,SCC of source imports among project modules.
1848,1,false,NumStability.Source.Higham.Chapter10.Theorem14.CompletePivotedPSD.SourceSuccess,SCC of source imports among project modules.
1849,1,false,NumStability.Source.Higham.Chapter10.Theorem14.CompletePivotedPSD.SuccessfulRun.StageBounds,SCC of source imports among project modules.
1850,1,false,NumStability.Source.Higham.Chapter11,SCC of source imports among project modules.
1851,1,false,NumStability.Source.Higham.Chapter11.Aasen118Reduced,SCC of source imports among project modules.
1852,1,false,NumStability.Source.Higham.Chapter11.AasenAdjacentPivotOperationalMiddle,SCC of source imports among project modules.
1853,1,false,NumStability.Source.Higham.Chapter11.AasenAdjacentPivotResidualDomain,SCC of source imports among project modules.
1854,1,false,NumStability.Source.Higham.Chapter11.AasenAdjacentPivotSourceResidual,SCC of source imports among project modules.
1855,1,false,NumStability.Source.Higham.Chapter11.AasenAdjacentPivotTridiagExecutor,SCC of source imports among project modules.
1856,1,false,NumStability.Source.Higham.Chapter11.AasenAdjacentPivotTridiagForwardCounterexample,SCC of source imports among project modules.
1857,1,false,NumStability.Source.Higham.Chapter11.AasenDirect118,SCC of source imports among project modules.
1858,1,false,NumStability.Source.Higham.Chapter11.AasenDirectTridiagGEPPSolve,SCC of source imports among project modules.
1859,1,false,NumStability.Source.Higham.Chapter11.AasenFactorNorm,SCC of source imports among project modules.
1860,1,false,NumStability.Source.Higham.Chapter11.AasenGrowth,SCC of source imports among project modules.
1861,1,false,NumStability.Source.Higham.Chapter11.AasenMiddleGEPPCh11Counterexample,SCC of source imports among project modules.
1862,1,false,NumStability.Source.Higham.Chapter11.AasenOriginalCoordinateCorrection,SCC of source imports among project modules.
1863,1,false,NumStability.Source.Higham.Chapter11.AasenPermutationSourceCorrection,SCC of source imports among project modules.
1864,1,false,NumStability.Source.Higham.Chapter11.AasenPrintedCoefficientAlgebra,SCC of source imports among project modules.
1865,1,false,NumStability.Source.Higham.Chapter11.AasenSourceSharpFactorResidual,SCC of source imports among project modules.
1866,1,false,NumStability.Source.Higham.Chapter11.AasenTheorem118ScalarEdge,SCC of source imports among project modules.
1867,1,false,NumStability.Source.Higham.Chapter11.AasenTridiagGEPP,SCC of source imports among project modules.
1868,1,false,NumStability.Source.Higham.Chapter11.AasenUnitOuterSolve,SCC of source imports among project modules.
1869,1,false,NumStability.Source.Higham.Chapter11.BlockLDLTAllOneByOnePrinted,SCC of source imports among project modules.
1870,1,false,NumStability.Source.Higham.Chapter11.BlockLDLTBunchTridiagonal,SCC of source imports among project modules.
1871,1,false,NumStability.Source.Higham.Chapter11.BlockLDLTMixedPivot,SCC of source imports among project modules.
1872,1,false,NumStability.Source.Higham.Chapter11.BlockLDLTSolveBackward,SCC of source imports among project modules.
1873,1,false,NumStability.Source.Higham.Chapter11.Bunch.ActualSharpGrowthClosure,SCC of source imports among project modules.
1874,1,false,NumStability.Source.Higham.Chapter11.Bunch.ExactTrace,SCC of source imports among project modules.
1875,1,false,NumStability.Source.Higham.Chapter11.Bunch.SharpGrowthBridge,SCC of source imports among project modules.
1876,1,false,NumStability.Source.Higham.Chapter11.Bunch.TraceHadamard,SCC of source imports among project modules.
1877,1,false,NumStability.Source.Higham.Chapter11.BunchKaufman.ActualSelector,SCC of source imports among project modules.
1878,1,false,NumStability.Source.Higham.Chapter11.BunchKaufman.Exact.Growth,SCC of source imports among project modules.
1879,1,false,NumStability.Source.Higham.Chapter11.BunchKaufman.Exact.GrowthArithmetic,SCC of source imports among project modules.
1880,1,false,NumStability.Source.Higham.Chapter11.BunchKaufman.Exact.Trace,SCC of source imports among project modules.
1881,1,false,NumStability.Source.Higham.Chapter11.BunchKaufman.ExplicitInverse.Solve,SCC of source imports among project modules.
1882,1,false,NumStability.Source.Higham.Chapter11.BunchKaufman.ExplicitInverse.TerminalClosedForm,SCC of source imports among project modules.
1883,1,false,NumStability.Source.Higham.Chapter11.BunchKaufman.Rounded.Accumulated,SCC of source imports among project modules.
1884,1,false,NumStability.Source.Higham.Chapter11.BunchKaufman.Rounded.Bridge,SCC of source imports among project modules.
1885,1,false,NumStability.Source.Higham.Chapter11.BunchKaufman.Rounded.Closure,SCC of source imports among project modules.
1886,1,false,NumStability.Source.Higham.Chapter11.BunchKaufman.Rounded.Execution,SCC of source imports among project modules.
1887,1,false,NumStability.Source.Higham.Chapter11.BunchKaufman.Rounded.Factors,SCC of source imports among project modules.
1888,1,false,NumStability.Source.Higham.Chapter11.BunchKaufman.Rounded.Global,SCC of source imports among project modules.
1889,1,false,NumStability.Source.Higham.Chapter11.BunchKaufman.Rounded.Growth,SCC of source imports among project modules.
1890,1,false,NumStability.Source.Higham.Chapter11.BunchKaufman.Rounded.GrowthSolve,SCC of source imports among project modules.
1891,1,false,NumStability.Source.Higham.Chapter11.BunchKaufman.Rounded.MiddleSolve,SCC of source imports among project modules.
1892,1,false,NumStability.Source.Higham.Chapter11.BunchKaufman.Rounded.Solve,SCC of source imports among project modules.
1893,1,false,NumStability.Source.Higham.Chapter11.BunchKaufman.Rounded.Terminal,SCC of source imports among project modules.
1894,1,false,NumStability.Source.Higham.Chapter11.BunchKaufman.Rounded.TerminalClosedForm,SCC of source imports among project modules.
1895,1,false,NumStability.Source.Higham.Chapter11.BunchKaufman.SourceCorrection,SCC of source imports among project modules.
1896,1,false,NumStability.Source.Higham.Chapter11.BunchKaufmanSolve,SCC of source imports among project modules.
1897,1,false,NumStability.Source.Higham.Chapter11.BunchTridiagonalActualSolve,SCC of source imports among project modules.
1898,1,false,NumStability.Source.Higham.Chapter11.BunchTridiagonalHFactor,SCC of source imports among project modules.
1899,1,false,NumStability.Source.Higham.Chapter11.Higham11BunchActualSharpGrowthClosure,SCC of source imports among project modules.
1900,1,false,NumStability.Source.Higham.Chapter11.Higham11BunchExactTrace,SCC of source imports among project modules.
1901,1,false,NumStability.Source.Higham.Chapter11.Higham11BunchKaufmanActualSelector,SCC of source imports among project modules.
1902,1,false,NumStability.Source.Higham.Chapter11.Higham11BunchKaufmanExactGrowth,SCC of source imports among project modules.
1903,1,false,NumStability.Source.Higham.Chapter11.Higham11BunchKaufmanExactGrowthArithmetic,SCC of source imports among project modules.
1904,1,false,NumStability.Source.Higham.Chapter11.Higham11BunchKaufmanExactTrace,SCC of source imports among project modules.
1905,1,false,NumStability.Source.Higham.Chapter11.Higham11BunchKaufmanExplicitInverseSolve,SCC of source imports among project modules.
1906,1,false,NumStability.Source.Higham.Chapter11.Higham11BunchKaufmanExplicitInverseTerminalClosedForm,SCC of source imports among project modules.
1907,1,false,NumStability.Source.Higham.Chapter11.Higham11BunchKaufmanRoundedAccumulated,SCC of source imports among project modules.
1908,1,false,NumStability.Source.Higham.Chapter11.Higham11BunchKaufmanRoundedBridge,SCC of source imports among project modules.
1909,1,false,NumStability.Source.Higham.Chapter11.Higham11BunchKaufmanRoundedClosure,SCC of source imports among project modules.
1910,1,false,NumStability.Source.Higham.Chapter11.Higham11BunchKaufmanRoundedExecution,SCC of source imports among project modules.
1911,1,false,NumStability.Source.Higham.Chapter11.Higham11BunchKaufmanRoundedFactors,SCC of source imports among project modules.
1912,1,false,NumStability.Source.Higham.Chapter11.Higham11BunchKaufmanRoundedGlobal,SCC of source imports among project modules.
1913,1,false,NumStability.Source.Higham.Chapter11.Higham11BunchKaufmanRoundedGrowth,SCC of source imports among project modules.
1914,1,false,NumStability.Source.Higham.Chapter11.Higham11BunchKaufmanRoundedGrowthSolve,SCC of source imports among project modules.
1915,1,false,NumStability.Source.Higham.Chapter11.Higham11BunchKaufmanRoundedMiddleSolve,SCC of source imports among project modules.
1916,1,false,NumStability.Source.Higham.Chapter11.Higham11BunchKaufmanRoundedSolve,SCC of source imports among project modules.
1917,1,false,NumStability.Source.Higham.Chapter11.Higham11BunchKaufmanRoundedTerminal,SCC of source imports among project modules.
1918,1,false,NumStability.Source.Higham.Chapter11.Higham11BunchKaufmanRoundedTerminalClosedForm,SCC of source imports among project modules.
1919,1,false,NumStability.Source.Higham.Chapter11.Higham11BunchKaufmanSourceCorrection,SCC of source imports among project modules.
1920,1,false,NumStability.Source.Higham.Chapter11.Higham11BunchSharpGrowthBridge,SCC of source imports among project modules.
1921,1,false,NumStability.Source.Higham.Chapter11.Higham11BunchTraceHadamard,SCC of source imports among project modules.
1922,1,false,NumStability.Source.Higham.Chapter11.Higham11Chapter9ActualExecutorBridge,SCC of source imports among project modules.
1923,1,false,NumStability.Source.Higham.Chapter11.Higham11Chapter9BridgeClosure,SCC of source imports among project modules.
1924,1,false,NumStability.Source.Higham.Chapter11.Higham11RookExactTrace,SCC of source imports among project modules.
1925,1,false,NumStability.Source.Higham.Chapter11.Higham11RookExecutorAdapter,SCC of source imports among project modules.
1926,1,false,NumStability.Source.Higham.Chapter11.Higham11RookRoundedGap,SCC of source imports among project modules.
1927,1,false,NumStability.Source.Higham.Chapter11.Higham11RookSourceClosure,SCC of source imports among project modules.
1928,1,false,NumStability.Source.Higham.Chapter11.Higham11SkewActualSelector,SCC of source imports among project modules.
1929,1,false,NumStability.Source.Higham.Chapter11.Higham11SkewExactTrace,SCC of source imports among project modules.
1930,1,false,NumStability.Source.Higham.Chapter11.Higham11SkewSourceCorrection,SCC of source imports among project modules.
1931,1,false,NumStability.Source.Higham.Chapter11.Problems,SCC of source imports among project modules.
1932,1,false,NumStability.Source.Higham.Chapter11.Rook.ExactTrace,SCC of source imports among project modules.
1933,1,false,NumStability.Source.Higham.Chapter11.Rook.ExecutorAdapter,SCC of source imports among project modules.
1934,1,false,NumStability.Source.Higham.Chapter11.Rook.RoundedGap,SCC of source imports among project modules.
1935,1,false,NumStability.Source.Higham.Chapter11.Rook.SourceClosure,SCC of source imports among project modules.
1936,1,false,NumStability.Source.Higham.Chapter11.Section01.Basic,SCC of source imports among project modules.
1937,1,false,NumStability.Source.Higham.Chapter11.Section01.CompletePivoting,SCC of source imports among project modules.
1938,1,false,NumStability.Source.Higham.Chapter11.Section01.PartialPivoting,SCC of source imports among project modules.
1939,1,false,NumStability.Source.Higham.Chapter11.Section01.RookPivoting,SCC of source imports among project modules.
1940,1,false,NumStability.Source.Higham.Chapter11.Section01.Tridiagonal,SCC of source imports among project modules.
1941,1,false,NumStability.Source.Higham.Chapter11.Section02.Aasen,SCC of source imports among project modules.
1942,1,false,NumStability.Source.Higham.Chapter11.Section03.SkewSymmetric,SCC of source imports among project modules.
1943,1,false,NumStability.Source.Higham.Chapter11.Skew.ActualSelector,SCC of source imports among project modules.
1944,1,false,NumStability.Source.Higham.Chapter11.Skew.ExactTrace,SCC of source imports among project modules.
1945,1,false,NumStability.Source.Higham.Chapter11.Skew.SourceCorrection,SCC of source imports among project modules.
1946,1,false,NumStability.Source.Higham.Chapter11.Theorem07,SCC of source imports among project modules.
1947,1,false,NumStability.Source.Higham.Chapter11.Theorem07.Core.Results,SCC of source imports among project modules.
1948,1,false,NumStability.Source.Higham.Chapter11.Theorem07.TridiagonalTwoByTwoResidual,SCC of source imports among project modules.
1949,1,false,NumStability.Source.Higham.Chapter11.Theorem07.TridiagonalTwoByTwoResidual.Basic,SCC of source imports among project modules.
1950,1,false,NumStability.Source.Higham.Chapter11.TwoByTwoSchurStep,SCC of source imports among project modules.
1951,1,false,NumStability.Source.Higham.Chapter12,SCC of source imports among project modules.
1952,1,false,NumStability.Source.Higham.Chapter12.IterativeRefinement,SCC of source imports among project modules.
1953,1,false,NumStability.Source.Higham.Chapter12.IterativeRefinement.All,SCC of source imports among project modules.
1954,1,false,NumStability.Source.Higham.Chapter12.IterativeRefinement.Chapter12Bounds,SCC of source imports among project modules.
1955,1,false,NumStability.Source.Higham.Chapter12.IterativeRefinement.ForwardErrorBounds.Results,SCC of source imports among project modules.
1956,1,false,NumStability.Source.Higham.Chapter12.IterativeRefinement.LegacyChapter11Surface,SCC of source imports among project modules.
1957,1,false,NumStability.Source.Higham.Chapter12.IterativeRefinement.Results.Theorems,SCC of source imports among project modules.
1958,1,false,NumStability.Source.Higham.Chapter12.OmegaDiscontinuity,SCC of source imports among project modules.
1959,1,false,NumStability.Source.Higham.Chapter12.Problem02,SCC of source imports among project modules.
1960,1,false,NumStability.Source.Higham.Chapter13,SCC of source imports among project modules.
1961,1,false,NumStability.Source.Higham.Chapter13.Algorithm01,SCC of source imports among project modules.
1962,1,false,NumStability.Source.Higham.Chapter13.Algorithm03,SCC of source imports among project modules.
1963,1,false,NumStability.Source.Higham.Chapter13.Algorithm04,SCC of source imports among project modules.
1964,1,false,NumStability.Source.Higham.Chapter13.BlockLU,SCC of source imports among project modules.
1965,1,false,NumStability.Source.Higham.Chapter13.DemmelSharpMultiplier,SCC of source imports among project modules.
1966,1,false,NumStability.Source.Higham.Chapter13.Equation01,SCC of source imports among project modules.
1967,1,false,NumStability.Source.Higham.Chapter13.Equation02,SCC of source imports among project modules.
1968,1,false,NumStability.Source.Higham.Chapter13.Equation03,SCC of source imports among project modules.
1969,1,false,NumStability.Source.Higham.Chapter13.Equation18,SCC of source imports among project modules.
1970,1,false,NumStability.Source.Higham.Chapter13.Equation19,SCC of source imports among project modules.
1971,1,false,NumStability.Source.Higham.Chapter13.Equation20,SCC of source imports among project modules.
1972,1,false,NumStability.Source.Higham.Chapter13.Equation21,SCC of source imports among project modules.
1973,1,false,NumStability.Source.Higham.Chapter13.Equation22,SCC of source imports among project modules.
1974,1,false,NumStability.Source.Higham.Chapter13.Equation23,SCC of source imports among project modules.
1975,1,false,NumStability.Source.Higham.Chapter13.Equation23.PointRowGrowth,SCC of source imports among project modules.
1976,1,false,NumStability.Source.Higham.Chapter13.Equation23.ProductBounds.PointRow,SCC of source imports among project modules.
1977,1,false,NumStability.Source.Higham.Chapter13.Equation24,SCC of source imports among project modules.
1978,1,false,NumStability.Source.Higham.Chapter13.Equation25,SCC of source imports among project modules.
1979,1,false,NumStability.Source.Higham.Chapter13.Equation25.BackwardError.Bounds,SCC of source imports among project modules.
1980,1,false,NumStability.Source.Higham.Chapter13.Equation25.Factorization,SCC of source imports among project modules.
1981,1,false,NumStability.Source.Higham.Chapter13.Equation25.Families,SCC of source imports among project modules.
1982,1,false,NumStability.Source.Higham.Chapter13.Equation25.PartitionedComputation.Implementation1,SCC of source imports among project modules.
1983,1,false,NumStability.Source.Higham.Chapter13.Equation26,SCC of source imports among project modules.
1984,1,false,NumStability.Source.Higham.Chapter13.Lemma09,SCC of source imports among project modules.
1985,1,false,NumStability.Source.Higham.Chapter13.Lemma10,SCC of source imports among project modules.
1986,1,false,NumStability.Source.Higham.Chapter13.Lemma10.ConditionNumber,SCC of source imports among project modules.
1987,1,false,NumStability.Source.Higham.Chapter13.Lemma10.SchurComplement,SCC of source imports among project modules.
1988,1,false,NumStability.Source.Higham.Chapter13.Problem01,SCC of source imports among project modules.
1989,1,false,NumStability.Source.Higham.Chapter13.Problem02,SCC of source imports among project modules.
1990,1,false,NumStability.Source.Higham.Chapter13.Problem03,SCC of source imports among project modules.
1991,1,false,NumStability.Source.Higham.Chapter13.Problem04,SCC of source imports among project modules.
1992,1,false,NumStability.Source.Higham.Chapter13.Problem04.ActiveStageBounds,SCC of source imports among project modules.
1993,1,false,NumStability.Source.Higham.Chapter13.Problem04.ActiveStageProducts,SCC of source imports among project modules.
1994,1,false,NumStability.Source.Higham.Chapter13.Problem04.ActiveTailProducts,SCC of source imports among project modules.
1995,1,false,NumStability.Source.Higham.Chapter13.Problem04.BlockInverseBounds,SCC of source imports among project modules.
1996,1,false,NumStability.Source.Higham.Chapter13.Problem04.ComparisonChains,SCC of source imports among project modules.
1997,1,false,NumStability.Source.Higham.Chapter13.Problem04.DeterminantChainProducts,SCC of source imports among project modules.
1998,1,false,NumStability.Source.Higham.Chapter13.Problem04.FactorizationExistence,SCC of source imports among project modules.
1999,1,false,NumStability.Source.Higham.Chapter13.Problem04.FactorizationProducts,SCC of source imports among project modules.
2000,1,false,NumStability.Source.Higham.Chapter13.Problem04.FactorizationProducts.ComparisonUpdates,SCC of source imports among project modules.
2001,1,false,NumStability.Source.Higham.Chapter13.Problem04.FactorizationProducts.DeterminantBounds,SCC of source imports among project modules.
2002,1,false,NumStability.Source.Higham.Chapter13.Problem04.FactorizationProducts.InverseBounds,SCC of source imports among project modules.
2003,1,false,NumStability.Source.Higham.Chapter13.Problem04.FactorizationProducts.LocalComparisons,SCC of source imports among project modules.
2004,1,false,NumStability.Source.Higham.Chapter13.Problem04.FactorizationProducts.LowerBlockBudgets,SCC of source imports among project modules.
2005,1,false,NumStability.Source.Higham.Chapter13.Problem04.GlobalTableauChain,SCC of source imports among project modules.
2006,1,false,NumStability.Source.Higham.Chapter13.Problem04.GlobalTableauGrowth,SCC of source imports among project modules.
2007,1,false,NumStability.Source.Higham.Chapter13.Problem04.GlobalTableauProducts,SCC of source imports among project modules.
2008,1,false,NumStability.Source.Higham.Chapter13.Problem04.GlobalTableauProducts.ActiveSuffix,SCC of source imports among project modules.
2009,1,false,NumStability.Source.Higham.Chapter13.Problem04.GlobalTableauProducts.DiagonalUpdate,SCC of source imports among project modules.
2010,1,false,NumStability.Source.Higham.Chapter13.Problem04.GlobalTableauProducts.TailChain,SCC of source imports among project modules.
2011,1,false,NumStability.Source.Higham.Chapter13.Problem04.HistoryEnvelope,SCC of source imports among project modules.
2012,1,false,NumStability.Source.Higham.Chapter13.Problem04.InfNormGrowth,SCC of source imports among project modules.
2013,1,false,NumStability.Source.Higham.Chapter13.Problem04.InverseRatioChain,SCC of source imports among project modules.
2014,1,false,NumStability.Source.Higham.Chapter13.Problem04.LocalGrowth,SCC of source imports among project modules.
2015,1,false,NumStability.Source.Higham.Chapter13.Problem04.LocalNormBounds,SCC of source imports among project modules.
2016,1,false,NumStability.Source.Higham.Chapter13.Problem04.LowerComparisonChain,SCC of source imports among project modules.
2017,1,false,NumStability.Source.Higham.Chapter13.Problem04.MatrixStageHistory,SCC of source imports among project modules.
2018,1,false,NumStability.Source.Higham.Chapter13.Problem04.MatrixStages,SCC of source imports among project modules.
2019,1,false,NumStability.Source.Higham.Chapter13.Problem04.OneStepProducts,SCC of source imports among project modules.
2020,1,false,NumStability.Source.Higham.Chapter13.Problem04.ProductBounds,SCC of source imports among project modules.
2021,1,false,NumStability.Source.Higham.Chapter13.Problem04.RecursiveBudgetChains,SCC of source imports among project modules.
2022,1,false,NumStability.Source.Higham.Chapter13.Problem04.ScalarGrowthBridge,SCC of source imports among project modules.
2023,1,false,NumStability.Source.Higham.Chapter13.Problem04.StageHistory,SCC of source imports among project modules.
2024,1,false,NumStability.Source.Higham.Chapter13.Problem05,SCC of source imports among project modules.
2025,1,false,NumStability.Source.Higham.Chapter13.Problem06,SCC of source imports among project modules.
2026,1,false,NumStability.Source.Higham.Chapter13.Problem07,SCC of source imports among project modules.
2027,1,false,NumStability.Source.Higham.Chapter13.Problem08,SCC of source imports among project modules.
2028,1,false,NumStability.Source.Higham.Chapter13.Problem09,SCC of source imports among project modules.
2029,1,false,NumStability.Source.Higham.Chapter13.Section01,SCC of source imports among project modules.
2030,1,false,NumStability.Source.Higham.Chapter13.Section01.NormConventions,SCC of source imports among project modules.
2031,1,false,NumStability.Source.Higham.Chapter13.Section01.OperationModelFamilies,SCC of source imports among project modules.
2032,1,false,NumStability.Source.Higham.Chapter13.Section01.OperationModels,SCC of source imports among project modules.
2033,1,false,NumStability.Source.Higham.Chapter13.Section01.StandardFactorization,SCC of source imports among project modules.
2034,1,false,NumStability.Source.Higham.Chapter13.Section03,SCC of source imports among project modules.
2035,1,false,NumStability.Source.Higham.Chapter13.Section03.ArbitraryNormDominance,SCC of source imports among project modules.
2036,1,false,NumStability.Source.Higham.Chapter13.Section03.ColumnDominanceClosure,SCC of source imports among project modules.
2037,1,false,NumStability.Source.Higham.Chapter13.Section03.RowDominanceClosure,SCC of source imports among project modules.
2038,1,false,NumStability.Source.Higham.Chapter13.Section03.SPDFactorBounds,SCC of source imports among project modules.
2039,1,false,NumStability.Source.Higham.Chapter13.Section03.SchurStageAnalysis,SCC of source imports among project modules.
2040,1,false,NumStability.Source.Higham.Chapter13.Table01,SCC of source imports among project modules.
2041,1,false,NumStability.Source.Higham.Chapter13.Table01.BackwardErrorBounds.Endpoints,SCC of source imports among project modules.
2042,1,false,NumStability.Source.Higham.Chapter13.Table01.DiagonalDominance.Bounds,SCC of source imports among project modules.
2043,1,false,NumStability.Source.Higham.Chapter13.Table01.Families,SCC of source imports among project modules.
2044,1,false,NumStability.Source.Higham.Chapter13.Table01.ProductTransfers.Families,SCC of source imports among project modules.
2045,1,false,NumStability.Source.Higham.Chapter13.Theorem02,SCC of source imports among project modules.
2046,1,false,NumStability.Source.Higham.Chapter13.Theorem02.Factorization,SCC of source imports among project modules.
2047,1,false,NumStability.Source.Higham.Chapter13.Theorem02.Uniqueness,SCC of source imports among project modules.
2048,1,false,NumStability.Source.Higham.Chapter13.Theorem02.VaryingBlocks,SCC of source imports among project modules.
2049,1,false,NumStability.Source.Higham.Chapter13.Theorem05,SCC of source imports among project modules.
2050,1,false,NumStability.Source.Higham.Chapter13.Theorem05.ErrorAnalysis,SCC of source imports among project modules.
2051,1,false,NumStability.Source.Higham.Chapter13.Theorem05.FamilyErrorAnalysis,SCC of source imports among project modules.
2052,1,false,NumStability.Source.Higham.Chapter13.Theorem05.Recurrences,SCC of source imports among project modules.
2053,1,false,NumStability.Source.Higham.Chapter13.Theorem06,SCC of source imports among project modules.
2054,1,false,NumStability.Source.Higham.Chapter13.Theorem06.AssumptionModel,SCC of source imports among project modules.
2055,1,false,NumStability.Source.Higham.Chapter13.Theorem06.Computation,SCC of source imports among project modules.
2056,1,false,NumStability.Source.Higham.Chapter13.Theorem06.FactorAndSolve,SCC of source imports among project modules.
2057,1,false,NumStability.Source.Higham.Chapter13.Theorem07,SCC of source imports among project modules.
2058,1,false,NumStability.Source.Higham.Chapter13.Theorem07.OneStep,SCC of source imports among project modules.
2059,1,false,NumStability.Source.Higham.Chapter13.Theorem07.PivotExistence,SCC of source imports among project modules.
2060,1,false,NumStability.Source.Higham.Chapter13.Theorem08,SCC of source imports among project modules.
2061,1,false,NumStability.Source.Higham.Chapter13.Theorem08.OneStep,SCC of source imports among project modules.
2062,1,false,NumStability.Source.Higham.Chapter14,SCC of source imports among project modules.
2063,1,false,NumStability.Source.Higham.Chapter14.Algorithm04,SCC of source imports among project modules.
2064,1,false,NumStability.Source.Higham.Chapter14.Algorithm04.Accumulation,SCC of source imports among project modules.
2065,1,false,NumStability.Source.Higham.Chapter14.Algorithm04.Accumulation.GJESourceAccumulationBridge,SCC of source imports among project modules.
2066,1,false,NumStability.Source.Higham.Chapter14.Algorithm04.Accumulation.GaussJordanAccumulation,SCC of source imports among project modules.
2067,1,false,NumStability.Source.Higham.Chapter14.Algorithm04.Execution,SCC of source imports among project modules.
2068,1,false,NumStability.Source.Higham.Chapter14.Algorithm04.Execution.GJEActualDoolittleAdapter,SCC of source imports among project modules.
2069,1,false,NumStability.Source.Higham.Chapter14.Algorithm04.Execution.GJEFinalDivisionClosure,SCC of source imports among project modules.
2070,1,false,NumStability.Source.Higham.Chapter14.Algorithm04.Execution.GJEOperationalBridge,SCC of source imports among project modules.
2071,1,false,NumStability.Source.Higham.Chapter14.Algorithm04.Execution.GaussJordanSourceClosure,SCC of source imports among project modules.
2072,1,false,NumStability.Source.Higham.Chapter14.Algorithm04.FinalDivisionStage.FinalizedErrorFamilies,SCC of source imports among project modules.
2073,1,false,NumStability.Source.Higham.Chapter14.Algorithm04.Pivoting,SCC of source imports among project modules.
2074,1,false,NumStability.Source.Higham.Chapter14.Algorithm04.Pivoting.GaussJordanPivoting,SCC of source imports among project modules.
2075,1,false,NumStability.Source.Higham.Chapter14.Algorithm04.SecondStage,SCC of source imports among project modules.
2076,1,false,NumStability.Source.Higham.Chapter14.Algorithm04.SecondStage.GaussJordanQConstruction,SCC of source imports among project modules.
2077,1,false,NumStability.Source.Higham.Chapter14.Algorithm04.SecondStage.GaussJordanStep,SCC of source imports among project modules.
2078,1,false,NumStability.Source.Higham.Chapter14.Corollary06,SCC of source imports among project modules.
2079,1,false,NumStability.Source.Higham.Chapter14.Corollary06.FinalizedRunRegularity.UniformInverseRegularity,SCC of source imports among project modules.
2080,1,false,NumStability.Source.Higham.Chapter14.Corollary06.SPD,SCC of source imports among project modules.
2081,1,false,NumStability.Source.Higham.Chapter14.Corollary06.SPD.Closure,SCC of source imports among project modules.
2082,1,false,NumStability.Source.Higham.Chapter14.Corollary06.SPD.Concrete,SCC of source imports among project modules.
2083,1,false,NumStability.Source.Higham.Chapter14.Corollary06.SPD.GaussJordanSPDCorollary,SCC of source imports among project modules.
2084,1,false,NumStability.Source.Higham.Chapter14.Corollary06.SPD.SourceClosure,SCC of source imports among project modules.
2085,1,false,NumStability.Source.Higham.Chapter14.Corollary06.SPD.UniformInverseBridge,SCC of source imports among project modules.
2086,1,false,NumStability.Source.Higham.Chapter14.Corollary07,SCC of source imports among project modules.
2087,1,false,NumStability.Source.Higham.Chapter14.Corollary07.DiagonalDominance,SCC of source imports among project modules.
2088,1,false,NumStability.Source.Higham.Chapter14.Corollary07.DiagonalDominance.Basic,SCC of source imports among project modules.
2089,1,false,NumStability.Source.Higham.Chapter14.Corollary07.DiagonalDominance.Closure,SCC of source imports among project modules.
2090,1,false,NumStability.Source.Higham.Chapter14.Corollary07.DiagonalDominance.Concrete,SCC of source imports among project modules.
2091,1,false,NumStability.Source.Higham.Chapter14.Corollary07.DiagonalDominance.FinalDivisionFamilyClosure,SCC of source imports among project modules.
2092,1,false,NumStability.Source.Higham.Chapter14.Corollary07.DiagonalDominance.SourceClosure,SCC of source imports among project modules.
2093,1,false,NumStability.Source.Higham.Chapter14.Corollary07.DiagonalDominance.SourceDomainConstructor,SCC of source imports among project modules.
2094,1,false,NumStability.Source.Higham.Chapter14.Corollary07.DiagonalDominance.WeakFamily,SCC of source imports among project modules.
2095,1,false,NumStability.Source.Higham.Chapter14.Corollary07.FinalizedRunFamilies.ResidualAndForwardEnvelopes,SCC of source imports among project modules.
2096,1,false,NumStability.Source.Higham.Chapter14.Corollary07.PrintedTraceFamilies.ResidualAndForwardEndpoints,SCC of source imports among project modules.
2097,1,false,NumStability.Source.Higham.Chapter14.Corollary07.RowDominantCertificates.CumulativeProductBounds,SCC of source imports among project modules.
2098,1,false,NumStability.Source.Higham.Chapter14.Corollary07.WeakDominanceFamilies.ResidualAndForwardBounds,SCC of source imports among project modules.
2099,1,false,NumStability.Source.Higham.Chapter14.Discrepancies,SCC of source imports among project modules.
2100,1,false,NumStability.Source.Higham.Chapter14.Equation34,SCC of source imports among project modules.
2101,1,false,NumStability.Source.Higham.Chapter14.Equation34.DeterminantFromLU,SCC of source imports among project modules.
2102,1,false,NumStability.Source.Higham.Chapter14.Equation34.DeterminantFromLU.MatrixInversion,SCC of source imports among project modules.
2103,1,false,NumStability.Source.Higham.Chapter14.Equation35,SCC of source imports among project modules.
2104,1,false,NumStability.Source.Higham.Chapter14.Equation35.HymanBlockFactorization,SCC of source imports among project modules.
2105,1,false,NumStability.Source.Higham.Chapter14.Equation35.HymanBlockFactorization.MatrixInversion,SCC of source imports among project modules.
2106,1,false,NumStability.Source.Higham.Chapter14.Equation36,SCC of source imports among project modules.
2107,1,false,NumStability.Source.Higham.Chapter14.Equation36.HymanDeterminant,SCC of source imports among project modules.
2108,1,false,NumStability.Source.Higham.Chapter14.Equation36.HymanDeterminant.MatrixInversion,SCC of source imports among project modules.
2109,1,false,NumStability.Source.Higham.Chapter14.Problem02,SCC of source imports among project modules.
2110,1,false,NumStability.Source.Higham.Chapter14.Problem02.TriangularInversion,SCC of source imports among project modules.
2111,1,false,NumStability.Source.Higham.Chapter14.Problem02.TriangularInversion.Basic,SCC of source imports among project modules.
2112,1,false,NumStability.Source.Higham.Chapter14.Problem02.TriangularInversion.Families,SCC of source imports among project modules.
2113,1,false,NumStability.Source.Higham.Chapter14.Problem02.TriangularInversion.Method2B,SCC of source imports among project modules.
2114,1,false,NumStability.Source.Higham.Chapter14.Problem02.TriangularInversion.TwoBlockFamilies.Derivations,SCC of source imports among project modules.
2115,1,false,NumStability.Source.Higham.Chapter14.Problem02.TriangularInversion.TwoBlockFirstOrder.Derivations,SCC of source imports among project modules.
2116,1,false,NumStability.Source.Higham.Chapter14.Problem02.TriangularInversion.TwoBlockMethod2B.FirstOrderBound,SCC of source imports among project modules.
2117,1,false,NumStability.Source.Higham.Chapter14.Problem03,SCC of source imports among project modules.
2118,1,false,NumStability.Source.Higham.Chapter14.Problem03.ResidualComparison,SCC of source imports among project modules.
2119,1,false,NumStability.Source.Higham.Chapter14.Problem03.ResidualComparison.MatrixInversion,SCC of source imports among project modules.
2120,1,false,NumStability.Source.Higham.Chapter14.Problem04,SCC of source imports among project modules.
2121,1,false,NumStability.Source.Higham.Chapter14.Problem04.ResidualCounterexample,SCC of source imports among project modules.
2122,1,false,NumStability.Source.Higham.Chapter14.Problem04.ResidualCounterexample.MatrixInversion,SCC of source imports among project modules.
2123,1,false,NumStability.Source.Higham.Chapter14.Problem05,SCC of source imports among project modules.
2124,1,false,NumStability.Source.Higham.Chapter14.Problem05.InverseBasedSolve,SCC of source imports among project modules.
2125,1,false,NumStability.Source.Higham.Chapter14.Problem05.InverseBasedSolve.AsymptoticFamilies,SCC of source imports among project modules.
2126,1,false,NumStability.Source.Higham.Chapter14.Problem05.InverseBasedSolve.ForwardErrorEndpoint,SCC of source imports among project modules.
2127,1,false,NumStability.Source.Higham.Chapter14.Problem05.InverseBasedSolve.MatrixInversion,SCC of source imports among project modules.
2128,1,false,NumStability.Source.Higham.Chapter14.Problem07,SCC of source imports among project modules.
2129,1,false,NumStability.Source.Higham.Chapter14.Problem07.OnesVector,SCC of source imports among project modules.
2130,1,false,NumStability.Source.Higham.Chapter14.Problem07.OnesVector.MatrixInversion,SCC of source imports among project modules.
2131,1,false,NumStability.Source.Higham.Chapter14.Problem08,SCC of source imports among project modules.
2132,1,false,NumStability.Source.Higham.Chapter14.Problem08.ComplexInverseRealBlock,SCC of source imports among project modules.
2133,1,false,NumStability.Source.Higham.Chapter14.Problem08.ComplexInverseRealBlock.MatrixInversion,SCC of source imports among project modules.
2134,1,false,NumStability.Source.Higham.Chapter14.Problem10,SCC of source imports among project modules.
2135,1,false,NumStability.Source.Higham.Chapter14.Problem10.EntryPerturbation,SCC of source imports among project modules.
2136,1,false,NumStability.Source.Higham.Chapter14.Problem10.EntryPerturbation.MatrixInversion,SCC of source imports among project modules.
2137,1,false,NumStability.Source.Higham.Chapter14.Problem11,SCC of source imports among project modules.
2138,1,false,NumStability.Source.Higham.Chapter14.Problem11.HadamardCondition,SCC of source imports among project modules.
2139,1,false,NumStability.Source.Higham.Chapter14.Problem11.HadamardCondition.MatrixInversion,SCC of source imports among project modules.
2140,1,false,NumStability.Source.Higham.Chapter14.Problem12,SCC of source imports among project modules.
2141,1,false,NumStability.Source.Higham.Chapter14.Problem12.ConditionNumberExamples.StressAndPeiMatrices,SCC of source imports among project modules.
2142,1,false,NumStability.Source.Higham.Chapter14.Problem12.HadamardExamples,SCC of source imports among project modules.
2143,1,false,NumStability.Source.Higham.Chapter14.Problem12.HadamardExamples.MatrixInversion,SCC of source imports among project modules.
2144,1,false,NumStability.Source.Higham.Chapter14.Problem13,SCC of source imports among project modules.
2145,1,false,NumStability.Source.Higham.Chapter14.Problem13.ConditionNumberBounds.UnitRowAndScalarCase,SCC of source imports among project modules.
2146,1,false,NumStability.Source.Higham.Chapter14.Problem13.GEJBound,SCC of source imports among project modules.
2147,1,false,NumStability.Source.Higham.Chapter14.Problem13.GEJBound.MatrixInversion,SCC of source imports among project modules.
2148,1,false,NumStability.Source.Higham.Chapter14.Problem14,SCC of source imports among project modules.
2149,1,false,NumStability.Source.Higham.Chapter14.Problem14.FloatingPointDeterminant.HymanBackwardError,SCC of source imports among project modules.
2150,1,false,NumStability.Source.Higham.Chapter14.Problem14.HymanDeterminant,SCC of source imports among project modules.
2151,1,false,NumStability.Source.Higham.Chapter14.Problem14.HymanDeterminant.MatrixInversion,SCC of source imports among project modules.
2152,1,false,NumStability.Source.Higham.Chapter14.Problem15,SCC of source imports among project modules.
2153,1,false,NumStability.Source.Higham.Chapter14.Problem15.DeterminantPerturbation,SCC of source imports among project modules.
2154,1,false,NumStability.Source.Higham.Chapter14.Problem15.DeterminantPerturbation.MatrixInversion,SCC of source imports among project modules.
2155,1,false,NumStability.Source.Higham.Chapter14.Problem15.SingularValueGuards.DeterminantSignAndRelativeBounds,SCC of source imports among project modules.
2156,1,false,NumStability.Source.Higham.Chapter14.Section01,SCC of source imports among project modules.
2157,1,false,NumStability.Source.Higham.Chapter14.Section01.InverseErrorAnalysis,SCC of source imports among project modules.
2158,1,false,NumStability.Source.Higham.Chapter14.Section01.InverseErrorAnalysis.AsymptoticFamilies,SCC of source imports among project modules.
2159,1,false,NumStability.Source.Higham.Chapter14.Section01.InverseErrorAnalysis.ComposedCoefficientFamilies.RemainderAsymptotics,SCC of source imports among project modules.
2160,1,false,NumStability.Source.Higham.Chapter14.Section01.InverseErrorAnalysis.ForwardErrorEndpoint,SCC of source imports among project modules.
2161,1,false,NumStability.Source.Higham.Chapter14.Section01.InverseErrorAnalysis.MatrixInversion,SCC of source imports among project modules.
2162,1,false,NumStability.Source.Higham.Chapter14.Section01.InverseErrorAnalysis.ScaledPerturbationEndpoints.ForwardError,SCC of source imports among project modules.
2163,1,false,NumStability.Source.Higham.Chapter14.Section01.ProductErrorNotation,SCC of source imports among project modules.
2164,1,false,NumStability.Source.Higham.Chapter14.Section01.ProductErrorNotation.ProductErrorNotation,SCC of source imports among project modules.
2165,1,false,NumStability.Source.Higham.Chapter14.Section02,SCC of source imports among project modules.
2166,1,false,NumStability.Source.Higham.Chapter14.Section02.TriangularInversion,SCC of source imports among project modules.
2167,1,false,NumStability.Source.Higham.Chapter14.Section02.TriangularInversion.Method1,SCC of source imports among project modules.
2168,1,false,NumStability.Source.Higham.Chapter14.Section02.TriangularInversion.Method1.AsymptoticFamilies,SCC of source imports among project modules.
2169,1,false,NumStability.Source.Higham.Chapter14.Section02.TriangularInversion.Method1.ForwardErrorEndpoint,SCC of source imports among project modules.
2170,1,false,NumStability.Source.Higham.Chapter14.Section02.TriangularInversion.Method1B,SCC of source imports among project modules.
2171,1,false,NumStability.Source.Higham.Chapter14.Section02.TriangularInversion.Method1B.BlockResidual.WholeMatrixBounds,SCC of source imports among project modules.
2172,1,false,NumStability.Source.Higham.Chapter14.Section02.TriangularInversion.Method1B.BlockTriInverse,SCC of source imports among project modules.
2173,1,false,NumStability.Source.Higham.Chapter14.Section02.TriangularInversion.Method1B.Method1BWhole,SCC of source imports among project modules.
2174,1,false,NumStability.Source.Higham.Chapter14.Section02.TriangularInversion.Method2,SCC of source imports among project modules.
2175,1,false,NumStability.Source.Higham.Chapter14.Section02.TriangularInversion.Method2.Method2Loop,SCC of source imports among project modules.
2176,1,false,NumStability.Source.Higham.Chapter14.Section02.TriangularInversion.Method2B,SCC of source imports among project modules.
2177,1,false,NumStability.Source.Higham.Chapter14.Section02.TriangularInversion.Method2B.MatrixInversion,SCC of source imports among project modules.
2178,1,false,NumStability.Source.Higham.Chapter14.Section02.TriangularInversion.Method2B.MatrixInversionMethod2BInstance,SCC of source imports among project modules.
2179,1,false,NumStability.Source.Higham.Chapter14.Section02.TriangularInversion.Method2C,SCC of source imports among project modules.
2180,1,false,NumStability.Source.Higham.Chapter14.Section02.TriangularInversion.Method2C.BlockResidual.LeftResidualBounds,SCC of source imports among project modules.
2181,1,false,NumStability.Source.Higham.Chapter14.Section02.TriangularInversion.Method2C.Method2C,SCC of source imports among project modules.
2182,1,false,NumStability.Source.Higham.Chapter14.Section02.TriangularInversion.Method2C.Method2CWhole,SCC of source imports among project modules.
2183,1,false,NumStability.Source.Higham.Chapter14.Section02.TriangularInversion.Method2C.WholeMatrixResidual.LeftResidualBounds,SCC of source imports among project modules.
2184,1,false,NumStability.Source.Higham.Chapter14.Section03,SCC of source imports among project modules.
2185,1,false,NumStability.Source.Higham.Chapter14.Section03.LUFactorInversion,SCC of source imports among project modules.
2186,1,false,NumStability.Source.Higham.Chapter14.Section03.LUFactorInversion.MethodB,SCC of source imports among project modules.
2187,1,false,NumStability.Source.Higham.Chapter14.Section03.LUFactorInversion.MethodB.MethodsBC,SCC of source imports among project modules.
2188,1,false,NumStability.Source.Higham.Chapter14.Section03.LUFactorInversion.MethodC,SCC of source imports among project modules.
2189,1,false,NumStability.Source.Higham.Chapter14.Section03.LUFactorInversion.MethodC.MethodsBC,SCC of source imports among project modules.
2190,1,false,NumStability.Source.Higham.Chapter14.Section03.LUFactorInversion.MethodD,SCC of source imports among project modules.
2191,1,false,NumStability.Source.Higham.Chapter14.Section03.LUFactorInversion.MethodD.MatrixInversion,SCC of source imports among project modules.
2192,1,false,NumStability.Source.Higham.Chapter14.Section03.LUFactorInversion.MethodD.MethodDLeftResidual,SCC of source imports among project modules.
2193,1,false,NumStability.Source.Higham.Chapter14.Section03.LUFactorInversion.MethodD.MethodDProductDischarge,SCC of source imports among project modules.
2194,1,false,NumStability.Source.Higham.Chapter14.Section03.LUFactorInversion.MethodD.MethodDUpperCertificate,SCC of source imports among project modules.
2195,1,false,NumStability.Source.Higham.Chapter14.Section03.ResidualOperatorTwoNorm,SCC of source imports among project modules.
2196,1,false,NumStability.Source.Higham.Chapter14.Section03.ResidualOperatorTwoNorm.Bridge,SCC of source imports among project modules.
2197,1,false,NumStability.Source.Higham.Chapter14.Section05,SCC of source imports among project modules.
2198,1,false,NumStability.Source.Higham.Chapter14.Section05.RectangularIteration,SCC of source imports among project modules.
2199,1,false,NumStability.Source.Higham.Chapter14.Section05.SpectralConvergence,SCC of source imports among project modules.
2200,1,false,NumStability.Source.Higham.Chapter14.Section05.SquareIteration,SCC of source imports among project modules.
2201,1,false,NumStability.Source.Higham.Chapter14.Theorem05,SCC of source imports among project modules.
2202,1,false,NumStability.Source.Higham.Chapter14.Theorem05.EliminationFamilies.CoefficientAsymptotics,SCC of source imports among project modules.
2203,1,false,NumStability.Source.Higham.Chapter14.Theorem05.ForwardError,SCC of source imports among project modules.
2204,1,false,NumStability.Source.Higham.Chapter14.Theorem05.ForwardError.GJEAsymptoticFamilies,SCC of source imports among project modules.
2205,1,false,NumStability.Source.Higham.Chapter14.Theorem05.ForwardError.GJEFinalDivisionClosure,SCC of source imports among project modules.
2206,1,false,NumStability.Source.Higham.Chapter14.Theorem05.ForwardError.GJEPrintedEnvelopeClosure,SCC of source imports among project modules.
2207,1,false,NumStability.Source.Higham.Chapter14.Theorem05.ForwardError.GJETheorem145SourceClosure,SCC of source imports among project modules.
2208,1,false,NumStability.Source.Higham.Chapter14.Theorem05.ForwardError.GaussJordanQConstruction,SCC of source imports among project modules.
2209,1,false,NumStability.Source.Higham.Chapter14.Theorem05.PrintedEnvelopes.CorrectionBounds,SCC of source imports among project modules.
2210,1,false,NumStability.Source.Higham.Chapter14.Theorem05.PrintedTrace.VanishingEndpoints,SCC of source imports among project modules.
2211,1,false,NumStability.Source.Higham.Chapter15,SCC of source imports among project modules.
2212,1,false,NumStability.Source.Higham.Chapter15.Algorithm01.PNormPowerMethod.ConvergenceStatements,SCC of source imports among project modules.
2213,1,false,NumStability.Source.Higham.Chapter15.Algorithm01.PNormPowerMethod.PNormPowerMethod,SCC of source imports among project modules.
2214,1,false,NumStability.Source.Higham.Chapter15.Algorithm01.PNormPowerMethod.PNormRectangular,SCC of source imports among project modules.
2215,1,false,NumStability.Source.Higham.Chapter15.Algorithm03.OneNormPowerMethod.Basic,SCC of source imports among project modules.
2216,1,false,NumStability.Source.Higham.Chapter15.Algorithm04.LAPACKNormEstimator.Basic,SCC of source imports among project modules.
2217,1,false,NumStability.Source.Higham.Chapter15.Algorithm04.LAPACKNormEstimator.ConditionEstimate.Bounds,SCC of source imports among project modules.
2218,1,false,NumStability.Source.Higham.Chapter15.Algorithm05.LINPACKConditionEstimator.Basic,SCC of source imports among project modules.
2219,1,false,NumStability.Source.Higham.Chapter15.Algorithm05.LINPACKConditionEstimator.InverseNormBound.TriangularSolve,SCC of source imports among project modules.
2220,1,false,NumStability.Source.Higham.Chapter15.Equation02.Subgradient.PNormGeneral,SCC of source imports among project modules.
2221,1,false,NumStability.Source.Higham.Chapter15.Equation02.Subgradient.PNormPowerMethod,SCC of source imports among project modules.
2222,1,false,NumStability.Source.Higham.Chapter15.Equation03.GradientQuotient.ConvergenceStatements,SCC of source imports among project modules.
2223,1,false,NumStability.Source.Higham.Chapter15.Equation03.GradientQuotient.PNormGeneral,SCC of source imports among project modules.
2224,1,false,NumStability.Source.Higham.Chapter15.Equation03.GradientQuotient.PNormPowerMethod,SCC of source imports among project modules.
2225,1,false,NumStability.Source.Higham.Chapter15.Equation04.NormalizedDualDiscrepancy.Basic,SCC of source imports among project modules.
2226,1,false,NumStability.Source.Higham.Chapter15.Equation05.SubgradientInequality.Basic,SCC of source imports among project modules.
2227,1,false,NumStability.Source.Higham.Chapter15.Equation06.LAPACKCounterexample.Basic,SCC of source imports among project modules.
2228,1,false,NumStability.Source.Higham.Chapter15.Equation07.DixonBound.Basic,SCC of source imports among project modules.
2229,1,false,NumStability.Source.Higham.Chapter15.Lemma02.PNormPowerMethod.BoydInterface,SCC of source imports among project modules.
2230,1,false,NumStability.Source.Higham.Chapter15.Lemma02.PNormPowerMethod.BoydUniqueness,SCC of source imports among project modules.
2231,1,false,NumStability.Source.Higham.Chapter15.Lemma02.PNormPowerMethod.PNormPowerMethod,SCC of source imports among project modules.
2232,1,false,NumStability.Source.Higham.Chapter15.Lemma02.PNormPowerMethod.PNormRectangular,SCC of source imports among project modules.
2233,1,false,NumStability.Source.Higham.Chapter15.Problem04.LUConditionBounds.Basic,SCC of source imports among project modules.
2234,1,false,NumStability.Source.Higham.Chapter15.Problem06.TridiagonalInverseNorm.Recurrences.ArrayExecution,SCC of source imports among project modules.
2235,1,false,NumStability.Source.Higham.Chapter15.Problem06.TridiagonalInverseNorm.Recurrences.EntryFormulas,SCC of source imports among project modules.
2236,1,false,NumStability.Source.Higham.Chapter15.Problem06.TridiagonalInverseNorm.Recurrences.FactorizationAndNorm,SCC of source imports among project modules.
2237,1,false,NumStability.Source.Higham.Chapter15.Problem06.TridiagonalInverseNorm.TridiagonalInverse,SCC of source imports among project modules.
2238,1,false,NumStability.Source.Higham.Chapter15.Problem06.TridiagonalInverseNorm.TridiagonalInverseCompletion,SCC of source imports among project modules.
2239,1,false,NumStability.Source.Higham.Chapter15.Problem06.TridiagonalInverseNorm.TridiagonalInverseRuns,SCC of source imports among project modules.
2240,1,false,NumStability.Source.Higham.Chapter15.Section01.ConditionNumbers.CondEstimation,SCC of source imports among project modules.
2241,1,false,NumStability.Source.Higham.Chapter15.Section01.ConditionNumbers.ConditionEstimators,SCC of source imports among project modules.
2242,1,false,NumStability.Source.Higham.Chapter15.Section02.Boyd.Corrections.BoydConcrete,SCC of source imports among project modules.
2243,1,false,NumStability.Source.Higham.Chapter15.Section02.Boyd.Corrections.BoydLocal,SCC of source imports among project modules.
2244,1,false,NumStability.Source.Higham.Chapter15.Section02.Boyd.Corrections.BoydLocalStability,SCC of source imports among project modules.
2245,1,false,NumStability.Source.Higham.Chapter15.Section02.Boyd.Corrections.ConvergenceStatements,SCC of source imports among project modules.
2246,1,false,NumStability.Source.Higham.Chapter15.Section02.Boyd.EndpointTermination.ConvergenceStatements,SCC of source imports among project modules.
2247,1,false,NumStability.Source.Higham.Chapter15.Section02.Boyd.EndpointTermination.InfinityCounterexample.Trace,SCC of source imports among project modules.
2248,1,false,NumStability.Source.Higham.Chapter15.Section02.Boyd.EndpointTermination.RectangularTermination,SCC of source imports among project modules.
2249,1,false,NumStability.Source.Higham.Chapter15.Section02.Boyd.GlobalConvergence.BoydInterface,SCC of source imports among project modules.
2250,1,false,NumStability.Source.Higham.Chapter15.Section02.Boyd.GlobalConvergence.BoydUniqueness,SCC of source imports among project modules.
2251,1,false,NumStability.Source.Higham.Chapter15.Section02.Boyd.GlobalConvergence.ConvergenceStatements,SCC of source imports among project modules.
2252,1,false,NumStability.Source.Higham.Chapter15.Section02.Boyd.GlobalConvergence.ScalarCase.Iteration,SCC of source imports among project modules.
2253,1,false,NumStability.Source.Higham.Chapter15.Section02.Boyd.LocalConvergence.BoydConcrete,SCC of source imports among project modules.
2254,1,false,NumStability.Source.Higham.Chapter15.Section02.Boyd.LocalConvergence.BoydInterface,SCC of source imports among project modules.
2255,1,false,NumStability.Source.Higham.Chapter15.Section02.Boyd.LocalConvergence.BoydLocal,SCC of source imports among project modules.
2256,1,false,NumStability.Source.Higham.Chapter15.Section02.Boyd.LocalConvergence.BoydLocalStability,SCC of source imports among project modules.
2257,1,false,NumStability.Source.Higham.Chapter15.Section02.Boyd.LocalConvergence.ConstrainedLagrangian.Differentiation,SCC of source imports among project modules.
2258,1,false,NumStability.Source.Higham.Chapter15.Section02.Boyd.SourceDomain.BoydCompletion,SCC of source imports among project modules.
2259,1,false,NumStability.Source.Higham.Chapter15.Section02.Boyd.SourceDomain.BoydConcrete,SCC of source imports among project modules.
2260,1,false,NumStability.Source.Higham.Chapter15.Section02.Boyd.SourceDomain.BoydDomain,SCC of source imports among project modules.
2261,1,false,NumStability.Source.Higham.Chapter15.Section02.Boyd.SourceDomain.BoydLocal,SCC of source imports among project modules.
2262,1,false,NumStability.Source.Higham.Chapter15.Section02.Boyd.SourceDomain.BoydRowwise,SCC of source imports among project modules.
2263,1,false,NumStability.Source.Higham.Chapter15.Section02.Boyd.SourceDomain.SecondDerivative.Rowwise,SCC of source imports among project modules.
2264,1,false,NumStability.Source.Higham.Chapter15.Section02.Boyd.SourceDomain.StrongLocalMaximum.Convergence,SCC of source imports among project modules.
2265,1,false,NumStability.Source.Higham.Chapter15.Section06.TridiagonalLUConditionBounds.ExactBounds,SCC of source imports among project modules.
2266,1,false,NumStability.Source.Higham.Chapter15.Theorem06.Dixon.Basic,SCC of source imports among project modules.
2267,1,false,NumStability.Source.Higham.Chapter15.Theorem07.TridiagonalLU.Basic,SCC of source imports among project modules.
2268,1,false,NumStability.Source.Higham.Chapter15.Theorem08.TridiagonalDiagonalDominance.Basic,SCC of source imports among project modules.
2269,1,false,NumStability.Source.Higham.Chapter15.Theorem09.Ikebe.Basic,SCC of source imports among project modules.
2270,1,false,NumStability.Source.Higham.Chapter15.Theorem09.Ikebe.IrreducibleRightInverse.RankOneStructure,SCC of source imports among project modules.
2271,1,false,NumStability.Source.Higham.Chapter16,SCC of source imports among project modules.
2272,1,false,NumStability.Source.Higham.Chapter16.Foundations.Core,SCC of source imports among project modules.
2273,1,false,NumStability.Source.Higham.Chapter16.HessenbergSchur.Results,SCC of source imports among project modules.
2274,1,false,NumStability.Source.Higham.Chapter16.HessenbergSchur.Rounded,SCC of source imports among project modules.
2275,1,false,NumStability.Source.Higham.Chapter16.Minimizers.Results,SCC of source imports among project modules.
2276,1,false,NumStability.Source.Higham.Chapter16.Problem02,SCC of source imports among project modules.
2277,1,false,NumStability.Source.Higham.Chapter16.Problem02.LyapunovIntegral,SCC of source imports among project modules.
2278,1,false,NumStability.Source.Higham.Chapter16.Problem02.LyapunovIntegral.All,SCC of source imports among project modules.
2279,1,false,NumStability.Source.Higham.Chapter16.Problem02.LyapunovIntegral.Results,SCC of source imports among project modules.
2280,1,false,NumStability.Source.Higham.Chapter16.Problem02.Results.Core,SCC of source imports among project modules.
2281,1,false,NumStability.Source.Higham.Chapter16.QuasiRounded.Solve,SCC of source imports among project modules.
2282,1,false,NumStability.Source.Higham.Chapter16.QuasiRounded.Sylvester,SCC of source imports among project modules.
2283,1,false,NumStability.Source.Higham.Chapter16.Section01,SCC of source imports among project modules.
2284,1,false,NumStability.Source.Higham.Chapter16.Section01.SylvesterEquation,SCC of source imports among project modules.
2285,1,false,NumStability.Source.Higham.Chapter16.Section01.SylvesterEquation.All,SCC of source imports among project modules.
2286,1,false,NumStability.Source.Higham.Chapter16.Section01.SylvesterEquation.ComplexSolvability,SCC of source imports among project modules.
2287,1,false,NumStability.Source.Higham.Chapter16.Section01.SylvesterEquation.ComplexSolvability.All,SCC of source imports among project modules.
2288,1,false,NumStability.Source.Higham.Chapter16.Section01.SylvesterEquation.ComplexSolvability.SchurFactors,SCC of source imports among project modules.
2289,1,false,NumStability.Source.Higham.Chapter16.Section01.SylvesterEquation.ComplexSolvability.SpectralCriterion,SCC of source imports among project modules.
2290,1,false,NumStability.Source.Higham.Chapter16.Section01.SylvesterEquation.ComplexSolvability.Vectorized,SCC of source imports among project modules.
2291,1,false,NumStability.Source.Higham.Chapter16.Section01.SylvesterEquation.Equation01,SCC of source imports among project modules.
2292,1,false,NumStability.Source.Higham.Chapter16.Section01.SylvesterEquation.Equation02,SCC of source imports among project modules.
2293,1,false,NumStability.Source.Higham.Chapter16.Section01.SylvesterEquation.Equation03,SCC of source imports among project modules.
2294,1,false,NumStability.Source.Higham.Chapter16.Section01.SylvesterEquation.VectorizationNotes,SCC of source imports among project modules.
2295,1,false,NumStability.Source.Higham.Chapter16.Section01.SylvesterEquation.VectorizationNotes.All,SCC of source imports among project modules.
2296,1,false,NumStability.Source.Higham.Chapter16.Section01.SylvesterEquation.VectorizationNotes.Notes,SCC of source imports among project modules.
2297,1,false,NumStability.Source.Higham.Chapter16.Section02,SCC of source imports among project modules.
2298,1,false,NumStability.Source.Higham.Chapter16.Section02.BartelsStewart,SCC of source imports among project modules.
2299,1,false,NumStability.Source.Higham.Chapter16.Section02.BartelsStewart.Equation09,SCC of source imports among project modules.
2300,1,false,NumStability.Source.Higham.Chapter16.Section02.BartelsStewart.Equation09.All,SCC of source imports among project modules.
2301,1,false,NumStability.Source.Higham.Chapter16.Section02.BartelsStewart.Equation09.Assembly,SCC of source imports among project modules.
2302,1,false,NumStability.Source.Higham.Chapter16.Section02.BartelsStewart.Equation09.EndToEnd,SCC of source imports among project modules.
2303,1,false,NumStability.Source.Higham.Chapter16.Section02.BartelsStewart.Equations04To08,SCC of source imports among project modules.
2304,1,false,NumStability.Source.Higham.Chapter16.Section02.BartelsStewart.Equations04To08.All,SCC of source imports among project modules.
2305,1,false,NumStability.Source.Higham.Chapter16.Section02.BartelsStewart.Equations04To08.HessenbergRounded,SCC of source imports among project modules.
2306,1,false,NumStability.Source.Higham.Chapter16.Section02.BartelsStewart.Equations04To08.HessenbergSchur,SCC of source imports among project modules.
2307,1,false,NumStability.Source.Higham.Chapter16.Section02.BartelsStewart.Equations04To08.PivotedSmallBlocks,SCC of source imports among project modules.
2308,1,false,NumStability.Source.Higham.Chapter16.Section02.BartelsStewart.Equations04To08.QuasiQuasiRounded,SCC of source imports among project modules.
2309,1,false,NumStability.Source.Higham.Chapter16.Section02.BartelsStewart.Equations04To08.QuasiQuasiSylvester,SCC of source imports among project modules.
2310,1,false,NumStability.Source.Higham.Chapter16.Section02.BartelsStewart.Equations04To08.QuasiRoundedSylvester,SCC of source imports among project modules.
2311,1,false,NumStability.Source.Higham.Chapter16.Section02.BartelsStewart.Equations04To08.RoundedExecutor,SCC of source imports among project modules.
2312,1,false,NumStability.Source.Higham.Chapter16.Section02.BartelsStewart.Equations04To08.RoundedTriangular,SCC of source imports among project modules.
2313,1,false,NumStability.Source.Higham.Chapter16.Section02.BartelsStewart.Equations04To08.Spectrum,SCC of source imports among project modules.
2314,1,false,NumStability.Source.Higham.Chapter16.Section02.BartelsStewart.Equations04To08.Vectorized,SCC of source imports among project modules.
2315,1,false,NumStability.Source.Higham.Chapter16.Section02.RealSchurDecomposition.All,SCC of source imports among project modules.
2316,1,false,NumStability.Source.Higham.Chapter16.Section02.RealSchurDecomposition.InvariantSubspace,SCC of source imports among project modules.
2317,1,false,NumStability.Source.Higham.Chapter16.Section02.RealSchurDecomposition.QuasiTriangular,SCC of source imports among project modules.
2318,1,false,NumStability.Source.Higham.Chapter16.Section02.SylvesterAndLyapunovBackwardError,SCC of source imports among project modules.
2319,1,false,NumStability.Source.Higham.Chapter16.Section02.SylvesterAndLyapunovBackwardError.All,SCC of source imports among project modules.
2320,1,false,NumStability.Source.Higham.Chapter16.Section02.SylvesterAndLyapunovBackwardError.AttainedMinima,SCC of source imports among project modules.
2321,1,false,NumStability.Source.Higham.Chapter16.Section02.SylvesterAndLyapunovBackwardError.AttainedMinima.All,SCC of source imports among project modules.
2322,1,false,NumStability.Source.Higham.Chapter16.Section02.SylvesterAndLyapunovBackwardError.AttainedMinima.Equations15And21,SCC of source imports among project modules.
2323,1,false,NumStability.Source.Higham.Chapter16.Section02.SylvesterAndLyapunovBackwardError.Equation09,SCC of source imports among project modules.
2324,1,false,NumStability.Source.Higham.Chapter16.Section02.SylvesterAndLyapunovBackwardError.Equation10,SCC of source imports among project modules.
2325,1,false,NumStability.Source.Higham.Chapter16.Section02.SylvesterAndLyapunovBackwardError.Equation11,SCC of source imports among project modules.
2326,1,false,NumStability.Source.Higham.Chapter16.Section02.SylvesterAndLyapunovBackwardError.Equation12,SCC of source imports among project modules.
2327,1,false,NumStability.Source.Higham.Chapter16.Section02.SylvesterAndLyapunovBackwardError.Equation13,SCC of source imports among project modules.
2328,1,false,NumStability.Source.Higham.Chapter16.Section02.SylvesterAndLyapunovBackwardError.Equation15,SCC of source imports among project modules.
2329,1,false,NumStability.Source.Higham.Chapter16.Section02.SylvesterAndLyapunovBackwardError.Equation16,SCC of source imports among project modules.
2330,1,false,NumStability.Source.Higham.Chapter16.Section02.SylvesterAndLyapunovBackwardError.Equation18,SCC of source imports among project modules.
2331,1,false,NumStability.Source.Higham.Chapter16.Section02.SylvesterAndLyapunovBackwardError.Equation19,SCC of source imports among project modules.
2332,1,false,NumStability.Source.Higham.Chapter16.Section02.SylvesterAndLyapunovBackwardError.Equation21,SCC of source imports among project modules.
2333,1,false,NumStability.Source.Higham.Chapter16.Section02.SylvesterAndLyapunovBackwardError.LyapunovDefinition,SCC of source imports among project modules.
2334,1,false,NumStability.Source.Higham.Chapter16.Section03,SCC of source imports among project modules.
2335,1,false,NumStability.Source.Higham.Chapter16.Section03.PerturbationAndConditioning,SCC of source imports among project modules.
2336,1,false,NumStability.Source.Higham.Chapter16.Section03.PerturbationAndConditioning.All,SCC of source imports among project modules.
2337,1,false,NumStability.Source.Higham.Chapter16.Section03.PerturbationAndConditioning.AttainedSeparation,SCC of source imports among project modules.
2338,1,false,NumStability.Source.Higham.Chapter16.Section03.PerturbationAndConditioning.AttainedSeparation.All,SCC of source imports among project modules.
2339,1,false,NumStability.Source.Higham.Chapter16.Section03.PerturbationAndConditioning.AttainedSeparation.Equation26,SCC of source imports among project modules.
2340,1,false,NumStability.Source.Higham.Chapter16.Section03.PerturbationAndConditioning.AutomaticBounds,SCC of source imports among project modules.
2341,1,false,NumStability.Source.Higham.Chapter16.Section03.PerturbationAndConditioning.AutomaticBounds.All,SCC of source imports among project modules.
2342,1,false,NumStability.Source.Higham.Chapter16.Section03.PerturbationAndConditioning.AutomaticBounds.Results.Core,SCC of source imports among project modules.
2343,1,false,NumStability.Source.Higham.Chapter16.Section03.PerturbationAndConditioning.Equation22,SCC of source imports among project modules.
2344,1,false,NumStability.Source.Higham.Chapter16.Section03.PerturbationAndConditioning.Equation23,SCC of source imports among project modules.
2345,1,false,NumStability.Source.Higham.Chapter16.Section03.PerturbationAndConditioning.Equation24,SCC of source imports among project modules.
2346,1,false,NumStability.Source.Higham.Chapter16.Section03.PerturbationAndConditioning.Equation25,SCC of source imports among project modules.
2347,1,false,NumStability.Source.Higham.Chapter16.Section03.PerturbationAndConditioning.Equation26,SCC of source imports among project modules.
2348,1,false,NumStability.Source.Higham.Chapter16.Section03.PerturbationAndConditioning.Equation27,SCC of source imports among project modules.
2349,1,false,NumStability.Source.Higham.Chapter16.Section03.PerturbationAndConditioning.LyapunovSolutions,SCC of source imports among project modules.
2350,1,false,NumStability.Source.Higham.Chapter16.Section03.PerturbationAndConditioning.SigmaMinCorollaries,SCC of source imports among project modules.
2351,1,false,NumStability.Source.Higham.Chapter16.Section03.PerturbationAndConditioning.SigmaMinCorollaries.All,SCC of source imports among project modules.
2352,1,false,NumStability.Source.Higham.Chapter16.Section03.PerturbationAndConditioning.SigmaMinCorollaries.Lyapunov,SCC of source imports among project modules.
2353,1,false,NumStability.Source.Higham.Chapter16.Section03.PerturbationAndConditioning.SigmaMinCorollaries.StructuredSylvester,SCC of source imports among project modules.
2354,1,false,NumStability.Source.Higham.Chapter16.Section03.PerturbationAndConditioning.SigmaMinCorollaries.SylvesterPerturbation,SCC of source imports among project modules.
2355,1,false,NumStability.Source.Higham.Chapter16.Section03.PerturbationAndConditioning.SigmaMinCorollaries.Vectorized,SCC of source imports among project modules.
2356,1,false,NumStability.Source.Higham.Chapter16.Section04,SCC of source imports among project modules.
2357,1,false,NumStability.Source.Higham.Chapter16.Section04.PracticalErrorBounds,SCC of source imports among project modules.
2358,1,false,NumStability.Source.Higham.Chapter16.Section04.PracticalErrorBounds.All,SCC of source imports among project modules.
2359,1,false,NumStability.Source.Higham.Chapter16.Section04.PracticalErrorBounds.Equation28,SCC of source imports among project modules.
2360,1,false,NumStability.Source.Higham.Chapter16.Section04.PracticalErrorBounds.Equation29,SCC of source imports among project modules.
2361,1,false,NumStability.Source.Higham.Chapter16.Section04.PracticalErrorBounds.Equation29Extensions,SCC of source imports among project modules.
2362,1,false,NumStability.Source.Higham.Chapter16.Section04.PracticalErrorBounds.Equation29Extensions.All,SCC of source imports among project modules.
2363,1,false,NumStability.Source.Higham.Chapter16.Section04.PracticalErrorBounds.Equation29Extensions.Minimizers,SCC of source imports among project modules.
2364,1,false,NumStability.Source.Higham.Chapter16.Section04.PracticalErrorBounds.Equation29Extensions.Spectrum,SCC of source imports among project modules.
2365,1,false,NumStability.Source.Higham.Chapter16.Section04.PracticalErrorBounds.Equation29Extensions.Vectorized,SCC of source imports among project modules.
2366,1,false,NumStability.Source.Higham.Chapter16.Section04.PracticalErrorBounds.NormEstimator,SCC of source imports among project modules.
2367,1,false,NumStability.Source.Higham.Chapter16.Section04.PracticalErrorBounds.NormEstimator.All,SCC of source imports among project modules.
2368,1,false,NumStability.Source.Higham.Chapter16.Section04.PracticalErrorBounds.NormEstimator.Equation29,SCC of source imports among project modules.
2369,1,false,NumStability.Source.Higham.Chapter16.Section05,SCC of source imports among project modules.
2370,1,false,NumStability.Source.Higham.Chapter16.Section05.GeneralizedMatrixEquations.All,SCC of source imports among project modules.
2371,1,false,NumStability.Source.Higham.Chapter16.Section05.GeneralizedMatrixEquations.Equation30,SCC of source imports among project modules.
2372,1,false,NumStability.Source.Higham.Chapter16.Section05.GeneralizedMatrixEquations.Equation31,SCC of source imports among project modules.
2373,1,false,NumStability.Source.Higham.Chapter16.Section05.GeneralizedMatrixEquations.Equation32,SCC of source imports among project modules.
2374,1,false,NumStability.Source.Higham.Chapter16.Spectrum.Minimizers,SCC of source imports among project modules.
2375,1,false,NumStability.Source.Higham.Chapter16.Spectrum.Results,SCC of source imports among project modules.
2376,1,false,NumStability.Source.Higham.Chapter16.VecNorm.Results,SCC of source imports among project modules.
2377,1,false,NumStability.Source.Higham.Chapter16.VecPermutation.Notes,SCC of source imports among project modules.
2378,1,false,NumStability.Source.Higham.Chapter17,SCC of source imports among project modules.
2379,1,false,NumStability.Source.Higham.Chapter17.Equation01.ComputedIteration.Results,SCC of source imports among project modules.
2380,1,false,NumStability.Source.Higham.Chapter17.Equation02.LocalError.Results,SCC of source imports among project modules.
2381,1,false,NumStability.Source.Higham.Chapter17.Equation03.ComputedRecurrence.Results,SCC of source imports among project modules.
2382,1,false,NumStability.Source.Higham.Chapter17.Equation04.FixedPoint.Results,SCC of source imports among project modules.
2383,1,false,NumStability.Source.Higham.Chapter17.Equation05.ErrorExpansion.Results,SCC of source imports among project modules.
2384,1,false,NumStability.Source.Higham.Chapter17.Equation06.ComponentwiseForward.Results,SCC of source imports among project modules.
2385,1,false,NumStability.Source.Higham.Chapter17.Equation07.NormwiseGrowth.Results,SCC of source imports among project modules.
2386,1,false,NumStability.Source.Higham.Chapter17.Equation08,SCC of source imports among project modules.
2387,1,false,NumStability.Source.Higham.Chapter17.Equation08.NormwiseForward.Results,SCC of source imports among project modules.
2388,1,false,NumStability.Source.Higham.Chapter17.Equation09.ComponentwiseGrowth.Results,SCC of source imports among project modules.
2389,1,false,NumStability.Source.Higham.Chapter17.Equation10.LocalErrorSimplification.Results,SCC of source imports among project modules.
2390,1,false,NumStability.Source.Higham.Chapter17.Equation12,SCC of source imports among project modules.
2391,1,false,NumStability.Source.Higham.Chapter17.Equation12.PartialSumBound.Results,SCC of source imports among project modules.
2392,1,false,NumStability.Source.Higham.Chapter17.Equation13.ComponentwiseForward.Results,SCC of source imports among project modules.
2393,1,false,NumStability.Source.Higham.Chapter17.Equation15,SCC of source imports among project modules.
2394,1,false,NumStability.Source.Higham.Chapter17.Equation15.NormwiseForward.Results,SCC of source imports among project modules.
2395,1,false,NumStability.Source.Higham.Chapter17.Equation16,SCC of source imports among project modules.
2396,1,false,NumStability.Source.Higham.Chapter17.Equation16.Jacobi.Results,SCC of source imports among project modules.
2397,1,false,NumStability.Source.Higham.Chapter17.Equation17,SCC of source imports among project modules.
2398,1,false,NumStability.Source.Higham.Chapter17.Equation17.SOR.Results,SCC of source imports among project modules.
2399,1,false,NumStability.Source.Higham.Chapter17.Equation18.ResidualRecurrence.Results,SCC of source imports among project modules.
2400,1,false,NumStability.Source.Higham.Chapter17.Equation19.ResidualBound.Results,SCC of source imports among project modules.
2401,1,false,NumStability.Source.Higham.Chapter17.Equation20,SCC of source imports among project modules.
2402,1,false,NumStability.Source.Higham.Chapter17.Equation20.ResidualSigma.Results,SCC of source imports among project modules.
2403,1,false,NumStability.Source.Higham.Chapter17.Equation21.SingularIteration.Results,SCC of source imports among project modules.
2404,1,false,NumStability.Source.Higham.Chapter17.Equation22,SCC of source imports among project modules.
2405,1,false,NumStability.Source.Higham.Chapter17.Equation27.SingularErrorSplit.Results,SCC of source imports among project modules.
2406,1,false,NumStability.Source.Higham.Chapter17.Equation28.SingularErrorSplit.Results,SCC of source imports among project modules.
2407,1,false,NumStability.Source.Higham.Chapter17.Equation29.SingularSource.Results,SCC of source imports among project modules.
2408,1,false,NumStability.Source.Higham.Chapter17.Equation33.StoppingTests.Results,SCC of source imports among project modules.
2409,1,false,NumStability.Source.Higham.Chapter17.Problem01,SCC of source imports among project modules.
2410,1,false,NumStability.Source.Higham.Chapter17.Results.All,SCC of source imports among project modules.
2411,1,false,NumStability.Source.Higham.Chapter17.Results.Equation08.GeometricSummability,SCC of source imports among project modules.
2412,1,false,NumStability.Source.Higham.Chapter17.Results.Equation12.AttainedPartialSumBound,SCC of source imports among project modules.
2413,1,false,NumStability.Source.Higham.Chapter17.Results.Equation15.UniformForwardBound,SCC of source imports among project modules.
2414,1,false,NumStability.Source.Higham.Chapter17.Results.Equation16.JacobiForwardBound,SCC of source imports among project modules.
2415,1,false,NumStability.Source.Higham.Chapter17.Results.Equation17.SORForwardBound,SCC of source imports among project modules.
2416,1,false,NumStability.Source.Higham.Chapter17.Results.Equation20.DiagonalizableBounds,SCC of source imports among project modules.
2417,1,false,NumStability.Source.Higham.Chapter17.Results.Equation20.ResidualSigmaEnvelope,SCC of source imports among project modules.
2418,1,false,NumStability.Source.Higham.Chapter17.Results.Equation27.SingularErrorSplit,SCC of source imports among project modules.
2419,1,false,NumStability.Source.Higham.Chapter17.Results.Equation29.SingularBounds,SCC of source imports among project modules.
2420,1,false,NumStability.Source.Higham.Chapter17.Results.Section01.RoundedExecution,SCC of source imports among project modules.
2421,1,false,NumStability.Source.Higham.Chapter17.Results.Section04.DrazinConsequences,SCC of source imports among project modules.
2422,1,false,NumStability.Source.Higham.Chapter17.Results.Series,SCC of source imports among project modules.
2423,1,false,NumStability.Source.Higham.Chapter17.Section02.ScaleIndependence.Results,SCC of source imports among project modules.
2424,1,false,NumStability.Source.Higham.Chapter17.Section04.PrintedConclusions.Results,SCC of source imports among project modules.
2425,1,false,NumStability.Source.Higham.Chapter18,SCC of source imports among project modules.
2426,1,false,NumStability.Source.Higham.Chapter18.Section01,SCC of source imports among project modules.
2427,1,false,NumStability.Source.Higham.Chapter18.Section01.MatrixPowerBounds,SCC of source imports among project modules.
2428,1,false,NumStability.Source.Higham.Chapter18.Section01.MatrixPowerBounds.Equations04And05,SCC of source imports among project modules.
2429,1,false,NumStability.Source.Higham.Chapter18.Section01.MatrixPowerBounds.Equations04And05.All,SCC of source imports among project modules.
2430,1,false,NumStability.Source.Higham.Chapter18.Section01.MatrixPowerBounds.Equations04And05.Equation05Primary,SCC of source imports among project modules.
2431,1,false,NumStability.Source.Higham.Chapter18.Section01.MatrixPowerBounds.Equations04And05.LpDiagonal,SCC of source imports among project modules.
2432,1,false,NumStability.Source.Higham.Chapter18.Section01.MatrixPowerBounds.Equations04And05.LpJordan,SCC of source imports among project modules.
2433,1,false,NumStability.Source.Higham.Chapter18.Section01.MatrixPowerBounds.Equations04And05.RealDiagonal,SCC of source imports among project modules.
2434,1,false,NumStability.Source.Higham.Chapter18.Section01.MatrixPowerBounds.Equations04And05.RealJordan,SCC of source imports among project modules.
2435,1,false,NumStability.Source.Higham.Chapter18.Section01.MatrixPowerBounds.NamedBounds,SCC of source imports among project modules.
2436,1,false,NumStability.Source.Higham.Chapter18.Section01.MatrixPowerBounds.NamedBounds.All,SCC of source imports among project modules.
2437,1,false,NumStability.Source.Higham.Chapter18.Section01.MatrixPowerBounds.NamedBounds.BaiDemmelGu,SCC of source imports among project modules.
2438,1,false,NumStability.Source.Higham.Chapter18.Section01.MatrixPowerBounds.NamedBounds.BaiDemmelGuDistance,SCC of source imports among project modules.
2439,1,false,NumStability.Source.Higham.Chapter18.Section01.MatrixPowerBounds.NamedBounds.BergerHermitian,SCC of source imports among project modules.
2440,1,false,NumStability.Source.Higham.Chapter18.Section01.MatrixPowerBounds.NamedBounds.Gautschi,SCC of source imports among project modules.
2441,1,false,NumStability.Source.Higham.Chapter18.Section01.MatrixPowerBounds.NamedBounds.HenriciDeparture,SCC of source imports among project modules.
2442,1,false,NumStability.Source.Higham.Chapter18.Section01.MatrixPowerBounds.NamedBounds.HenriciExtremal,SCC of source imports among project modules.
2443,1,false,NumStability.Source.Higham.Chapter18.Section01.MatrixPowerBounds.NamedBounds.HenriciImprovedConstant,SCC of source imports among project modules.
2444,1,false,NumStability.Source.Higham.Chapter18.Section01.MatrixPowerBounds.NamedBounds.HenriciSharpConstant,SCC of source imports among project modules.
2445,1,false,NumStability.Source.Higham.Chapter18.Section01.MatrixPowerBounds.NamedBounds.Kreiss,SCC of source imports among project modules.
2446,1,false,NumStability.Source.Higham.Chapter18.Section01.MatrixPowerBounds.NamedBounds.Laszlo,SCC of source imports among project modules.
2447,1,false,NumStability.Source.Higham.Chapter18.Section01.MatrixPowerBounds.NamedBounds.NumericalRadius,SCC of source imports among project modules.
2448,1,false,NumStability.Source.Higham.Chapter18.Section01.MatrixPowerBounds.NamedBounds.SpijkerKreiss,SCC of source imports among project modules.
2449,1,false,NumStability.Source.Higham.Chapter18.Section01.MatrixPowerBounds.NamedBounds.SpijkerKreissUnconditional,SCC of source imports among project modules.
2450,1,false,NumStability.Source.Higham.Chapter18.Section01.MatrixPowerBounds.NamedBounds.SpijkerKreissUnconditional.Bounds,SCC of source imports among project modules.
2451,1,false,NumStability.Source.Higham.Chapter18.Section01.MatrixPowerBounds.NamedBounds.SpijkerProjectionIntegral,SCC of source imports among project modules.
2452,1,false,NumStability.Source.Higham.Chapter18.Section01.MatrixPowerBounds.NamedBounds.SpijkerRational,SCC of source imports among project modules.
2453,1,false,NumStability.Source.Higham.Chapter18.Section01.SchurDecomposition.All,SCC of source imports among project modules.
2454,1,false,NumStability.Source.Higham.Chapter18.Section01.SchurDecomposition.ComplexTriangulation,SCC of source imports among project modules.
2455,1,false,NumStability.Source.Higham.Chapter18.Section02,SCC of source imports among project modules.
2456,1,false,NumStability.Source.Higham.Chapter18.Section02.FinitePrecisionPowers,SCC of source imports among project modules.
2457,1,false,NumStability.Source.Higham.Chapter18.Section02.FinitePrecisionPowers.Equations08To14,SCC of source imports among project modules.
2458,1,false,NumStability.Source.Higham.Chapter18.Section02.FinitePrecisionPowers.Equations08To14.All,SCC of source imports among project modules.
2459,1,false,NumStability.Source.Higham.Chapter18.Section02.FinitePrecisionPowers.Equations08To14.ComplexSimilarity,SCC of source imports among project modules.
2460,1,false,NumStability.Source.Higham.Chapter18.Section02.FinitePrecisionPowers.Equations08To14.ComputedIteration,SCC of source imports among project modules.
2461,1,false,NumStability.Source.Higham.Chapter18.Section02.FinitePrecisionPowers.Equations08To14.DunfordResidue,SCC of source imports among project modules.
2462,1,false,NumStability.Source.Higham.Chapter18.Section02.FinitePrecisionPowers.Equations08To14.PowerBound,SCC of source imports among project modules.
2463,1,false,NumStability.Source.Higham.Chapter18.Section02.FinitePrecisionPowers.Equations08To14.PseudospectralLowerBound,SCC of source imports among project modules.
2464,1,false,NumStability.Source.Higham.Chapter18.Section02.FinitePrecisionPowers.Equations08To14.PseudospectralRadius,SCC of source imports among project modules.
2465,1,false,NumStability.Source.Higham.Chapter18.Section02.FinitePrecisionPowers.Equations08To14.ResolventCalculus,SCC of source imports among project modules.
2466,1,false,NumStability.Source.Higham.Chapter18.Section02.FinitePrecisionPowers.Equations08To14.ResolventLowerBound,SCC of source imports among project modules.
2467,1,false,NumStability.Source.Higham.Chapter18.Section02.FinitePrecisionPowers.Theorems01And02,SCC of source imports among project modules.
2468,1,false,NumStability.Source.Higham.Chapter18.Section02.FinitePrecisionPowers.Theorems01And02.All,SCC of source imports among project modules.
2469,1,false,NumStability.Source.Higham.Chapter18.Section02.FinitePrecisionPowers.Theorems01And02.ComplexJordan,SCC of source imports among project modules.
2470,1,false,NumStability.Source.Higham.Chapter18.Section02.FinitePrecisionPowers.Theorems01And02.PseudospectralCriterion,SCC of source imports among project modules.
2471,1,false,NumStability.Source.Higham.Chapter18.Section02.FinitePrecisionPowers.Theorems01And02.PseudospectralPackaging,SCC of source imports among project modules.
2472,1,false,NumStability.Source.Higham.Chapter18.Section02.FinitePrecisionPowers.Theorems01And02.RealCases,SCC of source imports among project modules.
2473,1,false,NumStability.Source.Higham.Chapter18.Section02.FinitePrecisionPowers.Theorems01And02.RealJordan,SCC of source imports among project modules.
2474,1,false,NumStability.Source.Higham.Chapter18.Section02.FinitePrecisionPowers.Theorems01And02.SpectralCriterion,SCC of source imports among project modules.
2475,1,false,NumStability.Source.Higham.Chapter19,SCC of source imports among project modules.
2476,1,false,NumStability.Source.Higham.Chapter19.Algorithm11.CGSRounded,SCC of source imports among project modules.
2477,1,false,NumStability.Source.Higham.Chapter19.Algorithm12.MGSClosure,SCC of source imports among project modules.
2478,1,false,NumStability.Source.Higham.Chapter19.Algorithm12.MGSNonbreakdown,SCC of source imports among project modules.
2479,1,false,NumStability.Source.Higham.Chapter19.Algorithm12.MGSPaddedClosure,SCC of source imports among project modules.
2480,1,false,NumStability.Source.Higham.Chapter19.Algorithm12.MGSRepair,SCC of source imports among project modules.
2481,1,false,NumStability.Source.Higham.Chapter19.Algorithm12.MGSRounded,SCC of source imports among project modules.
2482,1,false,NumStability.Source.Higham.Chapter19.Algorithm12.MGSSourceRate,SCC of source imports among project modules.
2483,1,false,NumStability.Source.Higham.Chapter19.Core,SCC of source imports among project modules.
2484,1,false,NumStability.Source.Higham.Chapter19.FormedQ,SCC of source imports among project modules.
2485,1,false,NumStability.Source.Higham.Chapter19.Labels,SCC of source imports among project modules.
2486,1,false,NumStability.Source.Higham.Chapter19.Lemma01.Construction2,SCC of source imports among project modules.
2487,1,false,NumStability.Source.Higham.Chapter19.Lemma03.ActualSequence,SCC of source imports among project modules.
2488,1,false,NumStability.Source.Higham.Chapter19.Lemma07.Gamma4,SCC of source imports among project modules.
2489,1,false,NumStability.Source.Higham.Chapter19.Lemma09.DisjointSweep,SCC of source imports among project modules.
2490,1,false,NumStability.Source.Higham.Chapter19.PolarNearest,SCC of source imports among project modules.
2491,1,false,NumStability.Source.Higham.Chapter19.Problem06.ActualStep,SCC of source imports among project modules.
2492,1,false,NumStability.Source.Higham.Chapter19.Problem09,SCC of source imports among project modules.
2493,1,false,NumStability.Source.Higham.Chapter19.Problem10,SCC of source imports among project modules.
2494,1,false,NumStability.Source.Higham.Chapter19.Sensitivity,SCC of source imports among project modules.
2495,1,false,NumStability.Source.Higham.Chapter19.Sensitivity.Bounds.Results,SCC of source imports among project modules.
2496,1,false,NumStability.Source.Higham.Chapter19.Sensitivity.Closure,SCC of source imports among project modules.
2497,1,false,NumStability.Source.Higham.Chapter19.StoredLoop,SCC of source imports among project modules.
2498,1,false,NumStability.Source.Higham.Chapter19.StoredLoop.AllPivots,SCC of source imports among project modules.
2499,1,false,NumStability.Source.Higham.Chapter19.StoredLoop.Perturbation.Bridge,SCC of source imports among project modules.
2500,1,false,NumStability.Source.Higham.Chapter19.StoredLoop.StrongModel,SCC of source imports among project modules.
2501,1,false,NumStability.Source.Higham.Chapter19.SunBischof,SCC of source imports among project modules.
2502,1,false,NumStability.Source.Higham.Chapter19.Theorem05.Nonbreakdown,SCC of source imports among project modules.
2503,1,false,NumStability.Source.Higham.Chapter19.Theorem05.SourceClosure,SCC of source imports among project modules.
2504,1,false,NumStability.Source.Higham.Chapter19.Theorem06.ActualSource,SCC of source imports among project modules.
2505,1,false,NumStability.Source.Higham.Chapter19.Theorem06.ColumnPivot,SCC of source imports among project modules.
2506,1,false,NumStability.Source.Higham.Chapter19.Theorem06.ColumnPivotFull,SCC of source imports among project modules.
2507,1,false,NumStability.Source.Higham.Chapter19.Theorem06.CoxHigham,SCC of source imports among project modules.
2508,1,false,NumStability.Source.Higham.Chapter19.Theorem06.CoxHighamAssembly,SCC of source imports among project modules.
2509,1,false,NumStability.Source.Higham.Chapter19.Theorem06.CoxHighamConcrete,SCC of source imports among project modules.
2510,1,false,NumStability.Source.Higham.Chapter19.Theorem06.CoxHighamFull,SCC of source imports among project modules.
2511,1,false,NumStability.Source.Higham.Chapter19.Theorem06.Elementwise,SCC of source imports among project modules.
2512,1,false,NumStability.Source.Higham.Chapter19.Theorem06.ElementwiseEntry,SCC of source imports among project modules.
2513,1,false,NumStability.Source.Higham.Chapter19.Theorem06.ElementwisePackaged,SCC of source imports among project modules.
2514,1,false,NumStability.Source.Higham.Chapter19.Theorem06.Final,SCC of source imports among project modules.
2515,1,false,NumStability.Source.Higham.Chapter19.Theorem06.Pivoted,SCC of source imports among project modules.
2516,1,false,NumStability.Source.Higham.Chapter19.Theorem06.RowSpecific,SCC of source imports among project modules.
2517,1,false,NumStability.Source.Higham.Chapter19.Theorem06.StrongModel,SCC of source imports among project modules.
2518,1,false,NumStability.Source.Higham.Chapter19.Theorem10.ActualMatrix,SCC of source imports among project modules.
2519,1,false,NumStability.Source.Higham.Chapter19.TurnbullAitken,SCC of source imports among project modules.
2520,1,false,NumStability.Source.Higham.Chapter19.WYApplicationClosure,SCC of source imports among project modules.
2521,1,false,NumStability.Source.Higham.Chapter20,SCC of source imports among project modules.
2522,1,false,NumStability.Source.Higham.Chapter20.Equation32,SCC of source imports among project modules.
2523,1,false,NumStability.Source.Higham.Chapter20.Equations,SCC of source imports among project modules.
2524,1,false,NumStability.Source.Higham.Chapter20.Equations.Core.Results,SCC of source imports among project modules.
2525,1,false,NumStability.Source.Higham.Chapter20.Equations.WeightedLimit,SCC of source imports among project modules.
2526,1,false,NumStability.Source.Higham.Chapter20.Examples.Condition,SCC of source imports among project modules.
2527,1,false,NumStability.Source.Higham.Chapter20.Examples.CrossProduct,SCC of source imports among project modules.
2528,1,false,NumStability.Source.Higham.Chapter20.Examples.GeneralRank,SCC of source imports among project modules.
2529,1,false,NumStability.Source.Higham.Chapter20.Lemma06,SCC of source imports among project modules.
2530,1,false,NumStability.Source.Higham.Chapter20.Lemma11,SCC of source imports among project modules.
2531,1,false,NumStability.Source.Higham.Chapter20.Lemma11.Core.Results,SCC of source imports among project modules.
2532,1,false,NumStability.Source.Higham.Chapter20.Lemma11.Support,SCC of source imports among project modules.
2533,1,false,NumStability.Source.Higham.Chapter20.Lemma12,SCC of source imports among project modules.
2534,1,false,NumStability.Source.Higham.Chapter20.MinimumNormBackwardError,SCC of source imports among project modules.
2535,1,false,NumStability.Source.Higham.Chapter20.NormalEquations,SCC of source imports among project modules.
2536,1,false,NumStability.Source.Higham.Chapter20.Problem03,SCC of source imports among project modules.
2537,1,false,NumStability.Source.Higham.Chapter20.Problem05.MGSStability,SCC of source imports among project modules.
2538,1,false,NumStability.Source.Higham.Chapter20.Prose,SCC of source imports among project modules.
2539,1,false,NumStability.Source.Higham.Chapter20.Prose.Core.Results,SCC of source imports among project modules.
2540,1,false,NumStability.Source.Higham.Chapter20.Prose.MoorePenrose,SCC of source imports among project modules.
2541,1,false,NumStability.Source.Higham.Chapter20.Prose.Quantitative,SCC of source imports among project modules.
2542,1,false,NumStability.Source.Higham.Chapter20.Remaining,SCC of source imports among project modules.
2543,1,false,NumStability.Source.Higham.Chapter20.Section02.Algorithms,SCC of source imports among project modules.
2544,1,false,NumStability.Source.Higham.Chapter20.Theorem01,SCC of source imports among project modules.
2545,1,false,NumStability.Source.Higham.Chapter20.Theorem02.AlternativeBound,SCC of source imports among project modules.
2546,1,false,NumStability.Source.Higham.Chapter20.Theorem03,SCC of source imports among project modules.
2547,1,false,NumStability.Source.Higham.Chapter20.Theorem03.Core.Results,SCC of source imports among project modules.
2548,1,false,NumStability.Source.Higham.Chapter20.Theorem03.QRSolve,SCC of source imports among project modules.
2549,1,false,NumStability.Source.Higham.Chapter20.Theorem03.ResidualQuality,SCC of source imports among project modules.
2550,1,false,NumStability.Source.Higham.Chapter20.Theorem03.ZeroDeltaB,SCC of source imports among project modules.
2551,1,false,NumStability.Source.Higham.Chapter20.Theorem04,SCC of source imports among project modules.
2552,1,false,NumStability.Source.Higham.Chapter20.Theorem04.Core.Results,SCC of source imports among project modules.
2553,1,false,NumStability.Source.Higham.Chapter20.Theorem04.Refinement,SCC of source imports among project modules.
2554,1,false,NumStability.Source.Higham.Chapter20.Theorem07,SCC of source imports among project modules.
2555,1,false,NumStability.Source.Higham.Chapter20.Theorem07.ActualAssembly,SCC of source imports among project modules.
2556,1,false,NumStability.Source.Higham.Chapter20.Theorem07.ActualBackSub,SCC of source imports among project modules.
2557,1,false,NumStability.Source.Higham.Chapter20.Theorem07.ActualClosure,SCC of source imports among project modules.
2558,1,false,NumStability.Source.Higham.Chapter20.Theorem07.ActualGrowth,SCC of source imports among project modules.
2559,1,false,NumStability.Source.Higham.Chapter20.Theorem07.ActualRhs,SCC of source imports among project modules.
2560,1,false,NumStability.Source.Higham.Chapter20.Theorem07.ActualTrace,SCC of source imports among project modules.
2561,1,false,NumStability.Source.Higham.Chapter20.Theorem07.Contract,SCC of source imports among project modules.
2562,1,false,NumStability.Source.Higham.Chapter20.Theorem07.Core.Results,SCC of source imports among project modules.
2563,1,false,NumStability.Source.Higham.Chapter20.Theorem07.Elimination,SCC of source imports among project modules.
2564,1,false,NumStability.Source.Higham.Chapter20.Theorem07.QdR,SCC of source imports among project modules.
2565,1,false,NumStability.Source.Higham.Chapter20.Theorem07.RowPolicy,SCC of source imports among project modules.
2566,1,false,NumStability.Source.Higham.Chapter20.Theorem07.Runtime,SCC of source imports among project modules.
2567,1,false,NumStability.Source.Higham.Chapter20.Theorem07.SourceTrace,SCC of source imports among project modules.
2568,1,false,NumStability.Source.Higham.Chapter20.Theorem08,SCC of source imports among project modules.
2569,1,false,NumStability.Source.Higham.Chapter20.Theorem08.Core.Results,SCC of source imports among project modules.
2570,1,false,NumStability.Source.Higham.Chapter20.Theorem08.LSE,SCC of source imports among project modules.
2571,1,false,NumStability.Source.Higham.Chapter20.Theorem10,SCC of source imports among project modules.
2572,1,false,NumStability.Source.Higham.Chapter21,SCC of source imports among project modules.
2573,1,false,NumStability.Source.Higham.Chapter21.Attainability.Results,SCC of source imports among project modules.
2574,1,false,NumStability.Source.Higham.Chapter21.Corrections.CorrectedMGS.RoundedReplay,SCC of source imports among project modules.
2575,1,false,NumStability.Source.Higham.Chapter21.Corrections.Problem19_12.RoundedReplay,SCC of source imports among project modules.
2576,1,false,NumStability.Source.Higham.Chapter21.Equation01.QRFoundations,SCC of source imports among project modules.
2577,1,false,NumStability.Source.Higham.Chapter21.Equation01.UnderdeterminedSolve,SCC of source imports among project modules.
2578,1,false,NumStability.Source.Higham.Chapter21.Equation02.UnderdeterminedSolve,SCC of source imports among project modules.
2579,1,false,NumStability.Source.Higham.Chapter21.Equation03.QRFoundations,SCC of source imports among project modules.
2580,1,false,NumStability.Source.Higham.Chapter21.Equation03.UnderdeterminedSolve,SCC of source imports among project modules.
2581,1,false,NumStability.Source.Higham.Chapter21.Equation04.Pseudoinverse,SCC of source imports among project modules.
2582,1,false,NumStability.Source.Higham.Chapter21.Equation04.QRFoundations,SCC of source imports among project modules.
2583,1,false,NumStability.Source.Higham.Chapter21.Equation04.UnderdeterminedSpec,SCC of source imports among project modules.
2584,1,false,NumStability.Source.Higham.Chapter21.Equation05.UnderdeterminedSolve,SCC of source imports among project modules.
2585,1,false,NumStability.Source.Higham.Chapter21.Equation05.UnderdeterminedSpec,SCC of source imports among project modules.
2586,1,false,NumStability.Source.Higham.Chapter21.Equation06.Perturbation,SCC of source imports among project modules.
2587,1,false,NumStability.Source.Higham.Chapter21.Equation07.ConditionTransfer,SCC of source imports among project modules.
2588,1,false,NumStability.Source.Higham.Chapter21.Equation07.UnderdeterminedSolve,SCC of source imports among project modules.
2589,1,false,NumStability.Source.Higham.Chapter21.Equation08.EquationClosure,SCC of source imports among project modules.
2590,1,false,NumStability.Source.Higham.Chapter21.Equation08.ProjectorNorm,SCC of source imports among project modules.
2591,1,false,NumStability.Source.Higham.Chapter21.Equation08.Results.Core,SCC of source imports among project modules.
2592,1,false,NumStability.Source.Higham.Chapter21.Equation09.EquationClosure,SCC of source imports among project modules.
2593,1,false,NumStability.Source.Higham.Chapter21.Equation09.ProjectorNorm,SCC of source imports among project modules.
2594,1,false,NumStability.Source.Higham.Chapter21.Equation09.Results.Core,SCC of source imports among project modules.
2595,1,false,NumStability.Source.Higham.Chapter21.Equation10.Closure,SCC of source imports among project modules.
2596,1,false,NumStability.Source.Higham.Chapter21.Equation10.RoundedReplay,SCC of source imports among project modules.
2597,1,false,NumStability.Source.Higham.Chapter21.Equation10.UnderdeterminedSolve,SCC of source imports among project modules.
2598,1,false,NumStability.Source.Higham.Chapter21.Equation11.ActualOutput,SCC of source imports among project modules.
2599,1,false,NumStability.Source.Higham.Chapter21.Equation11.Closure,SCC of source imports among project modules.
2600,1,false,NumStability.Source.Higham.Chapter21.Equation11.Equation,SCC of source imports among project modules.
2601,1,false,NumStability.Source.Higham.Chapter21.Equation11.Forward,SCC of source imports among project modules.
2602,1,false,NumStability.Source.Higham.Chapter21.Equation11.RemainderBounds,SCC of source imports among project modules.
2603,1,false,NumStability.Source.Higham.Chapter21.Equation11.Results.Core,SCC of source imports among project modules.
2604,1,false,NumStability.Source.Higham.Chapter21.Equation11.Scalar,SCC of source imports among project modules.
2605,1,false,NumStability.Source.Higham.Chapter21.Equation11.ScalarCase.Core,SCC of source imports among project modules.
2606,1,false,NumStability.Source.Higham.Chapter21.Equation11.UnderdeterminedSolve,SCC of source imports among project modules.
2607,1,false,NumStability.Source.Higham.Chapter21.Equation11.Uniform,SCC of source imports among project modules.
2608,1,false,NumStability.Source.Higham.Chapter21.Equation11.UniformClosure,SCC of source imports among project modules.
2609,1,false,NumStability.Source.Higham.Chapter21.Equation11.UniformEnvelope.Core,SCC of source imports among project modules.
2610,1,false,NumStability.Source.Higham.Chapter21.Lemma02.Symmetrization.UnderdeterminedSolve,SCC of source imports among project modules.
2611,1,false,NumStability.Source.Higham.Chapter21.Lemma02.Symmetrization.UnderdeterminedSpec,SCC of source imports among project modules.
2612,1,false,NumStability.Source.Higham.Chapter21.RowScalingInvariance,SCC of source imports among project modules.
2613,1,false,NumStability.Source.Higham.Chapter21.Section03.MethodComparison.Core,SCC of source imports among project modules.
2614,1,false,NumStability.Source.Higham.Chapter21.Theorem01.Attainability.Attainability,SCC of source imports among project modules.
2615,1,false,NumStability.Source.Higham.Chapter21.Theorem01.ComponentwisePerturbation.Radius,SCC of source imports among project modules.
2616,1,false,NumStability.Source.Higham.Chapter21.Theorem01.ComponentwisePerturbation.RankStability,SCC of source imports among project modules.
2617,1,false,NumStability.Source.Higham.Chapter21.Theorem01.ComponentwisePerturbation.UnderdeterminedSpec,SCC of source imports among project modules.
2618,1,false,NumStability.Source.Higham.Chapter21.Theorem03,SCC of source imports among project modules.
2619,1,false,NumStability.Source.Higham.Chapter21.Theorem03.Attainment,SCC of source imports among project modules.
2620,1,false,NumStability.Source.Higham.Chapter21.Theorem03.NormwiseBackwardError.UnderdeterminedSolve,SCC of source imports among project modules.
2621,1,false,NumStability.Source.Higham.Chapter21.Theorem04,SCC of source imports among project modules.
2622,1,false,NumStability.Source.Higham.Chapter21.Theorem04.GivensQMethod.Closure,SCC of source imports among project modules.
2623,1,false,NumStability.Source.Higham.Chapter21.Theorem04.GivensQMethod.Core,SCC of source imports among project modules.
2624,1,false,NumStability.Source.Higham.Chapter21.Theorem04.GivensQMethod.RoundedReplay,SCC of source imports among project modules.
2625,1,false,NumStability.Source.Higham.Chapter21.Theorem04.HouseholderQMethod.UnderdeterminedSolve,SCC of source imports among project modules.
2626,1,false,NumStability.Source.Higham.Chapter21.Theorem04.ModifiedGramSchmidtQMethod.Core,SCC of source imports among project modules.
2627,1,false,NumStability.Source.Higham.Chapter21.Theorem04.ModifiedGramSchmidtQMethod.RoundedReplay,SCC of source imports among project modules.
2628,1,false,NumStability.Source.Higham.Chapter21.Theorem04.RowwiseBackwardError,SCC of source imports among project modules.
2629,1,false,NumStability.Source.Higham.Chapter21.Theorem04.SeminormalEquations.ActualOutput,SCC of source imports among project modules.
2630,1,false,NumStability.Source.Higham.Chapter21.Theorem04.SeminormalEquations.Closure,SCC of source imports among project modules.
2631,1,false,NumStability.Source.Higham.Chapter21.Theorem04.SeminormalEquations.EnvelopeTransfer,SCC of source imports among project modules.
2632,1,false,NumStability.Source.Higham.Chapter21.Theorem04.SeminormalEquations.Forward,SCC of source imports among project modules.
2633,1,false,NumStability.Source.Higham.Chapter21.Theorem04.SeminormalEquations.QRMajorant,SCC of source imports among project modules.
2634,1,false,NumStability.Source.Higham.Chapter21.Theorem04.SeminormalEquations.RemainderBounds,SCC of source imports among project modules.
2635,1,false,NumStability.Source.Higham.Chapter21.Theorem04.SeminormalEquations.Signed,SCC of source imports among project modules.
2636,1,false,NumStability.Source.Higham.Chapter21.Theorem04.SeminormalEquations.Uniform,SCC of source imports among project modules.
2637,1,false,NumStability.Source.Higham.Chapter21.Theorem04.SourceClosure.SourceClosure,SCC of source imports among project modules.
2638,1,false,NumStability.Source.Higham.Chapter21.Theorem04.SourceClosure.Supplement.Core,SCC of source imports among project modules.
2639,1,false,NumStability.Source.Higham.Chapter22,SCC of source imports among project modules.
2640,1,false,NumStability.Source.Higham.Chapter22.MonomialResidual,SCC of source imports among project modules.
2641,1,false,NumStability.Source.Higham.Chapter22.Problem07,SCC of source imports among project modules.
2642,1,false,NumStability.Source.Higham.Chapter22.Section03,SCC of source imports among project modules.
2643,1,false,NumStability.Source.Higham.Chapter22.Section03.ComplexConfluentRefinement,SCC of source imports among project modules.
2644,1,false,NumStability.Source.Higham.Chapter22.Section03.RealRefinement,SCC of source imports among project modules.
2645,1,false,NumStability.Source.Higham.Chapter22.VandermondeSystems,SCC of source imports among project modules.
2646,1,false,NumStability.Source.Higham.Chapter23,SCC of source imports among project modules.
2647,1,false,NumStability.Source.Higham.Chapter23.BalancedScaling,SCC of source imports among project modules.
2648,1,false,NumStability.Source.Higham.Chapter23.BilinearAlgorithm,SCC of source imports among project modules.
2649,1,false,NumStability.Source.Higham.Chapter23.BiniLotti,SCC of source imports among project modules.
2650,1,false,NumStability.Source.Higham.Chapter23.BiniLotti.ExactMajorant,SCC of source imports among project modules.
2651,1,false,NumStability.Source.Higham.Chapter23.BiniLotti.Execution,SCC of source imports among project modules.
2652,1,false,NumStability.Source.Higham.Chapter23.BiniLotti.FirstOrder,SCC of source imports among project modules.
2653,1,false,NumStability.Source.Higham.Chapter23.BiniLotti.RecursiveAlgebra,SCC of source imports among project modules.
2654,1,false,NumStability.Source.Higham.Chapter23.BlockAlgorithms,SCC of source imports among project modules.
2655,1,false,NumStability.Source.Higham.Chapter23.ConventionalMultiplication,SCC of source imports among project modules.
2656,1,false,NumStability.Source.Higham.Chapter23.Equation11,SCC of source imports among project modules.
2657,1,false,NumStability.Source.Higham.Chapter23.ErrorRecurrences,SCC of source imports among project modules.
2658,1,false,NumStability.Source.Higham.Chapter23.GammaAsymptotics,SCC of source imports among project modules.
2659,1,false,NumStability.Source.Higham.Chapter23.Problem08,SCC of source imports among project modules.
2660,1,false,NumStability.Source.Higham.Chapter23.Theorem02,SCC of source imports among project modules.
2661,1,false,NumStability.Source.Higham.Chapter23.Theorem02.ErrorBound,SCC of source imports among project modules.
2662,1,false,NumStability.Source.Higham.Chapter23.Theorem02.ErrorRelations,SCC of source imports among project modules.
2663,1,false,NumStability.Source.Higham.Chapter23.Theorem02.ExactMajorant,SCC of source imports among project modules.
2664,1,false,NumStability.Source.Higham.Chapter23.Theorem02.Execution,SCC of source imports among project modules.
2665,1,false,NumStability.Source.Higham.Chapter23.Theorem02.RecursiveMatrix,SCC of source imports among project modules.
2666,1,false,NumStability.Source.Higham.Chapter23.Theorem03,SCC of source imports among project modules.
2667,1,false,NumStability.Source.Higham.Chapter23.Theorem03.Certificates,SCC of source imports among project modules.
2668,1,false,NumStability.Source.Higham.Chapter23.Theorem03.ErrorBound,SCC of source imports among project modules.
2669,1,false,NumStability.Source.Higham.Chapter23.Theorem03.ExactMajorant,SCC of source imports among project modules.
2670,1,false,NumStability.Source.Higham.Chapter23.Theorem03.Execution,SCC of source imports among project modules.
2671,1,false,NumStability.Source.Higham.Chapter23.ThreeM,SCC of source imports among project modules.
2672,1,false,NumStability.Source.Higham.Chapter23.ThreeMStrassen,SCC of source imports among project modules.
2673,1,false,NumStability.Source.Higham.Chapter23.ThreeMStrassen.ExactMajorant,SCC of source imports among project modules.
2674,1,false,NumStability.Source.Higham.Chapter23.ThreeMStrassen.Execution,SCC of source imports among project modules.
2675,1,false,NumStability.Source.Higham.Chapter23.ThreeMStrassen.FirstOrder,SCC of source imports among project modules.
2676,1,false,NumStability.Source.Higham.Chapter23.WinogradInnerProduct,SCC of source imports among project modules.
2677,1,false,NumStability.Source.Higham.Chapter24,SCC of source imports among project modules.
2678,1,false,NumStability.Source.Higham.Chapter24.CirculantForwardError,SCC of source imports among project modules.
2679,1,false,NumStability.Source.Higham.Chapter24.CirculantSystems,SCC of source imports among project modules.
2680,1,false,NumStability.Source.Higham.Chapter24.FFTBackwardStability,SCC of source imports among project modules.
2681,1,false,NumStability.Source.Higham.Chapter24.ForwardFFTPerturbation,SCC of source imports among project modules.
2682,1,false,NumStability.Source.Higham.Chapter24.FourierTransform,SCC of source imports among project modules.
2683,1,false,NumStability.Source.Higham.Chapter24.InverseFFT,SCC of source imports among project modules.
2684,1,false,NumStability.Source.Higham.Chapter24.Radix2FFT,SCC of source imports among project modules.
2685,1,false,NumStability.Source.Higham.Chapter24.RoundedCirculantSolver,SCC of source imports among project modules.
2686,1,false,NumStability.Source.Higham.Chapter24.RoundedDiagonalSolve,SCC of source imports among project modules.
2687,1,false,NumStability.Source.Higham.Chapter24.StructuredMixedStability,SCC of source imports among project modules.
2688,1,false,NumStability.Source.Higham.Chapter25,SCC of source imports among project modules.
2689,1,false,NumStability.Source.Higham.Chapter25.Eigenproblem,SCC of source imports among project modules.
2690,1,false,NumStability.Source.Higham.Chapter25.NonlinearSystems,SCC of source imports among project modules.
2691,1,false,NumStability.Source.Higham.Chapter25.Problem01,SCC of source imports among project modules.
2692,1,false,NumStability.Source.Higham.Chapter26,SCC of source imports among project modules.
2693,1,false,NumStability.Source.Higham.Chapter26.AlternatingDirections,SCC of source imports among project modules.
2694,1,false,NumStability.Source.Higham.Chapter26.AlternatingDirections.CrudeLineSearch,SCC of source imports among project modules.
2695,1,false,NumStability.Source.Higham.Chapter26.AlternatingDirections.ExactExecution,SCC of source imports among project modules.
2696,1,false,NumStability.Source.Higham.Chapter26.CubicRoots,SCC of source imports among project modules.
2697,1,false,NumStability.Source.Higham.Chapter26.CubicRoots.DepressedCubic,SCC of source imports among project modules.
2698,1,false,NumStability.Source.Higham.Chapter26.CubicRoots.MonicCubic,SCC of source imports among project modules.
2699,1,false,NumStability.Source.Higham.Chapter26.Equation01,SCC of source imports among project modules.
2700,1,false,NumStability.Source.Higham.Chapter26.Equation02,SCC of source imports among project modules.
2701,1,false,NumStability.Source.Higham.Chapter26.Equation03,SCC of source imports among project modules.
2702,1,false,NumStability.Source.Higham.Chapter26.Equation04,SCC of source imports among project modules.
2703,1,false,NumStability.Source.Higham.Chapter26.Equation05,SCC of source imports among project modules.
2704,1,false,NumStability.Source.Higham.Chapter26.Equation05.CardanoRoots,SCC of source imports among project modules.
2705,1,false,NumStability.Source.Higham.Chapter26.Equation05.ComplexBranches,SCC of source imports among project modules.
2706,1,false,NumStability.Source.Higham.Chapter26.Equation05.RealBranches,SCC of source imports among project modules.
2707,1,false,NumStability.Source.Higham.Chapter26.Equation05.ZeroBranchDiscrepancy,SCC of source imports among project modules.
2708,1,false,NumStability.Source.Higham.Chapter26.Equation06,SCC of source imports among project modules.
2709,1,false,NumStability.Source.Higham.Chapter26.Equation07,SCC of source imports among project modules.
2710,1,false,NumStability.Source.Higham.Chapter26.Equation08,SCC of source imports among project modules.
2711,1,false,NumStability.Source.Higham.Chapter26.IntervalArithmetic,SCC of source imports among project modules.
2712,1,false,NumStability.Source.Higham.Chapter26.IntervalArithmetic.DependencyExamples,SCC of source imports among project modules.
2713,1,false,NumStability.Source.Higham.Chapter26.IntervalArithmetic.DirectedRounding,SCC of source imports among project modules.
2714,1,false,NumStability.Source.Higham.Chapter26.IntervalArithmetic.ExactOperations,SCC of source imports among project modules.
2715,1,false,NumStability.Source.Higham.Chapter26.MultidirectionalSearch,SCC of source imports among project modules.
2716,1,false,NumStability.Source.Higham.Chapter26.MultidirectionalSearch.Execution,SCC of source imports among project modules.
2717,1,false,NumStability.Source.Higham.Chapter26.MultidirectionalSearch.InitialSimplexGeometry,SCC of source imports among project modules.
2718,1,false,NumStability.Source.Higham.Chapter26.MultidirectionalSearch.RegularSimplex,SCC of source imports among project modules.
2719,1,false,NumStability.Source.Higham.Chapter26.MultidirectionalSearch.RightAngledSimplex,SCC of source imports among project modules.
2720,1,false,NumStability.Source.Higham.Chapter26.MultidirectionalSearch.Simplex,SCC of source imports among project modules.
2721,1,false,NumStability.Source.Higham.Chapter27,SCC of source imports among project modules.
2722,1,false,NumStability.Source.Higham.Chapter27.Problem06,SCC of source imports among project modules.
2723,1,false,NumStability.Source.Higham.Chapter27.SoftwareEnvironment,SCC of source imports among project modules.
2724,1,false,NumStability.Source.Higham.Chapter28,SCC of source imports among project modules.
2725,1,false,NumStability.Source.Higham.Chapter28.Equation01.HilbertInverse.Basic,SCC of source imports among project modules.
2726,1,false,NumStability.Source.Higham.Chapter28.Equation01.HilbertInverse.Exact,SCC of source imports among project modules.
2727,1,false,NumStability.Source.Higham.Chapter28.Equation02,SCC of source imports among project modules.
2728,1,false,NumStability.Source.Higham.Chapter28.Equation02.DeterminantAsymptotics,SCC of source imports among project modules.
2729,1,false,NumStability.Source.Higham.Chapter28.Equation02.ExactHilbertDeterminant.Basic,SCC of source imports among project modules.
2730,1,false,NumStability.Source.Higham.Chapter28.Equation02.ExactHilbertDeterminant.Exact,SCC of source imports among project modules.
2731,1,false,NumStability.Source.Higham.Chapter28.Equation02.RatioDiscrepancy,SCC of source imports among project modules.
2732,1,false,NumStability.Source.Higham.Chapter28.Equation03.HilbertCholeskyFactor.Basic,SCC of source imports among project modules.
2733,1,false,NumStability.Source.Higham.Chapter28.Equation03.HilbertCholeskyFactor.Exact,SCC of source imports among project modules.
2734,1,false,NumStability.Source.Higham.Chapter28.Equation04.HilbertCholeskyInverse.Basic,SCC of source imports among project modules.
2735,1,false,NumStability.Source.Higham.Chapter28.Section01,SCC of source imports among project modules.
2736,1,false,NumStability.Source.Higham.Chapter28.Section01.Cauchy.Cauchy,SCC of source imports among project modules.
2737,1,false,NumStability.Source.Higham.Chapter28.Section01.HilbertConditioning.Cauchy,SCC of source imports among project modules.
2738,1,false,NumStability.Source.Higham.Chapter28.Section01.HilbertConditioning.ConditionLogRate,SCC of source imports among project modules.
2739,1,false,NumStability.Source.Higham.Chapter28.Section01.HilbertConditioning.HilbertCondition,SCC of source imports among project modules.
2740,1,false,NumStability.Source.Higham.Chapter28.Section02,SCC of source imports among project modules.
2741,1,false,NumStability.Source.Higham.Chapter28.Section02.RealGinibre.Asymptotics.Asymptotics,SCC of source imports among project modules.
2742,1,false,NumStability.Source.Higham.Chapter28.Section02.RealGinibre.FiniteExpectation.CharacteristicProductMoments,SCC of source imports among project modules.
2743,1,false,NumStability.Source.Higham.Chapter28.Section02.RealGinibre.FiniteExpectation.ClosedFormAsymptotics,SCC of source imports among project modules.
2744,1,false,NumStability.Source.Higham.Chapter28.Section02.RealGinibre.FiniteExpectation.ExpectedCountFormula,SCC of source imports among project modules.
2745,1,false,NumStability.Source.Higham.Chapter28.Section02.RealGinibre.FiniteExpectation.Ginibre,SCC of source imports among project modules.
2746,1,false,NumStability.Source.Higham.Chapter28.Section02.RealGinibre.FiniteExpectation.GinibreAbsoluteDetRecurrence,SCC of source imports among project modules.
2747,1,false,NumStability.Source.Higham.Chapter28.Section02.RealGinibre.FiniteExpectation.GinibreCharacteristicProduct,SCC of source imports among project modules.
2748,1,false,NumStability.Source.Higham.Chapter28.Section02.RealGinibre.FiniteExpectation.GinibreCorollary31Factor,SCC of source imports among project modules.
2749,1,false,NumStability.Source.Higham.Chapter28.Section02.RealGinibre.FiniteExpectation.GinibreDeterminantMoment,SCC of source imports among project modules.
2750,1,false,NumStability.Source.Higham.Chapter28.Section02.RealGinibre.FiniteExpectation.GinibreExpectationGlue,SCC of source imports among project modules.
2751,1,false,NumStability.Source.Higham.Chapter28.Section02.RealGinibre.FiniteExpectation.GinibreFiniteFormula,SCC of source imports among project modules.
2752,1,false,NumStability.Source.Higham.Chapter28.Section02.RealGinibre.FiniteExpectation.GinibreGaussianBridge,SCC of source imports among project modules.
2753,1,false,NumStability.Source.Higham.Chapter28.Section02.RealGinibre.FiniteExpectation.GinibreRecurrence,SCC of source imports among project modules.
2754,1,false,NumStability.Source.Higham.Chapter28.Section02.RealGinibre.FiniteExpectation.GinibreSignedExpectation,SCC of source imports among project modules.
2755,1,false,NumStability.Source.Higham.Chapter28.Section02.RealGinibre.FiniteExpectation.Moments,SCC of source imports among project modules.
2756,1,false,NumStability.Source.Higham.Chapter28.Section02.RealGinibre.Incidence.ExpectedCountTransfer,SCC of source imports among project modules.
2757,1,false,NumStability.Source.Higham.Chapter28.Section02.RealGinibre.Incidence.GinibreIncidence,SCC of source imports among project modules.
2758,1,false,NumStability.Source.Higham.Chapter28.Section02.RealGinibre.Incidence.GinibrePlaneIncidence,SCC of source imports among project modules.
2759,1,false,NumStability.Source.Higham.Chapter28.Section02.RealGinibre.Incidence.GinibreSignedIncidenceAlgebra,SCC of source imports among project modules.
2760,1,false,NumStability.Source.Higham.Chapter28.Section02.RealGinibre.Incidence.GinibreTruncatedIncidence,SCC of source imports among project modules.
2761,1,false,NumStability.Source.Higham.Chapter28.Section02.RealGinibre.InvariantPlanes.DimensionTwoExact,SCC of source imports among project modules.
2762,1,false,NumStability.Source.Higham.Chapter28.Section02.RealGinibre.InvariantPlanes.GinibreAtlas,SCC of source imports among project modules.
2763,1,false,NumStability.Source.Higham.Chapter28.Section02.RealGinibre.InvariantPlanes.GinibreComplexPairs,SCC of source imports among project modules.
2764,1,false,NumStability.Source.Higham.Chapter28.Section02.RealGinibre.InvariantPlanes.GinibreDimensionTwo,SCC of source imports among project modules.
2765,1,false,NumStability.Source.Higham.Chapter28.Section02.RealGinibre.InvariantPlanes.GinibreOrthogonalFiber,SCC of source imports among project modules.
2766,1,false,NumStability.Source.Higham.Chapter28.Section02.RealGinibre.InvariantPlanes.GinibrePlaneChart,SCC of source imports among project modules.
2767,1,false,NumStability.Source.Higham.Chapter28.Section02.RealGinibre.InvariantPlanes.GinibrePlaneSylvester,SCC of source imports among project modules.
2768,1,false,NumStability.Source.Higham.Chapter28.Section02.RealGinibre.InvariantPlanes.PlaneSylvesterJacobian,SCC of source imports among project modules.
2769,1,false,NumStability.Source.Higham.Chapter28.Section02.RealGinibre.ProbabilityLaw.GinibreJointDensity,SCC of source imports among project modules.
2770,1,false,NumStability.Source.Higham.Chapter28.Section02.RealGinibre.ProbabilityLaw.GinibreMeasure,SCC of source imports among project modules.
2771,1,false,NumStability.Source.Higham.Chapter28.Section02.RealGinibre.ProbabilityLaw.GinibreTraceDensity,SCC of source imports among project modules.
2772,1,false,NumStability.Source.Higham.Chapter28.Section02.RealGinibre.ProbabilityLaw.LebesgueMomentDensities,SCC of source imports among project modules.
2773,1,false,NumStability.Source.Higham.Chapter28.Section02.RealGinibre.ProbabilityLaw.Probability,SCC of source imports among project modules.
2774,1,false,NumStability.Source.Higham.Chapter28.Section02.RealGinibre.ProbabilityLaw.ProductLaw,SCC of source imports among project modules.
2775,1,false,NumStability.Source.Higham.Chapter28.Section02.RealGinibre.RootMeasurability.EigenvalueCounts,SCC of source imports among project modules.
2776,1,false,NumStability.Source.Higham.Chapter28.Section02.RealGinibre.RootMeasurability.GinibreMultiplicity,SCC of source imports among project modules.
2777,1,false,NumStability.Source.Higham.Chapter28.Section02.RealGinibre.RootMeasurability.GinibreRoots,SCC of source imports among project modules.
2778,1,false,NumStability.Source.Higham.Chapter28.Section02.RealGinibre.SignedIncidence.AlternatingRankSheets,SCC of source imports among project modules.
2779,1,false,NumStability.Source.Higham.Chapter28.Section02.RealGinibre.SignedIncidence.GinibreParity,SCC of source imports among project modules.
2780,1,false,NumStability.Source.Higham.Chapter28.Section02.RealGinibre.SignedIncidence.GinibreSignedConclusion,SCC of source imports among project modules.
2781,1,false,NumStability.Source.Higham.Chapter28.Section02.RealGinibre.SignedIncidence.GinibreSignedGaussian,SCC of source imports among project modules.
2782,1,false,NumStability.Source.Higham.Chapter28.Section02.RealGinibre.SignedIncidence.GinibreSignedIncidence,SCC of source imports among project modules.
2783,1,false,NumStability.Source.Higham.Chapter28.Section02.RealGinibre.SignedIncidence.GinibreSignedKernel,SCC of source imports among project modules.
2784,1,false,NumStability.Source.Higham.Chapter28.Section02.RealGinibre.SignedIncidence.GinibreSignedRank,SCC of source imports among project modules.
2785,1,false,NumStability.Source.Higham.Chapter28.Section02.RealGinibre.SignedIncidence.GinibreSignedRankTransfer,SCC of source imports among project modules.
2786,1,false,NumStability.Source.Higham.Chapter28.Section02.RealGinibre.SignedIncidence.GinibreSignedScalar,SCC of source imports among project modules.
2787,1,false,NumStability.Source.Higham.Chapter28.Section02.RealGinibre.SignedIncidence.OneRootMomentReduction,SCC of source imports among project modules.
2788,1,false,NumStability.Source.Higham.Chapter28.Section02.UniformPositive.PerronAlmostSure,SCC of source imports among project modules.
2789,1,false,NumStability.Source.Higham.Chapter28.Section03,SCC of source imports among project modules.
2790,1,false,NumStability.Source.Higham.Chapter28.Section03.RandomSVD.RandsvdNorm,SCC of source imports among project modules.
2791,1,false,NumStability.Source.Higham.Chapter28.Section03.RandomSVD.SingleHouseholderRankTwo,SCC of source imports among project modules.
2792,1,false,NumStability.Source.Higham.Chapter28.Section03.Theorem01.StewartHaar.GaussianQRHaar,SCC of source imports among project modules.
2793,1,false,NumStability.Source.Higham.Chapter28.Section03.Theorem01.StewartHaar.HaarConclusion,SCC of source imports among project modules.
2794,1,false,NumStability.Source.Higham.Chapter28.Section03.Theorem01.StewartHaar.QRFactorHaar,SCC of source imports among project modules.
2795,1,false,NumStability.Source.Higham.Chapter28.Section03.Theorem01.StewartHaar.RawFiberConclusion,SCC of source imports among project modules.
2796,1,false,NumStability.Source.Higham.Chapter28.Section03.Theorem01.StewartHaar.Stewart,SCC of source imports among project modules.
2797,1,false,NumStability.Source.Higham.Chapter28.Section03.Theorem01.StewartHaar.StewartRawFiber,SCC of source imports among project modules.
2798,1,false,NumStability.Source.Higham.Chapter28.Section04,SCC of source imports among project modules.
2799,1,false,NumStability.Source.Higham.Chapter28.Section04.Pascal.IdentityCubeRoot,SCC of source imports among project modules.
2800,1,false,NumStability.Source.Higham.Chapter28.Section04.Pascal.MomentMatrix,SCC of source imports among project modules.
2801,1,false,NumStability.Source.Higham.Chapter28.Section04.Pascal.OptimalPerturbationRate,SCC of source imports among project modules.
2802,1,false,NumStability.Source.Higham.Chapter28.Section04.Pascal.OscillationEigenbasis,SCC of source imports among project modules.
2803,1,false,NumStability.Source.Higham.Chapter28.Section04.Pascal.OscillationSpectrum,SCC of source imports among project modules.
2804,1,false,NumStability.Source.Higham.Chapter28.Section04.Pascal.Pascal,SCC of source imports among project modules.
2805,1,false,NumStability.Source.Higham.Chapter28.Section04.Pascal.PascalCondition,SCC of source imports among project modules.
2806,1,false,NumStability.Source.Higham.Chapter28.Section04.Pascal.PascalOscillation,SCC of source imports among project modules.
2807,1,false,NumStability.Source.Higham.Chapter28.Section04.Pascal.PascalSpectral,SCC of source imports among project modules.
2808,1,false,NumStability.Source.Higham.Chapter28.Section04.Pascal.SignChangeCount,SCC of source imports among project modules.
2809,1,false,NumStability.Source.Higham.Chapter28.Section04.Pascal.SingularizingPerturbation,SCC of source imports among project modules.
2810,1,false,NumStability.Source.Higham.Chapter28.Section04.Pascal.TotalPositivity,SCC of source imports among project modules.
2811,1,false,NumStability.Source.Higham.Chapter28.Section04.ReciprocalSpectrumSPD.ReciprocalSPD,SCC of source imports among project modules.
2812,1,false,NumStability.Source.Higham.Chapter28.Section04.ReciprocalSpectrumSPD.TriangularInvolution,SCC of source imports among project modules.
2813,1,false,NumStability.Source.Higham.Chapter28.Section05,SCC of source imports among project modules.
2814,1,false,NumStability.Source.Higham.Chapter28.Section05.TridiagonalToeplitz.CharacteristicPolynomial,SCC of source imports among project modules.
2815,1,false,NumStability.Source.Higham.Chapter28.Section05.TridiagonalToeplitz.SecondDifferenceCondition,SCC of source imports among project modules.
2816,1,false,NumStability.Source.Higham.Chapter28.Section05.TridiagonalToeplitz.SineEigenpairs,SCC of source imports among project modules.
2817,1,false,NumStability.Source.Higham.Chapter28.Section05.TridiagonalToeplitz.SineEigenvectors,SCC of source imports among project modules.
2818,1,false,NumStability.Source.Higham.Chapter28.Section05.TridiagonalToeplitz.ToeplitzCondition,SCC of source imports among project modules.
2819,1,false,NumStability.Source.Higham.Chapter28.Section05.TridiagonalToeplitz.ToeplitzGeneral,SCC of source imports among project modules.
2820,1,false,NumStability.Source.Higham.Chapter28.Section06,SCC of source imports among project modules.
2821,1,false,NumStability.Source.Higham.Chapter28.Section06.Companion.CharacteristicPolynomial,SCC of source imports among project modules.
2822,1,false,NumStability.Source.Higham.Chapter28.Section06.Companion.Companion,SCC of source imports among project modules.
2823,1,false,NumStability.Source.Higham.Chapter28.Section06.Companion.CompanionSpectral,SCC of source imports among project modules.
2824,1,false,NumStability.Source.Higham.Chapter28.Section06.Companion.Nonderogatory,SCC of source imports among project modules.
2825,1,false,NumStability.Source.Higham.Chapter28.Section06.Companion.Normality,SCC of source imports among project modules.
2826,1,false,NumStability.Source.Higham.Chapter28.Section06.Companion.SingularValues,SCC of source imports among project modules.
2827,1,false,NumStability.Source.Higham.CrossChapter,SCC of source imports among project modules.
2828,1,false,NumStability.Source.Higham.CrossChapter.LUSolverWeights,SCC of source imports among project modules.
2829,1,false,NumStability.Source.Higham.CrossChapter.LUSolverWeights.Doolittle,SCC of source imports among project modules.
2830,1,false,NumStability.Source.Higham.CrossChapter.LUSolverWeights.Factorization,SCC of source imports among project modules.
2831,1,false,NumStability.Source.Higham.CrossChapter.NoGuardDotProduct,SCC of source imports among project modules.
2832,1,false,NumStability.Source.Higham.CrossChapter.PracticalConditionBound,SCC of source imports among project modules.
2833,1,false,NumStability.Source.Higham.CrossChapter.SymmetricIndefiniteLU.ActualExecutorBridge,SCC of source imports among project modules.
2834,1,false,NumStability.Source.Higham.CrossChapter.SymmetricIndefiniteLU.BridgeClosure,SCC of source imports among project modules.
2835,1,false,NumStability.Upstream.Lindemann.AlgebraicPart,SCC of source imports among project modules.
2836,1,false,NumStability.Upstream.Lindemann.Basic,SCC of source imports among project modules.
2837,1,false,NumStability.Upstream.Lindemann.FinsuppQuotient,SCC of source imports among project modules.
2838,1,false,NumStability.Upstream.Lindemann.MonoidAlgebraCompat,SCC of source imports among project modules.
2839,1,false,NumStability.Upstream.Lindemann.SymmetricEval,SCC of source imports among project modules.
